INFO:     Will watch for changes in these directories: ['/Users/patrick/Documents/Uni/master_project/backend']
INFO:     Uvicorn running on http://127.0.0.1:8000 (Press CTRL+C to quit)
INFO:     Started reloader process [52038] using WatchFiles
[2m10:20:06[0m [[32m[1minfo     [0m] [1mStarted server process [52044]          [0m
[2m10:20:06[0m [[32m[1minfo     [0m] [1mWaiting for application startup.        [0m
[2m10:20:06[0m [[32m[1minfo     [0m] [1mDatabase already initialized (30 tables)[0m
[2m10:20:06[0m [[32m[1minfo     [0m] [1mSetting up OpenTelemetry for lumari-backend v0.1.0[0m
[2m10:20:06[0m [[32m[1minfo     [0m] [1mConsole span exporter enabled           [0m
[2m10:20:06[0m [[32m[1minfo     [0m] [1mFastAPI instrumentation complete        [0m
[2m10:20:06[0m [[32m[1minfo     [0m] [1mOpenTelemetry instrumentation initialized[0m
[2m10:20:06[0m [[32m[1minfo     [0m] [1mApplication startup complete.           [0m
[2m10:20:48[0m [[32m[1minfo     [0m] [1mUpdating user settings: auto_apply=True [0m [36mreq[0m=[35m1bdc093f[0m
[2m10:20:48[0m [[32m[1minfo     [0m] [1mUpdated settings for user default: auto_apply=True[0m [36mreq[0m=[35m1bdc093f[0m
[2m10:20:48[0m [[32m[1minfo     [0m] [1mrequest_finished                        [0m [36mduration[0m=[35m0.035[0m [36mmethod[0m=[35mPUT[0m [36mpath[0m=[35m/api/v1/challenges/settings/user[0m [36mreq[0m=[35m1bdc093f[0m [36mrequest_id[0m=[35m1bdc093f-5d1b-4f5a-80bf-d78e41b29327[0m [36mstatus[0m=[35m200[0m
[2m10:20:48[0m [[32m[1minfo     [0m] [1mDirect challenge analysis: execution_id=5e396056-39ea-4827-b31c-4a26171a9fb0[0m [36mreq[0m=[35m0cdcb3e8[0m
[2m10:20:48[0m [[32m[1minfo     [0m] [1mPre-execution analysis starting for execution 5e396056-39ea-4827-b31c-4a26171a9fb0[0m [36mreq[0m=[35m0cdcb3e8[0m
[2m10:20:48[0m [[32m[1minfo     [0m] [1mAnalyzing challenge for execution 5e396056-39ea-4827-b31c-4a26171a9fb0[0m [36mreq[0m=[35m0cdcb3e8[0m
[2m10:20:48[0m [[32m[1minfo     [0m] [1mLoading topology from database...       [0m [36mreq[0m=[35m0cdcb3e8[0m
[2m10:20:48[0m [[32m[1minfo     [0m] [1mMapped 8 skill entries to 8 capabilities[0m [36mreq[0m=[35m0cdcb3e8[0m
[2m10:20:48[0m [[32m[1minfo     [0m] [1mTopology validated: 11 agents in 5 waves[0m [36mreq[0m=[35m0cdcb3e8[0m
[2m10:20:48[0m [[32m[1minfo     [0m] [1mLoaded 8 skills for topology            [0m [36mreq[0m=[35m0cdcb3e8[0m
[2m10:20:48[0m [[32m[1minfo     [0m] [1mTopology loaded: 11 agents, 5 waves     [0m [36mreq[0m=[35m0cdcb3e8[0m
[2m10:20:48[0m [[32m[1minfo     [0m] [1mSkill 'skill_write_a_formal_daily_construction_report' provides applicability: 'This skill should be selected when you need to generate and save a formal, text-based daily construction progress report. It requires the site name and progress summary as input to produce a timestamped file in a specified directory.'[0m [36mreq[0m=[35m0cdcb3e8[0m
[2m10:20:48[0m [[32m[1minfo     [0m] [1mSkill 'skill_create_a_final_pdf_or_text_based_report_of_the_pouring_protocol' provides applicability: 'Select this skill when you need to generate a formal, documented record of a completed pouring protocol in either PDF or text format. It should be used once all protocol data—including the ID, operator, timestamp, and step list—has been finalized and validated.'[0m [36mreq[0m=[35m0cdcb3e8[0m
[2m10:20:48[0m [[32m[1minfo     [0m] [1mSkill 'skill_define_technical_migration_and_api_integration_roadmap' provides applicability: 'Select this skill when planning the transition from a legacy system to a new API architecture to generate a structured implementation roadmap and validation plan based on a chosen migration strategy (strangler fig, big bang, or dual-write).'[0m [36mreq[0m=[35m0cdcb3e8[0m
[2m10:20:48[0m [[32m[1minfo     [0m] [1mSkill 'skill_audio_transcription' provides applicability: 'audio transcription'[0m [36mreq[0m=[35m0cdcb3e8[0m
[2m10:20:48[0m [[32m[1minfo     [0m] [1mSkill 'skill_calculate_financial_impact_and_transaction_statistics' provides applicability: 'Select this skill when you need to derive aggregate financial metrics, such as total volume, averages, and category-specific impacts, from a structured list of transaction records. It is best utilized when transaction amounts require normalization from mixed string or numeric formats into a consistent float representation.'[0m [36mreq[0m=[35m0cdcb3e8[0m
[2m10:20:48[0m [[32m[1minfo     [0m] [1mSkill 'skill_calculate_budget_impact_of_proposed_cost_saving_measures' provides applicability: 'Select this skill when you need to determine the financial effect of multiple cost-saving initiatives on an existing budget. It should be used when you have a defined current budget and a list of specific proposed savings amounts to calculate the new budget total and the overall percentage reduction.'[0m [36mreq[0m=[35m0cdcb3e8[0m
[2m10:20:48[0m [[32m[1minfo     [0m] [1mSkill 'skill_generate_a_risk_matrix_visualization_or_summary_table' provides applicability: 'Select this skill when you need to visualize or summarize a list of risks by plotting their likelihood and impact scores on a 5x5 matrix. It should be used when your input data contains structured risk entries with defined numerical likelihood and impact values.'[0m [36mreq[0m=[35m0cdcb3e8[0m
[2m10:20:48[0m [[32m[1minfo     [0m] [1mSkill 'skill_evaluate_technical_risks_of_custom_abap_code_and_interface_dependencies' provides applicability: 'This skill should be selected when assessing the technical debt or stability risks of an SAP environment by identifying high-complexity custom ABAP objects and critical integration hubs. It is best applied during system audits or migration planning to prioritize objects requiring refactoring or rigorous testing based on their weighted risk scores and dependency density.'[0m [36mreq[0m=[35m0cdcb3e8[0m
[2m10:20:48[0m [[32m[1minfo     [0m] [1mExtracted 8 capabilities from 8 active skills[0m [36mreq[0m=[35m0cdcb3e8[0m
[2m10:20:48[0m [[32m[1minfo     [0m] [1mPrompt 'report_generator_prompt' provides affected_capability: 'structure inspection findings into a formal report format'[0m [36mreq[0m=[35m0cdcb3e8[0m
[2m10:20:48[0m [[32m[1minfo     [0m] [1mPrompt 'prompt_generate_professional_business_correspondence' provides affected_capability: 'generate professional business correspondence'[0m [36mreq[0m=[35m0cdcb3e8[0m
[2m10:20:48[0m [[32m[1minfo     [0m] [1mPrompt 'transcript_analyzer_prompt' provides affected_capability: 'analyze meeting transcript'[0m [36mreq[0m=[35m0cdcb3e8[0m
[2m10:20:48[0m [[32m[1minfo     [0m] [1mPrompt 'prompt_analyze_construction_site_personnel_data' provides affected_capability: 'analyze construction site personnel data'[0m [36mreq[0m=[35m0cdcb3e8[0m
[2m10:20:48[0m [[32m[1minfo     [0m] [1mPrompt 'prompt_generate_a_structured_change_order_document_for_the_client' provides affected_capability: 'generate a structured change order document for the client'[0m [36mreq[0m=[35m0cdcb3e8[0m
[2m10:20:48[0m [[32m[1minfo     [0m] [1mPrompt 'prompt_structure_cost_breakdown_for_project_management' provides affected_capability: 'structure cost breakdown for project management'[0m [36mreq[0m=[35m0cdcb3e8[0m
[2m10:20:48[0m [[32m[1minfo     [0m] [1mPrompt 'report_finalizer_prompt' provides affected_capability: 'generate a formal network disruption report document'[0m [36mreq[0m=[35m0cdcb3e8[0m
[2m10:20:48[0m [[32m[1minfo     [0m] [1mPrompt 'prompt_analyze_incident_and_change_logs' provides affected_capability: 'analyze incident and change logs'[0m [36mreq[0m=[35m0cdcb3e8[0m
[2m10:20:48[0m [[32m[1minfo     [0m] [1mExtracted 8 capabilities from 8 active prompts[0m [36mreq[0m=[35m0cdcb3e8[0m
[2m10:20:49[0m [[32m[1minfo     [0m] [1mLLM extracted 5 capabilities: 3 execution, 2 knowledge[0m [36mreq[0m=[35m0cdcb3e8[0m
[2m10:20:49[0m [[32m[1minfo     [0m] [1mExtracted 5 required capabilities       [0m [36mreq[0m=[35m0cdcb3e8[0m
[2m10:20:49[0m [[32m[1minfo     [0m] [1mLoading embedding model: BAAI/bge-base-en-v1.5[0m
[2m10:20:50[0m [[32m[1minfo     [0m] [1mEmbedding model loaded                  [0m
[2m10:20:52[0m [[32m[1minfo     [0m] [1mAssessment complete: CANNOT_DO (1 gaps, 1 suggestions)[0m [36mreq[0m=[35m0cdcb3e8[0m
[2m10:20:52[0m [[32m[1minfo     [0m] [1mASSESSMENT_LOG execution_id=5e396056-39ea-4827-b31c-4a26171a9fb0 confidence=CANNOT_DO gaps=1 route=developer_team duration_ms=3245[0m [36mreq[0m=[35m0cdcb3e8[0m
[2m10:20:52[0m [[32m[1minfo     [0m] [1mPre-execution analysis complete: CANNOT_DO -> route: developer_team[0m [36mreq[0m=[35m0cdcb3e8[0m
[2m10:20:52[0m [[32m[1minfo     [0m] [1mOrchestrator analysis complete: confidence=CANNOT_DO, route=developer_team[0m [36mreq[0m=[35m0cdcb3e8[0m
[2m10:20:52[0m [[32m[1minfo     [0m] [1m0 gaps already satisfied, 1 remaining   [0m [36mreq[0m=[35m0cdcb3e8[0m
[2m10:20:52[0m [[32m[1minfo     [0m] [1mGenerated build plan for challenge fd307678-4bd1-4e81-aa14-7efe60597e7e: 1 items, 1 critical[0m [36mreq[0m=[35m0cdcb3e8[0m
[2m10:20:52[0m [[32m[1minfo     [0m] [1mrequest_finished                        [0m [36mduration[0m=[35m3.53[0m [36mmethod[0m=[35mPOST[0m [36mpath[0m=[35m/api/v1/challenges/analyze[0m [36mreq[0m=[35m0cdcb3e8[0m [36mrequest_id[0m=[35m0cdcb3e8-8f08-4066-9dbe-7fdac71dd07d[0m [36mstatus[0m=[35m200[0m
[2m10:20:52[0m [[32m[1minfo     [0m] [1mStarting capability building: challenge_id=fd307678-4bd1-4e81-aa14-7efe60597e7e[0m [36mreq[0m=[35m0cdcb3e8[0m
[2m10:20:52[0m [[32m[1minfo     [0m] [1mLoading topology from database...       [0m [36mreq[0m=[35m0cdcb3e8[0m
[2m10:20:52[0m [[32m[1minfo     [0m] [1mMapped 8 skill entries to 8 capabilities[0m [36mreq[0m=[35m0cdcb3e8[0m
[2m10:20:52[0m [[32m[1minfo     [0m] [1mTopology validated: 11 agents in 5 waves[0m [36mreq[0m=[35m0cdcb3e8[0m
[2m10:20:52[0m [[32m[1minfo     [0m] [1mLoaded 8 skills for topology            [0m [36mreq[0m=[35m0cdcb3e8[0m
[2m10:20:52[0m [[32m[1minfo     [0m] [1mTopology loaded: 11 agents, 5 waves     [0m [36mreq[0m=[35m0cdcb3e8[0m
[2m10:20:52[0m [[32m[1minfo     [0m] [1mRuntimeAgentRegistry initialized with max_concurrent=5[0m [36mreq[0m=[35m0cdcb3e8[0m
[2m10:20:52[0m [[32m[1minfo     [0m] [1mProcessing blocked challenge: id=fd307678..., attempt=1/5[0m [36mreq[0m=[35m0cdcb3e8[0m
[2m10:20:52[0m [[32m[1minfo     [0m] [1mCreated gap plan: id=048c018a..., challenge=fd307678..., gaps=1, cycle=1[0m [36mreq[0m=[35m0cdcb3e8[0m
[2m10:20:52[0m [[32m[1minfo     [0m] [1mCreated gap plan: 048c018a..., cycle=1, gaps=1[0m [36mreq[0m=[35m0cdcb3e8[0m
[2m10:20:52[0m [[32m[1minfo     [0m] [1mStarted gap plan: 048c018a...           [0m [36mreq[0m=[35m0cdcb3e8[0m
[2m10:20:52[0m [[32m[1minfo     [0m] [1mExecuting gap plan: 048c018a..., total_gaps=1, cycle=1[0m [36mreq[0m=[35m0cdcb3e8[0m
[2m10:20:52[0m [[32m[1minfo     [0m] [1mProcessing gap: 83237507... type=missing_skill, capability=connect to PostgreSQL database, severity=critical[0m [36mreq[0m=[35m0cdcb3e8[0m
[2m10:20:52[0m [[32m[1minfo     [0m] [1mStrategy proposed for connect to PostgreSQL database: direct (confidence=0.5)[0m [36mreq[0m=[35m0cdcb3e8[0m
[2m10:20:52[0m [[32m[1minfo     [0m] [1mBuilding capability: gap_type=missing_skill, severity=critical, attempt=1, approach=direct[0m [36mreq[0m=[35m0cdcb3e8[0m
[2m10:20:52[0m [[32m[1minfo     [0m] [1mUsing Skill Team for capability: connect to PostgreSQL database[0m [36mreq[0m=[35m0cdcb3e8[0m
[2m10:20:52[0m [[32m[1minfo     [0m] [1mStarting team-based skill development for: connect to PostgreSQL database[0m [36mreq[0m=[35m0cdcb3e8[0m
[2m10:20:52[0m [[32m[1minfo     [0m] [1mFound 10 previous failures to learn from[0m [36mreq[0m=[35m0cdcb3e8[0m
[2m10:20:52[0m [[32m[1minfo     [0m] [1mResearching capability: connect to PostgreSQL database[0m [36mreq[0m=[35m0cdcb3e8[0m
[2m10:20:52[0m [[32m[1minfo     [0m] [1mUsing cached research for: connect to PostgreSQL database[0m [36mreq[0m=[35m0cdcb3e8[0m
[2m10:20:52[0m [[32m[1minfo     [0m] [1mResearch complete: 0 packages found     [0m [36mreq[0m=[35m0cdcb3e8[0m
[2m10:20:54[0m [[32m[1minfo     [0m] [1mArchitecture complete: 2 test cases defined[0m [36mreq[0m=[35m0cdcb3e8[0m
[2m10:20:55[0m [[32m[1minfo     [0m] [1mDocker client connected successfully    [0m [36mreq[0m=[35m0cdcb3e8[0m
[2m10:20:55[0m [[32m[1minfo     [0m] [1mSession container created: f6fcd702c63c [0m [36mreq[0m=[35m0cdcb3e8[0m
[2m10:20:55[0m [[32m[1minfo     [0m] [1mInstalling system packages: libpq-dev   [0m [36mreq[0m=[35m0cdcb3e8[0m
[2m10:20:57[0m [[32m[1minfo     [0m] [1mGetting challenge status: id=fd307678-4bd1-4e81-aa14-7efe60597e7e[0m [36mreq[0m=[35mde2562c6[0m
[2m10:20:57[0m [[32m[1minfo     [0m] [1mrequest_finished                        [0m [36mduration[0m=[35m0.013[0m [36mmethod[0m=[35mGET[0m [36mpath[0m=[35m/api/v1/challenges/fd307678-4bd1-4e81-aa14-7efe60597e7e[0m [36mreq[0m=[35mde2562c6[0m [36mrequest_id[0m=[35mde2562c6-2b19-415b-9fb0-bc75608a46a8[0m [36mstatus[0m=[35m200[0m
[2m10:21:01[0m [[32m[1minfo     [0m] [1mSystem packages installed successfully: libpq-dev[0m [36mreq[0m=[35m0cdcb3e8[0m
[2m10:21:01[0m [[32m[1minfo     [0m] [1mInstalling pip packages: "psycopg[binary]>=3.1.0"[0m [36mreq[0m=[35m0cdcb3e8[0m
[2m10:21:02[0m [[32m[1minfo     [0m] [1mGetting challenge status: id=fd307678-4bd1-4e81-aa14-7efe60597e7e[0m [36mreq[0m=[35mb098db65[0m
[2m10:21:02[0m [[32m[1minfo     [0m] [1mrequest_finished                        [0m [36mduration[0m=[35m0.015[0m [36mmethod[0m=[35mGET[0m [36mpath[0m=[35m/api/v1/challenges/fd307678-4bd1-4e81-aa14-7efe60597e7e[0m [36mreq[0m=[35mb098db65[0m [36mrequest_id[0m=[35mb098db65-2851-4a19-a9f0-416218dd981a[0m [36mstatus[0m=[35m200[0m
[2m10:21:03[0m [[32m[1minfo     [0m] [1mPip packages installed successfully     [0m [36mreq[0m=[35m0cdcb3e8[0m
[2m10:21:03[0m [[32m[1minfo     [0m] [1mImplementation iteration 1/10           [0m [36mreq[0m=[35m0cdcb3e8[0m
[2m10:21:05[0m [[33m[1mwarning  [0m] [1mCode execution failed (exit=1): Testing with input: {'query': 'SELECT 1;'}
Result: {'success': False, 'error': 'Database connection string not provided and DATABASE_URL environment variable is missing.'}
TEST FAILED: Database connection string not provided and DATABASE_URL environment variable is missing.
[0m [36mreq[0m=[35m0cdcb3e8[0m
[2m10:21:05[0m [[32m[1minfo     [0m] [1mRecorded build attempt: capability=connect to PostgreSQL database, success=False, error_type=ErrorType.RUNTIME_ERROR[0m [36mreq[0m=[35m0cdcb3e8[0m
[2m10:21:07[0m [[32m[1minfo     [0m] [1mDebug [LOGIC_ERROR]: produced fixed code (1782 chars)[0m [36mreq[0m=[35m0cdcb3e8[0m
[2m10:21:07[0m [[32m[1minfo     [0m] [1mImplementation iteration 2/10           [0m [36mreq[0m=[35m0cdcb3e8[0m
[2m10:21:07[0m [[32m[1minfo     [0m] [1mGetting challenge status: id=fd307678-4bd1-4e81-aa14-7efe60597e7e[0m [36mreq[0m=[35m1e356fe6[0m
[2m10:21:07[0m [[32m[1minfo     [0m] [1mrequest_finished                        [0m [36mduration[0m=[35m0.005[0m [36mmethod[0m=[35mGET[0m [36mpath[0m=[35m/api/v1/challenges/fd307678-4bd1-4e81-aa14-7efe60597e7e[0m [36mreq[0m=[35m1e356fe6[0m [36mrequest_id[0m=[35m1e356fe6-d35b-4b80-85ba-e8f21db0acdd[0m [36mstatus[0m=[35m200[0m
[2m10:21:09[0m [[33m[1mwarning  [0m] [1mCode execution failed (exit=1): Testing with input: {'query': 'SELECT 1;'}
Result: {'success': False, 'error': 'Database connection string not provided and DATABASE_URL environment variable is missing.'}
TEST FAILED: Database connection string not provided and DATABASE_URL environment variable is missing.
[0m [36mreq[0m=[35m0cdcb3e8[0m
[2m10:21:09[0m [[32m[1minfo     [0m] [1mRecorded build attempt: capability=connect to PostgreSQL database, success=False, error_type=ErrorType.RUNTIME_ERROR[0m [36mreq[0m=[35m0cdcb3e8[0m
[2m10:21:10[0m [[32m[1minfo     [0m] [1mDebug [LOGIC_ERROR]: produced fixed code (1741 chars)[0m [36mreq[0m=[35m0cdcb3e8[0m
[2m10:21:10[0m [[32m[1minfo     [0m] [1mImplementation iteration 3/10           [0m [36mreq[0m=[35m0cdcb3e8[0m
[2m10:21:12[0m [[32m[1minfo     [0m] [1mGetting challenge status: id=fd307678-4bd1-4e81-aa14-7efe60597e7e[0m [36mreq[0m=[35me2776a12[0m
[2m10:21:12[0m [[32m[1minfo     [0m] [1mrequest_finished                        [0m [36mduration[0m=[35m0.009[0m [36mmethod[0m=[35mGET[0m [36mpath[0m=[35m/api/v1/challenges/fd307678-4bd1-4e81-aa14-7efe60597e7e[0m [36mreq[0m=[35me2776a12[0m [36mrequest_id[0m=[35me2776a12-7d06-48a7-bcd4-973d9ae8565d[0m [36mstatus[0m=[35m200[0m
[2m10:21:12[0m [[33m[1mwarning  [0m] [1mCode execution failed (exit=1): Testing with input: {'query': 'SELECT 1;'}
Result: {'success': False, 'error': 'Database connection string (db_path) or DATABASE_URL environment variable must be provided.'}
TEST FAILED: Database connection string (db_path) or DATABASE_URL environment variable must be provided.
[0m [36mreq[0m=[35m0cdcb3e8[0m
[2m10:21:12[0m [[32m[1minfo     [0m] [1mRecorded build attempt: capability=connect to PostgreSQL database, success=False, error_type=ErrorType.RUNTIME_ERROR[0m [36mreq[0m=[35m0cdcb3e8[0m
[2m10:21:14[0m [[32m[1minfo     [0m] [1mDebug [LOGIC_ERROR]: produced fixed code (1582 chars)[0m [36mreq[0m=[35m0cdcb3e8[0m
[2m10:21:14[0m [[32m[1minfo     [0m] [1mImplementation iteration 4/10           [0m [36mreq[0m=[35m0cdcb3e8[0m
[2m10:21:15[0m [[33m[1mwarning  [0m] [1mCode execution failed (exit=1): Testing with input: {'query': 'SELECT 1;'}
Result: {'success': False, 'error': 'Database connection string (db_path) or DATABASE_URL environment variable must be provided.'}
TEST FAILED: Database connection string (db_path) or DATABASE_URL environment variable must be provided.
[0m [36mreq[0m=[35m0cdcb3e8[0m
[2m10:21:15[0m [[32m[1minfo     [0m] [1mRecorded build attempt: capability=connect to PostgreSQL database, success=False, error_type=ErrorType.RUNTIME_ERROR[0m [36mreq[0m=[35m0cdcb3e8[0m
[2m10:21:17[0m [[32m[1minfo     [0m] [1mDebug [LOGIC_ERROR]: produced fixed code (1546 chars)[0m [36mreq[0m=[35m0cdcb3e8[0m
[2m10:21:17[0m [[32m[1minfo     [0m] [1mImplementation iteration 5/10           [0m [36mreq[0m=[35m0cdcb3e8[0m
[2m10:21:17[0m [[32m[1minfo     [0m] [1mGetting challenge status: id=fd307678-4bd1-4e81-aa14-7efe60597e7e[0m [36mreq[0m=[35me3d9038c[0m
[2m10:21:17[0m [[32m[1minfo     [0m] [1mrequest_finished                        [0m [36mduration[0m=[35m0.006[0m [36mmethod[0m=[35mGET[0m [36mpath[0m=[35m/api/v1/challenges/fd307678-4bd1-4e81-aa14-7efe60597e7e[0m [36mreq[0m=[35me3d9038c[0m [36mrequest_id[0m=[35me3d9038c-2986-406b-a4c4-1458befea8d1[0m [36mstatus[0m=[35m200[0m
[2m10:21:18[0m [[33m[1mwarning  [0m] [1mCode execution failed (exit=1): Testing with input: {'query': 'SELECT 1;'}
Result: {'success': False, 'error': 'Database connection string (db_path) or DATABASE_URL environment variable must be provided.'}
TEST FAILED: Database connection string (db_path) or DATABASE_URL environment variable must be provided.
[0m [36mreq[0m=[35m0cdcb3e8[0m
[2m10:21:18[0m [[32m[1minfo     [0m] [1mRecorded build attempt: capability=connect to PostgreSQL database, success=False, error_type=ErrorType.RUNTIME_ERROR[0m [36mreq[0m=[35m0cdcb3e8[0m
[2m10:21:20[0m [[32m[1minfo     [0m] [1mDebug [LOGIC_ERROR]: produced fixed code (1606 chars)[0m [36mreq[0m=[35m0cdcb3e8[0m
[2m10:21:20[0m [[32m[1minfo     [0m] [1mImplementation iteration 6/10           [0m [36mreq[0m=[35m0cdcb3e8[0m
[2m10:21:22[0m [[33m[1mwarning  [0m] [1mCode execution failed (exit=1): Testing with input: {'query': 'SELECT 1;'}
Result: {'success': False, 'error': 'Database connection string (db_path) or DATABASE_URL environment variable must be provided.'}
TEST FAILED: Database connection string (db_path) or DATABASE_URL environment variable must be provided.
[0m [36mreq[0m=[35m0cdcb3e8[0m
[2m10:21:22[0m [[32m[1minfo     [0m] [1mRecorded build attempt: capability=connect to PostgreSQL database, success=False, error_type=ErrorType.RUNTIME_ERROR[0m [36mreq[0m=[35m0cdcb3e8[0m
[2m10:21:22[0m [[32m[1minfo     [0m] [1mGetting challenge status: id=fd307678-4bd1-4e81-aa14-7efe60597e7e[0m [36mreq[0m=[35m8033fea0[0m
[2m10:21:22[0m [[32m[1minfo     [0m] [1mrequest_finished                        [0m [36mduration[0m=[35m0.009[0m [36mmethod[0m=[35mGET[0m [36mpath[0m=[35m/api/v1/challenges/fd307678-4bd1-4e81-aa14-7efe60597e7e[0m [36mreq[0m=[35m8033fea0[0m [36mrequest_id[0m=[35m8033fea0-ab16-42c4-a52a-ecbc893efa8d[0m [36mstatus[0m=[35m200[0m
[2m10:21:23[0m [[32m[1minfo     [0m] [1mDebug [LOGIC_ERROR]: produced fixed code (1737 chars)[0m [36mreq[0m=[35m0cdcb3e8[0m
[2m10:21:23[0m [[32m[1minfo     [0m] [1mImplementation iteration 7/10           [0m [36mreq[0m=[35m0cdcb3e8[0m
[2m10:21:25[0m [[33m[1mwarning  [0m] [1mCode execution failed (exit=1): Testing with input: {'query': 'SELECT 1;'}
Result: {'success': False, 'error': 'Database connection string (db_path) or DATABASE_URL environment variable must be provided.'}
TEST FAILED: Database connection string (db_path) or DATABASE_URL environment variable must be provided.
[0m [36mreq[0m=[35m0cdcb3e8[0m
[2m10:21:25[0m [[32m[1minfo     [0m] [1mRecorded build attempt: capability=connect to PostgreSQL database, success=False, error_type=ErrorType.RUNTIME_ERROR[0m [36mreq[0m=[35m0cdcb3e8[0m
[2m10:21:27[0m [[32m[1minfo     [0m] [1mDebug [LOGIC_ERROR]: produced fixed code (1632 chars)[0m [36mreq[0m=[35m0cdcb3e8[0m
[2m10:21:27[0m [[32m[1minfo     [0m] [1mImplementation iteration 8/10           [0m [36mreq[0m=[35m0cdcb3e8[0m
[2m10:21:27[0m [[32m[1minfo     [0m] [1mGetting challenge status: id=fd307678-4bd1-4e81-aa14-7efe60597e7e[0m [36mreq[0m=[35mbfe2831b[0m
[2m10:21:27[0m [[32m[1minfo     [0m] [1mrequest_finished                        [0m [36mduration[0m=[35m0.005[0m [36mmethod[0m=[35mGET[0m [36mpath[0m=[35m/api/v1/challenges/fd307678-4bd1-4e81-aa14-7efe60597e7e[0m [36mreq[0m=[35mbfe2831b[0m [36mrequest_id[0m=[35mbfe2831b-47b5-48ec-ba8f-8645e1db0958[0m [36mstatus[0m=[35m200[0m
[2m10:21:29[0m [[33m[1mwarning  [0m] [1mCode execution failed (exit=1): Testing with input: {'query': 'SELECT 1;'}
Result: {'success': False, 'error': 'Database connection string (db_path) or DATABASE_URL environment variable must be provided.'}
TEST FAILED: Database connection string (db_path) or DATABASE_URL environment variable must be provided.
[0m [36mreq[0m=[35m0cdcb3e8[0m
[2m10:21:29[0m [[32m[1minfo     [0m] [1mRecorded build attempt: capability=connect to PostgreSQL database, success=False, error_type=ErrorType.RUNTIME_ERROR[0m [36mreq[0m=[35m0cdcb3e8[0m
[2m10:21:30[0m [[32m[1minfo     [0m] [1mDebug [LOGIC_ERROR]: produced fixed code (1741 chars)[0m [36mreq[0m=[35m0cdcb3e8[0m
[2m10:21:30[0m [[32m[1minfo     [0m] [1mImplementation iteration 9/10           [0m [36mreq[0m=[35m0cdcb3e8[0m
[2m10:21:32[0m [[32m[1minfo     [0m] [1mGetting challenge status: id=fd307678-4bd1-4e81-aa14-7efe60597e7e[0m [36mreq[0m=[35m83341353[0m
[2m10:21:32[0m [[32m[1minfo     [0m] [1mrequest_finished                        [0m [36mduration[0m=[35m0.004[0m [36mmethod[0m=[35mGET[0m [36mpath[0m=[35m/api/v1/challenges/fd307678-4bd1-4e81-aa14-7efe60597e7e[0m [36mreq[0m=[35m83341353[0m [36mrequest_id[0m=[35m83341353-0f81-4ee3-90d2-39db65d66df1[0m [36mstatus[0m=[35m200[0m
[2m10:21:32[0m [[33m[1mwarning  [0m] [1mCode execution failed (exit=1): Testing with input: {'query': 'SELECT 1;'}
Result: {'success': False, 'error': 'Database connection string (db_path) or DATABASE_URL environment variable must be provided.'}
TEST FAILED: Database connection string (db_path) or DATABASE_URL environment variable must be provided.
[0m [36mreq[0m=[35m0cdcb3e8[0m
[2m10:21:32[0m [[32m[1minfo     [0m] [1mRecorded build attempt: capability=connect to PostgreSQL database, success=False, error_type=ErrorType.RUNTIME_ERROR[0m [36mreq[0m=[35m0cdcb3e8[0m
[2m10:21:34[0m [[32m[1minfo     [0m] [1mDebug [LOGIC_ERROR]: produced fixed code (1750 chars)[0m [36mreq[0m=[35m0cdcb3e8[0m
[2m10:21:34[0m [[32m[1minfo     [0m] [1mImplementation iteration 10/10          [0m [36mreq[0m=[35m0cdcb3e8[0m
[2m10:21:36[0m [[33m[1mwarning  [0m] [1mCode execution failed (exit=1): Testing with input: {'query': 'SELECT 1;'}
Result: {'success': False, 'error': 'Database connection string (db_path) or DATABASE_URL environment variable must be provided.'}
TEST FAILED: Database connection string (db_path) or DATABASE_URL environment variable must be provided.
[0m [36mreq[0m=[35m0cdcb3e8[0m
[2m10:21:36[0m [[32m[1minfo     [0m] [1mRecorded build attempt: capability=connect to PostgreSQL database, success=False, error_type=ErrorType.RUNTIME_ERROR[0m [36mreq[0m=[35m0cdcb3e8[0m
[2m10:21:37[0m [[32m[1minfo     [0m] [1mGetting challenge status: id=fd307678-4bd1-4e81-aa14-7efe60597e7e[0m [36mreq[0m=[35m5d1cb7e9[0m
[2m10:21:37[0m [[32m[1minfo     [0m] [1mrequest_finished                        [0m [36mduration[0m=[35m0.007[0m [36mmethod[0m=[35mGET[0m [36mpath[0m=[35m/api/v1/challenges/fd307678-4bd1-4e81-aa14-7efe60597e7e[0m [36mreq[0m=[35m5d1cb7e9[0m [36mrequest_id[0m=[35m5d1cb7e9-30e4-4e9e-b497-30a2ddcacb24[0m [36mstatus[0m=[35m200[0m
[2m10:21:38[0m [[32m[1minfo     [0m] [1mDebug [LOGIC_ERROR]: produced fixed code (2051 chars)[0m [36mreq[0m=[35m0cdcb3e8[0m
[2m10:21:42[0m [[32m[1minfo     [0m] [1mGetting challenge status: id=fd307678-4bd1-4e81-aa14-7efe60597e7e[0m [36mreq[0m=[35me6328268[0m
[2m10:21:42[0m [[32m[1minfo     [0m] [1mrequest_finished                        [0m [36mduration[0m=[35m0.005[0m [36mmethod[0m=[35mGET[0m [36mpath[0m=[35m/api/v1/challenges/fd307678-4bd1-4e81-aa14-7efe60597e7e[0m [36mreq[0m=[35me6328268[0m [36mrequest_id[0m=[35me6328268-83f3-47a5-a5a8-543a71cabb1e[0m [36mstatus[0m=[35m200[0m
[2m10:21:43[0m [[33m[1mwarning  [0m] [1mSkill Team failed: phase=TeamRole.IMPLEMENTER, reason=Implementation failed after max iterations[0m [36mreq[0m=[35m0cdcb3e8[0m
[2m10:21:43[0m [[32m[1minfo     [0m] [1mRecorded build attempt: capability=connect to PostgreSQL database, success=False, error_type=ErrorType.RUNTIME_ERROR[0m [36mreq[0m=[35m0cdcb3e8[0m
[2m10:21:43[0m [[33m[1mwarning  [0m] [1mGap build failed: 83237507... - Implementation failed after max iterations[0m [36mreq[0m=[35m0cdcb3e8[0m
[2m10:21:43[0m [[32m[1minfo     [0m] [1mAll gaps processed for plan 048c018a... [0m [36mreq[0m=[35m0cdcb3e8[0m
[2m10:21:43[0m [[32m[1minfo     [0m] [1mCompleted gap plan: 048c018a..., status=partial, completed=0, failed=1[0m [36mreq[0m=[35m0cdcb3e8[0m
[2m10:21:43[0m [[32m[1minfo     [0m] [1mGap plan execution finished: 048c018a..., completed=0, failed=1, artifacts=0[0m [36mreq[0m=[35m0cdcb3e8[0m
[2m10:21:43[0m [[32m[1minfo     [0m] [1mVerifying gap closure after cycle 1, built 0 capabilities[0m [36mreq[0m=[35m0cdcb3e8[0m
[2m10:21:43[0m [[32m[1minfo     [0m] [1mGap OPEN: 'connect to PostgreSQL database'[0m [36mreq[0m=[35m0cdcb3e8[0m
[2m10:21:43[0m [[32m[1minfo     [0m] [1mPlan verification complete: 048c018a..., closed=0/1, all_closed=False[0m [36mreq[0m=[35m0cdcb3e8[0m
[2m10:21:43[0m [[32m[1minfo     [0m] [1mVerification result: closed=0/1, all_closed=False[0m [36mreq[0m=[35m0cdcb3e8[0m
[2m10:21:43[0m [[32m[1minfo     [0m] [1mCreated gap plan: id=fa272d75..., challenge=fd307678..., gaps=1, cycle=2[0m [36mreq[0m=[35m0cdcb3e8[0m
[2m10:21:43[0m [[32m[1minfo     [0m] [1mCreated new cycle 2 with 1 REMAINING gaps (not new ones!) for challenge fd307678...[0m [36mreq[0m=[35m0cdcb3e8[0m
[2m10:21:43[0m [[33m[1mwarning  [0m] [1mCapability building failed: fd307678-4bd1-4e81-aa14-7efe60597e7e, decision=new_cycle[0m [36mreq[0m=[35m0cdcb3e8[0m
[2m10:21:47[0m [[32m[1minfo     [0m] [1mGetting challenge status: id=fd307678-4bd1-4e81-aa14-7efe60597e7e[0m [36mreq[0m=[35m2ff8e397[0m
[2m10:21:47[0m [[32m[1minfo     [0m] [1mrequest_finished                        [0m [36mduration[0m=[35m0.004[0m [36mmethod[0m=[35mGET[0m [36mpath[0m=[35m/api/v1/challenges/fd307678-4bd1-4e81-aa14-7efe60597e7e[0m [36mreq[0m=[35m2ff8e397[0m [36mrequest_id[0m=[35m2ff8e397-6841-45a2-9030-5f197cd9e38a[0m [36mstatus[0m=[35m200[0m
[2m10:21:47[0m [[32m[1minfo     [0m] [1mDirect challenge analysis: execution_id=0a59a8aa-b509-4a19-a673-ae48f16235d3[0m [36mreq[0m=[35m9a88d9b8[0m
[2m10:21:47[0m [[32m[1minfo     [0m] [1mPre-execution analysis starting for execution 0a59a8aa-b509-4a19-a673-ae48f16235d3[0m [36mreq[0m=[35m9a88d9b8[0m
[2m10:21:47[0m [[32m[1minfo     [0m] [1mAnalyzing challenge for execution 0a59a8aa-b509-4a19-a673-ae48f16235d3[0m [36mreq[0m=[35m9a88d9b8[0m
[2m10:21:47[0m [[32m[1minfo     [0m] [1mLoading topology from database...       [0m [36mreq[0m=[35m9a88d9b8[0m
[2m10:21:47[0m [[32m[1minfo     [0m] [1mMapped 8 skill entries to 8 capabilities[0m [36mreq[0m=[35m9a88d9b8[0m
[2m10:21:47[0m [[32m[1minfo     [0m] [1mTopology validated: 11 agents in 5 waves[0m [36mreq[0m=[35m9a88d9b8[0m
[2m10:21:47[0m [[32m[1minfo     [0m] [1mLoaded 8 skills for topology            [0m [36mreq[0m=[35m9a88d9b8[0m
[2m10:21:47[0m [[32m[1minfo     [0m] [1mTopology loaded: 11 agents, 5 waves     [0m [36mreq[0m=[35m9a88d9b8[0m
[2m10:21:47[0m [[32m[1minfo     [0m] [1mSkill 'skill_write_a_formal_daily_construction_report' provides applicability: 'This skill should be selected when you need to generate and save a formal, text-based daily construction progress report. It requires the site name and progress summary as input to produce a timestamped file in a specified directory.'[0m [36mreq[0m=[35m9a88d9b8[0m
[2m10:21:47[0m [[32m[1minfo     [0m] [1mSkill 'skill_create_a_final_pdf_or_text_based_report_of_the_pouring_protocol' provides applicability: 'Select this skill when you need to generate a formal, documented record of a completed pouring protocol in either PDF or text format. It should be used once all protocol data—including the ID, operator, timestamp, and step list—has been finalized and validated.'[0m [36mreq[0m=[35m9a88d9b8[0m
[2m10:21:47[0m [[32m[1minfo     [0m] [1mSkill 'skill_define_technical_migration_and_api_integration_roadmap' provides applicability: 'Select this skill when planning the transition from a legacy system to a new API architecture to generate a structured implementation roadmap and validation plan based on a chosen migration strategy (strangler fig, big bang, or dual-write).'[0m [36mreq[0m=[35m9a88d9b8[0m
[2m10:21:47[0m [[32m[1minfo     [0m] [1mSkill 'skill_audio_transcription' provides applicability: 'audio transcription'[0m [36mreq[0m=[35m9a88d9b8[0m
[2m10:21:47[0m [[32m[1minfo     [0m] [1mSkill 'skill_calculate_financial_impact_and_transaction_statistics' provides applicability: 'Select this skill when you need to derive aggregate financial metrics, such as total volume, averages, and category-specific impacts, from a structured list of transaction records. It is best utilized when transaction amounts require normalization from mixed string or numeric formats into a consistent float representation.'[0m [36mreq[0m=[35m9a88d9b8[0m
[2m10:21:47[0m [[32m[1minfo     [0m] [1mSkill 'skill_calculate_budget_impact_of_proposed_cost_saving_measures' provides applicability: 'Select this skill when you need to determine the financial effect of multiple cost-saving initiatives on an existing budget. It should be used when you have a defined current budget and a list of specific proposed savings amounts to calculate the new budget total and the overall percentage reduction.'[0m [36mreq[0m=[35m9a88d9b8[0m
[2m10:21:47[0m [[32m[1minfo     [0m] [1mSkill 'skill_generate_a_risk_matrix_visualization_or_summary_table' provides applicability: 'Select this skill when you need to visualize or summarize a list of risks by plotting their likelihood and impact scores on a 5x5 matrix. It should be used when your input data contains structured risk entries with defined numerical likelihood and impact values.'[0m [36mreq[0m=[35m9a88d9b8[0m
[2m10:21:47[0m [[32m[1minfo     [0m] [1mSkill 'skill_evaluate_technical_risks_of_custom_abap_code_and_interface_dependencies' provides applicability: 'This skill should be selected when assessing the technical debt or stability risks of an SAP environment by identifying high-complexity custom ABAP objects and critical integration hubs. It is best applied during system audits or migration planning to prioritize objects requiring refactoring or rigorous testing based on their weighted risk scores and dependency density.'[0m [36mreq[0m=[35m9a88d9b8[0m
[2m10:21:47[0m [[32m[1minfo     [0m] [1mExtracted 8 capabilities from 8 active skills[0m [36mreq[0m=[35m9a88d9b8[0m
[2m10:21:47[0m [[32m[1minfo     [0m] [1mPrompt 'report_generator_prompt' provides affected_capability: 'structure inspection findings into a formal report format'[0m [36mreq[0m=[35m9a88d9b8[0m
[2m10:21:47[0m [[32m[1minfo     [0m] [1mPrompt 'prompt_generate_professional_business_correspondence' provides affected_capability: 'generate professional business correspondence'[0m [36mreq[0m=[35m9a88d9b8[0m
[2m10:21:47[0m [[32m[1minfo     [0m] [1mPrompt 'transcript_analyzer_prompt' provides affected_capability: 'analyze meeting transcript'[0m [36mreq[0m=[35m9a88d9b8[0m
[2m10:21:47[0m [[32m[1minfo     [0m] [1mPrompt 'prompt_analyze_construction_site_personnel_data' provides affected_capability: 'analyze construction site personnel data'[0m [36mreq[0m=[35m9a88d9b8[0m
[2m10:21:47[0m [[32m[1minfo     [0m] [1mPrompt 'prompt_generate_a_structured_change_order_document_for_the_client' provides affected_capability: 'generate a structured change order document for the client'[0m [36mreq[0m=[35m9a88d9b8[0m
[2m10:21:47[0m [[32m[1minfo     [0m] [1mPrompt 'prompt_structure_cost_breakdown_for_project_management' provides affected_capability: 'structure cost breakdown for project management'[0m [36mreq[0m=[35m9a88d9b8[0m
[2m10:21:47[0m [[32m[1minfo     [0m] [1mPrompt 'report_finalizer_prompt' provides affected_capability: 'generate a formal network disruption report document'[0m [36mreq[0m=[35m9a88d9b8[0m
[2m10:21:47[0m [[32m[1minfo     [0m] [1mPrompt 'prompt_analyze_incident_and_change_logs' provides affected_capability: 'analyze incident and change logs'[0m [36mreq[0m=[35m9a88d9b8[0m
[2m10:21:47[0m [[32m[1minfo     [0m] [1mExtracted 8 capabilities from 8 active prompts[0m [36mreq[0m=[35m9a88d9b8[0m
[2m10:21:48[0m [[32m[1minfo     [0m] [1mLLM extracted 6 capabilities: 3 execution, 3 knowledge[0m [36mreq[0m=[35m9a88d9b8[0m
[2m10:21:48[0m [[32m[1minfo     [0m] [1mExtracted 6 required capabilities       [0m [36mreq[0m=[35m9a88d9b8[0m
[2m10:21:51[0m [[32m[1minfo     [0m] [1mAssessment complete: MAYBE (4 gaps, 4 suggestions)[0m [36mreq[0m=[35m9a88d9b8[0m
[2m10:21:51[0m [[32m[1minfo     [0m] [1mASSESSMENT_LOG execution_id=0a59a8aa-b509-4a19-a673-ae48f16235d3 confidence=MAYBE gaps=4 route=developer_team duration_ms=4165[0m [36mreq[0m=[35m9a88d9b8[0m
[2m10:21:51[0m [[32m[1minfo     [0m] [1mPre-execution analysis complete: MAYBE -> route: developer_team[0m [36mreq[0m=[35m9a88d9b8[0m
[2m10:21:51[0m [[32m[1minfo     [0m] [1mOrchestrator analysis complete: confidence=MAYBE, route=developer_team[0m [36mreq[0m=[35m9a88d9b8[0m
[2m10:21:51[0m [[32m[1minfo     [0m] [1m0 gaps already satisfied, 4 remaining   [0m [36mreq[0m=[35m9a88d9b8[0m
[2m10:21:51[0m [[32m[1minfo     [0m] [1mGenerated build plan for challenge 7a9159cf-1889-4bc2-a033-0fe2d8b8ef21: 4 items, 1 critical[0m [36mreq[0m=[35m9a88d9b8[0m
[2m10:21:51[0m [[32m[1minfo     [0m] [1mrequest_finished                        [0m [36mduration[0m=[35m4.34[0m [36mmethod[0m=[35mPOST[0m [36mpath[0m=[35m/api/v1/challenges/analyze[0m [36mreq[0m=[35m9a88d9b8[0m [36mrequest_id[0m=[35m9a88d9b8-a412-460c-b508-8acbd107e8e2[0m [36mstatus[0m=[35m200[0m
[2m10:21:51[0m [[32m[1minfo     [0m] [1mStarting capability building: challenge_id=7a9159cf-1889-4bc2-a033-0fe2d8b8ef21[0m [36mreq[0m=[35m9a88d9b8[0m
[2m10:21:51[0m [[32m[1minfo     [0m] [1mLoading topology from database...       [0m [36mreq[0m=[35m9a88d9b8[0m
[2m10:21:51[0m [[32m[1minfo     [0m] [1mMapped 8 skill entries to 8 capabilities[0m [36mreq[0m=[35m9a88d9b8[0m
[2m10:21:51[0m [[32m[1minfo     [0m] [1mTopology validated: 11 agents in 5 waves[0m [36mreq[0m=[35m9a88d9b8[0m
[2m10:21:51[0m [[32m[1minfo     [0m] [1mLoaded 8 skills for topology            [0m [36mreq[0m=[35m9a88d9b8[0m
[2m10:21:51[0m [[32m[1minfo     [0m] [1mTopology loaded: 11 agents, 5 waves     [0m [36mreq[0m=[35m9a88d9b8[0m
[2m10:21:51[0m [[32m[1minfo     [0m] [1mRuntimeAgentRegistry initialized with max_concurrent=5[0m [36mreq[0m=[35m9a88d9b8[0m
[2m10:21:51[0m [[32m[1minfo     [0m] [1mProcessing blocked challenge: id=7a9159cf..., attempt=1/5[0m [36mreq[0m=[35m9a88d9b8[0m
[2m10:21:51[0m [[32m[1minfo     [0m] [1mCreated gap plan: id=a31bab95..., challenge=7a9159cf..., gaps=4, cycle=1[0m [36mreq[0m=[35m9a88d9b8[0m
[2m10:21:51[0m [[32m[1minfo     [0m] [1mCreated gap plan: a31bab95..., cycle=1, gaps=4[0m [36mreq[0m=[35m9a88d9b8[0m
[2m10:21:51[0m [[32m[1minfo     [0m] [1mStarted gap plan: a31bab95...           [0m [36mreq[0m=[35m9a88d9b8[0m
[2m10:21:51[0m [[32m[1minfo     [0m] [1mExecuting gap plan: a31bab95..., total_gaps=4, cycle=1[0m [36mreq[0m=[35m9a88d9b8[0m
[2m10:21:51[0m [[32m[1minfo     [0m] [1mProcessing gap: b499b89c... type=missing_skill, capability=parse and import 50 CSV files into the database, severity=critical[0m [36mreq[0m=[35m9a88d9b8[0m
[2m10:21:51[0m [[32m[1minfo     [0m] [1mStrategy proposed for parse and import 50 CSV files into the database: direct (confidence=0.5)[0m [36mreq[0m=[35m9a88d9b8[0m
[2m10:21:51[0m [[32m[1minfo     [0m] [1mBuilding capability: gap_type=missing_skill, severity=critical, attempt=1, approach=direct[0m [36mreq[0m=[35m9a88d9b8[0m
[2m10:21:51[0m [[32m[1minfo     [0m] [1mUsing Skill Team for capability: parse and import 50 CSV files into the database[0m [36mreq[0m=[35m9a88d9b8[0m
[2m10:21:51[0m [[32m[1minfo     [0m] [1mStarting team-based skill development for: parse and import 50 CSV files into the database[0m [36mreq[0m=[35m9a88d9b8[0m
[2m10:21:51[0m [[32m[1minfo     [0m] [1mFound 10 previous failures to learn from[0m [36mreq[0m=[35m9a88d9b8[0m
[2m10:21:51[0m [[32m[1minfo     [0m] [1mResearching capability: parse and import 50 CSV files into the database[0m [36mreq[0m=[35m9a88d9b8[0m
[2m10:21:51[0m [[32m[1minfo     [0m] [1mUsing cached research for: parse and import 50 CSV files into the database[0m [36mreq[0m=[35m9a88d9b8[0m
[2m10:21:51[0m [[32m[1minfo     [0m] [1mResearch complete: 0 packages found     [0m [36mreq[0m=[35m9a88d9b8[0m
[2m10:21:54[0m [[32m[1minfo     [0m] [1mArchitecture complete: 2 test cases defined[0m [36mreq[0m=[35m9a88d9b8[0m
[2m10:21:54[0m [[32m[1minfo     [0m] [1mDocker client connected successfully    [0m [36mreq[0m=[35m9a88d9b8[0m
[2m10:21:55[0m [[32m[1minfo     [0m] [1mSession container created: c7da1a228e3c [0m [36mreq[0m=[35m9a88d9b8[0m
[2m10:21:55[0m [[32m[1minfo     [0m] [1mInstalling pip packages: "pandas>=2.0.0" "sqlalchemy>=2.0.0"[0m [36mreq[0m=[35m9a88d9b8[0m
[2m10:21:56[0m [[32m[1minfo     [0m] [1mGetting challenge status: id=7a9159cf-1889-4bc2-a033-0fe2d8b8ef21[0m [36mreq[0m=[35m258a984b[0m
[2m10:21:56[0m [[32m[1minfo     [0m] [1mrequest_finished                        [0m [36mduration[0m=[35m0.021[0m [36mmethod[0m=[35mGET[0m [36mpath[0m=[35m/api/v1/challenges/7a9159cf-1889-4bc2-a033-0fe2d8b8ef21[0m [36mreq[0m=[35m258a984b[0m [36mrequest_id[0m=[35m258a984b-d51c-4e76-80e5-c5c4df4d3c82[0m [36mstatus[0m=[35m200[0m
[2m10:22:01[0m [[32m[1minfo     [0m] [1mGetting challenge status: id=7a9159cf-1889-4bc2-a033-0fe2d8b8ef21[0m [36mreq[0m=[35m8f1bb466[0m
[2m10:22:01[0m [[32m[1minfo     [0m] [1mrequest_finished                        [0m [36mduration[0m=[35m0.009[0m [36mmethod[0m=[35mGET[0m [36mpath[0m=[35m/api/v1/challenges/7a9159cf-1889-4bc2-a033-0fe2d8b8ef21[0m [36mreq[0m=[35m8f1bb466[0m [36mrequest_id[0m=[35m8f1bb466-6b7a-4c87-9bd7-cad8113bad66[0m [36mstatus[0m=[35m200[0m
[2m10:22:04[0m [[32m[1minfo     [0m] [1mPip packages installed successfully     [0m [36mreq[0m=[35m9a88d9b8[0m
[2m10:22:04[0m [[32m[1minfo     [0m] [1mImplementation iteration 1/10           [0m [36mreq[0m=[35m9a88d9b8[0m
[2m10:22:06[0m [[33m[1mwarning  [0m] [1mCode execution failed (exit=1): Testing with input: {'folder_path': '/tmp/test_csvs', 'db_url': 'sqlite:///:memory:'}
Result: {'success': False, 'error': 'The path provided is not a valid directory: /tmp/test_csvs'}
TEST FAILED: The path provided is not a valid directory: /tmp/test_csvs
[0m [36mreq[0m=[35m9a88d9b8[0m
[2m10:22:06[0m [[32m[1minfo     [0m] [1mRecorded build attempt: capability=parse and import 50 CSV files into the database, success=False, error_type=ErrorType.RUNTIME_ERROR[0m [36mreq[0m=[35m9a88d9b8[0m
[2m10:22:06[0m [[32m[1minfo     [0m] [1mGetting challenge status: id=7a9159cf-1889-4bc2-a033-0fe2d8b8ef21[0m [36mreq[0m=[35mb61eab64[0m
[2m10:22:06[0m [[32m[1minfo     [0m] [1mrequest_finished                        [0m [36mduration[0m=[35m0.006[0m [36mmethod[0m=[35mGET[0m [36mpath[0m=[35m/api/v1/challenges/7a9159cf-1889-4bc2-a033-0fe2d8b8ef21[0m [36mreq[0m=[35mb61eab64[0m [36mrequest_id[0m=[35mb61eab64-675b-41df-a270-b2b588ed0b8d[0m [36mstatus[0m=[35m200[0m
[2m10:22:08[0m [[32m[1minfo     [0m] [1mDebug [LOGIC_ERROR]: produced fixed code (2176 chars)[0m [36mreq[0m=[35m9a88d9b8[0m
[2m10:22:08[0m [[32m[1minfo     [0m] [1mImplementation iteration 2/10           [0m [36mreq[0m=[35m9a88d9b8[0m
[2m10:22:11[0m [[33m[1mwarning  [0m] [1mCode execution failed (exit=1): Testing with input: {'folder_path': '/tmp/test_csvs', 'db_url': 'sqlite:///:memory:'}
Result: {'success': False, 'error': 'The path provided is not a valid directory: /tmp/test_csvs'}
TEST FAILED: The path provided is not a valid directory: /tmp/test_csvs
[0m [36mreq[0m=[35m9a88d9b8[0m
[2m10:22:11[0m [[32m[1minfo     [0m] [1mRecorded build attempt: capability=parse and import 50 CSV files into the database, success=False, error_type=ErrorType.RUNTIME_ERROR[0m [36mreq[0m=[35m9a88d9b8[0m
[2m10:22:11[0m [[32m[1minfo     [0m] [1mGetting challenge status: id=7a9159cf-1889-4bc2-a033-0fe2d8b8ef21[0m [36mreq[0m=[35m06bc594d[0m
[2m10:22:11[0m [[32m[1minfo     [0m] [1mrequest_finished                        [0m [36mduration[0m=[35m0.007[0m [36mmethod[0m=[35mGET[0m [36mpath[0m=[35m/api/v1/challenges/7a9159cf-1889-4bc2-a033-0fe2d8b8ef21[0m [36mreq[0m=[35m06bc594d[0m [36mrequest_id[0m=[35m06bc594d-01ad-4a94-b13d-db658e090529[0m [36mstatus[0m=[35m200[0m
[2m10:22:13[0m [[32m[1minfo     [0m] [1mDebug [LOGIC_ERROR]: produced fixed code (1983 chars)[0m [36mreq[0m=[35m9a88d9b8[0m
[2m10:22:13[0m [[32m[1minfo     [0m] [1mImplementation iteration 3/10           [0m [36mreq[0m=[35m9a88d9b8[0m
[2m10:22:15[0m [[33m[1mwarning  [0m] [1mCode execution failed (exit=1): Testing with input: {'folder_path': '/tmp/test_csvs', 'db_url': 'sqlite:///:memory:'}
Result: {'success': False, 'error': 'The path provided is not a valid directory: /tmp/test_csvs'}
TEST FAILED: The path provided is not a valid directory: /tmp/test_csvs
[0m [36mreq[0m=[35m9a88d9b8[0m
[2m10:22:15[0m [[32m[1minfo     [0m] [1mRecorded build attempt: capability=parse and import 50 CSV files into the database, success=False, error_type=ErrorType.RUNTIME_ERROR[0m [36mreq[0m=[35m9a88d9b8[0m
[2m10:22:16[0m [[32m[1minfo     [0m] [1mGetting challenge status: id=7a9159cf-1889-4bc2-a033-0fe2d8b8ef21[0m [36mreq[0m=[35m0a628849[0m
[2m10:22:16[0m [[32m[1minfo     [0m] [1mrequest_finished                        [0m [36mduration[0m=[35m0.004[0m [36mmethod[0m=[35mGET[0m [36mpath[0m=[35m/api/v1/challenges/7a9159cf-1889-4bc2-a033-0fe2d8b8ef21[0m [36mreq[0m=[35m0a628849[0m [36mrequest_id[0m=[35m0a628849-505c-4662-86a6-1f47f8b603c4[0m [36mstatus[0m=[35m200[0m
[2m10:22:17[0m [[32m[1minfo     [0m] [1mDebug [LOGIC_ERROR]: produced fixed code (2048 chars)[0m [36mreq[0m=[35m9a88d9b8[0m
[2m10:22:17[0m [[32m[1minfo     [0m] [1mImplementation iteration 4/10           [0m [36mreq[0m=[35m9a88d9b8[0m
[2m10:22:19[0m [[33m[1mwarning  [0m] [1mCode execution failed (exit=1): Testing with input: {'folder_path': '/tmp/test_csvs', 'db_url': 'sqlite:///:memory:'}
Result: {'success': False, 'error': 'The path provided is not a valid directory: /tmp/test_csvs'}
TEST FAILED: The path provided is not a valid directory: /tmp/test_csvs
[0m [36mreq[0m=[35m9a88d9b8[0m
[2m10:22:19[0m [[32m[1minfo     [0m] [1mRecorded build attempt: capability=parse and import 50 CSV files into the database, success=False, error_type=ErrorType.RUNTIME_ERROR[0m [36mreq[0m=[35m9a88d9b8[0m
[2m10:22:21[0m [[32m[1minfo     [0m] [1mGetting challenge status: id=7a9159cf-1889-4bc2-a033-0fe2d8b8ef21[0m [36mreq[0m=[35m22ccc699[0m
[2m10:22:21[0m [[32m[1minfo     [0m] [1mrequest_finished                        [0m [36mduration[0m=[35m0.007[0m [36mmethod[0m=[35mGET[0m [36mpath[0m=[35m/api/v1/challenges/7a9159cf-1889-4bc2-a033-0fe2d8b8ef21[0m [36mreq[0m=[35m22ccc699[0m [36mrequest_id[0m=[35m22ccc699-288f-415a-9e08-34039edc355d[0m [36mstatus[0m=[35m200[0m
[2m10:22:21[0m [[32m[1minfo     [0m] [1mDebug [LOGIC_ERROR]: produced fixed code (1992 chars)[0m [36mreq[0m=[35m9a88d9b8[0m
[2m10:22:21[0m [[32m[1minfo     [0m] [1mImplementation iteration 5/10           [0m [36mreq[0m=[35m9a88d9b8[0m
[2m10:22:24[0m [[33m[1mwarning  [0m] [1mCode execution failed (exit=1): Testing with input: {'folder_path': '/tmp/test_csvs', 'db_url': 'sqlite:///:memory:'}
Result: {'success': False, 'error': 'The path provided is not a valid directory: /tmp/test_csvs'}
TEST FAILED: The path provided is not a valid directory: /tmp/test_csvs
[0m [36mreq[0m=[35m9a88d9b8[0m
[2m10:22:24[0m [[32m[1minfo     [0m] [1mRecorded build attempt: capability=parse and import 50 CSV files into the database, success=False, error_type=ErrorType.RUNTIME_ERROR[0m [36mreq[0m=[35m9a88d9b8[0m
[2m10:22:26[0m [[32m[1minfo     [0m] [1mDebug [LOGIC_ERROR]: produced fixed code (2196 chars)[0m [36mreq[0m=[35m9a88d9b8[0m
[2m10:22:26[0m [[32m[1minfo     [0m] [1mImplementation iteration 6/10           [0m [36mreq[0m=[35m9a88d9b8[0m
[2m10:22:26[0m [[32m[1minfo     [0m] [1mGetting challenge status: id=7a9159cf-1889-4bc2-a033-0fe2d8b8ef21[0m [36mreq[0m=[35m238b6ec7[0m
[2m10:22:26[0m [[32m[1minfo     [0m] [1mrequest_finished                        [0m [36mduration[0m=[35m0.004[0m [36mmethod[0m=[35mGET[0m [36mpath[0m=[35m/api/v1/challenges/7a9159cf-1889-4bc2-a033-0fe2d8b8ef21[0m [36mreq[0m=[35m238b6ec7[0m [36mrequest_id[0m=[35m238b6ec7-c176-48d7-bac5-c2a9a53b4555[0m [36mstatus[0m=[35m200[0m
[2m10:22:28[0m [[33m[1mwarning  [0m] [1mCode execution failed (exit=1): Testing with input: {'folder_path': '/tmp/test_csvs', 'db_url': 'sqlite:///:memory:'}
Result: {'success': False, 'error': 'The path provided is not a valid directory: /tmp/test_csvs'}
TEST FAILED: The path provided is not a valid directory: /tmp/test_csvs
[0m [36mreq[0m=[35m9a88d9b8[0m
[2m10:22:29[0m [[32m[1minfo     [0m] [1mRecorded build attempt: capability=parse and import 50 CSV files into the database, success=False, error_type=ErrorType.RUNTIME_ERROR[0m [36mreq[0m=[35m9a88d9b8[0m
[2m10:22:30[0m [[32m[1minfo     [0m] [1mDebug [LOGIC_ERROR]: produced fixed code (2002 chars)[0m [36mreq[0m=[35m9a88d9b8[0m
[2m10:22:30[0m [[32m[1minfo     [0m] [1mImplementation iteration 7/10           [0m [36mreq[0m=[35m9a88d9b8[0m
[2m10:22:31[0m [[32m[1minfo     [0m] [1mGetting challenge status: id=7a9159cf-1889-4bc2-a033-0fe2d8b8ef21[0m [36mreq[0m=[35mb8fcb1fc[0m
[2m10:22:31[0m [[32m[1minfo     [0m] [1mrequest_finished                        [0m [36mduration[0m=[35m0.004[0m [36mmethod[0m=[35mGET[0m [36mpath[0m=[35m/api/v1/challenges/7a9159cf-1889-4bc2-a033-0fe2d8b8ef21[0m [36mreq[0m=[35mb8fcb1fc[0m [36mrequest_id[0m=[35mb8fcb1fc-3439-44d8-b339-36738dc5bf39[0m [36mstatus[0m=[35m200[0m
[2m10:22:33[0m [[33m[1mwarning  [0m] [1mCode execution failed (exit=1): Testing with input: {'folder_path': '/tmp/test_csvs', 'db_url': 'sqlite:///:memory:'}
Result: {'success': False, 'error': 'The path provided is not a valid directory: /tmp/test_csvs'}
TEST FAILED: The path provided is not a valid directory: /tmp/test_csvs
[0m [36mreq[0m=[35m9a88d9b8[0m
[2m10:22:33[0m [[32m[1minfo     [0m] [1mRecorded build attempt: capability=parse and import 50 CSV files into the database, success=False, error_type=ErrorType.RUNTIME_ERROR[0m [36mreq[0m=[35m9a88d9b8[0m
[2m10:22:34[0m [[32m[1minfo     [0m] [1mDebug [LOGIC_ERROR]: produced fixed code (2052 chars)[0m [36mreq[0m=[35m9a88d9b8[0m
[2m10:22:34[0m [[32m[1minfo     [0m] [1mImplementation iteration 8/10           [0m [36mreq[0m=[35m9a88d9b8[0m
[2m10:22:36[0m [[32m[1minfo     [0m] [1mGetting challenge status: id=7a9159cf-1889-4bc2-a033-0fe2d8b8ef21[0m [36mreq[0m=[35mc2d06102[0m
[2m10:22:36[0m [[32m[1minfo     [0m] [1mrequest_finished                        [0m [36mduration[0m=[35m0.014[0m [36mmethod[0m=[35mGET[0m [36mpath[0m=[35m/api/v1/challenges/7a9159cf-1889-4bc2-a033-0fe2d8b8ef21[0m [36mreq[0m=[35mc2d06102[0m [36mrequest_id[0m=[35mc2d06102-6034-460c-b534-2d130000487a[0m [36mstatus[0m=[35m200[0m
[2m10:22:37[0m [[33m[1mwarning  [0m] [1mCode execution failed (exit=1): Testing with input: {'folder_path': '/tmp/test_csvs', 'db_url': 'sqlite:///:memory:'}
Result: {'success': False, 'error': 'The path provided is not a valid directory: /tmp/test_csvs'}
TEST FAILED: The path provided is not a valid directory: /tmp/test_csvs
[0m [36mreq[0m=[35m9a88d9b8[0m
[2m10:22:37[0m [[32m[1minfo     [0m] [1mRecorded build attempt: capability=parse and import 50 CSV files into the database, success=False, error_type=ErrorType.RUNTIME_ERROR[0m [36mreq[0m=[35m9a88d9b8[0m
[2m10:22:38[0m [[32m[1minfo     [0m] [1mDebug [LOGIC_ERROR]: produced fixed code (1959 chars)[0m [36mreq[0m=[35m9a88d9b8[0m
[2m10:22:38[0m [[32m[1minfo     [0m] [1mImplementation iteration 9/10           [0m [36mreq[0m=[35m9a88d9b8[0m
[2m10:22:41[0m [[33m[1mwarning  [0m] [1mCode execution failed (exit=1): Testing with input: {'folder_path': '/tmp/test_csvs', 'db_url': 'sqlite:///:memory:'}
Result: {'success': False, 'error': 'The path provided is not a valid directory: /tmp/test_csvs'}
TEST FAILED: The path provided is not a valid directory: /tmp/test_csvs
[0m [36mreq[0m=[35m9a88d9b8[0m
[2m10:22:41[0m [[32m[1minfo     [0m] [1mRecorded build attempt: capability=parse and import 50 CSV files into the database, success=False, error_type=ErrorType.RUNTIME_ERROR[0m [36mreq[0m=[35m9a88d9b8[0m
[2m10:22:41[0m [[32m[1minfo     [0m] [1mGetting challenge status: id=7a9159cf-1889-4bc2-a033-0fe2d8b8ef21[0m [36mreq[0m=[35mdb798f15[0m
[2m10:22:41[0m [[32m[1minfo     [0m] [1mrequest_finished                        [0m [36mduration[0m=[35m0.006[0m [36mmethod[0m=[35mGET[0m [36mpath[0m=[35m/api/v1/challenges/7a9159cf-1889-4bc2-a033-0fe2d8b8ef21[0m [36mreq[0m=[35mdb798f15[0m [36mrequest_id[0m=[35mdb798f15-2f9d-41f0-9ec6-b0132fd42da1[0m [36mstatus[0m=[35m200[0m
[2m10:22:43[0m [[32m[1minfo     [0m] [1mDebug [LOGIC_ERROR]: produced fixed code (1928 chars)[0m [36mreq[0m=[35m9a88d9b8[0m
[2m10:22:43[0m [[32m[1minfo     [0m] [1mImplementation iteration 10/10          [0m [36mreq[0m=[35m9a88d9b8[0m
[2m10:22:46[0m [[32m[1minfo     [0m] [1mGetting challenge status: id=7a9159cf-1889-4bc2-a033-0fe2d8b8ef21[0m [36mreq[0m=[35mbe88d45b[0m
[2m10:22:46[0m [[32m[1minfo     [0m] [1mrequest_finished                        [0m [36mduration[0m=[35m0.006[0m [36mmethod[0m=[35mGET[0m [36mpath[0m=[35m/api/v1/challenges/7a9159cf-1889-4bc2-a033-0fe2d8b8ef21[0m [36mreq[0m=[35mbe88d45b[0m [36mrequest_id[0m=[35mbe88d45b-9535-4bd7-b542-ab16915e8083[0m [36mstatus[0m=[35m200[0m
[2m10:22:50[0m [[33m[1mwarning  [0m] [1mCode execution failed (exit=1): Testing with input: {'folder_path': '/tmp/test_csvs', 'db_url': 'sqlite:///:memory:'}
Result: {'success': False, 'error': 'The path provided is not a valid directory: /tmp/test_csvs'}
TEST FAILED: The path provided is not a valid directory: /tmp/test_csvs
[0m [36mreq[0m=[35m9a88d9b8[0m
[2m10:22:50[0m [[32m[1minfo     [0m] [1mRecorded build attempt: capability=parse and import 50 CSV files into the database, success=False, error_type=ErrorType.RUNTIME_ERROR[0m [36mreq[0m=[35m9a88d9b8[0m
[2m10:22:51[0m [[32m[1minfo     [0m] [1mGetting challenge status: id=7a9159cf-1889-4bc2-a033-0fe2d8b8ef21[0m [36mreq[0m=[35mecc65cc9[0m
[2m10:22:51[0m [[32m[1minfo     [0m] [1mrequest_finished                        [0m [36mduration[0m=[35m0.015[0m [36mmethod[0m=[35mGET[0m [36mpath[0m=[35m/api/v1/challenges/7a9159cf-1889-4bc2-a033-0fe2d8b8ef21[0m [36mreq[0m=[35mecc65cc9[0m [36mrequest_id[0m=[35mecc65cc9-cf65-4f0a-8d53-d43704534c1c[0m [36mstatus[0m=[35m200[0m
[2m10:22:52[0m [[32m[1minfo     [0m] [1mDebug [LOGIC_ERROR]: produced fixed code (2004 chars)[0m [36mreq[0m=[35m9a88d9b8[0m
[2m10:22:57[0m [[32m[1minfo     [0m] [1mGetting challenge status: id=7a9159cf-1889-4bc2-a033-0fe2d8b8ef21[0m [36mreq[0m=[35m5dd6381e[0m
[2m10:22:57[0m [[32m[1minfo     [0m] [1mrequest_finished                        [0m [36mduration[0m=[35m0.006[0m [36mmethod[0m=[35mGET[0m [36mpath[0m=[35m/api/v1/challenges/7a9159cf-1889-4bc2-a033-0fe2d8b8ef21[0m [36mreq[0m=[35m5dd6381e[0m [36mrequest_id[0m=[35m5dd6381e-1268-4898-997f-dfc135ca14db[0m [36mstatus[0m=[35m200[0m
[2m10:22:57[0m [[33m[1mwarning  [0m] [1mSkill Team failed: phase=TeamRole.IMPLEMENTER, reason=Implementation failed after max iterations[0m [36mreq[0m=[35m9a88d9b8[0m
[2m10:22:57[0m [[32m[1minfo     [0m] [1mRecorded build attempt: capability=parse and import 50 CSV files into the database, success=False, error_type=ErrorType.RUNTIME_ERROR[0m [36mreq[0m=[35m9a88d9b8[0m
[2m10:22:57[0m [[33m[1mwarning  [0m] [1mGap build failed: b499b89c... - Implementation failed after max iterations[0m [36mreq[0m=[35m9a88d9b8[0m
[2m10:22:57[0m [[32m[1minfo     [0m] [1mProcessing gap: 5bb0961f... type=missing_planning_skill, capability=design and create a normalized relational database schema, severity=important[0m [36mreq[0m=[35m9a88d9b8[0m
[2m10:22:57[0m [[33m[1mwarning  [0m] [1mUnknown gap type 'missing_planning_skill', using generic builder[0m [36mreq[0m=[35m9a88d9b8[0m
[2m10:22:57[0m [[32m[1minfo     [0m] [1mBuilding capability: gap_type=missing_planning_skill, severity=important, attempt=1, approach=direct[0m [36mreq[0m=[35m9a88d9b8[0m
[2m10:22:57[0m [[32m[1minfo     [0m] [1mDecomposing task id=c764b080..., files=1[0m [36mreq[0m=[35m9a88d9b8[0m
[2m10:22:59[0m [[32m[1minfo     [0m] [1mDecomposed task into 2 subtasks, 2 waves[0m [36mreq[0m=[35m9a88d9b8[0m
[2m10:22:59[0m [[32m[1minfo     [0m] [1mExecuting wave 1/2, files=['prompts/generated/prompt_design_and_create_a_normalized_relational_database_schema.txt'][0m [36mreq[0m=[35m9a88d9b8[0m
[2m10:22:59[0m [[32m[1minfo     [0m] [1mRegistered agent id=821da686..., task=c764b080..., file=prompts/generated/prompt_design_and_create_a_normalized_relational_database_schema.txt[0m [36mreq[0m=[35m9a88d9b8[0m
[2m10:22:59[0m [[32m[1minfo     [0m] [1mUpdated agent id=821da686... status=running[0m [36mreq[0m=[35m9a88d9b8[0m
[2m10:22:59[0m [[32m[1minfo     [0m] [1mExecuting agent id=821da686..., file=prompts/generated/prompt_design_and_create_a_normalized_relational_database_schema.txt[0m [36mreq[0m=[35m9a88d9b8[0m
{
    "name": "developer_team.decompose_task",
    "context": {
        "trace_id": "0x1fff16fead329f7d50690393bedd3d28",
        "span_id": "0xc4bd1480f52f62bb",
        "trace_state": "[]"
    },
    "kind": "SpanKind.INTERNAL",
    "parent_id": "0x719cb4460d9e07a2",
    "start_time": "2026-05-06T10:22:57.745692Z",
    "end_time": "2026-05-06T10:22:59.821544Z",
    "status": {
        "status_code": "UNSET"
    },
    "attributes": {},
    "events": [],
    "links": [],
    "resource": {
        "attributes": {
            "telemetry.sdk.language": "python",
            "telemetry.sdk.name": "opentelemetry",
            "telemetry.sdk.version": "1.40.0",
            "service.name": "lumari-backend",
            "service.version": "0.1.0",
            "service.namespace": "lumari",
            "deployment.environment": "development",
            "telemetry.middleware.version": "1.0.0"
        },
        "schema_url": ""
    }
}
[2m10:23:02[0m [[32m[1minfo     [0m] [1mGetting challenge status: id=7a9159cf-1889-4bc2-a033-0fe2d8b8ef21[0m [36mreq[0m=[35me722c715[0m
[2m10:23:02[0m [[32m[1minfo     [0m] [1mrequest_finished                        [0m [36mduration[0m=[35m0.007[0m [36mmethod[0m=[35mGET[0m [36mpath[0m=[35m/api/v1/challenges/7a9159cf-1889-4bc2-a033-0fe2d8b8ef21[0m [36mreq[0m=[35me722c715[0m [36mrequest_id[0m=[35me722c715-6260-47c8-ae1d-0d23d8ab13f5[0m [36mstatus[0m=[35m200[0m
[2m10:23:02[0m [[32m[1minfo     [0m] [1mAgent completed id=821da686..., duration=2.50s[0m [36mreq[0m=[35m9a88d9b8[0m
[2m10:23:02[0m [[32m[1minfo     [0m] [1mUpdated agent id=821da686... status=completed[0m [36mreq[0m=[35m9a88d9b8[0m
[2m10:23:02[0m [[32m[1minfo     [0m] [1mExecuting wave 2/2, files=['scripts/schema_analyzer.py'][0m [36mreq[0m=[35m9a88d9b8[0m
[2m10:23:02[0m [[32m[1minfo     [0m] [1mRegistered agent id=fa95c353..., task=c764b080..., file=scripts/schema_analyzer.py[0m [36mreq[0m=[35m9a88d9b8[0m
[2m10:23:02[0m [[32m[1minfo     [0m] [1mUpdated agent id=fa95c353... status=running[0m [36mreq[0m=[35m9a88d9b8[0m
[2m10:23:02[0m [[32m[1minfo     [0m] [1mExecuting agent id=fa95c353..., file=scripts/schema_analyzer.py[0m [36mreq[0m=[35m9a88d9b8[0m
[2m10:23:04[0m [[32m[1minfo     [0m] [1mAgent completed id=fa95c353..., duration=2.50s[0m [36mreq[0m=[35m9a88d9b8[0m
[2m10:23:04[0m [[32m[1minfo     [0m] [1mUpdated agent id=fa95c353... status=completed[0m [36mreq[0m=[35m9a88d9b8[0m
[2m10:23:04[0m [[32m[1minfo     [0m] [1mUnregistered agent id=821da686...       [0m [36mreq[0m=[35m9a88d9b8[0m
[2m10:23:04[0m [[32m[1minfo     [0m] [1mUnregistered agent id=fa95c353...       [0m [36mreq[0m=[35m9a88d9b8[0m
[2m10:23:04[0m [[32m[1minfo     [0m] [1mCleaned up 2 agents for task c764b080...[0m [36mreq[0m=[35m9a88d9b8[0m
[2m10:23:04[0m [[32m[1minfo     [0m] [1mBuilt prompt: id=3e8f9969..., name=prompt_design_and_create_a_normalized_relational_database_schema[0m [36mreq[0m=[35m9a88d9b8[0m
[2m10:23:04[0m [[32m[1minfo     [0m] [1mInjecting capability: type=prompt, id=3e8f9969...[0m [36mreq[0m=[35m9a88d9b8[0m
[2m10:23:04[0m [[32m[1minfo     [0m] [1mLoading topology from database...       [0m [36mreq[0m=[35m9a88d9b8[0m
[2m10:23:04[0m [[32m[1minfo     [0m] [1mMapped 8 skill entries to 8 capabilities[0m [36mreq[0m=[35m9a88d9b8[0m
[2m10:23:04[0m [[32m[1minfo     [0m] [1mTopology validated: 11 agents in 5 waves[0m [36mreq[0m=[35m9a88d9b8[0m
[2m10:23:05[0m [[32m[1minfo     [0m] [1mLoaded 8 skills for topology            [0m [36mreq[0m=[35m9a88d9b8[0m
[2m10:23:05[0m [[32m[1minfo     [0m] [1mTopology loaded: 11 agents, 5 waves     [0m [36mreq[0m=[35m9a88d9b8[0m
[2m10:23:05[0m [[32m[1minfo     [0m] [1mCapability injected successfully: prompt/3e8f9969...[0m [36mreq[0m=[35m9a88d9b8[0m
[2m10:23:05[0m [[32m[1minfo     [0m] [1mRecorded build attempt: capability=design and create a normalized relational database schema, success=True, error_type=None[0m [36mreq[0m=[35m9a88d9b8[0m
[2m10:23:05[0m [[32m[1minfo     [0m] [1mGap completed: 5bb0961f... -> prompt/3e8f9969...[0m [36mreq[0m=[35m9a88d9b8[0m
[2m10:23:05[0m [[32m[1minfo     [0m] [1mProcessing gap: 12f0837e... type=missing_planning_skill, capability=identify data quality issues and inconsistencies, severity=important[0m [36mreq[0m=[35m9a88d9b8[0m
[2m10:23:05[0m [[33m[1mwarning  [0m] [1mUnknown gap type 'missing_planning_skill', using generic builder[0m [36mreq[0m=[35m9a88d9b8[0m
[2m10:23:05[0m [[32m[1minfo     [0m] [1mBuilding capability: gap_type=missing_planning_skill, severity=important, attempt=1, approach=direct[0m [36mreq[0m=[35m9a88d9b8[0m
[2m10:23:05[0m [[32m[1minfo     [0m] [1mDecomposing task id=66685090..., files=1[0m [36mreq[0m=[35m9a88d9b8[0m
{
    "name": "agent_spawner.spawn_and_execute",
    "context": {
        "trace_id": "0x1fff16fead329f7d50690393bedd3d28",
        "span_id": "0x5e79d8d7ab7d8660",
        "trace_state": "[]"
    },
    "kind": "SpanKind.INTERNAL",
    "parent_id": "0x34b798be7017596e",
    "start_time": "2026-05-06T10:22:59.822454Z",
    "end_time": "2026-05-06T10:23:02.322050Z",
    "status": {
        "status_code": "UNSET"
    },
    "attributes": {
        "agent.id": "821da686-4fda-4482-9df5-27ed0c817153",
        "agent.task_id": "c764b080-a5cc-4235-a0ae-9aaab5b1110e",
        "agent.file_path": "prompts/generated/prompt_design_and_create_a_normalized_relational_database_schema.txt",
        "agent.timeout_seconds": 300,
        "agent.registered": true,
        "agent.success": true,
        "agent.duration_seconds": 2.4991166591644287
    },
    "events": [],
    "links": [],
    "resource": {
        "attributes": {
            "telemetry.sdk.language": "python",
            "telemetry.sdk.name": "opentelemetry",
            "telemetry.sdk.version": "1.40.0",
            "service.name": "lumari-backend",
            "service.version": "0.1.0",
            "service.namespace": "lumari",
            "deployment.environment": "development",
            "telemetry.middleware.version": "1.0.0"
        },
        "schema_url": ""
    }
}
{
    "name": "developer_team.execute_wave",
    "context": {
        "trace_id": "0x1fff16fead329f7d50690393bedd3d28",
        "span_id": "0x34b798be7017596e",
        "trace_state": "[]"
    },
    "kind": "SpanKind.INTERNAL",
    "parent_id": "0x719cb4460d9e07a2",
    "start_time": "2026-05-06T10:22:59.821687Z",
    "end_time": "2026-05-06T10:23:02.322841Z",
    "status": {
        "status_code": "UNSET"
    },
    "attributes": {
        "wave.files": [
            "prompts/generated/prompt_design_and_create_a_normalized_relational_database_schema.txt"
        ]
    },
    "events": [],
    "links": [],
    "resource": {
        "attributes": {
            "telemetry.sdk.language": "python",
            "telemetry.sdk.name": "opentelemetry",
            "telemetry.sdk.version": "1.40.0",
            "service.name": "lumari-backend",
            "service.version": "0.1.0",
            "service.namespace": "lumari",
            "deployment.environment": "development",
            "telemetry.middleware.version": "1.0.0"
        },
        "schema_url": ""
    }
}
{
    "name": "agent_spawner.spawn_and_execute",
    "context": {
        "trace_id": "0x1fff16fead329f7d50690393bedd3d28",
        "span_id": "0x062512364c2ea6ae",
        "trace_state": "[]"
    },
    "kind": "SpanKind.INTERNAL",
    "parent_id": "0x9503828e7d0cda60",
    "start_time": "2026-05-06T10:23:02.323305Z",
    "end_time": "2026-05-06T10:23:04.828206Z",
    "status": {
        "status_code": "UNSET"
    },
    "attributes": {
        "agent.id": "fa95c353-4c26-400c-bb8f-27c77c96b1b4",
        "agent.task_id": "c764b080-a5cc-4235-a0ae-9aaab5b1110e",
        "agent.file_path": "scripts/schema_analyzer.py",
        "agent.timeout_seconds": 300,
        "agent.registered": true,
        "agent.success": true,
        "agent.duration_seconds": 2.504509210586548
    },
    "events": [],
    "links": [],
    "resource": {
        "attributes": {
            "telemetry.sdk.language": "python",
            "telemetry.sdk.name": "opentelemetry",
            "telemetry.sdk.version": "1.40.0",
            "service.name": "lumari-backend",
            "service.version": "0.1.0",
            "service.namespace": "lumari",
            "deployment.environment": "development",
            "telemetry.middleware.version": "1.0.0"
        },
        "schema_url": ""
    }
}
{
    "name": "developer_team.execute_wave",
    "context": {
        "trace_id": "0x1fff16fead329f7d50690393bedd3d28",
        "span_id": "0x9503828e7d0cda60",
        "trace_state": "[]"
    },
    "kind": "SpanKind.INTERNAL",
    "parent_id": "0x719cb4460d9e07a2",
    "start_time": "2026-05-06T10:23:02.322984Z",
    "end_time": "2026-05-06T10:23:04.828436Z",
    "status": {
        "status_code": "UNSET"
    },
    "attributes": {
        "wave.files": [
            "scripts/schema_analyzer.py"
        ]
    },
    "events": [],
    "links": [],
    "resource": {
        "attributes": {
            "telemetry.sdk.language": "python",
            "telemetry.sdk.name": "opentelemetry",
            "telemetry.sdk.version": "1.40.0",
            "service.name": "lumari-backend",
            "service.version": "0.1.0",
            "service.namespace": "lumari",
            "deployment.environment": "development",
            "telemetry.middleware.version": "1.0.0"
        },
        "schema_url": ""
    }
}
{
    "name": "developer_team.execute_complex_task",
    "context": {
        "trace_id": "0x1fff16fead329f7d50690393bedd3d28",
        "span_id": "0x719cb4460d9e07a2",
        "trace_state": "[]"
    },
    "kind": "SpanKind.INTERNAL",
    "parent_id": null,
    "start_time": "2026-05-06T10:22:57.745581Z",
    "end_time": "2026-05-06T10:23:04.828601Z",
    "status": {
        "status_code": "UNSET"
    },
    "attributes": {
        "task.id": "c764b080-a5cc-4235-a0ae-9aaab5b1110e",
        "task.files_count": 1,
        "task.subtasks_count": 2,
        "task.waves_count": 2,
        "task.files_completed": 2,
        "task.files_failed": 0,
        "task.success": true
    },
    "events": [],
    "links": [],
    "resource": {
        "attributes": {
            "telemetry.sdk.language": "python",
            "telemetry.sdk.name": "opentelemetry",
            "telemetry.sdk.version": "1.40.0",
            "service.name": "lumari-backend",
            "service.version": "0.1.0",
            "service.namespace": "lumari",
            "deployment.environment": "development",
            "telemetry.middleware.version": "1.0.0"
        },
        "schema_url": ""
    }
}
[2m10:23:07[0m [[32m[1minfo     [0m] [1mGetting challenge status: id=7a9159cf-1889-4bc2-a033-0fe2d8b8ef21[0m [36mreq[0m=[35m9a69ceda[0m
[2m10:23:07[0m [[32m[1minfo     [0m] [1mrequest_finished                        [0m [36mduration[0m=[35m0.006[0m [36mmethod[0m=[35mGET[0m [36mpath[0m=[35m/api/v1/challenges/7a9159cf-1889-4bc2-a033-0fe2d8b8ef21[0m [36mreq[0m=[35m9a69ceda[0m [36mrequest_id[0m=[35m9a69ceda-63b0-4a70-b2f5-607a7e182426[0m [36mstatus[0m=[35m200[0m
[2m10:23:08[0m [[32m[1minfo     [0m] [1mDecomposed task into 2 subtasks, 2 waves[0m [36mreq[0m=[35m9a88d9b8[0m
[2m10:23:08[0m [[32m[1minfo     [0m] [1mExecuting wave 1/2, files=['prompts/generated/prompt_identify_data_quality_issues_and_inconsistencies.txt'][0m [36mreq[0m=[35m9a88d9b8[0m
[2m10:23:08[0m [[32m[1minfo     [0m] [1mRegistered agent id=e405b922..., task=66685090..., file=prompts/generated/prompt_identify_data_quality_issues_and_inconsistencies.txt[0m [36mreq[0m=[35m9a88d9b8[0m
[2m10:23:08[0m [[32m[1minfo     [0m] [1mUpdated agent id=e405b922... status=running[0m [36mreq[0m=[35m9a88d9b8[0m
[2m10:23:08[0m [[32m[1minfo     [0m] [1mExecuting agent id=e405b922..., file=prompts/generated/prompt_identify_data_quality_issues_and_inconsistencies.txt[0m [36mreq[0m=[35m9a88d9b8[0m
[2m10:23:11[0m [[32m[1minfo     [0m] [1mAgent completed id=e405b922..., duration=2.46s[0m [36mreq[0m=[35m9a88d9b8[0m
[2m10:23:11[0m [[32m[1minfo     [0m] [1mUpdated agent id=e405b922... status=completed[0m [36mreq[0m=[35m9a88d9b8[0m
[2m10:23:11[0m [[32m[1minfo     [0m] [1mExecuting wave 2/2, files=['scripts/data_quality_analyzer.py'][0m [36mreq[0m=[35m9a88d9b8[0m
[2m10:23:11[0m [[32m[1minfo     [0m] [1mRegistered agent id=f93e9262..., task=66685090..., file=scripts/data_quality_analyzer.py[0m [36mreq[0m=[35m9a88d9b8[0m
[2m10:23:11[0m [[32m[1minfo     [0m] [1mUpdated agent id=f93e9262... status=running[0m [36mreq[0m=[35m9a88d9b8[0m
[2m10:23:11[0m [[32m[1minfo     [0m] [1mExecuting agent id=f93e9262..., file=scripts/data_quality_analyzer.py[0m [36mreq[0m=[35m9a88d9b8[0m
{
    "name": "developer_team.decompose_task",
    "context": {
        "trace_id": "0x9f7667b65cf45d4aee736561d8f70d63",
        "span_id": "0x95b58b7662dcbd3d",
        "trace_state": "[]"
    },
    "kind": "SpanKind.INTERNAL",
    "parent_id": "0x672e80dc1c5795fd",
    "start_time": "2026-05-06T10:23:05.043192Z",
    "end_time": "2026-05-06T10:23:08.721124Z",
    "status": {
        "status_code": "UNSET"
    },
    "attributes": {},
    "events": [],
    "links": [],
    "resource": {
        "attributes": {
            "telemetry.sdk.language": "python",
            "telemetry.sdk.name": "opentelemetry",
            "telemetry.sdk.version": "1.40.0",
            "service.name": "lumari-backend",
            "service.version": "0.1.0",
            "service.namespace": "lumari",
            "deployment.environment": "development",
            "telemetry.middleware.version": "1.0.0"
        },
        "schema_url": ""
    }
}
{
    "name": "agent_spawner.spawn_and_execute",
    "context": {
        "trace_id": "0x9f7667b65cf45d4aee736561d8f70d63",
        "span_id": "0x0566f6848cc50829",
        "trace_state": "[]"
    },
    "kind": "SpanKind.INTERNAL",
    "parent_id": "0xe5b457b9774e7006",
    "start_time": "2026-05-06T10:23:08.721494Z",
    "end_time": "2026-05-06T10:23:11.183027Z",
    "status": {
        "status_code": "UNSET"
    },
    "attributes": {
        "agent.id": "e405b922-8dca-4e20-b5e2-f17828e2f957",
        "agent.task_id": "66685090-6ac6-480c-ae35-b204f9bf4f88",
        "agent.file_path": "prompts/generated/prompt_identify_data_quality_issues_and_inconsistencies.txt",
        "agent.timeout_seconds": 300,
        "agent.registered": true,
        "agent.success": true,
        "agent.duration_seconds": 2.461176633834839
    },
    "events": [],
    "links": [],
    "resource": {
        "attributes": {
            "telemetry.sdk.language": "python",
            "telemetry.sdk.name": "opentelemetry",
            "telemetry.sdk.version": "1.40.0",
            "service.name": "lumari-backend",
            "service.version": "0.1.0",
            "service.namespace": "lumari",
            "deployment.environment": "development",
            "telemetry.middleware.version": "1.0.0"
        },
        "schema_url": ""
    }
}
{
    "name": "developer_team.execute_wave",
    "context": {
        "trace_id": "0x9f7667b65cf45d4aee736561d8f70d63",
        "span_id": "0xe5b457b9774e7006",
        "trace_state": "[]"
    },
    "kind": "SpanKind.INTERNAL",
    "parent_id": "0x672e80dc1c5795fd",
    "start_time": "2026-05-06T10:23:08.721231Z",
    "end_time": "2026-05-06T10:23:11.183524Z",
    "status": {
        "status_code": "UNSET"
    },
    "attributes": {
        "wave.files": [
            "prompts/generated/prompt_identify_data_quality_issues_and_inconsistencies.txt"
        ]
    },
    "events": [],
    "links": [],
    "resource": {
        "attributes": {
            "telemetry.sdk.language": "python",
            "telemetry.sdk.name": "opentelemetry",
            "telemetry.sdk.version": "1.40.0",
            "service.name": "lumari-backend",
            "service.version": "0.1.0",
            "service.namespace": "lumari",
            "deployment.environment": "development",
            "telemetry.middleware.version": "1.0.0"
        },
        "schema_url": ""
    }
}
[2m10:23:12[0m [[32m[1minfo     [0m] [1mGetting challenge status: id=7a9159cf-1889-4bc2-a033-0fe2d8b8ef21[0m [36mreq[0m=[35m20ecc10c[0m
[2m10:23:12[0m [[32m[1minfo     [0m] [1mrequest_finished                        [0m [36mduration[0m=[35m0.004[0m [36mmethod[0m=[35mGET[0m [36mpath[0m=[35m/api/v1/challenges/7a9159cf-1889-4bc2-a033-0fe2d8b8ef21[0m [36mreq[0m=[35m20ecc10c[0m [36mrequest_id[0m=[35m20ecc10c-1fd3-48fd-b8e4-b7a3766c7fb8[0m [36mstatus[0m=[35m200[0m
[2m10:23:14[0m [[32m[1minfo     [0m] [1mAgent completed id=f93e9262..., duration=3.17s[0m [36mreq[0m=[35m9a88d9b8[0m
[2m10:23:14[0m [[32m[1minfo     [0m] [1mUpdated agent id=f93e9262... status=completed[0m [36mreq[0m=[35m9a88d9b8[0m
[2m10:23:14[0m [[32m[1minfo     [0m] [1mUnregistered agent id=e405b922...       [0m [36mreq[0m=[35m9a88d9b8[0m
[2m10:23:14[0m [[32m[1minfo     [0m] [1mUnregistered agent id=f93e9262...       [0m [36mreq[0m=[35m9a88d9b8[0m
[2m10:23:14[0m [[32m[1minfo     [0m] [1mCleaned up 2 agents for task 66685090...[0m [36mreq[0m=[35m9a88d9b8[0m
[2m10:23:14[0m [[32m[1minfo     [0m] [1mBuilt prompt: id=5032bb7d..., name=prompt_identify_data_quality_issues_and_inconsistencies[0m [36mreq[0m=[35m9a88d9b8[0m
[2m10:23:14[0m [[32m[1minfo     [0m] [1mInjecting capability: type=prompt, id=5032bb7d...[0m [36mreq[0m=[35m9a88d9b8[0m
[2m10:23:14[0m [[32m[1minfo     [0m] [1mLoading topology from database...       [0m [36mreq[0m=[35m9a88d9b8[0m
[2m10:23:14[0m [[32m[1minfo     [0m] [1mMapped 8 skill entries to 8 capabilities[0m [36mreq[0m=[35m9a88d9b8[0m
[2m10:23:14[0m [[32m[1minfo     [0m] [1mTopology validated: 11 agents in 5 waves[0m [36mreq[0m=[35m9a88d9b8[0m
[2m10:23:14[0m [[32m[1minfo     [0m] [1mLoaded 8 skills for topology            [0m [36mreq[0m=[35m9a88d9b8[0m
[2m10:23:14[0m [[32m[1minfo     [0m] [1mTopology loaded: 11 agents, 5 waves     [0m [36mreq[0m=[35m9a88d9b8[0m
[2m10:23:14[0m [[32m[1minfo     [0m] [1mCapability injected successfully: prompt/5032bb7d...[0m [36mreq[0m=[35m9a88d9b8[0m
[2m10:23:14[0m [[32m[1minfo     [0m] [1mRecorded build attempt: capability=identify data quality issues and inconsistencies, success=True, error_type=None[0m [36mreq[0m=[35m9a88d9b8[0m
[2m10:23:14[0m [[32m[1minfo     [0m] [1mGap completed: 12f0837e... -> prompt/5032bb7d...[0m [36mreq[0m=[35m9a88d9b8[0m
[2m10:23:14[0m [[32m[1minfo     [0m] [1mProcessing gap: 3708a06d... type=missing_planning_skill, capability=formulate budget planning recommendations for Q4, severity=important[0m [36mreq[0m=[35m9a88d9b8[0m
[2m10:23:14[0m [[33m[1mwarning  [0m] [1mUnknown gap type 'missing_planning_skill', using generic builder[0m [36mreq[0m=[35m9a88d9b8[0m
[2m10:23:14[0m [[32m[1minfo     [0m] [1mBuilding capability: gap_type=missing_planning_skill, severity=important, attempt=1, approach=direct[0m [36mreq[0m=[35m9a88d9b8[0m
[2m10:23:14[0m [[32m[1minfo     [0m] [1mDecomposing task id=ba9cb5e4..., files=1[0m [36mreq[0m=[35m9a88d9b8[0m
{
    "name": "agent_spawner.spawn_and_execute",
    "context": {
        "trace_id": "0x9f7667b65cf45d4aee736561d8f70d63",
        "span_id": "0xd419219936a0cc2d",
        "trace_state": "[]"
    },
    "kind": "SpanKind.INTERNAL",
    "parent_id": "0xf27fce14111c3117",
    "start_time": "2026-05-06T10:23:11.184250Z",
    "end_time": "2026-05-06T10:23:14.352179Z",
    "status": {
        "status_code": "UNSET"
    },
    "attributes": {
        "agent.id": "f93e9262-726a-4039-9133-38f0989be51b",
        "agent.task_id": "66685090-6ac6-480c-ae35-b204f9bf4f88",
        "agent.file_path": "scripts/data_quality_analyzer.py",
        "agent.timeout_seconds": 300,
        "agent.registered": true,
        "agent.success": true,
        "agent.duration_seconds": 3.167340040206909
    },
    "events": [],
    "links": [],
    "resource": {
        "attributes": {
            "telemetry.sdk.language": "python",
            "telemetry.sdk.name": "opentelemetry",
            "telemetry.sdk.version": "1.40.0",
            "service.name": "lumari-backend",
            "service.version": "0.1.0",
            "service.namespace": "lumari",
            "deployment.environment": "development",
            "telemetry.middleware.version": "1.0.0"
        },
        "schema_url": ""
    }
}
{
    "name": "developer_team.execute_wave",
    "context": {
        "trace_id": "0x9f7667b65cf45d4aee736561d8f70d63",
        "span_id": "0xf27fce14111c3117",
        "trace_state": "[]"
    },
    "kind": "SpanKind.INTERNAL",
    "parent_id": "0x672e80dc1c5795fd",
    "start_time": "2026-05-06T10:23:11.183916Z",
    "end_time": "2026-05-06T10:23:14.352481Z",
    "status": {
        "status_code": "UNSET"
    },
    "attributes": {
        "wave.files": [
            "scripts/data_quality_analyzer.py"
        ]
    },
    "events": [],
    "links": [],
    "resource": {
        "attributes": {
            "telemetry.sdk.language": "python",
            "telemetry.sdk.name": "opentelemetry",
            "telemetry.sdk.version": "1.40.0",
            "service.name": "lumari-backend",
            "service.version": "0.1.0",
            "service.namespace": "lumari",
            "deployment.environment": "development",
            "telemetry.middleware.version": "1.0.0"
        },
        "schema_url": ""
    }
}
{
    "name": "developer_team.execute_complex_task",
    "context": {
        "trace_id": "0x9f7667b65cf45d4aee736561d8f70d63",
        "span_id": "0x672e80dc1c5795fd",
        "trace_state": "[]"
    },
    "kind": "SpanKind.INTERNAL",
    "parent_id": null,
    "start_time": "2026-05-06T10:23:05.043108Z",
    "end_time": "2026-05-06T10:23:14.352615Z",
    "status": {
        "status_code": "UNSET"
    },
    "attributes": {
        "task.id": "66685090-6ac6-480c-ae35-b204f9bf4f88",
        "task.files_count": 1,
        "task.subtasks_count": 2,
        "task.waves_count": 2,
        "task.files_completed": 2,
        "task.files_failed": 0,
        "task.success": true
    },
    "events": [],
    "links": [],
    "resource": {
        "attributes": {
            "telemetry.sdk.language": "python",
            "telemetry.sdk.name": "opentelemetry",
            "telemetry.sdk.version": "1.40.0",
            "service.name": "lumari-backend",
            "service.version": "0.1.0",
            "service.namespace": "lumari",
            "deployment.environment": "development",
            "telemetry.middleware.version": "1.0.0"
        },
        "schema_url": ""
    }
}
[2m10:23:17[0m [[32m[1minfo     [0m] [1mGetting challenge status: id=7a9159cf-1889-4bc2-a033-0fe2d8b8ef21[0m [36mreq[0m=[35m0f765f4e[0m
[2m10:23:17[0m [[32m[1minfo     [0m] [1mrequest_finished                        [0m [36mduration[0m=[35m0.007[0m [36mmethod[0m=[35mGET[0m [36mpath[0m=[35m/api/v1/challenges/7a9159cf-1889-4bc2-a033-0fe2d8b8ef21[0m [36mreq[0m=[35m0f765f4e[0m [36mrequest_id[0m=[35m0f765f4e-645e-47d6-a1e4-4323def66e09[0m [36mstatus[0m=[35m200[0m
[2m10:23:18[0m [[32m[1minfo     [0m] [1mDecomposed task into 3 subtasks, 2 waves[0m [36mreq[0m=[35m9a88d9b8[0m
[2m10:23:18[0m [[32m[1minfo     [0m] [1mExecuting wave 1/2, files=['scripts/analyze_csv_structure.py', 'scripts/db_schema_definition.py'][0m [36mreq[0m=[35m9a88d9b8[0m
[2m10:23:18[0m [[32m[1minfo     [0m] [1mRegistered agent id=8890dd75..., task=ba9cb5e4..., file=scripts/analyze_csv_structure.py[0m [36mreq[0m=[35m9a88d9b8[0m
[2m10:23:18[0m [[32m[1minfo     [0m] [1mUpdated agent id=8890dd75... status=running[0m [36mreq[0m=[35m9a88d9b8[0m
[2m10:23:18[0m [[32m[1minfo     [0m] [1mExecuting agent id=8890dd75..., file=scripts/analyze_csv_structure.py[0m [36mreq[0m=[35m9a88d9b8[0m
[2m10:23:18[0m [[32m[1minfo     [0m] [1mRegistered agent id=ca1dc836..., task=ba9cb5e4..., file=scripts/db_schema_definition.py[0m [36mreq[0m=[35m9a88d9b8[0m
[2m10:23:18[0m [[32m[1minfo     [0m] [1mUpdated agent id=ca1dc836... status=running[0m [36mreq[0m=[35m9a88d9b8[0m
[2m10:23:18[0m [[32m[1minfo     [0m] [1mExecuting agent id=ca1dc836..., file=scripts/db_schema_definition.py[0m [36mreq[0m=[35m9a88d9b8[0m
[2m10:23:20[0m [[32m[1minfo     [0m] [1mAgent completed id=ca1dc836..., duration=2.14s[0m [36mreq[0m=[35m9a88d9b8[0m
[2m10:23:20[0m [[32m[1minfo     [0m] [1mUpdated agent id=ca1dc836... status=completed[0m [36mreq[0m=[35m9a88d9b8[0m
[2m10:23:21[0m [[32m[1minfo     [0m] [1mAgent completed id=8890dd75..., duration=2.55s[0m [36mreq[0m=[35m9a88d9b8[0m
[2m10:23:21[0m [[32m[1minfo     [0m] [1mUpdated agent id=8890dd75... status=completed[0m [36mreq[0m=[35m9a88d9b8[0m
[2m10:23:21[0m [[32m[1minfo     [0m] [1mExecuting wave 2/2, files=['prompts/generated/prompt_formulate_budget_planning_recommendations_for_q4.txt'][0m [36mreq[0m=[35m9a88d9b8[0m
[2m10:23:21[0m [[32m[1minfo     [0m] [1mRegistered agent id=29344dbd..., task=ba9cb5e4..., file=prompts/generated/prompt_formulate_budget_planning_recommendations_for_q4.txt[0m [36mreq[0m=[35m9a88d9b8[0m
[2m10:23:21[0m [[32m[1minfo     [0m] [1mUpdated agent id=29344dbd... status=running[0m [36mreq[0m=[35m9a88d9b8[0m
[2m10:23:21[0m [[32m[1minfo     [0m] [1mExecuting agent id=29344dbd..., file=prompts/generated/prompt_formulate_budget_planning_recommendations_for_q4.txt[0m [36mreq[0m=[35m9a88d9b8[0m
{
    "name": "developer_team.decompose_task",
    "context": {
        "trace_id": "0xccbd509e6749690ddbce5179843f4e07",
        "span_id": "0x0c7013eb059dec7f",
        "trace_state": "[]"
    },
    "kind": "SpanKind.INTERNAL",
    "parent_id": "0x3cb566ad77bb6dfb",
    "start_time": "2026-05-06T10:23:14.530153Z",
    "end_time": "2026-05-06T10:23:18.759590Z",
    "status": {
        "status_code": "UNSET"
    },
    "attributes": {},
    "events": [],
    "links": [],
    "resource": {
        "attributes": {
            "telemetry.sdk.language": "python",
            "telemetry.sdk.name": "opentelemetry",
            "telemetry.sdk.version": "1.40.0",
            "service.name": "lumari-backend",
            "service.version": "0.1.0",
            "service.namespace": "lumari",
            "deployment.environment": "development",
            "telemetry.middleware.version": "1.0.0"
        },
        "schema_url": ""
    }
}
{
    "name": "agent_spawner.spawn_and_execute",
    "context": {
        "trace_id": "0xccbd509e6749690ddbce5179843f4e07",
        "span_id": "0x20f1df7d2733100a",
        "trace_state": "[]"
    },
    "kind": "SpanKind.INTERNAL",
    "parent_id": "0xc71b30a9a77d8d8f",
    "start_time": "2026-05-06T10:23:18.774962Z",
    "end_time": "2026-05-06T10:23:20.912181Z",
    "status": {
        "status_code": "UNSET"
    },
    "attributes": {
        "agent.id": "ca1dc836-6ebf-4fff-b7ba-7ca5b1b93de9",
        "agent.task_id": "ba9cb5e4-f41f-468e-a74f-f7a12414b8ce",
        "agent.file_path": "scripts/db_schema_definition.py",
        "agent.timeout_seconds": 300,
        "agent.registered": true,
        "agent.success": true,
        "agent.duration_seconds": 2.1365880966186523
    },
    "events": [],
    "links": [],
    "resource": {
        "attributes": {
            "telemetry.sdk.language": "python",
            "telemetry.sdk.name": "opentelemetry",
            "telemetry.sdk.version": "1.40.0",
            "service.name": "lumari-backend",
            "service.version": "0.1.0",
            "service.namespace": "lumari",
            "deployment.environment": "development",
            "telemetry.middleware.version": "1.0.0"
        },
        "schema_url": ""
    }
}
{
    "name": "agent_spawner.spawn_and_execute",
    "context": {
        "trace_id": "0xccbd509e6749690ddbce5179843f4e07",
        "span_id": "0x27df936f6eacc156",
        "trace_state": "[]"
    },
    "kind": "SpanKind.INTERNAL",
    "parent_id": "0xc71b30a9a77d8d8f",
    "start_time": "2026-05-06T10:23:18.760497Z",
    "end_time": "2026-05-06T10:23:21.315455Z",
    "status": {
        "status_code": "UNSET"
    },
    "attributes": {
        "agent.id": "8890dd75-bae7-4b65-88cc-1225defe1630",
        "agent.task_id": "ba9cb5e4-f41f-468e-a74f-f7a12414b8ce",
        "agent.file_path": "scripts/analyze_csv_structure.py",
        "agent.timeout_seconds": 300,
        "agent.registered": true,
        "agent.success": true,
        "agent.duration_seconds": 2.5544140338897705
    },
    "events": [],
    "links": [],
    "resource": {
        "attributes": {
            "telemetry.sdk.language": "python",
            "telemetry.sdk.name": "opentelemetry",
            "telemetry.sdk.version": "1.40.0",
            "service.name": "lumari-backend",
            "service.version": "0.1.0",
            "service.namespace": "lumari",
            "deployment.environment": "development",
            "telemetry.middleware.version": "1.0.0"
        },
        "schema_url": ""
    }
}
{
    "name": "developer_team.execute_wave",
    "context": {
        "trace_id": "0xccbd509e6749690ddbce5179843f4e07",
        "span_id": "0xc71b30a9a77d8d8f",
        "trace_state": "[]"
    },
    "kind": "SpanKind.INTERNAL",
    "parent_id": "0x3cb566ad77bb6dfb",
    "start_time": "2026-05-06T10:23:18.759770Z",
    "end_time": "2026-05-06T10:23:21.315902Z",
    "status": {
        "status_code": "UNSET"
    },
    "attributes": {
        "wave.files": [
            "scripts/analyze_csv_structure.py",
            "scripts/db_schema_definition.py"
        ]
    },
    "events": [],
    "links": [],
    "resource": {
        "attributes": {
            "telemetry.sdk.language": "python",
            "telemetry.sdk.name": "opentelemetry",
            "telemetry.sdk.version": "1.40.0",
            "service.name": "lumari-backend",
            "service.version": "0.1.0",
            "service.namespace": "lumari",
            "deployment.environment": "development",
            "telemetry.middleware.version": "1.0.0"
        },
        "schema_url": ""
    }
}
[2m10:23:22[0m [[32m[1minfo     [0m] [1mGetting challenge status: id=7a9159cf-1889-4bc2-a033-0fe2d8b8ef21[0m [36mreq[0m=[35mcd076ca8[0m
[2m10:23:22[0m [[32m[1minfo     [0m] [1mrequest_finished                        [0m [36mduration[0m=[35m0.012[0m [36mmethod[0m=[35mGET[0m [36mpath[0m=[35m/api/v1/challenges/7a9159cf-1889-4bc2-a033-0fe2d8b8ef21[0m [36mreq[0m=[35mcd076ca8[0m [36mrequest_id[0m=[35mcd076ca8-3544-49f6-ab37-6d2e1e5a9537[0m [36mstatus[0m=[35m200[0m
[2m10:23:23[0m [[32m[1minfo     [0m] [1mAgent completed id=29344dbd..., duration=2.56s[0m [36mreq[0m=[35m9a88d9b8[0m
[2m10:23:23[0m [[32m[1minfo     [0m] [1mUpdated agent id=29344dbd... status=completed[0m [36mreq[0m=[35m9a88d9b8[0m
[2m10:23:23[0m [[32m[1minfo     [0m] [1mUnregistered agent id=8890dd75...       [0m [36mreq[0m=[35m9a88d9b8[0m
[2m10:23:23[0m [[32m[1minfo     [0m] [1mUnregistered agent id=ca1dc836...       [0m [36mreq[0m=[35m9a88d9b8[0m
[2m10:23:23[0m [[32m[1minfo     [0m] [1mUnregistered agent id=29344dbd...       [0m [36mreq[0m=[35m9a88d9b8[0m
[2m10:23:23[0m [[32m[1minfo     [0m] [1mCleaned up 3 agents for task ba9cb5e4...[0m [36mreq[0m=[35m9a88d9b8[0m
[2m10:23:23[0m [[32m[1minfo     [0m] [1mBuilt prompt: id=5aff41bc..., name=prompt_formulate_budget_planning_recommendations_for_q4[0m [36mreq[0m=[35m9a88d9b8[0m
[2m10:23:23[0m [[32m[1minfo     [0m] [1mInjecting capability: type=prompt, id=5aff41bc...[0m [36mreq[0m=[35m9a88d9b8[0m
[2m10:23:23[0m [[32m[1minfo     [0m] [1mLoading topology from database...       [0m [36mreq[0m=[35m9a88d9b8[0m
[2m10:23:24[0m [[32m[1minfo     [0m] [1mMapped 8 skill entries to 8 capabilities[0m [36mreq[0m=[35m9a88d9b8[0m
[2m10:23:24[0m [[32m[1minfo     [0m] [1mTopology validated: 11 agents in 5 waves[0m [36mreq[0m=[35m9a88d9b8[0m
[2m10:23:24[0m [[32m[1minfo     [0m] [1mLoaded 8 skills for topology            [0m [36mreq[0m=[35m9a88d9b8[0m
[2m10:23:24[0m [[32m[1minfo     [0m] [1mTopology loaded: 11 agents, 5 waves     [0m [36mreq[0m=[35m9a88d9b8[0m
[2m10:23:24[0m [[32m[1minfo     [0m] [1mCapability injected successfully: prompt/5aff41bc...[0m [36mreq[0m=[35m9a88d9b8[0m
[2m10:23:24[0m [[32m[1minfo     [0m] [1mRecorded build attempt: capability=formulate budget planning recommendations for Q4, success=True, error_type=None[0m [36mreq[0m=[35m9a88d9b8[0m
[2m10:23:24[0m [[32m[1minfo     [0m] [1mGap completed: 3708a06d... -> prompt/5aff41bc...[0m [36mreq[0m=[35m9a88d9b8[0m
[2m10:23:24[0m [[32m[1minfo     [0m] [1mAll gaps processed for plan a31bab95... [0m [36mreq[0m=[35m9a88d9b8[0m
[2m10:23:24[0m [[32m[1minfo     [0m] [1mCompleted gap plan: a31bab95..., status=partial, completed=3, failed=1[0m [36mreq[0m=[35m9a88d9b8[0m
[2m10:23:24[0m [[32m[1minfo     [0m] [1mGap plan execution finished: a31bab95..., completed=3, failed=1, artifacts=3[0m [36mreq[0m=[35m9a88d9b8[0m
[2m10:23:24[0m [[32m[1minfo     [0m] [1mVerifying gap closure after cycle 1, built 3 capabilities[0m [36mreq[0m=[35m9a88d9b8[0m
[2m10:23:24[0m [[32m[1minfo     [0m] [1mGap OPEN: 'parse and import 50 CSV files into the database'[0m [36mreq[0m=[35m9a88d9b8[0m
[2m10:23:24[0m [[32m[1minfo     [0m] [1mGap OPEN: 'design and create a normalized relational database schema'[0m [36mreq[0m=[35m9a88d9b8[0m
[2m10:23:24[0m [[32m[1minfo     [0m] [1mGap OPEN: 'identify data quality issues and inconsistencies'[0m [36mreq[0m=[35m9a88d9b8[0m
[2m10:23:24[0m [[32m[1minfo     [0m] [1mGap OPEN: 'formulate budget planning recommendations for Q4'[0m [36mreq[0m=[35m9a88d9b8[0m
[2m10:23:24[0m [[32m[1minfo     [0m] [1mPlan verification complete: a31bab95..., closed=0/4, all_closed=False[0m [36mreq[0m=[35m9a88d9b8[0m
[2m10:23:24[0m [[32m[1minfo     [0m] [1mVerification result: closed=0/4, all_closed=False[0m [36mreq[0m=[35m9a88d9b8[0m
[2m10:23:24[0m [[32m[1minfo     [0m] [1mCreated gap plan: id=3b5ba4bf..., challenge=7a9159cf..., gaps=4, cycle=2[0m [36mreq[0m=[35m9a88d9b8[0m
[2m10:23:24[0m [[32m[1minfo     [0m] [1mCreated new cycle 2 with 4 REMAINING gaps (not new ones!) for challenge 7a9159cf...[0m [36mreq[0m=[35m9a88d9b8[0m
[2m10:23:24[0m [[32m[1minfo     [0m] [1mCapability building partial: 7a9159cf-1889-4bc2-a033-0fe2d8b8ef21, built=3[0m [36mreq[0m=[35m9a88d9b8[0m
{
    "name": "agent_spawner.spawn_and_execute",
    "context": {
        "trace_id": "0xccbd509e6749690ddbce5179843f4e07",
        "span_id": "0xcb3748b6f48a1989",
        "trace_state": "[]"
    },
    "kind": "SpanKind.INTERNAL",
    "parent_id": "0xf9feb0cde28659c4",
    "start_time": "2026-05-06T10:23:21.316162Z",
    "end_time": "2026-05-06T10:23:23.875766Z",
    "status": {
        "status_code": "UNSET"
    },
    "attributes": {
        "agent.id": "29344dbd-6ca1-4ea3-8f5b-0d390fd15498",
        "agent.task_id": "ba9cb5e4-f41f-468e-a74f-f7a12414b8ce",
        "agent.file_path": "prompts/generated/prompt_formulate_budget_planning_recommendations_for_q4.txt",
        "agent.timeout_seconds": 300,
        "agent.registered": true,
        "agent.success": true,
        "agent.duration_seconds": 2.55930495262146
    },
    "events": [],
    "links": [],
    "resource": {
        "attributes": {
            "telemetry.sdk.language": "python",
            "telemetry.sdk.name": "opentelemetry",
            "telemetry.sdk.version": "1.40.0",
            "service.name": "lumari-backend",
            "service.version": "0.1.0",
            "service.namespace": "lumari",
            "deployment.environment": "development",
            "telemetry.middleware.version": "1.0.0"
        },
        "schema_url": ""
    }
}
{
    "name": "developer_team.execute_wave",
    "context": {
        "trace_id": "0xccbd509e6749690ddbce5179843f4e07",
        "span_id": "0xf9feb0cde28659c4",
        "trace_state": "[]"
    },
    "kind": "SpanKind.INTERNAL",
    "parent_id": "0x3cb566ad77bb6dfb",
    "start_time": "2026-05-06T10:23:21.316034Z",
    "end_time": "2026-05-06T10:23:23.876135Z",
    "status": {
        "status_code": "UNSET"
    },
    "attributes": {
        "wave.files": [
            "prompts/generated/prompt_formulate_budget_planning_recommendations_for_q4.txt"
        ]
    },
    "events": [],
    "links": [],
    "resource": {
        "attributes": {
            "telemetry.sdk.language": "python",
            "telemetry.sdk.name": "opentelemetry",
            "telemetry.sdk.version": "1.40.0",
            "service.name": "lumari-backend",
            "service.version": "0.1.0",
            "service.namespace": "lumari",
            "deployment.environment": "development",
            "telemetry.middleware.version": "1.0.0"
        },
        "schema_url": ""
    }
}
{
    "name": "developer_team.execute_complex_task",
    "context": {
        "trace_id": "0xccbd509e6749690ddbce5179843f4e07",
        "span_id": "0x3cb566ad77bb6dfb",
        "trace_state": "[]"
    },
    "kind": "SpanKind.INTERNAL",
    "parent_id": null,
    "start_time": "2026-05-06T10:23:14.530084Z",
    "end_time": "2026-05-06T10:23:23.876319Z",
    "status": {
        "status_code": "UNSET"
    },
    "attributes": {
        "task.id": "ba9cb5e4-f41f-468e-a74f-f7a12414b8ce",
        "task.files_count": 1,
        "task.subtasks_count": 3,
        "task.waves_count": 2,
        "task.files_completed": 3,
        "task.files_failed": 0,
        "task.success": true
    },
    "events": [],
    "links": [],
    "resource": {
        "attributes": {
            "telemetry.sdk.language": "python",
            "telemetry.sdk.name": "opentelemetry",
            "telemetry.sdk.version": "1.40.0",
            "service.name": "lumari-backend",
            "service.version": "0.1.0",
            "service.namespace": "lumari",
            "deployment.environment": "development",
            "telemetry.middleware.version": "1.0.0"
        },
        "schema_url": ""
    }
}
[2m10:23:27[0m [[32m[1minfo     [0m] [1mGetting challenge status: id=7a9159cf-1889-4bc2-a033-0fe2d8b8ef21[0m [36mreq[0m=[35meff30d3b[0m
[2m10:23:27[0m [[32m[1minfo     [0m] [1mrequest_finished                        [0m [36mduration[0m=[35m0.005[0m [36mmethod[0m=[35mGET[0m [36mpath[0m=[35m/api/v1/challenges/7a9159cf-1889-4bc2-a033-0fe2d8b8ef21[0m [36mreq[0m=[35meff30d3b[0m [36mrequest_id[0m=[35meff30d3b-6ada-494a-99fd-5582a68f5e90[0m [36mstatus[0m=[35m200[0m
[2m10:23:27[0m [[32m[1minfo     [0m] [1mExecuting challenge: id=7a9159cf-1889-4bc2-a033-0fe2d8b8ef21[0m [36mreq[0m=[35mc4b1d242[0m
[2m10:23:27[0m [[32m[1minfo     [0m] [1mrequest_finished                        [0m [36mduration[0m=[35m0.005[0m [36mmethod[0m=[35mPOST[0m [36mpath[0m=[35m/api/v1/challenges/7a9159cf-1889-4bc2-a033-0fe2d8b8ef21/execute[0m [36mreq[0m=[35mc4b1d242[0m [36mrequest_id[0m=[35mc4b1d242-2c56-43f3-b7c5-ec83c42da1ab[0m [36mstatus[0m=[35m200[0m
[2m10:23:27[0m [[32m[1minfo     [0m] [1mStarting background execution: challenge_id=7a9159cf-1889-4bc2-a033-0fe2d8b8ef21[0m [36mreq[0m=[35mc4b1d242[0m
[2m10:23:27[0m [[32m[1minfo     [0m] [1mLoading topology from database...       [0m [36mreq[0m=[35mc4b1d242[0m
[2m10:23:27[0m [[32m[1minfo     [0m] [1mMapped 8 skill entries to 8 capabilities[0m [36mreq[0m=[35mc4b1d242[0m
[2m10:23:27[0m [[32m[1minfo     [0m] [1mTopology validated: 11 agents in 5 waves[0m [36mreq[0m=[35mc4b1d242[0m
[2m10:23:27[0m [[32m[1minfo     [0m] [1mLoaded 8 skills for topology            [0m [36mreq[0m=[35mc4b1d242[0m
[2m10:23:27[0m [[32m[1minfo     [0m] [1mTopology loaded: 11 agents, 5 waves     [0m [36mreq[0m=[35mc4b1d242[0m
[2m10:23:27[0m [[32m[1minfo     [0m] [1mShared memory initialized with Qdrant   [0m [36mreq[0m=[35mc4b1d242[0m
[2m10:23:27[0m [[32m[1minfo     [0m] [1mHybridOrchestrator initialized          [0m [36mreq[0m=[35mc4b1d242[0m
[2m10:23:27[0m [[32m[1minfo     [0m] [1mStarting execution: 0a59a8aa-b509-4a19-a673-ae48f16235d3[0m [36mreq[0m=[35mc4b1d242[0m
[2m10:23:27[0m [[32m[1minfo     [0m] [1mLoading topology from database...       [0m [36mreq[0m=[35mc4b1d242[0m
[2m10:23:27[0m [[32m[1minfo     [0m] [1mMapped 8 skill entries to 8 capabilities[0m [36mreq[0m=[35mc4b1d242[0m
[2m10:23:27[0m [[32m[1minfo     [0m] [1mTopology validated: 11 agents in 5 waves[0m [36mreq[0m=[35mc4b1d242[0m
[2m10:23:27[0m [[32m[1minfo     [0m] [1mLoaded 8 skills for topology            [0m [36mreq[0m=[35mc4b1d242[0m
[2m10:23:27[0m [[32m[1minfo     [0m] [1mTopology loaded: 11 agents, 5 waves     [0m [36mreq[0m=[35mc4b1d242[0m
[2m10:23:27[0m [[32m[1minfo     [0m] [1mDocker client connected successfully    [0m [36mreq[0m=[35mc4b1d242[0m
[2m10:23:27[0m [[32m[1minfo     [0m] [1mCreated DynamicSandbox executor (Docker-based, unrestricted)[0m [36mreq[0m=[35mc4b1d242[0m
[2m10:23:27[0m [[33m[1mwarning  [0m] [1mCould not create intervention orchestrator for self-healing: create_intervention_orchestrator() got an unexpected keyword argument 'db'[0m [36mreq[0m=[35mc4b1d242[0m
[2m10:23:27[0m [[32m[1minfo     [0m] [1mExecuting wave 1/5: ['05bebe15-b46f-4b91-96e3-a50f6cf9e68d', '90c17f3b-7f91-4174-b3ac-b59a51feb378', '65ad3c5c-f66c-49a0-a7cd-4b9ebc6142b9', '073d766c-ed4f-4519-8e36-8c9631e97c67'][0m [36mreq[0m=[35mc4b1d242[0m
[2m10:23:27[0m [[32m[1minfo     [0m] [1mExecuting agent: transcript_analyzer (05bebe15-b46f-4b91-96e3-a50f6cf9e68d)[0m [36mreq[0m=[35mc4b1d242[0m
[2m10:23:27[0m [[32m[1minfo     [0m] [1mExecuting agent: product_owner (90c17f3b-7f91-4174-b3ac-b59a51feb378)[0m [36mreq[0m=[35mc4b1d242[0m
[2m10:23:27[0m [[33m[1mwarning  [0m] [1mAgent product_owner expected artifacts ['analysis_findings'] but none found in pool[0m [36mreq[0m=[35mc4b1d242[0m
[2m10:23:27[0m [[32m[1minfo     [0m] [1mExecuting agent: quality_judge (65ad3c5c-f66c-49a0-a7cd-4b9ebc6142b9)[0m [36mreq[0m=[35mc4b1d242[0m
[2m10:23:27[0m [[33m[1mwarning  [0m] [1mAgent quality_judge expected artifacts ['ab_test_samples'] but none found in pool[0m [36mreq[0m=[35mc4b1d242[0m
[2m10:23:27[0m [[32m[1minfo     [0m] [1mExecuting agent: execution_analyzer (073d766c-ed4f-4519-8e36-8c9631e97c67)[0m [36mreq[0m=[35mc4b1d242[0m
[2m10:23:27[0m [[33m[1mwarning  [0m] [1mAgent execution_analyzer expected artifacts ['execution_telemetry'] but none found in pool[0m [36mreq[0m=[35mc4b1d242[0m
[2m10:23:27[0m [[32m[1minfo     [0m] [1mshared_memory_metrics agent=transcript_analyzer facts_kept=5 facts_total=8 hypotheses=0 relations=0 approx_tokens=2370 query_chars=1998[0m [36mreq[0m=[35mc4b1d242[0m
[2m10:23:28[0m [[32m[1minfo     [0m] [1mAgent execution_analyzer returned final answer after 0 tool calls[0m [36mreq[0m=[35mc4b1d242[0m
[2m10:23:28[0m [[32m[1minfo     [0m] [1mAgent execution_analyzer completed      [0m [36mreq[0m=[35mc4b1d242[0m
[2m10:23:28[0m [[32m[1minfo     [0m] [1mAgent quality_judge returned final answer after 0 tool calls[0m [36mreq[0m=[35mc4b1d242[0m
[2m10:23:28[0m [[32m[1minfo     [0m] [1mAgent quality_judge completed           [0m [36mreq[0m=[35mc4b1d242[0m
[2m10:23:28[0m [[32m[1minfo     [0m] [1mAgent product_owner returned final answer after 0 tool calls[0m [36mreq[0m=[35mc4b1d242[0m
[2m10:23:29[0m [[32m[1minfo     [0m] [1mAgent product_owner completed           [0m [36mreq[0m=[35mc4b1d242[0m
[2m10:23:30[0m [[32m[1minfo     [0m] [1mAgent transcript_analyzer returned final answer after 0 tool calls[0m [36mreq[0m=[35mc4b1d242[0m
[2m10:23:31[0m [[32m[1minfo     [0m] [1mAgent transcript_analyzer completed     [0m [36mreq[0m=[35mc4b1d242[0m
[2m10:23:31[0m [[32m[1minfo     [0m] [1mWave 1 agent 'transcript_analyzer' completed: success=True, skipped=False, result_len=1491[0m [36mreq[0m=[35mc4b1d242[0m
[2m10:23:31[0m [[32m[1minfo     [0m] [1mWave 1 agent 'product_owner' completed: success=True, skipped=False, result_len=438[0m [36mreq[0m=[35mc4b1d242[0m
[2m10:23:31[0m [[32m[1minfo     [0m] [1mWave 1 agent 'quality_judge' completed: success=True, skipped=False, result_len=191[0m [36mreq[0m=[35mc4b1d242[0m
[2m10:23:31[0m [[32m[1minfo     [0m] [1mWave 1 agent 'execution_analyzer' completed: success=True, skipped=False, result_len=200[0m [36mreq[0m=[35mc4b1d242[0m
[2m10:23:31[0m [[32m[1minfo     [0m] [1mExecuting wave 2/5: ['49898ec1-10da-4a11-8457-1358d844c805', '07f8b963-9d7c-4232-ba20-52aa8d850e1d'][0m [36mreq[0m=[35mc4b1d242[0m
[2m10:23:31[0m [[32m[1minfo     [0m] [1mExecuting agent: context_retriever (49898ec1-10da-4a11-8457-1358d844c805)[0m [36mreq[0m=[35mc4b1d242[0m
[2m10:23:31[0m [[32m[1minfo     [0m] [1mExecuting agent: control_agent (07f8b963-9d7c-4232-ba20-52aa8d850e1d)[0m [36mreq[0m=[35mc4b1d242[0m
[2m10:23:32[0m [[32m[1minfo     [0m] [1mGetting challenge status: id=7a9159cf-1889-4bc2-a033-0fe2d8b8ef21[0m [36mreq[0m=[35m1cb6b0dd[0m
[2m10:23:32[0m [[32m[1minfo     [0m] [1mrequest_finished                        [0m [36mduration[0m=[35m0.008[0m [36mmethod[0m=[35mGET[0m [36mpath[0m=[35m/api/v1/challenges/7a9159cf-1889-4bc2-a033-0fe2d8b8ef21[0m [36mreq[0m=[35m1cb6b0dd[0m [36mrequest_id[0m=[35m1cb6b0dd-de50-4249-96e2-5edf4a3b0a35[0m [36mstatus[0m=[35m200[0m
[2m10:23:32[0m [[32m[1minfo     [0m] [1mAgent control_agent returned final answer after 0 tool calls[0m [36mreq[0m=[35mc4b1d242[0m
[2m10:23:32[0m [[32m[1minfo     [0m] [1mAgent control_agent completed           [0m [36mreq[0m=[35mc4b1d242[0m
[2m10:23:33[0m [[32m[1minfo     [0m] [1mAgent context_retriever returned final answer after 0 tool calls[0m [36mreq[0m=[35mc4b1d242[0m
[2m10:23:33[0m [[32m[1minfo     [0m] [1mAgent context_retriever completed       [0m [36mreq[0m=[35mc4b1d242[0m
[2m10:23:33[0m [[32m[1minfo     [0m] [1mWave 2 agent 'context_retriever' completed: success=True, skipped=False, result_len=1207[0m [36mreq[0m=[35mc4b1d242[0m
[2m10:23:33[0m [[32m[1minfo     [0m] [1mWave 2 agent 'control_agent' completed: success=True, skipped=False, result_len=156[0m [36mreq[0m=[35mc4b1d242[0m
[2m10:23:33[0m [[32m[1minfo     [0m] [1mExecuting wave 3/5: ['f54aabd1-ca21-4768-b12e-ccf5ca95d0da', 'a676e764-25ce-41cf-95d1-b838c8e6804d', 'd01ede79-d82b-465b-ae42-d1a7a2ec4188'][0m [36mreq[0m=[35mc4b1d242[0m
[2m10:23:33[0m [[32m[1minfo     [0m] [1mExecuting agent: report_generator (f54aabd1-ca21-4768-b12e-ccf5ca95d0da)[0m [36mreq[0m=[35mc4b1d242[0m
[2m10:23:33[0m [[32m[1minfo     [0m] [1mExecuting agent: prompt_engineer (a676e764-25ce-41cf-95d1-b838c8e6804d)[0m [36mreq[0m=[35mc4b1d242[0m
[2m10:23:33[0m [[32m[1minfo     [0m] [1mExecuting agent: tool_builder (d01ede79-d82b-465b-ae42-d1a7a2ec4188)[0m [36mreq[0m=[35mc4b1d242[0m
[2m10:23:36[0m [[32m[1minfo     [0m] [1mAgent prompt_engineer returned final answer after 0 tool calls[0m [36mreq[0m=[35mc4b1d242[0m
[2m10:23:36[0m [[32m[1minfo     [0m] [1mAgent report_generator returned final answer after 0 tool calls[0m [36mreq[0m=[35mc4b1d242[0m
[2m10:23:37[0m [[32m[1minfo     [0m] [1mAgent prompt_engineer completed         [0m [36mreq[0m=[35mc4b1d242[0m
[2m10:23:37[0m [[32m[1minfo     [0m] [1mGetting challenge status: id=7a9159cf-1889-4bc2-a033-0fe2d8b8ef21[0m [36mreq[0m=[35m5e2708b7[0m
[2m10:23:37[0m [[32m[1minfo     [0m] [1mrequest_finished                        [0m [36mduration[0m=[35m0.009[0m [36mmethod[0m=[35mGET[0m [36mpath[0m=[35m/api/v1/challenges/7a9159cf-1889-4bc2-a033-0fe2d8b8ef21[0m [36mreq[0m=[35m5e2708b7[0m [36mrequest_id[0m=[35m5e2708b7-2377-4bbf-bce4-fd51bbf251d3[0m [36mstatus[0m=[35m200[0m
[2m10:23:37[0m [[32m[1minfo     [0m] [1mAgent report_generator completed        [0m [36mreq[0m=[35mc4b1d242[0m
[2m10:23:40[0m [[33m[1mwarning  [0m] [1mRetryable error in structured+usage call (attempt 1/6), retrying in 2.5s...[0m [36mreq[0m=[35mc4b1d242[0m
[2m10:23:42[0m [[32m[1minfo     [0m] [1mGetting challenge status: id=7a9159cf-1889-4bc2-a033-0fe2d8b8ef21[0m [36mreq[0m=[35mb41e7a29[0m
[2m10:23:42[0m [[32m[1minfo     [0m] [1mrequest_finished                        [0m [36mduration[0m=[35m0.006[0m [36mmethod[0m=[35mGET[0m [36mpath[0m=[35m/api/v1/challenges/7a9159cf-1889-4bc2-a033-0fe2d8b8ef21[0m [36mreq[0m=[35mb41e7a29[0m [36mrequest_id[0m=[35mb41e7a29-ec5f-41d8-a2ac-8061c3e09837[0m [36mstatus[0m=[35m200[0m
[2m10:23:47[0m [[32m[1minfo     [0m] [1mGetting challenge status: id=7a9159cf-1889-4bc2-a033-0fe2d8b8ef21[0m [36mreq[0m=[35mf031eaee[0m
[2m10:23:47[0m [[32m[1minfo     [0m] [1mrequest_finished                        [0m [36mduration[0m=[35m0.006[0m [36mmethod[0m=[35mGET[0m [36mpath[0m=[35m/api/v1/challenges/7a9159cf-1889-4bc2-a033-0fe2d8b8ef21[0m [36mreq[0m=[35mf031eaee[0m [36mrequest_id[0m=[35mf031eaee-86ef-4bea-b10e-4890cc79571a[0m [36mstatus[0m=[35m200[0m
[2m10:23:49[0m [[33m[1mwarning  [0m] [1mRetryable error in structured+usage call (attempt 2/6), retrying in 4.1s...[0m [36mreq[0m=[35mc4b1d242[0m
[2m10:23:52[0m [[32m[1minfo     [0m] [1mGetting challenge status: id=7a9159cf-1889-4bc2-a033-0fe2d8b8ef21[0m [36mreq[0m=[35m59622157[0m
[2m10:23:52[0m [[32m[1minfo     [0m] [1mrequest_finished                        [0m [36mduration[0m=[35m0.008[0m [36mmethod[0m=[35mGET[0m [36mpath[0m=[35m/api/v1/challenges/7a9159cf-1889-4bc2-a033-0fe2d8b8ef21[0m [36mreq[0m=[35m59622157[0m [36mrequest_id[0m=[35m59622157-8910-42f6-9026-40a7d48c97a6[0m [36mstatus[0m=[35m200[0m
[2m10:23:57[0m [[32m[1minfo     [0m] [1mGetting challenge status: id=7a9159cf-1889-4bc2-a033-0fe2d8b8ef21[0m [36mreq[0m=[35m1393e1c9[0m
[2m10:23:57[0m [[32m[1minfo     [0m] [1mrequest_finished                        [0m [36mduration[0m=[35m0.013[0m [36mmethod[0m=[35mGET[0m [36mpath[0m=[35m/api/v1/challenges/7a9159cf-1889-4bc2-a033-0fe2d8b8ef21[0m [36mreq[0m=[35m1393e1c9[0m [36mrequest_id[0m=[35m1393e1c9-be44-4b74-a90c-8e8e0fc45a2e[0m [36mstatus[0m=[35m200[0m
[2m10:23:57[0m [[32m[1minfo     [0m] [1mAgent tool_builder returned final answer after 0 tool calls[0m [36mreq[0m=[35mc4b1d242[0m
[2m10:23:57[0m [[32m[1minfo     [0m] [1mAgent tool_builder completed            [0m [36mreq[0m=[35mc4b1d242[0m
[2m10:23:57[0m [[32m[1minfo     [0m] [1mWave 3 agent 'report_generator' completed: success=True, skipped=False, result_len=2536[0m [36mreq[0m=[35mc4b1d242[0m
[2m10:23:57[0m [[32m[1minfo     [0m] [1mWave 3 agent 'prompt_engineer' completed: success=True, skipped=False, result_len=1991[0m [36mreq[0m=[35mc4b1d242[0m
[2m10:23:57[0m [[32m[1minfo     [0m] [1mWave 3 agent 'tool_builder' completed: success=True, skipped=False, result_len=261[0m [36mreq[0m=[35mc4b1d242[0m
[2m10:23:57[0m [[32m[1minfo     [0m] [1mExecuting wave 4/5: ['85860279-90e3-4984-b25d-af840d3dca9b'][0m [36mreq[0m=[35mc4b1d242[0m
[2m10:23:57[0m [[32m[1minfo     [0m] [1mExecuting agent: quality_validator (85860279-90e3-4984-b25d-af840d3dca9b)[0m [36mreq[0m=[35mc4b1d242[0m
[2m10:23:58[0m [[32m[1minfo     [0m] [1mAgent quality_validator returned final answer after 0 tool calls[0m [36mreq[0m=[35mc4b1d242[0m
[2m10:23:58[0m [[32m[1minfo     [0m] [1mAgent quality_validator completed       [0m [36mreq[0m=[35mc4b1d242[0m
[2m10:23:58[0m [[32m[1minfo     [0m] [1mWave 4 agent 'quality_validator' completed: success=True, skipped=False, result_len=105[0m [36mreq[0m=[35mc4b1d242[0m
[2m10:23:58[0m [[32m[1minfo     [0m] [1mExecuting wave 5/5: ['bbd241f8-1df0-49f4-950a-dc61efa2c950'][0m [36mreq[0m=[35mc4b1d242[0m
[2m10:23:58[0m [[32m[1minfo     [0m] [1mExecuting agent: report_finalizer (bbd241f8-1df0-49f4-950a-dc61efa2c950)[0m [36mreq[0m=[35mc4b1d242[0m
[2m10:24:01[0m [[32m[1minfo     [0m] [1mAgent report_finalizer returned final answer after 0 tool calls[0m [36mreq[0m=[35mc4b1d242[0m
[2m10:24:01[0m [[32m[1minfo     [0m] [1mAgent report_finalizer completed        [0m [36mreq[0m=[35mc4b1d242[0m
[2m10:24:01[0m [[32m[1minfo     [0m] [1mWave 5 agent 'report_finalizer' completed: success=True, skipped=False, result_len=1875[0m [36mreq[0m=[35mc4b1d242[0m
[2m10:24:01[0m [[32m[1minfo     [0m] [1mArtifact pool cleared: 11 artifacts discarded[0m [36mreq[0m=[35mc4b1d242[0m
[2m10:24:02[0m [[32m[1minfo     [0m] [1mPersisted 1 facts to shared memory for execution 0a59a8aa-b509-4a19-a673-ae48f16235d3[0m [36mreq[0m=[35mc4b1d242[0m
[2m10:24:02[0m [[32m[1minfo     [0m] [1mStarting telemetry for agent=05bebe15..., execution=0a59a8aa...[0m [36mreq[0m=[35mc4b1d242[0m
[2m10:24:02[0m [[33m[1mwarning  [0m] [1mTelemetrie-Bridge fehlgeschlagen: 1 validation error for ExecutionTelemetryCreate
outcome
  Input should be 'success', 'error', 'timeout' or 'cancelled' [type=literal_error, input_value='running', input_type=str]
    For further information visit https://errors.pydantic.dev/2.11/v/literal_error[0m [36mreq[0m=[35mc4b1d242[0m
[2m10:24:02[0m [[32m[1minfo     [0m] [1mConfigured epicbox profile: image=lumari-sandbox:latest, limits={'cputime': 5, 'realtime': 10, 'memory': 128, 'processes': 1}[0m [36mreq[0m=[35mc4b1d242[0m
[2m10:24:02[0m [[32m[1minfo     [0m] [1mStarting analysis pipeline for execution_id=0a59a8aa...[0m [36mreq[0m=[35mc4b1d242[0m
[2m10:24:02[0m [[32m[1minfo     [0m] [1mExecution completed: challenge_id=7a9159cf-1889-4bc2-a033-0fe2d8b8ef21, success=True[0m [36mreq[0m=[35mc4b1d242[0m
[2m10:24:02[0m [[33m[1mwarning  [0m] [1mNo telemetry found for execution 0a59a8aa-b509-4a19-a673-ae48f16235d3[0m [36mreq[0m=[35mc4b1d242[0m
[2m10:24:02[0m [[32m[1minfo     [0m] [1mGetting challenge status: id=7a9159cf-1889-4bc2-a033-0fe2d8b8ef21[0m [36mreq[0m=[35m1b483023[0m
[2m10:24:02[0m [[32m[1minfo     [0m] [1mrequest_finished                        [0m [36mduration[0m=[35m0.004[0m [36mmethod[0m=[35mGET[0m [36mpath[0m=[35m/api/v1/challenges/7a9159cf-1889-4bc2-a033-0fe2d8b8ef21[0m [36mreq[0m=[35m1b483023[0m [36mrequest_id[0m=[35m1b483023-da50-4826-9317-de0616b82516[0m [36mstatus[0m=[35m200[0m
[2m10:24:02[0m [[32m[1minfo     [0m] [1mGetting challenge results: id=7a9159cf-1889-4bc2-a033-0fe2d8b8ef21[0m [36mreq[0m=[35m879655b6[0m
[2m10:24:02[0m [[32m[1minfo     [0m] [1mrequest_finished                        [0m [36mduration[0m=[35m0.004[0m [36mmethod[0m=[35mGET[0m [36mpath[0m=[35m/api/v1/challenges/7a9159cf-1889-4bc2-a033-0fe2d8b8ef21/results[0m [36mreq[0m=[35m879655b6[0m [36mrequest_id[0m=[35m879655b6-0602-4857-b2cc-7670a028b73f[0m [36mstatus[0m=[35m200[0m
[2m10:24:20[0m [[32m[1minfo     [0m] [1mFile upload: tagesbericht_rohbau_20251014.opus, size=205713, type=audio/opus[0m [36mreq[0m=[35mff235bae[0m
[2m10:24:20[0m [[32m[1minfo     [0m] [1mSaved binary file to: /Users/patrick/Documents/Uni/master_project/backend/app/api/v1/endpoints/../../../uploads/b58b9d5b-b643-4968-ba0a-8ba5e737180b.opus[0m [36mreq[0m=[35mff235bae[0m
[2m10:24:20[0m [[32m[1minfo     [0m] [1mAudio transcription skill available: skill_audio_transcription — will transcribe in background[0m [36mreq[0m=[35mff235bae[0m
[2m10:24:20[0m [[32m[1minfo     [0m] [1mFile upload: tagesbericht_rohbau_20251014.opus -> challenge_id=25911e92-922f-4710-92f1-473941b21a31, gaps=0, route=execute[0m [36mreq[0m=[35mff235bae[0m
[2m10:24:20[0m [[32m[1minfo     [0m] [1mrequest_finished                        [0m [36mduration[0m=[35m0.061[0m [36mmethod[0m=[35mPOST[0m [36mpath[0m=[35m/api/v1/challenges/upload[0m [36mreq[0m=[35mff235bae[0m [36mrequest_id[0m=[35mff235bae-8fb3-49d9-b3de-40fc1c52b163[0m [36mstatus[0m=[35m200[0m
[2m10:24:20[0m [[32m[1minfo     [0m] [1mExecuting challenge: id=25911e92-922f-4710-92f1-473941b21a31[0m [36mreq[0m=[35mb5e9919e[0m
[2m10:24:20[0m [[32m[1minfo     [0m] [1mrequest_finished                        [0m [36mduration[0m=[35m0.008[0m [36mmethod[0m=[35mPOST[0m [36mpath[0m=[35m/api/v1/challenges/25911e92-922f-4710-92f1-473941b21a31/execute[0m [36mreq[0m=[35mb5e9919e[0m [36mrequest_id[0m=[35mb5e9919e-dd4e-4c10-9b42-5cd0dcc2a842[0m [36mstatus[0m=[35m200[0m
[2m10:24:20[0m [[32m[1minfo     [0m] [1mStarting background execution: challenge_id=25911e92-922f-4710-92f1-473941b21a31[0m [36mreq[0m=[35mb5e9919e[0m
[2m10:24:20[0m [[32m[1minfo     [0m] [1mLoading topology from database...       [0m [36mreq[0m=[35mb5e9919e[0m
[2m10:24:20[0m [[32m[1minfo     [0m] [1mMapped 8 skill entries to 8 capabilities[0m [36mreq[0m=[35mb5e9919e[0m
[2m10:24:20[0m [[32m[1minfo     [0m] [1mTopology validated: 11 agents in 5 waves[0m [36mreq[0m=[35mb5e9919e[0m
[2m10:24:20[0m [[32m[1minfo     [0m] [1mLoaded 8 skills for topology            [0m [36mreq[0m=[35mb5e9919e[0m
[2m10:24:20[0m [[32m[1minfo     [0m] [1mTopology loaded: 11 agents, 5 waves     [0m [36mreq[0m=[35mb5e9919e[0m
[2m10:24:20[0m [[32m[1minfo     [0m] [1mShared memory initialized with Qdrant   [0m [36mreq[0m=[35mb5e9919e[0m
[2m10:24:20[0m [[32m[1minfo     [0m] [1mHybridOrchestrator initialized          [0m [36mreq[0m=[35mb5e9919e[0m
[2m10:24:20[0m [[32m[1minfo     [0m] [1mStarting execution: 37465446-5c0f-4492-bdae-2eb970a0aa09[0m [36mreq[0m=[35mb5e9919e[0m
[2m10:24:20[0m [[32m[1minfo     [0m] [1mLoading topology from database...       [0m [36mreq[0m=[35mb5e9919e[0m
[2m10:24:20[0m [[32m[1minfo     [0m] [1mMapped 8 skill entries to 8 capabilities[0m [36mreq[0m=[35mb5e9919e[0m
[2m10:24:20[0m [[32m[1minfo     [0m] [1mTopology validated: 11 agents in 5 waves[0m [36mreq[0m=[35mb5e9919e[0m
[2m10:24:20[0m [[32m[1minfo     [0m] [1mLoaded 8 skills for topology            [0m [36mreq[0m=[35mb5e9919e[0m
[2m10:24:20[0m [[32m[1minfo     [0m] [1mTopology loaded: 11 agents, 5 waves     [0m [36mreq[0m=[35mb5e9919e[0m
[2m10:24:20[0m [[32m[1minfo     [0m] [1mDocker client connected successfully    [0m [36mreq[0m=[35mb5e9919e[0m
[2m10:24:20[0m [[32m[1minfo     [0m] [1mCreated DynamicSandbox executor (Docker-based, unrestricted)[0m [36mreq[0m=[35mb5e9919e[0m
[2m10:24:20[0m [[33m[1mwarning  [0m] [1mCould not create intervention orchestrator for self-healing: create_intervention_orchestrator() got an unexpected keyword argument 'db'[0m [36mreq[0m=[35mb5e9919e[0m
[2m10:24:20[0m [[32m[1minfo     [0m] [1mExecuting wave 1/5: ['05bebe15-b46f-4b91-96e3-a50f6cf9e68d', '90c17f3b-7f91-4174-b3ac-b59a51feb378', '65ad3c5c-f66c-49a0-a7cd-4b9ebc6142b9', '073d766c-ed4f-4519-8e36-8c9631e97c67'][0m [36mreq[0m=[35mb5e9919e[0m
[2m10:24:20[0m [[32m[1minfo     [0m] [1mExecuting agent: transcript_analyzer (05bebe15-b46f-4b91-96e3-a50f6cf9e68d)[0m [36mreq[0m=[35mb5e9919e[0m
[2m10:24:20[0m [[32m[1minfo     [0m] [1mExecuting agent: product_owner (90c17f3b-7f91-4174-b3ac-b59a51feb378)[0m [36mreq[0m=[35mb5e9919e[0m
[2m10:24:20[0m [[33m[1mwarning  [0m] [1mAgent product_owner expected artifacts ['analysis_findings'] but none found in pool[0m [36mreq[0m=[35mb5e9919e[0m
[2m10:24:20[0m [[32m[1minfo     [0m] [1mExecuting agent: quality_judge (65ad3c5c-f66c-49a0-a7cd-4b9ebc6142b9)[0m [36mreq[0m=[35mb5e9919e[0m
[2m10:24:20[0m [[33m[1mwarning  [0m] [1mAgent quality_judge expected artifacts ['ab_test_samples'] but none found in pool[0m [36mreq[0m=[35mb5e9919e[0m
[2m10:24:20[0m [[32m[1minfo     [0m] [1mExecuting agent: execution_analyzer (073d766c-ed4f-4519-8e36-8c9631e97c67)[0m [36mreq[0m=[35mb5e9919e[0m
[2m10:24:20[0m [[33m[1mwarning  [0m] [1mAgent execution_analyzer expected artifacts ['execution_telemetry'] but none found in pool[0m [36mreq[0m=[35mb5e9919e[0m
[2m10:24:21[0m [[32m[1minfo     [0m] [1mshared_memory_metrics agent=transcript_analyzer facts_kept=5 facts_total=8 hypotheses=0 relations=0 approx_tokens=2370 query_chars=1998[0m [36mreq[0m=[35mb5e9919e[0m
[2m10:24:21[0m [[32m[1minfo     [0m] [1mAgent product_owner returned final answer after 0 tool calls[0m [36mreq[0m=[35mb5e9919e[0m
[2m10:24:21[0m [[32m[1minfo     [0m] [1mAgent execution_analyzer returned final answer after 0 tool calls[0m [36mreq[0m=[35mb5e9919e[0m
[2m10:24:21[0m [[32m[1minfo     [0m] [1mAgent quality_judge returned final answer after 0 tool calls[0m [36mreq[0m=[35mb5e9919e[0m
[2m10:24:22[0m [[32m[1minfo     [0m] [1mAgent execution_analyzer completed      [0m [36mreq[0m=[35mb5e9919e[0m
[2m10:24:22[0m [[32m[1minfo     [0m] [1mAgent product_owner completed           [0m [36mreq[0m=[35mb5e9919e[0m
[2m10:24:22[0m [[32m[1minfo     [0m] [1mAgent quality_judge completed           [0m [36mreq[0m=[35mb5e9919e[0m
[2m10:24:22[0m [[32m[1minfo     [0m] [1mTool call 1/5: skill_audio_transcription[0m [36mreq[0m=[35mb5e9919e[0m
[2m10:24:22[0m [[32m[1minfo     [0m] [1mStarting sandbox execution: pip=[], apt=['ffmpeg'], input_files=[][0m [36mreq[0m=[35mb5e9919e[0m
[2m10:24:22[0m [[32m[1minfo     [0m] [1mFound cached image: lumari-sandbox:audio-6ccb47b0 (usage=5)[0m [36mreq[0m=[35mb5e9919e[0m
[2m10:24:22[0m [[32m[1minfo     [0m] [1mUsing cached image: lumari-sandbox:audio-6ccb47b0[0m [36mreq[0m=[35mb5e9919e[0m
[2m10:24:23[0m [[32m[1minfo     [0m] [1mSandbox execution complete: success=True, time=739ms, cached=True[0m [36mreq[0m=[35mb5e9919e[0m
[2m10:24:25[0m [[32m[1minfo     [0m] [1mGetting challenge status: id=25911e92-922f-4710-92f1-473941b21a31[0m [36mreq[0m=[35ma84c6ef9[0m
[2m10:24:25[0m [[32m[1minfo     [0m] [1mrequest_finished                        [0m [36mduration[0m=[35m0.016[0m [36mmethod[0m=[35mGET[0m [36mpath[0m=[35m/api/v1/challenges/25911e92-922f-4710-92f1-473941b21a31[0m [36mreq[0m=[35ma84c6ef9[0m [36mrequest_id[0m=[35ma84c6ef9-cd0d-443d-81aa-3a47867e8b0b[0m [36mstatus[0m=[35m200[0m
[2m10:24:30[0m [[32m[1minfo     [0m] [1mAgent transcript_analyzer returned final answer after 1 tool calls[0m [36mreq[0m=[35mb5e9919e[0m
[2m10:24:30[0m [[32m[1minfo     [0m] [1mAgent transcript_analyzer completed     [0m [36mreq[0m=[35mb5e9919e[0m
[2m10:24:30[0m [[32m[1minfo     [0m] [1mWave 1 agent 'transcript_analyzer' completed: success=True, skipped=False, result_len=782[0m [36mreq[0m=[35mb5e9919e[0m
[2m10:24:30[0m [[32m[1minfo     [0m] [1mWave 1 agent 'product_owner' completed: success=True, skipped=False, result_len=211[0m [36mreq[0m=[35mb5e9919e[0m
[2m10:24:30[0m [[32m[1minfo     [0m] [1mWave 1 agent 'quality_judge' completed: success=True, skipped=False, result_len=175[0m [36mreq[0m=[35mb5e9919e[0m
[2m10:24:30[0m [[32m[1minfo     [0m] [1mWave 1 agent 'execution_analyzer' completed: success=True, skipped=False, result_len=207[0m [36mreq[0m=[35mb5e9919e[0m
[2m10:24:30[0m [[32m[1minfo     [0m] [1mExecuting wave 2/5: ['49898ec1-10da-4a11-8457-1358d844c805', '07f8b963-9d7c-4232-ba20-52aa8d850e1d'][0m [36mreq[0m=[35mb5e9919e[0m
[2m10:24:30[0m [[32m[1minfo     [0m] [1mExecuting agent: context_retriever (49898ec1-10da-4a11-8457-1358d844c805)[0m [36mreq[0m=[35mb5e9919e[0m
[2m10:24:30[0m [[32m[1minfo     [0m] [1mExecuting agent: control_agent (07f8b963-9d7c-4232-ba20-52aa8d850e1d)[0m [36mreq[0m=[35mb5e9919e[0m
[2m10:24:30[0m [[32m[1minfo     [0m] [1mGetting challenge status: id=25911e92-922f-4710-92f1-473941b21a31[0m [36mreq[0m=[35m5ffb4610[0m
[2m10:24:30[0m [[32m[1minfo     [0m] [1mrequest_finished                        [0m [36mduration[0m=[35m0.004[0m [36mmethod[0m=[35mGET[0m [36mpath[0m=[35m/api/v1/challenges/25911e92-922f-4710-92f1-473941b21a31[0m [36mreq[0m=[35m5ffb4610[0m [36mrequest_id[0m=[35m5ffb4610-b5d0-4296-bb79-92289e3ef90c[0m [36mstatus[0m=[35m200[0m
[2m10:24:31[0m [[32m[1minfo     [0m] [1mAgent control_agent returned final answer after 0 tool calls[0m [36mreq[0m=[35mb5e9919e[0m
[2m10:24:31[0m [[32m[1minfo     [0m] [1mAgent control_agent completed           [0m [36mreq[0m=[35mb5e9919e[0m
[2m10:24:32[0m [[32m[1minfo     [0m] [1mAgent context_retriever returned final answer after 0 tool calls[0m [36mreq[0m=[35mb5e9919e[0m
[2m10:24:32[0m [[32m[1minfo     [0m] [1mAgent context_retriever completed       [0m [36mreq[0m=[35mb5e9919e[0m
[2m10:24:32[0m [[32m[1minfo     [0m] [1mWave 2 agent 'context_retriever' completed: success=True, skipped=False, result_len=759[0m [36mreq[0m=[35mb5e9919e[0m
[2m10:24:32[0m [[32m[1minfo     [0m] [1mWave 2 agent 'control_agent' completed: success=True, skipped=False, result_len=157[0m [36mreq[0m=[35mb5e9919e[0m
[2m10:24:32[0m [[32m[1minfo     [0m] [1mExecuting wave 3/5: ['f54aabd1-ca21-4768-b12e-ccf5ca95d0da', 'a676e764-25ce-41cf-95d1-b838c8e6804d', 'd01ede79-d82b-465b-ae42-d1a7a2ec4188'][0m [36mreq[0m=[35mb5e9919e[0m
[2m10:24:32[0m [[32m[1minfo     [0m] [1mExecuting agent: report_generator (f54aabd1-ca21-4768-b12e-ccf5ca95d0da)[0m [36mreq[0m=[35mb5e9919e[0m
[2m10:24:32[0m [[32m[1minfo     [0m] [1mExecuting agent: prompt_engineer (a676e764-25ce-41cf-95d1-b838c8e6804d)[0m [36mreq[0m=[35mb5e9919e[0m
[2m10:24:32[0m [[32m[1minfo     [0m] [1mExecuting agent: tool_builder (d01ede79-d82b-465b-ae42-d1a7a2ec4188)[0m [36mreq[0m=[35mb5e9919e[0m
[2m10:24:34[0m [[32m[1minfo     [0m] [1mAgent report_generator returned final answer after 0 tool calls[0m [36mreq[0m=[35mb5e9919e[0m
[2m10:24:34[0m [[32m[1minfo     [0m] [1mAgent report_generator completed        [0m [36mreq[0m=[35mb5e9919e[0m
[2m10:24:35[0m [[32m[1minfo     [0m] [1mAgent prompt_engineer returned final answer after 0 tool calls[0m [36mreq[0m=[35mb5e9919e[0m
[2m10:24:35[0m [[32m[1minfo     [0m] [1mAgent prompt_engineer completed         [0m [36mreq[0m=[35mb5e9919e[0m
[2m10:24:35[0m [[32m[1minfo     [0m] [1mGetting challenge status: id=25911e92-922f-4710-92f1-473941b21a31[0m [36mreq[0m=[35m23e9587e[0m
[2m10:24:35[0m [[32m[1minfo     [0m] [1mrequest_finished                        [0m [36mduration[0m=[35m0.012[0m [36mmethod[0m=[35mGET[0m [36mpath[0m=[35m/api/v1/challenges/25911e92-922f-4710-92f1-473941b21a31[0m [36mreq[0m=[35m23e9587e[0m [36mrequest_id[0m=[35m23e9587e-a3f9-489b-9076-8b558bd1c5e7[0m [36mstatus[0m=[35m200[0m
[2m10:24:36[0m [[32m[1minfo     [0m] [1mAgent tool_builder returned final answer after 0 tool calls[0m [36mreq[0m=[35mb5e9919e[0m
[2m10:24:36[0m [[32m[1minfo     [0m] [1mAgent tool_builder completed            [0m [36mreq[0m=[35mb5e9919e[0m
[2m10:24:36[0m [[32m[1minfo     [0m] [1mWave 3 agent 'report_generator' completed: success=True, skipped=False, result_len=1083[0m [36mreq[0m=[35mb5e9919e[0m
[2m10:24:36[0m [[32m[1minfo     [0m] [1mWave 3 agent 'prompt_engineer' completed: success=True, skipped=False, result_len=1965[0m [36mreq[0m=[35mb5e9919e[0m
[2m10:24:36[0m [[32m[1minfo     [0m] [1mWave 3 agent 'tool_builder' completed: success=True, skipped=False, result_len=187[0m [36mreq[0m=[35mb5e9919e[0m
[2m10:24:36[0m [[32m[1minfo     [0m] [1mExecuting wave 4/5: ['85860279-90e3-4984-b25d-af840d3dca9b'][0m [36mreq[0m=[35mb5e9919e[0m
[2m10:24:36[0m [[32m[1minfo     [0m] [1mExecuting agent: quality_validator (85860279-90e3-4984-b25d-af840d3dca9b)[0m [36mreq[0m=[35mb5e9919e[0m
[2m10:24:37[0m [[32m[1minfo     [0m] [1mAgent quality_validator returned final answer after 0 tool calls[0m [36mreq[0m=[35mb5e9919e[0m
[2m10:24:38[0m [[32m[1minfo     [0m] [1mAgent quality_validator completed       [0m [36mreq[0m=[35mb5e9919e[0m
[2m10:24:38[0m [[32m[1minfo     [0m] [1mWave 4 agent 'quality_validator' completed: success=True, skipped=False, result_len=576[0m [36mreq[0m=[35mb5e9919e[0m
[2m10:24:38[0m [[32m[1minfo     [0m] [1mExecuting wave 5/5: ['bbd241f8-1df0-49f4-950a-dc61efa2c950'][0m [36mreq[0m=[35mb5e9919e[0m
[2m10:24:38[0m [[32m[1minfo     [0m] [1mExecuting agent: report_finalizer (bbd241f8-1df0-49f4-950a-dc61efa2c950)[0m [36mreq[0m=[35mb5e9919e[0m
[2m10:24:40[0m [[32m[1minfo     [0m] [1mAgent report_finalizer returned final answer after 0 tool calls[0m [36mreq[0m=[35mb5e9919e[0m
[2m10:24:40[0m [[32m[1minfo     [0m] [1mGetting challenge status: id=25911e92-922f-4710-92f1-473941b21a31[0m [36mreq[0m=[35m13221043[0m
[2m10:24:40[0m [[32m[1minfo     [0m] [1mrequest_finished                        [0m [36mduration[0m=[35m0.009[0m [36mmethod[0m=[35mGET[0m [36mpath[0m=[35m/api/v1/challenges/25911e92-922f-4710-92f1-473941b21a31[0m [36mreq[0m=[35m13221043[0m [36mrequest_id[0m=[35m13221043-e5c1-49fc-856f-4b2789a9024c[0m [36mstatus[0m=[35m200[0m
[2m10:24:41[0m [[32m[1minfo     [0m] [1mAgent report_finalizer completed        [0m [36mreq[0m=[35mb5e9919e[0m
[2m10:24:41[0m [[32m[1minfo     [0m] [1mWave 5 agent 'report_finalizer' completed: success=True, skipped=False, result_len=1472[0m [36mreq[0m=[35mb5e9919e[0m
[2m10:24:41[0m [[32m[1minfo     [0m] [1mArtifact pool cleared: 11 artifacts discarded[0m [36mreq[0m=[35mb5e9919e[0m
[2m10:24:41[0m [[32m[1minfo     [0m] [1mPersisted 1 facts to shared memory for execution 37465446-5c0f-4492-bdae-2eb970a0aa09[0m [36mreq[0m=[35mb5e9919e[0m
[2m10:24:41[0m [[32m[1minfo     [0m] [1mStarting telemetry for agent=05bebe15..., execution=37465446...[0m [36mreq[0m=[35mb5e9919e[0m
[2m10:24:41[0m [[33m[1mwarning  [0m] [1mTelemetrie-Bridge fehlgeschlagen: 1 validation error for ExecutionTelemetryCreate
outcome
  Input should be 'success', 'error', 'timeout' or 'cancelled' [type=literal_error, input_value='running', input_type=str]
    For further information visit https://errors.pydantic.dev/2.11/v/literal_error[0m [36mreq[0m=[35mb5e9919e[0m
[2m10:24:41[0m [[32m[1minfo     [0m] [1mConfigured epicbox profile: image=lumari-sandbox:latest, limits={'cputime': 5, 'realtime': 10, 'memory': 128, 'processes': 1}[0m [36mreq[0m=[35mb5e9919e[0m
[2m10:24:41[0m [[32m[1minfo     [0m] [1mExecution completed: challenge_id=25911e92-922f-4710-92f1-473941b21a31, success=True[0m [36mreq[0m=[35mb5e9919e[0m
[2m10:24:41[0m [[32m[1minfo     [0m] [1mStarting analysis pipeline for execution_id=37465446...[0m [36mreq[0m=[35mb5e9919e[0m
[2m10:24:41[0m [[33m[1mwarning  [0m] [1mNo telemetry found for execution 37465446-5c0f-4492-bdae-2eb970a0aa09[0m [36mreq[0m=[35mb5e9919e[0m
[2m10:24:45[0m [[32m[1minfo     [0m] [1mGetting challenge status: id=25911e92-922f-4710-92f1-473941b21a31[0m [36mreq[0m=[35m212bd1ce[0m
[2m10:24:45[0m [[32m[1minfo     [0m] [1mrequest_finished                        [0m [36mduration[0m=[35m0.006[0m [36mmethod[0m=[35mGET[0m [36mpath[0m=[35m/api/v1/challenges/25911e92-922f-4710-92f1-473941b21a31[0m [36mreq[0m=[35m212bd1ce[0m [36mrequest_id[0m=[35m212bd1ce-3ef2-45e1-8a9b-c722e33845f5[0m [36mstatus[0m=[35m200[0m
[2m10:24:45[0m [[32m[1minfo     [0m] [1mGetting challenge results: id=25911e92-922f-4710-92f1-473941b21a31[0m [36mreq[0m=[35mbf4c82ff[0m
[2m10:24:45[0m [[32m[1minfo     [0m] [1mrequest_finished                        [0m [36mduration[0m=[35m0.004[0m [36mmethod[0m=[35mGET[0m [36mpath[0m=[35m/api/v1/challenges/25911e92-922f-4710-92f1-473941b21a31/results[0m [36mreq[0m=[35mbf4c82ff[0m [36mrequest_id[0m=[35mbf4c82ff-78f9-44eb-aeb4-247a29996dae[0m [36mstatus[0m=[35m200[0m
[2m10:24:47[0m [[32m[1minfo     [0m] [1mFile upload: begehung_maengel_20251022.opus, size=306911, type=audio/opus[0m [36mreq[0m=[35m2507e314[0m
[2m10:24:47[0m [[32m[1minfo     [0m] [1mSaved binary file to: /Users/patrick/Documents/Uni/master_project/backend/app/api/v1/endpoints/../../../uploads/113da3ae-d3cb-42ab-a2fa-8f2b9cf9ff2a.opus[0m [36mreq[0m=[35m2507e314[0m
[2m10:24:47[0m [[32m[1minfo     [0m] [1mAudio transcription skill available: skill_audio_transcription — will transcribe in background[0m [36mreq[0m=[35m2507e314[0m
[2m10:24:47[0m [[32m[1minfo     [0m] [1mFile upload: begehung_maengel_20251022.opus -> challenge_id=b8ba15f0-113b-4c1f-b307-ff12d339dbd5, gaps=0, route=execute[0m [36mreq[0m=[35m2507e314[0m
[2m10:24:47[0m [[32m[1minfo     [0m] [1mrequest_finished                        [0m [36mduration[0m=[35m0.032[0m [36mmethod[0m=[35mPOST[0m [36mpath[0m=[35m/api/v1/challenges/upload[0m [36mreq[0m=[35m2507e314[0m [36mrequest_id[0m=[35m2507e314-04b8-4a81-82a3-11bced1a11cb[0m [36mstatus[0m=[35m200[0m
[2m10:24:47[0m [[32m[1minfo     [0m] [1mExecuting challenge: id=b8ba15f0-113b-4c1f-b307-ff12d339dbd5[0m [36mreq[0m=[35mf3acb4ed[0m
[2m10:24:47[0m [[32m[1minfo     [0m] [1mrequest_finished                        [0m [36mduration[0m=[35m0.009[0m [36mmethod[0m=[35mPOST[0m [36mpath[0m=[35m/api/v1/challenges/b8ba15f0-113b-4c1f-b307-ff12d339dbd5/execute[0m [36mreq[0m=[35mf3acb4ed[0m [36mrequest_id[0m=[35mf3acb4ed-4549-4db2-bc6f-626f6780bad1[0m [36mstatus[0m=[35m200[0m
[2m10:24:47[0m [[32m[1minfo     [0m] [1mStarting background execution: challenge_id=b8ba15f0-113b-4c1f-b307-ff12d339dbd5[0m [36mreq[0m=[35mf3acb4ed[0m
[2m10:24:47[0m [[32m[1minfo     [0m] [1mLoading topology from database...       [0m [36mreq[0m=[35mf3acb4ed[0m
[2m10:24:48[0m [[32m[1minfo     [0m] [1mMapped 8 skill entries to 8 capabilities[0m [36mreq[0m=[35mf3acb4ed[0m
[2m10:24:48[0m [[32m[1minfo     [0m] [1mTopology validated: 11 agents in 5 waves[0m [36mreq[0m=[35mf3acb4ed[0m
[2m10:24:48[0m [[32m[1minfo     [0m] [1mLoaded 8 skills for topology            [0m [36mreq[0m=[35mf3acb4ed[0m
[2m10:24:48[0m [[32m[1minfo     [0m] [1mTopology loaded: 11 agents, 5 waves     [0m [36mreq[0m=[35mf3acb4ed[0m
[2m10:24:48[0m [[32m[1minfo     [0m] [1mShared memory initialized with Qdrant   [0m [36mreq[0m=[35mf3acb4ed[0m
[2m10:24:48[0m [[32m[1minfo     [0m] [1mHybridOrchestrator initialized          [0m [36mreq[0m=[35mf3acb4ed[0m
[2m10:24:48[0m [[32m[1minfo     [0m] [1mStarting execution: fca3c683-2e77-4a65-ad97-4a50d06e07bd[0m [36mreq[0m=[35mf3acb4ed[0m
[2m10:24:48[0m [[32m[1minfo     [0m] [1mLoading topology from database...       [0m [36mreq[0m=[35mf3acb4ed[0m
[2m10:24:48[0m [[32m[1minfo     [0m] [1mMapped 8 skill entries to 8 capabilities[0m [36mreq[0m=[35mf3acb4ed[0m
[2m10:24:48[0m [[32m[1minfo     [0m] [1mTopology validated: 11 agents in 5 waves[0m [36mreq[0m=[35mf3acb4ed[0m
[2m10:24:48[0m [[32m[1minfo     [0m] [1mLoaded 8 skills for topology            [0m [36mreq[0m=[35mf3acb4ed[0m
[2m10:24:48[0m [[32m[1minfo     [0m] [1mTopology loaded: 11 agents, 5 waves     [0m [36mreq[0m=[35mf3acb4ed[0m
[2m10:24:48[0m [[32m[1minfo     [0m] [1mDocker client connected successfully    [0m [36mreq[0m=[35mf3acb4ed[0m
[2m10:24:48[0m [[32m[1minfo     [0m] [1mCreated DynamicSandbox executor (Docker-based, unrestricted)[0m [36mreq[0m=[35mf3acb4ed[0m
[2m10:24:48[0m [[33m[1mwarning  [0m] [1mCould not create intervention orchestrator for self-healing: create_intervention_orchestrator() got an unexpected keyword argument 'db'[0m [36mreq[0m=[35mf3acb4ed[0m
[2m10:24:48[0m [[32m[1minfo     [0m] [1mExecuting wave 1/5: ['05bebe15-b46f-4b91-96e3-a50f6cf9e68d', '90c17f3b-7f91-4174-b3ac-b59a51feb378', '65ad3c5c-f66c-49a0-a7cd-4b9ebc6142b9', '073d766c-ed4f-4519-8e36-8c9631e97c67'][0m [36mreq[0m=[35mf3acb4ed[0m
[2m10:24:48[0m [[32m[1minfo     [0m] [1mExecuting agent: transcript_analyzer (05bebe15-b46f-4b91-96e3-a50f6cf9e68d)[0m [36mreq[0m=[35mf3acb4ed[0m
[2m10:24:48[0m [[32m[1minfo     [0m] [1mExecuting agent: product_owner (90c17f3b-7f91-4174-b3ac-b59a51feb378)[0m [36mreq[0m=[35mf3acb4ed[0m
[2m10:24:48[0m [[33m[1mwarning  [0m] [1mAgent product_owner expected artifacts ['analysis_findings'] but none found in pool[0m [36mreq[0m=[35mf3acb4ed[0m
[2m10:24:48[0m [[32m[1minfo     [0m] [1mExecuting agent: quality_judge (65ad3c5c-f66c-49a0-a7cd-4b9ebc6142b9)[0m [36mreq[0m=[35mf3acb4ed[0m
[2m10:24:48[0m [[33m[1mwarning  [0m] [1mAgent quality_judge expected artifacts ['ab_test_samples'] but none found in pool[0m [36mreq[0m=[35mf3acb4ed[0m
[2m10:24:48[0m [[32m[1minfo     [0m] [1mExecuting agent: execution_analyzer (073d766c-ed4f-4519-8e36-8c9631e97c67)[0m [36mreq[0m=[35mf3acb4ed[0m
[2m10:24:48[0m [[33m[1mwarning  [0m] [1mAgent execution_analyzer expected artifacts ['execution_telemetry'] but none found in pool[0m [36mreq[0m=[35mf3acb4ed[0m
[2m10:24:48[0m [[32m[1minfo     [0m] [1mshared_memory_metrics agent=transcript_analyzer facts_kept=5 facts_total=8 hypotheses=0 relations=0 approx_tokens=2370 query_chars=1998[0m [36mreq[0m=[35mf3acb4ed[0m
[2m10:24:49[0m [[32m[1minfo     [0m] [1mAgent execution_analyzer returned final answer after 0 tool calls[0m [36mreq[0m=[35mf3acb4ed[0m
[2m10:24:49[0m [[32m[1minfo     [0m] [1mAgent quality_judge returned final answer after 0 tool calls[0m [36mreq[0m=[35mf3acb4ed[0m
[2m10:24:49[0m [[32m[1minfo     [0m] [1mAgent execution_analyzer completed      [0m [36mreq[0m=[35mf3acb4ed[0m
[2m10:24:49[0m [[32m[1minfo     [0m] [1mAgent quality_judge completed           [0m [36mreq[0m=[35mf3acb4ed[0m
[2m10:24:49[0m [[32m[1minfo     [0m] [1mAgent product_owner returned final answer after 0 tool calls[0m [36mreq[0m=[35mf3acb4ed[0m
[2m10:24:49[0m [[32m[1minfo     [0m] [1mAgent product_owner completed           [0m [36mreq[0m=[35mf3acb4ed[0m
[2m10:24:49[0m [[32m[1minfo     [0m] [1mTool call 1/5: skill_audio_transcription[0m [36mreq[0m=[35mf3acb4ed[0m
[2m10:24:49[0m [[32m[1minfo     [0m] [1mStarting sandbox execution: pip=[], apt=['ffmpeg'], input_files=[][0m [36mreq[0m=[35mf3acb4ed[0m
[2m10:24:49[0m [[32m[1minfo     [0m] [1mFound cached image: lumari-sandbox:audio-6ccb47b0 (usage=6)[0m [36mreq[0m=[35mf3acb4ed[0m
[2m10:24:49[0m [[32m[1minfo     [0m] [1mUsing cached image: lumari-sandbox:audio-6ccb47b0[0m [36mreq[0m=[35mf3acb4ed[0m
[2m10:24:50[0m [[32m[1minfo     [0m] [1mSandbox execution complete: success=True, time=887ms, cached=True[0m [36mreq[0m=[35mf3acb4ed[0m
[2m10:24:53[0m [[32m[1minfo     [0m] [1mGetting challenge status: id=b8ba15f0-113b-4c1f-b307-ff12d339dbd5[0m [36mreq[0m=[35mafe3081d[0m
[2m10:24:53[0m [[32m[1minfo     [0m] [1mrequest_finished                        [0m [36mduration[0m=[35m0.018[0m [36mmethod[0m=[35mGET[0m [36mpath[0m=[35m/api/v1/challenges/b8ba15f0-113b-4c1f-b307-ff12d339dbd5[0m [36mreq[0m=[35mafe3081d[0m [36mrequest_id[0m=[35mafe3081d-2bce-40a9-9768-acf03e0e898c[0m [36mstatus[0m=[35m200[0m
[2m10:24:57[0m [[32m[1minfo     [0m] [1mAgent transcript_analyzer returned final answer after 1 tool calls[0m [36mreq[0m=[35mf3acb4ed[0m
[2m10:24:58[0m [[32m[1minfo     [0m] [1mGetting challenge status: id=b8ba15f0-113b-4c1f-b307-ff12d339dbd5[0m [36mreq[0m=[35m39890611[0m
[2m10:24:58[0m [[32m[1minfo     [0m] [1mrequest_finished                        [0m [36mduration[0m=[35m0.034[0m [36mmethod[0m=[35mGET[0m [36mpath[0m=[35m/api/v1/challenges/b8ba15f0-113b-4c1f-b307-ff12d339dbd5[0m [36mreq[0m=[35m39890611[0m [36mrequest_id[0m=[35m39890611-c6ca-48e0-a785-b8e470a9e1c2[0m [36mstatus[0m=[35m200[0m
[2m10:24:58[0m [[32m[1minfo     [0m] [1mAgent transcript_analyzer completed     [0m [36mreq[0m=[35mf3acb4ed[0m
[2m10:24:58[0m [[32m[1minfo     [0m] [1mWave 1 agent 'transcript_analyzer' completed: success=True, skipped=False, result_len=318[0m [36mreq[0m=[35mf3acb4ed[0m
[2m10:24:58[0m [[32m[1minfo     [0m] [1mWave 1 agent 'product_owner' completed: success=True, skipped=False, result_len=254[0m [36mreq[0m=[35mf3acb4ed[0m
[2m10:24:58[0m [[32m[1minfo     [0m] [1mWave 1 agent 'quality_judge' completed: success=True, skipped=False, result_len=211[0m [36mreq[0m=[35mf3acb4ed[0m
[2m10:24:58[0m [[32m[1minfo     [0m] [1mWave 1 agent 'execution_analyzer' completed: success=True, skipped=False, result_len=226[0m [36mreq[0m=[35mf3acb4ed[0m
[2m10:24:58[0m [[32m[1minfo     [0m] [1mExecuting wave 2/5: ['49898ec1-10da-4a11-8457-1358d844c805', '07f8b963-9d7c-4232-ba20-52aa8d850e1d'][0m [36mreq[0m=[35mf3acb4ed[0m
[2m10:24:58[0m [[32m[1minfo     [0m] [1mExecuting agent: context_retriever (49898ec1-10da-4a11-8457-1358d844c805)[0m [36mreq[0m=[35mf3acb4ed[0m
[2m10:24:58[0m [[32m[1minfo     [0m] [1mExecuting agent: control_agent (07f8b963-9d7c-4232-ba20-52aa8d850e1d)[0m [36mreq[0m=[35mf3acb4ed[0m
[2m10:25:00[0m [[32m[1minfo     [0m] [1mAgent control_agent returned final answer after 0 tool calls[0m [36mreq[0m=[35mf3acb4ed[0m
[2m10:25:00[0m [[32m[1minfo     [0m] [1mAgent context_retriever returned final answer after 0 tool calls[0m [36mreq[0m=[35mf3acb4ed[0m
[2m10:25:01[0m [[32m[1minfo     [0m] [1mAgent control_agent completed           [0m [36mreq[0m=[35mf3acb4ed[0m
[2m10:25:01[0m [[32m[1minfo     [0m] [1mAgent context_retriever completed       [0m [36mreq[0m=[35mf3acb4ed[0m
[2m10:25:01[0m [[32m[1minfo     [0m] [1mWave 2 agent 'context_retriever' completed: success=True, skipped=False, result_len=303[0m [36mreq[0m=[35mf3acb4ed[0m
[2m10:25:01[0m [[32m[1minfo     [0m] [1mWave 2 agent 'control_agent' completed: success=True, skipped=False, result_len=194[0m [36mreq[0m=[35mf3acb4ed[0m
[2m10:25:01[0m [[32m[1minfo     [0m] [1mExecuting wave 3/5: ['f54aabd1-ca21-4768-b12e-ccf5ca95d0da', 'a676e764-25ce-41cf-95d1-b838c8e6804d', 'd01ede79-d82b-465b-ae42-d1a7a2ec4188'][0m [36mreq[0m=[35mf3acb4ed[0m
[2m10:25:01[0m [[32m[1minfo     [0m] [1mExecuting agent: report_generator (f54aabd1-ca21-4768-b12e-ccf5ca95d0da)[0m [36mreq[0m=[35mf3acb4ed[0m
[2m10:25:01[0m [[32m[1minfo     [0m] [1mExecuting agent: prompt_engineer (a676e764-25ce-41cf-95d1-b838c8e6804d)[0m [36mreq[0m=[35mf3acb4ed[0m
[2m10:25:01[0m [[32m[1minfo     [0m] [1mExecuting agent: tool_builder (d01ede79-d82b-465b-ae42-d1a7a2ec4188)[0m [36mreq[0m=[35mf3acb4ed[0m
[2m10:25:02[0m [[32m[1minfo     [0m] [1mAgent report_generator returned final answer after 0 tool calls[0m [36mreq[0m=[35mf3acb4ed[0m
[2m10:25:02[0m [[32m[1minfo     [0m] [1mAgent report_generator completed        [0m [36mreq[0m=[35mf3acb4ed[0m
[2m10:25:03[0m [[32m[1minfo     [0m] [1mGetting challenge status: id=b8ba15f0-113b-4c1f-b307-ff12d339dbd5[0m [36mreq[0m=[35m4af8e631[0m
[2m10:25:03[0m [[32m[1minfo     [0m] [1mrequest_finished                        [0m [36mduration[0m=[35m0.004[0m [36mmethod[0m=[35mGET[0m [36mpath[0m=[35m/api/v1/challenges/b8ba15f0-113b-4c1f-b307-ff12d339dbd5[0m [36mreq[0m=[35m4af8e631[0m [36mrequest_id[0m=[35m4af8e631-21f4-4002-a305-b8afaa7f2e91[0m [36mstatus[0m=[35m200[0m
[2m10:25:03[0m [[32m[1minfo     [0m] [1mAgent prompt_engineer returned final answer after 0 tool calls[0m [36mreq[0m=[35mf3acb4ed[0m
[2m10:25:04[0m [[32m[1minfo     [0m] [1mAgent prompt_engineer completed         [0m [36mreq[0m=[35mf3acb4ed[0m
[2m10:25:07[0m [[32m[1minfo     [0m] [1mAgent tool_builder returned final answer after 0 tool calls[0m [36mreq[0m=[35mf3acb4ed[0m
[2m10:25:07[0m [[32m[1minfo     [0m] [1mAgent tool_builder completed            [0m [36mreq[0m=[35mf3acb4ed[0m
[2m10:25:07[0m [[32m[1minfo     [0m] [1mWave 3 agent 'report_generator' completed: success=True, skipped=False, result_len=344[0m [36mreq[0m=[35mf3acb4ed[0m
[2m10:25:07[0m [[32m[1minfo     [0m] [1mWave 3 agent 'prompt_engineer' completed: success=True, skipped=False, result_len=1763[0m [36mreq[0m=[35mf3acb4ed[0m
[2m10:25:07[0m [[32m[1minfo     [0m] [1mWave 3 agent 'tool_builder' completed: success=True, skipped=False, result_len=222[0m [36mreq[0m=[35mf3acb4ed[0m
[2m10:25:07[0m [[32m[1minfo     [0m] [1mExecuting wave 4/5: ['85860279-90e3-4984-b25d-af840d3dca9b'][0m [36mreq[0m=[35mf3acb4ed[0m
[2m10:25:07[0m [[32m[1minfo     [0m] [1mExecuting agent: quality_validator (85860279-90e3-4984-b25d-af840d3dca9b)[0m [36mreq[0m=[35mf3acb4ed[0m
[2m10:25:08[0m [[32m[1minfo     [0m] [1mGetting challenge status: id=b8ba15f0-113b-4c1f-b307-ff12d339dbd5[0m [36mreq[0m=[35m4af9209d[0m
[2m10:25:08[0m [[32m[1minfo     [0m] [1mrequest_finished                        [0m [36mduration[0m=[35m0.017[0m [36mmethod[0m=[35mGET[0m [36mpath[0m=[35m/api/v1/challenges/b8ba15f0-113b-4c1f-b307-ff12d339dbd5[0m [36mreq[0m=[35m4af9209d[0m [36mrequest_id[0m=[35m4af9209d-dec8-4dc9-b8e9-af58ef485b3c[0m [36mstatus[0m=[35m200[0m
[2m10:25:08[0m [[32m[1minfo     [0m] [1mAgent quality_validator returned final answer after 0 tool calls[0m [36mreq[0m=[35mf3acb4ed[0m
[2m10:25:08[0m [[32m[1minfo     [0m] [1mAgent quality_validator completed       [0m [36mreq[0m=[35mf3acb4ed[0m
[2m10:25:08[0m [[32m[1minfo     [0m] [1mWave 4 agent 'quality_validator' completed: success=True, skipped=False, result_len=429[0m [36mreq[0m=[35mf3acb4ed[0m
[2m10:25:08[0m [[32m[1minfo     [0m] [1mExecuting wave 5/5: ['bbd241f8-1df0-49f4-950a-dc61efa2c950'][0m [36mreq[0m=[35mf3acb4ed[0m
[2m10:25:08[0m [[32m[1minfo     [0m] [1mExecuting agent: report_finalizer (bbd241f8-1df0-49f4-950a-dc61efa2c950)[0m [36mreq[0m=[35mf3acb4ed[0m
[2m10:25:10[0m [[32m[1minfo     [0m] [1mAgent report_finalizer returned final answer after 0 tool calls[0m [36mreq[0m=[35mf3acb4ed[0m
[2m10:25:10[0m [[32m[1minfo     [0m] [1mAgent report_finalizer completed        [0m [36mreq[0m=[35mf3acb4ed[0m
[2m10:25:10[0m [[32m[1minfo     [0m] [1mWave 5 agent 'report_finalizer' completed: success=True, skipped=False, result_len=757[0m [36mreq[0m=[35mf3acb4ed[0m
[2m10:25:10[0m [[32m[1minfo     [0m] [1mArtifact pool cleared: 11 artifacts discarded[0m [36mreq[0m=[35mf3acb4ed[0m
[2m10:25:10[0m [[32m[1minfo     [0m] [1mPersisted 1 facts to shared memory for execution fca3c683-2e77-4a65-ad97-4a50d06e07bd[0m [36mreq[0m=[35mf3acb4ed[0m
[2m10:25:10[0m [[32m[1minfo     [0m] [1mStarting telemetry for agent=05bebe15..., execution=fca3c683...[0m [36mreq[0m=[35mf3acb4ed[0m
[2m10:25:10[0m [[33m[1mwarning  [0m] [1mTelemetrie-Bridge fehlgeschlagen: 1 validation error for ExecutionTelemetryCreate
outcome
  Input should be 'success', 'error', 'timeout' or 'cancelled' [type=literal_error, input_value='running', input_type=str]
    For further information visit https://errors.pydantic.dev/2.11/v/literal_error[0m [36mreq[0m=[35mf3acb4ed[0m
[2m10:25:10[0m [[32m[1minfo     [0m] [1mConfigured epicbox profile: image=lumari-sandbox:latest, limits={'cputime': 5, 'realtime': 10, 'memory': 128, 'processes': 1}[0m [36mreq[0m=[35mf3acb4ed[0m
[2m10:25:10[0m [[32m[1minfo     [0m] [1mStarting analysis pipeline for execution_id=fca3c683...[0m [36mreq[0m=[35mf3acb4ed[0m
[2m10:25:10[0m [[32m[1minfo     [0m] [1mExecution completed: challenge_id=b8ba15f0-113b-4c1f-b307-ff12d339dbd5, success=True[0m [36mreq[0m=[35mf3acb4ed[0m
[2m10:25:10[0m [[33m[1mwarning  [0m] [1mNo telemetry found for execution fca3c683-2e77-4a65-ad97-4a50d06e07bd[0m [36mreq[0m=[35mf3acb4ed[0m
[2m10:25:13[0m [[32m[1minfo     [0m] [1mGetting challenge status: id=b8ba15f0-113b-4c1f-b307-ff12d339dbd5[0m [36mreq[0m=[35m0a042bd4[0m
[2m10:25:13[0m [[32m[1minfo     [0m] [1mrequest_finished                        [0m [36mduration[0m=[35m0.01[0m [36mmethod[0m=[35mGET[0m [36mpath[0m=[35m/api/v1/challenges/b8ba15f0-113b-4c1f-b307-ff12d339dbd5[0m [36mreq[0m=[35m0a042bd4[0m [36mrequest_id[0m=[35m0a042bd4-ce4d-4617-80b4-1b1e9729758d[0m [36mstatus[0m=[35m200[0m
[2m10:25:13[0m [[32m[1minfo     [0m] [1mGetting challenge results: id=b8ba15f0-113b-4c1f-b307-ff12d339dbd5[0m [36mreq[0m=[35ma4319b34[0m
[2m10:25:13[0m [[32m[1minfo     [0m] [1mrequest_finished                        [0m [36mduration[0m=[35m0.008[0m [36mmethod[0m=[35mGET[0m [36mpath[0m=[35m/api/v1/challenges/b8ba15f0-113b-4c1f-b307-ff12d339dbd5/results[0m [36mreq[0m=[35ma4319b34[0m [36mrequest_id[0m=[35ma4319b34-8bde-4133-ac70-e5df80859a81[0m [36mstatus[0m=[35m200[0m
[2m10:25:15[0m [[32m[1minfo     [0m] [1mFile upload: bauleitungssitzung_20251028.opus, size=371346, type=audio/opus[0m [36mreq[0m=[35m8ce63453[0m
[2m10:25:15[0m [[32m[1minfo     [0m] [1mSaved binary file to: /Users/patrick/Documents/Uni/master_project/backend/app/api/v1/endpoints/../../../uploads/6e49ad60-92cf-4d1e-afa2-d304fa980fb2.opus[0m [36mreq[0m=[35m8ce63453[0m
[2m10:25:15[0m [[32m[1minfo     [0m] [1mAudio transcription skill available: skill_audio_transcription — will transcribe in background[0m [36mreq[0m=[35m8ce63453[0m
[2m10:25:15[0m [[32m[1minfo     [0m] [1mFile upload: bauleitungssitzung_20251028.opus -> challenge_id=7c852d11-17ff-45bb-a714-bf33300b3ab5, gaps=0, route=execute[0m [36mreq[0m=[35m8ce63453[0m
[2m10:25:15[0m [[32m[1minfo     [0m] [1mrequest_finished                        [0m [36mduration[0m=[35m0.029[0m [36mmethod[0m=[35mPOST[0m [36mpath[0m=[35m/api/v1/challenges/upload[0m [36mreq[0m=[35m8ce63453[0m [36mrequest_id[0m=[35m8ce63453-75e3-4bf4-a4b4-a612aeb9360e[0m [36mstatus[0m=[35m200[0m
[2m10:25:15[0m [[32m[1minfo     [0m] [1mExecuting challenge: id=7c852d11-17ff-45bb-a714-bf33300b3ab5[0m [36mreq[0m=[35ma68be11c[0m
[2m10:25:15[0m [[32m[1minfo     [0m] [1mrequest_finished                        [0m [36mduration[0m=[35m0.005[0m [36mmethod[0m=[35mPOST[0m [36mpath[0m=[35m/api/v1/challenges/7c852d11-17ff-45bb-a714-bf33300b3ab5/execute[0m [36mreq[0m=[35ma68be11c[0m [36mrequest_id[0m=[35ma68be11c-3936-4923-a795-2ecf93acc040[0m [36mstatus[0m=[35m200[0m
[2m10:25:15[0m [[32m[1minfo     [0m] [1mStarting background execution: challenge_id=7c852d11-17ff-45bb-a714-bf33300b3ab5[0m [36mreq[0m=[35ma68be11c[0m
[2m10:25:15[0m [[32m[1minfo     [0m] [1mLoading topology from database...       [0m [36mreq[0m=[35ma68be11c[0m
[2m10:25:15[0m [[32m[1minfo     [0m] [1mMapped 8 skill entries to 8 capabilities[0m [36mreq[0m=[35ma68be11c[0m
[2m10:25:15[0m [[32m[1minfo     [0m] [1mTopology validated: 11 agents in 5 waves[0m [36mreq[0m=[35ma68be11c[0m
[2m10:25:15[0m [[32m[1minfo     [0m] [1mLoaded 8 skills for topology            [0m [36mreq[0m=[35ma68be11c[0m
[2m10:25:15[0m [[32m[1minfo     [0m] [1mTopology loaded: 11 agents, 5 waves     [0m [36mreq[0m=[35ma68be11c[0m
[2m10:25:15[0m [[32m[1minfo     [0m] [1mShared memory initialized with Qdrant   [0m [36mreq[0m=[35ma68be11c[0m
[2m10:25:15[0m [[32m[1minfo     [0m] [1mHybridOrchestrator initialized          [0m [36mreq[0m=[35ma68be11c[0m
[2m10:25:15[0m [[32m[1minfo     [0m] [1mStarting execution: af27afa4-5e81-4548-b904-c692595a8924[0m [36mreq[0m=[35ma68be11c[0m
[2m10:25:15[0m [[32m[1minfo     [0m] [1mLoading topology from database...       [0m [36mreq[0m=[35ma68be11c[0m
[2m10:25:15[0m [[32m[1minfo     [0m] [1mMapped 8 skill entries to 8 capabilities[0m [36mreq[0m=[35ma68be11c[0m
[2m10:25:15[0m [[32m[1minfo     [0m] [1mTopology validated: 11 agents in 5 waves[0m [36mreq[0m=[35ma68be11c[0m
[2m10:25:15[0m [[32m[1minfo     [0m] [1mLoaded 8 skills for topology            [0m [36mreq[0m=[35ma68be11c[0m
[2m10:25:15[0m [[32m[1minfo     [0m] [1mTopology loaded: 11 agents, 5 waves     [0m [36mreq[0m=[35ma68be11c[0m
[2m10:25:15[0m [[32m[1minfo     [0m] [1mDocker client connected successfully    [0m [36mreq[0m=[35ma68be11c[0m
[2m10:25:15[0m [[32m[1minfo     [0m] [1mCreated DynamicSandbox executor (Docker-based, unrestricted)[0m [36mreq[0m=[35ma68be11c[0m
[2m10:25:15[0m [[33m[1mwarning  [0m] [1mCould not create intervention orchestrator for self-healing: create_intervention_orchestrator() got an unexpected keyword argument 'db'[0m [36mreq[0m=[35ma68be11c[0m
[2m10:25:15[0m [[32m[1minfo     [0m] [1mExecuting wave 1/5: ['05bebe15-b46f-4b91-96e3-a50f6cf9e68d', '90c17f3b-7f91-4174-b3ac-b59a51feb378', '65ad3c5c-f66c-49a0-a7cd-4b9ebc6142b9', '073d766c-ed4f-4519-8e36-8c9631e97c67'][0m [36mreq[0m=[35ma68be11c[0m
[2m10:25:15[0m [[32m[1minfo     [0m] [1mExecuting agent: transcript_analyzer (05bebe15-b46f-4b91-96e3-a50f6cf9e68d)[0m [36mreq[0m=[35ma68be11c[0m
[2m10:25:15[0m [[32m[1minfo     [0m] [1mExecuting agent: product_owner (90c17f3b-7f91-4174-b3ac-b59a51feb378)[0m [36mreq[0m=[35ma68be11c[0m
[2m10:25:15[0m [[33m[1mwarning  [0m] [1mAgent product_owner expected artifacts ['analysis_findings'] but none found in pool[0m [36mreq[0m=[35ma68be11c[0m
[2m10:25:15[0m [[32m[1minfo     [0m] [1mExecuting agent: quality_judge (65ad3c5c-f66c-49a0-a7cd-4b9ebc6142b9)[0m [36mreq[0m=[35ma68be11c[0m
[2m10:25:15[0m [[33m[1mwarning  [0m] [1mAgent quality_judge expected artifacts ['ab_test_samples'] but none found in pool[0m [36mreq[0m=[35ma68be11c[0m
[2m10:25:15[0m [[32m[1minfo     [0m] [1mExecuting agent: execution_analyzer (073d766c-ed4f-4519-8e36-8c9631e97c67)[0m [36mreq[0m=[35ma68be11c[0m
[2m10:25:15[0m [[33m[1mwarning  [0m] [1mAgent execution_analyzer expected artifacts ['execution_telemetry'] but none found in pool[0m [36mreq[0m=[35ma68be11c[0m
[2m10:25:15[0m [[32m[1minfo     [0m] [1mshared_memory_metrics agent=transcript_analyzer facts_kept=5 facts_total=8 hypotheses=0 relations=0 approx_tokens=2361 query_chars=1998[0m [36mreq[0m=[35ma68be11c[0m
[2m10:25:16[0m [[32m[1minfo     [0m] [1mAgent quality_judge returned final answer after 0 tool calls[0m [36mreq[0m=[35ma68be11c[0m
[2m10:25:16[0m [[32m[1minfo     [0m] [1mAgent quality_judge completed           [0m [36mreq[0m=[35ma68be11c[0m
[2m10:25:16[0m [[32m[1minfo     [0m] [1mAgent product_owner returned final answer after 0 tool calls[0m [36mreq[0m=[35ma68be11c[0m
[2m10:25:16[0m [[32m[1minfo     [0m] [1mAgent product_owner completed           [0m [36mreq[0m=[35ma68be11c[0m
[2m10:25:16[0m [[32m[1minfo     [0m] [1mAgent execution_analyzer returned final answer after 0 tool calls[0m [36mreq[0m=[35ma68be11c[0m
[2m10:25:16[0m [[32m[1minfo     [0m] [1mAgent execution_analyzer completed      [0m [36mreq[0m=[35ma68be11c[0m
[2m10:25:16[0m [[32m[1minfo     [0m] [1mTool call 1/5: skill_audio_transcription[0m [36mreq[0m=[35ma68be11c[0m
[2m10:25:16[0m [[32m[1minfo     [0m] [1mStarting sandbox execution: pip=[], apt=['ffmpeg'], input_files=[][0m [36mreq[0m=[35ma68be11c[0m
[2m10:25:16[0m [[32m[1minfo     [0m] [1mFound cached image: lumari-sandbox:audio-6ccb47b0 (usage=7)[0m [36mreq[0m=[35ma68be11c[0m
[2m10:25:16[0m [[32m[1minfo     [0m] [1mUsing cached image: lumari-sandbox:audio-6ccb47b0[0m [36mreq[0m=[35ma68be11c[0m
[2m10:25:17[0m [[32m[1minfo     [0m] [1mSandbox execution complete: success=True, time=865ms, cached=True[0m [36mreq[0m=[35ma68be11c[0m
[2m10:25:20[0m [[32m[1minfo     [0m] [1mGetting challenge status: id=7c852d11-17ff-45bb-a714-bf33300b3ab5[0m [36mreq[0m=[35m3dc24d5f[0m
[2m10:25:20[0m [[32m[1minfo     [0m] [1mrequest_finished                        [0m [36mduration[0m=[35m0.007[0m [36mmethod[0m=[35mGET[0m [36mpath[0m=[35m/api/v1/challenges/7c852d11-17ff-45bb-a714-bf33300b3ab5[0m [36mreq[0m=[35m3dc24d5f[0m [36mrequest_id[0m=[35m3dc24d5f-c6ce-4793-b1ec-85b98b7cb8a6[0m [36mstatus[0m=[35m200[0m
[2m10:25:24[0m [[32m[1minfo     [0m] [1mAgent transcript_analyzer returned final answer after 1 tool calls[0m [36mreq[0m=[35ma68be11c[0m
[2m10:25:24[0m [[32m[1minfo     [0m] [1mAgent transcript_analyzer completed     [0m [36mreq[0m=[35ma68be11c[0m
[2m10:25:24[0m [[32m[1minfo     [0m] [1mWave 1 agent 'transcript_analyzer' completed: success=True, skipped=False, result_len=451[0m [36mreq[0m=[35ma68be11c[0m
[2m10:25:24[0m [[32m[1minfo     [0m] [1mWave 1 agent 'product_owner' completed: success=True, skipped=False, result_len=213[0m [36mreq[0m=[35ma68be11c[0m
[2m10:25:24[0m [[32m[1minfo     [0m] [1mWave 1 agent 'quality_judge' completed: success=True, skipped=False, result_len=173[0m [36mreq[0m=[35ma68be11c[0m
[2m10:25:24[0m [[32m[1minfo     [0m] [1mWave 1 agent 'execution_analyzer' completed: success=True, skipped=False, result_len=196[0m [36mreq[0m=[35ma68be11c[0m
[2m10:25:24[0m [[32m[1minfo     [0m] [1mExecuting wave 2/5: ['49898ec1-10da-4a11-8457-1358d844c805', '07f8b963-9d7c-4232-ba20-52aa8d850e1d'][0m [36mreq[0m=[35ma68be11c[0m
[2m10:25:24[0m [[32m[1minfo     [0m] [1mExecuting agent: context_retriever (49898ec1-10da-4a11-8457-1358d844c805)[0m [36mreq[0m=[35ma68be11c[0m
[2m10:25:24[0m [[32m[1minfo     [0m] [1mExecuting agent: control_agent (07f8b963-9d7c-4232-ba20-52aa8d850e1d)[0m [36mreq[0m=[35ma68be11c[0m
[2m10:25:25[0m [[32m[1minfo     [0m] [1mGetting challenge status: id=7c852d11-17ff-45bb-a714-bf33300b3ab5[0m [36mreq[0m=[35md29fb04c[0m
[2m10:25:25[0m [[32m[1minfo     [0m] [1mrequest_finished                        [0m [36mduration[0m=[35m0.009[0m [36mmethod[0m=[35mGET[0m [36mpath[0m=[35m/api/v1/challenges/7c852d11-17ff-45bb-a714-bf33300b3ab5[0m [36mreq[0m=[35md29fb04c[0m [36mrequest_id[0m=[35md29fb04c-1117-4a7b-a902-38eeae6bc017[0m [36mstatus[0m=[35m200[0m
[2m10:25:25[0m [[32m[1minfo     [0m] [1mAgent control_agent returned final answer after 0 tool calls[0m [36mreq[0m=[35ma68be11c[0m
[2m10:25:25[0m [[32m[1minfo     [0m] [1mAgent control_agent completed           [0m [36mreq[0m=[35ma68be11c[0m
[2m10:25:26[0m [[32m[1minfo     [0m] [1mAgent context_retriever returned final answer after 0 tool calls[0m [36mreq[0m=[35ma68be11c[0m
[2m10:25:26[0m [[32m[1minfo     [0m] [1mAgent context_retriever completed       [0m [36mreq[0m=[35ma68be11c[0m
[2m10:25:26[0m [[32m[1minfo     [0m] [1mWave 2 agent 'context_retriever' completed: success=True, skipped=False, result_len=474[0m [36mreq[0m=[35ma68be11c[0m
[2m10:25:26[0m [[32m[1minfo     [0m] [1mWave 2 agent 'control_agent' completed: success=True, skipped=False, result_len=151[0m [36mreq[0m=[35ma68be11c[0m
[2m10:25:26[0m [[32m[1minfo     [0m] [1mExecuting wave 3/5: ['f54aabd1-ca21-4768-b12e-ccf5ca95d0da', 'a676e764-25ce-41cf-95d1-b838c8e6804d', 'd01ede79-d82b-465b-ae42-d1a7a2ec4188'][0m [36mreq[0m=[35ma68be11c[0m
[2m10:25:26[0m [[32m[1minfo     [0m] [1mExecuting agent: report_generator (f54aabd1-ca21-4768-b12e-ccf5ca95d0da)[0m [36mreq[0m=[35ma68be11c[0m
[2m10:25:26[0m [[32m[1minfo     [0m] [1mExecuting agent: prompt_engineer (a676e764-25ce-41cf-95d1-b838c8e6804d)[0m [36mreq[0m=[35ma68be11c[0m
[2m10:25:26[0m [[32m[1minfo     [0m] [1mExecuting agent: tool_builder (d01ede79-d82b-465b-ae42-d1a7a2ec4188)[0m [36mreq[0m=[35ma68be11c[0m
[2m10:25:27[0m [[32m[1minfo     [0m] [1mAgent report_generator returned final answer after 0 tool calls[0m [36mreq[0m=[35ma68be11c[0m
[2m10:25:27[0m [[32m[1minfo     [0m] [1mAgent report_generator completed        [0m [36mreq[0m=[35ma68be11c[0m
[2m10:25:28[0m [[32m[1minfo     [0m] [1mAgent prompt_engineer returned final answer after 0 tool calls[0m [36mreq[0m=[35ma68be11c[0m
[2m10:25:29[0m [[32m[1minfo     [0m] [1mAgent prompt_engineer completed         [0m [36mreq[0m=[35ma68be11c[0m
[2m10:25:30[0m [[32m[1minfo     [0m] [1mGetting challenge status: id=7c852d11-17ff-45bb-a714-bf33300b3ab5[0m [36mreq[0m=[35m789892f7[0m
[2m10:25:30[0m [[32m[1minfo     [0m] [1mrequest_finished                        [0m [36mduration[0m=[35m0.004[0m [36mmethod[0m=[35mGET[0m [36mpath[0m=[35m/api/v1/challenges/7c852d11-17ff-45bb-a714-bf33300b3ab5[0m [36mreq[0m=[35m789892f7[0m [36mrequest_id[0m=[35m789892f7-bc6b-4a5e-b9da-ed611a8737b1[0m [36mstatus[0m=[35m200[0m
[2m10:25:33[0m [[33m[1mwarning  [0m] [1mRetryable error in structured+usage call (attempt 1/6), retrying in 2.2s...[0m [36mreq[0m=[35ma68be11c[0m
[2m10:25:35[0m [[32m[1minfo     [0m] [1mGetting challenge status: id=7c852d11-17ff-45bb-a714-bf33300b3ab5[0m [36mreq[0m=[35m2413c2cb[0m
[2m10:25:35[0m [[32m[1minfo     [0m] [1mrequest_finished                        [0m [36mduration[0m=[35m0.017[0m [36mmethod[0m=[35mGET[0m [36mpath[0m=[35m/api/v1/challenges/7c852d11-17ff-45bb-a714-bf33300b3ab5[0m [36mreq[0m=[35m2413c2cb[0m [36mrequest_id[0m=[35m2413c2cb-abfb-4483-add7-302859e1c925[0m [36mstatus[0m=[35m200[0m
[2m10:25:40[0m [[32m[1minfo     [0m] [1mGetting challenge status: id=7c852d11-17ff-45bb-a714-bf33300b3ab5[0m [36mreq[0m=[35m196fa215[0m
[2m10:25:40[0m [[32m[1minfo     [0m] [1mrequest_finished                        [0m [36mduration[0m=[35m0.005[0m [36mmethod[0m=[35mGET[0m [36mpath[0m=[35m/api/v1/challenges/7c852d11-17ff-45bb-a714-bf33300b3ab5[0m [36mreq[0m=[35m196fa215[0m [36mrequest_id[0m=[35m196fa215-f792-437a-a67e-8e85ea2cf9d2[0m [36mstatus[0m=[35m200[0m
[2m10:25:42[0m [[32m[1minfo     [0m] [1mAgent tool_builder returned final answer after 0 tool calls[0m [36mreq[0m=[35ma68be11c[0m
[2m10:25:42[0m [[32m[1minfo     [0m] [1mAgent tool_builder completed            [0m [36mreq[0m=[35ma68be11c[0m
[2m10:25:42[0m [[32m[1minfo     [0m] [1mWave 3 agent 'report_generator' completed: success=True, skipped=False, result_len=375[0m [36mreq[0m=[35ma68be11c[0m
[2m10:25:42[0m [[32m[1minfo     [0m] [1mWave 3 agent 'prompt_engineer' completed: success=True, skipped=False, result_len=1668[0m [36mreq[0m=[35ma68be11c[0m
[2m10:25:42[0m [[32m[1minfo     [0m] [1mWave 3 agent 'tool_builder' completed: success=True, skipped=False, result_len=227[0m [36mreq[0m=[35ma68be11c[0m
[2m10:25:42[0m [[32m[1minfo     [0m] [1mExecuting wave 4/5: ['85860279-90e3-4984-b25d-af840d3dca9b'][0m [36mreq[0m=[35ma68be11c[0m
[2m10:25:42[0m [[32m[1minfo     [0m] [1mExecuting agent: quality_validator (85860279-90e3-4984-b25d-af840d3dca9b)[0m [36mreq[0m=[35ma68be11c[0m
[2m10:25:43[0m [[32m[1minfo     [0m] [1mAgent quality_validator returned final answer after 0 tool calls[0m [36mreq[0m=[35ma68be11c[0m
[2m10:25:44[0m [[32m[1minfo     [0m] [1mAgent quality_validator completed       [0m [36mreq[0m=[35ma68be11c[0m
[2m10:25:44[0m [[32m[1minfo     [0m] [1mWave 4 agent 'quality_validator' completed: success=True, skipped=False, result_len=427[0m [36mreq[0m=[35ma68be11c[0m
[2m10:25:44[0m [[32m[1minfo     [0m] [1mExecuting wave 5/5: ['bbd241f8-1df0-49f4-950a-dc61efa2c950'][0m [36mreq[0m=[35ma68be11c[0m
[2m10:25:44[0m [[32m[1minfo     [0m] [1mExecuting agent: report_finalizer (bbd241f8-1df0-49f4-950a-dc61efa2c950)[0m [36mreq[0m=[35ma68be11c[0m
[2m10:25:45[0m [[32m[1minfo     [0m] [1mGetting challenge status: id=7c852d11-17ff-45bb-a714-bf33300b3ab5[0m [36mreq[0m=[35m35020168[0m
[2m10:25:45[0m [[32m[1minfo     [0m] [1mrequest_finished                        [0m [36mduration[0m=[35m0.004[0m [36mmethod[0m=[35mGET[0m [36mpath[0m=[35m/api/v1/challenges/7c852d11-17ff-45bb-a714-bf33300b3ab5[0m [36mreq[0m=[35m35020168[0m [36mrequest_id[0m=[35m35020168-bec9-4521-b585-a15921cf4666[0m [36mstatus[0m=[35m200[0m
[2m10:25:46[0m [[32m[1minfo     [0m] [1mAgent report_finalizer returned final answer after 0 tool calls[0m [36mreq[0m=[35ma68be11c[0m
[2m10:25:46[0m [[32m[1minfo     [0m] [1mAgent report_finalizer completed        [0m [36mreq[0m=[35ma68be11c[0m
[2m10:25:46[0m [[32m[1minfo     [0m] [1mWave 5 agent 'report_finalizer' completed: success=True, skipped=False, result_len=730[0m [36mreq[0m=[35ma68be11c[0m
[2m10:25:46[0m [[32m[1minfo     [0m] [1mArtifact pool cleared: 11 artifacts discarded[0m [36mreq[0m=[35ma68be11c[0m
[2m10:25:46[0m [[32m[1minfo     [0m] [1mPersisted 1 facts to shared memory for execution af27afa4-5e81-4548-b904-c692595a8924[0m [36mreq[0m=[35ma68be11c[0m
[2m10:25:46[0m [[32m[1minfo     [0m] [1mStarting telemetry for agent=05bebe15..., execution=af27afa4...[0m [36mreq[0m=[35ma68be11c[0m
[2m10:25:46[0m [[33m[1mwarning  [0m] [1mTelemetrie-Bridge fehlgeschlagen: 1 validation error for ExecutionTelemetryCreate
outcome
  Input should be 'success', 'error', 'timeout' or 'cancelled' [type=literal_error, input_value='running', input_type=str]
    For further information visit https://errors.pydantic.dev/2.11/v/literal_error[0m [36mreq[0m=[35ma68be11c[0m
[2m10:25:46[0m [[32m[1minfo     [0m] [1mConfigured epicbox profile: image=lumari-sandbox:latest, limits={'cputime': 5, 'realtime': 10, 'memory': 128, 'processes': 1}[0m [36mreq[0m=[35ma68be11c[0m
[2m10:25:46[0m [[32m[1minfo     [0m] [1mStarting analysis pipeline for execution_id=af27afa4...[0m [36mreq[0m=[35ma68be11c[0m
[2m10:25:46[0m [[32m[1minfo     [0m] [1mExecution completed: challenge_id=7c852d11-17ff-45bb-a714-bf33300b3ab5, success=True[0m [36mreq[0m=[35ma68be11c[0m
[2m10:25:46[0m [[33m[1mwarning  [0m] [1mNo telemetry found for execution af27afa4-5e81-4548-b904-c692595a8924[0m [36mreq[0m=[35ma68be11c[0m
[2m10:25:50[0m [[32m[1minfo     [0m] [1mGetting challenge status: id=7c852d11-17ff-45bb-a714-bf33300b3ab5[0m [36mreq[0m=[35m79486bea[0m
[2m10:25:50[0m [[32m[1minfo     [0m] [1mrequest_finished                        [0m [36mduration[0m=[35m0.005[0m [36mmethod[0m=[35mGET[0m [36mpath[0m=[35m/api/v1/challenges/7c852d11-17ff-45bb-a714-bf33300b3ab5[0m [36mreq[0m=[35m79486bea[0m [36mrequest_id[0m=[35m79486bea-c0a3-4d8f-a038-a223b7c262db[0m [36mstatus[0m=[35m200[0m
[2m10:25:50[0m [[32m[1minfo     [0m] [1mGetting challenge results: id=7c852d11-17ff-45bb-a714-bf33300b3ab5[0m [36mreq[0m=[35m1531ac2a[0m
[2m10:25:50[0m [[32m[1minfo     [0m] [1mrequest_finished                        [0m [36mduration[0m=[35m0.004[0m [36mmethod[0m=[35mGET[0m [36mpath[0m=[35m/api/v1/challenges/7c852d11-17ff-45bb-a714-bf33300b3ab5/results[0m [36mreq[0m=[35m1531ac2a[0m [36mrequest_id[0m=[35m1531ac2a-60bf-4771-bd29-089076d6f352[0m [36mstatus[0m=[35m200[0m
[2m10:25:52[0m [[32m[1minfo     [0m] [1mFile upload: telefonat_statiker_20251030.opus, size=162031, type=audio/opus[0m [36mreq[0m=[35m4ad5662e[0m
[2m10:25:52[0m [[32m[1minfo     [0m] [1mSaved binary file to: /Users/patrick/Documents/Uni/master_project/backend/app/api/v1/endpoints/../../../uploads/1f3dcb17-681c-4603-8a74-8edc4b1c531b.opus[0m [36mreq[0m=[35m4ad5662e[0m
[2m10:25:52[0m [[32m[1minfo     [0m] [1mAudio transcription skill available: skill_audio_transcription — will transcribe in background[0m [36mreq[0m=[35m4ad5662e[0m
[2m10:25:52[0m [[32m[1minfo     [0m] [1mFile upload: telefonat_statiker_20251030.opus -> challenge_id=4652db1d-e346-4c2d-b1c8-ea84e53ec934, gaps=0, route=execute[0m [36mreq[0m=[35m4ad5662e[0m
[2m10:25:52[0m [[32m[1minfo     [0m] [1mrequest_finished                        [0m [36mduration[0m=[35m0.042[0m [36mmethod[0m=[35mPOST[0m [36mpath[0m=[35m/api/v1/challenges/upload[0m [36mreq[0m=[35m4ad5662e[0m [36mrequest_id[0m=[35m4ad5662e-fc8f-45a4-a8fd-b379f2de5d83[0m [36mstatus[0m=[35m200[0m
[2m10:25:52[0m [[32m[1minfo     [0m] [1mExecuting challenge: id=4652db1d-e346-4c2d-b1c8-ea84e53ec934[0m [36mreq[0m=[35m0edadad9[0m
[2m10:25:52[0m [[32m[1minfo     [0m] [1mrequest_finished                        [0m [36mduration[0m=[35m0.005[0m [36mmethod[0m=[35mPOST[0m [36mpath[0m=[35m/api/v1/challenges/4652db1d-e346-4c2d-b1c8-ea84e53ec934/execute[0m [36mreq[0m=[35m0edadad9[0m [36mrequest_id[0m=[35m0edadad9-5c8e-4fbc-aee5-939991e70453[0m [36mstatus[0m=[35m200[0m
[2m10:25:52[0m [[32m[1minfo     [0m] [1mStarting background execution: challenge_id=4652db1d-e346-4c2d-b1c8-ea84e53ec934[0m [36mreq[0m=[35m0edadad9[0m
[2m10:25:52[0m [[32m[1minfo     [0m] [1mLoading topology from database...       [0m [36mreq[0m=[35m0edadad9[0m
[2m10:25:52[0m [[32m[1minfo     [0m] [1mMapped 8 skill entries to 8 capabilities[0m [36mreq[0m=[35m0edadad9[0m
[2m10:25:52[0m [[32m[1minfo     [0m] [1mTopology validated: 11 agents in 5 waves[0m [36mreq[0m=[35m0edadad9[0m
[2m10:25:52[0m [[32m[1minfo     [0m] [1mLoaded 8 skills for topology            [0m [36mreq[0m=[35m0edadad9[0m
[2m10:25:52[0m [[32m[1minfo     [0m] [1mTopology loaded: 11 agents, 5 waves     [0m [36mreq[0m=[35m0edadad9[0m
[2m10:25:52[0m [[32m[1minfo     [0m] [1mShared memory initialized with Qdrant   [0m [36mreq[0m=[35m0edadad9[0m
[2m10:25:52[0m [[32m[1minfo     [0m] [1mHybridOrchestrator initialized          [0m [36mreq[0m=[35m0edadad9[0m
[2m10:25:52[0m [[32m[1minfo     [0m] [1mStarting execution: 22b6975d-a82c-4462-bb51-2134a24eec7a[0m [36mreq[0m=[35m0edadad9[0m
[2m10:25:52[0m [[32m[1minfo     [0m] [1mLoading topology from database...       [0m [36mreq[0m=[35m0edadad9[0m
[2m10:25:52[0m [[32m[1minfo     [0m] [1mMapped 8 skill entries to 8 capabilities[0m [36mreq[0m=[35m0edadad9[0m
[2m10:25:52[0m [[32m[1minfo     [0m] [1mTopology validated: 11 agents in 5 waves[0m [36mreq[0m=[35m0edadad9[0m
[2m10:25:52[0m [[32m[1minfo     [0m] [1mLoaded 8 skills for topology            [0m [36mreq[0m=[35m0edadad9[0m
[2m10:25:52[0m [[32m[1minfo     [0m] [1mTopology loaded: 11 agents, 5 waves     [0m [36mreq[0m=[35m0edadad9[0m
[2m10:25:52[0m [[32m[1minfo     [0m] [1mDocker client connected successfully    [0m [36mreq[0m=[35m0edadad9[0m
[2m10:25:52[0m [[32m[1minfo     [0m] [1mCreated DynamicSandbox executor (Docker-based, unrestricted)[0m [36mreq[0m=[35m0edadad9[0m
[2m10:25:52[0m [[33m[1mwarning  [0m] [1mCould not create intervention orchestrator for self-healing: create_intervention_orchestrator() got an unexpected keyword argument 'db'[0m [36mreq[0m=[35m0edadad9[0m
[2m10:25:52[0m [[32m[1minfo     [0m] [1mExecuting wave 1/5: ['05bebe15-b46f-4b91-96e3-a50f6cf9e68d', '90c17f3b-7f91-4174-b3ac-b59a51feb378', '65ad3c5c-f66c-49a0-a7cd-4b9ebc6142b9', '073d766c-ed4f-4519-8e36-8c9631e97c67'][0m [36mreq[0m=[35m0edadad9[0m
[2m10:25:52[0m [[32m[1minfo     [0m] [1mExecuting agent: transcript_analyzer (05bebe15-b46f-4b91-96e3-a50f6cf9e68d)[0m [36mreq[0m=[35m0edadad9[0m
[2m10:25:52[0m [[32m[1minfo     [0m] [1mExecuting agent: product_owner (90c17f3b-7f91-4174-b3ac-b59a51feb378)[0m [36mreq[0m=[35m0edadad9[0m
[2m10:25:52[0m [[33m[1mwarning  [0m] [1mAgent product_owner expected artifacts ['analysis_findings'] but none found in pool[0m [36mreq[0m=[35m0edadad9[0m
[2m10:25:52[0m [[32m[1minfo     [0m] [1mExecuting agent: quality_judge (65ad3c5c-f66c-49a0-a7cd-4b9ebc6142b9)[0m [36mreq[0m=[35m0edadad9[0m
[2m10:25:52[0m [[33m[1mwarning  [0m] [1mAgent quality_judge expected artifacts ['ab_test_samples'] but none found in pool[0m [36mreq[0m=[35m0edadad9[0m
[2m10:25:52[0m [[32m[1minfo     [0m] [1mExecuting agent: execution_analyzer (073d766c-ed4f-4519-8e36-8c9631e97c67)[0m [36mreq[0m=[35m0edadad9[0m
[2m10:25:52[0m [[33m[1mwarning  [0m] [1mAgent execution_analyzer expected artifacts ['execution_telemetry'] but none found in pool[0m [36mreq[0m=[35m0edadad9[0m
[2m10:25:52[0m [[32m[1minfo     [0m] [1mshared_memory_metrics agent=transcript_analyzer facts_kept=5 facts_total=8 hypotheses=0 relations=0 approx_tokens=2361 query_chars=1998[0m [36mreq[0m=[35m0edadad9[0m
[2m10:25:53[0m [[32m[1minfo     [0m] [1mAgent execution_analyzer returned final answer after 0 tool calls[0m [36mreq[0m=[35m0edadad9[0m
[2m10:25:53[0m [[32m[1minfo     [0m] [1mAgent quality_judge returned final answer after 0 tool calls[0m [36mreq[0m=[35m0edadad9[0m
[2m10:25:53[0m [[32m[1minfo     [0m] [1mAgent product_owner returned final answer after 0 tool calls[0m [36mreq[0m=[35m0edadad9[0m
[2m10:25:53[0m [[32m[1minfo     [0m] [1mAgent quality_judge completed           [0m [36mreq[0m=[35m0edadad9[0m
[2m10:25:53[0m [[32m[1minfo     [0m] [1mAgent execution_analyzer completed      [0m [36mreq[0m=[35m0edadad9[0m
[2m10:25:53[0m [[32m[1minfo     [0m] [1mAgent product_owner completed           [0m [36mreq[0m=[35m0edadad9[0m
[2m10:25:53[0m [[32m[1minfo     [0m] [1mTool call 1/5: skill_audio_transcription[0m [36mreq[0m=[35m0edadad9[0m
[2m10:25:53[0m [[32m[1minfo     [0m] [1mStarting sandbox execution: pip=[], apt=['ffmpeg'], input_files=[][0m [36mreq[0m=[35m0edadad9[0m
[2m10:25:53[0m [[32m[1minfo     [0m] [1mFound cached image: lumari-sandbox:audio-6ccb47b0 (usage=8)[0m [36mreq[0m=[35m0edadad9[0m
[2m10:25:53[0m [[32m[1minfo     [0m] [1mUsing cached image: lumari-sandbox:audio-6ccb47b0[0m [36mreq[0m=[35m0edadad9[0m
[2m10:25:54[0m [[32m[1minfo     [0m] [1mSandbox execution complete: success=True, time=680ms, cached=True[0m [36mreq[0m=[35m0edadad9[0m
[2m10:25:57[0m [[32m[1minfo     [0m] [1mGetting challenge status: id=4652db1d-e346-4c2d-b1c8-ea84e53ec934[0m [36mreq[0m=[35m3a2da9dd[0m
[2m10:25:57[0m [[32m[1minfo     [0m] [1mrequest_finished                        [0m [36mduration[0m=[35m0.007[0m [36mmethod[0m=[35mGET[0m [36mpath[0m=[35m/api/v1/challenges/4652db1d-e346-4c2d-b1c8-ea84e53ec934[0m [36mreq[0m=[35m3a2da9dd[0m [36mrequest_id[0m=[35m3a2da9dd-5064-4394-b1d0-5b53675df84b[0m [36mstatus[0m=[35m200[0m
[2m10:26:01[0m [[32m[1minfo     [0m] [1mAgent transcript_analyzer returned final answer after 1 tool calls[0m [36mreq[0m=[35m0edadad9[0m
[2m10:26:01[0m [[32m[1minfo     [0m] [1mAgent transcript_analyzer completed     [0m [36mreq[0m=[35m0edadad9[0m
[2m10:26:01[0m [[32m[1minfo     [0m] [1mWave 1 agent 'transcript_analyzer' completed: success=True, skipped=False, result_len=395[0m [36mreq[0m=[35m0edadad9[0m
[2m10:26:01[0m [[32m[1minfo     [0m] [1mWave 1 agent 'product_owner' completed: success=True, skipped=False, result_len=229[0m [36mreq[0m=[35m0edadad9[0m
[2m10:26:01[0m [[32m[1minfo     [0m] [1mWave 1 agent 'quality_judge' completed: success=True, skipped=False, result_len=173[0m [36mreq[0m=[35m0edadad9[0m
[2m10:26:01[0m [[32m[1minfo     [0m] [1mWave 1 agent 'execution_analyzer' completed: success=True, skipped=False, result_len=226[0m [36mreq[0m=[35m0edadad9[0m
[2m10:26:01[0m [[32m[1minfo     [0m] [1mExecuting wave 2/5: ['49898ec1-10da-4a11-8457-1358d844c805', '07f8b963-9d7c-4232-ba20-52aa8d850e1d'][0m [36mreq[0m=[35m0edadad9[0m
[2m10:26:01[0m [[32m[1minfo     [0m] [1mExecuting agent: context_retriever (49898ec1-10da-4a11-8457-1358d844c805)[0m [36mreq[0m=[35m0edadad9[0m
[2m10:26:01[0m [[32m[1minfo     [0m] [1mExecuting agent: control_agent (07f8b963-9d7c-4232-ba20-52aa8d850e1d)[0m [36mreq[0m=[35m0edadad9[0m
[2m10:26:02[0m [[32m[1minfo     [0m] [1mAgent control_agent returned final answer after 0 tool calls[0m [36mreq[0m=[35m0edadad9[0m
[2m10:26:02[0m [[32m[1minfo     [0m] [1mAgent control_agent completed           [0m [36mreq[0m=[35m0edadad9[0m
[2m10:26:02[0m [[32m[1minfo     [0m] [1mGetting challenge status: id=4652db1d-e346-4c2d-b1c8-ea84e53ec934[0m [36mreq[0m=[35m818dc283[0m
[2m10:26:02[0m [[32m[1minfo     [0m] [1mrequest_finished                        [0m [36mduration[0m=[35m0.007[0m [36mmethod[0m=[35mGET[0m [36mpath[0m=[35m/api/v1/challenges/4652db1d-e346-4c2d-b1c8-ea84e53ec934[0m [36mreq[0m=[35m818dc283[0m [36mrequest_id[0m=[35m818dc283-657f-43d9-ad38-c36d1860c978[0m [36mstatus[0m=[35m200[0m
[2m10:26:02[0m [[32m[1minfo     [0m] [1mAgent context_retriever returned final answer after 0 tool calls[0m [36mreq[0m=[35m0edadad9[0m
[2m10:26:03[0m [[32m[1minfo     [0m] [1mAgent context_retriever completed       [0m [36mreq[0m=[35m0edadad9[0m
[2m10:26:03[0m [[32m[1minfo     [0m] [1mWave 2 agent 'context_retriever' completed: success=True, skipped=False, result_len=662[0m [36mreq[0m=[35m0edadad9[0m
[2m10:26:03[0m [[32m[1minfo     [0m] [1mWave 2 agent 'control_agent' completed: success=True, skipped=False, result_len=166[0m [36mreq[0m=[35m0edadad9[0m
[2m10:26:03[0m [[32m[1minfo     [0m] [1mExecuting wave 3/5: ['f54aabd1-ca21-4768-b12e-ccf5ca95d0da', 'a676e764-25ce-41cf-95d1-b838c8e6804d', 'd01ede79-d82b-465b-ae42-d1a7a2ec4188'][0m [36mreq[0m=[35m0edadad9[0m
[2m10:26:03[0m [[32m[1minfo     [0m] [1mExecuting agent: report_generator (f54aabd1-ca21-4768-b12e-ccf5ca95d0da)[0m [36mreq[0m=[35m0edadad9[0m
[2m10:26:03[0m [[32m[1minfo     [0m] [1mExecuting agent: prompt_engineer (a676e764-25ce-41cf-95d1-b838c8e6804d)[0m [36mreq[0m=[35m0edadad9[0m
[2m10:26:03[0m [[32m[1minfo     [0m] [1mExecuting agent: tool_builder (d01ede79-d82b-465b-ae42-d1a7a2ec4188)[0m [36mreq[0m=[35m0edadad9[0m
[2m10:26:04[0m [[32m[1minfo     [0m] [1mAgent report_generator returned final answer after 0 tool calls[0m [36mreq[0m=[35m0edadad9[0m
[2m10:26:04[0m [[32m[1minfo     [0m] [1mAgent report_generator completed        [0m [36mreq[0m=[35m0edadad9[0m
[2m10:26:05[0m [[32m[1minfo     [0m] [1mAgent prompt_engineer returned final answer after 0 tool calls[0m [36mreq[0m=[35m0edadad9[0m
[2m10:26:05[0m [[32m[1minfo     [0m] [1mAgent prompt_engineer completed         [0m [36mreq[0m=[35m0edadad9[0m
[2m10:26:07[0m [[32m[1minfo     [0m] [1mAgent tool_builder returned final answer after 0 tool calls[0m [36mreq[0m=[35m0edadad9[0m
[2m10:26:07[0m [[32m[1minfo     [0m] [1mAgent tool_builder completed            [0m [36mreq[0m=[35m0edadad9[0m
[2m10:26:07[0m [[32m[1minfo     [0m] [1mWave 3 agent 'report_generator' completed: success=True, skipped=False, result_len=393[0m [36mreq[0m=[35m0edadad9[0m
[2m10:26:07[0m [[32m[1minfo     [0m] [1mWave 3 agent 'prompt_engineer' completed: success=True, skipped=False, result_len=1729[0m [36mreq[0m=[35m0edadad9[0m
[2m10:26:07[0m [[32m[1minfo     [0m] [1mWave 3 agent 'tool_builder' completed: success=True, skipped=False, result_len=230[0m [36mreq[0m=[35m0edadad9[0m
[2m10:26:07[0m [[32m[1minfo     [0m] [1mExecuting wave 4/5: ['85860279-90e3-4984-b25d-af840d3dca9b'][0m [36mreq[0m=[35m0edadad9[0m
[2m10:26:07[0m [[32m[1minfo     [0m] [1mExecuting agent: quality_validator (85860279-90e3-4984-b25d-af840d3dca9b)[0m [36mreq[0m=[35m0edadad9[0m
[2m10:26:07[0m [[32m[1minfo     [0m] [1mGetting challenge status: id=4652db1d-e346-4c2d-b1c8-ea84e53ec934[0m [36mreq[0m=[35mba97a454[0m
[2m10:26:07[0m [[32m[1minfo     [0m] [1mrequest_finished                        [0m [36mduration[0m=[35m0.005[0m [36mmethod[0m=[35mGET[0m [36mpath[0m=[35m/api/v1/challenges/4652db1d-e346-4c2d-b1c8-ea84e53ec934[0m [36mreq[0m=[35mba97a454[0m [36mrequest_id[0m=[35mba97a454-31cb-4454-b124-6add5c3af3bd[0m [36mstatus[0m=[35m200[0m
[2m10:26:08[0m [[32m[1minfo     [0m] [1mAgent quality_validator returned final answer after 0 tool calls[0m [36mreq[0m=[35m0edadad9[0m
[2m10:26:08[0m [[32m[1minfo     [0m] [1mAgent quality_validator completed       [0m [36mreq[0m=[35m0edadad9[0m
[2m10:26:08[0m [[32m[1minfo     [0m] [1mWave 4 agent 'quality_validator' completed: success=True, skipped=False, result_len=498[0m [36mreq[0m=[35m0edadad9[0m
[2m10:26:08[0m [[32m[1minfo     [0m] [1mExecuting wave 5/5: ['bbd241f8-1df0-49f4-950a-dc61efa2c950'][0m [36mreq[0m=[35m0edadad9[0m
[2m10:26:08[0m [[32m[1minfo     [0m] [1mExecuting agent: report_finalizer (bbd241f8-1df0-49f4-950a-dc61efa2c950)[0m [36mreq[0m=[35m0edadad9[0m
[2m10:26:10[0m [[32m[1minfo     [0m] [1mAgent report_finalizer returned final answer after 0 tool calls[0m [36mreq[0m=[35m0edadad9[0m
[2m10:26:11[0m [[32m[1minfo     [0m] [1mAgent report_finalizer completed        [0m [36mreq[0m=[35m0edadad9[0m
[2m10:26:11[0m [[32m[1minfo     [0m] [1mWave 5 agent 'report_finalizer' completed: success=True, skipped=False, result_len=958[0m [36mreq[0m=[35m0edadad9[0m
[2m10:26:11[0m [[32m[1minfo     [0m] [1mArtifact pool cleared: 11 artifacts discarded[0m [36mreq[0m=[35m0edadad9[0m
[2m10:26:11[0m [[32m[1minfo     [0m] [1mPersisted 1 facts to shared memory for execution 22b6975d-a82c-4462-bb51-2134a24eec7a[0m [36mreq[0m=[35m0edadad9[0m
[2m10:26:11[0m [[32m[1minfo     [0m] [1mStarting telemetry for agent=05bebe15..., execution=22b6975d...[0m [36mreq[0m=[35m0edadad9[0m
[2m10:26:11[0m [[33m[1mwarning  [0m] [1mTelemetrie-Bridge fehlgeschlagen: 1 validation error for ExecutionTelemetryCreate
outcome
  Input should be 'success', 'error', 'timeout' or 'cancelled' [type=literal_error, input_value='running', input_type=str]
    For further information visit https://errors.pydantic.dev/2.11/v/literal_error[0m [36mreq[0m=[35m0edadad9[0m
[2m10:26:11[0m [[32m[1minfo     [0m] [1mConfigured epicbox profile: image=lumari-sandbox:latest, limits={'cputime': 5, 'realtime': 10, 'memory': 128, 'processes': 1}[0m [36mreq[0m=[35m0edadad9[0m
[2m10:26:11[0m [[32m[1minfo     [0m] [1mStarting analysis pipeline for execution_id=22b6975d...[0m [36mreq[0m=[35m0edadad9[0m
[2m10:26:11[0m [[32m[1minfo     [0m] [1mExecution completed: challenge_id=4652db1d-e346-4c2d-b1c8-ea84e53ec934, success=True[0m [36mreq[0m=[35m0edadad9[0m
[2m10:26:11[0m [[33m[1mwarning  [0m] [1mNo telemetry found for execution 22b6975d-a82c-4462-bb51-2134a24eec7a[0m [36mreq[0m=[35m0edadad9[0m
[2m10:26:12[0m [[32m[1minfo     [0m] [1mGetting challenge status: id=4652db1d-e346-4c2d-b1c8-ea84e53ec934[0m [36mreq[0m=[35m8c2c43c8[0m
[2m10:26:12[0m [[32m[1minfo     [0m] [1mrequest_finished                        [0m [36mduration[0m=[35m0.004[0m [36mmethod[0m=[35mGET[0m [36mpath[0m=[35m/api/v1/challenges/4652db1d-e346-4c2d-b1c8-ea84e53ec934[0m [36mreq[0m=[35m8c2c43c8[0m [36mrequest_id[0m=[35m8c2c43c8-9c51-4461-9124-00f179fd2fc0[0m [36mstatus[0m=[35m200[0m
[2m10:26:12[0m [[32m[1minfo     [0m] [1mGetting challenge results: id=4652db1d-e346-4c2d-b1c8-ea84e53ec934[0m [36mreq[0m=[35m5c3740ef[0m
[2m10:26:12[0m [[32m[1minfo     [0m] [1mrequest_finished                        [0m [36mduration[0m=[35m0.005[0m [36mmethod[0m=[35mGET[0m [36mpath[0m=[35m/api/v1/challenges/4652db1d-e346-4c2d-b1c8-ea84e53ec934/results[0m [36mreq[0m=[35m5c3740ef[0m [36mrequest_id[0m=[35m5c3740ef-ca63-4015-88c4-7e8e937adb0e[0m [36mstatus[0m=[35m200[0m
[2m10:26:14[0m [[32m[1minfo     [0m] [1mFile upload: sicherheitsbericht_20251105.opus, size=318785, type=audio/opus[0m [36mreq[0m=[35m6e1efd79[0m
[2m10:26:14[0m [[32m[1minfo     [0m] [1mSaved binary file to: /Users/patrick/Documents/Uni/master_project/backend/app/api/v1/endpoints/../../../uploads/f080d835-5727-45b6-8bd2-2f405987e7cf.opus[0m [36mreq[0m=[35m6e1efd79[0m
[2m10:26:14[0m [[32m[1minfo     [0m] [1mAudio transcription skill available: skill_audio_transcription — will transcribe in background[0m [36mreq[0m=[35m6e1efd79[0m
[2m10:26:14[0m [[32m[1minfo     [0m] [1mFile upload: sicherheitsbericht_20251105.opus -> challenge_id=bed36aec-d0bf-4424-bec0-ede75e275d8c, gaps=0, route=execute[0m [36mreq[0m=[35m6e1efd79[0m
[2m10:26:14[0m [[32m[1minfo     [0m] [1mrequest_finished                        [0m [36mduration[0m=[35m0.02[0m [36mmethod[0m=[35mPOST[0m [36mpath[0m=[35m/api/v1/challenges/upload[0m [36mreq[0m=[35m6e1efd79[0m [36mrequest_id[0m=[35m6e1efd79-122a-4ad1-9a70-77e2d5d2a5ee[0m [36mstatus[0m=[35m200[0m
[2m10:26:14[0m [[32m[1minfo     [0m] [1mExecuting challenge: id=bed36aec-d0bf-4424-bec0-ede75e275d8c[0m [36mreq[0m=[35me8c7fa2d[0m
[2m10:26:14[0m [[32m[1minfo     [0m] [1mrequest_finished                        [0m [36mduration[0m=[35m0.004[0m [36mmethod[0m=[35mPOST[0m [36mpath[0m=[35m/api/v1/challenges/bed36aec-d0bf-4424-bec0-ede75e275d8c/execute[0m [36mreq[0m=[35me8c7fa2d[0m [36mrequest_id[0m=[35me8c7fa2d-a633-4515-b016-30c6bf5685dd[0m [36mstatus[0m=[35m200[0m
[2m10:26:14[0m [[32m[1minfo     [0m] [1mStarting background execution: challenge_id=bed36aec-d0bf-4424-bec0-ede75e275d8c[0m [36mreq[0m=[35me8c7fa2d[0m
[2m10:26:14[0m [[32m[1minfo     [0m] [1mLoading topology from database...       [0m [36mreq[0m=[35me8c7fa2d[0m
[2m10:26:14[0m [[32m[1minfo     [0m] [1mMapped 8 skill entries to 8 capabilities[0m [36mreq[0m=[35me8c7fa2d[0m
[2m10:26:14[0m [[32m[1minfo     [0m] [1mTopology validated: 11 agents in 5 waves[0m [36mreq[0m=[35me8c7fa2d[0m
[2m10:26:14[0m [[32m[1minfo     [0m] [1mLoaded 8 skills for topology            [0m [36mreq[0m=[35me8c7fa2d[0m
[2m10:26:14[0m [[32m[1minfo     [0m] [1mTopology loaded: 11 agents, 5 waves     [0m [36mreq[0m=[35me8c7fa2d[0m
[2m10:26:14[0m [[32m[1minfo     [0m] [1mShared memory initialized with Qdrant   [0m [36mreq[0m=[35me8c7fa2d[0m
[2m10:26:14[0m [[32m[1minfo     [0m] [1mHybridOrchestrator initialized          [0m [36mreq[0m=[35me8c7fa2d[0m
[2m10:26:14[0m [[32m[1minfo     [0m] [1mStarting execution: 539ed6e7-0724-4e0c-865c-691fd7fe98a4[0m [36mreq[0m=[35me8c7fa2d[0m
[2m10:26:14[0m [[32m[1minfo     [0m] [1mLoading topology from database...       [0m [36mreq[0m=[35me8c7fa2d[0m
[2m10:26:14[0m [[32m[1minfo     [0m] [1mMapped 8 skill entries to 8 capabilities[0m [36mreq[0m=[35me8c7fa2d[0m
[2m10:26:14[0m [[32m[1minfo     [0m] [1mTopology validated: 11 agents in 5 waves[0m [36mreq[0m=[35me8c7fa2d[0m
[2m10:26:14[0m [[32m[1minfo     [0m] [1mLoaded 8 skills for topology            [0m [36mreq[0m=[35me8c7fa2d[0m
[2m10:26:14[0m [[32m[1minfo     [0m] [1mTopology loaded: 11 agents, 5 waves     [0m [36mreq[0m=[35me8c7fa2d[0m
[2m10:26:14[0m [[32m[1minfo     [0m] [1mDocker client connected successfully    [0m [36mreq[0m=[35me8c7fa2d[0m
[2m10:26:14[0m [[32m[1minfo     [0m] [1mCreated DynamicSandbox executor (Docker-based, unrestricted)[0m [36mreq[0m=[35me8c7fa2d[0m
[2m10:26:14[0m [[33m[1mwarning  [0m] [1mCould not create intervention orchestrator for self-healing: create_intervention_orchestrator() got an unexpected keyword argument 'db'[0m [36mreq[0m=[35me8c7fa2d[0m
[2m10:26:14[0m [[32m[1minfo     [0m] [1mExecuting wave 1/5: ['05bebe15-b46f-4b91-96e3-a50f6cf9e68d', '90c17f3b-7f91-4174-b3ac-b59a51feb378', '65ad3c5c-f66c-49a0-a7cd-4b9ebc6142b9', '073d766c-ed4f-4519-8e36-8c9631e97c67'][0m [36mreq[0m=[35me8c7fa2d[0m
[2m10:26:14[0m [[32m[1minfo     [0m] [1mExecuting agent: transcript_analyzer (05bebe15-b46f-4b91-96e3-a50f6cf9e68d)[0m [36mreq[0m=[35me8c7fa2d[0m
[2m10:26:14[0m [[32m[1minfo     [0m] [1mExecuting agent: product_owner (90c17f3b-7f91-4174-b3ac-b59a51feb378)[0m [36mreq[0m=[35me8c7fa2d[0m
[2m10:26:14[0m [[33m[1mwarning  [0m] [1mAgent product_owner expected artifacts ['analysis_findings'] but none found in pool[0m [36mreq[0m=[35me8c7fa2d[0m
[2m10:26:14[0m [[32m[1minfo     [0m] [1mExecuting agent: quality_judge (65ad3c5c-f66c-49a0-a7cd-4b9ebc6142b9)[0m [36mreq[0m=[35me8c7fa2d[0m
[2m10:26:14[0m [[33m[1mwarning  [0m] [1mAgent quality_judge expected artifacts ['ab_test_samples'] but none found in pool[0m [36mreq[0m=[35me8c7fa2d[0m
[2m10:26:14[0m [[32m[1minfo     [0m] [1mExecuting agent: execution_analyzer (073d766c-ed4f-4519-8e36-8c9631e97c67)[0m [36mreq[0m=[35me8c7fa2d[0m
[2m10:26:14[0m [[33m[1mwarning  [0m] [1mAgent execution_analyzer expected artifacts ['execution_telemetry'] but none found in pool[0m [36mreq[0m=[35me8c7fa2d[0m
[2m10:26:14[0m [[32m[1minfo     [0m] [1mshared_memory_metrics agent=transcript_analyzer facts_kept=5 facts_total=8 hypotheses=0 relations=0 approx_tokens=2361 query_chars=1998[0m [36mreq[0m=[35me8c7fa2d[0m
[2m10:26:15[0m [[32m[1minfo     [0m] [1mAgent quality_judge returned final answer after 0 tool calls[0m [36mreq[0m=[35me8c7fa2d[0m
[2m10:26:15[0m [[32m[1minfo     [0m] [1mAgent product_owner returned final answer after 0 tool calls[0m [36mreq[0m=[35me8c7fa2d[0m
[2m10:26:15[0m [[32m[1minfo     [0m] [1mAgent execution_analyzer returned final answer after 0 tool calls[0m [36mreq[0m=[35me8c7fa2d[0m
[2m10:26:15[0m [[32m[1minfo     [0m] [1mAgent quality_judge completed           [0m [36mreq[0m=[35me8c7fa2d[0m
[2m10:26:15[0m [[32m[1minfo     [0m] [1mAgent execution_analyzer completed      [0m [36mreq[0m=[35me8c7fa2d[0m
[2m10:26:15[0m [[32m[1minfo     [0m] [1mAgent product_owner completed           [0m [36mreq[0m=[35me8c7fa2d[0m
[2m10:26:15[0m [[32m[1minfo     [0m] [1mTool call 1/5: skill_audio_transcription[0m [36mreq[0m=[35me8c7fa2d[0m
[2m10:26:15[0m [[32m[1minfo     [0m] [1mStarting sandbox execution: pip=[], apt=['ffmpeg'], input_files=[][0m [36mreq[0m=[35me8c7fa2d[0m
[2m10:26:15[0m [[32m[1minfo     [0m] [1mFound cached image: lumari-sandbox:audio-6ccb47b0 (usage=9)[0m [36mreq[0m=[35me8c7fa2d[0m
[2m10:26:15[0m [[32m[1minfo     [0m] [1mUsing cached image: lumari-sandbox:audio-6ccb47b0[0m [36mreq[0m=[35me8c7fa2d[0m
[2m10:26:16[0m [[32m[1minfo     [0m] [1mSandbox execution complete: success=True, time=845ms, cached=True[0m [36mreq[0m=[35me8c7fa2d[0m
[2m10:26:19[0m [[32m[1minfo     [0m] [1mGetting challenge status: id=bed36aec-d0bf-4424-bec0-ede75e275d8c[0m [36mreq[0m=[35m260d566b[0m
[2m10:26:19[0m [[32m[1minfo     [0m] [1mrequest_finished                        [0m [36mduration[0m=[35m0.01[0m [36mmethod[0m=[35mGET[0m [36mpath[0m=[35m/api/v1/challenges/bed36aec-d0bf-4424-bec0-ede75e275d8c[0m [36mreq[0m=[35m260d566b[0m [36mrequest_id[0m=[35m260d566b-8128-4328-86f6-69c68316d052[0m [36mstatus[0m=[35m200[0m
[2m10:26:23[0m [[32m[1minfo     [0m] [1mAgent transcript_analyzer returned final answer after 1 tool calls[0m [36mreq[0m=[35me8c7fa2d[0m
[2m10:26:23[0m [[32m[1minfo     [0m] [1mAgent transcript_analyzer completed     [0m [36mreq[0m=[35me8c7fa2d[0m
[2m10:26:23[0m [[32m[1minfo     [0m] [1mWave 1 agent 'transcript_analyzer' completed: success=True, skipped=False, result_len=489[0m [36mreq[0m=[35me8c7fa2d[0m
[2m10:26:23[0m [[32m[1minfo     [0m] [1mWave 1 agent 'product_owner' completed: success=True, skipped=False, result_len=240[0m [36mreq[0m=[35me8c7fa2d[0m
[2m10:26:23[0m [[32m[1minfo     [0m] [1mWave 1 agent 'quality_judge' completed: success=True, skipped=False, result_len=202[0m [36mreq[0m=[35me8c7fa2d[0m
[2m10:26:23[0m [[32m[1minfo     [0m] [1mWave 1 agent 'execution_analyzer' completed: success=True, skipped=False, result_len=169[0m [36mreq[0m=[35me8c7fa2d[0m
[2m10:26:23[0m [[32m[1minfo     [0m] [1mExecuting wave 2/5: ['49898ec1-10da-4a11-8457-1358d844c805', '07f8b963-9d7c-4232-ba20-52aa8d850e1d'][0m [36mreq[0m=[35me8c7fa2d[0m
[2m10:26:23[0m [[32m[1minfo     [0m] [1mExecuting agent: context_retriever (49898ec1-10da-4a11-8457-1358d844c805)[0m [36mreq[0m=[35me8c7fa2d[0m
[2m10:26:23[0m [[32m[1minfo     [0m] [1mExecuting agent: control_agent (07f8b963-9d7c-4232-ba20-52aa8d850e1d)[0m [36mreq[0m=[35me8c7fa2d[0m
[2m10:26:24[0m [[32m[1minfo     [0m] [1mGetting challenge status: id=bed36aec-d0bf-4424-bec0-ede75e275d8c[0m [36mreq[0m=[35m9bac593e[0m
[2m10:26:24[0m [[32m[1minfo     [0m] [1mrequest_finished                        [0m [36mduration[0m=[35m0.01[0m [36mmethod[0m=[35mGET[0m [36mpath[0m=[35m/api/v1/challenges/bed36aec-d0bf-4424-bec0-ede75e275d8c[0m [36mreq[0m=[35m9bac593e[0m [36mrequest_id[0m=[35m9bac593e-3bbf-4cd9-816b-30061ce1e676[0m [36mstatus[0m=[35m200[0m
[2m10:26:24[0m [[32m[1minfo     [0m] [1mAgent control_agent returned final answer after 0 tool calls[0m [36mreq[0m=[35me8c7fa2d[0m
[2m10:26:24[0m [[32m[1minfo     [0m] [1mAgent control_agent completed           [0m [36mreq[0m=[35me8c7fa2d[0m
[2m10:26:25[0m [[32m[1minfo     [0m] [1mAgent context_retriever returned final answer after 0 tool calls[0m [36mreq[0m=[35me8c7fa2d[0m
[2m10:26:25[0m [[32m[1minfo     [0m] [1mAgent context_retriever completed       [0m [36mreq[0m=[35me8c7fa2d[0m
[2m10:26:25[0m [[32m[1minfo     [0m] [1mWave 2 agent 'context_retriever' completed: success=True, skipped=False, result_len=865[0m [36mreq[0m=[35me8c7fa2d[0m
[2m10:26:25[0m [[32m[1minfo     [0m] [1mWave 2 agent 'control_agent' completed: success=True, skipped=False, result_len=157[0m [36mreq[0m=[35me8c7fa2d[0m
[2m10:26:25[0m [[32m[1minfo     [0m] [1mExecuting wave 3/5: ['f54aabd1-ca21-4768-b12e-ccf5ca95d0da', 'a676e764-25ce-41cf-95d1-b838c8e6804d', 'd01ede79-d82b-465b-ae42-d1a7a2ec4188'][0m [36mreq[0m=[35me8c7fa2d[0m
[2m10:26:25[0m [[32m[1minfo     [0m] [1mExecuting agent: report_generator (f54aabd1-ca21-4768-b12e-ccf5ca95d0da)[0m [36mreq[0m=[35me8c7fa2d[0m
[2m10:26:25[0m [[32m[1minfo     [0m] [1mExecuting agent: prompt_engineer (a676e764-25ce-41cf-95d1-b838c8e6804d)[0m [36mreq[0m=[35me8c7fa2d[0m
[2m10:26:25[0m [[32m[1minfo     [0m] [1mExecuting agent: tool_builder (d01ede79-d82b-465b-ae42-d1a7a2ec4188)[0m [36mreq[0m=[35me8c7fa2d[0m
[2m10:26:28[0m [[32m[1minfo     [0m] [1mAgent prompt_engineer returned final answer after 0 tool calls[0m [36mreq[0m=[35me8c7fa2d[0m
[2m10:26:28[0m [[32m[1minfo     [0m] [1mAgent report_generator returned final answer after 0 tool calls[0m [36mreq[0m=[35me8c7fa2d[0m
[2m10:26:29[0m [[32m[1minfo     [0m] [1mAgent report_generator completed        [0m [36mreq[0m=[35me8c7fa2d[0m
[2m10:26:29[0m [[32m[1minfo     [0m] [1mAgent prompt_engineer completed         [0m [36mreq[0m=[35me8c7fa2d[0m
[2m10:26:29[0m [[32m[1minfo     [0m] [1mGetting challenge status: id=bed36aec-d0bf-4424-bec0-ede75e275d8c[0m [36mreq[0m=[35mbc0af84f[0m
[2m10:26:29[0m [[32m[1minfo     [0m] [1mrequest_finished                        [0m [36mduration[0m=[35m0.004[0m [36mmethod[0m=[35mGET[0m [36mpath[0m=[35m/api/v1/challenges/bed36aec-d0bf-4424-bec0-ede75e275d8c[0m [36mreq[0m=[35mbc0af84f[0m [36mrequest_id[0m=[35mbc0af84f-b8cf-42ac-89e4-b3e1ec472cf1[0m [36mstatus[0m=[35m200[0m
[2m10:26:30[0m [[32m[1minfo     [0m] [1mAgent tool_builder returned final answer after 0 tool calls[0m [36mreq[0m=[35me8c7fa2d[0m
[2m10:26:30[0m [[32m[1minfo     [0m] [1mAgent tool_builder completed            [0m [36mreq[0m=[35me8c7fa2d[0m
[2m10:26:30[0m [[32m[1minfo     [0m] [1mWave 3 agent 'report_generator' completed: success=True, skipped=False, result_len=2211[0m [36mreq[0m=[35me8c7fa2d[0m
[2m10:26:30[0m [[32m[1minfo     [0m] [1mWave 3 agent 'prompt_engineer' completed: success=True, skipped=False, result_len=1875[0m [36mreq[0m=[35me8c7fa2d[0m
[2m10:26:30[0m [[32m[1minfo     [0m] [1mWave 3 agent 'tool_builder' completed: success=True, skipped=False, result_len=235[0m [36mreq[0m=[35me8c7fa2d[0m
[2m10:26:30[0m [[32m[1minfo     [0m] [1mExecuting wave 4/5: ['85860279-90e3-4984-b25d-af840d3dca9b'][0m [36mreq[0m=[35me8c7fa2d[0m
[2m10:26:30[0m [[32m[1minfo     [0m] [1mExecuting agent: quality_validator (85860279-90e3-4984-b25d-af840d3dca9b)[0m [36mreq[0m=[35me8c7fa2d[0m
[2m10:26:31[0m [[32m[1minfo     [0m] [1mAgent quality_validator returned final answer after 0 tool calls[0m [36mreq[0m=[35me8c7fa2d[0m
[2m10:26:31[0m [[32m[1minfo     [0m] [1mAgent quality_validator completed       [0m [36mreq[0m=[35me8c7fa2d[0m
[2m10:26:31[0m [[32m[1minfo     [0m] [1mWave 4 agent 'quality_validator' completed: success=True, skipped=False, result_len=700[0m [36mreq[0m=[35me8c7fa2d[0m
[2m10:26:31[0m [[32m[1minfo     [0m] [1mExecuting wave 5/5: ['bbd241f8-1df0-49f4-950a-dc61efa2c950'][0m [36mreq[0m=[35me8c7fa2d[0m
[2m10:26:31[0m [[32m[1minfo     [0m] [1mExecuting agent: report_finalizer (bbd241f8-1df0-49f4-950a-dc61efa2c950)[0m [36mreq[0m=[35me8c7fa2d[0m
[2m10:26:34[0m [[32m[1minfo     [0m] [1mGetting challenge status: id=bed36aec-d0bf-4424-bec0-ede75e275d8c[0m [36mreq[0m=[35m47a35b55[0m
[2m10:26:34[0m [[32m[1minfo     [0m] [1mrequest_finished                        [0m [36mduration[0m=[35m0.005[0m [36mmethod[0m=[35mGET[0m [36mpath[0m=[35m/api/v1/challenges/bed36aec-d0bf-4424-bec0-ede75e275d8c[0m [36mreq[0m=[35m47a35b55[0m [36mrequest_id[0m=[35m47a35b55-0bd0-45b5-8bd3-3ed706d0a68e[0m [36mstatus[0m=[35m200[0m
[2m10:26:34[0m [[32m[1minfo     [0m] [1mAgent report_finalizer returned final answer after 0 tool calls[0m [36mreq[0m=[35me8c7fa2d[0m
[2m10:26:35[0m [[32m[1minfo     [0m] [1mAgent report_finalizer completed        [0m [36mreq[0m=[35me8c7fa2d[0m
[2m10:26:35[0m [[32m[1minfo     [0m] [1mWave 5 agent 'report_finalizer' completed: success=True, skipped=False, result_len=1933[0m [36mreq[0m=[35me8c7fa2d[0m
[2m10:26:35[0m [[32m[1minfo     [0m] [1mArtifact pool cleared: 11 artifacts discarded[0m [36mreq[0m=[35me8c7fa2d[0m
[2m10:26:35[0m [[32m[1minfo     [0m] [1mPersisted 1 facts to shared memory for execution 539ed6e7-0724-4e0c-865c-691fd7fe98a4[0m [36mreq[0m=[35me8c7fa2d[0m
[2m10:26:35[0m [[32m[1minfo     [0m] [1mStarting telemetry for agent=05bebe15..., execution=539ed6e7...[0m [36mreq[0m=[35me8c7fa2d[0m
[2m10:26:35[0m [[33m[1mwarning  [0m] [1mTelemetrie-Bridge fehlgeschlagen: 1 validation error for ExecutionTelemetryCreate
outcome
  Input should be 'success', 'error', 'timeout' or 'cancelled' [type=literal_error, input_value='running', input_type=str]
    For further information visit https://errors.pydantic.dev/2.11/v/literal_error[0m [36mreq[0m=[35me8c7fa2d[0m
[2m10:26:35[0m [[32m[1minfo     [0m] [1mConfigured epicbox profile: image=lumari-sandbox:latest, limits={'cputime': 5, 'realtime': 10, 'memory': 128, 'processes': 1}[0m [36mreq[0m=[35me8c7fa2d[0m
[2m10:26:35[0m [[32m[1minfo     [0m] [1mStarting analysis pipeline for execution_id=539ed6e7...[0m [36mreq[0m=[35me8c7fa2d[0m
[2m10:26:35[0m [[32m[1minfo     [0m] [1mExecution completed: challenge_id=bed36aec-d0bf-4424-bec0-ede75e275d8c, success=True[0m [36mreq[0m=[35me8c7fa2d[0m
[2m10:26:35[0m [[33m[1mwarning  [0m] [1mNo telemetry found for execution 539ed6e7-0724-4e0c-865c-691fd7fe98a4[0m [36mreq[0m=[35me8c7fa2d[0m
[2m10:26:39[0m [[32m[1minfo     [0m] [1mGetting challenge status: id=bed36aec-d0bf-4424-bec0-ede75e275d8c[0m [36mreq[0m=[35ma8ab1c58[0m
[2m10:26:39[0m [[32m[1minfo     [0m] [1mrequest_finished                        [0m [36mduration[0m=[35m0.004[0m [36mmethod[0m=[35mGET[0m [36mpath[0m=[35m/api/v1/challenges/bed36aec-d0bf-4424-bec0-ede75e275d8c[0m [36mreq[0m=[35ma8ab1c58[0m [36mrequest_id[0m=[35ma8ab1c58-63d4-488b-80c1-d9b2fc3c502b[0m [36mstatus[0m=[35m200[0m
[2m10:26:39[0m [[32m[1minfo     [0m] [1mGetting challenge results: id=bed36aec-d0bf-4424-bec0-ede75e275d8c[0m [36mreq[0m=[35mf10a8aa9[0m
[2m10:26:39[0m [[32m[1minfo     [0m] [1mrequest_finished                        [0m [36mduration[0m=[35m0.003[0m [36mmethod[0m=[35mGET[0m [36mpath[0m=[35m/api/v1/challenges/bed36aec-d0bf-4424-bec0-ede75e275d8c/results[0m [36mreq[0m=[35mf10a8aa9[0m [36mrequest_id[0m=[35mf10a8aa9-b140-4e4e-a509-f6b4a2b95bfb[0m [36mstatus[0m=[35m200[0m
[2m10:26:59[0m [[32m[1minfo     [0m] [1mUpdating user settings: auto_apply=True [0m [36mreq[0m=[35m01343d85[0m
[2m10:26:59[0m [[32m[1minfo     [0m] [1mUpdated settings for user default: auto_apply=True[0m [36mreq[0m=[35m01343d85[0m
[2m10:26:59[0m [[32m[1minfo     [0m] [1mrequest_finished                        [0m [36mduration[0m=[35m0.033[0m [36mmethod[0m=[35mPUT[0m [36mpath[0m=[35m/api/v1/challenges/settings/user[0m [36mreq[0m=[35m01343d85[0m [36mrequest_id[0m=[35m01343d85-8260-4a29-b4e1-92b276a5aa53[0m [36mstatus[0m=[35m200[0m
[2m10:26:59[0m [[32m[1minfo     [0m] [1mDirect challenge analysis: execution_id=8401f90f-6105-4653-8925-ae2c673c1ab2[0m [36mreq[0m=[35mcd7343b4[0m
[2m10:26:59[0m [[32m[1minfo     [0m] [1mPre-execution analysis starting for execution 8401f90f-6105-4653-8925-ae2c673c1ab2[0m [36mreq[0m=[35mcd7343b4[0m
[2m10:26:59[0m [[32m[1minfo     [0m] [1mAnalyzing challenge for execution 8401f90f-6105-4653-8925-ae2c673c1ab2[0m [36mreq[0m=[35mcd7343b4[0m
[2m10:26:59[0m [[32m[1minfo     [0m] [1mLoading topology from database...       [0m [36mreq[0m=[35mcd7343b4[0m
[2m10:26:59[0m [[32m[1minfo     [0m] [1mMapped 8 skill entries to 8 capabilities[0m [36mreq[0m=[35mcd7343b4[0m
[2m10:26:59[0m [[32m[1minfo     [0m] [1mTopology validated: 11 agents in 5 waves[0m [36mreq[0m=[35mcd7343b4[0m
[2m10:26:59[0m [[32m[1minfo     [0m] [1mLoaded 8 skills for topology            [0m [36mreq[0m=[35mcd7343b4[0m
[2m10:26:59[0m [[32m[1minfo     [0m] [1mTopology loaded: 11 agents, 5 waves     [0m [36mreq[0m=[35mcd7343b4[0m
[2m10:26:59[0m [[32m[1minfo     [0m] [1mSkill 'skill_write_a_formal_daily_construction_report' provides applicability: 'This skill should be selected when you need to generate and save a formal, text-based daily construction progress report. It requires the site name and progress summary as input to produce a timestamped file in a specified directory.'[0m [36mreq[0m=[35mcd7343b4[0m
[2m10:26:59[0m [[32m[1minfo     [0m] [1mSkill 'skill_create_a_final_pdf_or_text_based_report_of_the_pouring_protocol' provides applicability: 'Select this skill when you need to generate a formal, documented record of a completed pouring protocol in either PDF or text format. It should be used once all protocol data—including the ID, operator, timestamp, and step list—has been finalized and validated.'[0m [36mreq[0m=[35mcd7343b4[0m
[2m10:26:59[0m [[32m[1minfo     [0m] [1mSkill 'skill_define_technical_migration_and_api_integration_roadmap' provides applicability: 'Select this skill when planning the transition from a legacy system to a new API architecture to generate a structured implementation roadmap and validation plan based on a chosen migration strategy (strangler fig, big bang, or dual-write).'[0m [36mreq[0m=[35mcd7343b4[0m
[2m10:26:59[0m [[32m[1minfo     [0m] [1mSkill 'skill_audio_transcription' provides applicability: 'audio transcription'[0m [36mreq[0m=[35mcd7343b4[0m
[2m10:26:59[0m [[32m[1minfo     [0m] [1mSkill 'skill_calculate_financial_impact_and_transaction_statistics' provides applicability: 'Select this skill when you need to derive aggregate financial metrics, such as total volume, averages, and category-specific impacts, from a structured list of transaction records. It is best utilized when transaction amounts require normalization from mixed string or numeric formats into a consistent float representation.'[0m [36mreq[0m=[35mcd7343b4[0m
[2m10:26:59[0m [[32m[1minfo     [0m] [1mSkill 'skill_calculate_budget_impact_of_proposed_cost_saving_measures' provides applicability: 'Select this skill when you need to determine the financial effect of multiple cost-saving initiatives on an existing budget. It should be used when you have a defined current budget and a list of specific proposed savings amounts to calculate the new budget total and the overall percentage reduction.'[0m [36mreq[0m=[35mcd7343b4[0m
[2m10:26:59[0m [[32m[1minfo     [0m] [1mSkill 'skill_generate_a_risk_matrix_visualization_or_summary_table' provides applicability: 'Select this skill when you need to visualize or summarize a list of risks by plotting their likelihood and impact scores on a 5x5 matrix. It should be used when your input data contains structured risk entries with defined numerical likelihood and impact values.'[0m [36mreq[0m=[35mcd7343b4[0m
[2m10:26:59[0m [[32m[1minfo     [0m] [1mSkill 'skill_evaluate_technical_risks_of_custom_abap_code_and_interface_dependencies' provides applicability: 'This skill should be selected when assessing the technical debt or stability risks of an SAP environment by identifying high-complexity custom ABAP objects and critical integration hubs. It is best applied during system audits or migration planning to prioritize objects requiring refactoring or rigorous testing based on their weighted risk scores and dependency density.'[0m [36mreq[0m=[35mcd7343b4[0m
[2m10:26:59[0m [[32m[1minfo     [0m] [1mExtracted 8 capabilities from 8 active skills[0m [36mreq[0m=[35mcd7343b4[0m
[2m10:27:00[0m [[32m[1minfo     [0m] [1mPrompt 'report_generator_prompt' provides affected_capability: 'structure inspection findings into a formal report format'[0m [36mreq[0m=[35mcd7343b4[0m
[2m10:27:00[0m [[32m[1minfo     [0m] [1mPrompt 'prompt_generate_professional_business_correspondence' provides affected_capability: 'generate professional business correspondence'[0m [36mreq[0m=[35mcd7343b4[0m
[2m10:27:00[0m [[32m[1minfo     [0m] [1mPrompt 'transcript_analyzer_prompt' provides affected_capability: 'analyze meeting transcript'[0m [36mreq[0m=[35mcd7343b4[0m
[2m10:27:00[0m [[32m[1minfo     [0m] [1mPrompt 'prompt_analyze_construction_site_personnel_data' provides affected_capability: 'analyze construction site personnel data'[0m [36mreq[0m=[35mcd7343b4[0m
[2m10:27:00[0m [[32m[1minfo     [0m] [1mPrompt 'prompt_generate_a_structured_change_order_document_for_the_client' provides affected_capability: 'generate a structured change order document for the client'[0m [36mreq[0m=[35mcd7343b4[0m
[2m10:27:00[0m [[32m[1minfo     [0m] [1mPrompt 'prompt_structure_cost_breakdown_for_project_management' provides affected_capability: 'structure cost breakdown for project management'[0m [36mreq[0m=[35mcd7343b4[0m
[2m10:27:00[0m [[32m[1minfo     [0m] [1mPrompt 'report_finalizer_prompt' provides affected_capability: 'generate a formal network disruption report document'[0m [36mreq[0m=[35mcd7343b4[0m
[2m10:27:00[0m [[32m[1minfo     [0m] [1mPrompt 'prompt_analyze_incident_and_change_logs' provides affected_capability: 'analyze incident and change logs'[0m [36mreq[0m=[35mcd7343b4[0m
[2m10:27:00[0m [[32m[1minfo     [0m] [1mExtracted 8 capabilities from 8 active prompts[0m [36mreq[0m=[35mcd7343b4[0m
[2m10:27:00[0m [[32m[1minfo     [0m] [1mLLM extracted 5 capabilities: 3 execution, 2 knowledge[0m [36mreq[0m=[35mcd7343b4[0m
[2m10:27:00[0m [[32m[1minfo     [0m] [1mExtracted 5 required capabilities       [0m [36mreq[0m=[35mcd7343b4[0m
[2m10:27:02[0m [[32m[1minfo     [0m] [1mAssessment complete: CANNOT_DO (1 gaps, 1 suggestions)[0m [36mreq[0m=[35mcd7343b4[0m
[2m10:27:02[0m [[32m[1minfo     [0m] [1mASSESSMENT_LOG execution_id=8401f90f-6105-4653-8925-ae2c673c1ab2 confidence=CANNOT_DO gaps=1 route=developer_team duration_ms=2874[0m [36mreq[0m=[35mcd7343b4[0m
[2m10:27:02[0m [[32m[1minfo     [0m] [1mPre-execution analysis complete: CANNOT_DO -> route: developer_team[0m [36mreq[0m=[35mcd7343b4[0m
[2m10:27:02[0m [[32m[1minfo     [0m] [1mOrchestrator analysis complete: confidence=CANNOT_DO, route=developer_team[0m [36mreq[0m=[35mcd7343b4[0m
[2m10:27:02[0m [[32m[1minfo     [0m] [1m0 gaps already satisfied, 1 remaining   [0m [36mreq[0m=[35mcd7343b4[0m
[2m10:27:02[0m [[32m[1minfo     [0m] [1mGenerated build plan for challenge b65a9101-0819-42f4-aea9-8d6e8e4419f0: 1 items, 1 critical[0m [36mreq[0m=[35mcd7343b4[0m
[2m10:27:02[0m [[32m[1minfo     [0m] [1mrequest_finished                        [0m [36mduration[0m=[35m3.069[0m [36mmethod[0m=[35mPOST[0m [36mpath[0m=[35m/api/v1/challenges/analyze[0m [36mreq[0m=[35mcd7343b4[0m [36mrequest_id[0m=[35mcd7343b4-4446-4ecd-b1b1-c21304d3453b[0m [36mstatus[0m=[35m200[0m
[2m10:27:02[0m [[32m[1minfo     [0m] [1mStarting capability building: challenge_id=b65a9101-0819-42f4-aea9-8d6e8e4419f0[0m [36mreq[0m=[35mcd7343b4[0m
[2m10:27:02[0m [[32m[1minfo     [0m] [1mLoading topology from database...       [0m [36mreq[0m=[35mcd7343b4[0m
[2m10:27:02[0m [[32m[1minfo     [0m] [1mMapped 8 skill entries to 8 capabilities[0m [36mreq[0m=[35mcd7343b4[0m
[2m10:27:02[0m [[32m[1minfo     [0m] [1mTopology validated: 11 agents in 5 waves[0m [36mreq[0m=[35mcd7343b4[0m
[2m10:27:02[0m [[32m[1minfo     [0m] [1mLoaded 8 skills for topology            [0m [36mreq[0m=[35mcd7343b4[0m
[2m10:27:02[0m [[32m[1minfo     [0m] [1mTopology loaded: 11 agents, 5 waves     [0m [36mreq[0m=[35mcd7343b4[0m
[2m10:27:02[0m [[32m[1minfo     [0m] [1mRuntimeAgentRegistry initialized with max_concurrent=5[0m [36mreq[0m=[35mcd7343b4[0m
[2m10:27:02[0m [[32m[1minfo     [0m] [1mProcessing blocked challenge: id=b65a9101..., attempt=1/5[0m [36mreq[0m=[35mcd7343b4[0m
[2m10:27:03[0m [[32m[1minfo     [0m] [1mCreated gap plan: id=3c9d6352..., challenge=b65a9101..., gaps=1, cycle=1[0m [36mreq[0m=[35mcd7343b4[0m
[2m10:27:03[0m [[32m[1minfo     [0m] [1mCreated gap plan: 3c9d6352..., cycle=1, gaps=1[0m [36mreq[0m=[35mcd7343b4[0m
[2m10:27:03[0m [[32m[1minfo     [0m] [1mStarted gap plan: 3c9d6352...           [0m [36mreq[0m=[35mcd7343b4[0m
[2m10:27:03[0m [[32m[1minfo     [0m] [1mExecuting gap plan: 3c9d6352..., total_gaps=1, cycle=1[0m [36mreq[0m=[35mcd7343b4[0m
[2m10:27:03[0m [[32m[1minfo     [0m] [1mProcessing gap: 8f180a92... type=missing_skill, capability=connect to PostgreSQL database, severity=critical[0m [36mreq[0m=[35mcd7343b4[0m
[2m10:27:03[0m [[32m[1minfo     [0m] [1mStrategy proposed for connect to PostgreSQL database: direct (confidence=0.5)[0m [36mreq[0m=[35mcd7343b4[0m
[2m10:27:03[0m [[32m[1minfo     [0m] [1mBuilding capability: gap_type=missing_skill, severity=critical, attempt=1, approach=direct[0m [36mreq[0m=[35mcd7343b4[0m
[2m10:27:03[0m [[32m[1minfo     [0m] [1mUsing Skill Team for capability: connect to PostgreSQL database[0m [36mreq[0m=[35mcd7343b4[0m
[2m10:27:03[0m [[32m[1minfo     [0m] [1mStarting team-based skill development for: connect to PostgreSQL database[0m [36mreq[0m=[35mcd7343b4[0m
[2m10:27:03[0m [[32m[1minfo     [0m] [1mFound 10 previous failures to learn from[0m [36mreq[0m=[35mcd7343b4[0m
[2m10:27:03[0m [[32m[1minfo     [0m] [1mResearching capability: connect to PostgreSQL database[0m [36mreq[0m=[35mcd7343b4[0m
[2m10:27:03[0m [[32m[1minfo     [0m] [1mUsing cached research for: connect to PostgreSQL database[0m [36mreq[0m=[35mcd7343b4[0m
[2m10:27:03[0m [[32m[1minfo     [0m] [1mResearch complete: 0 packages found     [0m [36mreq[0m=[35mcd7343b4[0m
[2m10:27:05[0m [[32m[1minfo     [0m] [1mArchitecture complete: 2 test cases defined[0m [36mreq[0m=[35mcd7343b4[0m
[2m10:27:05[0m [[32m[1minfo     [0m] [1mDocker client connected successfully    [0m [36mreq[0m=[35mcd7343b4[0m
[2m10:27:06[0m [[32m[1minfo     [0m] [1mSession container created: 0ac5e4c1be71 [0m [36mreq[0m=[35mcd7343b4[0m
[2m10:27:06[0m [[32m[1minfo     [0m] [1mInstalling pip packages: "psycopg[binary]>=3.1.0"[0m [36mreq[0m=[35mcd7343b4[0m
[2m10:27:08[0m [[32m[1minfo     [0m] [1mGetting challenge status: id=b65a9101-0819-42f4-aea9-8d6e8e4419f0[0m [36mreq[0m=[35m2357dc1f[0m
[2m10:27:08[0m [[32m[1minfo     [0m] [1mrequest_finished                        [0m [36mduration[0m=[35m0.054[0m [36mmethod[0m=[35mGET[0m [36mpath[0m=[35m/api/v1/challenges/b65a9101-0819-42f4-aea9-8d6e8e4419f0[0m [36mreq[0m=[35m2357dc1f[0m [36mrequest_id[0m=[35m2357dc1f-6891-494f-ba9b-b65f5310eb46[0m [36mstatus[0m=[35m200[0m
[2m10:27:11[0m [[32m[1minfo     [0m] [1mPip packages installed successfully     [0m [36mreq[0m=[35mcd7343b4[0m
[2m10:27:11[0m [[32m[1minfo     [0m] [1mImplementation iteration 1/10           [0m [36mreq[0m=[35mcd7343b4[0m
[2m10:27:13[0m [[32m[1minfo     [0m] [1mGetting challenge status: id=b65a9101-0819-42f4-aea9-8d6e8e4419f0[0m [36mreq[0m=[35m12c5b607[0m
[2m10:27:13[0m [[32m[1minfo     [0m] [1mrequest_finished                        [0m [36mduration[0m=[35m0.017[0m [36mmethod[0m=[35mGET[0m [36mpath[0m=[35m/api/v1/challenges/b65a9101-0819-42f4-aea9-8d6e8e4419f0[0m [36mreq[0m=[35m12c5b607[0m [36mrequest_id[0m=[35m12c5b607-aa11-4d63-a9c0-9d189a5181a4[0m [36mstatus[0m=[35m200[0m
[2m10:27:13[0m [[33m[1mwarning  [0m] [1mCode execution failed (exit=1): Testing with input: {'db_url': 'postgresql://user:pass@localhost:5432/db', 'query': 'SELECT 1'}
Result: {'success': False, 'error': 'Database connection error: connection failed: connection to server at "127.0.0.1", port 5432 failed: Connection refused\n\tIs the server running on that host and accepting TCP/IP connections?\nMultiple connection attempts failed. All failures were:\n- host: \'localhost\', port: \'5432\', hostaddr: \'::1\': connection failed: connection to server at "::1", port 5432[0m [36mreq[0m=[35mcd7343b4[0m
[2m10:27:13[0m [[32m[1minfo     [0m] [1mRecorded build attempt: capability=connect to PostgreSQL database, success=False, error_type=ErrorType.RUNTIME_ERROR[0m [36mreq[0m=[35mcd7343b4[0m
[2m10:27:15[0m [[32m[1minfo     [0m] [1mDebug [LOGIC_ERROR]: produced fixed code (1750 chars)[0m [36mreq[0m=[35mcd7343b4[0m
[2m10:27:15[0m [[32m[1minfo     [0m] [1mImplementation iteration 2/10           [0m [36mreq[0m=[35mcd7343b4[0m
[2m10:27:17[0m [[33m[1mwarning  [0m] [1mCode execution failed (exit=1): Testing with input: {'db_url': 'postgresql://user:pass@localhost:5432/db', 'query': 'SELECT 1'}
Result: {'success': False, 'error': 'Database connection error: connection failed: connection to server at "127.0.0.1", port 5432 failed: Connection refused\n\tIs the server running on that host and accepting TCP/IP connections?\nMultiple connection attempts failed. All failures were:\n- host: \'localhost\', port: \'5432\', hostaddr: \'::1\': connection failed: connection to server at "::1", port 5432[0m [36mreq[0m=[35mcd7343b4[0m
[2m10:27:17[0m [[32m[1minfo     [0m] [1mRecorded build attempt: capability=connect to PostgreSQL database, success=False, error_type=ErrorType.RUNTIME_ERROR[0m [36mreq[0m=[35mcd7343b4[0m
[2m10:27:18[0m [[32m[1minfo     [0m] [1mGetting challenge status: id=b65a9101-0819-42f4-aea9-8d6e8e4419f0[0m [36mreq[0m=[35mccd58290[0m
[2m10:27:18[0m [[32m[1minfo     [0m] [1mrequest_finished                        [0m [36mduration[0m=[35m0.007[0m [36mmethod[0m=[35mGET[0m [36mpath[0m=[35m/api/v1/challenges/b65a9101-0819-42f4-aea9-8d6e8e4419f0[0m [36mreq[0m=[35mccd58290[0m [36mrequest_id[0m=[35mccd58290-4a90-47e2-b1d8-71bfc78b3ab3[0m [36mstatus[0m=[35m200[0m
[2m10:27:18[0m [[32m[1minfo     [0m] [1mDebug [LOGIC_ERROR]: produced fixed code (1638 chars)[0m [36mreq[0m=[35mcd7343b4[0m
[2m10:27:18[0m [[32m[1minfo     [0m] [1mImplementation iteration 3/10           [0m [36mreq[0m=[35mcd7343b4[0m
[2m10:27:20[0m [[33m[1mwarning  [0m] [1mCode execution failed (exit=1): Testing with input: {'db_url': 'postgresql://user:pass@localhost:5432/db', 'query': 'SELECT 1'}
Result: {'success': False, 'error': 'Database connection error: connection failed: connection to server at "127.0.0.1", port 5432 failed: Connection refused\n\tIs the server running on that host and accepting TCP/IP connections?\nMultiple connection attempts failed. All failures were:\n- host: \'localhost\', port: \'5432\', hostaddr: \'::1\': connection failed: connection to server at "::1", port 5432[0m [36mreq[0m=[35mcd7343b4[0m
[2m10:27:20[0m [[32m[1minfo     [0m] [1mRecorded build attempt: capability=connect to PostgreSQL database, success=False, error_type=ErrorType.RUNTIME_ERROR[0m [36mreq[0m=[35mcd7343b4[0m
[2m10:27:21[0m [[32m[1minfo     [0m] [1mDebug [LOGIC_ERROR]: produced fixed code (1564 chars)[0m [36mreq[0m=[35mcd7343b4[0m
[2m10:27:21[0m [[32m[1minfo     [0m] [1mImplementation iteration 4/10           [0m [36mreq[0m=[35mcd7343b4[0m
[2m10:27:23[0m [[32m[1minfo     [0m] [1mGetting challenge status: id=b65a9101-0819-42f4-aea9-8d6e8e4419f0[0m [36mreq[0m=[35mf9a7b27b[0m
[2m10:27:23[0m [[32m[1minfo     [0m] [1mrequest_finished                        [0m [36mduration[0m=[35m0.011[0m [36mmethod[0m=[35mGET[0m [36mpath[0m=[35m/api/v1/challenges/b65a9101-0819-42f4-aea9-8d6e8e4419f0[0m [36mreq[0m=[35mf9a7b27b[0m [36mrequest_id[0m=[35mf9a7b27b-01b0-464b-9363-038033ab8c2a[0m [36mstatus[0m=[35m200[0m
[2m10:27:23[0m [[33m[1mwarning  [0m] [1mCode execution failed (exit=1): Testing with input: {'db_url': 'postgresql://user:pass@localhost:5432/db', 'query': 'SELECT 1'}
Result: {'success': False, 'error': 'Database connection error: connection failed: connection to server at "127.0.0.1", port 5432 failed: Connection refused\n\tIs the server running on that host and accepting TCP/IP connections?\nMultiple connection attempts failed. All failures were:\n- host: \'localhost\', port: \'5432\', hostaddr: \'::1\': connection failed: connection to server at "::1", port 5432[0m [36mreq[0m=[35mcd7343b4[0m
[2m10:27:23[0m [[32m[1minfo     [0m] [1mRecorded build attempt: capability=connect to PostgreSQL database, success=False, error_type=ErrorType.RUNTIME_ERROR[0m [36mreq[0m=[35mcd7343b4[0m
[2m10:27:25[0m [[32m[1minfo     [0m] [1mDebug [LOGIC_ERROR]: produced fixed code (1571 chars)[0m [36mreq[0m=[35mcd7343b4[0m
[2m10:27:25[0m [[32m[1minfo     [0m] [1mImplementation iteration 5/10           [0m [36mreq[0m=[35mcd7343b4[0m
[2m10:27:27[0m [[33m[1mwarning  [0m] [1mCode execution failed (exit=1): Testing with input: {'db_url': 'postgresql://user:pass@localhost:5432/db', 'query': 'SELECT 1'}
Result: {'success': False, 'error': 'Database connection error: connection failed: connection to server at "127.0.0.1", port 5432 failed: Connection refused\n\tIs the server running on that host and accepting TCP/IP connections?\nMultiple connection attempts failed. All failures were:\n- host: \'localhost\', port: \'5432\', hostaddr: \'::1\': connection failed: connection to server at "::1", port 5432[0m [36mreq[0m=[35mcd7343b4[0m
[2m10:27:27[0m [[32m[1minfo     [0m] [1mRecorded build attempt: capability=connect to PostgreSQL database, success=False, error_type=ErrorType.RUNTIME_ERROR[0m [36mreq[0m=[35mcd7343b4[0m
[2m10:27:28[0m [[32m[1minfo     [0m] [1mGetting challenge status: id=b65a9101-0819-42f4-aea9-8d6e8e4419f0[0m [36mreq[0m=[35m95c766a6[0m
[2m10:27:28[0m [[32m[1minfo     [0m] [1mrequest_finished                        [0m [36mduration[0m=[35m0.017[0m [36mmethod[0m=[35mGET[0m [36mpath[0m=[35m/api/v1/challenges/b65a9101-0819-42f4-aea9-8d6e8e4419f0[0m [36mreq[0m=[35m95c766a6[0m [36mrequest_id[0m=[35m95c766a6-4895-4fbf-aa43-7dcf3cc6dd7a[0m [36mstatus[0m=[35m200[0m
[2m10:27:28[0m [[32m[1minfo     [0m] [1mDebug [LOGIC_ERROR]: produced fixed code (1672 chars)[0m [36mreq[0m=[35mcd7343b4[0m
[2m10:27:28[0m [[32m[1minfo     [0m] [1mImplementation iteration 6/10           [0m [36mreq[0m=[35mcd7343b4[0m
[2m10:27:30[0m [[33m[1mwarning  [0m] [1mCode execution failed (exit=1): Testing with input: {'db_url': 'postgresql://user:pass@localhost:5432/db', 'query': 'SELECT 1'}
Result: {'success': False, 'error': 'Database connection error: connection failed: connection to server at "127.0.0.1", port 5432 failed: Connection refused\n\tIs the server running on that host and accepting TCP/IP connections?\nMultiple connection attempts failed. All failures were:\n- host: \'localhost\', port: \'5432\', hostaddr: \'::1\': connection failed: connection to server at "::1", port 5432[0m [36mreq[0m=[35mcd7343b4[0m
[2m10:27:30[0m [[32m[1minfo     [0m] [1mRecorded build attempt: capability=connect to PostgreSQL database, success=False, error_type=ErrorType.RUNTIME_ERROR[0m [36mreq[0m=[35mcd7343b4[0m
[2m10:27:32[0m [[32m[1minfo     [0m] [1mDebug [LOGIC_ERROR]: produced fixed code (1696 chars)[0m [36mreq[0m=[35mcd7343b4[0m
[2m10:27:32[0m [[32m[1minfo     [0m] [1mImplementation iteration 7/10           [0m [36mreq[0m=[35mcd7343b4[0m
[2m10:27:33[0m [[32m[1minfo     [0m] [1mGetting challenge status: id=b65a9101-0819-42f4-aea9-8d6e8e4419f0[0m [36mreq[0m=[35m4b2ec971[0m
[2m10:27:33[0m [[32m[1minfo     [0m] [1mrequest_finished                        [0m [36mduration[0m=[35m0.008[0m [36mmethod[0m=[35mGET[0m [36mpath[0m=[35m/api/v1/challenges/b65a9101-0819-42f4-aea9-8d6e8e4419f0[0m [36mreq[0m=[35m4b2ec971[0m [36mrequest_id[0m=[35m4b2ec971-a04f-48cf-9227-03c30f101a09[0m [36mstatus[0m=[35m200[0m
[2m10:27:33[0m [[33m[1mwarning  [0m] [1mCode execution failed (exit=1): Testing with input: {'db_url': 'postgresql://user:pass@localhost:5432/db', 'query': 'SELECT 1'}
Result: {'success': False, 'error': 'Database connection error: connection failed: connection to server at "127.0.0.1", port 5432 failed: Connection refused\n\tIs the server running on that host and accepting TCP/IP connections?\nMultiple connection attempts failed. All failures were:\n- host: \'localhost\', port: \'5432\', hostaddr: \'::1\': connection failed: connection to server at "::1", port 5432[0m [36mreq[0m=[35mcd7343b4[0m
[2m10:27:33[0m [[32m[1minfo     [0m] [1mRecorded build attempt: capability=connect to PostgreSQL database, success=False, error_type=ErrorType.RUNTIME_ERROR[0m [36mreq[0m=[35mcd7343b4[0m
[2m10:27:35[0m [[32m[1minfo     [0m] [1mDebug [LOGIC_ERROR]: produced fixed code (1564 chars)[0m [36mreq[0m=[35mcd7343b4[0m
[2m10:27:35[0m [[32m[1minfo     [0m] [1mImplementation iteration 8/10           [0m [36mreq[0m=[35mcd7343b4[0m
[2m10:27:36[0m [[33m[1mwarning  [0m] [1mCode execution failed (exit=1): Testing with input: {'db_url': 'postgresql://user:pass@localhost:5432/db', 'query': 'SELECT 1'}
Result: {'success': False, 'error': 'Database connection error: connection failed: connection to server at "127.0.0.1", port 5432 failed: Connection refused\n\tIs the server running on that host and accepting TCP/IP connections?\nMultiple connection attempts failed. All failures were:\n- host: \'localhost\', port: \'5432\', hostaddr: \'::1\': connection failed: connection to server at "::1", port 5432[0m [36mreq[0m=[35mcd7343b4[0m
[2m10:27:36[0m [[32m[1minfo     [0m] [1mRecorded build attempt: capability=connect to PostgreSQL database, success=False, error_type=ErrorType.RUNTIME_ERROR[0m [36mreq[0m=[35mcd7343b4[0m
[2m10:27:38[0m [[32m[1minfo     [0m] [1mDebug [LOGIC_ERROR]: produced fixed code (1563 chars)[0m [36mreq[0m=[35mcd7343b4[0m
[2m10:27:38[0m [[32m[1minfo     [0m] [1mImplementation iteration 9/10           [0m [36mreq[0m=[35mcd7343b4[0m
[2m10:27:38[0m [[32m[1minfo     [0m] [1mGetting challenge status: id=b65a9101-0819-42f4-aea9-8d6e8e4419f0[0m [36mreq[0m=[35m1cdef5a6[0m
[2m10:27:38[0m [[32m[1minfo     [0m] [1mrequest_finished                        [0m [36mduration[0m=[35m0.019[0m [36mmethod[0m=[35mGET[0m [36mpath[0m=[35m/api/v1/challenges/b65a9101-0819-42f4-aea9-8d6e8e4419f0[0m [36mreq[0m=[35m1cdef5a6[0m [36mrequest_id[0m=[35m1cdef5a6-fea9-47bd-9367-8ee6d90fd1dc[0m [36mstatus[0m=[35m200[0m
[2m10:27:39[0m [[33m[1mwarning  [0m] [1mCode execution failed (exit=1): Testing with input: {'db_url': 'postgresql://user:pass@localhost:5432/db', 'query': 'SELECT 1'}
Result: {'success': False, 'error': 'Database connection error: connection failed: connection to server at "127.0.0.1", port 5432 failed: Connection refused\n\tIs the server running on that host and accepting TCP/IP connections?\nMultiple connection attempts failed. All failures were:\n- host: \'localhost\', port: \'5432\', hostaddr: \'::1\': connection failed: connection to server at "::1", port 5432[0m [36mreq[0m=[35mcd7343b4[0m
[2m10:27:40[0m [[32m[1minfo     [0m] [1mRecorded build attempt: capability=connect to PostgreSQL database, success=False, error_type=ErrorType.RUNTIME_ERROR[0m [36mreq[0m=[35mcd7343b4[0m
[2m10:27:41[0m [[32m[1minfo     [0m] [1mDebug [LOGIC_ERROR]: produced fixed code (1565 chars)[0m [36mreq[0m=[35mcd7343b4[0m
[2m10:27:41[0m [[32m[1minfo     [0m] [1mImplementation iteration 10/10          [0m [36mreq[0m=[35mcd7343b4[0m
[2m10:27:43[0m [[33m[1mwarning  [0m] [1mCode execution failed (exit=1): Testing with input: {'db_url': 'postgresql://user:pass@localhost:5432/db', 'query': 'SELECT 1'}
Result: {'success': False, 'error': 'Database connection error: connection failed: connection to server at "127.0.0.1", port 5432 failed: Connection refused\n\tIs the server running on that host and accepting TCP/IP connections?\nMultiple connection attempts failed. All failures were:\n- host: \'localhost\', port: \'5432\', hostaddr: \'::1\': connection failed: connection to server at "::1", port 5432[0m [36mreq[0m=[35mcd7343b4[0m
[2m10:27:43[0m [[32m[1minfo     [0m] [1mRecorded build attempt: capability=connect to PostgreSQL database, success=False, error_type=ErrorType.RUNTIME_ERROR[0m [36mreq[0m=[35mcd7343b4[0m
[2m10:27:43[0m [[32m[1minfo     [0m] [1mGetting challenge status: id=b65a9101-0819-42f4-aea9-8d6e8e4419f0[0m [36mreq[0m=[35m23003cf4[0m
[2m10:27:43[0m [[32m[1minfo     [0m] [1mrequest_finished                        [0m [36mduration[0m=[35m0.022[0m [36mmethod[0m=[35mGET[0m [36mpath[0m=[35m/api/v1/challenges/b65a9101-0819-42f4-aea9-8d6e8e4419f0[0m [36mreq[0m=[35m23003cf4[0m [36mrequest_id[0m=[35m23003cf4-fa2a-4cce-abeb-4cf5ef62ea55[0m [36mstatus[0m=[35m200[0m
[2m10:27:44[0m [[32m[1minfo     [0m] [1mDebug [LOGIC_ERROR]: produced fixed code (1568 chars)[0m [36mreq[0m=[35mcd7343b4[0m
[2m10:27:48[0m [[32m[1minfo     [0m] [1mGetting challenge status: id=b65a9101-0819-42f4-aea9-8d6e8e4419f0[0m [36mreq[0m=[35ma556e27c[0m
[2m10:27:48[0m [[32m[1minfo     [0m] [1mrequest_finished                        [0m [36mduration[0m=[35m0.007[0m [36mmethod[0m=[35mGET[0m [36mpath[0m=[35m/api/v1/challenges/b65a9101-0819-42f4-aea9-8d6e8e4419f0[0m [36mreq[0m=[35ma556e27c[0m [36mrequest_id[0m=[35ma556e27c-fbd4-4b6b-9f4a-44220b256ce4[0m [36mstatus[0m=[35m200[0m
[2m10:27:50[0m [[33m[1mwarning  [0m] [1mSkill Team failed: phase=TeamRole.IMPLEMENTER, reason=Implementation failed after max iterations[0m [36mreq[0m=[35mcd7343b4[0m
[2m10:27:50[0m [[32m[1minfo     [0m] [1mRecorded build attempt: capability=connect to PostgreSQL database, success=False, error_type=ErrorType.RUNTIME_ERROR[0m [36mreq[0m=[35mcd7343b4[0m
[2m10:27:50[0m [[33m[1mwarning  [0m] [1mGap build failed: 8f180a92... - Implementation failed after max iterations[0m [36mreq[0m=[35mcd7343b4[0m
[2m10:27:50[0m [[32m[1minfo     [0m] [1mAll gaps processed for plan 3c9d6352... [0m [36mreq[0m=[35mcd7343b4[0m
[2m10:27:50[0m [[32m[1minfo     [0m] [1mCompleted gap plan: 3c9d6352..., status=partial, completed=0, failed=1[0m [36mreq[0m=[35mcd7343b4[0m
[2m10:27:50[0m [[32m[1minfo     [0m] [1mGap plan execution finished: 3c9d6352..., completed=0, failed=1, artifacts=0[0m [36mreq[0m=[35mcd7343b4[0m
[2m10:27:50[0m [[32m[1minfo     [0m] [1mVerifying gap closure after cycle 1, built 0 capabilities[0m [36mreq[0m=[35mcd7343b4[0m
[2m10:27:50[0m [[32m[1minfo     [0m] [1mGap OPEN: 'connect to PostgreSQL database'[0m [36mreq[0m=[35mcd7343b4[0m
[2m10:27:50[0m [[32m[1minfo     [0m] [1mPlan verification complete: 3c9d6352..., closed=0/1, all_closed=False[0m [36mreq[0m=[35mcd7343b4[0m
[2m10:27:50[0m [[32m[1minfo     [0m] [1mVerification result: closed=0/1, all_closed=False[0m [36mreq[0m=[35mcd7343b4[0m
[2m10:27:50[0m [[32m[1minfo     [0m] [1mCreated gap plan: id=fd6ea59f..., challenge=b65a9101..., gaps=1, cycle=2[0m [36mreq[0m=[35mcd7343b4[0m
[2m10:27:50[0m [[32m[1minfo     [0m] [1mCreated new cycle 2 with 1 REMAINING gaps (not new ones!) for challenge b65a9101...[0m [36mreq[0m=[35mcd7343b4[0m
[2m10:27:50[0m [[33m[1mwarning  [0m] [1mCapability building failed: b65a9101-0819-42f4-aea9-8d6e8e4419f0, decision=new_cycle[0m [36mreq[0m=[35mcd7343b4[0m
[2m10:27:53[0m [[32m[1minfo     [0m] [1mGetting challenge status: id=b65a9101-0819-42f4-aea9-8d6e8e4419f0[0m [36mreq[0m=[35m13a7b280[0m
[2m10:27:53[0m [[32m[1minfo     [0m] [1mrequest_finished                        [0m [36mduration[0m=[35m0.01[0m [36mmethod[0m=[35mGET[0m [36mpath[0m=[35m/api/v1/challenges/b65a9101-0819-42f4-aea9-8d6e8e4419f0[0m [36mreq[0m=[35m13a7b280[0m [36mrequest_id[0m=[35m13a7b280-8f57-486e-9c32-12ba7845c3ff[0m [36mstatus[0m=[35m200[0m
[2m10:27:53[0m [[32m[1minfo     [0m] [1mDirect challenge analysis: execution_id=6494584c-a2b7-4789-9858-fb01ebe7373e[0m [36mreq[0m=[35me1fecf7f[0m
[2m10:27:53[0m [[32m[1minfo     [0m] [1mPre-execution analysis starting for execution 6494584c-a2b7-4789-9858-fb01ebe7373e[0m [36mreq[0m=[35me1fecf7f[0m
[2m10:27:53[0m [[32m[1minfo     [0m] [1mAnalyzing challenge for execution 6494584c-a2b7-4789-9858-fb01ebe7373e[0m [36mreq[0m=[35me1fecf7f[0m
[2m10:27:53[0m [[32m[1minfo     [0m] [1mLoading topology from database...       [0m [36mreq[0m=[35me1fecf7f[0m
[2m10:27:53[0m [[32m[1minfo     [0m] [1mMapped 8 skill entries to 8 capabilities[0m [36mreq[0m=[35me1fecf7f[0m
[2m10:27:53[0m [[32m[1minfo     [0m] [1mTopology validated: 11 agents in 5 waves[0m [36mreq[0m=[35me1fecf7f[0m
[2m10:27:53[0m [[32m[1minfo     [0m] [1mLoaded 8 skills for topology            [0m [36mreq[0m=[35me1fecf7f[0m
[2m10:27:53[0m [[32m[1minfo     [0m] [1mTopology loaded: 11 agents, 5 waves     [0m [36mreq[0m=[35me1fecf7f[0m
[2m10:27:53[0m [[32m[1minfo     [0m] [1mSkill 'skill_write_a_formal_daily_construction_report' provides applicability: 'This skill should be selected when you need to generate and save a formal, text-based daily construction progress report. It requires the site name and progress summary as input to produce a timestamped file in a specified directory.'[0m [36mreq[0m=[35me1fecf7f[0m
[2m10:27:53[0m [[32m[1minfo     [0m] [1mSkill 'skill_create_a_final_pdf_or_text_based_report_of_the_pouring_protocol' provides applicability: 'Select this skill when you need to generate a formal, documented record of a completed pouring protocol in either PDF or text format. It should be used once all protocol data—including the ID, operator, timestamp, and step list—has been finalized and validated.'[0m [36mreq[0m=[35me1fecf7f[0m
[2m10:27:53[0m [[32m[1minfo     [0m] [1mSkill 'skill_define_technical_migration_and_api_integration_roadmap' provides applicability: 'Select this skill when planning the transition from a legacy system to a new API architecture to generate a structured implementation roadmap and validation plan based on a chosen migration strategy (strangler fig, big bang, or dual-write).'[0m [36mreq[0m=[35me1fecf7f[0m
[2m10:27:53[0m [[32m[1minfo     [0m] [1mSkill 'skill_audio_transcription' provides applicability: 'audio transcription'[0m [36mreq[0m=[35me1fecf7f[0m
[2m10:27:53[0m [[32m[1minfo     [0m] [1mSkill 'skill_calculate_financial_impact_and_transaction_statistics' provides applicability: 'Select this skill when you need to derive aggregate financial metrics, such as total volume, averages, and category-specific impacts, from a structured list of transaction records. It is best utilized when transaction amounts require normalization from mixed string or numeric formats into a consistent float representation.'[0m [36mreq[0m=[35me1fecf7f[0m
[2m10:27:53[0m [[32m[1minfo     [0m] [1mSkill 'skill_calculate_budget_impact_of_proposed_cost_saving_measures' provides applicability: 'Select this skill when you need to determine the financial effect of multiple cost-saving initiatives on an existing budget. It should be used when you have a defined current budget and a list of specific proposed savings amounts to calculate the new budget total and the overall percentage reduction.'[0m [36mreq[0m=[35me1fecf7f[0m
[2m10:27:53[0m [[32m[1minfo     [0m] [1mSkill 'skill_generate_a_risk_matrix_visualization_or_summary_table' provides applicability: 'Select this skill when you need to visualize or summarize a list of risks by plotting their likelihood and impact scores on a 5x5 matrix. It should be used when your input data contains structured risk entries with defined numerical likelihood and impact values.'[0m [36mreq[0m=[35me1fecf7f[0m
[2m10:27:53[0m [[32m[1minfo     [0m] [1mSkill 'skill_evaluate_technical_risks_of_custom_abap_code_and_interface_dependencies' provides applicability: 'This skill should be selected when assessing the technical debt or stability risks of an SAP environment by identifying high-complexity custom ABAP objects and critical integration hubs. It is best applied during system audits or migration planning to prioritize objects requiring refactoring or rigorous testing based on their weighted risk scores and dependency density.'[0m [36mreq[0m=[35me1fecf7f[0m
[2m10:27:53[0m [[32m[1minfo     [0m] [1mExtracted 8 capabilities from 8 active skills[0m [36mreq[0m=[35me1fecf7f[0m
[2m10:27:53[0m [[32m[1minfo     [0m] [1mPrompt 'report_generator_prompt' provides affected_capability: 'structure inspection findings into a formal report format'[0m [36mreq[0m=[35me1fecf7f[0m
[2m10:27:53[0m [[32m[1minfo     [0m] [1mPrompt 'prompt_generate_professional_business_correspondence' provides affected_capability: 'generate professional business correspondence'[0m [36mreq[0m=[35me1fecf7f[0m
[2m10:27:53[0m [[32m[1minfo     [0m] [1mPrompt 'transcript_analyzer_prompt' provides affected_capability: 'analyze meeting transcript'[0m [36mreq[0m=[35me1fecf7f[0m
[2m10:27:53[0m [[32m[1minfo     [0m] [1mPrompt 'prompt_analyze_construction_site_personnel_data' provides affected_capability: 'analyze construction site personnel data'[0m [36mreq[0m=[35me1fecf7f[0m
[2m10:27:53[0m [[32m[1minfo     [0m] [1mPrompt 'prompt_generate_a_structured_change_order_document_for_the_client' provides affected_capability: 'generate a structured change order document for the client'[0m [36mreq[0m=[35me1fecf7f[0m
[2m10:27:53[0m [[32m[1minfo     [0m] [1mPrompt 'prompt_structure_cost_breakdown_for_project_management' provides affected_capability: 'structure cost breakdown for project management'[0m [36mreq[0m=[35me1fecf7f[0m
[2m10:27:53[0m [[32m[1minfo     [0m] [1mPrompt 'report_finalizer_prompt' provides affected_capability: 'generate a formal network disruption report document'[0m [36mreq[0m=[35me1fecf7f[0m
[2m10:27:53[0m [[32m[1minfo     [0m] [1mPrompt 'prompt_analyze_incident_and_change_logs' provides affected_capability: 'analyze incident and change logs'[0m [36mreq[0m=[35me1fecf7f[0m
[2m10:27:53[0m [[32m[1minfo     [0m] [1mExtracted 8 capabilities from 8 active prompts[0m [36mreq[0m=[35me1fecf7f[0m
[2m10:27:54[0m [[32m[1minfo     [0m] [1mLLM extracted 6 capabilities: 3 execution, 3 knowledge[0m [36mreq[0m=[35me1fecf7f[0m
[2m10:27:54[0m [[32m[1minfo     [0m] [1mExtracted 6 required capabilities       [0m [36mreq[0m=[35me1fecf7f[0m
[2m10:27:57[0m [[32m[1minfo     [0m] [1mAssessment complete: MAYBE (4 gaps, 3 suggestions)[0m [36mreq[0m=[35me1fecf7f[0m
[2m10:27:57[0m [[32m[1minfo     [0m] [1mASSESSMENT_LOG execution_id=6494584c-a2b7-4789-9858-fb01ebe7373e confidence=MAYBE gaps=4 route=developer_team duration_ms=4045[0m [36mreq[0m=[35me1fecf7f[0m
[2m10:27:57[0m [[32m[1minfo     [0m] [1mPre-execution analysis complete: MAYBE -> route: developer_team[0m [36mreq[0m=[35me1fecf7f[0m
[2m10:27:57[0m [[32m[1minfo     [0m] [1mOrchestrator analysis complete: confidence=MAYBE, route=developer_team[0m [36mreq[0m=[35me1fecf7f[0m
[2m10:27:57[0m [[32m[1minfo     [0m] [1m0 gaps already satisfied, 4 remaining   [0m [36mreq[0m=[35me1fecf7f[0m
[2m10:27:57[0m [[32m[1minfo     [0m] [1mGenerated build plan for challenge 8b8f0bf5-b130-469a-bb23-6fd6cc7a7eb7: 4 items, 1 critical[0m [36mreq[0m=[35me1fecf7f[0m
[2m10:27:57[0m [[32m[1minfo     [0m] [1mrequest_finished                        [0m [36mduration[0m=[35m4.217[0m [36mmethod[0m=[35mPOST[0m [36mpath[0m=[35m/api/v1/challenges/analyze[0m [36mreq[0m=[35me1fecf7f[0m [36mrequest_id[0m=[35me1fecf7f-2040-47e1-b816-952dbc8035c6[0m [36mstatus[0m=[35m200[0m
[2m10:27:57[0m [[32m[1minfo     [0m] [1mStarting capability building: challenge_id=8b8f0bf5-b130-469a-bb23-6fd6cc7a7eb7[0m [36mreq[0m=[35me1fecf7f[0m
[2m10:27:57[0m [[32m[1minfo     [0m] [1mLoading topology from database...       [0m [36mreq[0m=[35me1fecf7f[0m
[2m10:27:57[0m [[32m[1minfo     [0m] [1mMapped 8 skill entries to 8 capabilities[0m [36mreq[0m=[35me1fecf7f[0m
[2m10:27:57[0m [[32m[1minfo     [0m] [1mTopology validated: 11 agents in 5 waves[0m [36mreq[0m=[35me1fecf7f[0m
[2m10:27:57[0m [[32m[1minfo     [0m] [1mLoaded 8 skills for topology            [0m [36mreq[0m=[35me1fecf7f[0m
[2m10:27:57[0m [[32m[1minfo     [0m] [1mTopology loaded: 11 agents, 5 waves     [0m [36mreq[0m=[35me1fecf7f[0m
[2m10:27:57[0m [[32m[1minfo     [0m] [1mRuntimeAgentRegistry initialized with max_concurrent=5[0m [36mreq[0m=[35me1fecf7f[0m
[2m10:27:57[0m [[32m[1minfo     [0m] [1mProcessing blocked challenge: id=8b8f0bf5..., attempt=1/5[0m [36mreq[0m=[35me1fecf7f[0m
[2m10:27:57[0m [[32m[1minfo     [0m] [1mCreated gap plan: id=091c3f5a..., challenge=8b8f0bf5..., gaps=4, cycle=1[0m [36mreq[0m=[35me1fecf7f[0m
[2m10:27:57[0m [[32m[1minfo     [0m] [1mCreated gap plan: 091c3f5a..., cycle=1, gaps=4[0m [36mreq[0m=[35me1fecf7f[0m
[2m10:27:57[0m [[32m[1minfo     [0m] [1mStarted gap plan: 091c3f5a...           [0m [36mreq[0m=[35me1fecf7f[0m
[2m10:27:57[0m [[32m[1minfo     [0m] [1mExecuting gap plan: 091c3f5a..., total_gaps=4, cycle=1[0m [36mreq[0m=[35me1fecf7f[0m
[2m10:27:57[0m [[32m[1minfo     [0m] [1mProcessing gap: 9160e66b... type=missing_skill, capability=design and create a normalized relational database schema, severity=critical[0m [36mreq[0m=[35me1fecf7f[0m
[2m10:27:57[0m [[32m[1minfo     [0m] [1mStrategy proposed for design and create a normalized relational database schema: direct (confidence=0.5)[0m [36mreq[0m=[35me1fecf7f[0m
[2m10:27:57[0m [[32m[1minfo     [0m] [1mBuilding capability: gap_type=missing_skill, severity=critical, attempt=1, approach=direct[0m [36mreq[0m=[35me1fecf7f[0m
[2m10:27:57[0m [[32m[1minfo     [0m] [1mUsing Skill Team for capability: design and create a normalized relational database schema[0m [36mreq[0m=[35me1fecf7f[0m
[2m10:27:57[0m [[32m[1minfo     [0m] [1mStarting team-based skill development for: design and create a normalized relational database schema[0m [36mreq[0m=[35me1fecf7f[0m
[2m10:27:57[0m [[32m[1minfo     [0m] [1mFound 1 previous failures to learn from [0m [36mreq[0m=[35me1fecf7f[0m
[2m10:27:57[0m [[32m[1minfo     [0m] [1mResearching capability: design and create a normalized relational database schema[0m [36mreq[0m=[35me1fecf7f[0m
[2m10:27:57[0m [[32m[1minfo     [0m] [1mUsing cached research for: design and create a normalized relational database schema[0m [36mreq[0m=[35me1fecf7f[0m
[2m10:27:57[0m [[32m[1minfo     [0m] [1mResearch complete: 0 packages found     [0m [36mreq[0m=[35me1fecf7f[0m
[2m10:28:01[0m [[32m[1minfo     [0m] [1mArchitecture complete: 2 test cases defined[0m [36mreq[0m=[35me1fecf7f[0m
[2m10:28:01[0m [[32m[1minfo     [0m] [1mDocker client connected successfully    [0m [36mreq[0m=[35me1fecf7f[0m
[2m10:28:01[0m [[32m[1minfo     [0m] [1mSession container created: bcc7ad151f8d [0m [36mreq[0m=[35me1fecf7f[0m
[2m10:28:01[0m [[32m[1minfo     [0m] [1mInstalling pip packages: "sqlalchemy>=2.0.0"[0m [36mreq[0m=[35me1fecf7f[0m
[2m10:28:02[0m [[32m[1minfo     [0m] [1mGetting challenge status: id=8b8f0bf5-b130-469a-bb23-6fd6cc7a7eb7[0m [36mreq[0m=[35m744e4f19[0m
[2m10:28:02[0m [[32m[1minfo     [0m] [1mrequest_finished                        [0m [36mduration[0m=[35m0.012[0m [36mmethod[0m=[35mGET[0m [36mpath[0m=[35m/api/v1/challenges/8b8f0bf5-b130-469a-bb23-6fd6cc7a7eb7[0m [36mreq[0m=[35m744e4f19[0m [36mrequest_id[0m=[35m744e4f19-c52e-4916-bfe2-5d65d8fd571d[0m [36mstatus[0m=[35m200[0m
[2m10:28:04[0m [[32m[1minfo     [0m] [1mPip packages installed successfully     [0m [36mreq[0m=[35me1fecf7f[0m
[2m10:28:04[0m [[32m[1minfo     [0m] [1mImplementation iteration 1/10           [0m [36mreq[0m=[35me1fecf7f[0m
[2m10:28:07[0m [[32m[1minfo     [0m] [1mGetting challenge status: id=8b8f0bf5-b130-469a-bb23-6fd6cc7a7eb7[0m [36mreq[0m=[35m8a3a4949[0m
[2m10:28:07[0m [[32m[1minfo     [0m] [1mrequest_finished                        [0m [36mduration[0m=[35m0.005[0m [36mmethod[0m=[35mGET[0m [36mpath[0m=[35m/api/v1/challenges/8b8f0bf5-b130-469a-bb23-6fd6cc7a7eb7[0m [36mreq[0m=[35m8a3a4949[0m [36mrequest_id[0m=[35m8a3a4949-b19a-4c6e-a5b1-080a95904b6e[0m [36mstatus[0m=[35m200[0m
[2m10:28:12[0m [[32m[1minfo     [0m] [1mReview iteration 1/2                    [0m [36mreq[0m=[35me1fecf7f[0m
[2m10:28:12[0m [[32m[1minfo     [0m] [1mGetting challenge status: id=8b8f0bf5-b130-469a-bb23-6fd6cc7a7eb7[0m [36mreq[0m=[35ma1eba01d[0m
[2m10:28:12[0m [[32m[1minfo     [0m] [1mrequest_finished                        [0m [36mduration[0m=[35m0.015[0m [36mmethod[0m=[35mGET[0m [36mpath[0m=[35m/api/v1/challenges/8b8f0bf5-b130-469a-bb23-6fd6cc7a7eb7[0m [36mreq[0m=[35ma1eba01d[0m [36mrequest_id[0m=[35ma1eba01d-75f4-406c-a46a-2a772a34d1bc[0m [36mstatus[0m=[35m200[0m
[2m10:28:17[0m [[32m[1minfo     [0m] [1mReview iteration 2/2                    [0m [36mreq[0m=[35me1fecf7f[0m
[2m10:28:17[0m [[32m[1minfo     [0m] [1mGetting challenge status: id=8b8f0bf5-b130-469a-bb23-6fd6cc7a7eb7[0m [36mreq[0m=[35m854358bb[0m
[2m10:28:17[0m [[32m[1minfo     [0m] [1mrequest_finished                        [0m [36mduration[0m=[35m0.009[0m [36mmethod[0m=[35mGET[0m [36mpath[0m=[35m/api/v1/challenges/8b8f0bf5-b130-469a-bb23-6fd6cc7a7eb7[0m [36mreq[0m=[35m854358bb[0m [36mrequest_id[0m=[35m854358bb-beea-416a-904c-8812c2967712[0m [36mstatus[0m=[35m200[0m
[2m10:28:20[0m [[33m[1mwarning  [0m] [1mSkill Team failed: phase=TeamRole.REVIEWER, reason=Code review failed: SQL Injection vulnerability. The table name and column names are interpolated directly into the SQL string.[0m [36mreq[0m=[35me1fecf7f[0m
[2m10:28:20[0m [[32m[1minfo     [0m] [1mRecorded build attempt: capability=design and create a normalized relational database schema, success=False, error_type=ErrorType.RUNTIME_ERROR[0m [36mreq[0m=[35me1fecf7f[0m
[2m10:28:20[0m [[33m[1mwarning  [0m] [1mGap build failed: 9160e66b... - Code review failed: SQL Injection vulnerability. The table name and column names are interpolated directly into the SQL string.[0m [36mreq[0m=[35me1fecf7f[0m
[2m10:28:20[0m [[32m[1minfo     [0m] [1mProcessing gap: b35ed102... type=missing_skill, capability=parse and import 50 CSV files into the database, severity=important[0m [36mreq[0m=[35me1fecf7f[0m
[2m10:28:20[0m [[32m[1minfo     [0m] [1mStrategy proposed for parse and import 50 CSV files into the database: direct (confidence=0.5)[0m [36mreq[0m=[35me1fecf7f[0m
[2m10:28:20[0m [[32m[1minfo     [0m] [1mBuilding capability: gap_type=missing_skill, severity=important, attempt=1, approach=direct[0m [36mreq[0m=[35me1fecf7f[0m
[2m10:28:20[0m [[32m[1minfo     [0m] [1mUsing Skill Team for capability: parse and import 50 CSV files into the database[0m [36mreq[0m=[35me1fecf7f[0m
[2m10:28:20[0m [[32m[1minfo     [0m] [1mStarting team-based skill development for: parse and import 50 CSV files into the database[0m [36mreq[0m=[35me1fecf7f[0m
[2m10:28:20[0m [[32m[1minfo     [0m] [1mFound 10 previous failures to learn from[0m [36mreq[0m=[35me1fecf7f[0m
[2m10:28:20[0m [[32m[1minfo     [0m] [1mResearching capability: parse and import 50 CSV files into the database[0m [36mreq[0m=[35me1fecf7f[0m
[2m10:28:20[0m [[32m[1minfo     [0m] [1mUsing cached research for: parse and import 50 CSV files into the database[0m [36mreq[0m=[35me1fecf7f[0m
[2m10:28:20[0m [[32m[1minfo     [0m] [1mResearch complete: 0 packages found     [0m [36mreq[0m=[35me1fecf7f[0m
[2m10:28:22[0m [[32m[1minfo     [0m] [1mGetting challenge status: id=8b8f0bf5-b130-469a-bb23-6fd6cc7a7eb7[0m [36mreq[0m=[35mf5781e0c[0m
[2m10:28:22[0m [[32m[1minfo     [0m] [1mrequest_finished                        [0m [36mduration[0m=[35m0.011[0m [36mmethod[0m=[35mGET[0m [36mpath[0m=[35m/api/v1/challenges/8b8f0bf5-b130-469a-bb23-6fd6cc7a7eb7[0m [36mreq[0m=[35mf5781e0c[0m [36mrequest_id[0m=[35mf5781e0c-ff47-4f91-8b9f-cd71e6835d48[0m [36mstatus[0m=[35m200[0m
[2m10:28:22[0m [[32m[1minfo     [0m] [1mArchitecture complete: 2 test cases defined[0m [36mreq[0m=[35me1fecf7f[0m
[2m10:28:23[0m [[32m[1minfo     [0m] [1mSession container created: 05f89fb5f387 [0m [36mreq[0m=[35me1fecf7f[0m
[2m10:28:23[0m [[32m[1minfo     [0m] [1mInstalling pip packages: "pandas>=2.0.0" "sqlalchemy>=2.0.0"[0m [36mreq[0m=[35me1fecf7f[0m
[2m10:28:27[0m [[32m[1minfo     [0m] [1mGetting challenge status: id=8b8f0bf5-b130-469a-bb23-6fd6cc7a7eb7[0m [36mreq[0m=[35m3f1b2959[0m
[2m10:28:27[0m [[32m[1minfo     [0m] [1mrequest_finished                        [0m [36mduration[0m=[35m0.012[0m [36mmethod[0m=[35mGET[0m [36mpath[0m=[35m/api/v1/challenges/8b8f0bf5-b130-469a-bb23-6fd6cc7a7eb7[0m [36mreq[0m=[35m3f1b2959[0m [36mrequest_id[0m=[35m3f1b2959-561b-4560-be60-2b71b89c4471[0m [36mstatus[0m=[35m200[0m
[2m10:28:32[0m [[32m[1minfo     [0m] [1mPip packages installed successfully     [0m [36mreq[0m=[35me1fecf7f[0m
[2m10:28:32[0m [[32m[1minfo     [0m] [1mImplementation iteration 1/10           [0m [36mreq[0m=[35me1fecf7f[0m
[2m10:28:32[0m [[32m[1minfo     [0m] [1mGetting challenge status: id=8b8f0bf5-b130-469a-bb23-6fd6cc7a7eb7[0m [36mreq[0m=[35md2548cb7[0m
[2m10:28:32[0m [[32m[1minfo     [0m] [1mrequest_finished                        [0m [36mduration[0m=[35m0.011[0m [36mmethod[0m=[35mGET[0m [36mpath[0m=[35m/api/v1/challenges/8b8f0bf5-b130-469a-bb23-6fd6cc7a7eb7[0m [36mreq[0m=[35md2548cb7[0m [36mrequest_id[0m=[35md2548cb7-3436-4e5c-8ded-d30d10815904[0m [36mstatus[0m=[35m200[0m
[2m10:28:35[0m [[33m[1mwarning  [0m] [1mCode execution failed (exit=1): Testing with input: {'folder_path': '/non/existent/path', 'db_url': 'sqlite:///:memory:'}
Result: {'success': False, 'error': 'The path provided is not a valid directory: /non/existent/path'}
TEST FAILED: The path provided is not a valid directory: /non/existent/path
[0m [36mreq[0m=[35me1fecf7f[0m
[2m10:28:35[0m [[32m[1minfo     [0m] [1mRecorded build attempt: capability=parse and import 50 CSV files into the database, success=False, error_type=ErrorType.RUNTIME_ERROR[0m [36mreq[0m=[35me1fecf7f[0m
[2m10:28:37[0m [[32m[1minfo     [0m] [1mDebug [LOGIC_ERROR]: produced fixed code (1873 chars)[0m [36mreq[0m=[35me1fecf7f[0m
[2m10:28:37[0m [[32m[1minfo     [0m] [1mImplementation iteration 2/10           [0m [36mreq[0m=[35me1fecf7f[0m
[2m10:28:37[0m [[32m[1minfo     [0m] [1mGetting challenge status: id=8b8f0bf5-b130-469a-bb23-6fd6cc7a7eb7[0m [36mreq[0m=[35m3c201971[0m
[2m10:28:37[0m [[32m[1minfo     [0m] [1mrequest_finished                        [0m [36mduration[0m=[35m0.007[0m [36mmethod[0m=[35mGET[0m [36mpath[0m=[35m/api/v1/challenges/8b8f0bf5-b130-469a-bb23-6fd6cc7a7eb7[0m [36mreq[0m=[35m3c201971[0m [36mrequest_id[0m=[35m3c201971-5c01-4e3e-87a9-349de7304c37[0m [36mstatus[0m=[35m200[0m
[2m10:28:39[0m [[33m[1mwarning  [0m] [1mCode execution failed (exit=1): Testing with input: {'folder_path': '/non/existent/path', 'db_url': 'sqlite:///:memory:'}
Result: {'success': False, 'error': 'The path provided is not a valid directory: /non/existent/path'}
TEST FAILED: The path provided is not a valid directory: /non/existent/path
[0m [36mreq[0m=[35me1fecf7f[0m
[2m10:28:39[0m [[32m[1minfo     [0m] [1mRecorded build attempt: capability=parse and import 50 CSV files into the database, success=False, error_type=ErrorType.RUNTIME_ERROR[0m [36mreq[0m=[35me1fecf7f[0m
[2m10:28:41[0m [[32m[1minfo     [0m] [1mDebug [LOGIC_ERROR]: produced fixed code (2088 chars)[0m [36mreq[0m=[35me1fecf7f[0m
[2m10:28:41[0m [[32m[1minfo     [0m] [1mImplementation iteration 3/10           [0m [36mreq[0m=[35me1fecf7f[0m
[2m10:28:42[0m [[32m[1minfo     [0m] [1mGetting challenge status: id=8b8f0bf5-b130-469a-bb23-6fd6cc7a7eb7[0m [36mreq[0m=[35mf9979543[0m
[2m10:28:42[0m [[32m[1minfo     [0m] [1mrequest_finished                        [0m [36mduration[0m=[35m0.008[0m [36mmethod[0m=[35mGET[0m [36mpath[0m=[35m/api/v1/challenges/8b8f0bf5-b130-469a-bb23-6fd6cc7a7eb7[0m [36mreq[0m=[35mf9979543[0m [36mrequest_id[0m=[35mf9979543-2cf6-4528-b1a8-0b9985f70eb3[0m [36mstatus[0m=[35m200[0m
[2m10:28:43[0m [[33m[1mwarning  [0m] [1mCode execution failed (exit=1): Testing with input: {'folder_path': '/non/existent/path', 'db_url': 'sqlite:///:memory:'}
Result: {'success': False, 'error': 'The path provided is not a valid directory: /non/existent/path'}
TEST FAILED: The path provided is not a valid directory: /non/existent/path
[0m [36mreq[0m=[35me1fecf7f[0m
[2m10:28:43[0m [[32m[1minfo     [0m] [1mRecorded build attempt: capability=parse and import 50 CSV files into the database, success=False, error_type=ErrorType.RUNTIME_ERROR[0m [36mreq[0m=[35me1fecf7f[0m
[2m10:28:45[0m [[32m[1minfo     [0m] [1mDebug [LOGIC_ERROR]: produced fixed code (1736 chars)[0m [36mreq[0m=[35me1fecf7f[0m
[2m10:28:45[0m [[32m[1minfo     [0m] [1mImplementation iteration 4/10           [0m [36mreq[0m=[35me1fecf7f[0m
[2m10:28:47[0m [[33m[1mwarning  [0m] [1mCode execution failed (exit=1): Testing with input: {'folder_path': '/non/existent/path', 'db_url': 'sqlite:///:memory:'}
Result: {'success': False, 'error': 'The path provided is not a valid directory: /non/existent/path'}
TEST FAILED: The path provided is not a valid directory: /non/existent/path
[0m [36mreq[0m=[35me1fecf7f[0m
[2m10:28:47[0m [[32m[1minfo     [0m] [1mRecorded build attempt: capability=parse and import 50 CSV files into the database, success=False, error_type=ErrorType.RUNTIME_ERROR[0m [36mreq[0m=[35me1fecf7f[0m
[2m10:28:47[0m [[32m[1minfo     [0m] [1mGetting challenge status: id=8b8f0bf5-b130-469a-bb23-6fd6cc7a7eb7[0m [36mreq[0m=[35m353c0181[0m
[2m10:28:47[0m [[32m[1minfo     [0m] [1mrequest_finished                        [0m [36mduration[0m=[35m0.006[0m [36mmethod[0m=[35mGET[0m [36mpath[0m=[35m/api/v1/challenges/8b8f0bf5-b130-469a-bb23-6fd6cc7a7eb7[0m [36mreq[0m=[35m353c0181[0m [36mrequest_id[0m=[35m353c0181-8553-4b4b-95f7-3ce9a029b9aa[0m [36mstatus[0m=[35m200[0m
[2m10:28:49[0m [[32m[1minfo     [0m] [1mDebug [LOGIC_ERROR]: produced fixed code (1696 chars)[0m [36mreq[0m=[35me1fecf7f[0m
[2m10:28:49[0m [[32m[1minfo     [0m] [1mImplementation iteration 5/10           [0m [36mreq[0m=[35me1fecf7f[0m
[2m10:28:51[0m [[33m[1mwarning  [0m] [1mCode execution failed (exit=1): Testing with input: {'folder_path': '/non/existent/path', 'db_url': 'sqlite:///:memory:'}
Result: {'success': False, 'error': 'The path provided is not a valid directory: /non/existent/path'}
TEST FAILED: The path provided is not a valid directory: /non/existent/path
[0m [36mreq[0m=[35me1fecf7f[0m
[2m10:28:51[0m [[32m[1minfo     [0m] [1mRecorded build attempt: capability=parse and import 50 CSV files into the database, success=False, error_type=ErrorType.RUNTIME_ERROR[0m [36mreq[0m=[35me1fecf7f[0m
[2m10:28:52[0m [[32m[1minfo     [0m] [1mGetting challenge status: id=8b8f0bf5-b130-469a-bb23-6fd6cc7a7eb7[0m [36mreq[0m=[35m69fffc52[0m
[2m10:28:52[0m [[32m[1minfo     [0m] [1mrequest_finished                        [0m [36mduration[0m=[35m0.006[0m [36mmethod[0m=[35mGET[0m [36mpath[0m=[35m/api/v1/challenges/8b8f0bf5-b130-469a-bb23-6fd6cc7a7eb7[0m [36mreq[0m=[35m69fffc52[0m [36mrequest_id[0m=[35m69fffc52-73ff-4731-a934-6dc570108f45[0m [36mstatus[0m=[35m200[0m
[2m10:28:53[0m [[32m[1minfo     [0m] [1mDebug [LOGIC_ERROR]: produced fixed code (1823 chars)[0m [36mreq[0m=[35me1fecf7f[0m
[2m10:28:53[0m [[32m[1minfo     [0m] [1mImplementation iteration 6/10           [0m [36mreq[0m=[35me1fecf7f[0m
[2m10:28:55[0m [[33m[1mwarning  [0m] [1mCode execution failed (exit=1): Testing with input: {'folder_path': '/non/existent/path', 'db_url': 'sqlite:///:memory:'}
Result: {'success': False, 'error': 'The path provided is not a valid directory: /non/existent/path'}
TEST FAILED: The path provided is not a valid directory: /non/existent/path
[0m [36mreq[0m=[35me1fecf7f[0m
[2m10:28:55[0m [[32m[1minfo     [0m] [1mRecorded build attempt: capability=parse and import 50 CSV files into the database, success=False, error_type=ErrorType.RUNTIME_ERROR[0m [36mreq[0m=[35me1fecf7f[0m
[2m10:28:57[0m [[32m[1minfo     [0m] [1mDebug [LOGIC_ERROR]: produced fixed code (2029 chars)[0m [36mreq[0m=[35me1fecf7f[0m
[2m10:28:57[0m [[32m[1minfo     [0m] [1mImplementation iteration 7/10           [0m [36mreq[0m=[35me1fecf7f[0m
[2m10:28:57[0m [[32m[1minfo     [0m] [1mGetting challenge status: id=8b8f0bf5-b130-469a-bb23-6fd6cc7a7eb7[0m [36mreq[0m=[35m79381e93[0m
[2m10:28:57[0m [[32m[1minfo     [0m] [1mrequest_finished                        [0m [36mduration[0m=[35m0.02[0m [36mmethod[0m=[35mGET[0m [36mpath[0m=[35m/api/v1/challenges/8b8f0bf5-b130-469a-bb23-6fd6cc7a7eb7[0m [36mreq[0m=[35m79381e93[0m [36mrequest_id[0m=[35m79381e93-3ee3-4ff6-9ac3-07ce08af0e77[0m [36mstatus[0m=[35m200[0m
[2m10:28:59[0m [[33m[1mwarning  [0m] [1mCode execution failed (exit=1): Testing with input: {'folder_path': '/non/existent/path', 'db_url': 'sqlite:///:memory:'}
Result: {'success': False, 'error': 'The path provided is not a valid directory: /non/existent/path'}
TEST FAILED: The path provided is not a valid directory: /non/existent/path
[0m [36mreq[0m=[35me1fecf7f[0m
[2m10:28:59[0m [[32m[1minfo     [0m] [1mRecorded build attempt: capability=parse and import 50 CSV files into the database, success=False, error_type=ErrorType.RUNTIME_ERROR[0m [36mreq[0m=[35me1fecf7f[0m
[2m10:29:01[0m [[32m[1minfo     [0m] [1mDebug [LOGIC_ERROR]: produced fixed code (1916 chars)[0m [36mreq[0m=[35me1fecf7f[0m
[2m10:29:01[0m [[32m[1minfo     [0m] [1mImplementation iteration 8/10           [0m [36mreq[0m=[35me1fecf7f[0m
[2m10:29:02[0m [[32m[1minfo     [0m] [1mGetting challenge status: id=8b8f0bf5-b130-469a-bb23-6fd6cc7a7eb7[0m [36mreq[0m=[35m963c88c8[0m
[2m10:29:02[0m [[32m[1minfo     [0m] [1mrequest_finished                        [0m [36mduration[0m=[35m0.007[0m [36mmethod[0m=[35mGET[0m [36mpath[0m=[35m/api/v1/challenges/8b8f0bf5-b130-469a-bb23-6fd6cc7a7eb7[0m [36mreq[0m=[35m963c88c8[0m [36mrequest_id[0m=[35m963c88c8-68d2-44ed-8697-85bcc6a323fb[0m [36mstatus[0m=[35m200[0m
[2m10:29:03[0m [[33m[1mwarning  [0m] [1mCode execution failed (exit=1): Testing with input: {'folder_path': '/non/existent/path', 'db_url': 'sqlite:///:memory:'}
Result: {'success': False, 'error': 'The path provided is not a valid directory: /non/existent/path'}
TEST FAILED: The path provided is not a valid directory: /non/existent/path
[0m [36mreq[0m=[35me1fecf7f[0m
[2m10:29:03[0m [[32m[1minfo     [0m] [1mRecorded build attempt: capability=parse and import 50 CSV files into the database, success=False, error_type=ErrorType.RUNTIME_ERROR[0m [36mreq[0m=[35me1fecf7f[0m
[2m10:29:05[0m [[32m[1minfo     [0m] [1mDebug [LOGIC_ERROR]: produced fixed code (1907 chars)[0m [36mreq[0m=[35me1fecf7f[0m
[2m10:29:05[0m [[32m[1minfo     [0m] [1mImplementation iteration 9/10           [0m [36mreq[0m=[35me1fecf7f[0m
[2m10:29:07[0m [[32m[1minfo     [0m] [1mGetting challenge status: id=8b8f0bf5-b130-469a-bb23-6fd6cc7a7eb7[0m [36mreq[0m=[35m7c077c88[0m
[2m10:29:07[0m [[32m[1minfo     [0m] [1mrequest_finished                        [0m [36mduration[0m=[35m0.021[0m [36mmethod[0m=[35mGET[0m [36mpath[0m=[35m/api/v1/challenges/8b8f0bf5-b130-469a-bb23-6fd6cc7a7eb7[0m [36mreq[0m=[35m7c077c88[0m [36mrequest_id[0m=[35m7c077c88-326d-46bd-afc4-a2aa139fca5c[0m [36mstatus[0m=[35m200[0m
[2m10:29:08[0m [[33m[1mwarning  [0m] [1mCode execution failed (exit=1): Testing with input: {'folder_path': '/non/existent/path', 'db_url': 'sqlite:///:memory:'}
Result: {'success': False, 'error': 'The path provided is not a valid directory: /non/existent/path'}
TEST FAILED: The path provided is not a valid directory: /non/existent/path
[0m [36mreq[0m=[35me1fecf7f[0m
[2m10:29:08[0m [[32m[1minfo     [0m] [1mRecorded build attempt: capability=parse and import 50 CSV files into the database, success=False, error_type=ErrorType.RUNTIME_ERROR[0m [36mreq[0m=[35me1fecf7f[0m
[2m10:29:10[0m [[32m[1minfo     [0m] [1mDebug [LOGIC_ERROR]: produced fixed code (2019 chars)[0m [36mreq[0m=[35me1fecf7f[0m
[2m10:29:10[0m [[32m[1minfo     [0m] [1mImplementation iteration 10/10          [0m [36mreq[0m=[35me1fecf7f[0m
[2m10:29:12[0m [[33m[1mwarning  [0m] [1mCode execution failed (exit=1): Testing with input: {'folder_path': '/non/existent/path', 'db_url': 'sqlite:///:memory:'}
Result: {'success': False, 'error': 'The path provided is not a valid directory: /non/existent/path'}
TEST FAILED: The path provided is not a valid directory: /non/existent/path
[0m [36mreq[0m=[35me1fecf7f[0m
[2m10:29:12[0m [[32m[1minfo     [0m] [1mRecorded build attempt: capability=parse and import 50 CSV files into the database, success=False, error_type=ErrorType.RUNTIME_ERROR[0m [36mreq[0m=[35me1fecf7f[0m
[2m10:29:13[0m [[32m[1minfo     [0m] [1mGetting challenge status: id=8b8f0bf5-b130-469a-bb23-6fd6cc7a7eb7[0m [36mreq[0m=[35m90f330a2[0m
[2m10:29:13[0m [[32m[1minfo     [0m] [1mrequest_finished                        [0m [36mduration[0m=[35m0.01[0m [36mmethod[0m=[35mGET[0m [36mpath[0m=[35m/api/v1/challenges/8b8f0bf5-b130-469a-bb23-6fd6cc7a7eb7[0m [36mreq[0m=[35m90f330a2[0m [36mrequest_id[0m=[35m90f330a2-a9ec-4a18-9d92-4996b9fe98fd[0m [36mstatus[0m=[35m200[0m
[2m10:29:14[0m [[32m[1minfo     [0m] [1mDebug [LOGIC_ERROR]: produced fixed code (1966 chars)[0m [36mreq[0m=[35me1fecf7f[0m
[2m10:29:18[0m [[32m[1minfo     [0m] [1mGetting challenge status: id=8b8f0bf5-b130-469a-bb23-6fd6cc7a7eb7[0m [36mreq[0m=[35m433b7344[0m
[2m10:29:18[0m [[32m[1minfo     [0m] [1mrequest_finished                        [0m [36mduration[0m=[35m0.006[0m [36mmethod[0m=[35mGET[0m [36mpath[0m=[35m/api/v1/challenges/8b8f0bf5-b130-469a-bb23-6fd6cc7a7eb7[0m [36mreq[0m=[35m433b7344[0m [36mrequest_id[0m=[35m433b7344-2c06-4423-990e-bbfaaadb334b[0m [36mstatus[0m=[35m200[0m
[2m10:29:19[0m [[33m[1mwarning  [0m] [1mSkill Team failed: phase=TeamRole.IMPLEMENTER, reason=Implementation failed after max iterations[0m [36mreq[0m=[35me1fecf7f[0m
[2m10:29:19[0m [[32m[1minfo     [0m] [1mRecorded build attempt: capability=parse and import 50 CSV files into the database, success=False, error_type=ErrorType.RUNTIME_ERROR[0m [36mreq[0m=[35me1fecf7f[0m
[2m10:29:19[0m [[33m[1mwarning  [0m] [1mGap build failed: b35ed102... - Implementation failed after max iterations[0m [36mreq[0m=[35me1fecf7f[0m
[2m10:29:19[0m [[32m[1minfo     [0m] [1mProcessing gap: 96367d91... type=missing_planning_skill, capability=identify data quality issues and inconsistencies, severity=important[0m [36mreq[0m=[35me1fecf7f[0m
[2m10:29:19[0m [[33m[1mwarning  [0m] [1mUnknown gap type 'missing_planning_skill', using generic builder[0m [36mreq[0m=[35me1fecf7f[0m
[2m10:29:19[0m [[32m[1minfo     [0m] [1mBuilding capability: gap_type=missing_planning_skill, severity=important, attempt=1, approach=direct[0m [36mreq[0m=[35me1fecf7f[0m
[2m10:29:19[0m [[32m[1minfo     [0m] [1mDecomposing task id=d9d99ee6..., files=1[0m [36mreq[0m=[35me1fecf7f[0m
[2m10:29:23[0m [[32m[1minfo     [0m] [1mGetting challenge status: id=8b8f0bf5-b130-469a-bb23-6fd6cc7a7eb7[0m [36mreq[0m=[35m23c04f9f[0m
[2m10:29:23[0m [[32m[1minfo     [0m] [1mrequest_finished                        [0m [36mduration[0m=[35m0.009[0m [36mmethod[0m=[35mGET[0m [36mpath[0m=[35m/api/v1/challenges/8b8f0bf5-b130-469a-bb23-6fd6cc7a7eb7[0m [36mreq[0m=[35m23c04f9f[0m [36mrequest_id[0m=[35m23c04f9f-2d7e-44cc-9cbb-e88285d83276[0m [36mstatus[0m=[35m200[0m
[2m10:29:24[0m [[32m[1minfo     [0m] [1mDecomposed task into 2 subtasks, 2 waves[0m [36mreq[0m=[35me1fecf7f[0m
[2m10:29:24[0m [[32m[1minfo     [0m] [1mExecuting wave 1/2, files=['prompts/generated/prompt_identify_data_quality_issues_and_inconsistencies.txt'][0m [36mreq[0m=[35me1fecf7f[0m
[2m10:29:24[0m [[32m[1minfo     [0m] [1mRegistered agent id=96f424ba..., task=d9d99ee6..., file=prompts/generated/prompt_identify_data_quality_issues_and_inconsistencies.txt[0m [36mreq[0m=[35me1fecf7f[0m
[2m10:29:24[0m [[32m[1minfo     [0m] [1mUpdated agent id=96f424ba... status=running[0m [36mreq[0m=[35me1fecf7f[0m
[2m10:29:24[0m [[32m[1minfo     [0m] [1mExecuting agent id=96f424ba..., file=prompts/generated/prompt_identify_data_quality_issues_and_inconsistencies.txt[0m [36mreq[0m=[35me1fecf7f[0m
{
    "name": "developer_team.decompose_task",
    "context": {
        "trace_id": "0x0905680df3afa1b4ae5661460ce82749",
        "span_id": "0xd2e7c5a34b47b5a8",
        "trace_state": "[]"
    },
    "kind": "SpanKind.INTERNAL",
    "parent_id": "0x50122403885f02ca",
    "start_time": "2026-05-06T10:29:19.967122Z",
    "end_time": "2026-05-06T10:29:24.224410Z",
    "status": {
        "status_code": "UNSET"
    },
    "attributes": {},
    "events": [],
    "links": [],
    "resource": {
        "attributes": {
            "telemetry.sdk.language": "python",
            "telemetry.sdk.name": "opentelemetry",
            "telemetry.sdk.version": "1.40.0",
            "service.name": "lumari-backend",
            "service.version": "0.1.0",
            "service.namespace": "lumari",
            "deployment.environment": "development",
            "telemetry.middleware.version": "1.0.0"
        },
        "schema_url": ""
    }
}
[2m10:29:26[0m [[32m[1minfo     [0m] [1mAgent completed id=96f424ba..., duration=2.66s[0m [36mreq[0m=[35me1fecf7f[0m
[2m10:29:26[0m [[32m[1minfo     [0m] [1mUpdated agent id=96f424ba... status=completed[0m [36mreq[0m=[35me1fecf7f[0m
[2m10:29:26[0m [[32m[1minfo     [0m] [1mExecuting wave 2/2, files=['scripts/data_quality_analyzer.py'][0m [36mreq[0m=[35me1fecf7f[0m
[2m10:29:26[0m [[32m[1minfo     [0m] [1mRegistered agent id=60f5694f..., task=d9d99ee6..., file=scripts/data_quality_analyzer.py[0m [36mreq[0m=[35me1fecf7f[0m
[2m10:29:26[0m [[32m[1minfo     [0m] [1mUpdated agent id=60f5694f... status=running[0m [36mreq[0m=[35me1fecf7f[0m
[2m10:29:26[0m [[32m[1minfo     [0m] [1mExecuting agent id=60f5694f..., file=scripts/data_quality_analyzer.py[0m [36mreq[0m=[35me1fecf7f[0m
[2m10:29:28[0m [[32m[1minfo     [0m] [1mGetting challenge status: id=8b8f0bf5-b130-469a-bb23-6fd6cc7a7eb7[0m [36mreq[0m=[35ma8565cb5[0m
[2m10:29:28[0m [[32m[1minfo     [0m] [1mrequest_finished                        [0m [36mduration[0m=[35m0.01[0m [36mmethod[0m=[35mGET[0m [36mpath[0m=[35m/api/v1/challenges/8b8f0bf5-b130-469a-bb23-6fd6cc7a7eb7[0m [36mreq[0m=[35ma8565cb5[0m [36mrequest_id[0m=[35ma8565cb5-4fa9-418b-9d25-abb67eed9c19[0m [36mstatus[0m=[35m200[0m
[2m10:29:29[0m [[32m[1minfo     [0m] [1mAgent completed id=60f5694f..., duration=2.65s[0m [36mreq[0m=[35me1fecf7f[0m
[2m10:29:29[0m [[32m[1minfo     [0m] [1mUpdated agent id=60f5694f... status=completed[0m [36mreq[0m=[35me1fecf7f[0m
[2m10:29:29[0m [[32m[1minfo     [0m] [1mUnregistered agent id=96f424ba...       [0m [36mreq[0m=[35me1fecf7f[0m
[2m10:29:29[0m [[32m[1minfo     [0m] [1mUnregistered agent id=60f5694f...       [0m [36mreq[0m=[35me1fecf7f[0m
[2m10:29:29[0m [[32m[1minfo     [0m] [1mCleaned up 2 agents for task d9d99ee6...[0m [36mreq[0m=[35me1fecf7f[0m
[2m10:29:29[0m [[32m[1minfo     [0m] [1mBuilt prompt: id=afbd4550..., name=prompt_identify_data_quality_issues_and_inconsistencies[0m [36mreq[0m=[35me1fecf7f[0m
[2m10:29:29[0m [[32m[1minfo     [0m] [1mInjecting capability: type=prompt, id=afbd4550...[0m [36mreq[0m=[35me1fecf7f[0m
[2m10:29:29[0m [[32m[1minfo     [0m] [1mLoading topology from database...       [0m [36mreq[0m=[35me1fecf7f[0m
[2m10:29:29[0m [[32m[1minfo     [0m] [1mMapped 8 skill entries to 8 capabilities[0m [36mreq[0m=[35me1fecf7f[0m
[2m10:29:29[0m [[32m[1minfo     [0m] [1mTopology validated: 11 agents in 5 waves[0m [36mreq[0m=[35me1fecf7f[0m
[2m10:29:29[0m [[32m[1minfo     [0m] [1mLoaded 8 skills for topology            [0m [36mreq[0m=[35me1fecf7f[0m
[2m10:29:29[0m [[32m[1minfo     [0m] [1mTopology loaded: 11 agents, 5 waves     [0m [36mreq[0m=[35me1fecf7f[0m
[2m10:29:29[0m [[32m[1minfo     [0m] [1mCapability injected successfully: prompt/afbd4550...[0m [36mreq[0m=[35me1fecf7f[0m
[2m10:29:29[0m [[32m[1minfo     [0m] [1mRecorded build attempt: capability=identify data quality issues and inconsistencies, success=True, error_type=None[0m [36mreq[0m=[35me1fecf7f[0m
[2m10:29:29[0m [[32m[1minfo     [0m] [1mGap completed: 96367d91... -> prompt/afbd4550...[0m [36mreq[0m=[35me1fecf7f[0m
[2m10:29:29[0m [[32m[1minfo     [0m] [1mProcessing gap: c3c9e8fb... type=missing_planning_skill, capability=formulate budget planning recommendations for Q4, severity=minor[0m [36mreq[0m=[35me1fecf7f[0m
[2m10:29:29[0m [[33m[1mwarning  [0m] [1mUnknown gap type 'missing_planning_skill', using generic builder[0m [36mreq[0m=[35me1fecf7f[0m
[2m10:29:29[0m [[32m[1minfo     [0m] [1mBuilding capability: gap_type=missing_planning_skill, severity=minor, attempt=1, approach=direct[0m [36mreq[0m=[35me1fecf7f[0m
[2m10:29:29[0m [[32m[1minfo     [0m] [1mDecomposing task id=216a9963..., files=1[0m [36mreq[0m=[35me1fecf7f[0m
{
    "name": "agent_spawner.spawn_and_execute",
    "context": {
        "trace_id": "0x0905680df3afa1b4ae5661460ce82749",
        "span_id": "0x6e285da09a39ab9c",
        "trace_state": "[]"
    },
    "kind": "SpanKind.INTERNAL",
    "parent_id": "0x2a08acb6899b1217",
    "start_time": "2026-05-06T10:29:24.224978Z",
    "end_time": "2026-05-06T10:29:26.888274Z",
    "status": {
        "status_code": "UNSET"
    },
    "attributes": {
        "agent.id": "96f424ba-c02e-4f52-b9a9-172608f17e68",
        "agent.task_id": "d9d99ee6-00a9-41a7-9075-5258b57d3270",
        "agent.file_path": "prompts/generated/prompt_identify_data_quality_issues_and_inconsistencies.txt",
        "agent.timeout_seconds": 300,
        "agent.registered": true,
        "agent.success": true,
        "agent.duration_seconds": 2.662716865539551
    },
    "events": [],
    "links": [],
    "resource": {
        "attributes": {
            "telemetry.sdk.language": "python",
            "telemetry.sdk.name": "opentelemetry",
            "telemetry.sdk.version": "1.40.0",
            "service.name": "lumari-backend",
            "service.version": "0.1.0",
            "service.namespace": "lumari",
            "deployment.environment": "development",
            "telemetry.middleware.version": "1.0.0"
        },
        "schema_url": ""
    }
}
{
    "name": "developer_team.execute_wave",
    "context": {
        "trace_id": "0x0905680df3afa1b4ae5661460ce82749",
        "span_id": "0x2a08acb6899b1217",
        "trace_state": "[]"
    },
    "kind": "SpanKind.INTERNAL",
    "parent_id": "0x50122403885f02ca",
    "start_time": "2026-05-06T10:29:24.224590Z",
    "end_time": "2026-05-06T10:29:26.888643Z",
    "status": {
        "status_code": "UNSET"
    },
    "attributes": {
        "wave.files": [
            "prompts/generated/prompt_identify_data_quality_issues_and_inconsistencies.txt"
        ]
    },
    "events": [],
    "links": [],
    "resource": {
        "attributes": {
            "telemetry.sdk.language": "python",
            "telemetry.sdk.name": "opentelemetry",
            "telemetry.sdk.version": "1.40.0",
            "service.name": "lumari-backend",
            "service.version": "0.1.0",
            "service.namespace": "lumari",
            "deployment.environment": "development",
            "telemetry.middleware.version": "1.0.0"
        },
        "schema_url": ""
    }
}
{
    "name": "agent_spawner.spawn_and_execute",
    "context": {
        "trace_id": "0x0905680df3afa1b4ae5661460ce82749",
        "span_id": "0x49dd922f230c82be",
        "trace_state": "[]"
    },
    "kind": "SpanKind.INTERNAL",
    "parent_id": "0x7dd73be770ec2a36",
    "start_time": "2026-05-06T10:29:26.888870Z",
    "end_time": "2026-05-06T10:29:29.535636Z",
    "status": {
        "status_code": "UNSET"
    },
    "attributes": {
        "agent.id": "60f5694f-007e-476c-bf21-f3e91c9638de",
        "agent.task_id": "d9d99ee6-00a9-41a7-9075-5258b57d3270",
        "agent.file_path": "scripts/data_quality_analyzer.py",
        "agent.timeout_seconds": 300,
        "agent.registered": true,
        "agent.success": true,
        "agent.duration_seconds": 2.6457488536834717
    },
    "events": [],
    "links": [],
    "resource": {
        "attributes": {
            "telemetry.sdk.language": "python",
            "telemetry.sdk.name": "opentelemetry",
            "telemetry.sdk.version": "1.40.0",
            "service.name": "lumari-backend",
            "service.version": "0.1.0",
            "service.namespace": "lumari",
            "deployment.environment": "development",
            "telemetry.middleware.version": "1.0.0"
        },
        "schema_url": ""
    }
}
{
    "name": "developer_team.execute_wave",
    "context": {
        "trace_id": "0x0905680df3afa1b4ae5661460ce82749",
        "span_id": "0x7dd73be770ec2a36",
        "trace_state": "[]"
    },
    "kind": "SpanKind.INTERNAL",
    "parent_id": "0x50122403885f02ca",
    "start_time": "2026-05-06T10:29:26.888754Z",
    "end_time": "2026-05-06T10:29:29.536829Z",
    "status": {
        "status_code": "UNSET"
    },
    "attributes": {
        "wave.files": [
            "scripts/data_quality_analyzer.py"
        ]
    },
    "events": [],
    "links": [],
    "resource": {
        "attributes": {
            "telemetry.sdk.language": "python",
            "telemetry.sdk.name": "opentelemetry",
            "telemetry.sdk.version": "1.40.0",
            "service.name": "lumari-backend",
            "service.version": "0.1.0",
            "service.namespace": "lumari",
            "deployment.environment": "development",
            "telemetry.middleware.version": "1.0.0"
        },
        "schema_url": ""
    }
}
{
    "name": "developer_team.execute_complex_task",
    "context": {
        "trace_id": "0x0905680df3afa1b4ae5661460ce82749",
        "span_id": "0x50122403885f02ca",
        "trace_state": "[]"
    },
    "kind": "SpanKind.INTERNAL",
    "parent_id": null,
    "start_time": "2026-05-06T10:29:19.966959Z",
    "end_time": "2026-05-06T10:29:29.537147Z",
    "status": {
        "status_code": "UNSET"
    },
    "attributes": {
        "task.id": "d9d99ee6-00a9-41a7-9075-5258b57d3270",
        "task.files_count": 1,
        "task.subtasks_count": 2,
        "task.waves_count": 2,
        "task.files_completed": 2,
        "task.files_failed": 0,
        "task.success": true
    },
    "events": [],
    "links": [],
    "resource": {
        "attributes": {
            "telemetry.sdk.language": "python",
            "telemetry.sdk.name": "opentelemetry",
            "telemetry.sdk.version": "1.40.0",
            "service.name": "lumari-backend",
            "service.version": "0.1.0",
            "service.namespace": "lumari",
            "deployment.environment": "development",
            "telemetry.middleware.version": "1.0.0"
        },
        "schema_url": ""
    }
}
[2m10:29:32[0m [[32m[1minfo     [0m] [1mDecomposed task into 2 subtasks, 2 waves[0m [36mreq[0m=[35me1fecf7f[0m
[2m10:29:32[0m [[32m[1minfo     [0m] [1mExecuting wave 1/2, files=['prompts/generated/prompt_formulate_budget_planning_recommendations_for_q4.txt'][0m [36mreq[0m=[35me1fecf7f[0m
[2m10:29:32[0m [[32m[1minfo     [0m] [1mRegistered agent id=35af3117..., task=216a9963..., file=prompts/generated/prompt_formulate_budget_planning_recommendations_for_q4.txt[0m [36mreq[0m=[35me1fecf7f[0m
[2m10:29:32[0m [[32m[1minfo     [0m] [1mUpdated agent id=35af3117... status=running[0m [36mreq[0m=[35me1fecf7f[0m
[2m10:29:32[0m [[32m[1minfo     [0m] [1mExecuting agent id=35af3117..., file=prompts/generated/prompt_formulate_budget_planning_recommendations_for_q4.txt[0m [36mreq[0m=[35me1fecf7f[0m
[2m10:29:33[0m [[32m[1minfo     [0m] [1mGetting challenge status: id=8b8f0bf5-b130-469a-bb23-6fd6cc7a7eb7[0m [36mreq[0m=[35m72961b50[0m
[2m10:29:33[0m [[32m[1minfo     [0m] [1mrequest_finished                        [0m [36mduration[0m=[35m0.008[0m [36mmethod[0m=[35mGET[0m [36mpath[0m=[35m/api/v1/challenges/8b8f0bf5-b130-469a-bb23-6fd6cc7a7eb7[0m [36mreq[0m=[35m72961b50[0m [36mrequest_id[0m=[35m72961b50-d3fc-4037-82fe-3d1d74e0c1f3[0m [36mstatus[0m=[35m200[0m
[2m10:29:34[0m [[32m[1minfo     [0m] [1mAgent completed id=35af3117..., duration=2.35s[0m [36mreq[0m=[35me1fecf7f[0m
[2m10:29:34[0m [[32m[1minfo     [0m] [1mUpdated agent id=35af3117... status=completed[0m [36mreq[0m=[35me1fecf7f[0m
[2m10:29:34[0m [[32m[1minfo     [0m] [1mExecuting wave 2/2, files=['scripts/analyze_q3_data.py'][0m [36mreq[0m=[35me1fecf7f[0m
[2m10:29:34[0m [[32m[1minfo     [0m] [1mRegistered agent id=8a58a423..., task=216a9963..., file=scripts/analyze_q3_data.py[0m [36mreq[0m=[35me1fecf7f[0m
[2m10:29:34[0m [[32m[1minfo     [0m] [1mUpdated agent id=8a58a423... status=running[0m [36mreq[0m=[35me1fecf7f[0m
[2m10:29:34[0m [[32m[1minfo     [0m] [1mExecuting agent id=8a58a423..., file=scripts/analyze_q3_data.py[0m [36mreq[0m=[35me1fecf7f[0m
{
    "name": "developer_team.decompose_task",
    "context": {
        "trace_id": "0xdf6e9247ef984a1c3db5fb4ac6945dfb",
        "span_id": "0x95b6d84a7a4fa671",
        "trace_state": "[]"
    },
    "kind": "SpanKind.INTERNAL",
    "parent_id": "0x53c132e1cb9d430d",
    "start_time": "2026-05-06T10:29:29.798112Z",
    "end_time": "2026-05-06T10:29:32.008201Z",
    "status": {
        "status_code": "UNSET"
    },
    "attributes": {},
    "events": [],
    "links": [],
    "resource": {
        "attributes": {
            "telemetry.sdk.language": "python",
            "telemetry.sdk.name": "opentelemetry",
            "telemetry.sdk.version": "1.40.0",
            "service.name": "lumari-backend",
            "service.version": "0.1.0",
            "service.namespace": "lumari",
            "deployment.environment": "development",
            "telemetry.middleware.version": "1.0.0"
        },
        "schema_url": ""
    }
}
{
    "name": "agent_spawner.spawn_and_execute",
    "context": {
        "trace_id": "0xdf6e9247ef984a1c3db5fb4ac6945dfb",
        "span_id": "0x13121a9579ab824f",
        "trace_state": "[]"
    },
    "kind": "SpanKind.INTERNAL",
    "parent_id": "0xbe2a9e718ea984b4",
    "start_time": "2026-05-06T10:29:32.008691Z",
    "end_time": "2026-05-06T10:29:34.361646Z",
    "status": {
        "status_code": "UNSET"
    },
    "attributes": {
        "agent.id": "35af3117-7c57-490a-a7e8-047fabf8f53f",
        "agent.task_id": "216a9963-d1b6-413d-ab82-bb2381dd8490",
        "agent.file_path": "prompts/generated/prompt_formulate_budget_planning_recommendations_for_q4.txt",
        "agent.timeout_seconds": 300,
        "agent.registered": true,
        "agent.success": true,
        "agent.duration_seconds": 2.352607011795044
    },
    "events": [],
    "links": [],
    "resource": {
        "attributes": {
            "telemetry.sdk.language": "python",
            "telemetry.sdk.name": "opentelemetry",
            "telemetry.sdk.version": "1.40.0",
            "service.name": "lumari-backend",
            "service.version": "0.1.0",
            "service.namespace": "lumari",
            "deployment.environment": "development",
            "telemetry.middleware.version": "1.0.0"
        },
        "schema_url": ""
    }
}
{
    "name": "developer_team.execute_wave",
    "context": {
        "trace_id": "0xdf6e9247ef984a1c3db5fb4ac6945dfb",
        "span_id": "0xbe2a9e718ea984b4",
        "trace_state": "[]"
    },
    "kind": "SpanKind.INTERNAL",
    "parent_id": "0x53c132e1cb9d430d",
    "start_time": "2026-05-06T10:29:32.008325Z",
    "end_time": "2026-05-06T10:29:34.361978Z",
    "status": {
        "status_code": "UNSET"
    },
    "attributes": {
        "wave.files": [
            "prompts/generated/prompt_formulate_budget_planning_recommendations_for_q4.txt"
        ]
    },
    "events": [],
    "links": [],
    "resource": {
        "attributes": {
            "telemetry.sdk.language": "python",
            "telemetry.sdk.name": "opentelemetry",
            "telemetry.sdk.version": "1.40.0",
            "service.name": "lumari-backend",
            "service.version": "0.1.0",
            "service.namespace": "lumari",
            "deployment.environment": "development",
            "telemetry.middleware.version": "1.0.0"
        },
        "schema_url": ""
    }
}
[2m10:29:37[0m [[32m[1minfo     [0m] [1mAgent completed id=8a58a423..., duration=2.77s[0m [36mreq[0m=[35me1fecf7f[0m
[2m10:29:37[0m [[32m[1minfo     [0m] [1mUpdated agent id=8a58a423... status=completed[0m [36mreq[0m=[35me1fecf7f[0m
[2m10:29:37[0m [[32m[1minfo     [0m] [1mUnregistered agent id=35af3117...       [0m [36mreq[0m=[35me1fecf7f[0m
[2m10:29:37[0m [[32m[1minfo     [0m] [1mUnregistered agent id=8a58a423...       [0m [36mreq[0m=[35me1fecf7f[0m
[2m10:29:37[0m [[32m[1minfo     [0m] [1mCleaned up 2 agents for task 216a9963...[0m [36mreq[0m=[35me1fecf7f[0m
[2m10:29:37[0m [[32m[1minfo     [0m] [1mBuilt prompt: id=15d2b23a..., name=prompt_formulate_budget_planning_recommendations_for_q4[0m [36mreq[0m=[35me1fecf7f[0m
[2m10:29:37[0m [[32m[1minfo     [0m] [1mInjecting capability: type=prompt, id=15d2b23a...[0m [36mreq[0m=[35me1fecf7f[0m
[2m10:29:37[0m [[32m[1minfo     [0m] [1mLoading topology from database...       [0m [36mreq[0m=[35me1fecf7f[0m
[2m10:29:37[0m [[32m[1minfo     [0m] [1mMapped 8 skill entries to 8 capabilities[0m [36mreq[0m=[35me1fecf7f[0m
[2m10:29:37[0m [[32m[1minfo     [0m] [1mTopology validated: 11 agents in 5 waves[0m [36mreq[0m=[35me1fecf7f[0m
[2m10:29:37[0m [[32m[1minfo     [0m] [1mLoaded 8 skills for topology            [0m [36mreq[0m=[35me1fecf7f[0m
[2m10:29:37[0m [[32m[1minfo     [0m] [1mTopology loaded: 11 agents, 5 waves     [0m [36mreq[0m=[35me1fecf7f[0m
[2m10:29:37[0m [[32m[1minfo     [0m] [1mCapability injected successfully: prompt/15d2b23a...[0m [36mreq[0m=[35me1fecf7f[0m
[2m10:29:37[0m [[32m[1minfo     [0m] [1mRecorded build attempt: capability=formulate budget planning recommendations for Q4, success=True, error_type=None[0m [36mreq[0m=[35me1fecf7f[0m
[2m10:29:37[0m [[32m[1minfo     [0m] [1mGap completed: c3c9e8fb... -> prompt/15d2b23a...[0m [36mreq[0m=[35me1fecf7f[0m
[2m10:29:37[0m [[32m[1minfo     [0m] [1mAll gaps processed for plan 091c3f5a... [0m [36mreq[0m=[35me1fecf7f[0m
[2m10:29:37[0m [[32m[1minfo     [0m] [1mCompleted gap plan: 091c3f5a..., status=partial, completed=2, failed=2[0m [36mreq[0m=[35me1fecf7f[0m
[2m10:29:37[0m [[32m[1minfo     [0m] [1mGap plan execution finished: 091c3f5a..., completed=2, failed=2, artifacts=2[0m [36mreq[0m=[35me1fecf7f[0m
[2m10:29:37[0m [[32m[1minfo     [0m] [1mVerifying gap closure after cycle 1, built 2 capabilities[0m [36mreq[0m=[35me1fecf7f[0m
[2m10:29:37[0m [[32m[1minfo     [0m] [1mGap OPEN: 'design and create a normalized relational database schema'[0m [36mreq[0m=[35me1fecf7f[0m
[2m10:29:37[0m [[32m[1minfo     [0m] [1mGap OPEN: 'parse and import 50 CSV files into the database'[0m [36mreq[0m=[35me1fecf7f[0m
[2m10:29:37[0m [[32m[1minfo     [0m] [1mGap OPEN: 'identify data quality issues and inconsistencies'[0m [36mreq[0m=[35me1fecf7f[0m
[2m10:29:37[0m [[32m[1minfo     [0m] [1mGap OPEN: 'formulate budget planning recommendations for Q4'[0m [36mreq[0m=[35me1fecf7f[0m
[2m10:29:37[0m [[32m[1minfo     [0m] [1mPlan verification complete: 091c3f5a..., closed=0/4, all_closed=False[0m [36mreq[0m=[35me1fecf7f[0m
[2m10:29:37[0m [[32m[1minfo     [0m] [1mVerification result: closed=0/4, all_closed=False[0m [36mreq[0m=[35me1fecf7f[0m
[2m10:29:37[0m [[32m[1minfo     [0m] [1mCreated gap plan: id=5a30de14..., challenge=8b8f0bf5..., gaps=4, cycle=2[0m [36mreq[0m=[35me1fecf7f[0m
[2m10:29:37[0m [[32m[1minfo     [0m] [1mCreated new cycle 2 with 4 REMAINING gaps (not new ones!) for challenge 8b8f0bf5...[0m [36mreq[0m=[35me1fecf7f[0m
[2m10:29:37[0m [[32m[1minfo     [0m] [1mCapability building partial: 8b8f0bf5-b130-469a-bb23-6fd6cc7a7eb7, built=2[0m [36mreq[0m=[35me1fecf7f[0m
[2m10:29:38[0m [[32m[1minfo     [0m] [1mGetting challenge status: id=8b8f0bf5-b130-469a-bb23-6fd6cc7a7eb7[0m [36mreq[0m=[35m42c2a17b[0m
[2m10:29:38[0m [[32m[1minfo     [0m] [1mrequest_finished                        [0m [36mduration[0m=[35m0.006[0m [36mmethod[0m=[35mGET[0m [36mpath[0m=[35m/api/v1/challenges/8b8f0bf5-b130-469a-bb23-6fd6cc7a7eb7[0m [36mreq[0m=[35m42c2a17b[0m [36mrequest_id[0m=[35m42c2a17b-c0f3-4a2e-99a7-c6cbf1dfed36[0m [36mstatus[0m=[35m200[0m
[2m10:29:38[0m [[32m[1minfo     [0m] [1mExecuting challenge: id=8b8f0bf5-b130-469a-bb23-6fd6cc7a7eb7[0m [36mreq[0m=[35me730f57f[0m
[2m10:29:38[0m [[32m[1minfo     [0m] [1mrequest_finished                        [0m [36mduration[0m=[35m0.007[0m [36mmethod[0m=[35mPOST[0m [36mpath[0m=[35m/api/v1/challenges/8b8f0bf5-b130-469a-bb23-6fd6cc7a7eb7/execute[0m [36mreq[0m=[35me730f57f[0m [36mrequest_id[0m=[35me730f57f-c200-4df6-b265-c946a104b7f2[0m [36mstatus[0m=[35m200[0m
[2m10:29:38[0m [[32m[1minfo     [0m] [1mStarting background execution: challenge_id=8b8f0bf5-b130-469a-bb23-6fd6cc7a7eb7[0m [36mreq[0m=[35me730f57f[0m
[2m10:29:38[0m [[32m[1minfo     [0m] [1mLoading topology from database...       [0m [36mreq[0m=[35me730f57f[0m
[2m10:29:38[0m [[32m[1minfo     [0m] [1mMapped 8 skill entries to 8 capabilities[0m [36mreq[0m=[35me730f57f[0m
[2m10:29:38[0m [[32m[1minfo     [0m] [1mTopology validated: 11 agents in 5 waves[0m [36mreq[0m=[35me730f57f[0m
[2m10:29:38[0m [[32m[1minfo     [0m] [1mLoaded 8 skills for topology            [0m [36mreq[0m=[35me730f57f[0m
[2m10:29:38[0m [[32m[1minfo     [0m] [1mTopology loaded: 11 agents, 5 waves     [0m [36mreq[0m=[35me730f57f[0m
[2m10:29:38[0m [[32m[1minfo     [0m] [1mShared memory initialized with Qdrant   [0m [36mreq[0m=[35me730f57f[0m
[2m10:29:38[0m [[32m[1minfo     [0m] [1mHybridOrchestrator initialized          [0m [36mreq[0m=[35me730f57f[0m
[2m10:29:38[0m [[32m[1minfo     [0m] [1mStarting execution: 6494584c-a2b7-4789-9858-fb01ebe7373e[0m [36mreq[0m=[35me730f57f[0m
[2m10:29:38[0m [[32m[1minfo     [0m] [1mLoading topology from database...       [0m [36mreq[0m=[35me730f57f[0m
[2m10:29:38[0m [[32m[1minfo     [0m] [1mMapped 8 skill entries to 8 capabilities[0m [36mreq[0m=[35me730f57f[0m
[2m10:29:38[0m [[32m[1minfo     [0m] [1mTopology validated: 11 agents in 5 waves[0m [36mreq[0m=[35me730f57f[0m
[2m10:29:38[0m [[32m[1minfo     [0m] [1mLoaded 8 skills for topology            [0m [36mreq[0m=[35me730f57f[0m
[2m10:29:38[0m [[32m[1minfo     [0m] [1mTopology loaded: 11 agents, 5 waves     [0m [36mreq[0m=[35me730f57f[0m
[2m10:29:38[0m [[32m[1minfo     [0m] [1mDocker client connected successfully    [0m [36mreq[0m=[35me730f57f[0m
[2m10:29:38[0m [[32m[1minfo     [0m] [1mCreated DynamicSandbox executor (Docker-based, unrestricted)[0m [36mreq[0m=[35me730f57f[0m
[2m10:29:38[0m [[33m[1mwarning  [0m] [1mCould not create intervention orchestrator for self-healing: create_intervention_orchestrator() got an unexpected keyword argument 'db'[0m [36mreq[0m=[35me730f57f[0m
[2m10:29:38[0m [[32m[1minfo     [0m] [1mExecuting wave 1/5: ['05bebe15-b46f-4b91-96e3-a50f6cf9e68d', '90c17f3b-7f91-4174-b3ac-b59a51feb378', '65ad3c5c-f66c-49a0-a7cd-4b9ebc6142b9', '073d766c-ed4f-4519-8e36-8c9631e97c67'][0m [36mreq[0m=[35me730f57f[0m
[2m10:29:38[0m [[32m[1minfo     [0m] [1mExecuting agent: transcript_analyzer (05bebe15-b46f-4b91-96e3-a50f6cf9e68d)[0m [36mreq[0m=[35me730f57f[0m
[2m10:29:38[0m [[32m[1minfo     [0m] [1mExecuting agent: product_owner (90c17f3b-7f91-4174-b3ac-b59a51feb378)[0m [36mreq[0m=[35me730f57f[0m
[2m10:29:38[0m [[33m[1mwarning  [0m] [1mAgent product_owner expected artifacts ['analysis_findings'] but none found in pool[0m [36mreq[0m=[35me730f57f[0m
[2m10:29:38[0m [[32m[1minfo     [0m] [1mExecuting agent: quality_judge (65ad3c5c-f66c-49a0-a7cd-4b9ebc6142b9)[0m [36mreq[0m=[35me730f57f[0m
[2m10:29:38[0m [[33m[1mwarning  [0m] [1mAgent quality_judge expected artifacts ['ab_test_samples'] but none found in pool[0m [36mreq[0m=[35me730f57f[0m
[2m10:29:38[0m [[32m[1minfo     [0m] [1mExecuting agent: execution_analyzer (073d766c-ed4f-4519-8e36-8c9631e97c67)[0m [36mreq[0m=[35me730f57f[0m
[2m10:29:38[0m [[33m[1mwarning  [0m] [1mAgent execution_analyzer expected artifacts ['execution_telemetry'] but none found in pool[0m [36mreq[0m=[35me730f57f[0m
[2m10:29:38[0m [[32m[1minfo     [0m] [1mshared_memory_metrics agent=transcript_analyzer facts_kept=5 facts_total=8 hypotheses=0 relations=0 approx_tokens=2389 query_chars=1998[0m [36mreq[0m=[35me730f57f[0m
[2m10:29:39[0m [[32m[1minfo     [0m] [1mAgent execution_analyzer returned final answer after 0 tool calls[0m [36mreq[0m=[35me730f57f[0m
[2m10:29:39[0m [[32m[1minfo     [0m] [1mAgent quality_judge returned final answer after 0 tool calls[0m [36mreq[0m=[35me730f57f[0m
[2m10:29:39[0m [[32m[1minfo     [0m] [1mAgent execution_analyzer completed      [0m [36mreq[0m=[35me730f57f[0m
[2m10:29:39[0m [[32m[1minfo     [0m] [1mAgent quality_judge completed           [0m [36mreq[0m=[35me730f57f[0m
[2m10:29:39[0m [[32m[1minfo     [0m] [1mAgent product_owner returned final answer after 0 tool calls[0m [36mreq[0m=[35me730f57f[0m
[2m10:29:39[0m [[32m[1minfo     [0m] [1mAgent product_owner completed           [0m [36mreq[0m=[35me730f57f[0m
[2m10:29:41[0m [[32m[1minfo     [0m] [1mAgent transcript_analyzer returned final answer after 0 tool calls[0m [36mreq[0m=[35me730f57f[0m
{
    "name": "agent_spawner.spawn_and_execute",
    "context": {
        "trace_id": "0xdf6e9247ef984a1c3db5fb4ac6945dfb",
        "span_id": "0x8ad92cc648021d7b",
        "trace_state": "[]"
    },
    "kind": "SpanKind.INTERNAL",
    "parent_id": "0x1a1491f1ce4662db",
    "start_time": "2026-05-06T10:29:34.362186Z",
    "end_time": "2026-05-06T10:29:37.127523Z",
    "status": {
        "status_code": "UNSET"
    },
    "attributes": {
        "agent.id": "8a58a423-e1f5-4d93-9d4c-ef5eae859fcc",
        "agent.task_id": "216a9963-d1b6-413d-ab82-bb2381dd8490",
        "agent.file_path": "scripts/analyze_q3_data.py",
        "agent.timeout_seconds": 300,
        "agent.registered": true,
        "agent.success": true,
        "agent.duration_seconds": 2.7650063037872314
    },
    "events": [],
    "links": [],
    "resource": {
        "attributes": {
            "telemetry.sdk.language": "python",
            "telemetry.sdk.name": "opentelemetry",
            "telemetry.sdk.version": "1.40.0",
            "service.name": "lumari-backend",
            "service.version": "0.1.0",
            "service.namespace": "lumari",
            "deployment.environment": "development",
            "telemetry.middleware.version": "1.0.0"
        },
        "schema_url": ""
    }
}
{
    "name": "developer_team.execute_wave",
    "context": {
        "trace_id": "0xdf6e9247ef984a1c3db5fb4ac6945dfb",
        "span_id": "0x1a1491f1ce4662db",
        "trace_state": "[]"
    },
    "kind": "SpanKind.INTERNAL",
    "parent_id": "0x53c132e1cb9d430d",
    "start_time": "2026-05-06T10:29:34.362083Z",
    "end_time": "2026-05-06T10:29:37.127842Z",
    "status": {
        "status_code": "UNSET"
    },
    "attributes": {
        "wave.files": [
            "scripts/analyze_q3_data.py"
        ]
    },
    "events": [],
    "links": [],
    "resource": {
        "attributes": {
            "telemetry.sdk.language": "python",
            "telemetry.sdk.name": "opentelemetry",
            "telemetry.sdk.version": "1.40.0",
            "service.name": "lumari-backend",
            "service.version": "0.1.0",
            "service.namespace": "lumari",
            "deployment.environment": "development",
            "telemetry.middleware.version": "1.0.0"
        },
        "schema_url": ""
    }
}
{
    "name": "developer_team.execute_complex_task",
    "context": {
        "trace_id": "0xdf6e9247ef984a1c3db5fb4ac6945dfb",
        "span_id": "0x53c132e1cb9d430d",
        "trace_state": "[]"
    },
    "kind": "SpanKind.INTERNAL",
    "parent_id": null,
    "start_time": "2026-05-06T10:29:29.798022Z",
    "end_time": "2026-05-06T10:29:37.128000Z",
    "status": {
        "status_code": "UNSET"
    },
    "attributes": {
        "task.id": "216a9963-d1b6-413d-ab82-bb2381dd8490",
        "task.files_count": 1,
        "task.subtasks_count": 2,
        "task.waves_count": 2,
        "task.files_completed": 2,
        "task.files_failed": 0,
        "task.success": true
    },
    "events": [],
    "links": [],
    "resource": {
        "attributes": {
            "telemetry.sdk.language": "python",
            "telemetry.sdk.name": "opentelemetry",
            "telemetry.sdk.version": "1.40.0",
            "service.name": "lumari-backend",
            "service.version": "0.1.0",
            "service.namespace": "lumari",
            "deployment.environment": "development",
            "telemetry.middleware.version": "1.0.0"
        },
        "schema_url": ""
    }
}
[2m10:29:42[0m [[32m[1minfo     [0m] [1mAgent transcript_analyzer completed     [0m [36mreq[0m=[35me730f57f[0m
[2m10:29:42[0m [[32m[1minfo     [0m] [1mWave 1 agent 'transcript_analyzer' completed: success=True, skipped=False, result_len=1754[0m [36mreq[0m=[35me730f57f[0m
[2m10:29:42[0m [[32m[1minfo     [0m] [1mWave 1 agent 'product_owner' completed: success=True, skipped=False, result_len=715[0m [36mreq[0m=[35me730f57f[0m
[2m10:29:42[0m [[32m[1minfo     [0m] [1mWave 1 agent 'quality_judge' completed: success=True, skipped=False, result_len=217[0m [36mreq[0m=[35me730f57f[0m
[2m10:29:42[0m [[32m[1minfo     [0m] [1mWave 1 agent 'execution_analyzer' completed: success=True, skipped=False, result_len=185[0m [36mreq[0m=[35me730f57f[0m
[2m10:29:42[0m [[32m[1minfo     [0m] [1mExecuting wave 2/5: ['49898ec1-10da-4a11-8457-1358d844c805', '07f8b963-9d7c-4232-ba20-52aa8d850e1d'][0m [36mreq[0m=[35me730f57f[0m
[2m10:29:42[0m [[32m[1minfo     [0m] [1mExecuting agent: context_retriever (49898ec1-10da-4a11-8457-1358d844c805)[0m [36mreq[0m=[35me730f57f[0m
[2m10:29:42[0m [[32m[1minfo     [0m] [1mExecuting agent: control_agent (07f8b963-9d7c-4232-ba20-52aa8d850e1d)[0m [36mreq[0m=[35me730f57f[0m
[2m10:29:43[0m [[32m[1minfo     [0m] [1mGetting challenge status: id=8b8f0bf5-b130-469a-bb23-6fd6cc7a7eb7[0m [36mreq[0m=[35m61d04109[0m
[2m10:29:43[0m [[32m[1minfo     [0m] [1mrequest_finished                        [0m [36mduration[0m=[35m0.006[0m [36mmethod[0m=[35mGET[0m [36mpath[0m=[35m/api/v1/challenges/8b8f0bf5-b130-469a-bb23-6fd6cc7a7eb7[0m [36mreq[0m=[35m61d04109[0m [36mrequest_id[0m=[35m61d04109-680e-4e34-829c-1fd0937f50ce[0m [36mstatus[0m=[35m200[0m
[2m10:29:43[0m [[32m[1minfo     [0m] [1mAgent control_agent returned final answer after 0 tool calls[0m [36mreq[0m=[35me730f57f[0m
[2m10:29:43[0m [[32m[1minfo     [0m] [1mAgent control_agent completed           [0m [36mreq[0m=[35me730f57f[0m
[2m10:29:44[0m [[32m[1minfo     [0m] [1mAgent context_retriever returned final answer after 0 tool calls[0m [36mreq[0m=[35me730f57f[0m
[2m10:29:45[0m [[32m[1minfo     [0m] [1mAgent context_retriever completed       [0m [36mreq[0m=[35me730f57f[0m
[2m10:29:45[0m [[32m[1minfo     [0m] [1mWave 2 agent 'context_retriever' completed: success=True, skipped=False, result_len=1335[0m [36mreq[0m=[35me730f57f[0m
[2m10:29:45[0m [[32m[1minfo     [0m] [1mWave 2 agent 'control_agent' completed: success=True, skipped=False, result_len=287[0m [36mreq[0m=[35me730f57f[0m
[2m10:29:45[0m [[32m[1minfo     [0m] [1mExecuting wave 3/5: ['f54aabd1-ca21-4768-b12e-ccf5ca95d0da', 'a676e764-25ce-41cf-95d1-b838c8e6804d', 'd01ede79-d82b-465b-ae42-d1a7a2ec4188'][0m [36mreq[0m=[35me730f57f[0m
[2m10:29:45[0m [[32m[1minfo     [0m] [1mExecuting agent: report_generator (f54aabd1-ca21-4768-b12e-ccf5ca95d0da)[0m [36mreq[0m=[35me730f57f[0m
[2m10:29:45[0m [[32m[1minfo     [0m] [1mExecuting agent: prompt_engineer (a676e764-25ce-41cf-95d1-b838c8e6804d)[0m [36mreq[0m=[35me730f57f[0m
[2m10:29:45[0m [[32m[1minfo     [0m] [1mExecuting agent: tool_builder (d01ede79-d82b-465b-ae42-d1a7a2ec4188)[0m [36mreq[0m=[35me730f57f[0m
[2m10:29:47[0m [[32m[1minfo     [0m] [1mAgent prompt_engineer returned final answer after 0 tool calls[0m [36mreq[0m=[35me730f57f[0m
[2m10:29:48[0m [[32m[1minfo     [0m] [1mGetting challenge status: id=8b8f0bf5-b130-469a-bb23-6fd6cc7a7eb7[0m [36mreq[0m=[35m91413d4a[0m
[2m10:29:48[0m [[32m[1minfo     [0m] [1mrequest_finished                        [0m [36mduration[0m=[35m0.021[0m [36mmethod[0m=[35mGET[0m [36mpath[0m=[35m/api/v1/challenges/8b8f0bf5-b130-469a-bb23-6fd6cc7a7eb7[0m [36mreq[0m=[35m91413d4a[0m [36mrequest_id[0m=[35m91413d4a-91fd-496c-a472-f91585d15d54[0m [36mstatus[0m=[35m200[0m
[2m10:29:48[0m [[32m[1minfo     [0m] [1mAgent report_generator returned final answer after 0 tool calls[0m [36mreq[0m=[35me730f57f[0m
[2m10:29:48[0m [[32m[1minfo     [0m] [1mAgent prompt_engineer completed         [0m [36mreq[0m=[35me730f57f[0m
[2m10:29:48[0m [[32m[1minfo     [0m] [1mAgent report_generator completed        [0m [36mreq[0m=[35me730f57f[0m
[2m10:29:51[0m [[32m[1minfo     [0m] [1mAgent tool_builder returned final answer after 0 tool calls[0m [36mreq[0m=[35me730f57f[0m
[2m10:29:52[0m [[32m[1minfo     [0m] [1mAgent tool_builder completed            [0m [36mreq[0m=[35me730f57f[0m
[2m10:29:52[0m [[32m[1minfo     [0m] [1mWave 3 agent 'report_generator' completed: success=True, skipped=False, result_len=2517[0m [36mreq[0m=[35me730f57f[0m
[2m10:29:52[0m [[32m[1minfo     [0m] [1mWave 3 agent 'prompt_engineer' completed: success=True, skipped=False, result_len=1913[0m [36mreq[0m=[35me730f57f[0m
[2m10:29:52[0m [[32m[1minfo     [0m] [1mWave 3 agent 'tool_builder' completed: success=True, skipped=False, result_len=3179[0m [36mreq[0m=[35me730f57f[0m
[2m10:29:52[0m [[32m[1minfo     [0m] [1mExecuting wave 4/5: ['85860279-90e3-4984-b25d-af840d3dca9b'][0m [36mreq[0m=[35me730f57f[0m
[2m10:29:52[0m [[32m[1minfo     [0m] [1mExecuting agent: quality_validator (85860279-90e3-4984-b25d-af840d3dca9b)[0m [36mreq[0m=[35me730f57f[0m
[2m10:29:53[0m [[32m[1minfo     [0m] [1mGetting challenge status: id=8b8f0bf5-b130-469a-bb23-6fd6cc7a7eb7[0m [36mreq[0m=[35m7648bfeb[0m
[2m10:29:53[0m [[32m[1minfo     [0m] [1mrequest_finished                        [0m [36mduration[0m=[35m0.004[0m [36mmethod[0m=[35mGET[0m [36mpath[0m=[35m/api/v1/challenges/8b8f0bf5-b130-469a-bb23-6fd6cc7a7eb7[0m [36mreq[0m=[35m7648bfeb[0m [36mrequest_id[0m=[35m7648bfeb-dc16-47f1-8ecd-118e577f494b[0m [36mstatus[0m=[35m200[0m
[2m10:29:53[0m [[32m[1minfo     [0m] [1mAgent quality_validator returned final answer after 0 tool calls[0m [36mreq[0m=[35me730f57f[0m
[2m10:29:53[0m [[32m[1minfo     [0m] [1mAgent quality_validator completed       [0m [36mreq[0m=[35me730f57f[0m
[2m10:29:53[0m [[32m[1minfo     [0m] [1mWave 4 agent 'quality_validator' completed: success=True, skipped=False, result_len=194[0m [36mreq[0m=[35me730f57f[0m
[2m10:29:53[0m [[32m[1minfo     [0m] [1mExecuting wave 5/5: ['bbd241f8-1df0-49f4-950a-dc61efa2c950'][0m [36mreq[0m=[35me730f57f[0m
[2m10:29:53[0m [[32m[1minfo     [0m] [1mExecuting agent: report_finalizer (bbd241f8-1df0-49f4-950a-dc61efa2c950)[0m [36mreq[0m=[35me730f57f[0m
[2m10:29:56[0m [[32m[1minfo     [0m] [1mAgent report_finalizer returned final answer after 0 tool calls[0m [36mreq[0m=[35me730f57f[0m
[2m10:29:57[0m [[32m[1minfo     [0m] [1mAgent report_finalizer completed        [0m [36mreq[0m=[35me730f57f[0m
[2m10:29:57[0m [[32m[1minfo     [0m] [1mWave 5 agent 'report_finalizer' completed: success=True, skipped=False, result_len=1855[0m [36mreq[0m=[35me730f57f[0m
[2m10:29:57[0m [[32m[1minfo     [0m] [1mArtifact pool cleared: 11 artifacts discarded[0m [36mreq[0m=[35me730f57f[0m
[2m10:29:57[0m [[32m[1minfo     [0m] [1mPersisted 1 facts to shared memory for execution 6494584c-a2b7-4789-9858-fb01ebe7373e[0m [36mreq[0m=[35me730f57f[0m
[2m10:29:57[0m [[32m[1minfo     [0m] [1mStarting telemetry for agent=05bebe15..., execution=6494584c...[0m [36mreq[0m=[35me730f57f[0m
[2m10:29:57[0m [[33m[1mwarning  [0m] [1mTelemetrie-Bridge fehlgeschlagen: 1 validation error for ExecutionTelemetryCreate
outcome
  Input should be 'success', 'error', 'timeout' or 'cancelled' [type=literal_error, input_value='running', input_type=str]
    For further information visit https://errors.pydantic.dev/2.11/v/literal_error[0m [36mreq[0m=[35me730f57f[0m
[2m10:29:57[0m [[32m[1minfo     [0m] [1mConfigured epicbox profile: image=lumari-sandbox:latest, limits={'cputime': 5, 'realtime': 10, 'memory': 128, 'processes': 1}[0m [36mreq[0m=[35me730f57f[0m
[2m10:29:57[0m [[32m[1minfo     [0m] [1mStarting analysis pipeline for execution_id=6494584c...[0m [36mreq[0m=[35me730f57f[0m
[2m10:29:57[0m [[33m[1mwarning  [0m] [1mNo telemetry found for execution 6494584c-a2b7-4789-9858-fb01ebe7373e[0m [36mreq[0m=[35me730f57f[0m
[2m10:29:57[0m [[32m[1minfo     [0m] [1mExecution completed: challenge_id=8b8f0bf5-b130-469a-bb23-6fd6cc7a7eb7, success=True[0m [36mreq[0m=[35me730f57f[0m
[2m10:29:58[0m [[32m[1minfo     [0m] [1mGetting challenge status: id=8b8f0bf5-b130-469a-bb23-6fd6cc7a7eb7[0m [36mreq[0m=[35m3bf725ee[0m
[2m10:29:58[0m [[32m[1minfo     [0m] [1mrequest_finished                        [0m [36mduration[0m=[35m0.007[0m [36mmethod[0m=[35mGET[0m [36mpath[0m=[35m/api/v1/challenges/8b8f0bf5-b130-469a-bb23-6fd6cc7a7eb7[0m [36mreq[0m=[35m3bf725ee[0m [36mrequest_id[0m=[35m3bf725ee-ddba-48e1-9f27-efea8ad11279[0m [36mstatus[0m=[35m200[0m
[2m10:29:58[0m [[32m[1minfo     [0m] [1mGetting challenge results: id=8b8f0bf5-b130-469a-bb23-6fd6cc7a7eb7[0m [36mreq[0m=[35mee18008c[0m
[2m10:29:58[0m [[32m[1minfo     [0m] [1mrequest_finished                        [0m [36mduration[0m=[35m0.007[0m [36mmethod[0m=[35mGET[0m [36mpath[0m=[35m/api/v1/challenges/8b8f0bf5-b130-469a-bb23-6fd6cc7a7eb7/results[0m [36mreq[0m=[35mee18008c[0m [36mrequest_id[0m=[35mee18008c-018c-4656-b7fe-57ad40715c52[0m [36mstatus[0m=[35m200[0m
[2m10:30:03[0m [[32m[1minfo     [0m] [1mFile upload: tagesbericht_rohbau_20251014.opus, size=205713, type=audio/opus[0m [36mreq[0m=[35m403ed025[0m
[2m10:30:03[0m [[32m[1minfo     [0m] [1mSaved binary file to: /Users/patrick/Documents/Uni/master_project/backend/app/api/v1/endpoints/../../../uploads/9665ee53-b7fb-445e-a9f6-d8c969f75448.opus[0m [36mreq[0m=[35m403ed025[0m
[2m10:30:03[0m [[32m[1minfo     [0m] [1mAudio transcription skill available: skill_audio_transcription — will transcribe in background[0m [36mreq[0m=[35m403ed025[0m
[2m10:30:03[0m [[32m[1minfo     [0m] [1mFile upload: tagesbericht_rohbau_20251014.opus -> challenge_id=a8f76c36-6daa-4374-a4ac-6198ddf9899a, gaps=0, route=execute[0m [36mreq[0m=[35m403ed025[0m
[2m10:30:03[0m [[32m[1minfo     [0m] [1mrequest_finished                        [0m [36mduration[0m=[35m0.055[0m [36mmethod[0m=[35mPOST[0m [36mpath[0m=[35m/api/v1/challenges/upload[0m [36mreq[0m=[35m403ed025[0m [36mrequest_id[0m=[35m403ed025-303b-4ad2-b572-fd7eaebbd361[0m [36mstatus[0m=[35m200[0m
[2m10:30:03[0m [[32m[1minfo     [0m] [1mExecuting challenge: id=a8f76c36-6daa-4374-a4ac-6198ddf9899a[0m [36mreq[0m=[35m4ca0941f[0m
[2m10:30:03[0m [[32m[1minfo     [0m] [1mrequest_finished                        [0m [36mduration[0m=[35m0.018[0m [36mmethod[0m=[35mPOST[0m [36mpath[0m=[35m/api/v1/challenges/a8f76c36-6daa-4374-a4ac-6198ddf9899a/execute[0m [36mreq[0m=[35m4ca0941f[0m [36mrequest_id[0m=[35m4ca0941f-2295-44c9-a5f6-5607786b8f6b[0m [36mstatus[0m=[35m200[0m
[2m10:30:03[0m [[32m[1minfo     [0m] [1mStarting background execution: challenge_id=a8f76c36-6daa-4374-a4ac-6198ddf9899a[0m [36mreq[0m=[35m4ca0941f[0m
[2m10:30:03[0m [[32m[1minfo     [0m] [1mLoading topology from database...       [0m [36mreq[0m=[35m4ca0941f[0m
[2m10:30:03[0m [[32m[1minfo     [0m] [1mMapped 8 skill entries to 8 capabilities[0m [36mreq[0m=[35m4ca0941f[0m
[2m10:30:03[0m [[32m[1minfo     [0m] [1mTopology validated: 11 agents in 5 waves[0m [36mreq[0m=[35m4ca0941f[0m
[2m10:30:03[0m [[32m[1minfo     [0m] [1mLoaded 8 skills for topology            [0m [36mreq[0m=[35m4ca0941f[0m
[2m10:30:03[0m [[32m[1minfo     [0m] [1mTopology loaded: 11 agents, 5 waves     [0m [36mreq[0m=[35m4ca0941f[0m
[2m10:30:04[0m [[32m[1minfo     [0m] [1mShared memory initialized with Qdrant   [0m [36mreq[0m=[35m4ca0941f[0m
[2m10:30:04[0m [[32m[1minfo     [0m] [1mHybridOrchestrator initialized          [0m [36mreq[0m=[35m4ca0941f[0m
[2m10:30:04[0m [[32m[1minfo     [0m] [1mStarting execution: 0a1389c0-8d44-4231-a75d-e61500b8fe67[0m [36mreq[0m=[35m4ca0941f[0m
[2m10:30:04[0m [[32m[1minfo     [0m] [1mLoading topology from database...       [0m [36mreq[0m=[35m4ca0941f[0m
[2m10:30:04[0m [[32m[1minfo     [0m] [1mMapped 8 skill entries to 8 capabilities[0m [36mreq[0m=[35m4ca0941f[0m
[2m10:30:04[0m [[32m[1minfo     [0m] [1mTopology validated: 11 agents in 5 waves[0m [36mreq[0m=[35m4ca0941f[0m
[2m10:30:04[0m [[32m[1minfo     [0m] [1mLoaded 8 skills for topology            [0m [36mreq[0m=[35m4ca0941f[0m
[2m10:30:04[0m [[32m[1minfo     [0m] [1mTopology loaded: 11 agents, 5 waves     [0m [36mreq[0m=[35m4ca0941f[0m
[2m10:30:04[0m [[32m[1minfo     [0m] [1mDocker client connected successfully    [0m [36mreq[0m=[35m4ca0941f[0m
[2m10:30:04[0m [[32m[1minfo     [0m] [1mCreated DynamicSandbox executor (Docker-based, unrestricted)[0m [36mreq[0m=[35m4ca0941f[0m
[2m10:30:04[0m [[33m[1mwarning  [0m] [1mCould not create intervention orchestrator for self-healing: create_intervention_orchestrator() got an unexpected keyword argument 'db'[0m [36mreq[0m=[35m4ca0941f[0m
[2m10:30:04[0m [[32m[1minfo     [0m] [1mExecuting wave 1/5: ['05bebe15-b46f-4b91-96e3-a50f6cf9e68d', '90c17f3b-7f91-4174-b3ac-b59a51feb378', '65ad3c5c-f66c-49a0-a7cd-4b9ebc6142b9', '073d766c-ed4f-4519-8e36-8c9631e97c67'][0m [36mreq[0m=[35m4ca0941f[0m
[2m10:30:04[0m [[32m[1minfo     [0m] [1mExecuting agent: transcript_analyzer (05bebe15-b46f-4b91-96e3-a50f6cf9e68d)[0m [36mreq[0m=[35m4ca0941f[0m
[2m10:30:04[0m [[32m[1minfo     [0m] [1mExecuting agent: product_owner (90c17f3b-7f91-4174-b3ac-b59a51feb378)[0m [36mreq[0m=[35m4ca0941f[0m
[2m10:30:04[0m [[33m[1mwarning  [0m] [1mAgent product_owner expected artifacts ['analysis_findings'] but none found in pool[0m [36mreq[0m=[35m4ca0941f[0m
[2m10:30:04[0m [[32m[1minfo     [0m] [1mExecuting agent: quality_judge (65ad3c5c-f66c-49a0-a7cd-4b9ebc6142b9)[0m [36mreq[0m=[35m4ca0941f[0m
[2m10:30:04[0m [[33m[1mwarning  [0m] [1mAgent quality_judge expected artifacts ['ab_test_samples'] but none found in pool[0m [36mreq[0m=[35m4ca0941f[0m
[2m10:30:04[0m [[32m[1minfo     [0m] [1mExecuting agent: execution_analyzer (073d766c-ed4f-4519-8e36-8c9631e97c67)[0m [36mreq[0m=[35m4ca0941f[0m
[2m10:30:04[0m [[33m[1mwarning  [0m] [1mAgent execution_analyzer expected artifacts ['execution_telemetry'] but none found in pool[0m [36mreq[0m=[35m4ca0941f[0m
[2m10:30:04[0m [[32m[1minfo     [0m] [1mshared_memory_metrics agent=transcript_analyzer facts_kept=5 facts_total=8 hypotheses=0 relations=0 approx_tokens=2389 query_chars=1998[0m [36mreq[0m=[35m4ca0941f[0m
[2m10:30:05[0m [[32m[1minfo     [0m] [1mAgent execution_analyzer returned final answer after 0 tool calls[0m [36mreq[0m=[35m4ca0941f[0m
[2m10:30:05[0m [[32m[1minfo     [0m] [1mAgent product_owner returned final answer after 0 tool calls[0m [36mreq[0m=[35m4ca0941f[0m
[2m10:30:05[0m [[32m[1minfo     [0m] [1mAgent quality_judge returned final answer after 0 tool calls[0m [36mreq[0m=[35m4ca0941f[0m
[2m10:30:05[0m [[32m[1minfo     [0m] [1mAgent product_owner completed           [0m [36mreq[0m=[35m4ca0941f[0m
[2m10:30:05[0m [[32m[1minfo     [0m] [1mAgent execution_analyzer completed      [0m [36mreq[0m=[35m4ca0941f[0m
[2m10:30:05[0m [[32m[1minfo     [0m] [1mAgent quality_judge completed           [0m [36mreq[0m=[35m4ca0941f[0m
[2m10:30:05[0m [[32m[1minfo     [0m] [1mTool call 1/5: skill_audio_transcription[0m [36mreq[0m=[35m4ca0941f[0m
[2m10:30:05[0m [[32m[1minfo     [0m] [1mStarting sandbox execution: pip=[], apt=['ffmpeg'], input_files=[][0m [36mreq[0m=[35m4ca0941f[0m
[2m10:30:05[0m [[32m[1minfo     [0m] [1mFound cached image: lumari-sandbox:audio-6ccb47b0 (usage=10)[0m [36mreq[0m=[35m4ca0941f[0m
[2m10:30:05[0m [[32m[1minfo     [0m] [1mUsing cached image: lumari-sandbox:audio-6ccb47b0[0m [36mreq[0m=[35m4ca0941f[0m
[2m10:30:06[0m [[32m[1minfo     [0m] [1mSandbox execution complete: success=True, time=896ms, cached=True[0m [36mreq[0m=[35m4ca0941f[0m
[2m10:30:08[0m [[32m[1minfo     [0m] [1mGetting challenge status: id=a8f76c36-6daa-4374-a4ac-6198ddf9899a[0m [36mreq[0m=[35m495e9093[0m
[2m10:30:09[0m [[32m[1minfo     [0m] [1mrequest_finished                        [0m [36mduration[0m=[35m0.019[0m [36mmethod[0m=[35mGET[0m [36mpath[0m=[35m/api/v1/challenges/a8f76c36-6daa-4374-a4ac-6198ddf9899a[0m [36mreq[0m=[35m495e9093[0m [36mrequest_id[0m=[35m495e9093-ce87-472c-8ee1-310594c7bd02[0m [36mstatus[0m=[35m200[0m
[2m10:30:13[0m [[32m[1minfo     [0m] [1mAgent transcript_analyzer returned final answer after 1 tool calls[0m [36mreq[0m=[35m4ca0941f[0m
[2m10:30:14[0m [[32m[1minfo     [0m] [1mGetting challenge status: id=a8f76c36-6daa-4374-a4ac-6198ddf9899a[0m [36mreq[0m=[35m71c18408[0m
[2m10:30:14[0m [[32m[1minfo     [0m] [1mrequest_finished                        [0m [36mduration[0m=[35m0.027[0m [36mmethod[0m=[35mGET[0m [36mpath[0m=[35m/api/v1/challenges/a8f76c36-6daa-4374-a4ac-6198ddf9899a[0m [36mreq[0m=[35m71c18408[0m [36mrequest_id[0m=[35m71c18408-6502-41d6-bd6a-0dde44a4ac59[0m [36mstatus[0m=[35m200[0m
[2m10:30:14[0m [[32m[1minfo     [0m] [1mAgent transcript_analyzer completed     [0m [36mreq[0m=[35m4ca0941f[0m
[2m10:30:14[0m [[32m[1minfo     [0m] [1mWave 1 agent 'transcript_analyzer' completed: success=True, skipped=False, result_len=1013[0m [36mreq[0m=[35m4ca0941f[0m
[2m10:30:14[0m [[32m[1minfo     [0m] [1mWave 1 agent 'product_owner' completed: success=True, skipped=False, result_len=203[0m [36mreq[0m=[35m4ca0941f[0m
[2m10:30:14[0m [[32m[1minfo     [0m] [1mWave 1 agent 'quality_judge' completed: success=True, skipped=False, result_len=217[0m [36mreq[0m=[35m4ca0941f[0m
[2m10:30:14[0m [[32m[1minfo     [0m] [1mWave 1 agent 'execution_analyzer' completed: success=True, skipped=False, result_len=183[0m [36mreq[0m=[35m4ca0941f[0m
[2m10:30:14[0m [[32m[1minfo     [0m] [1mExecuting wave 2/5: ['49898ec1-10da-4a11-8457-1358d844c805', '07f8b963-9d7c-4232-ba20-52aa8d850e1d'][0m [36mreq[0m=[35m4ca0941f[0m
[2m10:30:14[0m [[32m[1minfo     [0m] [1mExecuting agent: context_retriever (49898ec1-10da-4a11-8457-1358d844c805)[0m [36mreq[0m=[35m4ca0941f[0m
[2m10:30:14[0m [[32m[1minfo     [0m] [1mExecuting agent: control_agent (07f8b963-9d7c-4232-ba20-52aa8d850e1d)[0m [36mreq[0m=[35m4ca0941f[0m
[2m10:30:15[0m [[32m[1minfo     [0m] [1mAgent control_agent returned final answer after 0 tool calls[0m [36mreq[0m=[35m4ca0941f[0m
[2m10:30:15[0m [[32m[1minfo     [0m] [1mAgent control_agent completed           [0m [36mreq[0m=[35m4ca0941f[0m
[2m10:30:16[0m [[32m[1minfo     [0m] [1mAgent context_retriever returned final answer after 0 tool calls[0m [36mreq[0m=[35m4ca0941f[0m
[2m10:30:17[0m [[32m[1minfo     [0m] [1mAgent context_retriever completed       [0m [36mreq[0m=[35m4ca0941f[0m
[2m10:30:17[0m [[32m[1minfo     [0m] [1mWave 2 agent 'context_retriever' completed: success=True, skipped=False, result_len=1246[0m [36mreq[0m=[35m4ca0941f[0m
[2m10:30:17[0m [[32m[1minfo     [0m] [1mWave 2 agent 'control_agent' completed: success=True, skipped=False, result_len=161[0m [36mreq[0m=[35m4ca0941f[0m
[2m10:30:17[0m [[32m[1minfo     [0m] [1mExecuting wave 3/5: ['f54aabd1-ca21-4768-b12e-ccf5ca95d0da', 'a676e764-25ce-41cf-95d1-b838c8e6804d', 'd01ede79-d82b-465b-ae42-d1a7a2ec4188'][0m [36mreq[0m=[35m4ca0941f[0m
[2m10:30:17[0m [[32m[1minfo     [0m] [1mExecuting agent: report_generator (f54aabd1-ca21-4768-b12e-ccf5ca95d0da)[0m [36mreq[0m=[35m4ca0941f[0m
[2m10:30:17[0m [[32m[1minfo     [0m] [1mExecuting agent: prompt_engineer (a676e764-25ce-41cf-95d1-b838c8e6804d)[0m [36mreq[0m=[35m4ca0941f[0m
[2m10:30:17[0m [[32m[1minfo     [0m] [1mExecuting agent: tool_builder (d01ede79-d82b-465b-ae42-d1a7a2ec4188)[0m [36mreq[0m=[35m4ca0941f[0m
[2m10:30:19[0m [[32m[1minfo     [0m] [1mGetting challenge status: id=a8f76c36-6daa-4374-a4ac-6198ddf9899a[0m [36mreq[0m=[35m788211bd[0m
[2m10:30:19[0m [[32m[1minfo     [0m] [1mrequest_finished                        [0m [36mduration[0m=[35m0.009[0m [36mmethod[0m=[35mGET[0m [36mpath[0m=[35m/api/v1/challenges/a8f76c36-6daa-4374-a4ac-6198ddf9899a[0m [36mreq[0m=[35m788211bd[0m [36mrequest_id[0m=[35m788211bd-1c6b-44ad-ba8f-5bf9bcfa29be[0m [36mstatus[0m=[35m200[0m
[2m10:30:19[0m [[32m[1minfo     [0m] [1mAgent report_generator returned final answer after 0 tool calls[0m [36mreq[0m=[35m4ca0941f[0m
[2m10:30:19[0m [[32m[1minfo     [0m] [1mAgent prompt_engineer returned final answer after 0 tool calls[0m [36mreq[0m=[35m4ca0941f[0m
[2m10:30:20[0m [[32m[1minfo     [0m] [1mAgent report_generator completed        [0m [36mreq[0m=[35m4ca0941f[0m
[2m10:30:20[0m [[32m[1minfo     [0m] [1mAgent prompt_engineer completed         [0m [36mreq[0m=[35m4ca0941f[0m
[2m10:30:24[0m [[32m[1minfo     [0m] [1mGetting challenge status: id=a8f76c36-6daa-4374-a4ac-6198ddf9899a[0m [36mreq[0m=[35md93750a3[0m
[2m10:30:24[0m [[32m[1minfo     [0m] [1mrequest_finished                        [0m [36mduration[0m=[35m0.007[0m [36mmethod[0m=[35mGET[0m [36mpath[0m=[35m/api/v1/challenges/a8f76c36-6daa-4374-a4ac-6198ddf9899a[0m [36mreq[0m=[35md93750a3[0m [36mrequest_id[0m=[35md93750a3-9791-46d5-b8af-4d9cffb24292[0m [36mstatus[0m=[35m200[0m
[2m10:30:24[0m [[33m[1mwarning  [0m] [1mRetryable error in structured+usage call (attempt 1/6), retrying in 2.6s...[0m [36mreq[0m=[35m4ca0941f[0m
[2m10:30:29[0m [[32m[1minfo     [0m] [1mGetting challenge status: id=a8f76c36-6daa-4374-a4ac-6198ddf9899a[0m [36mreq[0m=[35m29cfc89e[0m
[2m10:30:29[0m [[32m[1minfo     [0m] [1mrequest_finished                        [0m [36mduration[0m=[35m0.008[0m [36mmethod[0m=[35mGET[0m [36mpath[0m=[35m/api/v1/challenges/a8f76c36-6daa-4374-a4ac-6198ddf9899a[0m [36mreq[0m=[35m29cfc89e[0m [36mrequest_id[0m=[35m29cfc89e-af29-4eb0-8687-7961b7b015bf[0m [36mstatus[0m=[35m200[0m
[2m10:30:33[0m [[32m[1minfo     [0m] [1mAgent tool_builder returned final answer after 0 tool calls[0m [36mreq[0m=[35m4ca0941f[0m
[2m10:30:33[0m [[32m[1minfo     [0m] [1mAgent tool_builder completed            [0m [36mreq[0m=[35m4ca0941f[0m
[2m10:30:33[0m [[32m[1minfo     [0m] [1mWave 3 agent 'report_generator' completed: success=True, skipped=False, result_len=1567[0m [36mreq[0m=[35m4ca0941f[0m
[2m10:30:33[0m [[32m[1minfo     [0m] [1mWave 3 agent 'prompt_engineer' completed: success=True, skipped=False, result_len=1850[0m [36mreq[0m=[35m4ca0941f[0m
[2m10:30:33[0m [[32m[1minfo     [0m] [1mWave 3 agent 'tool_builder' completed: success=True, skipped=False, result_len=186[0m [36mreq[0m=[35m4ca0941f[0m
[2m10:30:33[0m [[32m[1minfo     [0m] [1mExecuting wave 4/5: ['85860279-90e3-4984-b25d-af840d3dca9b'][0m [36mreq[0m=[35m4ca0941f[0m
[2m10:30:33[0m [[32m[1minfo     [0m] [1mExecuting agent: quality_validator (85860279-90e3-4984-b25d-af840d3dca9b)[0m [36mreq[0m=[35m4ca0941f[0m
[2m10:30:34[0m [[32m[1minfo     [0m] [1mGetting challenge status: id=a8f76c36-6daa-4374-a4ac-6198ddf9899a[0m [36mreq[0m=[35m17dd4978[0m
[2m10:30:34[0m [[32m[1minfo     [0m] [1mrequest_finished                        [0m [36mduration[0m=[35m0.005[0m [36mmethod[0m=[35mGET[0m [36mpath[0m=[35m/api/v1/challenges/a8f76c36-6daa-4374-a4ac-6198ddf9899a[0m [36mreq[0m=[35m17dd4978[0m [36mrequest_id[0m=[35m17dd4978-bf0e-417b-a4f5-9dc3ec0ad1ac[0m [36mstatus[0m=[35m200[0m
[2m10:30:34[0m [[32m[1minfo     [0m] [1mAgent quality_validator returned final answer after 0 tool calls[0m [36mreq[0m=[35m4ca0941f[0m
[2m10:30:34[0m [[32m[1minfo     [0m] [1mAgent quality_validator completed       [0m [36mreq[0m=[35m4ca0941f[0m
[2m10:30:34[0m [[32m[1minfo     [0m] [1mWave 4 agent 'quality_validator' completed: success=True, skipped=False, result_len=445[0m [36mreq[0m=[35m4ca0941f[0m
[2m10:30:34[0m [[32m[1minfo     [0m] [1mExecuting wave 5/5: ['bbd241f8-1df0-49f4-950a-dc61efa2c950'][0m [36mreq[0m=[35m4ca0941f[0m
[2m10:30:34[0m [[32m[1minfo     [0m] [1mExecuting agent: report_finalizer (bbd241f8-1df0-49f4-950a-dc61efa2c950)[0m [36mreq[0m=[35m4ca0941f[0m
[2m10:30:37[0m [[32m[1minfo     [0m] [1mAgent report_finalizer returned final answer after 0 tool calls[0m [36mreq[0m=[35m4ca0941f[0m
[2m10:30:38[0m [[32m[1minfo     [0m] [1mAgent report_finalizer completed        [0m [36mreq[0m=[35m4ca0941f[0m
[2m10:30:38[0m [[32m[1minfo     [0m] [1mWave 5 agent 'report_finalizer' completed: success=True, skipped=False, result_len=1505[0m [36mreq[0m=[35m4ca0941f[0m
[2m10:30:38[0m [[32m[1minfo     [0m] [1mArtifact pool cleared: 11 artifacts discarded[0m [36mreq[0m=[35m4ca0941f[0m
[2m10:30:38[0m [[32m[1minfo     [0m] [1mPersisted 1 facts to shared memory for execution 0a1389c0-8d44-4231-a75d-e61500b8fe67[0m [36mreq[0m=[35m4ca0941f[0m
[2m10:30:38[0m [[32m[1minfo     [0m] [1mStarting telemetry for agent=05bebe15..., execution=0a1389c0...[0m [36mreq[0m=[35m4ca0941f[0m
[2m10:30:38[0m [[33m[1mwarning  [0m] [1mTelemetrie-Bridge fehlgeschlagen: 1 validation error for ExecutionTelemetryCreate
outcome
  Input should be 'success', 'error', 'timeout' or 'cancelled' [type=literal_error, input_value='running', input_type=str]
    For further information visit https://errors.pydantic.dev/2.11/v/literal_error[0m [36mreq[0m=[35m4ca0941f[0m
[2m10:30:38[0m [[32m[1minfo     [0m] [1mConfigured epicbox profile: image=lumari-sandbox:latest, limits={'cputime': 5, 'realtime': 10, 'memory': 128, 'processes': 1}[0m [36mreq[0m=[35m4ca0941f[0m
[2m10:30:38[0m [[32m[1minfo     [0m] [1mStarting analysis pipeline for execution_id=0a1389c0...[0m [36mreq[0m=[35m4ca0941f[0m
[2m10:30:38[0m [[32m[1minfo     [0m] [1mExecution completed: challenge_id=a8f76c36-6daa-4374-a4ac-6198ddf9899a, success=True[0m [36mreq[0m=[35m4ca0941f[0m
[2m10:30:38[0m [[33m[1mwarning  [0m] [1mNo telemetry found for execution 0a1389c0-8d44-4231-a75d-e61500b8fe67[0m [36mreq[0m=[35m4ca0941f[0m
[2m10:30:39[0m [[32m[1minfo     [0m] [1mGetting challenge status: id=a8f76c36-6daa-4374-a4ac-6198ddf9899a[0m [36mreq[0m=[35m4c068e31[0m
[2m10:30:39[0m [[32m[1minfo     [0m] [1mrequest_finished                        [0m [36mduration[0m=[35m0.01[0m [36mmethod[0m=[35mGET[0m [36mpath[0m=[35m/api/v1/challenges/a8f76c36-6daa-4374-a4ac-6198ddf9899a[0m [36mreq[0m=[35m4c068e31[0m [36mrequest_id[0m=[35m4c068e31-06fe-4127-a1a7-ccdea7c45eae[0m [36mstatus[0m=[35m200[0m
[2m10:30:39[0m [[32m[1minfo     [0m] [1mGetting challenge results: id=a8f76c36-6daa-4374-a4ac-6198ddf9899a[0m [36mreq[0m=[35m7af1b688[0m
[2m10:30:39[0m [[32m[1minfo     [0m] [1mrequest_finished                        [0m [36mduration[0m=[35m0.009[0m [36mmethod[0m=[35mGET[0m [36mpath[0m=[35m/api/v1/challenges/a8f76c36-6daa-4374-a4ac-6198ddf9899a/results[0m [36mreq[0m=[35m7af1b688[0m [36mrequest_id[0m=[35m7af1b688-736f-4231-9dfa-08566a83c034[0m [36mstatus[0m=[35m200[0m
[2m10:30:41[0m [[32m[1minfo     [0m] [1mFile upload: begehung_maengel_20251022.opus, size=306911, type=audio/opus[0m [36mreq[0m=[35me340d19b[0m
[2m10:30:41[0m [[32m[1minfo     [0m] [1mSaved binary file to: /Users/patrick/Documents/Uni/master_project/backend/app/api/v1/endpoints/../../../uploads/2bf1d411-0ded-46f0-a9c8-7663ece0f039.opus[0m [36mreq[0m=[35me340d19b[0m
[2m10:30:41[0m [[32m[1minfo     [0m] [1mAudio transcription skill available: skill_audio_transcription — will transcribe in background[0m [36mreq[0m=[35me340d19b[0m
[2m10:30:41[0m [[32m[1minfo     [0m] [1mFile upload: begehung_maengel_20251022.opus -> challenge_id=69beca99-7248-48ca-a396-01380ca38277, gaps=0, route=execute[0m [36mreq[0m=[35me340d19b[0m
[2m10:30:41[0m [[32m[1minfo     [0m] [1mrequest_finished                        [0m [36mduration[0m=[35m0.02[0m [36mmethod[0m=[35mPOST[0m [36mpath[0m=[35m/api/v1/challenges/upload[0m [36mreq[0m=[35me340d19b[0m [36mrequest_id[0m=[35me340d19b-cdc6-46f8-9d92-3ca17f5ae1c9[0m [36mstatus[0m=[35m200[0m
[2m10:30:41[0m [[32m[1minfo     [0m] [1mExecuting challenge: id=69beca99-7248-48ca-a396-01380ca38277[0m [36mreq[0m=[35me5a260e9[0m
[2m10:30:41[0m [[32m[1minfo     [0m] [1mrequest_finished                        [0m [36mduration[0m=[35m0.005[0m [36mmethod[0m=[35mPOST[0m [36mpath[0m=[35m/api/v1/challenges/69beca99-7248-48ca-a396-01380ca38277/execute[0m [36mreq[0m=[35me5a260e9[0m [36mrequest_id[0m=[35me5a260e9-279e-47d1-a60b-4bc90e1f6d2a[0m [36mstatus[0m=[35m200[0m
[2m10:30:41[0m [[32m[1minfo     [0m] [1mStarting background execution: challenge_id=69beca99-7248-48ca-a396-01380ca38277[0m [36mreq[0m=[35me5a260e9[0m
[2m10:30:41[0m [[32m[1minfo     [0m] [1mLoading topology from database...       [0m [36mreq[0m=[35me5a260e9[0m
[2m10:30:41[0m [[32m[1minfo     [0m] [1mMapped 8 skill entries to 8 capabilities[0m [36mreq[0m=[35me5a260e9[0m
[2m10:30:41[0m [[32m[1minfo     [0m] [1mTopology validated: 11 agents in 5 waves[0m [36mreq[0m=[35me5a260e9[0m
[2m10:30:41[0m [[32m[1minfo     [0m] [1mLoaded 8 skills for topology            [0m [36mreq[0m=[35me5a260e9[0m
[2m10:30:41[0m [[32m[1minfo     [0m] [1mTopology loaded: 11 agents, 5 waves     [0m [36mreq[0m=[35me5a260e9[0m
[2m10:30:41[0m [[32m[1minfo     [0m] [1mShared memory initialized with Qdrant   [0m [36mreq[0m=[35me5a260e9[0m
[2m10:30:41[0m [[32m[1minfo     [0m] [1mHybridOrchestrator initialized          [0m [36mreq[0m=[35me5a260e9[0m
[2m10:30:41[0m [[32m[1minfo     [0m] [1mStarting execution: b79f4615-9baa-4452-a742-33b3ef9f2975[0m [36mreq[0m=[35me5a260e9[0m
[2m10:30:41[0m [[32m[1minfo     [0m] [1mLoading topology from database...       [0m [36mreq[0m=[35me5a260e9[0m
[2m10:30:41[0m [[32m[1minfo     [0m] [1mMapped 8 skill entries to 8 capabilities[0m [36mreq[0m=[35me5a260e9[0m
[2m10:30:41[0m [[32m[1minfo     [0m] [1mTopology validated: 11 agents in 5 waves[0m [36mreq[0m=[35me5a260e9[0m
[2m10:30:41[0m [[32m[1minfo     [0m] [1mLoaded 8 skills for topology            [0m [36mreq[0m=[35me5a260e9[0m
[2m10:30:41[0m [[32m[1minfo     [0m] [1mTopology loaded: 11 agents, 5 waves     [0m [36mreq[0m=[35me5a260e9[0m
[2m10:30:41[0m [[32m[1minfo     [0m] [1mDocker client connected successfully    [0m [36mreq[0m=[35me5a260e9[0m
[2m10:30:41[0m [[32m[1minfo     [0m] [1mCreated DynamicSandbox executor (Docker-based, unrestricted)[0m [36mreq[0m=[35me5a260e9[0m
[2m10:30:41[0m [[33m[1mwarning  [0m] [1mCould not create intervention orchestrator for self-healing: create_intervention_orchestrator() got an unexpected keyword argument 'db'[0m [36mreq[0m=[35me5a260e9[0m
[2m10:30:41[0m [[32m[1minfo     [0m] [1mExecuting wave 1/5: ['05bebe15-b46f-4b91-96e3-a50f6cf9e68d', '90c17f3b-7f91-4174-b3ac-b59a51feb378', '65ad3c5c-f66c-49a0-a7cd-4b9ebc6142b9', '073d766c-ed4f-4519-8e36-8c9631e97c67'][0m [36mreq[0m=[35me5a260e9[0m
[2m10:30:41[0m [[32m[1minfo     [0m] [1mExecuting agent: transcript_analyzer (05bebe15-b46f-4b91-96e3-a50f6cf9e68d)[0m [36mreq[0m=[35me5a260e9[0m
[2m10:30:41[0m [[32m[1minfo     [0m] [1mExecuting agent: product_owner (90c17f3b-7f91-4174-b3ac-b59a51feb378)[0m [36mreq[0m=[35me5a260e9[0m
[2m10:30:41[0m [[33m[1mwarning  [0m] [1mAgent product_owner expected artifacts ['analysis_findings'] but none found in pool[0m [36mreq[0m=[35me5a260e9[0m
[2m10:30:41[0m [[32m[1minfo     [0m] [1mExecuting agent: quality_judge (65ad3c5c-f66c-49a0-a7cd-4b9ebc6142b9)[0m [36mreq[0m=[35me5a260e9[0m
[2m10:30:41[0m [[33m[1mwarning  [0m] [1mAgent quality_judge expected artifacts ['ab_test_samples'] but none found in pool[0m [36mreq[0m=[35me5a260e9[0m
[2m10:30:41[0m [[32m[1minfo     [0m] [1mExecuting agent: execution_analyzer (073d766c-ed4f-4519-8e36-8c9631e97c67)[0m [36mreq[0m=[35me5a260e9[0m
[2m10:30:41[0m [[33m[1mwarning  [0m] [1mAgent execution_analyzer expected artifacts ['execution_telemetry'] but none found in pool[0m [36mreq[0m=[35me5a260e9[0m
[2m10:30:41[0m [[32m[1minfo     [0m] [1mshared_memory_metrics agent=transcript_analyzer facts_kept=5 facts_total=8 hypotheses=0 relations=0 approx_tokens=2389 query_chars=1998[0m [36mreq[0m=[35me5a260e9[0m
[2m10:30:42[0m [[32m[1minfo     [0m] [1mAgent quality_judge returned final answer after 0 tool calls[0m [36mreq[0m=[35me5a260e9[0m
[2m10:30:42[0m [[32m[1minfo     [0m] [1mAgent quality_judge completed           [0m [36mreq[0m=[35me5a260e9[0m
[2m10:30:42[0m [[32m[1minfo     [0m] [1mAgent execution_analyzer returned final answer after 0 tool calls[0m [36mreq[0m=[35me5a260e9[0m
[2m10:30:42[0m [[32m[1minfo     [0m] [1mAgent product_owner returned final answer after 0 tool calls[0m [36mreq[0m=[35me5a260e9[0m
[2m10:30:42[0m [[32m[1minfo     [0m] [1mAgent execution_analyzer completed      [0m [36mreq[0m=[35me5a260e9[0m
[2m10:30:42[0m [[32m[1minfo     [0m] [1mAgent product_owner completed           [0m [36mreq[0m=[35me5a260e9[0m
[2m10:30:43[0m [[32m[1minfo     [0m] [1mTool call 1/5: skill_audio_transcription[0m [36mreq[0m=[35me5a260e9[0m
[2m10:30:43[0m [[32m[1minfo     [0m] [1mStarting sandbox execution: pip=[], apt=['ffmpeg'], input_files=[][0m [36mreq[0m=[35me5a260e9[0m
[2m10:30:43[0m [[32m[1minfo     [0m] [1mFound cached image: lumari-sandbox:audio-6ccb47b0 (usage=11)[0m [36mreq[0m=[35me5a260e9[0m
[2m10:30:43[0m [[32m[1minfo     [0m] [1mUsing cached image: lumari-sandbox:audio-6ccb47b0[0m [36mreq[0m=[35me5a260e9[0m
[2m10:30:43[0m [[32m[1minfo     [0m] [1mSandbox execution complete: success=True, time=805ms, cached=True[0m [36mreq[0m=[35me5a260e9[0m
[2m10:30:46[0m [[32m[1minfo     [0m] [1mGetting challenge status: id=69beca99-7248-48ca-a396-01380ca38277[0m [36mreq[0m=[35m5cbda65f[0m
[2m10:30:46[0m [[32m[1minfo     [0m] [1mrequest_finished                        [0m [36mduration[0m=[35m0.014[0m [36mmethod[0m=[35mGET[0m [36mpath[0m=[35m/api/v1/challenges/69beca99-7248-48ca-a396-01380ca38277[0m [36mreq[0m=[35m5cbda65f[0m [36mrequest_id[0m=[35m5cbda65f-9209-4d15-a044-9402bdc5a14c[0m [36mstatus[0m=[35m200[0m
[2m10:30:50[0m [[32m[1minfo     [0m] [1mAgent transcript_analyzer returned final answer after 1 tool calls[0m [36mreq[0m=[35me5a260e9[0m
[2m10:30:50[0m [[32m[1minfo     [0m] [1mAgent transcript_analyzer completed     [0m [36mreq[0m=[35me5a260e9[0m
[2m10:30:50[0m [[32m[1minfo     [0m] [1mWave 1 agent 'transcript_analyzer' completed: success=True, skipped=False, result_len=383[0m [36mreq[0m=[35me5a260e9[0m
[2m10:30:50[0m [[32m[1minfo     [0m] [1mWave 1 agent 'product_owner' completed: success=True, skipped=False, result_len=224[0m [36mreq[0m=[35me5a260e9[0m
[2m10:30:50[0m [[32m[1minfo     [0m] [1mWave 1 agent 'quality_judge' completed: success=True, skipped=False, result_len=175[0m [36mreq[0m=[35me5a260e9[0m
[2m10:30:50[0m [[32m[1minfo     [0m] [1mWave 1 agent 'execution_analyzer' completed: success=True, skipped=False, result_len=173[0m [36mreq[0m=[35me5a260e9[0m
[2m10:30:50[0m [[32m[1minfo     [0m] [1mExecuting wave 2/5: ['49898ec1-10da-4a11-8457-1358d844c805', '07f8b963-9d7c-4232-ba20-52aa8d850e1d'][0m [36mreq[0m=[35me5a260e9[0m
[2m10:30:50[0m [[32m[1minfo     [0m] [1mExecuting agent: context_retriever (49898ec1-10da-4a11-8457-1358d844c805)[0m [36mreq[0m=[35me5a260e9[0m
[2m10:30:50[0m [[32m[1minfo     [0m] [1mExecuting agent: control_agent (07f8b963-9d7c-4232-ba20-52aa8d850e1d)[0m [36mreq[0m=[35me5a260e9[0m
[2m10:30:51[0m [[32m[1minfo     [0m] [1mGetting challenge status: id=69beca99-7248-48ca-a396-01380ca38277[0m [36mreq[0m=[35m33b79006[0m
[2m10:30:51[0m [[32m[1minfo     [0m] [1mrequest_finished                        [0m [36mduration[0m=[35m0.012[0m [36mmethod[0m=[35mGET[0m [36mpath[0m=[35m/api/v1/challenges/69beca99-7248-48ca-a396-01380ca38277[0m [36mreq[0m=[35m33b79006[0m [36mrequest_id[0m=[35m33b79006-6387-4636-8b0a-3d61ffaed3dc[0m [36mstatus[0m=[35m200[0m
[2m10:30:51[0m [[32m[1minfo     [0m] [1mTool call 1/5: skill_audio_transcription[0m [36mreq[0m=[35me5a260e9[0m
[2m10:30:51[0m [[32m[1minfo     [0m] [1mStarting sandbox execution: pip=[], apt=['ffmpeg'], input_files=[][0m [36mreq[0m=[35me5a260e9[0m
[2m10:30:51[0m [[32m[1minfo     [0m] [1mAgent control_agent returned final answer after 0 tool calls[0m [36mreq[0m=[35me5a260e9[0m
[2m10:30:51[0m [[32m[1minfo     [0m] [1mFound cached image: lumari-sandbox:audio-6ccb47b0 (usage=12)[0m [36mreq[0m=[35me5a260e9[0m
[2m10:30:51[0m [[32m[1minfo     [0m] [1mUsing cached image: lumari-sandbox:audio-6ccb47b0[0m [36mreq[0m=[35me5a260e9[0m
[2m10:30:51[0m [[32m[1minfo     [0m] [1mAgent control_agent completed           [0m [36mreq[0m=[35me5a260e9[0m
[2m10:30:52[0m [[32m[1minfo     [0m] [1mSandbox execution complete: success=True, time=870ms, cached=True[0m [36mreq[0m=[35me5a260e9[0m
[2m10:30:56[0m [[32m[1minfo     [0m] [1mGetting challenge status: id=69beca99-7248-48ca-a396-01380ca38277[0m [36mreq[0m=[35m0b7319f3[0m
[2m10:30:56[0m [[32m[1minfo     [0m] [1mrequest_finished                        [0m [36mduration[0m=[35m0.006[0m [36mmethod[0m=[35mGET[0m [36mpath[0m=[35m/api/v1/challenges/69beca99-7248-48ca-a396-01380ca38277[0m [36mreq[0m=[35m0b7319f3[0m [36mrequest_id[0m=[35m0b7319f3-2f56-412b-8c03-5ae9ee912fcc[0m [36mstatus[0m=[35m200[0m
[2m10:30:58[0m [[32m[1minfo     [0m] [1mAgent context_retriever returned final answer after 1 tool calls[0m [36mreq[0m=[35me5a260e9[0m
[2m10:30:59[0m [[32m[1minfo     [0m] [1mAgent context_retriever completed       [0m [36mreq[0m=[35me5a260e9[0m
[2m10:30:59[0m [[32m[1minfo     [0m] [1mWave 2 agent 'context_retriever' completed: success=True, skipped=False, result_len=303[0m [36mreq[0m=[35me5a260e9[0m
[2m10:30:59[0m [[32m[1minfo     [0m] [1mWave 2 agent 'control_agent' completed: success=True, skipped=False, result_len=166[0m [36mreq[0m=[35me5a260e9[0m
[2m10:30:59[0m [[32m[1minfo     [0m] [1mExecuting wave 3/5: ['f54aabd1-ca21-4768-b12e-ccf5ca95d0da', 'a676e764-25ce-41cf-95d1-b838c8e6804d', 'd01ede79-d82b-465b-ae42-d1a7a2ec4188'][0m [36mreq[0m=[35me5a260e9[0m
[2m10:30:59[0m [[32m[1minfo     [0m] [1mExecuting agent: report_generator (f54aabd1-ca21-4768-b12e-ccf5ca95d0da)[0m [36mreq[0m=[35me5a260e9[0m
[2m10:30:59[0m [[32m[1minfo     [0m] [1mExecuting agent: prompt_engineer (a676e764-25ce-41cf-95d1-b838c8e6804d)[0m [36mreq[0m=[35me5a260e9[0m
[2m10:30:59[0m [[32m[1minfo     [0m] [1mExecuting agent: tool_builder (d01ede79-d82b-465b-ae42-d1a7a2ec4188)[0m [36mreq[0m=[35me5a260e9[0m
[2m10:31:00[0m [[32m[1minfo     [0m] [1mAgent report_generator returned final answer after 0 tool calls[0m [36mreq[0m=[35me5a260e9[0m
[2m10:31:00[0m [[32m[1minfo     [0m] [1mAgent report_generator completed        [0m [36mreq[0m=[35me5a260e9[0m
[2m10:31:01[0m [[32m[1minfo     [0m] [1mGetting challenge status: id=69beca99-7248-48ca-a396-01380ca38277[0m [36mreq[0m=[35m377ee7fc[0m
[2m10:31:01[0m [[32m[1minfo     [0m] [1mrequest_finished                        [0m [36mduration[0m=[35m0.04[0m [36mmethod[0m=[35mGET[0m [36mpath[0m=[35m/api/v1/challenges/69beca99-7248-48ca-a396-01380ca38277[0m [36mreq[0m=[35m377ee7fc[0m [36mrequest_id[0m=[35m377ee7fc-896a-4ec2-8d96-7e088364eaf2[0m [36mstatus[0m=[35m200[0m
[2m10:31:01[0m [[32m[1minfo     [0m] [1mAgent prompt_engineer returned final answer after 0 tool calls[0m [36mreq[0m=[35me5a260e9[0m
[2m10:31:02[0m [[32m[1minfo     [0m] [1mAgent prompt_engineer completed         [0m [36mreq[0m=[35me5a260e9[0m
[2m10:31:04[0m [[32m[1minfo     [0m] [1mAgent tool_builder returned final answer after 0 tool calls[0m [36mreq[0m=[35me5a260e9[0m
[2m10:31:04[0m [[32m[1minfo     [0m] [1mAgent tool_builder completed            [0m [36mreq[0m=[35me5a260e9[0m
[2m10:31:04[0m [[32m[1minfo     [0m] [1mWave 3 agent 'report_generator' completed: success=True, skipped=False, result_len=385[0m [36mreq[0m=[35me5a260e9[0m
[2m10:31:04[0m [[32m[1minfo     [0m] [1mWave 3 agent 'prompt_engineer' completed: success=True, skipped=False, result_len=2042[0m [36mreq[0m=[35me5a260e9[0m
[2m10:31:04[0m [[32m[1minfo     [0m] [1mWave 3 agent 'tool_builder' completed: success=True, skipped=False, result_len=254[0m [36mreq[0m=[35me5a260e9[0m
[2m10:31:04[0m [[32m[1minfo     [0m] [1mExecuting wave 4/5: ['85860279-90e3-4984-b25d-af840d3dca9b'][0m [36mreq[0m=[35me5a260e9[0m
[2m10:31:04[0m [[32m[1minfo     [0m] [1mExecuting agent: quality_validator (85860279-90e3-4984-b25d-af840d3dca9b)[0m [36mreq[0m=[35me5a260e9[0m
[2m10:31:06[0m [[32m[1minfo     [0m] [1mAgent quality_validator returned final answer after 0 tool calls[0m [36mreq[0m=[35me5a260e9[0m
[2m10:31:06[0m [[32m[1minfo     [0m] [1mAgent quality_validator completed       [0m [36mreq[0m=[35me5a260e9[0m
[2m10:31:06[0m [[32m[1minfo     [0m] [1mWave 4 agent 'quality_validator' completed: success=True, skipped=False, result_len=463[0m [36mreq[0m=[35me5a260e9[0m
[2m10:31:06[0m [[32m[1minfo     [0m] [1mExecuting wave 5/5: ['bbd241f8-1df0-49f4-950a-dc61efa2c950'][0m [36mreq[0m=[35me5a260e9[0m
[2m10:31:06[0m [[32m[1minfo     [0m] [1mExecuting agent: report_finalizer (bbd241f8-1df0-49f4-950a-dc61efa2c950)[0m [36mreq[0m=[35me5a260e9[0m
[2m10:31:06[0m [[32m[1minfo     [0m] [1mGetting challenge status: id=69beca99-7248-48ca-a396-01380ca38277[0m [36mreq[0m=[35m32586e2b[0m
[2m10:31:06[0m [[32m[1minfo     [0m] [1mrequest_finished                        [0m [36mduration[0m=[35m0.005[0m [36mmethod[0m=[35mGET[0m [36mpath[0m=[35m/api/v1/challenges/69beca99-7248-48ca-a396-01380ca38277[0m [36mreq[0m=[35m32586e2b[0m [36mrequest_id[0m=[35m32586e2b-22c0-43bf-8425-ee006930ad16[0m [36mstatus[0m=[35m200[0m
[2m10:31:07[0m [[32m[1minfo     [0m] [1mAgent report_finalizer returned final answer after 0 tool calls[0m [36mreq[0m=[35me5a260e9[0m
[2m10:31:08[0m [[32m[1minfo     [0m] [1mAgent report_finalizer completed        [0m [36mreq[0m=[35me5a260e9[0m
[2m10:31:08[0m [[32m[1minfo     [0m] [1mWave 5 agent 'report_finalizer' completed: success=True, skipped=False, result_len=738[0m [36mreq[0m=[35me5a260e9[0m
[2m10:31:08[0m [[32m[1minfo     [0m] [1mArtifact pool cleared: 11 artifacts discarded[0m [36mreq[0m=[35me5a260e9[0m
[2m10:31:08[0m [[32m[1minfo     [0m] [1mPersisted 1 facts to shared memory for execution b79f4615-9baa-4452-a742-33b3ef9f2975[0m [36mreq[0m=[35me5a260e9[0m
[2m10:31:08[0m [[32m[1minfo     [0m] [1mStarting telemetry for agent=05bebe15..., execution=b79f4615...[0m [36mreq[0m=[35me5a260e9[0m
[2m10:31:08[0m [[33m[1mwarning  [0m] [1mTelemetrie-Bridge fehlgeschlagen: 1 validation error for ExecutionTelemetryCreate
outcome
  Input should be 'success', 'error', 'timeout' or 'cancelled' [type=literal_error, input_value='running', input_type=str]
    For further information visit https://errors.pydantic.dev/2.11/v/literal_error[0m [36mreq[0m=[35me5a260e9[0m
[2m10:31:08[0m [[32m[1minfo     [0m] [1mConfigured epicbox profile: image=lumari-sandbox:latest, limits={'cputime': 5, 'realtime': 10, 'memory': 128, 'processes': 1}[0m [36mreq[0m=[35me5a260e9[0m
[2m10:31:08[0m [[32m[1minfo     [0m] [1mStarting analysis pipeline for execution_id=b79f4615...[0m [36mreq[0m=[35me5a260e9[0m
[2m10:31:08[0m [[32m[1minfo     [0m] [1mExecution completed: challenge_id=69beca99-7248-48ca-a396-01380ca38277, success=True[0m [36mreq[0m=[35me5a260e9[0m
[2m10:31:08[0m [[33m[1mwarning  [0m] [1mNo telemetry found for execution b79f4615-9baa-4452-a742-33b3ef9f2975[0m [36mreq[0m=[35me5a260e9[0m
[2m10:31:11[0m [[32m[1minfo     [0m] [1mGetting challenge status: id=69beca99-7248-48ca-a396-01380ca38277[0m [36mreq[0m=[35m36badda5[0m
[2m10:31:11[0m [[32m[1minfo     [0m] [1mrequest_finished                        [0m [36mduration[0m=[35m0.005[0m [36mmethod[0m=[35mGET[0m [36mpath[0m=[35m/api/v1/challenges/69beca99-7248-48ca-a396-01380ca38277[0m [36mreq[0m=[35m36badda5[0m [36mrequest_id[0m=[35m36badda5-2e57-44c6-8ec0-40833ca03016[0m [36mstatus[0m=[35m200[0m
[2m10:31:11[0m [[32m[1minfo     [0m] [1mGetting challenge results: id=69beca99-7248-48ca-a396-01380ca38277[0m [36mreq[0m=[35m856d4969[0m
[2m10:31:11[0m [[32m[1minfo     [0m] [1mrequest_finished                        [0m [36mduration[0m=[35m0.005[0m [36mmethod[0m=[35mGET[0m [36mpath[0m=[35m/api/v1/challenges/69beca99-7248-48ca-a396-01380ca38277/results[0m [36mreq[0m=[35m856d4969[0m [36mrequest_id[0m=[35m856d4969-d494-4388-8b10-0daf97ff66a6[0m [36mstatus[0m=[35m200[0m
[2m10:31:13[0m [[32m[1minfo     [0m] [1mFile upload: bauleitungssitzung_20251028.opus, size=371346, type=audio/opus[0m [36mreq[0m=[35m2a20ea84[0m
[2m10:31:13[0m [[32m[1minfo     [0m] [1mSaved binary file to: /Users/patrick/Documents/Uni/master_project/backend/app/api/v1/endpoints/../../../uploads/b16ada9f-4afd-46bb-8d8f-24e36ae116b9.opus[0m [36mreq[0m=[35m2a20ea84[0m
[2m10:31:13[0m [[32m[1minfo     [0m] [1mAudio transcription skill available: skill_audio_transcription — will transcribe in background[0m [36mreq[0m=[35m2a20ea84[0m
[2m10:31:13[0m [[32m[1minfo     [0m] [1mFile upload: bauleitungssitzung_20251028.opus -> challenge_id=daf04d65-17dd-4e7f-a692-7f1011d4bd9a, gaps=0, route=execute[0m [36mreq[0m=[35m2a20ea84[0m
[2m10:31:13[0m [[32m[1minfo     [0m] [1mrequest_finished                        [0m [36mduration[0m=[35m0.03[0m [36mmethod[0m=[35mPOST[0m [36mpath[0m=[35m/api/v1/challenges/upload[0m [36mreq[0m=[35m2a20ea84[0m [36mrequest_id[0m=[35m2a20ea84-4de6-4a02-aa6e-a046e78970c5[0m [36mstatus[0m=[35m200[0m
[2m10:31:13[0m [[32m[1minfo     [0m] [1mExecuting challenge: id=daf04d65-17dd-4e7f-a692-7f1011d4bd9a[0m [36mreq[0m=[35mc2b7dc33[0m
[2m10:31:13[0m [[32m[1minfo     [0m] [1mrequest_finished                        [0m [36mduration[0m=[35m0.008[0m [36mmethod[0m=[35mPOST[0m [36mpath[0m=[35m/api/v1/challenges/daf04d65-17dd-4e7f-a692-7f1011d4bd9a/execute[0m [36mreq[0m=[35mc2b7dc33[0m [36mrequest_id[0m=[35mc2b7dc33-7979-4ac3-bf18-32adb0ef2683[0m [36mstatus[0m=[35m200[0m
[2m10:31:13[0m [[32m[1minfo     [0m] [1mStarting background execution: challenge_id=daf04d65-17dd-4e7f-a692-7f1011d4bd9a[0m [36mreq[0m=[35mc2b7dc33[0m
[2m10:31:13[0m [[32m[1minfo     [0m] [1mLoading topology from database...       [0m [36mreq[0m=[35mc2b7dc33[0m
[2m10:31:13[0m [[32m[1minfo     [0m] [1mMapped 8 skill entries to 8 capabilities[0m [36mreq[0m=[35mc2b7dc33[0m
[2m10:31:13[0m [[32m[1minfo     [0m] [1mTopology validated: 11 agents in 5 waves[0m [36mreq[0m=[35mc2b7dc33[0m
[2m10:31:13[0m [[32m[1minfo     [0m] [1mLoaded 8 skills for topology            [0m [36mreq[0m=[35mc2b7dc33[0m
[2m10:31:13[0m [[32m[1minfo     [0m] [1mTopology loaded: 11 agents, 5 waves     [0m [36mreq[0m=[35mc2b7dc33[0m
[2m10:31:13[0m [[32m[1minfo     [0m] [1mShared memory initialized with Qdrant   [0m [36mreq[0m=[35mc2b7dc33[0m
[2m10:31:13[0m [[32m[1minfo     [0m] [1mHybridOrchestrator initialized          [0m [36mreq[0m=[35mc2b7dc33[0m
[2m10:31:13[0m [[32m[1minfo     [0m] [1mStarting execution: 27591ff9-9138-47b9-9e57-cb61d85122ee[0m [36mreq[0m=[35mc2b7dc33[0m
[2m10:31:13[0m [[32m[1minfo     [0m] [1mLoading topology from database...       [0m [36mreq[0m=[35mc2b7dc33[0m
[2m10:31:13[0m [[32m[1minfo     [0m] [1mMapped 8 skill entries to 8 capabilities[0m [36mreq[0m=[35mc2b7dc33[0m
[2m10:31:13[0m [[32m[1minfo     [0m] [1mTopology validated: 11 agents in 5 waves[0m [36mreq[0m=[35mc2b7dc33[0m
[2m10:31:13[0m [[32m[1minfo     [0m] [1mLoaded 8 skills for topology            [0m [36mreq[0m=[35mc2b7dc33[0m
[2m10:31:13[0m [[32m[1minfo     [0m] [1mTopology loaded: 11 agents, 5 waves     [0m [36mreq[0m=[35mc2b7dc33[0m
[2m10:31:13[0m [[32m[1minfo     [0m] [1mDocker client connected successfully    [0m [36mreq[0m=[35mc2b7dc33[0m
[2m10:31:13[0m [[32m[1minfo     [0m] [1mCreated DynamicSandbox executor (Docker-based, unrestricted)[0m [36mreq[0m=[35mc2b7dc33[0m
[2m10:31:13[0m [[33m[1mwarning  [0m] [1mCould not create intervention orchestrator for self-healing: create_intervention_orchestrator() got an unexpected keyword argument 'db'[0m [36mreq[0m=[35mc2b7dc33[0m
[2m10:31:13[0m [[32m[1minfo     [0m] [1mExecuting wave 1/5: ['05bebe15-b46f-4b91-96e3-a50f6cf9e68d', '90c17f3b-7f91-4174-b3ac-b59a51feb378', '65ad3c5c-f66c-49a0-a7cd-4b9ebc6142b9', '073d766c-ed4f-4519-8e36-8c9631e97c67'][0m [36mreq[0m=[35mc2b7dc33[0m
[2m10:31:13[0m [[32m[1minfo     [0m] [1mExecuting agent: transcript_analyzer (05bebe15-b46f-4b91-96e3-a50f6cf9e68d)[0m [36mreq[0m=[35mc2b7dc33[0m
[2m10:31:13[0m [[32m[1minfo     [0m] [1mExecuting agent: product_owner (90c17f3b-7f91-4174-b3ac-b59a51feb378)[0m [36mreq[0m=[35mc2b7dc33[0m
[2m10:31:13[0m [[33m[1mwarning  [0m] [1mAgent product_owner expected artifacts ['analysis_findings'] but none found in pool[0m [36mreq[0m=[35mc2b7dc33[0m
[2m10:31:13[0m [[32m[1minfo     [0m] [1mExecuting agent: quality_judge (65ad3c5c-f66c-49a0-a7cd-4b9ebc6142b9)[0m [36mreq[0m=[35mc2b7dc33[0m
[2m10:31:13[0m [[33m[1mwarning  [0m] [1mAgent quality_judge expected artifacts ['ab_test_samples'] but none found in pool[0m [36mreq[0m=[35mc2b7dc33[0m
[2m10:31:13[0m [[32m[1minfo     [0m] [1mExecuting agent: execution_analyzer (073d766c-ed4f-4519-8e36-8c9631e97c67)[0m [36mreq[0m=[35mc2b7dc33[0m
[2m10:31:13[0m [[33m[1mwarning  [0m] [1mAgent execution_analyzer expected artifacts ['execution_telemetry'] but none found in pool[0m [36mreq[0m=[35mc2b7dc33[0m
[2m10:31:14[0m [[32m[1minfo     [0m] [1mshared_memory_metrics agent=transcript_analyzer facts_kept=5 facts_total=8 hypotheses=0 relations=0 approx_tokens=2389 query_chars=1998[0m [36mreq[0m=[35mc2b7dc33[0m
[2m10:31:14[0m [[32m[1minfo     [0m] [1mAgent execution_analyzer returned final answer after 0 tool calls[0m [36mreq[0m=[35mc2b7dc33[0m
[2m10:31:14[0m [[32m[1minfo     [0m] [1mAgent execution_analyzer completed      [0m [36mreq[0m=[35mc2b7dc33[0m
[2m10:31:14[0m [[32m[1minfo     [0m] [1mAgent quality_judge returned final answer after 0 tool calls[0m [36mreq[0m=[35mc2b7dc33[0m
[2m10:31:14[0m [[32m[1minfo     [0m] [1mAgent product_owner returned final answer after 0 tool calls[0m [36mreq[0m=[35mc2b7dc33[0m
[2m10:31:14[0m [[32m[1minfo     [0m] [1mAgent quality_judge completed           [0m [36mreq[0m=[35mc2b7dc33[0m
[2m10:31:14[0m [[32m[1minfo     [0m] [1mAgent product_owner completed           [0m [36mreq[0m=[35mc2b7dc33[0m
[2m10:31:14[0m [[32m[1minfo     [0m] [1mTool call 1/5: skill_audio_transcription[0m [36mreq[0m=[35mc2b7dc33[0m
[2m10:31:14[0m [[32m[1minfo     [0m] [1mStarting sandbox execution: pip=[], apt=['ffmpeg'], input_files=[][0m [36mreq[0m=[35mc2b7dc33[0m
[2m10:31:14[0m [[32m[1minfo     [0m] [1mFound cached image: lumari-sandbox:audio-6ccb47b0 (usage=13)[0m [36mreq[0m=[35mc2b7dc33[0m
[2m10:31:14[0m [[32m[1minfo     [0m] [1mUsing cached image: lumari-sandbox:audio-6ccb47b0[0m [36mreq[0m=[35mc2b7dc33[0m
[2m10:31:15[0m [[32m[1minfo     [0m] [1mSandbox execution complete: success=True, time=910ms, cached=True[0m [36mreq[0m=[35mc2b7dc33[0m
[2m10:31:18[0m [[32m[1minfo     [0m] [1mGetting challenge status: id=daf04d65-17dd-4e7f-a692-7f1011d4bd9a[0m [36mreq[0m=[35mf47cb3fd[0m
[2m10:31:18[0m [[32m[1minfo     [0m] [1mrequest_finished                        [0m [36mduration[0m=[35m0.014[0m [36mmethod[0m=[35mGET[0m [36mpath[0m=[35m/api/v1/challenges/daf04d65-17dd-4e7f-a692-7f1011d4bd9a[0m [36mreq[0m=[35mf47cb3fd[0m [36mrequest_id[0m=[35mf47cb3fd-d13a-4e80-8c66-791db020bb57[0m [36mstatus[0m=[35m200[0m
[2m10:31:22[0m [[32m[1minfo     [0m] [1mAgent transcript_analyzer returned final answer after 1 tool calls[0m [36mreq[0m=[35mc2b7dc33[0m
[2m10:31:23[0m [[32m[1minfo     [0m] [1mAgent transcript_analyzer completed     [0m [36mreq[0m=[35mc2b7dc33[0m
[2m10:31:23[0m [[32m[1minfo     [0m] [1mWave 1 agent 'transcript_analyzer' completed: success=True, skipped=False, result_len=469[0m [36mreq[0m=[35mc2b7dc33[0m
[2m10:31:23[0m [[32m[1minfo     [0m] [1mWave 1 agent 'product_owner' completed: success=True, skipped=False, result_len=238[0m [36mreq[0m=[35mc2b7dc33[0m
[2m10:31:23[0m [[32m[1minfo     [0m] [1mWave 1 agent 'quality_judge' completed: success=True, skipped=False, result_len=175[0m [36mreq[0m=[35mc2b7dc33[0m
[2m10:31:23[0m [[32m[1minfo     [0m] [1mWave 1 agent 'execution_analyzer' completed: success=True, skipped=False, result_len=185[0m [36mreq[0m=[35mc2b7dc33[0m
[2m10:31:23[0m [[32m[1minfo     [0m] [1mExecuting wave 2/5: ['49898ec1-10da-4a11-8457-1358d844c805', '07f8b963-9d7c-4232-ba20-52aa8d850e1d'][0m [36mreq[0m=[35mc2b7dc33[0m
[2m10:31:23[0m [[32m[1minfo     [0m] [1mExecuting agent: context_retriever (49898ec1-10da-4a11-8457-1358d844c805)[0m [36mreq[0m=[35mc2b7dc33[0m
[2m10:31:23[0m [[32m[1minfo     [0m] [1mExecuting agent: control_agent (07f8b963-9d7c-4232-ba20-52aa8d850e1d)[0m [36mreq[0m=[35mc2b7dc33[0m
[2m10:31:23[0m [[32m[1minfo     [0m] [1mGetting challenge status: id=daf04d65-17dd-4e7f-a692-7f1011d4bd9a[0m [36mreq[0m=[35me3f484fe[0m
[2m10:31:23[0m [[32m[1minfo     [0m] [1mrequest_finished                        [0m [36mduration[0m=[35m0.032[0m [36mmethod[0m=[35mGET[0m [36mpath[0m=[35m/api/v1/challenges/daf04d65-17dd-4e7f-a692-7f1011d4bd9a[0m [36mreq[0m=[35me3f484fe[0m [36mrequest_id[0m=[35me3f484fe-6882-453a-bf88-3f1c3dbfbd73[0m [36mstatus[0m=[35m200[0m
[2m10:31:23[0m [[32m[1minfo     [0m] [1mAgent control_agent returned final answer after 0 tool calls[0m [36mreq[0m=[35mc2b7dc33[0m
[2m10:31:24[0m [[32m[1minfo     [0m] [1mAgent control_agent completed           [0m [36mreq[0m=[35mc2b7dc33[0m
[2m10:31:24[0m [[32m[1minfo     [0m] [1mAgent context_retriever returned final answer after 0 tool calls[0m [36mreq[0m=[35mc2b7dc33[0m
[2m10:31:24[0m [[32m[1minfo     [0m] [1mAgent context_retriever completed       [0m [36mreq[0m=[35mc2b7dc33[0m
[2m10:31:24[0m [[32m[1minfo     [0m] [1mWave 2 agent 'context_retriever' completed: success=True, skipped=False, result_len=518[0m [36mreq[0m=[35mc2b7dc33[0m
[2m10:31:24[0m [[32m[1minfo     [0m] [1mWave 2 agent 'control_agent' completed: success=True, skipped=False, result_len=157[0m [36mreq[0m=[35mc2b7dc33[0m
[2m10:31:24[0m [[32m[1minfo     [0m] [1mExecuting wave 3/5: ['f54aabd1-ca21-4768-b12e-ccf5ca95d0da', 'a676e764-25ce-41cf-95d1-b838c8e6804d', 'd01ede79-d82b-465b-ae42-d1a7a2ec4188'][0m [36mreq[0m=[35mc2b7dc33[0m
[2m10:31:24[0m [[32m[1minfo     [0m] [1mExecuting agent: report_generator (f54aabd1-ca21-4768-b12e-ccf5ca95d0da)[0m [36mreq[0m=[35mc2b7dc33[0m
[2m10:31:24[0m [[32m[1minfo     [0m] [1mExecuting agent: prompt_engineer (a676e764-25ce-41cf-95d1-b838c8e6804d)[0m [36mreq[0m=[35mc2b7dc33[0m
[2m10:31:24[0m [[32m[1minfo     [0m] [1mExecuting agent: tool_builder (d01ede79-d82b-465b-ae42-d1a7a2ec4188)[0m [36mreq[0m=[35mc2b7dc33[0m
[2m10:31:26[0m [[32m[1minfo     [0m] [1mAgent report_generator returned final answer after 0 tool calls[0m [36mreq[0m=[35mc2b7dc33[0m
[2m10:31:26[0m [[32m[1minfo     [0m] [1mAgent report_generator completed        [0m [36mreq[0m=[35mc2b7dc33[0m
[2m10:31:27[0m [[32m[1minfo     [0m] [1mAgent prompt_engineer returned final answer after 0 tool calls[0m [36mreq[0m=[35mc2b7dc33[0m
[2m10:31:28[0m [[32m[1minfo     [0m] [1mAgent prompt_engineer completed         [0m [36mreq[0m=[35mc2b7dc33[0m
[2m10:31:28[0m [[32m[1minfo     [0m] [1mGetting challenge status: id=daf04d65-17dd-4e7f-a692-7f1011d4bd9a[0m [36mreq[0m=[35m51e27756[0m
[2m10:31:28[0m [[32m[1minfo     [0m] [1mrequest_finished                        [0m [36mduration[0m=[35m0.007[0m [36mmethod[0m=[35mGET[0m [36mpath[0m=[35m/api/v1/challenges/daf04d65-17dd-4e7f-a692-7f1011d4bd9a[0m [36mreq[0m=[35m51e27756[0m [36mrequest_id[0m=[35m51e27756-5ad6-4331-b414-099290cca206[0m [36mstatus[0m=[35m200[0m
[2m10:31:28[0m [[32m[1minfo     [0m] [1mAgent tool_builder returned final answer after 0 tool calls[0m [36mreq[0m=[35mc2b7dc33[0m
[2m10:31:28[0m [[32m[1minfo     [0m] [1mAgent tool_builder completed            [0m [36mreq[0m=[35mc2b7dc33[0m
[2m10:31:28[0m [[32m[1minfo     [0m] [1mWave 3 agent 'report_generator' completed: success=True, skipped=False, result_len=707[0m [36mreq[0m=[35mc2b7dc33[0m
[2m10:31:28[0m [[32m[1minfo     [0m] [1mWave 3 agent 'prompt_engineer' completed: success=True, skipped=False, result_len=1781[0m [36mreq[0m=[35mc2b7dc33[0m
[2m10:31:28[0m [[32m[1minfo     [0m] [1mWave 3 agent 'tool_builder' completed: success=True, skipped=False, result_len=227[0m [36mreq[0m=[35mc2b7dc33[0m
[2m10:31:28[0m [[32m[1minfo     [0m] [1mExecuting wave 4/5: ['85860279-90e3-4984-b25d-af840d3dca9b'][0m [36mreq[0m=[35mc2b7dc33[0m
[2m10:31:28[0m [[32m[1minfo     [0m] [1mExecuting agent: quality_validator (85860279-90e3-4984-b25d-af840d3dca9b)[0m [36mreq[0m=[35mc2b7dc33[0m
[2m10:31:30[0m [[32m[1minfo     [0m] [1mAgent quality_validator returned final answer after 0 tool calls[0m [36mreq[0m=[35mc2b7dc33[0m
[2m10:31:30[0m [[32m[1minfo     [0m] [1mAgent quality_validator completed       [0m [36mreq[0m=[35mc2b7dc33[0m
[2m10:31:30[0m [[32m[1minfo     [0m] [1mWave 4 agent 'quality_validator' completed: success=True, skipped=False, result_len=373[0m [36mreq[0m=[35mc2b7dc33[0m
[2m10:31:30[0m [[32m[1minfo     [0m] [1mExecuting wave 5/5: ['bbd241f8-1df0-49f4-950a-dc61efa2c950'][0m [36mreq[0m=[35mc2b7dc33[0m
[2m10:31:30[0m [[32m[1minfo     [0m] [1mExecuting agent: report_finalizer (bbd241f8-1df0-49f4-950a-dc61efa2c950)[0m [36mreq[0m=[35mc2b7dc33[0m
[2m10:31:32[0m [[32m[1minfo     [0m] [1mAgent report_finalizer returned final answer after 0 tool calls[0m [36mreq[0m=[35mc2b7dc33[0m
[2m10:31:32[0m [[32m[1minfo     [0m] [1mAgent report_finalizer completed        [0m [36mreq[0m=[35mc2b7dc33[0m
[2m10:31:32[0m [[32m[1minfo     [0m] [1mWave 5 agent 'report_finalizer' completed: success=True, skipped=False, result_len=1154[0m [36mreq[0m=[35mc2b7dc33[0m
[2m10:31:32[0m [[32m[1minfo     [0m] [1mArtifact pool cleared: 11 artifacts discarded[0m [36mreq[0m=[35mc2b7dc33[0m
[2m10:31:32[0m [[32m[1minfo     [0m] [1mPersisted 1 facts to shared memory for execution 27591ff9-9138-47b9-9e57-cb61d85122ee[0m [36mreq[0m=[35mc2b7dc33[0m
[2m10:31:32[0m [[32m[1minfo     [0m] [1mStarting telemetry for agent=05bebe15..., execution=27591ff9...[0m [36mreq[0m=[35mc2b7dc33[0m
[2m10:31:32[0m [[33m[1mwarning  [0m] [1mTelemetrie-Bridge fehlgeschlagen: 1 validation error for ExecutionTelemetryCreate
outcome
  Input should be 'success', 'error', 'timeout' or 'cancelled' [type=literal_error, input_value='running', input_type=str]
    For further information visit https://errors.pydantic.dev/2.11/v/literal_error[0m [36mreq[0m=[35mc2b7dc33[0m
[2m10:31:32[0m [[32m[1minfo     [0m] [1mConfigured epicbox profile: image=lumari-sandbox:latest, limits={'cputime': 5, 'realtime': 10, 'memory': 128, 'processes': 1}[0m [36mreq[0m=[35mc2b7dc33[0m
[2m10:31:32[0m [[32m[1minfo     [0m] [1mStarting analysis pipeline for execution_id=27591ff9...[0m [36mreq[0m=[35mc2b7dc33[0m
[2m10:31:32[0m [[32m[1minfo     [0m] [1mExecution completed: challenge_id=daf04d65-17dd-4e7f-a692-7f1011d4bd9a, success=True[0m [36mreq[0m=[35mc2b7dc33[0m
[2m10:31:32[0m [[33m[1mwarning  [0m] [1mNo telemetry found for execution 27591ff9-9138-47b9-9e57-cb61d85122ee[0m [36mreq[0m=[35mc2b7dc33[0m
[2m10:31:33[0m [[32m[1minfo     [0m] [1mGetting challenge status: id=daf04d65-17dd-4e7f-a692-7f1011d4bd9a[0m [36mreq[0m=[35mbadad6de[0m
[2m10:31:33[0m [[32m[1minfo     [0m] [1mrequest_finished                        [0m [36mduration[0m=[35m0.009[0m [36mmethod[0m=[35mGET[0m [36mpath[0m=[35m/api/v1/challenges/daf04d65-17dd-4e7f-a692-7f1011d4bd9a[0m [36mreq[0m=[35mbadad6de[0m [36mrequest_id[0m=[35mbadad6de-57a1-47be-b599-538b4edaf2cd[0m [36mstatus[0m=[35m200[0m
[2m10:31:33[0m [[32m[1minfo     [0m] [1mGetting challenge results: id=daf04d65-17dd-4e7f-a692-7f1011d4bd9a[0m [36mreq[0m=[35m7c9486f6[0m
[2m10:31:33[0m [[32m[1minfo     [0m] [1mrequest_finished                        [0m [36mduration[0m=[35m0.014[0m [36mmethod[0m=[35mGET[0m [36mpath[0m=[35m/api/v1/challenges/daf04d65-17dd-4e7f-a692-7f1011d4bd9a/results[0m [36mreq[0m=[35m7c9486f6[0m [36mrequest_id[0m=[35m7c9486f6-797a-44fa-b831-24289f09569f[0m [36mstatus[0m=[35m200[0m
[2m10:31:35[0m [[32m[1minfo     [0m] [1mFile upload: telefonat_statiker_20251030.opus, size=162031, type=audio/opus[0m [36mreq[0m=[35m2401b661[0m
[2m10:31:35[0m [[32m[1minfo     [0m] [1mSaved binary file to: /Users/patrick/Documents/Uni/master_project/backend/app/api/v1/endpoints/../../../uploads/b194b840-d7a0-4716-938a-118c1403ee02.opus[0m [36mreq[0m=[35m2401b661[0m
[2m10:31:35[0m [[32m[1minfo     [0m] [1mAudio transcription skill available: skill_audio_transcription — will transcribe in background[0m [36mreq[0m=[35m2401b661[0m
[2m10:31:35[0m [[32m[1minfo     [0m] [1mFile upload: telefonat_statiker_20251030.opus -> challenge_id=b087ce1f-6ad1-4e33-92ba-0a35e24db17f, gaps=0, route=execute[0m [36mreq[0m=[35m2401b661[0m
[2m10:31:35[0m [[32m[1minfo     [0m] [1mrequest_finished                        [0m [36mduration[0m=[35m0.023[0m [36mmethod[0m=[35mPOST[0m [36mpath[0m=[35m/api/v1/challenges/upload[0m [36mreq[0m=[35m2401b661[0m [36mrequest_id[0m=[35m2401b661-7c49-45eb-a2e0-13bedfb1883c[0m [36mstatus[0m=[35m200[0m
[2m10:31:35[0m [[32m[1minfo     [0m] [1mExecuting challenge: id=b087ce1f-6ad1-4e33-92ba-0a35e24db17f[0m [36mreq[0m=[35m06a5189c[0m
[2m10:31:35[0m [[32m[1minfo     [0m] [1mrequest_finished                        [0m [36mduration[0m=[35m0.005[0m [36mmethod[0m=[35mPOST[0m [36mpath[0m=[35m/api/v1/challenges/b087ce1f-6ad1-4e33-92ba-0a35e24db17f/execute[0m [36mreq[0m=[35m06a5189c[0m [36mrequest_id[0m=[35m06a5189c-8060-4203-9620-4a2ad2ea2f65[0m [36mstatus[0m=[35m200[0m
[2m10:31:35[0m [[32m[1minfo     [0m] [1mStarting background execution: challenge_id=b087ce1f-6ad1-4e33-92ba-0a35e24db17f[0m [36mreq[0m=[35m06a5189c[0m
[2m10:31:35[0m [[32m[1minfo     [0m] [1mLoading topology from database...       [0m [36mreq[0m=[35m06a5189c[0m
[2m10:31:35[0m [[32m[1minfo     [0m] [1mMapped 8 skill entries to 8 capabilities[0m [36mreq[0m=[35m06a5189c[0m
[2m10:31:35[0m [[32m[1minfo     [0m] [1mTopology validated: 11 agents in 5 waves[0m [36mreq[0m=[35m06a5189c[0m
[2m10:31:35[0m [[32m[1minfo     [0m] [1mLoaded 8 skills for topology            [0m [36mreq[0m=[35m06a5189c[0m
[2m10:31:35[0m [[32m[1minfo     [0m] [1mTopology loaded: 11 agents, 5 waves     [0m [36mreq[0m=[35m06a5189c[0m
[2m10:31:35[0m [[32m[1minfo     [0m] [1mShared memory initialized with Qdrant   [0m [36mreq[0m=[35m06a5189c[0m
[2m10:31:35[0m [[32m[1minfo     [0m] [1mHybridOrchestrator initialized          [0m [36mreq[0m=[35m06a5189c[0m
[2m10:31:35[0m [[32m[1minfo     [0m] [1mStarting execution: 9d36451f-0b8f-4bc5-8ad6-907c20d78b41[0m [36mreq[0m=[35m06a5189c[0m
[2m10:31:35[0m [[32m[1minfo     [0m] [1mLoading topology from database...       [0m [36mreq[0m=[35m06a5189c[0m
[2m10:31:35[0m [[32m[1minfo     [0m] [1mMapped 8 skill entries to 8 capabilities[0m [36mreq[0m=[35m06a5189c[0m
[2m10:31:35[0m [[32m[1minfo     [0m] [1mTopology validated: 11 agents in 5 waves[0m [36mreq[0m=[35m06a5189c[0m
[2m10:31:35[0m [[32m[1minfo     [0m] [1mLoaded 8 skills for topology            [0m [36mreq[0m=[35m06a5189c[0m
[2m10:31:35[0m [[32m[1minfo     [0m] [1mTopology loaded: 11 agents, 5 waves     [0m [36mreq[0m=[35m06a5189c[0m
[2m10:31:35[0m [[32m[1minfo     [0m] [1mDocker client connected successfully    [0m [36mreq[0m=[35m06a5189c[0m
[2m10:31:35[0m [[32m[1minfo     [0m] [1mCreated DynamicSandbox executor (Docker-based, unrestricted)[0m [36mreq[0m=[35m06a5189c[0m
[2m10:31:35[0m [[33m[1mwarning  [0m] [1mCould not create intervention orchestrator for self-healing: create_intervention_orchestrator() got an unexpected keyword argument 'db'[0m [36mreq[0m=[35m06a5189c[0m
[2m10:31:35[0m [[32m[1minfo     [0m] [1mExecuting wave 1/5: ['05bebe15-b46f-4b91-96e3-a50f6cf9e68d', '90c17f3b-7f91-4174-b3ac-b59a51feb378', '65ad3c5c-f66c-49a0-a7cd-4b9ebc6142b9', '073d766c-ed4f-4519-8e36-8c9631e97c67'][0m [36mreq[0m=[35m06a5189c[0m
[2m10:31:35[0m [[32m[1minfo     [0m] [1mExecuting agent: transcript_analyzer (05bebe15-b46f-4b91-96e3-a50f6cf9e68d)[0m [36mreq[0m=[35m06a5189c[0m
[2m10:31:35[0m [[32m[1minfo     [0m] [1mExecuting agent: product_owner (90c17f3b-7f91-4174-b3ac-b59a51feb378)[0m [36mreq[0m=[35m06a5189c[0m
[2m10:31:35[0m [[33m[1mwarning  [0m] [1mAgent product_owner expected artifacts ['analysis_findings'] but none found in pool[0m [36mreq[0m=[35m06a5189c[0m
[2m10:31:35[0m [[32m[1minfo     [0m] [1mExecuting agent: quality_judge (65ad3c5c-f66c-49a0-a7cd-4b9ebc6142b9)[0m [36mreq[0m=[35m06a5189c[0m
[2m10:31:35[0m [[33m[1mwarning  [0m] [1mAgent quality_judge expected artifacts ['ab_test_samples'] but none found in pool[0m [36mreq[0m=[35m06a5189c[0m
[2m10:31:35[0m [[32m[1minfo     [0m] [1mExecuting agent: execution_analyzer (073d766c-ed4f-4519-8e36-8c9631e97c67)[0m [36mreq[0m=[35m06a5189c[0m
[2m10:31:35[0m [[33m[1mwarning  [0m] [1mAgent execution_analyzer expected artifacts ['execution_telemetry'] but none found in pool[0m [36mreq[0m=[35m06a5189c[0m
[2m10:31:36[0m [[32m[1minfo     [0m] [1mshared_memory_metrics agent=transcript_analyzer facts_kept=5 facts_total=8 hypotheses=0 relations=0 approx_tokens=2389 query_chars=1998[0m [36mreq[0m=[35m06a5189c[0m
[2m10:31:36[0m [[32m[1minfo     [0m] [1mAgent execution_analyzer returned final answer after 0 tool calls[0m [36mreq[0m=[35m06a5189c[0m
[2m10:31:36[0m [[32m[1minfo     [0m] [1mAgent product_owner returned final answer after 0 tool calls[0m [36mreq[0m=[35m06a5189c[0m
[2m10:31:36[0m [[32m[1minfo     [0m] [1mAgent quality_judge returned final answer after 0 tool calls[0m [36mreq[0m=[35m06a5189c[0m
[2m10:31:36[0m [[32m[1minfo     [0m] [1mAgent execution_analyzer completed      [0m [36mreq[0m=[35m06a5189c[0m
[2m10:31:36[0m [[32m[1minfo     [0m] [1mAgent product_owner completed           [0m [36mreq[0m=[35m06a5189c[0m
[2m10:31:36[0m [[32m[1minfo     [0m] [1mAgent quality_judge completed           [0m [36mreq[0m=[35m06a5189c[0m
[2m10:31:37[0m [[32m[1minfo     [0m] [1mTool call 1/5: skill_audio_transcription[0m [36mreq[0m=[35m06a5189c[0m
[2m10:31:37[0m [[32m[1minfo     [0m] [1mStarting sandbox execution: pip=[], apt=['ffmpeg'], input_files=[][0m [36mreq[0m=[35m06a5189c[0m
[2m10:31:37[0m [[32m[1minfo     [0m] [1mFound cached image: lumari-sandbox:audio-6ccb47b0 (usage=14)[0m [36mreq[0m=[35m06a5189c[0m
[2m10:31:37[0m [[32m[1minfo     [0m] [1mUsing cached image: lumari-sandbox:audio-6ccb47b0[0m [36mreq[0m=[35m06a5189c[0m
[2m10:31:37[0m [[32m[1minfo     [0m] [1mSandbox execution complete: success=True, time=783ms, cached=True[0m [36mreq[0m=[35m06a5189c[0m
[2m10:31:40[0m [[32m[1minfo     [0m] [1mGetting challenge status: id=b087ce1f-6ad1-4e33-92ba-0a35e24db17f[0m [36mreq[0m=[35mf72e1655[0m
[2m10:31:40[0m [[32m[1minfo     [0m] [1mrequest_finished                        [0m [36mduration[0m=[35m0.009[0m [36mmethod[0m=[35mGET[0m [36mpath[0m=[35m/api/v1/challenges/b087ce1f-6ad1-4e33-92ba-0a35e24db17f[0m [36mreq[0m=[35mf72e1655[0m [36mrequest_id[0m=[35mf72e1655-e078-44ac-9338-15bcb33c4394[0m [36mstatus[0m=[35m200[0m
[2m10:31:44[0m [[32m[1minfo     [0m] [1mAgent transcript_analyzer returned final answer after 1 tool calls[0m [36mreq[0m=[35m06a5189c[0m
[2m10:31:44[0m [[32m[1minfo     [0m] [1mAgent transcript_analyzer completed     [0m [36mreq[0m=[35m06a5189c[0m
[2m10:31:44[0m [[32m[1minfo     [0m] [1mWave 1 agent 'transcript_analyzer' completed: success=True, skipped=False, result_len=405[0m [36mreq[0m=[35m06a5189c[0m
[2m10:31:44[0m [[32m[1minfo     [0m] [1mWave 1 agent 'product_owner' completed: success=True, skipped=False, result_len=236[0m [36mreq[0m=[35m06a5189c[0m
[2m10:31:44[0m [[32m[1minfo     [0m] [1mWave 1 agent 'quality_judge' completed: success=True, skipped=False, result_len=167[0m [36mreq[0m=[35m06a5189c[0m
[2m10:31:44[0m [[32m[1minfo     [0m] [1mWave 1 agent 'execution_analyzer' completed: success=True, skipped=False, result_len=188[0m [36mreq[0m=[35m06a5189c[0m
[2m10:31:44[0m [[32m[1minfo     [0m] [1mExecuting wave 2/5: ['49898ec1-10da-4a11-8457-1358d844c805', '07f8b963-9d7c-4232-ba20-52aa8d850e1d'][0m [36mreq[0m=[35m06a5189c[0m
[2m10:31:44[0m [[32m[1minfo     [0m] [1mExecuting agent: context_retriever (49898ec1-10da-4a11-8457-1358d844c805)[0m [36mreq[0m=[35m06a5189c[0m
[2m10:31:44[0m [[32m[1minfo     [0m] [1mExecuting agent: control_agent (07f8b963-9d7c-4232-ba20-52aa8d850e1d)[0m [36mreq[0m=[35m06a5189c[0m
[2m10:31:45[0m [[32m[1minfo     [0m] [1mAgent control_agent returned final answer after 0 tool calls[0m [36mreq[0m=[35m06a5189c[0m
[2m10:31:45[0m [[32m[1minfo     [0m] [1mAgent control_agent completed           [0m [36mreq[0m=[35m06a5189c[0m
[2m10:31:45[0m [[32m[1minfo     [0m] [1mGetting challenge status: id=b087ce1f-6ad1-4e33-92ba-0a35e24db17f[0m [36mreq[0m=[35medb8c2f8[0m
[2m10:31:45[0m [[32m[1minfo     [0m] [1mrequest_finished                        [0m [36mduration[0m=[35m0.01[0m [36mmethod[0m=[35mGET[0m [36mpath[0m=[35m/api/v1/challenges/b087ce1f-6ad1-4e33-92ba-0a35e24db17f[0m [36mreq[0m=[35medb8c2f8[0m [36mrequest_id[0m=[35medb8c2f8-d8a5-40a6-ad5b-c11f6ae0b57e[0m [36mstatus[0m=[35m200[0m
[2m10:31:45[0m [[32m[1minfo     [0m] [1mAgent context_retriever returned final answer after 0 tool calls[0m [36mreq[0m=[35m06a5189c[0m
[2m10:31:45[0m [[32m[1minfo     [0m] [1mAgent context_retriever completed       [0m [36mreq[0m=[35m06a5189c[0m
[2m10:31:45[0m [[32m[1minfo     [0m] [1mWave 2 agent 'context_retriever' completed: success=True, skipped=False, result_len=426[0m [36mreq[0m=[35m06a5189c[0m
[2m10:31:45[0m [[32m[1minfo     [0m] [1mWave 2 agent 'control_agent' completed: success=True, skipped=False, result_len=157[0m [36mreq[0m=[35m06a5189c[0m
[2m10:31:45[0m [[32m[1minfo     [0m] [1mExecuting wave 3/5: ['f54aabd1-ca21-4768-b12e-ccf5ca95d0da', 'a676e764-25ce-41cf-95d1-b838c8e6804d', 'd01ede79-d82b-465b-ae42-d1a7a2ec4188'][0m [36mreq[0m=[35m06a5189c[0m
[2m10:31:45[0m [[32m[1minfo     [0m] [1mExecuting agent: report_generator (f54aabd1-ca21-4768-b12e-ccf5ca95d0da)[0m [36mreq[0m=[35m06a5189c[0m
[2m10:31:45[0m [[32m[1minfo     [0m] [1mExecuting agent: prompt_engineer (a676e764-25ce-41cf-95d1-b838c8e6804d)[0m [36mreq[0m=[35m06a5189c[0m
[2m10:31:45[0m [[32m[1minfo     [0m] [1mExecuting agent: tool_builder (d01ede79-d82b-465b-ae42-d1a7a2ec4188)[0m [36mreq[0m=[35m06a5189c[0m
[2m10:31:47[0m [[32m[1minfo     [0m] [1mAgent report_generator returned final answer after 0 tool calls[0m [36mreq[0m=[35m06a5189c[0m
[2m10:31:47[0m [[32m[1minfo     [0m] [1mAgent report_generator completed        [0m [36mreq[0m=[35m06a5189c[0m
[2m10:31:48[0m [[32m[1minfo     [0m] [1mAgent prompt_engineer returned final answer after 0 tool calls[0m [36mreq[0m=[35m06a5189c[0m
[2m10:31:48[0m [[32m[1minfo     [0m] [1mAgent prompt_engineer completed         [0m [36mreq[0m=[35m06a5189c[0m
[2m10:31:50[0m [[32m[1minfo     [0m] [1mGetting challenge status: id=b087ce1f-6ad1-4e33-92ba-0a35e24db17f[0m [36mreq[0m=[35mc0e9f65e[0m
[2m10:31:50[0m [[32m[1minfo     [0m] [1mrequest_finished                        [0m [36mduration[0m=[35m0.007[0m [36mmethod[0m=[35mGET[0m [36mpath[0m=[35m/api/v1/challenges/b087ce1f-6ad1-4e33-92ba-0a35e24db17f[0m [36mreq[0m=[35mc0e9f65e[0m [36mrequest_id[0m=[35mc0e9f65e-d980-4a4d-8bc6-9a92d049da34[0m [36mstatus[0m=[35m200[0m
[2m10:31:52[0m [[33m[1mwarning  [0m] [1mRetryable error in structured+usage call (attempt 1/6), retrying in 2.1s...[0m [36mreq[0m=[35m06a5189c[0m
[2m10:31:55[0m [[32m[1minfo     [0m] [1mGetting challenge status: id=b087ce1f-6ad1-4e33-92ba-0a35e24db17f[0m [36mreq[0m=[35m6eed303a[0m
[2m10:31:55[0m [[32m[1minfo     [0m] [1mrequest_finished                        [0m [36mduration[0m=[35m0.007[0m [36mmethod[0m=[35mGET[0m [36mpath[0m=[35m/api/v1/challenges/b087ce1f-6ad1-4e33-92ba-0a35e24db17f[0m [36mreq[0m=[35m6eed303a[0m [36mrequest_id[0m=[35m6eed303a-2d6f-4aea-9a6d-e0ef21b6dbf0[0m [36mstatus[0m=[35m200[0m
[2m10:32:00[0m [[32m[1minfo     [0m] [1mGetting challenge status: id=b087ce1f-6ad1-4e33-92ba-0a35e24db17f[0m [36mreq[0m=[35m9fde7ce8[0m
[2m10:32:00[0m [[32m[1minfo     [0m] [1mrequest_finished                        [0m [36mduration[0m=[35m0.008[0m [36mmethod[0m=[35mGET[0m [36mpath[0m=[35m/api/v1/challenges/b087ce1f-6ad1-4e33-92ba-0a35e24db17f[0m [36mreq[0m=[35m9fde7ce8[0m [36mrequest_id[0m=[35m9fde7ce8-1162-4bbd-8a73-86d7845a157a[0m [36mstatus[0m=[35m200[0m
[2m10:32:01[0m [[32m[1minfo     [0m] [1mAgent tool_builder returned final answer after 0 tool calls[0m [36mreq[0m=[35m06a5189c[0m
[2m10:32:02[0m [[32m[1minfo     [0m] [1mAgent tool_builder completed            [0m [36mreq[0m=[35m06a5189c[0m
[2m10:32:02[0m [[32m[1minfo     [0m] [1mWave 3 agent 'report_generator' completed: success=True, skipped=False, result_len=611[0m [36mreq[0m=[35m06a5189c[0m
[2m10:32:02[0m [[32m[1minfo     [0m] [1mWave 3 agent 'prompt_engineer' completed: success=True, skipped=False, result_len=1788[0m [36mreq[0m=[35m06a5189c[0m
[2m10:32:02[0m [[32m[1minfo     [0m] [1mWave 3 agent 'tool_builder' completed: success=True, skipped=False, result_len=181[0m [36mreq[0m=[35m06a5189c[0m
[2m10:32:02[0m [[32m[1minfo     [0m] [1mExecuting wave 4/5: ['85860279-90e3-4984-b25d-af840d3dca9b'][0m [36mreq[0m=[35m06a5189c[0m
[2m10:32:02[0m [[32m[1minfo     [0m] [1mExecuting agent: quality_validator (85860279-90e3-4984-b25d-af840d3dca9b)[0m [36mreq[0m=[35m06a5189c[0m
[2m10:32:02[0m [[32m[1minfo     [0m] [1mAgent quality_validator returned final answer after 0 tool calls[0m [36mreq[0m=[35m06a5189c[0m
[2m10:32:03[0m [[32m[1minfo     [0m] [1mAgent quality_validator completed       [0m [36mreq[0m=[35m06a5189c[0m
[2m10:32:03[0m [[32m[1minfo     [0m] [1mWave 4 agent 'quality_validator' completed: success=True, skipped=False, result_len=236[0m [36mreq[0m=[35m06a5189c[0m
[2m10:32:03[0m [[32m[1minfo     [0m] [1mExecuting wave 5/5: ['bbd241f8-1df0-49f4-950a-dc61efa2c950'][0m [36mreq[0m=[35m06a5189c[0m
[2m10:32:03[0m [[32m[1minfo     [0m] [1mExecuting agent: report_finalizer (bbd241f8-1df0-49f4-950a-dc61efa2c950)[0m [36mreq[0m=[35m06a5189c[0m
[2m10:32:04[0m [[32m[1minfo     [0m] [1mAgent report_finalizer returned final answer after 0 tool calls[0m [36mreq[0m=[35m06a5189c[0m
[2m10:32:05[0m [[32m[1minfo     [0m] [1mAgent report_finalizer completed        [0m [36mreq[0m=[35m06a5189c[0m
[2m10:32:05[0m [[32m[1minfo     [0m] [1mWave 5 agent 'report_finalizer' completed: success=True, skipped=False, result_len=1065[0m [36mreq[0m=[35m06a5189c[0m
[2m10:32:05[0m [[32m[1minfo     [0m] [1mArtifact pool cleared: 11 artifacts discarded[0m [36mreq[0m=[35m06a5189c[0m
[2m10:32:05[0m [[32m[1minfo     [0m] [1mPersisted 1 facts to shared memory for execution 9d36451f-0b8f-4bc5-8ad6-907c20d78b41[0m [36mreq[0m=[35m06a5189c[0m
[2m10:32:05[0m [[32m[1minfo     [0m] [1mStarting telemetry for agent=05bebe15..., execution=9d36451f...[0m [36mreq[0m=[35m06a5189c[0m
[2m10:32:05[0m [[33m[1mwarning  [0m] [1mTelemetrie-Bridge fehlgeschlagen: 1 validation error for ExecutionTelemetryCreate
outcome
  Input should be 'success', 'error', 'timeout' or 'cancelled' [type=literal_error, input_value='running', input_type=str]
    For further information visit https://errors.pydantic.dev/2.11/v/literal_error[0m [36mreq[0m=[35m06a5189c[0m
[2m10:32:05[0m [[32m[1minfo     [0m] [1mConfigured epicbox profile: image=lumari-sandbox:latest, limits={'cputime': 5, 'realtime': 10, 'memory': 128, 'processes': 1}[0m [36mreq[0m=[35m06a5189c[0m
[2m10:32:05[0m [[32m[1minfo     [0m] [1mExecution completed: challenge_id=b087ce1f-6ad1-4e33-92ba-0a35e24db17f, success=True[0m [36mreq[0m=[35m06a5189c[0m
[2m10:32:05[0m [[32m[1minfo     [0m] [1mStarting analysis pipeline for execution_id=9d36451f...[0m [36mreq[0m=[35m06a5189c[0m
[2m10:32:05[0m [[33m[1mwarning  [0m] [1mNo telemetry found for execution 9d36451f-0b8f-4bc5-8ad6-907c20d78b41[0m [36mreq[0m=[35m06a5189c[0m
[2m10:32:05[0m [[32m[1minfo     [0m] [1mGetting challenge status: id=b087ce1f-6ad1-4e33-92ba-0a35e24db17f[0m [36mreq[0m=[35m78b24158[0m
[2m10:32:05[0m [[32m[1minfo     [0m] [1mrequest_finished                        [0m [36mduration[0m=[35m0.005[0m [36mmethod[0m=[35mGET[0m [36mpath[0m=[35m/api/v1/challenges/b087ce1f-6ad1-4e33-92ba-0a35e24db17f[0m [36mreq[0m=[35m78b24158[0m [36mrequest_id[0m=[35m78b24158-8c5d-4473-a856-bcf2d1ed6f5b[0m [36mstatus[0m=[35m200[0m
[2m10:32:05[0m [[32m[1minfo     [0m] [1mGetting challenge results: id=b087ce1f-6ad1-4e33-92ba-0a35e24db17f[0m [36mreq[0m=[35mfc358ade[0m
[2m10:32:05[0m [[32m[1minfo     [0m] [1mrequest_finished                        [0m [36mduration[0m=[35m0.003[0m [36mmethod[0m=[35mGET[0m [36mpath[0m=[35m/api/v1/challenges/b087ce1f-6ad1-4e33-92ba-0a35e24db17f/results[0m [36mreq[0m=[35mfc358ade[0m [36mrequest_id[0m=[35mfc358ade-4871-450e-86a4-c7944745c401[0m [36mstatus[0m=[35m200[0m
[2m10:32:07[0m [[32m[1minfo     [0m] [1mFile upload: sicherheitsbericht_20251105.opus, size=318785, type=audio/opus[0m [36mreq[0m=[35m04f57bef[0m
[2m10:32:07[0m [[32m[1minfo     [0m] [1mSaved binary file to: /Users/patrick/Documents/Uni/master_project/backend/app/api/v1/endpoints/../../../uploads/0c53c662-a11f-4ea5-ae5e-78ecc524f207.opus[0m [36mreq[0m=[35m04f57bef[0m
[2m10:32:07[0m [[32m[1minfo     [0m] [1mAudio transcription skill available: skill_audio_transcription — will transcribe in background[0m [36mreq[0m=[35m04f57bef[0m
[2m10:32:07[0m [[32m[1minfo     [0m] [1mFile upload: sicherheitsbericht_20251105.opus -> challenge_id=b0f703ce-9e58-4b45-9fd4-a7173ef1e528, gaps=0, route=execute[0m [36mreq[0m=[35m04f57bef[0m
[2m10:32:07[0m [[32m[1minfo     [0m] [1mrequest_finished                        [0m [36mduration[0m=[35m0.082[0m [36mmethod[0m=[35mPOST[0m [36mpath[0m=[35m/api/v1/challenges/upload[0m [36mreq[0m=[35m04f57bef[0m [36mrequest_id[0m=[35m04f57bef-8ca0-44ca-abb7-b7bc8cf2b9bf[0m [36mstatus[0m=[35m200[0m
[2m10:32:07[0m [[32m[1minfo     [0m] [1mExecuting challenge: id=b0f703ce-9e58-4b45-9fd4-a7173ef1e528[0m [36mreq[0m=[35m6249182a[0m
[2m10:32:07[0m [[32m[1minfo     [0m] [1mrequest_finished                        [0m [36mduration[0m=[35m0.007[0m [36mmethod[0m=[35mPOST[0m [36mpath[0m=[35m/api/v1/challenges/b0f703ce-9e58-4b45-9fd4-a7173ef1e528/execute[0m [36mreq[0m=[35m6249182a[0m [36mrequest_id[0m=[35m6249182a-5a39-4960-9c8f-bf04b141240a[0m [36mstatus[0m=[35m200[0m
[2m10:32:07[0m [[32m[1minfo     [0m] [1mStarting background execution: challenge_id=b0f703ce-9e58-4b45-9fd4-a7173ef1e528[0m [36mreq[0m=[35m6249182a[0m
[2m10:32:07[0m [[32m[1minfo     [0m] [1mLoading topology from database...       [0m [36mreq[0m=[35m6249182a[0m
[2m10:32:07[0m [[32m[1minfo     [0m] [1mMapped 8 skill entries to 8 capabilities[0m [36mreq[0m=[35m6249182a[0m
[2m10:32:07[0m [[32m[1minfo     [0m] [1mTopology validated: 11 agents in 5 waves[0m [36mreq[0m=[35m6249182a[0m
[2m10:32:07[0m [[32m[1minfo     [0m] [1mLoaded 8 skills for topology            [0m [36mreq[0m=[35m6249182a[0m
[2m10:32:07[0m [[32m[1minfo     [0m] [1mTopology loaded: 11 agents, 5 waves     [0m [36mreq[0m=[35m6249182a[0m
[2m10:32:07[0m [[32m[1minfo     [0m] [1mShared memory initialized with Qdrant   [0m [36mreq[0m=[35m6249182a[0m
[2m10:32:07[0m [[32m[1minfo     [0m] [1mHybridOrchestrator initialized          [0m [36mreq[0m=[35m6249182a[0m
[2m10:32:07[0m [[32m[1minfo     [0m] [1mStarting execution: 46b55bca-f890-4c97-b37b-7e226b9226eb[0m [36mreq[0m=[35m6249182a[0m
[2m10:32:07[0m [[32m[1minfo     [0m] [1mLoading topology from database...       [0m [36mreq[0m=[35m6249182a[0m
[2m10:32:07[0m [[32m[1minfo     [0m] [1mMapped 8 skill entries to 8 capabilities[0m [36mreq[0m=[35m6249182a[0m
[2m10:32:07[0m [[32m[1minfo     [0m] [1mTopology validated: 11 agents in 5 waves[0m [36mreq[0m=[35m6249182a[0m
[2m10:32:07[0m [[32m[1minfo     [0m] [1mLoaded 8 skills for topology            [0m [36mreq[0m=[35m6249182a[0m
[2m10:32:07[0m [[32m[1minfo     [0m] [1mTopology loaded: 11 agents, 5 waves     [0m [36mreq[0m=[35m6249182a[0m
[2m10:32:07[0m [[32m[1minfo     [0m] [1mDocker client connected successfully    [0m [36mreq[0m=[35m6249182a[0m
[2m10:32:07[0m [[32m[1minfo     [0m] [1mCreated DynamicSandbox executor (Docker-based, unrestricted)[0m [36mreq[0m=[35m6249182a[0m
[2m10:32:07[0m [[33m[1mwarning  [0m] [1mCould not create intervention orchestrator for self-healing: create_intervention_orchestrator() got an unexpected keyword argument 'db'[0m [36mreq[0m=[35m6249182a[0m
[2m10:32:07[0m [[32m[1minfo     [0m] [1mExecuting wave 1/5: ['05bebe15-b46f-4b91-96e3-a50f6cf9e68d', '90c17f3b-7f91-4174-b3ac-b59a51feb378', '65ad3c5c-f66c-49a0-a7cd-4b9ebc6142b9', '073d766c-ed4f-4519-8e36-8c9631e97c67'][0m [36mreq[0m=[35m6249182a[0m
[2m10:32:07[0m [[32m[1minfo     [0m] [1mExecuting agent: transcript_analyzer (05bebe15-b46f-4b91-96e3-a50f6cf9e68d)[0m [36mreq[0m=[35m6249182a[0m
[2m10:32:07[0m [[32m[1minfo     [0m] [1mExecuting agent: product_owner (90c17f3b-7f91-4174-b3ac-b59a51feb378)[0m [36mreq[0m=[35m6249182a[0m
[2m10:32:07[0m [[33m[1mwarning  [0m] [1mAgent product_owner expected artifacts ['analysis_findings'] but none found in pool[0m [36mreq[0m=[35m6249182a[0m
[2m10:32:07[0m [[32m[1minfo     [0m] [1mExecuting agent: quality_judge (65ad3c5c-f66c-49a0-a7cd-4b9ebc6142b9)[0m [36mreq[0m=[35m6249182a[0m
[2m10:32:07[0m [[33m[1mwarning  [0m] [1mAgent quality_judge expected artifacts ['ab_test_samples'] but none found in pool[0m [36mreq[0m=[35m6249182a[0m
[2m10:32:07[0m [[32m[1minfo     [0m] [1mExecuting agent: execution_analyzer (073d766c-ed4f-4519-8e36-8c9631e97c67)[0m [36mreq[0m=[35m6249182a[0m
[2m10:32:07[0m [[33m[1mwarning  [0m] [1mAgent execution_analyzer expected artifacts ['execution_telemetry'] but none found in pool[0m [36mreq[0m=[35m6249182a[0m
[2m10:32:08[0m [[32m[1minfo     [0m] [1mshared_memory_metrics agent=transcript_analyzer facts_kept=5 facts_total=8 hypotheses=0 relations=0 approx_tokens=2389 query_chars=1998[0m [36mreq[0m=[35m6249182a[0m
[2m10:32:08[0m [[32m[1minfo     [0m] [1mAgent quality_judge returned final answer after 0 tool calls[0m [36mreq[0m=[35m6249182a[0m
[2m10:32:08[0m [[32m[1minfo     [0m] [1mAgent execution_analyzer returned final answer after 0 tool calls[0m [36mreq[0m=[35m6249182a[0m
[2m10:32:08[0m [[32m[1minfo     [0m] [1mAgent product_owner returned final answer after 0 tool calls[0m [36mreq[0m=[35m6249182a[0m
[2m10:32:08[0m [[32m[1minfo     [0m] [1mAgent quality_judge completed           [0m [36mreq[0m=[35m6249182a[0m
[2m10:32:08[0m [[32m[1minfo     [0m] [1mAgent execution_analyzer completed      [0m [36mreq[0m=[35m6249182a[0m
[2m10:32:08[0m [[32m[1minfo     [0m] [1mAgent product_owner completed           [0m [36mreq[0m=[35m6249182a[0m
[2m10:32:09[0m [[32m[1minfo     [0m] [1mTool call 1/5: skill_audio_transcription[0m [36mreq[0m=[35m6249182a[0m
[2m10:32:09[0m [[32m[1minfo     [0m] [1mStarting sandbox execution: pip=[], apt=['ffmpeg'], input_files=[][0m [36mreq[0m=[35m6249182a[0m
[2m10:32:09[0m [[32m[1minfo     [0m] [1mFound cached image: lumari-sandbox:audio-6ccb47b0 (usage=15)[0m [36mreq[0m=[35m6249182a[0m
[2m10:32:09[0m [[32m[1minfo     [0m] [1mUsing cached image: lumari-sandbox:audio-6ccb47b0[0m [36mreq[0m=[35m6249182a[0m
[2m10:32:09[0m [[32m[1minfo     [0m] [1mSandbox execution complete: success=True, time=883ms, cached=True[0m [36mreq[0m=[35m6249182a[0m
[2m10:32:12[0m [[32m[1minfo     [0m] [1mGetting challenge status: id=b0f703ce-9e58-4b45-9fd4-a7173ef1e528[0m [36mreq[0m=[35m9b838f2d[0m
[2m10:32:12[0m [[32m[1minfo     [0m] [1mrequest_finished                        [0m [36mduration[0m=[35m0.015[0m [36mmethod[0m=[35mGET[0m [36mpath[0m=[35m/api/v1/challenges/b0f703ce-9e58-4b45-9fd4-a7173ef1e528[0m [36mreq[0m=[35m9b838f2d[0m [36mrequest_id[0m=[35m9b838f2d-bdfb-461b-b877-f6f91bcfc81b[0m [36mstatus[0m=[35m200[0m
[2m10:32:16[0m [[32m[1minfo     [0m] [1mAgent transcript_analyzer returned final answer after 1 tool calls[0m [36mreq[0m=[35m6249182a[0m
[2m10:32:17[0m [[32m[1minfo     [0m] [1mAgent transcript_analyzer completed     [0m [36mreq[0m=[35m6249182a[0m
[2m10:32:17[0m [[32m[1minfo     [0m] [1mWave 1 agent 'transcript_analyzer' completed: success=True, skipped=False, result_len=634[0m [36mreq[0m=[35m6249182a[0m
[2m10:32:17[0m [[32m[1minfo     [0m] [1mWave 1 agent 'product_owner' completed: success=True, skipped=False, result_len=240[0m [36mreq[0m=[35m6249182a[0m
[2m10:32:17[0m [[32m[1minfo     [0m] [1mWave 1 agent 'quality_judge' completed: success=True, skipped=False, result_len=175[0m [36mreq[0m=[35m6249182a[0m
[2m10:32:17[0m [[32m[1minfo     [0m] [1mWave 1 agent 'execution_analyzer' completed: success=True, skipped=False, result_len=166[0m [36mreq[0m=[35m6249182a[0m
[2m10:32:17[0m [[32m[1minfo     [0m] [1mExecuting wave 2/5: ['49898ec1-10da-4a11-8457-1358d844c805', '07f8b963-9d7c-4232-ba20-52aa8d850e1d'][0m [36mreq[0m=[35m6249182a[0m
[2m10:32:17[0m [[32m[1minfo     [0m] [1mExecuting agent: context_retriever (49898ec1-10da-4a11-8457-1358d844c805)[0m [36mreq[0m=[35m6249182a[0m
[2m10:32:17[0m [[32m[1minfo     [0m] [1mExecuting agent: control_agent (07f8b963-9d7c-4232-ba20-52aa8d850e1d)[0m [36mreq[0m=[35m6249182a[0m
[2m10:32:17[0m [[32m[1minfo     [0m] [1mGetting challenge status: id=b0f703ce-9e58-4b45-9fd4-a7173ef1e528[0m [36mreq[0m=[35m60c32908[0m
[2m10:32:17[0m [[32m[1minfo     [0m] [1mrequest_finished                        [0m [36mduration[0m=[35m0.015[0m [36mmethod[0m=[35mGET[0m [36mpath[0m=[35m/api/v1/challenges/b0f703ce-9e58-4b45-9fd4-a7173ef1e528[0m [36mreq[0m=[35m60c32908[0m [36mrequest_id[0m=[35m60c32908-94bf-4db1-84aa-fe91b43dcb0a[0m [36mstatus[0m=[35m200[0m
[2m10:32:18[0m [[32m[1minfo     [0m] [1mAgent control_agent returned final answer after 0 tool calls[0m [36mreq[0m=[35m6249182a[0m
[2m10:32:18[0m [[32m[1minfo     [0m] [1mTool call 1/5: skill_audio_transcription[0m [36mreq[0m=[35m6249182a[0m
[2m10:32:18[0m [[32m[1minfo     [0m] [1mStarting sandbox execution: pip=[], apt=['ffmpeg'], input_files=[][0m [36mreq[0m=[35m6249182a[0m
[2m10:32:18[0m [[32m[1minfo     [0m] [1mFound cached image: lumari-sandbox:audio-6ccb47b0 (usage=16)[0m [36mreq[0m=[35m6249182a[0m
[2m10:32:18[0m [[32m[1minfo     [0m] [1mUsing cached image: lumari-sandbox:audio-6ccb47b0[0m [36mreq[0m=[35m6249182a[0m
[2m10:32:18[0m [[32m[1minfo     [0m] [1mAgent control_agent completed           [0m [36mreq[0m=[35m6249182a[0m
[2m10:32:19[0m [[32m[1minfo     [0m] [1mSandbox execution complete: success=True, time=1174ms, cached=True[0m [36mreq[0m=[35m6249182a[0m
[2m10:32:22[0m [[32m[1minfo     [0m] [1mGetting challenge status: id=b0f703ce-9e58-4b45-9fd4-a7173ef1e528[0m [36mreq[0m=[35m17f6344b[0m
[2m10:32:22[0m [[32m[1minfo     [0m] [1mrequest_finished                        [0m [36mduration[0m=[35m0.019[0m [36mmethod[0m=[35mGET[0m [36mpath[0m=[35m/api/v1/challenges/b0f703ce-9e58-4b45-9fd4-a7173ef1e528[0m [36mreq[0m=[35m17f6344b[0m [36mrequest_id[0m=[35m17f6344b-4393-4c29-b88b-3b93bbf99525[0m [36mstatus[0m=[35m200[0m
[2m10:32:26[0m [[32m[1minfo     [0m] [1mAgent context_retriever returned final answer after 1 tool calls[0m [36mreq[0m=[35m6249182a[0m
[2m10:32:27[0m [[32m[1minfo     [0m] [1mAgent context_retriever completed       [0m [36mreq[0m=[35m6249182a[0m
[2m10:32:27[0m [[32m[1minfo     [0m] [1mWave 2 agent 'context_retriever' completed: success=True, skipped=False, result_len=496[0m [36mreq[0m=[35m6249182a[0m
[2m10:32:27[0m [[32m[1minfo     [0m] [1mWave 2 agent 'control_agent' completed: success=True, skipped=False, result_len=157[0m [36mreq[0m=[35m6249182a[0m
[2m10:32:27[0m [[32m[1minfo     [0m] [1mExecuting wave 3/5: ['f54aabd1-ca21-4768-b12e-ccf5ca95d0da', 'a676e764-25ce-41cf-95d1-b838c8e6804d', 'd01ede79-d82b-465b-ae42-d1a7a2ec4188'][0m [36mreq[0m=[35m6249182a[0m
[2m10:32:27[0m [[32m[1minfo     [0m] [1mExecuting agent: report_generator (f54aabd1-ca21-4768-b12e-ccf5ca95d0da)[0m [36mreq[0m=[35m6249182a[0m
[2m10:32:27[0m [[32m[1minfo     [0m] [1mExecuting agent: prompt_engineer (a676e764-25ce-41cf-95d1-b838c8e6804d)[0m [36mreq[0m=[35m6249182a[0m
[2m10:32:27[0m [[32m[1minfo     [0m] [1mExecuting agent: tool_builder (d01ede79-d82b-465b-ae42-d1a7a2ec4188)[0m [36mreq[0m=[35m6249182a[0m
[2m10:32:27[0m [[32m[1minfo     [0m] [1mGetting challenge status: id=b0f703ce-9e58-4b45-9fd4-a7173ef1e528[0m [36mreq[0m=[35m0233522e[0m
[2m10:32:27[0m [[32m[1minfo     [0m] [1mrequest_finished                        [0m [36mduration[0m=[35m0.021[0m [36mmethod[0m=[35mGET[0m [36mpath[0m=[35m/api/v1/challenges/b0f703ce-9e58-4b45-9fd4-a7173ef1e528[0m [36mreq[0m=[35m0233522e[0m [36mrequest_id[0m=[35m0233522e-c35a-4598-b87e-d5ecc24d39e4[0m [36mstatus[0m=[35m200[0m
[2m10:32:29[0m [[32m[1minfo     [0m] [1mAgent report_generator returned final answer after 0 tool calls[0m [36mreq[0m=[35m6249182a[0m
[2m10:32:29[0m [[32m[1minfo     [0m] [1mAgent prompt_engineer returned final answer after 0 tool calls[0m [36mreq[0m=[35m6249182a[0m
[2m10:32:30[0m [[32m[1minfo     [0m] [1mAgent report_generator completed        [0m [36mreq[0m=[35m6249182a[0m
[2m10:32:30[0m [[32m[1minfo     [0m] [1mAgent prompt_engineer completed         [0m [36mreq[0m=[35m6249182a[0m
[2m10:32:31[0m [[32m[1minfo     [0m] [1mAgent tool_builder returned final answer after 0 tool calls[0m [36mreq[0m=[35m6249182a[0m
[2m10:32:31[0m [[32m[1minfo     [0m] [1mAgent tool_builder completed            [0m [36mreq[0m=[35m6249182a[0m
[2m10:32:31[0m [[32m[1minfo     [0m] [1mWave 3 agent 'report_generator' completed: success=True, skipped=False, result_len=1226[0m [36mreq[0m=[35m6249182a[0m
[2m10:32:31[0m [[32m[1minfo     [0m] [1mWave 3 agent 'prompt_engineer' completed: success=True, skipped=False, result_len=1951[0m [36mreq[0m=[35m6249182a[0m
[2m10:32:31[0m [[32m[1minfo     [0m] [1mWave 3 agent 'tool_builder' completed: success=True, skipped=False, result_len=272[0m [36mreq[0m=[35m6249182a[0m
[2m10:32:31[0m [[32m[1minfo     [0m] [1mExecuting wave 4/5: ['85860279-90e3-4984-b25d-af840d3dca9b'][0m [36mreq[0m=[35m6249182a[0m
[2m10:32:31[0m [[32m[1minfo     [0m] [1mExecuting agent: quality_validator (85860279-90e3-4984-b25d-af840d3dca9b)[0m [36mreq[0m=[35m6249182a[0m
[2m10:32:32[0m [[32m[1minfo     [0m] [1mGetting challenge status: id=b0f703ce-9e58-4b45-9fd4-a7173ef1e528[0m [36mreq[0m=[35m06522e98[0m
[2m10:32:32[0m [[32m[1minfo     [0m] [1mrequest_finished                        [0m [36mduration[0m=[35m0.011[0m [36mmethod[0m=[35mGET[0m [36mpath[0m=[35m/api/v1/challenges/b0f703ce-9e58-4b45-9fd4-a7173ef1e528[0m [36mreq[0m=[35m06522e98[0m [36mrequest_id[0m=[35m06522e98-5ef2-4be4-96fa-680f291493ba[0m [36mstatus[0m=[35m200[0m
[2m10:32:33[0m [[32m[1minfo     [0m] [1mAgent quality_validator returned final answer after 0 tool calls[0m [36mreq[0m=[35m6249182a[0m
[2m10:32:33[0m [[32m[1minfo     [0m] [1mAgent quality_validator completed       [0m [36mreq[0m=[35m6249182a[0m
[2m10:32:33[0m [[32m[1minfo     [0m] [1mWave 4 agent 'quality_validator' completed: success=True, skipped=False, result_len=698[0m [36mreq[0m=[35m6249182a[0m
[2m10:32:33[0m [[32m[1minfo     [0m] [1mExecuting wave 5/5: ['bbd241f8-1df0-49f4-950a-dc61efa2c950'][0m [36mreq[0m=[35m6249182a[0m
[2m10:32:33[0m [[32m[1minfo     [0m] [1mExecuting agent: report_finalizer (bbd241f8-1df0-49f4-950a-dc61efa2c950)[0m [36mreq[0m=[35m6249182a[0m
[2m10:32:36[0m [[32m[1minfo     [0m] [1mAgent report_finalizer returned final answer after 0 tool calls[0m [36mreq[0m=[35m6249182a[0m
[2m10:32:36[0m [[32m[1minfo     [0m] [1mAgent report_finalizer completed        [0m [36mreq[0m=[35m6249182a[0m
[2m10:32:36[0m [[32m[1minfo     [0m] [1mWave 5 agent 'report_finalizer' completed: success=True, skipped=False, result_len=1368[0m [36mreq[0m=[35m6249182a[0m
[2m10:32:36[0m [[32m[1minfo     [0m] [1mArtifact pool cleared: 11 artifacts discarded[0m [36mreq[0m=[35m6249182a[0m
[2m10:32:37[0m [[32m[1minfo     [0m] [1mPersisted 1 facts to shared memory for execution 46b55bca-f890-4c97-b37b-7e226b9226eb[0m [36mreq[0m=[35m6249182a[0m
[2m10:32:37[0m [[32m[1minfo     [0m] [1mStarting telemetry for agent=05bebe15..., execution=46b55bca...[0m [36mreq[0m=[35m6249182a[0m
[2m10:32:37[0m [[33m[1mwarning  [0m] [1mTelemetrie-Bridge fehlgeschlagen: 1 validation error for ExecutionTelemetryCreate
outcome
  Input should be 'success', 'error', 'timeout' or 'cancelled' [type=literal_error, input_value='running', input_type=str]
    For further information visit https://errors.pydantic.dev/2.11/v/literal_error[0m [36mreq[0m=[35m6249182a[0m
[2m10:32:37[0m [[32m[1minfo     [0m] [1mConfigured epicbox profile: image=lumari-sandbox:latest, limits={'cputime': 5, 'realtime': 10, 'memory': 128, 'processes': 1}[0m [36mreq[0m=[35m6249182a[0m
[2m10:32:37[0m [[32m[1minfo     [0m] [1mStarting analysis pipeline for execution_id=46b55bca...[0m [36mreq[0m=[35m6249182a[0m
[2m10:32:37[0m [[32m[1minfo     [0m] [1mExecution completed: challenge_id=b0f703ce-9e58-4b45-9fd4-a7173ef1e528, success=True[0m [36mreq[0m=[35m6249182a[0m
[2m10:32:37[0m [[33m[1mwarning  [0m] [1mNo telemetry found for execution 46b55bca-f890-4c97-b37b-7e226b9226eb[0m [36mreq[0m=[35m6249182a[0m
[2m10:32:37[0m [[32m[1minfo     [0m] [1mGetting challenge status: id=b0f703ce-9e58-4b45-9fd4-a7173ef1e528[0m [36mreq[0m=[35m8631b586[0m
[2m10:32:37[0m [[32m[1minfo     [0m] [1mrequest_finished                        [0m [36mduration[0m=[35m0.007[0m [36mmethod[0m=[35mGET[0m [36mpath[0m=[35m/api/v1/challenges/b0f703ce-9e58-4b45-9fd4-a7173ef1e528[0m [36mreq[0m=[35m8631b586[0m [36mrequest_id[0m=[35m8631b586-923b-4a47-b404-ab10a7ae842e[0m [36mstatus[0m=[35m200[0m
[2m10:32:37[0m [[32m[1minfo     [0m] [1mGetting challenge results: id=b0f703ce-9e58-4b45-9fd4-a7173ef1e528[0m [36mreq[0m=[35m296f1fb8[0m
[2m10:32:37[0m [[32m[1minfo     [0m] [1mrequest_finished                        [0m [36mduration[0m=[35m0.004[0m [36mmethod[0m=[35mGET[0m [36mpath[0m=[35m/api/v1/challenges/b0f703ce-9e58-4b45-9fd4-a7173ef1e528/results[0m [36mreq[0m=[35m296f1fb8[0m [36mrequest_id[0m=[35m296f1fb8-12dc-4443-b85d-594397eb609c[0m [36mstatus[0m=[35m200[0m
WARNING:  WatchFiles detected changes in 'app/api/v1/endpoints/challenges.py'. Reloading...
[2m10:42:23[0m [[32m[1minfo     [0m] [1mShutting down                           [0m
[2m10:42:23[0m [[32m[1minfo     [0m] [1mWaiting for application shutdown.       [0m
[2m10:42:23[0m [[32m[1minfo     [0m] [1mShutting down OpenTelemetry provider    [0m
[2m10:42:23[0m [[32m[1minfo     [0m] [1mOpenTelemetry provider shutdown complete[0m
[2m10:42:23[0m [[32m[1minfo     [0m] [1mOpenTelemetry shutdown complete         [0m
[2m10:42:23[0m [[32m[1minfo     [0m] [1mApplication shutdown complete.          [0m
[2m10:42:23[0m [[32m[1minfo     [0m] [1mFinished server process [52044]         [0m
[2m10:42:28[0m [[32m[1minfo     [0m] [1mStarted server process [53649]          [0m
[2m10:42:28[0m [[32m[1minfo     [0m] [1mWaiting for application startup.        [0m
[2m10:42:28[0m [[32m[1minfo     [0m] [1mDatabase already initialized (30 tables)[0m
[2m10:42:28[0m [[32m[1minfo     [0m] [1mSetting up OpenTelemetry for lumari-backend v0.1.0[0m
[2m10:42:28[0m [[32m[1minfo     [0m] [1mConsole span exporter enabled           [0m
[2m10:42:28[0m [[32m[1minfo     [0m] [1mFastAPI instrumentation complete        [0m
[2m10:42:28[0m [[32m[1minfo     [0m] [1mOpenTelemetry instrumentation initialized[0m
[2m10:42:28[0m [[32m[1minfo     [0m] [1mApplication startup complete.           [0m
WARNING:  WatchFiles detected changes in 'app/api/v1/endpoints/challenges.py'. Reloading...
[2m10:42:48[0m [[32m[1minfo     [0m] [1mShutting down                           [0m
[2m10:42:48[0m [[32m[1minfo     [0m] [1mWaiting for application shutdown.       [0m
[2m10:42:48[0m [[32m[1minfo     [0m] [1mShutting down OpenTelemetry provider    [0m
[2m10:42:48[0m [[32m[1minfo     [0m] [1mOpenTelemetry provider shutdown complete[0m
[2m10:42:48[0m [[32m[1minfo     [0m] [1mOpenTelemetry shutdown complete         [0m
[2m10:42:48[0m [[32m[1minfo     [0m] [1mApplication shutdown complete.          [0m
[2m10:42:48[0m [[32m[1minfo     [0m] [1mFinished server process [53649]         [0m
[2m10:42:53[0m [[32m[1minfo     [0m] [1mStarted server process [53687]          [0m
[2m10:42:53[0m [[32m[1minfo     [0m] [1mWaiting for application startup.        [0m
[2m10:42:53[0m [[32m[1minfo     [0m] [1mDatabase already initialized (30 tables)[0m
[2m10:42:53[0m [[32m[1minfo     [0m] [1mSetting up OpenTelemetry for lumari-backend v0.1.0[0m
[2m10:42:53[0m [[32m[1minfo     [0m] [1mConsole span exporter enabled           [0m
[2m10:42:53[0m [[32m[1minfo     [0m] [1mFastAPI instrumentation complete        [0m
[2m10:42:53[0m [[32m[1minfo     [0m] [1mOpenTelemetry instrumentation initialized[0m
[2m10:42:53[0m [[32m[1minfo     [0m] [1mApplication startup complete.           [0m
WARNING:  WatchFiles detected changes in 'app/api/v1/endpoints/challenges.py'. Reloading...
[2m10:43:13[0m [[32m[1minfo     [0m] [1mShutting down                           [0m
[2m10:43:13[0m [[32m[1minfo     [0m] [1mWaiting for application shutdown.       [0m
[2m10:43:13[0m [[32m[1minfo     [0m] [1mShutting down OpenTelemetry provider    [0m
[2m10:43:13[0m [[32m[1minfo     [0m] [1mOpenTelemetry provider shutdown complete[0m
[2m10:43:13[0m [[32m[1minfo     [0m] [1mOpenTelemetry shutdown complete         [0m
[2m10:43:13[0m [[32m[1minfo     [0m] [1mApplication shutdown complete.          [0m
[2m10:43:13[0m [[32m[1minfo     [0m] [1mFinished server process [53687]         [0m
[2m10:43:16[0m [[32m[1minfo     [0m] [1mStarted server process [53733]          [0m
[2m10:43:16[0m [[32m[1minfo     [0m] [1mWaiting for application startup.        [0m
[2m10:43:16[0m [[32m[1minfo     [0m] [1mDatabase already initialized (30 tables)[0m
[2m10:43:16[0m [[32m[1minfo     [0m] [1mSetting up OpenTelemetry for lumari-backend v0.1.0[0m
[2m10:43:16[0m [[32m[1minfo     [0m] [1mConsole span exporter enabled           [0m
[2m10:43:16[0m [[32m[1minfo     [0m] [1mFastAPI instrumentation complete        [0m
[2m10:43:16[0m [[32m[1minfo     [0m] [1mOpenTelemetry instrumentation initialized[0m
[2m10:43:16[0m [[32m[1minfo     [0m] [1mApplication startup complete.           [0m
WARNING:  WatchFiles detected changes in 'app/api/v1/endpoints/challenges.py'. Reloading...
[2m10:43:26[0m [[32m[1minfo     [0m] [1mShutting down                           [0m
[2m10:43:26[0m [[32m[1minfo     [0m] [1mWaiting for application shutdown.       [0m
[2m10:43:26[0m [[32m[1minfo     [0m] [1mShutting down OpenTelemetry provider    [0m
[2m10:43:26[0m [[32m[1minfo     [0m] [1mOpenTelemetry provider shutdown complete[0m
[2m10:43:26[0m [[32m[1minfo     [0m] [1mOpenTelemetry shutdown complete         [0m
[2m10:43:26[0m [[32m[1minfo     [0m] [1mApplication shutdown complete.          [0m
[2m10:43:26[0m [[32m[1minfo     [0m] [1mFinished server process [53733]         [0m
[2m10:43:29[0m [[32m[1minfo     [0m] [1mStarted server process [53750]          [0m
[2m10:43:29[0m [[32m[1minfo     [0m] [1mWaiting for application startup.        [0m
[2m10:43:29[0m [[32m[1minfo     [0m] [1mDatabase already initialized (30 tables)[0m
[2m10:43:29[0m [[32m[1minfo     [0m] [1mSetting up OpenTelemetry for lumari-backend v0.1.0[0m
[2m10:43:29[0m [[32m[1minfo     [0m] [1mConsole span exporter enabled           [0m
[2m10:43:29[0m [[32m[1minfo     [0m] [1mFastAPI instrumentation complete        [0m
[2m10:43:29[0m [[32m[1minfo     [0m] [1mOpenTelemetry instrumentation initialized[0m
[2m10:43:30[0m [[32m[1minfo     [0m] [1mApplication startup complete.           [0m
WARNING:  WatchFiles detected changes in 'app/api/v1/endpoints/challenges.py'. Reloading...
[2m10:43:58[0m [[32m[1minfo     [0m] [1mShutting down                           [0m
[2m10:43:58[0m [[32m[1minfo     [0m] [1mWaiting for application shutdown.       [0m
[2m10:43:58[0m [[32m[1minfo     [0m] [1mShutting down OpenTelemetry provider    [0m
[2m10:43:58[0m [[32m[1minfo     [0m] [1mOpenTelemetry provider shutdown complete[0m
[2m10:43:58[0m [[32m[1minfo     [0m] [1mOpenTelemetry shutdown complete         [0m
[2m10:43:58[0m [[32m[1minfo     [0m] [1mApplication shutdown complete.          [0m
[2m10:43:58[0m [[32m[1minfo     [0m] [1mFinished server process [53750]         [0m
[2m10:44:02[0m [[32m[1minfo     [0m] [1mStarted server process [53790]          [0m
[2m10:44:02[0m [[32m[1minfo     [0m] [1mWaiting for application startup.        [0m
[2m10:44:02[0m [[32m[1minfo     [0m] [1mDatabase already initialized (30 tables)[0m
[2m10:44:02[0m [[32m[1minfo     [0m] [1mSetting up OpenTelemetry for lumari-backend v0.1.0[0m
[2m10:44:02[0m [[32m[1minfo     [0m] [1mConsole span exporter enabled           [0m
[2m10:44:02[0m [[32m[1minfo     [0m] [1mFastAPI instrumentation complete        [0m
[2m10:44:02[0m [[32m[1minfo     [0m] [1mOpenTelemetry instrumentation initialized[0m
[2m10:44:02[0m [[32m[1minfo     [0m] [1mApplication startup complete.           [0m
[2m10:44:42[0m [[32m[1minfo     [0m] [1mUpdating user settings: auto_apply=True [0m [36mreq[0m=[35m2fce8595[0m
[2m10:44:42[0m [[32m[1minfo     [0m] [1mUpdated settings for user default: auto_apply=True[0m [36mreq[0m=[35m2fce8595[0m
[2m10:44:42[0m [[32m[1minfo     [0m] [1mrequest_finished                        [0m [36mduration[0m=[35m0.04[0m [36mmethod[0m=[35mPUT[0m [36mpath[0m=[35m/api/v1/challenges/settings/user[0m [36mreq[0m=[35m2fce8595[0m [36mrequest_id[0m=[35m2fce8595-8b75-44c7-b349-65364e338978[0m [36mstatus[0m=[35m200[0m
[2m10:44:42[0m [[32m[1minfo     [0m] [1mDirect challenge analysis: execution_id=b80ce238-cb3e-4df3-b44b-8099cfe753d3[0m [36mreq[0m=[35mf24bf4d0[0m
[2m10:44:42[0m [[32m[1minfo     [0m] [1mPre-execution analysis starting for execution b80ce238-cb3e-4df3-b44b-8099cfe753d3[0m [36mreq[0m=[35mf24bf4d0[0m
[2m10:44:42[0m [[32m[1minfo     [0m] [1mAnalyzing challenge for execution b80ce238-cb3e-4df3-b44b-8099cfe753d3[0m [36mreq[0m=[35mf24bf4d0[0m
[2m10:44:42[0m [[32m[1minfo     [0m] [1mLoading topology from database...       [0m [36mreq[0m=[35mf24bf4d0[0m
[2m10:44:42[0m [[32m[1minfo     [0m] [1mMapped 8 skill entries to 8 capabilities[0m [36mreq[0m=[35mf24bf4d0[0m
[2m10:44:42[0m [[32m[1minfo     [0m] [1mTopology validated: 11 agents in 5 waves[0m [36mreq[0m=[35mf24bf4d0[0m
[2m10:44:42[0m [[32m[1minfo     [0m] [1mLoaded 8 skills for topology            [0m [36mreq[0m=[35mf24bf4d0[0m
[2m10:44:42[0m [[32m[1minfo     [0m] [1mTopology loaded: 11 agents, 5 waves     [0m [36mreq[0m=[35mf24bf4d0[0m
[2m10:44:42[0m [[32m[1minfo     [0m] [1mSkill 'skill_write_a_formal_daily_construction_report' provides applicability: 'This skill should be selected when you need to generate and save a formal, text-based daily construction progress report. It requires the site name and progress summary as input to produce a timestamped file in a specified directory.'[0m [36mreq[0m=[35mf24bf4d0[0m
[2m10:44:42[0m [[32m[1minfo     [0m] [1mSkill 'skill_create_a_final_pdf_or_text_based_report_of_the_pouring_protocol' provides applicability: 'Select this skill when you need to generate a formal, documented record of a completed pouring protocol in either PDF or text format. It should be used once all protocol data—including the ID, operator, timestamp, and step list—has been finalized and validated.'[0m [36mreq[0m=[35mf24bf4d0[0m
[2m10:44:42[0m [[32m[1minfo     [0m] [1mSkill 'skill_define_technical_migration_and_api_integration_roadmap' provides applicability: 'Select this skill when planning the transition from a legacy system to a new API architecture to generate a structured implementation roadmap and validation plan based on a chosen migration strategy (strangler fig, big bang, or dual-write).'[0m [36mreq[0m=[35mf24bf4d0[0m
[2m10:44:42[0m [[32m[1minfo     [0m] [1mSkill 'skill_audio_transcription' provides applicability: 'audio transcription'[0m [36mreq[0m=[35mf24bf4d0[0m
[2m10:44:42[0m [[32m[1minfo     [0m] [1mSkill 'skill_calculate_financial_impact_and_transaction_statistics' provides applicability: 'Select this skill when you need to derive aggregate financial metrics, such as total volume, averages, and category-specific impacts, from a structured list of transaction records. It is best utilized when transaction amounts require normalization from mixed string or numeric formats into a consistent float representation.'[0m [36mreq[0m=[35mf24bf4d0[0m
[2m10:44:42[0m [[32m[1minfo     [0m] [1mSkill 'skill_calculate_budget_impact_of_proposed_cost_saving_measures' provides applicability: 'Select this skill when you need to determine the financial effect of multiple cost-saving initiatives on an existing budget. It should be used when you have a defined current budget and a list of specific proposed savings amounts to calculate the new budget total and the overall percentage reduction.'[0m [36mreq[0m=[35mf24bf4d0[0m
[2m10:44:42[0m [[32m[1minfo     [0m] [1mSkill 'skill_generate_a_risk_matrix_visualization_or_summary_table' provides applicability: 'Select this skill when you need to visualize or summarize a list of risks by plotting their likelihood and impact scores on a 5x5 matrix. It should be used when your input data contains structured risk entries with defined numerical likelihood and impact values.'[0m [36mreq[0m=[35mf24bf4d0[0m
[2m10:44:42[0m [[32m[1minfo     [0m] [1mSkill 'skill_evaluate_technical_risks_of_custom_abap_code_and_interface_dependencies' provides applicability: 'This skill should be selected when assessing the technical debt or stability risks of an SAP environment by identifying high-complexity custom ABAP objects and critical integration hubs. It is best applied during system audits or migration planning to prioritize objects requiring refactoring or rigorous testing based on their weighted risk scores and dependency density.'[0m [36mreq[0m=[35mf24bf4d0[0m
[2m10:44:42[0m [[32m[1minfo     [0m] [1mExtracted 8 capabilities from 8 active skills[0m [36mreq[0m=[35mf24bf4d0[0m
[2m10:44:42[0m [[32m[1minfo     [0m] [1mPrompt 'report_generator_prompt' provides affected_capability: 'structure inspection findings into a formal report format'[0m [36mreq[0m=[35mf24bf4d0[0m
[2m10:44:42[0m [[32m[1minfo     [0m] [1mPrompt 'prompt_generate_professional_business_correspondence' provides affected_capability: 'generate professional business correspondence'[0m [36mreq[0m=[35mf24bf4d0[0m
[2m10:44:42[0m [[32m[1minfo     [0m] [1mPrompt 'transcript_analyzer_prompt' provides affected_capability: 'analyze meeting transcript'[0m [36mreq[0m=[35mf24bf4d0[0m
[2m10:44:42[0m [[32m[1minfo     [0m] [1mPrompt 'prompt_analyze_construction_site_personnel_data' provides affected_capability: 'analyze construction site personnel data'[0m [36mreq[0m=[35mf24bf4d0[0m
[2m10:44:42[0m [[32m[1minfo     [0m] [1mPrompt 'prompt_generate_a_structured_change_order_document_for_the_client' provides affected_capability: 'generate a structured change order document for the client'[0m [36mreq[0m=[35mf24bf4d0[0m
[2m10:44:42[0m [[32m[1minfo     [0m] [1mPrompt 'prompt_structure_cost_breakdown_for_project_management' provides affected_capability: 'structure cost breakdown for project management'[0m [36mreq[0m=[35mf24bf4d0[0m
[2m10:44:42[0m [[32m[1minfo     [0m] [1mPrompt 'report_finalizer_prompt' provides affected_capability: 'generate a formal network disruption report document'[0m [36mreq[0m=[35mf24bf4d0[0m
[2m10:44:42[0m [[32m[1minfo     [0m] [1mPrompt 'prompt_analyze_incident_and_change_logs' provides affected_capability: 'analyze incident and change logs'[0m [36mreq[0m=[35mf24bf4d0[0m
[2m10:44:42[0m [[32m[1minfo     [0m] [1mExtracted 8 capabilities from 8 active prompts[0m [36mreq[0m=[35mf24bf4d0[0m
[2m10:44:43[0m [[32m[1minfo     [0m] [1mLLM extracted 5 capabilities: 3 execution, 2 knowledge[0m [36mreq[0m=[35mf24bf4d0[0m
[2m10:44:43[0m [[32m[1minfo     [0m] [1mExtracted 5 required capabilities       [0m [36mreq[0m=[35mf24bf4d0[0m
[2m10:44:43[0m [[32m[1minfo     [0m] [1mLoading embedding model: BAAI/bge-base-en-v1.5[0m
[2m10:44:44[0m [[32m[1minfo     [0m] [1mEmbedding model loaded                  [0m
[2m10:44:45[0m [[32m[1minfo     [0m] [1mAssessment complete: CANNOT_DO (1 gaps, 1 suggestions)[0m [36mreq[0m=[35mf24bf4d0[0m
[2m10:44:45[0m [[32m[1minfo     [0m] [1mASSESSMENT_LOG execution_id=b80ce238-cb3e-4df3-b44b-8099cfe753d3 confidence=CANNOT_DO gaps=1 route=developer_team duration_ms=3443[0m [36mreq[0m=[35mf24bf4d0[0m
[2m10:44:45[0m [[32m[1minfo     [0m] [1mPre-execution analysis complete: CANNOT_DO -> route: developer_team[0m [36mreq[0m=[35mf24bf4d0[0m
[2m10:44:45[0m [[32m[1minfo     [0m] [1mOrchestrator analysis complete: confidence=CANNOT_DO, route=developer_team[0m [36mreq[0m=[35mf24bf4d0[0m
[2m10:44:45[0m [[32m[1minfo     [0m] [1m0 gaps already satisfied, 1 remaining   [0m [36mreq[0m=[35mf24bf4d0[0m
[2m10:44:45[0m [[32m[1minfo     [0m] [1mGenerated build plan for challenge 36689215-238b-4275-a4e6-d4bd38cafcc0: 1 items, 1 critical[0m [36mreq[0m=[35mf24bf4d0[0m
[2m10:44:45[0m [[32m[1minfo     [0m] [1mrequest_finished                        [0m [36mduration[0m=[35m3.76[0m [36mmethod[0m=[35mPOST[0m [36mpath[0m=[35m/api/v1/challenges/analyze[0m [36mreq[0m=[35mf24bf4d0[0m [36mrequest_id[0m=[35mf24bf4d0-3e48-4721-9601-53eaae9bbd58[0m [36mstatus[0m=[35m200[0m
[2m10:44:45[0m [[32m[1minfo     [0m] [1mStarting capability building: challenge_id=36689215-238b-4275-a4e6-d4bd38cafcc0[0m [36mreq[0m=[35mf24bf4d0[0m
[2m10:44:46[0m [[32m[1minfo     [0m] [1mLoading topology from database...       [0m [36mreq[0m=[35mf24bf4d0[0m
[2m10:44:46[0m [[32m[1minfo     [0m] [1mMapped 8 skill entries to 8 capabilities[0m [36mreq[0m=[35mf24bf4d0[0m
[2m10:44:46[0m [[32m[1minfo     [0m] [1mTopology validated: 11 agents in 5 waves[0m [36mreq[0m=[35mf24bf4d0[0m
[2m10:44:46[0m [[32m[1minfo     [0m] [1mLoaded 8 skills for topology            [0m [36mreq[0m=[35mf24bf4d0[0m
[2m10:44:46[0m [[32m[1minfo     [0m] [1mTopology loaded: 11 agents, 5 waves     [0m [36mreq[0m=[35mf24bf4d0[0m
[2m10:44:46[0m [[32m[1minfo     [0m] [1mRuntimeAgentRegistry initialized with max_concurrent=5[0m [36mreq[0m=[35mf24bf4d0[0m
[2m10:44:46[0m [[32m[1minfo     [0m] [1mProcessing blocked challenge: id=36689215..., attempt=1/5[0m [36mreq[0m=[35mf24bf4d0[0m
[2m10:44:46[0m [[32m[1minfo     [0m] [1mCreated gap plan: id=246b9cef..., challenge=36689215..., gaps=1, cycle=1[0m [36mreq[0m=[35mf24bf4d0[0m
[2m10:44:46[0m [[32m[1minfo     [0m] [1mCreated gap plan: 246b9cef..., cycle=1, gaps=1[0m [36mreq[0m=[35mf24bf4d0[0m
[2m10:44:46[0m [[32m[1minfo     [0m] [1mStarted gap plan: 246b9cef...           [0m [36mreq[0m=[35mf24bf4d0[0m
[2m10:44:46[0m [[32m[1minfo     [0m] [1mExecuting gap plan: 246b9cef..., total_gaps=1, cycle=1[0m [36mreq[0m=[35mf24bf4d0[0m
[2m10:44:46[0m [[32m[1minfo     [0m] [1mProcessing gap: 8cd18892... type=missing_skill, capability=connect to PostgreSQL database, severity=critical[0m [36mreq[0m=[35mf24bf4d0[0m
[2m10:44:46[0m [[32m[1minfo     [0m] [1mStrategy proposed for connect to PostgreSQL database: direct (confidence=0.5)[0m [36mreq[0m=[35mf24bf4d0[0m
[2m10:44:46[0m [[32m[1minfo     [0m] [1mBuilding capability: gap_type=missing_skill, severity=critical, attempt=1, approach=direct[0m [36mreq[0m=[35mf24bf4d0[0m
[2m10:44:46[0m [[32m[1minfo     [0m] [1mUsing Skill Team for capability: connect to PostgreSQL database[0m [36mreq[0m=[35mf24bf4d0[0m
[2m10:44:46[0m [[32m[1minfo     [0m] [1mStarting team-based skill development for: connect to PostgreSQL database[0m [36mreq[0m=[35mf24bf4d0[0m
[2m10:44:46[0m [[32m[1minfo     [0m] [1mFound 10 previous failures to learn from[0m [36mreq[0m=[35mf24bf4d0[0m
[2m10:44:46[0m [[32m[1minfo     [0m] [1mResearching capability: connect to PostgreSQL database[0m [36mreq[0m=[35mf24bf4d0[0m
[2m10:44:46[0m [[32m[1minfo     [0m] [1mUsing cached research for: connect to PostgreSQL database[0m [36mreq[0m=[35mf24bf4d0[0m
[2m10:44:46[0m [[32m[1minfo     [0m] [1mResearch complete: 0 packages found     [0m [36mreq[0m=[35mf24bf4d0[0m
[2m10:44:49[0m [[32m[1minfo     [0m] [1mArchitecture complete: 2 test cases defined[0m [36mreq[0m=[35mf24bf4d0[0m
[2m10:44:49[0m [[32m[1minfo     [0m] [1mDocker client connected successfully    [0m [36mreq[0m=[35mf24bf4d0[0m
[2m10:44:49[0m [[32m[1minfo     [0m] [1mSession container created: 40386e9d9fb6 [0m [36mreq[0m=[35mf24bf4d0[0m
[2m10:44:49[0m [[32m[1minfo     [0m] [1mInstalling system packages: libpq-dev   [0m [36mreq[0m=[35mf24bf4d0[0m
[2m10:44:51[0m [[32m[1minfo     [0m] [1mGetting challenge status: id=36689215-238b-4275-a4e6-d4bd38cafcc0[0m [36mreq[0m=[35mf2924ddb[0m
[2m10:44:51[0m [[32m[1minfo     [0m] [1mrequest_finished                        [0m [36mduration[0m=[35m0.011[0m [36mmethod[0m=[35mGET[0m [36mpath[0m=[35m/api/v1/challenges/36689215-238b-4275-a4e6-d4bd38cafcc0[0m [36mreq[0m=[35mf2924ddb[0m [36mrequest_id[0m=[35mf2924ddb-15df-4049-bd0a-2aa611f07e81[0m [36mstatus[0m=[35m200[0m
[2m10:44:55[0m [[32m[1minfo     [0m] [1mSystem packages installed successfully: libpq-dev[0m [36mreq[0m=[35mf24bf4d0[0m
[2m10:44:55[0m [[32m[1minfo     [0m] [1mInstalling pip packages: "psycopg[binary]>=3.1.0"[0m [36mreq[0m=[35mf24bf4d0[0m
[2m10:44:56[0m [[32m[1minfo     [0m] [1mGetting challenge status: id=36689215-238b-4275-a4e6-d4bd38cafcc0[0m [36mreq[0m=[35m08a15e03[0m
[2m10:44:56[0m [[32m[1minfo     [0m] [1mrequest_finished                        [0m [36mduration[0m=[35m0.007[0m [36mmethod[0m=[35mGET[0m [36mpath[0m=[35m/api/v1/challenges/36689215-238b-4275-a4e6-d4bd38cafcc0[0m [36mreq[0m=[35m08a15e03[0m [36mrequest_id[0m=[35m08a15e03-a259-4efd-8a67-a2c270e2dcaf[0m [36mstatus[0m=[35m200[0m
[2m10:44:57[0m [[32m[1minfo     [0m] [1mPip packages installed successfully     [0m [36mreq[0m=[35mf24bf4d0[0m
[2m10:44:57[0m [[32m[1minfo     [0m] [1mImplementation iteration 1/10           [0m [36mreq[0m=[35mf24bf4d0[0m
[2m10:44:59[0m [[33m[1mwarning  [0m] [1mCode execution failed (exit=1): Testing with input: {'db_url': 'postgresql://invalid:invalid@localhost:5432/db', 'query': 'SELECT 1'}
Result: {'success': False, 'error': 'Database connection error: connection failed: connection to server at "127.0.0.1", port 5432 failed: Connection refused\n\tIs the server running on that host and accepting TCP/IP connections?\nMultiple connection attempts failed. All failures were:\n- host: \'localhost\', port: \'5432\', hostaddr: \'::1\': connection failed: connection to server at "::1", por[0m [36mreq[0m=[35mf24bf4d0[0m
[2m10:44:59[0m [[32m[1minfo     [0m] [1mRecorded build attempt: capability=connect to PostgreSQL database, success=False, error_type=ErrorType.RUNTIME_ERROR[0m [36mreq[0m=[35mf24bf4d0[0m
[2m10:45:00[0m [[32m[1minfo     [0m] [1mDebug [LOGIC_ERROR]: produced fixed code (1713 chars)[0m [36mreq[0m=[35mf24bf4d0[0m
[2m10:45:00[0m [[32m[1minfo     [0m] [1mImplementation iteration 2/10           [0m [36mreq[0m=[35mf24bf4d0[0m
[2m10:45:01[0m [[32m[1minfo     [0m] [1mGetting challenge status: id=36689215-238b-4275-a4e6-d4bd38cafcc0[0m [36mreq[0m=[35m867a5a0e[0m
[2m10:45:01[0m [[32m[1minfo     [0m] [1mrequest_finished                        [0m [36mduration[0m=[35m0.008[0m [36mmethod[0m=[35mGET[0m [36mpath[0m=[35m/api/v1/challenges/36689215-238b-4275-a4e6-d4bd38cafcc0[0m [36mreq[0m=[35m867a5a0e[0m [36mrequest_id[0m=[35m867a5a0e-db2c-4142-8568-ab0e52aabd08[0m [36mstatus[0m=[35m200[0m
[2m10:45:02[0m [[33m[1mwarning  [0m] [1mCode execution failed (exit=1): Testing with input: {'db_url': 'postgresql://invalid:invalid@localhost:5432/db', 'query': 'SELECT 1'}
Result: {'success': False, 'error': 'Database connection error: connection failed: connection to server at "127.0.0.1", port 5432 failed: Connection refused\n\tIs the server running on that host and accepting TCP/IP connections?\nMultiple connection attempts failed. All failures were:\n- host: \'localhost\', port: \'5432\', hostaddr: \'::1\': connection failed: connection to server at "::1", por[0m [36mreq[0m=[35mf24bf4d0[0m
[2m10:45:02[0m [[32m[1minfo     [0m] [1mRecorded build attempt: capability=connect to PostgreSQL database, success=False, error_type=ErrorType.RUNTIME_ERROR[0m [36mreq[0m=[35mf24bf4d0[0m
[2m10:45:04[0m [[32m[1minfo     [0m] [1mDebug [LOGIC_ERROR]: produced fixed code (1871 chars)[0m [36mreq[0m=[35mf24bf4d0[0m
[2m10:45:04[0m [[32m[1minfo     [0m] [1mImplementation iteration 3/10           [0m [36mreq[0m=[35mf24bf4d0[0m
[2m10:45:06[0m [[32m[1minfo     [0m] [1mGetting challenge status: id=36689215-238b-4275-a4e6-d4bd38cafcc0[0m [36mreq[0m=[35m4b45adf1[0m
[2m10:45:06[0m [[32m[1minfo     [0m] [1mrequest_finished                        [0m [36mduration[0m=[35m0.018[0m [36mmethod[0m=[35mGET[0m [36mpath[0m=[35m/api/v1/challenges/36689215-238b-4275-a4e6-d4bd38cafcc0[0m [36mreq[0m=[35m4b45adf1[0m [36mrequest_id[0m=[35m4b45adf1-cbc3-4d94-aea2-4d55fa65ea31[0m [36mstatus[0m=[35m200[0m
[2m10:45:06[0m [[33m[1mwarning  [0m] [1mCode execution failed (exit=1): Testing with input: {'db_url': 'postgresql://invalid:invalid@localhost:5432/db', 'query': 'SELECT 1'}
Result: {'success': False, 'error': 'Database connection error: connection failed: connection to server at "127.0.0.1", port 5432 failed: Connection refused\n\tIs the server running on that host and accepting TCP/IP connections?\nMultiple connection attempts failed. All failures were:\n- host: \'localhost\', port: \'5432\', hostaddr: \'::1\': connection failed: connection to server at "::1", por[0m [36mreq[0m=[35mf24bf4d0[0m
[2m10:45:06[0m [[32m[1minfo     [0m] [1mRecorded build attempt: capability=connect to PostgreSQL database, success=False, error_type=ErrorType.RUNTIME_ERROR[0m [36mreq[0m=[35mf24bf4d0[0m
[2m10:45:09[0m [[32m[1minfo     [0m] [1mDebug [LOGIC_ERROR]: produced fixed code (1585 chars)[0m [36mreq[0m=[35mf24bf4d0[0m
[2m10:45:09[0m [[32m[1minfo     [0m] [1mImplementation iteration 4/10           [0m [36mreq[0m=[35mf24bf4d0[0m
[2m10:45:11[0m [[32m[1minfo     [0m] [1mGetting challenge status: id=36689215-238b-4275-a4e6-d4bd38cafcc0[0m [36mreq[0m=[35m031c34d4[0m
[2m10:45:11[0m [[32m[1minfo     [0m] [1mrequest_finished                        [0m [36mduration[0m=[35m0.004[0m [36mmethod[0m=[35mGET[0m [36mpath[0m=[35m/api/v1/challenges/36689215-238b-4275-a4e6-d4bd38cafcc0[0m [36mreq[0m=[35m031c34d4[0m [36mrequest_id[0m=[35m031c34d4-9b0d-4c1a-8dc0-1e7476dd0fde[0m [36mstatus[0m=[35m200[0m
[2m10:45:11[0m [[33m[1mwarning  [0m] [1mCode execution failed (exit=1): Testing with input: {'db_url': 'postgresql://invalid:invalid@localhost:5432/db', 'query': 'SELECT 1'}
Result: {'success': False, 'error': 'Database connection error: connection failed: connection to server at "127.0.0.1", port 5432 failed: Connection refused\n\tIs the server running on that host and accepting TCP/IP connections?\nMultiple connection attempts failed. All failures were:\n- host: \'localhost\', port: \'5432\', hostaddr: \'::1\': connection failed: connection to server at "::1", por[0m [36mreq[0m=[35mf24bf4d0[0m
[2m10:45:11[0m [[32m[1minfo     [0m] [1mRecorded build attempt: capability=connect to PostgreSQL database, success=False, error_type=ErrorType.RUNTIME_ERROR[0m [36mreq[0m=[35mf24bf4d0[0m
[2m10:45:13[0m [[32m[1minfo     [0m] [1mDebug [LOGIC_ERROR]: produced fixed code (1853 chars)[0m [36mreq[0m=[35mf24bf4d0[0m
[2m10:45:13[0m [[32m[1minfo     [0m] [1mImplementation iteration 5/10           [0m [36mreq[0m=[35mf24bf4d0[0m
[2m10:45:15[0m [[33m[1mwarning  [0m] [1mCode execution failed (exit=1): Testing with input: {'db_url': 'postgresql://invalid:invalid@localhost:5432/db', 'query': 'SELECT 1'}
Result: {'success': False, 'error': 'Database connection error: connection failed: connection to server at "127.0.0.1", port 5432 failed: Connection refused\n\tIs the server running on that host and accepting TCP/IP connections?\nMultiple connection attempts failed. All failures were:\n- host: \'localhost\', port: \'5432\', hostaddr: \'::1\': connection failed: connection to server at "::1", por[0m [36mreq[0m=[35mf24bf4d0[0m
[2m10:45:15[0m [[32m[1minfo     [0m] [1mRecorded build attempt: capability=connect to PostgreSQL database, success=False, error_type=ErrorType.RUNTIME_ERROR[0m [36mreq[0m=[35mf24bf4d0[0m
[2m10:45:16[0m [[32m[1minfo     [0m] [1mGetting challenge status: id=36689215-238b-4275-a4e6-d4bd38cafcc0[0m [36mreq[0m=[35m8cd68b51[0m
[2m10:45:16[0m [[32m[1minfo     [0m] [1mrequest_finished                        [0m [36mduration[0m=[35m0.007[0m [36mmethod[0m=[35mGET[0m [36mpath[0m=[35m/api/v1/challenges/36689215-238b-4275-a4e6-d4bd38cafcc0[0m [36mreq[0m=[35m8cd68b51[0m [36mrequest_id[0m=[35m8cd68b51-8f72-4656-b98b-472e837527ba[0m [36mstatus[0m=[35m200[0m
[2m10:45:16[0m [[32m[1minfo     [0m] [1mDebug [LOGIC_ERROR]: produced fixed code (1591 chars)[0m [36mreq[0m=[35mf24bf4d0[0m
[2m10:45:16[0m [[32m[1minfo     [0m] [1mImplementation iteration 6/10           [0m [36mreq[0m=[35mf24bf4d0[0m
[2m10:45:19[0m [[33m[1mwarning  [0m] [1mCode execution failed (exit=1): Testing with input: {'db_url': 'postgresql://invalid:invalid@localhost:5432/db', 'query': 'SELECT 1'}
Result: {'success': False, 'error': 'Database connection error: connection failed: connection to server at "127.0.0.1", port 5432 failed: Connection refused\n\tIs the server running on that host and accepting TCP/IP connections?\nMultiple connection attempts failed. All failures were:\n- host: \'localhost\', port: \'5432\', hostaddr: \'::1\': connection failed: connection to server at "::1", por[0m [36mreq[0m=[35mf24bf4d0[0m
[2m10:45:19[0m [[32m[1minfo     [0m] [1mRecorded build attempt: capability=connect to PostgreSQL database, success=False, error_type=ErrorType.RUNTIME_ERROR[0m [36mreq[0m=[35mf24bf4d0[0m
[2m10:45:21[0m [[32m[1minfo     [0m] [1mDebug [LOGIC_ERROR]: produced fixed code (1835 chars)[0m [36mreq[0m=[35mf24bf4d0[0m
[2m10:45:21[0m [[32m[1minfo     [0m] [1mImplementation iteration 7/10           [0m [36mreq[0m=[35mf24bf4d0[0m
[2m10:45:21[0m [[32m[1minfo     [0m] [1mGetting challenge status: id=36689215-238b-4275-a4e6-d4bd38cafcc0[0m [36mreq[0m=[35m6f0893f9[0m
[2m10:45:21[0m [[32m[1minfo     [0m] [1mrequest_finished                        [0m [36mduration[0m=[35m0.004[0m [36mmethod[0m=[35mGET[0m [36mpath[0m=[35m/api/v1/challenges/36689215-238b-4275-a4e6-d4bd38cafcc0[0m [36mreq[0m=[35m6f0893f9[0m [36mrequest_id[0m=[35m6f0893f9-124c-48b2-bc5c-57f4916d594d[0m [36mstatus[0m=[35m200[0m
[2m10:45:24[0m [[33m[1mwarning  [0m] [1mCode execution failed (exit=1): Testing with input: {'db_url': 'postgresql://invalid:invalid@localhost:5432/db', 'query': 'SELECT 1'}
Result: {'success': False, 'error': 'Database connection error: connection failed: connection to server at "127.0.0.1", port 5432 failed: Connection refused\n\tIs the server running on that host and accepting TCP/IP connections?\nMultiple connection attempts failed. All failures were:\n- host: \'localhost\', port: \'5432\', hostaddr: \'::1\': connection failed: connection to server at "::1", por[0m [36mreq[0m=[35mf24bf4d0[0m
[2m10:45:24[0m [[32m[1minfo     [0m] [1mRecorded build attempt: capability=connect to PostgreSQL database, success=False, error_type=ErrorType.RUNTIME_ERROR[0m [36mreq[0m=[35mf24bf4d0[0m
[2m10:45:26[0m [[32m[1minfo     [0m] [1mGetting challenge status: id=36689215-238b-4275-a4e6-d4bd38cafcc0[0m [36mreq[0m=[35mbccfb010[0m
[2m10:45:26[0m [[32m[1minfo     [0m] [1mrequest_finished                        [0m [36mduration[0m=[35m0.003[0m [36mmethod[0m=[35mGET[0m [36mpath[0m=[35m/api/v1/challenges/36689215-238b-4275-a4e6-d4bd38cafcc0[0m [36mreq[0m=[35mbccfb010[0m [36mrequest_id[0m=[35mbccfb010-df3e-4996-861b-6bda25cb1715[0m [36mstatus[0m=[35m200[0m
[2m10:45:26[0m [[32m[1minfo     [0m] [1mDebug [LOGIC_ERROR]: produced fixed code (1532 chars)[0m [36mreq[0m=[35mf24bf4d0[0m
[2m10:45:26[0m [[32m[1minfo     [0m] [1mImplementation iteration 8/10           [0m [36mreq[0m=[35mf24bf4d0[0m
[2m10:45:28[0m [[33m[1mwarning  [0m] [1mCode execution failed (exit=1): Testing with input: {'db_url': 'postgresql://invalid:invalid@localhost:5432/db', 'query': 'SELECT 1'}
Result: {'success': False, 'error': 'Database connection error: connection failed: connection to server at "127.0.0.1", port 5432 failed: Connection refused\n\tIs the server running on that host and accepting TCP/IP connections?\nMultiple connection attempts failed. All failures were:\n- host: \'localhost\', port: \'5432\', hostaddr: \'::1\': connection failed: connection to server at "::1", por[0m [36mreq[0m=[35mf24bf4d0[0m
[2m10:45:28[0m [[32m[1minfo     [0m] [1mRecorded build attempt: capability=connect to PostgreSQL database, success=False, error_type=ErrorType.RUNTIME_ERROR[0m [36mreq[0m=[35mf24bf4d0[0m
[2m10:45:30[0m [[32m[1minfo     [0m] [1mDebug [LOGIC_ERROR]: produced fixed code (1559 chars)[0m [36mreq[0m=[35mf24bf4d0[0m
[2m10:45:30[0m [[32m[1minfo     [0m] [1mImplementation iteration 9/10           [0m [36mreq[0m=[35mf24bf4d0[0m
[2m10:45:31[0m [[32m[1minfo     [0m] [1mGetting challenge status: id=36689215-238b-4275-a4e6-d4bd38cafcc0[0m [36mreq[0m=[35m706b153c[0m
[2m10:45:31[0m [[32m[1minfo     [0m] [1mrequest_finished                        [0m [36mduration[0m=[35m0.005[0m [36mmethod[0m=[35mGET[0m [36mpath[0m=[35m/api/v1/challenges/36689215-238b-4275-a4e6-d4bd38cafcc0[0m [36mreq[0m=[35m706b153c[0m [36mrequest_id[0m=[35m706b153c-ca9d-439e-8c25-b654f3723e07[0m [36mstatus[0m=[35m200[0m
[2m10:45:32[0m [[33m[1mwarning  [0m] [1mCode execution failed (exit=1): Testing with input: {'db_url': 'postgresql://invalid:invalid@localhost:5432/db', 'query': 'SELECT 1'}
Result: {'success': False, 'error': 'Database connection error: connection failed: connection to server at "127.0.0.1", port 5432 failed: Connection refused\n\tIs the server running on that host and accepting TCP/IP connections?\nMultiple connection attempts failed. All failures were:\n- host: \'localhost\', port: \'5432\', hostaddr: \'::1\': connection failed: connection to server at "::1", por[0m [36mreq[0m=[35mf24bf4d0[0m
[2m10:45:32[0m [[32m[1minfo     [0m] [1mRecorded build attempt: capability=connect to PostgreSQL database, success=False, error_type=ErrorType.RUNTIME_ERROR[0m [36mreq[0m=[35mf24bf4d0[0m
[2m10:45:34[0m [[32m[1minfo     [0m] [1mDebug [LOGIC_ERROR]: produced fixed code (1681 chars)[0m [36mreq[0m=[35mf24bf4d0[0m
[2m10:45:34[0m [[32m[1minfo     [0m] [1mImplementation iteration 10/10          [0m [36mreq[0m=[35mf24bf4d0[0m
[2m10:45:36[0m [[32m[1minfo     [0m] [1mGetting challenge status: id=36689215-238b-4275-a4e6-d4bd38cafcc0[0m [36mreq[0m=[35m9f6f4dc6[0m
[2m10:45:36[0m [[32m[1minfo     [0m] [1mrequest_finished                        [0m [36mduration[0m=[35m0.007[0m [36mmethod[0m=[35mGET[0m [36mpath[0m=[35m/api/v1/challenges/36689215-238b-4275-a4e6-d4bd38cafcc0[0m [36mreq[0m=[35m9f6f4dc6[0m [36mrequest_id[0m=[35m9f6f4dc6-dc07-4f9e-821b-b48bedff1e58[0m [36mstatus[0m=[35m200[0m
[2m10:45:36[0m [[33m[1mwarning  [0m] [1mCode execution failed (exit=1): Testing with input: {'db_url': 'postgresql://invalid:invalid@localhost:5432/db', 'query': 'SELECT 1'}
Result: {'success': False, 'error': 'Database connection error: connection failed: connection to server at "127.0.0.1", port 5432 failed: Connection refused\n\tIs the server running on that host and accepting TCP/IP connections?\nMultiple connection attempts failed. All failures were:\n- host: \'localhost\', port: \'5432\', hostaddr: \'::1\': connection failed: connection to server at "::1", por[0m [36mreq[0m=[35mf24bf4d0[0m
[2m10:45:36[0m [[32m[1minfo     [0m] [1mRecorded build attempt: capability=connect to PostgreSQL database, success=False, error_type=ErrorType.RUNTIME_ERROR[0m [36mreq[0m=[35mf24bf4d0[0m
[2m10:45:38[0m [[32m[1minfo     [0m] [1mDebug [LOGIC_ERROR]: produced fixed code (1639 chars)[0m [36mreq[0m=[35mf24bf4d0[0m
[2m10:45:41[0m [[32m[1minfo     [0m] [1mGetting challenge status: id=36689215-238b-4275-a4e6-d4bd38cafcc0[0m [36mreq[0m=[35m20742b73[0m
[2m10:45:41[0m [[32m[1minfo     [0m] [1mrequest_finished                        [0m [36mduration[0m=[35m0.006[0m [36mmethod[0m=[35mGET[0m [36mpath[0m=[35m/api/v1/challenges/36689215-238b-4275-a4e6-d4bd38cafcc0[0m [36mreq[0m=[35m20742b73[0m [36mrequest_id[0m=[35m20742b73-ef9d-4007-8384-83a66b8b6c97[0m [36mstatus[0m=[35m200[0m
[2m10:45:43[0m [[33m[1mwarning  [0m] [1mSkill Team failed: phase=TeamRole.IMPLEMENTER, reason=Implementation failed after max iterations[0m [36mreq[0m=[35mf24bf4d0[0m
[2m10:45:43[0m [[32m[1minfo     [0m] [1mRecorded build attempt: capability=connect to PostgreSQL database, success=False, error_type=ErrorType.RUNTIME_ERROR[0m [36mreq[0m=[35mf24bf4d0[0m
[2m10:45:43[0m [[33m[1mwarning  [0m] [1mGap build failed: 8cd18892... - Implementation failed after max iterations[0m [36mreq[0m=[35mf24bf4d0[0m
[2m10:45:43[0m [[32m[1minfo     [0m] [1mAll gaps processed for plan 246b9cef... [0m [36mreq[0m=[35mf24bf4d0[0m
[2m10:45:43[0m [[32m[1minfo     [0m] [1mCompleted gap plan: 246b9cef..., status=partial, completed=0, failed=1[0m [36mreq[0m=[35mf24bf4d0[0m
[2m10:45:43[0m [[32m[1minfo     [0m] [1mGap plan execution finished: 246b9cef..., completed=0, failed=1, artifacts=0[0m [36mreq[0m=[35mf24bf4d0[0m
[2m10:45:43[0m [[32m[1minfo     [0m] [1mVerifying gap closure after cycle 1, built 0 capabilities[0m [36mreq[0m=[35mf24bf4d0[0m
[2m10:45:44[0m [[32m[1minfo     [0m] [1mGap OPEN: 'connect to PostgreSQL database'[0m [36mreq[0m=[35mf24bf4d0[0m
[2m10:45:44[0m [[32m[1minfo     [0m] [1mPlan verification complete: 246b9cef..., closed=0/1, all_closed=False[0m [36mreq[0m=[35mf24bf4d0[0m
[2m10:45:44[0m [[32m[1minfo     [0m] [1mVerification result: closed=0/1, all_closed=False[0m [36mreq[0m=[35mf24bf4d0[0m
[2m10:45:44[0m [[32m[1minfo     [0m] [1mCreated gap plan: id=2b9827d0..., challenge=36689215..., gaps=1, cycle=2[0m [36mreq[0m=[35mf24bf4d0[0m
[2m10:45:44[0m [[32m[1minfo     [0m] [1mCreated new cycle 2 with 1 REMAINING gaps (not new ones!) for challenge 36689215...[0m [36mreq[0m=[35mf24bf4d0[0m
[2m10:45:44[0m [[33m[1mwarning  [0m] [1mCapability building failed: 36689215-238b-4275-a4e6-d4bd38cafcc0, decision=new_cycle[0m [36mreq[0m=[35mf24bf4d0[0m
[2m10:45:46[0m [[32m[1minfo     [0m] [1mGetting challenge status: id=36689215-238b-4275-a4e6-d4bd38cafcc0[0m [36mreq[0m=[35mf00b796c[0m
[2m10:45:46[0m [[32m[1minfo     [0m] [1mrequest_finished                        [0m [36mduration[0m=[35m0.007[0m [36mmethod[0m=[35mGET[0m [36mpath[0m=[35m/api/v1/challenges/36689215-238b-4275-a4e6-d4bd38cafcc0[0m [36mreq[0m=[35mf00b796c[0m [36mrequest_id[0m=[35mf00b796c-24ae-461c-98af-42526ecd2ee9[0m [36mstatus[0m=[35m200[0m
[2m10:45:46[0m [[32m[1minfo     [0m] [1mDirect challenge analysis: execution_id=583d9f48-f69a-476d-8b08-60ed3f122471[0m [36mreq[0m=[35m2b10fc12[0m
[2m10:45:46[0m [[32m[1minfo     [0m] [1mPre-execution analysis starting for execution 583d9f48-f69a-476d-8b08-60ed3f122471[0m [36mreq[0m=[35m2b10fc12[0m
[2m10:45:46[0m [[32m[1minfo     [0m] [1mAnalyzing challenge for execution 583d9f48-f69a-476d-8b08-60ed3f122471[0m [36mreq[0m=[35m2b10fc12[0m
[2m10:45:46[0m [[32m[1minfo     [0m] [1mLoading topology from database...       [0m [36mreq[0m=[35m2b10fc12[0m
[2m10:45:46[0m [[32m[1minfo     [0m] [1mMapped 8 skill entries to 8 capabilities[0m [36mreq[0m=[35m2b10fc12[0m
[2m10:45:46[0m [[32m[1minfo     [0m] [1mTopology validated: 11 agents in 5 waves[0m [36mreq[0m=[35m2b10fc12[0m
[2m10:45:46[0m [[32m[1minfo     [0m] [1mLoaded 8 skills for topology            [0m [36mreq[0m=[35m2b10fc12[0m
[2m10:45:46[0m [[32m[1minfo     [0m] [1mTopology loaded: 11 agents, 5 waves     [0m [36mreq[0m=[35m2b10fc12[0m
[2m10:45:46[0m [[32m[1minfo     [0m] [1mSkill 'skill_write_a_formal_daily_construction_report' provides applicability: 'This skill should be selected when you need to generate and save a formal, text-based daily construction progress report. It requires the site name and progress summary as input to produce a timestamped file in a specified directory.'[0m [36mreq[0m=[35m2b10fc12[0m
[2m10:45:46[0m [[32m[1minfo     [0m] [1mSkill 'skill_create_a_final_pdf_or_text_based_report_of_the_pouring_protocol' provides applicability: 'Select this skill when you need to generate a formal, documented record of a completed pouring protocol in either PDF or text format. It should be used once all protocol data—including the ID, operator, timestamp, and step list—has been finalized and validated.'[0m [36mreq[0m=[35m2b10fc12[0m
[2m10:45:46[0m [[32m[1minfo     [0m] [1mSkill 'skill_define_technical_migration_and_api_integration_roadmap' provides applicability: 'Select this skill when planning the transition from a legacy system to a new API architecture to generate a structured implementation roadmap and validation plan based on a chosen migration strategy (strangler fig, big bang, or dual-write).'[0m [36mreq[0m=[35m2b10fc12[0m
[2m10:45:46[0m [[32m[1minfo     [0m] [1mSkill 'skill_audio_transcription' provides applicability: 'audio transcription'[0m [36mreq[0m=[35m2b10fc12[0m
[2m10:45:46[0m [[32m[1minfo     [0m] [1mSkill 'skill_calculate_financial_impact_and_transaction_statistics' provides applicability: 'Select this skill when you need to derive aggregate financial metrics, such as total volume, averages, and category-specific impacts, from a structured list of transaction records. It is best utilized when transaction amounts require normalization from mixed string or numeric formats into a consistent float representation.'[0m [36mreq[0m=[35m2b10fc12[0m
[2m10:45:46[0m [[32m[1minfo     [0m] [1mSkill 'skill_calculate_budget_impact_of_proposed_cost_saving_measures' provides applicability: 'Select this skill when you need to determine the financial effect of multiple cost-saving initiatives on an existing budget. It should be used when you have a defined current budget and a list of specific proposed savings amounts to calculate the new budget total and the overall percentage reduction.'[0m [36mreq[0m=[35m2b10fc12[0m
[2m10:45:46[0m [[32m[1minfo     [0m] [1mSkill 'skill_generate_a_risk_matrix_visualization_or_summary_table' provides applicability: 'Select this skill when you need to visualize or summarize a list of risks by plotting their likelihood and impact scores on a 5x5 matrix. It should be used when your input data contains structured risk entries with defined numerical likelihood and impact values.'[0m [36mreq[0m=[35m2b10fc12[0m
[2m10:45:46[0m [[32m[1minfo     [0m] [1mSkill 'skill_evaluate_technical_risks_of_custom_abap_code_and_interface_dependencies' provides applicability: 'This skill should be selected when assessing the technical debt or stability risks of an SAP environment by identifying high-complexity custom ABAP objects and critical integration hubs. It is best applied during system audits or migration planning to prioritize objects requiring refactoring or rigorous testing based on their weighted risk scores and dependency density.'[0m [36mreq[0m=[35m2b10fc12[0m
[2m10:45:46[0m [[32m[1minfo     [0m] [1mExtracted 8 capabilities from 8 active skills[0m [36mreq[0m=[35m2b10fc12[0m
[2m10:45:46[0m [[32m[1minfo     [0m] [1mPrompt 'report_generator_prompt' provides affected_capability: 'structure inspection findings into a formal report format'[0m [36mreq[0m=[35m2b10fc12[0m
[2m10:45:46[0m [[32m[1minfo     [0m] [1mPrompt 'prompt_generate_professional_business_correspondence' provides affected_capability: 'generate professional business correspondence'[0m [36mreq[0m=[35m2b10fc12[0m
[2m10:45:46[0m [[32m[1minfo     [0m] [1mPrompt 'transcript_analyzer_prompt' provides affected_capability: 'analyze meeting transcript'[0m [36mreq[0m=[35m2b10fc12[0m
[2m10:45:46[0m [[32m[1minfo     [0m] [1mPrompt 'prompt_analyze_construction_site_personnel_data' provides affected_capability: 'analyze construction site personnel data'[0m [36mreq[0m=[35m2b10fc12[0m
[2m10:45:46[0m [[32m[1minfo     [0m] [1mPrompt 'prompt_generate_a_structured_change_order_document_for_the_client' provides affected_capability: 'generate a structured change order document for the client'[0m [36mreq[0m=[35m2b10fc12[0m
[2m10:45:46[0m [[32m[1minfo     [0m] [1mPrompt 'prompt_structure_cost_breakdown_for_project_management' provides affected_capability: 'structure cost breakdown for project management'[0m [36mreq[0m=[35m2b10fc12[0m
[2m10:45:46[0m [[32m[1minfo     [0m] [1mPrompt 'report_finalizer_prompt' provides affected_capability: 'generate a formal network disruption report document'[0m [36mreq[0m=[35m2b10fc12[0m
[2m10:45:46[0m [[32m[1minfo     [0m] [1mPrompt 'prompt_analyze_incident_and_change_logs' provides affected_capability: 'analyze incident and change logs'[0m [36mreq[0m=[35m2b10fc12[0m
[2m10:45:46[0m [[32m[1minfo     [0m] [1mExtracted 8 capabilities from 8 active prompts[0m [36mreq[0m=[35m2b10fc12[0m
[2m10:45:48[0m [[32m[1minfo     [0m] [1mLLM extracted 6 capabilities: 3 execution, 3 knowledge[0m [36mreq[0m=[35m2b10fc12[0m
[2m10:45:48[0m [[32m[1minfo     [0m] [1mExtracted 6 required capabilities       [0m [36mreq[0m=[35m2b10fc12[0m
[2m10:45:51[0m [[32m[1minfo     [0m] [1mAssessment complete: MAYBE (3 gaps, 3 suggestions)[0m [36mreq[0m=[35m2b10fc12[0m
[2m10:45:51[0m [[32m[1minfo     [0m] [1mASSESSMENT_LOG execution_id=583d9f48-f69a-476d-8b08-60ed3f122471 confidence=MAYBE gaps=3 route=developer_team duration_ms=5195[0m [36mreq[0m=[35m2b10fc12[0m
[2m10:45:51[0m [[32m[1minfo     [0m] [1mPre-execution analysis complete: MAYBE -> route: developer_team[0m [36mreq[0m=[35m2b10fc12[0m
[2m10:45:51[0m [[32m[1minfo     [0m] [1mOrchestrator analysis complete: confidence=MAYBE, route=developer_team[0m [36mreq[0m=[35m2b10fc12[0m
[2m10:45:51[0m [[32m[1minfo     [0m] [1m0 gaps already satisfied, 3 remaining   [0m [36mreq[0m=[35m2b10fc12[0m
[2m10:45:51[0m [[32m[1minfo     [0m] [1mGenerated build plan for challenge 94817e90-d48d-4e77-906b-8d929a5f02ca: 3 items, 1 critical[0m [36mreq[0m=[35m2b10fc12[0m
[2m10:45:51[0m [[32m[1minfo     [0m] [1mrequest_finished                        [0m [36mduration[0m=[35m5.359[0m [36mmethod[0m=[35mPOST[0m [36mpath[0m=[35m/api/v1/challenges/analyze[0m [36mreq[0m=[35m2b10fc12[0m [36mrequest_id[0m=[35m2b10fc12-924e-4324-8723-1d5850c95e9b[0m [36mstatus[0m=[35m200[0m
[2m10:45:51[0m [[32m[1minfo     [0m] [1mStarting capability building: challenge_id=94817e90-d48d-4e77-906b-8d929a5f02ca[0m [36mreq[0m=[35m2b10fc12[0m
[2m10:45:51[0m [[32m[1minfo     [0m] [1mLoading topology from database...       [0m [36mreq[0m=[35m2b10fc12[0m
[2m10:45:51[0m [[32m[1minfo     [0m] [1mMapped 8 skill entries to 8 capabilities[0m [36mreq[0m=[35m2b10fc12[0m
[2m10:45:51[0m [[32m[1minfo     [0m] [1mTopology validated: 11 agents in 5 waves[0m [36mreq[0m=[35m2b10fc12[0m
[2m10:45:51[0m [[32m[1minfo     [0m] [1mLoaded 8 skills for topology            [0m [36mreq[0m=[35m2b10fc12[0m
[2m10:45:51[0m [[32m[1minfo     [0m] [1mTopology loaded: 11 agents, 5 waves     [0m [36mreq[0m=[35m2b10fc12[0m
[2m10:45:51[0m [[32m[1minfo     [0m] [1mRuntimeAgentRegistry initialized with max_concurrent=5[0m [36mreq[0m=[35m2b10fc12[0m
[2m10:45:51[0m [[32m[1minfo     [0m] [1mProcessing blocked challenge: id=94817e90..., attempt=1/5[0m [36mreq[0m=[35m2b10fc12[0m
[2m10:45:51[0m [[32m[1minfo     [0m] [1mCreated gap plan: id=212312bb..., challenge=94817e90..., gaps=3, cycle=1[0m [36mreq[0m=[35m2b10fc12[0m
[2m10:45:51[0m [[32m[1minfo     [0m] [1mCreated gap plan: 212312bb..., cycle=1, gaps=3[0m [36mreq[0m=[35m2b10fc12[0m
[2m10:45:51[0m [[32m[1minfo     [0m] [1mStarted gap plan: 212312bb...           [0m [36mreq[0m=[35m2b10fc12[0m
[2m10:45:51[0m [[32m[1minfo     [0m] [1mExecuting gap plan: 212312bb..., total_gaps=3, cycle=1[0m [36mreq[0m=[35m2b10fc12[0m
[2m10:45:51[0m [[32m[1minfo     [0m] [1mProcessing gap: dd81e843... type=missing_skill, capability=parse and import 50 CSV files into the database, severity=critical[0m [36mreq[0m=[35m2b10fc12[0m
[2m10:45:51[0m [[32m[1minfo     [0m] [1mStrategy proposed for parse and import 50 CSV files into the database: direct (confidence=0.5)[0m [36mreq[0m=[35m2b10fc12[0m
[2m10:45:51[0m [[32m[1minfo     [0m] [1mBuilding capability: gap_type=missing_skill, severity=critical, attempt=1, approach=direct[0m [36mreq[0m=[35m2b10fc12[0m
[2m10:45:51[0m [[32m[1minfo     [0m] [1mUsing Skill Team for capability: parse and import 50 CSV files into the database[0m [36mreq[0m=[35m2b10fc12[0m
[2m10:45:51[0m [[32m[1minfo     [0m] [1mStarting team-based skill development for: parse and import 50 CSV files into the database[0m [36mreq[0m=[35m2b10fc12[0m
[2m10:45:51[0m [[32m[1minfo     [0m] [1mFound 10 previous failures to learn from[0m [36mreq[0m=[35m2b10fc12[0m
[2m10:45:51[0m [[32m[1minfo     [0m] [1mResearching capability: parse and import 50 CSV files into the database[0m [36mreq[0m=[35m2b10fc12[0m
[2m10:45:51[0m [[32m[1minfo     [0m] [1mUsing cached research for: parse and import 50 CSV files into the database[0m [36mreq[0m=[35m2b10fc12[0m
[2m10:45:51[0m [[32m[1minfo     [0m] [1mResearch complete: 0 packages found     [0m [36mreq[0m=[35m2b10fc12[0m
[2m10:45:54[0m [[32m[1minfo     [0m] [1mArchitecture complete: 2 test cases defined[0m [36mreq[0m=[35m2b10fc12[0m
[2m10:45:54[0m [[32m[1minfo     [0m] [1mDocker client connected successfully    [0m [36mreq[0m=[35m2b10fc12[0m
[2m10:45:55[0m [[32m[1minfo     [0m] [1mSession container created: 3de14ea86c75 [0m [36mreq[0m=[35m2b10fc12[0m
[2m10:45:55[0m [[32m[1minfo     [0m] [1mInstalling pip packages: "pandas>=2.0.0" "sqlalchemy>=2.0.0"[0m [36mreq[0m=[35m2b10fc12[0m
[2m10:45:56[0m [[32m[1minfo     [0m] [1mGetting challenge status: id=94817e90-d48d-4e77-906b-8d929a5f02ca[0m [36mreq[0m=[35m93f75070[0m
[2m10:45:56[0m [[32m[1minfo     [0m] [1mrequest_finished                        [0m [36mduration[0m=[35m0.01[0m [36mmethod[0m=[35mGET[0m [36mpath[0m=[35m/api/v1/challenges/94817e90-d48d-4e77-906b-8d929a5f02ca[0m [36mreq[0m=[35m93f75070[0m [36mrequest_id[0m=[35m93f75070-d075-44f1-b89f-f28c12cc9a0f[0m [36mstatus[0m=[35m200[0m
[2m10:46:01[0m [[32m[1minfo     [0m] [1mGetting challenge status: id=94817e90-d48d-4e77-906b-8d929a5f02ca[0m [36mreq[0m=[35m348e78b9[0m
[2m10:46:01[0m [[32m[1minfo     [0m] [1mrequest_finished                        [0m [36mduration[0m=[35m0.052[0m [36mmethod[0m=[35mGET[0m [36mpath[0m=[35m/api/v1/challenges/94817e90-d48d-4e77-906b-8d929a5f02ca[0m [36mreq[0m=[35m348e78b9[0m [36mrequest_id[0m=[35m348e78b9-2e49-4659-8eef-c7e23eca6800[0m [36mstatus[0m=[35m200[0m
[2m10:46:05[0m [[32m[1minfo     [0m] [1mPip packages installed successfully     [0m [36mreq[0m=[35m2b10fc12[0m
[2m10:46:05[0m [[32m[1minfo     [0m] [1mImplementation iteration 1/10           [0m [36mreq[0m=[35m2b10fc12[0m
[2m10:46:06[0m [[32m[1minfo     [0m] [1mGetting challenge status: id=94817e90-d48d-4e77-906b-8d929a5f02ca[0m [36mreq[0m=[35mec1cb8be[0m
[2m10:46:06[0m [[32m[1minfo     [0m] [1mrequest_finished                        [0m [36mduration[0m=[35m0.006[0m [36mmethod[0m=[35mGET[0m [36mpath[0m=[35m/api/v1/challenges/94817e90-d48d-4e77-906b-8d929a5f02ca[0m [36mreq[0m=[35mec1cb8be[0m [36mrequest_id[0m=[35mec1cb8be-ecd6-4caa-84c3-a175a50d638a[0m [36mstatus[0m=[35m200[0m
[2m10:46:07[0m [[33m[1mwarning  [0m] [1mCode execution failed (exit=1): Testing with input: {'folder_path': '/non/existent/path', 'db_url': 'sqlite:///:memory:'}
Result: {'success': False, 'error': 'The path provided is not a valid directory: /non/existent/path'}
TEST FAILED: The path provided is not a valid directory: /non/existent/path
[0m [36mreq[0m=[35m2b10fc12[0m
[2m10:46:07[0m [[32m[1minfo     [0m] [1mRecorded build attempt: capability=parse and import 50 CSV files into the database, success=False, error_type=ErrorType.RUNTIME_ERROR[0m [36mreq[0m=[35m2b10fc12[0m
[2m10:46:09[0m [[32m[1minfo     [0m] [1mDebug [LOGIC_ERROR]: produced fixed code (1911 chars)[0m [36mreq[0m=[35m2b10fc12[0m
[2m10:46:09[0m [[32m[1minfo     [0m] [1mImplementation iteration 2/10           [0m [36mreq[0m=[35m2b10fc12[0m
[2m10:46:11[0m [[32m[1minfo     [0m] [1mGetting challenge status: id=94817e90-d48d-4e77-906b-8d929a5f02ca[0m [36mreq[0m=[35mf31e18b9[0m
[2m10:46:11[0m [[32m[1minfo     [0m] [1mrequest_finished                        [0m [36mduration[0m=[35m0.014[0m [36mmethod[0m=[35mGET[0m [36mpath[0m=[35m/api/v1/challenges/94817e90-d48d-4e77-906b-8d929a5f02ca[0m [36mreq[0m=[35mf31e18b9[0m [36mrequest_id[0m=[35mf31e18b9-4f99-49f3-9299-780c642ce229[0m [36mstatus[0m=[35m200[0m
[2m10:46:12[0m [[33m[1mwarning  [0m] [1mCode execution failed (exit=1): Testing with input: {'folder_path': '/non/existent/path', 'db_url': 'sqlite:///:memory:'}
Result: {'success': False, 'error': 'The path provided is not a valid directory: /non/existent/path'}
TEST FAILED: The path provided is not a valid directory: /non/existent/path
[0m [36mreq[0m=[35m2b10fc12[0m
[2m10:46:12[0m [[32m[1minfo     [0m] [1mRecorded build attempt: capability=parse and import 50 CSV files into the database, success=False, error_type=ErrorType.RUNTIME_ERROR[0m [36mreq[0m=[35m2b10fc12[0m
[2m10:46:13[0m [[32m[1minfo     [0m] [1mDebug [LOGIC_ERROR]: produced fixed code (1840 chars)[0m [36mreq[0m=[35m2b10fc12[0m
[2m10:46:13[0m [[32m[1minfo     [0m] [1mImplementation iteration 3/10           [0m [36mreq[0m=[35m2b10fc12[0m
[2m10:46:16[0m [[33m[1mwarning  [0m] [1mCode execution failed (exit=1): Testing with input: {'folder_path': '/non/existent/path', 'db_url': 'sqlite:///:memory:'}
Result: {'success': False, 'error': 'The path provided is not a valid directory: /non/existent/path'}
TEST FAILED: The path provided is not a valid directory: /non/existent/path
[0m [36mreq[0m=[35m2b10fc12[0m
[2m10:46:16[0m [[32m[1minfo     [0m] [1mRecorded build attempt: capability=parse and import 50 CSV files into the database, success=False, error_type=ErrorType.RUNTIME_ERROR[0m [36mreq[0m=[35m2b10fc12[0m
[2m10:46:16[0m [[32m[1minfo     [0m] [1mGetting challenge status: id=94817e90-d48d-4e77-906b-8d929a5f02ca[0m [36mreq[0m=[35mdc09c09a[0m
[2m10:46:16[0m [[32m[1minfo     [0m] [1mrequest_finished                        [0m [36mduration[0m=[35m0.009[0m [36mmethod[0m=[35mGET[0m [36mpath[0m=[35m/api/v1/challenges/94817e90-d48d-4e77-906b-8d929a5f02ca[0m [36mreq[0m=[35mdc09c09a[0m [36mrequest_id[0m=[35mdc09c09a-e928-45bf-ba47-10632879487c[0m [36mstatus[0m=[35m200[0m
[2m10:46:17[0m [[32m[1minfo     [0m] [1mDebug [LOGIC_ERROR]: produced fixed code (1855 chars)[0m [36mreq[0m=[35m2b10fc12[0m
[2m10:46:17[0m [[32m[1minfo     [0m] [1mImplementation iteration 4/10           [0m [36mreq[0m=[35m2b10fc12[0m
[2m10:46:20[0m [[33m[1mwarning  [0m] [1mCode execution failed (exit=1): Testing with input: {'folder_path': '/non/existent/path', 'db_url': 'sqlite:///:memory:'}
Result: {'success': False, 'error': 'The path provided is not a valid directory: /non/existent/path'}
TEST FAILED: The path provided is not a valid directory: /non/existent/path
[0m [36mreq[0m=[35m2b10fc12[0m
[2m10:46:20[0m [[32m[1minfo     [0m] [1mRecorded build attempt: capability=parse and import 50 CSV files into the database, success=False, error_type=ErrorType.RUNTIME_ERROR[0m [36mreq[0m=[35m2b10fc12[0m
[2m10:46:21[0m [[32m[1minfo     [0m] [1mGetting challenge status: id=94817e90-d48d-4e77-906b-8d929a5f02ca[0m [36mreq[0m=[35mf7754978[0m
[2m10:46:21[0m [[32m[1minfo     [0m] [1mrequest_finished                        [0m [36mduration[0m=[35m0.008[0m [36mmethod[0m=[35mGET[0m [36mpath[0m=[35m/api/v1/challenges/94817e90-d48d-4e77-906b-8d929a5f02ca[0m [36mreq[0m=[35mf7754978[0m [36mrequest_id[0m=[35mf7754978-67ac-45a3-bae2-cc85125b0cf7[0m [36mstatus[0m=[35m200[0m
[2m10:46:22[0m [[32m[1minfo     [0m] [1mDebug [LOGIC_ERROR]: produced fixed code (1699 chars)[0m [36mreq[0m=[35m2b10fc12[0m
[2m10:46:22[0m [[32m[1minfo     [0m] [1mImplementation iteration 5/10           [0m [36mreq[0m=[35m2b10fc12[0m
[2m10:46:24[0m [[33m[1mwarning  [0m] [1mCode execution failed (exit=1): Testing with input: {'folder_path': '/non/existent/path', 'db_url': 'sqlite:///:memory:'}
Result: {'success': False, 'error': 'The path provided is not a valid directory: /non/existent/path'}
TEST FAILED: The path provided is not a valid directory: /non/existent/path
[0m [36mreq[0m=[35m2b10fc12[0m
[2m10:46:24[0m [[32m[1minfo     [0m] [1mRecorded build attempt: capability=parse and import 50 CSV files into the database, success=False, error_type=ErrorType.RUNTIME_ERROR[0m [36mreq[0m=[35m2b10fc12[0m
[2m10:46:26[0m [[32m[1minfo     [0m] [1mDebug [LOGIC_ERROR]: produced fixed code (1935 chars)[0m [36mreq[0m=[35m2b10fc12[0m
[2m10:46:26[0m [[32m[1minfo     [0m] [1mImplementation iteration 6/10           [0m [36mreq[0m=[35m2b10fc12[0m
[2m10:46:26[0m [[32m[1minfo     [0m] [1mGetting challenge status: id=94817e90-d48d-4e77-906b-8d929a5f02ca[0m [36mreq[0m=[35m30375d93[0m
[2m10:46:26[0m [[32m[1minfo     [0m] [1mrequest_finished                        [0m [36mduration[0m=[35m0.004[0m [36mmethod[0m=[35mGET[0m [36mpath[0m=[35m/api/v1/challenges/94817e90-d48d-4e77-906b-8d929a5f02ca[0m [36mreq[0m=[35m30375d93[0m [36mrequest_id[0m=[35m30375d93-1abb-4672-9ffa-25f1f46398e3[0m [36mstatus[0m=[35m200[0m
[2m10:46:28[0m [[33m[1mwarning  [0m] [1mCode execution failed (exit=1): Testing with input: {'folder_path': '/non/existent/path', 'db_url': 'sqlite:///:memory:'}
Result: {'success': False, 'error': 'The path provided is not a valid directory: /non/existent/path'}
TEST FAILED: The path provided is not a valid directory: /non/existent/path
[0m [36mreq[0m=[35m2b10fc12[0m
[2m10:46:28[0m [[32m[1minfo     [0m] [1mRecorded build attempt: capability=parse and import 50 CSV files into the database, success=False, error_type=ErrorType.RUNTIME_ERROR[0m [36mreq[0m=[35m2b10fc12[0m
[2m10:46:30[0m [[32m[1minfo     [0m] [1mDebug [LOGIC_ERROR]: produced fixed code (1974 chars)[0m [36mreq[0m=[35m2b10fc12[0m
[2m10:46:30[0m [[32m[1minfo     [0m] [1mImplementation iteration 7/10           [0m [36mreq[0m=[35m2b10fc12[0m
[2m10:46:31[0m [[32m[1minfo     [0m] [1mGetting challenge status: id=94817e90-d48d-4e77-906b-8d929a5f02ca[0m [36mreq[0m=[35m63451aea[0m
[2m10:46:31[0m [[32m[1minfo     [0m] [1mrequest_finished                        [0m [36mduration[0m=[35m0.004[0m [36mmethod[0m=[35mGET[0m [36mpath[0m=[35m/api/v1/challenges/94817e90-d48d-4e77-906b-8d929a5f02ca[0m [36mreq[0m=[35m63451aea[0m [36mrequest_id[0m=[35m63451aea-f38e-466b-9ff3-567e909abbe4[0m [36mstatus[0m=[35m200[0m
[2m10:46:32[0m [[33m[1mwarning  [0m] [1mCode execution failed (exit=1): Testing with input: {'folder_path': '/non/existent/path', 'db_url': 'sqlite:///:memory:'}
Result: {'success': False, 'error': 'The path provided is not a valid directory: /non/existent/path'}
TEST FAILED: The path provided is not a valid directory: /non/existent/path
[0m [36mreq[0m=[35m2b10fc12[0m
[2m10:46:32[0m [[32m[1minfo     [0m] [1mRecorded build attempt: capability=parse and import 50 CSV files into the database, success=False, error_type=ErrorType.RUNTIME_ERROR[0m [36mreq[0m=[35m2b10fc12[0m
[2m10:46:34[0m [[32m[1minfo     [0m] [1mDebug [LOGIC_ERROR]: produced fixed code (1685 chars)[0m [36mreq[0m=[35m2b10fc12[0m
[2m10:46:34[0m [[32m[1minfo     [0m] [1mImplementation iteration 8/10           [0m [36mreq[0m=[35m2b10fc12[0m
[2m10:46:36[0m [[32m[1minfo     [0m] [1mGetting challenge status: id=94817e90-d48d-4e77-906b-8d929a5f02ca[0m [36mreq[0m=[35m0d3e4584[0m
[2m10:46:36[0m [[32m[1minfo     [0m] [1mrequest_finished                        [0m [36mduration[0m=[35m0.019[0m [36mmethod[0m=[35mGET[0m [36mpath[0m=[35m/api/v1/challenges/94817e90-d48d-4e77-906b-8d929a5f02ca[0m [36mreq[0m=[35m0d3e4584[0m [36mrequest_id[0m=[35m0d3e4584-5367-4182-9a07-5e049d60a935[0m [36mstatus[0m=[35m200[0m
[2m10:46:37[0m [[33m[1mwarning  [0m] [1mCode execution failed (exit=1): Testing with input: {'folder_path': '/non/existent/path', 'db_url': 'sqlite:///:memory:'}
Result: {'success': False, 'error': 'The path provided is not a valid directory: /non/existent/path'}
TEST FAILED: The path provided is not a valid directory: /non/existent/path
[0m [36mreq[0m=[35m2b10fc12[0m
[2m10:46:37[0m [[32m[1minfo     [0m] [1mRecorded build attempt: capability=parse and import 50 CSV files into the database, success=False, error_type=ErrorType.RUNTIME_ERROR[0m [36mreq[0m=[35m2b10fc12[0m
[2m10:46:38[0m [[32m[1minfo     [0m] [1mDebug [LOGIC_ERROR]: produced fixed code (1766 chars)[0m [36mreq[0m=[35m2b10fc12[0m
[2m10:46:38[0m [[32m[1minfo     [0m] [1mImplementation iteration 9/10           [0m [36mreq[0m=[35m2b10fc12[0m
[2m10:46:41[0m [[33m[1mwarning  [0m] [1mCode execution failed (exit=1): Testing with input: {'folder_path': '/non/existent/path', 'db_url': 'sqlite:///:memory:'}
Result: {'success': False, 'error': 'The path provided is not a valid directory: /non/existent/path'}
TEST FAILED: The path provided is not a valid directory: /non/existent/path
[0m [36mreq[0m=[35m2b10fc12[0m
[2m10:46:41[0m [[32m[1minfo     [0m] [1mRecorded build attempt: capability=parse and import 50 CSV files into the database, success=False, error_type=ErrorType.RUNTIME_ERROR[0m [36mreq[0m=[35m2b10fc12[0m
[2m10:46:41[0m [[32m[1minfo     [0m] [1mGetting challenge status: id=94817e90-d48d-4e77-906b-8d929a5f02ca[0m [36mreq[0m=[35m63b57d3d[0m
[2m10:46:41[0m [[32m[1minfo     [0m] [1mrequest_finished                        [0m [36mduration[0m=[35m0.005[0m [36mmethod[0m=[35mGET[0m [36mpath[0m=[35m/api/v1/challenges/94817e90-d48d-4e77-906b-8d929a5f02ca[0m [36mreq[0m=[35m63b57d3d[0m [36mrequest_id[0m=[35m63b57d3d-6d8e-4928-8ce1-5f8690d519f7[0m [36mstatus[0m=[35m200[0m
[2m10:46:43[0m [[32m[1minfo     [0m] [1mDebug [LOGIC_ERROR]: produced fixed code (2017 chars)[0m [36mreq[0m=[35m2b10fc12[0m
[2m10:46:43[0m [[32m[1minfo     [0m] [1mImplementation iteration 10/10          [0m [36mreq[0m=[35m2b10fc12[0m
[2m10:46:46[0m [[33m[1mwarning  [0m] [1mCode execution failed (exit=1): Testing with input: {'folder_path': '/non/existent/path', 'db_url': 'sqlite:///:memory:'}
Result: {'success': False, 'error': 'The path provided is not a valid directory: /non/existent/path'}
TEST FAILED: The path provided is not a valid directory: /non/existent/path
[0m [36mreq[0m=[35m2b10fc12[0m
[2m10:46:46[0m [[32m[1minfo     [0m] [1mRecorded build attempt: capability=parse and import 50 CSV files into the database, success=False, error_type=ErrorType.RUNTIME_ERROR[0m [36mreq[0m=[35m2b10fc12[0m
[2m10:46:46[0m [[32m[1minfo     [0m] [1mGetting challenge status: id=94817e90-d48d-4e77-906b-8d929a5f02ca[0m [36mreq[0m=[35m8773aa7b[0m
[2m10:46:46[0m [[32m[1minfo     [0m] [1mrequest_finished                        [0m [36mduration[0m=[35m0.01[0m [36mmethod[0m=[35mGET[0m [36mpath[0m=[35m/api/v1/challenges/94817e90-d48d-4e77-906b-8d929a5f02ca[0m [36mreq[0m=[35m8773aa7b[0m [36mrequest_id[0m=[35m8773aa7b-e10c-4665-8dc1-dae176e0fa58[0m [36mstatus[0m=[35m200[0m
[2m10:46:47[0m [[32m[1minfo     [0m] [1mDebug [LOGIC_ERROR]: produced fixed code (1697 chars)[0m [36mreq[0m=[35m2b10fc12[0m
[2m10:46:51[0m [[32m[1minfo     [0m] [1mGetting challenge status: id=94817e90-d48d-4e77-906b-8d929a5f02ca[0m [36mreq[0m=[35m3d88ce1f[0m
[2m10:46:51[0m [[32m[1minfo     [0m] [1mrequest_finished                        [0m [36mduration[0m=[35m0.005[0m [36mmethod[0m=[35mGET[0m [36mpath[0m=[35m/api/v1/challenges/94817e90-d48d-4e77-906b-8d929a5f02ca[0m [36mreq[0m=[35m3d88ce1f[0m [36mrequest_id[0m=[35m3d88ce1f-4474-422c-9505-71806f82650c[0m [36mstatus[0m=[35m200[0m
[2m10:46:53[0m [[33m[1mwarning  [0m] [1mSkill Team failed: phase=TeamRole.IMPLEMENTER, reason=Implementation failed after max iterations[0m [36mreq[0m=[35m2b10fc12[0m
[2m10:46:53[0m [[32m[1minfo     [0m] [1mRecorded build attempt: capability=parse and import 50 CSV files into the database, success=False, error_type=ErrorType.RUNTIME_ERROR[0m [36mreq[0m=[35m2b10fc12[0m
[2m10:46:53[0m [[33m[1mwarning  [0m] [1mGap build failed: dd81e843... - Implementation failed after max iterations[0m [36mreq[0m=[35m2b10fc12[0m
[2m10:46:53[0m [[32m[1minfo     [0m] [1mProcessing gap: 37baad34... type=missing_planning_skill, capability=design and create a normalized relational database schema, severity=important[0m [36mreq[0m=[35m2b10fc12[0m
[2m10:46:53[0m [[33m[1mwarning  [0m] [1mUnknown gap type 'missing_planning_skill', using generic builder[0m [36mreq[0m=[35m2b10fc12[0m
[2m10:46:53[0m [[32m[1minfo     [0m] [1mBuilding capability: gap_type=missing_planning_skill, severity=important, attempt=1, approach=direct[0m [36mreq[0m=[35m2b10fc12[0m
[2m10:46:53[0m [[32m[1minfo     [0m] [1mDecomposing task id=b95c2278..., files=1[0m [36mreq[0m=[35m2b10fc12[0m
[2m10:46:56[0m [[32m[1minfo     [0m] [1mGetting challenge status: id=94817e90-d48d-4e77-906b-8d929a5f02ca[0m [36mreq[0m=[35m4c6d172d[0m
[2m10:46:56[0m [[32m[1minfo     [0m] [1mrequest_finished                        [0m [36mduration[0m=[35m0.007[0m [36mmethod[0m=[35mGET[0m [36mpath[0m=[35m/api/v1/challenges/94817e90-d48d-4e77-906b-8d929a5f02ca[0m [36mreq[0m=[35m4c6d172d[0m [36mrequest_id[0m=[35m4c6d172d-989a-439f-bcc6-8cee428036c9[0m [36mstatus[0m=[35m200[0m
[2m10:46:57[0m [[32m[1minfo     [0m] [1mDecomposed task into 2 subtasks, 2 waves[0m [36mreq[0m=[35m2b10fc12[0m
[2m10:46:57[0m [[32m[1minfo     [0m] [1mExecuting wave 1/2, files=['prompts/generated/prompt_design_and_create_a_normalized_relational_database_schema.txt'][0m [36mreq[0m=[35m2b10fc12[0m
[2m10:46:57[0m [[32m[1minfo     [0m] [1mRegistered agent id=5155e7e5..., task=b95c2278..., file=prompts/generated/prompt_design_and_create_a_normalized_relational_database_schema.txt[0m [36mreq[0m=[35m2b10fc12[0m
[2m10:46:57[0m [[32m[1minfo     [0m] [1mUpdated agent id=5155e7e5... status=running[0m [36mreq[0m=[35m2b10fc12[0m
[2m10:46:57[0m [[32m[1minfo     [0m] [1mExecuting agent id=5155e7e5..., file=prompts/generated/prompt_design_and_create_a_normalized_relational_database_schema.txt[0m [36mreq[0m=[35m2b10fc12[0m
[2m10:46:59[0m [[32m[1minfo     [0m] [1mAgent completed id=5155e7e5..., duration=2.25s[0m [36mreq[0m=[35m2b10fc12[0m
[2m10:46:59[0m [[32m[1minfo     [0m] [1mUpdated agent id=5155e7e5... status=completed[0m [36mreq[0m=[35m2b10fc12[0m
[2m10:46:59[0m [[32m[1minfo     [0m] [1mExecuting wave 2/2, files=['scripts/schema_generator.py'][0m [36mreq[0m=[35m2b10fc12[0m
[2m10:46:59[0m [[32m[1minfo     [0m] [1mRegistered agent id=bd6934cf..., task=b95c2278..., file=scripts/schema_generator.py[0m [36mreq[0m=[35m2b10fc12[0m
[2m10:46:59[0m [[32m[1minfo     [0m] [1mUpdated agent id=bd6934cf... status=running[0m [36mreq[0m=[35m2b10fc12[0m
[2m10:46:59[0m [[32m[1minfo     [0m] [1mExecuting agent id=bd6934cf..., file=scripts/schema_generator.py[0m [36mreq[0m=[35m2b10fc12[0m
[2m10:47:02[0m [[32m[1minfo     [0m] [1mGetting challenge status: id=94817e90-d48d-4e77-906b-8d929a5f02ca[0m [36mreq[0m=[35mcee50c5e[0m
[2m10:47:02[0m [[32m[1minfo     [0m] [1mrequest_finished                        [0m [36mduration[0m=[35m0.037[0m [36mmethod[0m=[35mGET[0m [36mpath[0m=[35m/api/v1/challenges/94817e90-d48d-4e77-906b-8d929a5f02ca[0m [36mreq[0m=[35mcee50c5e[0m [36mrequest_id[0m=[35mcee50c5e-2dc3-4998-b03e-2f950489cbf3[0m [36mstatus[0m=[35m200[0m
[2m10:47:02[0m [[32m[1minfo     [0m] [1mAgent completed id=bd6934cf..., duration=2.66s[0m [36mreq[0m=[35m2b10fc12[0m
[2m10:47:02[0m [[32m[1minfo     [0m] [1mUpdated agent id=bd6934cf... status=completed[0m [36mreq[0m=[35m2b10fc12[0m
[2m10:47:02[0m [[32m[1minfo     [0m] [1mUnregistered agent id=5155e7e5...       [0m [36mreq[0m=[35m2b10fc12[0m
[2m10:47:02[0m [[32m[1minfo     [0m] [1mUnregistered agent id=bd6934cf...       [0m [36mreq[0m=[35m2b10fc12[0m
[2m10:47:02[0m [[32m[1minfo     [0m] [1mCleaned up 2 agents for task b95c2278...[0m [36mreq[0m=[35m2b10fc12[0m
{
    "name": "developer_team.decompose_task",
    "context": {
        "trace_id": "0xfedb278f04b8dc5f81298dad34f41be8",
        "span_id": "0x6d24d2ecb6c1d964",
        "trace_state": "[]"
    },
    "kind": "SpanKind.INTERNAL",
    "parent_id": "0xbb7d07c4258469ca",
    "start_time": "2026-05-06T10:46:53.311879Z",
    "end_time": "2026-05-06T10:46:57.526849Z",
    "status": {
        "status_code": "UNSET"
    },
    "attributes": {},
    "events": [],
    "links": [],
    "resource": {
        "attributes": {
            "telemetry.sdk.language": "python",
            "telemetry.sdk.name": "opentelemetry",
            "telemetry.sdk.version": "1.40.0",
            "service.name": "lumari-backend",
            "service.version": "0.1.0",
            "service.namespace": "lumari",
            "deployment.environment": "development",
            "telemetry.middleware.version": "1.0.0"
        },
        "schema_url": ""
    }
}
{
    "name": "agent_spawner.spawn_and_execute",
    "context": {
        "trace_id": "0xfedb278f04b8dc5f81298dad34f41be8",
        "span_id": "0x8095743114d070d0",
        "trace_state": "[]"
    },
    "kind": "SpanKind.INTERNAL",
    "parent_id": "0x74adbc61ad7be62b",
    "start_time": "2026-05-06T10:46:57.527419Z",
    "end_time": "2026-05-06T10:46:59.779376Z",
    "status": {
        "status_code": "UNSET"
    },
    "attributes": {
        "agent.id": "5155e7e5-56b0-46b0-91cc-b5b2618ed73b",
        "agent.task_id": "b95c2278-3dd2-46ea-ae3c-d9925f9f141b",
        "agent.file_path": "prompts/generated/prompt_design_and_create_a_normalized_relational_database_schema.txt",
        "agent.timeout_seconds": 300,
        "agent.registered": true,
        "agent.success": true,
        "agent.duration_seconds": 2.2514069080352783
    },
    "events": [],
    "links": [],
    "resource": {
        "attributes": {
            "telemetry.sdk.language": "python",
            "telemetry.sdk.name": "opentelemetry",
            "telemetry.sdk.version": "1.40.0",
            "service.name": "lumari-backend",
            "service.version": "0.1.0",
            "service.namespace": "lumari",
            "deployment.environment": "development",
            "telemetry.middleware.version": "1.0.0"
        },
        "schema_url": ""
    }
}
{
    "name": "developer_team.execute_wave",
    "context": {
        "trace_id": "0xfedb278f04b8dc5f81298dad34f41be8",
        "span_id": "0x74adbc61ad7be62b",
        "trace_state": "[]"
    },
    "kind": "SpanKind.INTERNAL",
    "parent_id": "0xbb7d07c4258469ca",
    "start_time": "2026-05-06T10:46:57.527035Z",
    "end_time": "2026-05-06T10:46:59.779702Z",
    "status": {
        "status_code": "UNSET"
    },
    "attributes": {
        "wave.files": [
            "prompts/generated/prompt_design_and_create_a_normalized_relational_database_schema.txt"
        ]
    },
    "events": [],
    "links": [],
    "resource": {
        "attributes": {
            "telemetry.sdk.language": "python",
            "telemetry.sdk.name": "opentelemetry",
            "telemetry.sdk.version": "1.40.0",
            "service.name": "lumari-backend",
            "service.version": "0.1.0",
            "service.namespace": "lumari",
            "deployment.environment": "development",
            "telemetry.middleware.version": "1.0.0"
        },
        "schema_url": ""
    }
}
{
    "name": "agent_spawner.spawn_and_execute",
    "context": {
        "trace_id": "0xfedb278f04b8dc5f81298dad34f41be8",
        "span_id": "0xee4d92ccd161c115",
        "trace_state": "[]"
    },
    "kind": "SpanKind.INTERNAL",
    "parent_id": "0x8831e43a50aa7110",
    "start_time": "2026-05-06T10:46:59.779998Z",
    "end_time": "2026-05-06T10:47:02.442722Z",
    "status": {
        "status_code": "UNSET"
    },
    "attributes": {
        "agent.id": "bd6934cf-50a9-42cd-8590-f8735d072758",
        "agent.task_id": "b95c2278-3dd2-46ea-ae3c-d9925f9f141b",
        "agent.file_path": "scripts/schema_generator.py",
        "agent.timeout_seconds": 300,
        "agent.registered": true,
        "agent.success": true,
        "agent.duration_seconds": 2.6623549461364746
    },
    "events": [],
    "links": [],
    "resource": {
        "attributes": {
            "telemetry.sdk.language": "python",
            "telemetry.sdk.name": "opentelemetry",
            "telemetry.sdk.version": "1.40.0",
            "service.name": "lumari-backend",
            "service.version": "0.1.0",
            "service.namespace": "lumari",
            "deployment.environment": "development",
            "telemetry.middleware.version": "1.0.0"
        },
        "schema_url": ""
    }
}
{
    "name": "developer_team.execute_wave",
    "context": {
        "trace_id": "0xfedb278f04b8dc5f81298dad34f41be8",
        "span_id": "0x8831e43a50aa7110",
        "trace_state": "[]"
    },
    "kind": "SpanKind.INTERNAL",
    "parent_id": "0xbb7d07c4258469ca",
    "start_time": "2026-05-06T10:46:59.779824Z",
    "end_time": "2026-05-06T10:47:02.443854Z",
    "status": {
        "status_code": "UNSET"
    },
    "attributes": {
        "wave.files": [
            "scripts/schema_generator.py"
        ]
    },
    "events": [],
    "links": [],
    "resource": {
        "attributes": {
            "telemetry.sdk.language": "python",
            "telemetry.sdk.name": "opentelemetry",
            "telemetry.sdk.version": "1.40.0",
            "service.name": "lumari-backend",
            "service.version": "0.1.0",
            "service.namespace": "lumari",
            "deployment.environment": "development",
            "telemetry.middleware.version": "1.0.0"
        },
        "schema_url": ""
    }
}
{
    "name": "developer_team.execute_complex_task",
    "context": {
        "trace_id": "0xfedb278f04b8dc5f81298dad34f41be8",
        "span_id": "0xbb7d07c4258469ca",
        "trace_state": "[]"
    },
    "kind": "SpanKind.INTERNAL",
    "parent_id": null,
    "start_time": "2026-05-06T10:46:53.311588Z",
    "end_time": "2026-05-06T10:47:02.444379Z",
    "status": {
        "status_code": "UNSET"
    },
    "attributes": {
        "task.id": "b95c2278-3dd2-46ea-ae3c-d9925f9f141b",
        "task.files_count": 1,
        "task.subtasks_count": 2,
        "task.waves_count": 2,
        "task.files_completed": 2,
        "task.files_failed": 0,
        "task.success": true
    },
    "events": [],
    "links": [],
    "resource": {
        "attributes": {
            "telemetry.sdk.language": "python",
            "telemetry.sdk.name": "opentelemetry",
            "telemetry.sdk.version": "1.40.0",
            "service.name": "lumari-backend",
            "service.version": "0.1.0",
            "service.namespace": "lumari",
            "deployment.environment": "development",
            "telemetry.middleware.version": "1.0.0"
        },
        "schema_url": ""
    }
}
[2m10:47:02[0m [[32m[1minfo     [0m] [1mBuilt prompt: id=9e783e52..., name=prompt_design_and_create_a_normalized_relational_database_schema[0m [36mreq[0m=[35m2b10fc12[0m
[2m10:47:02[0m [[32m[1minfo     [0m] [1mInjecting capability: type=prompt, id=9e783e52...[0m [36mreq[0m=[35m2b10fc12[0m
[2m10:47:02[0m [[32m[1minfo     [0m] [1mLoading topology from database...       [0m [36mreq[0m=[35m2b10fc12[0m
[2m10:47:02[0m [[32m[1minfo     [0m] [1mMapped 8 skill entries to 8 capabilities[0m [36mreq[0m=[35m2b10fc12[0m
[2m10:47:02[0m [[32m[1minfo     [0m] [1mTopology validated: 11 agents in 5 waves[0m [36mreq[0m=[35m2b10fc12[0m
[2m10:47:02[0m [[32m[1minfo     [0m] [1mLoaded 8 skills for topology            [0m [36mreq[0m=[35m2b10fc12[0m
[2m10:47:02[0m [[32m[1minfo     [0m] [1mTopology loaded: 11 agents, 5 waves     [0m [36mreq[0m=[35m2b10fc12[0m
[2m10:47:02[0m [[32m[1minfo     [0m] [1mCapability injected successfully: prompt/9e783e52...[0m [36mreq[0m=[35m2b10fc12[0m
[2m10:47:02[0m [[32m[1minfo     [0m] [1mRecorded build attempt: capability=design and create a normalized relational database schema, success=True, error_type=None[0m [36mreq[0m=[35m2b10fc12[0m
[2m10:47:02[0m [[32m[1minfo     [0m] [1mGap completed: 37baad34... -> prompt/9e783e52...[0m [36mreq[0m=[35m2b10fc12[0m
[2m10:47:02[0m [[32m[1minfo     [0m] [1mProcessing gap: cbc1f881... type=missing_planning_skill, capability=formulate budget planning recommendations for Q4, severity=important[0m [36mreq[0m=[35m2b10fc12[0m
[2m10:47:02[0m [[33m[1mwarning  [0m] [1mUnknown gap type 'missing_planning_skill', using generic builder[0m [36mreq[0m=[35m2b10fc12[0m
[2m10:47:02[0m [[32m[1minfo     [0m] [1mBuilding capability: gap_type=missing_planning_skill, severity=important, attempt=1, approach=direct[0m [36mreq[0m=[35m2b10fc12[0m
[2m10:47:02[0m [[32m[1minfo     [0m] [1mDecomposing task id=a022e6a8..., files=1[0m [36mreq[0m=[35m2b10fc12[0m
[2m10:47:05[0m [[32m[1minfo     [0m] [1mDecomposed task into 2 subtasks, 2 waves[0m [36mreq[0m=[35m2b10fc12[0m
[2m10:47:05[0m [[32m[1minfo     [0m] [1mExecuting wave 1/2, files=['scripts/data_processor.py'][0m [36mreq[0m=[35m2b10fc12[0m
[2m10:47:05[0m [[32m[1minfo     [0m] [1mRegistered agent id=c85c7e70..., task=a022e6a8..., file=scripts/data_processor.py[0m [36mreq[0m=[35m2b10fc12[0m
[2m10:47:05[0m [[32m[1minfo     [0m] [1mUpdated agent id=c85c7e70... status=running[0m [36mreq[0m=[35m2b10fc12[0m
[2m10:47:05[0m [[32m[1minfo     [0m] [1mExecuting agent id=c85c7e70..., file=scripts/data_processor.py[0m [36mreq[0m=[35m2b10fc12[0m
[2m10:47:07[0m [[32m[1minfo     [0m] [1mGetting challenge status: id=94817e90-d48d-4e77-906b-8d929a5f02ca[0m [36mreq[0m=[35mf0e20409[0m
[2m10:47:07[0m [[32m[1minfo     [0m] [1mrequest_finished                        [0m [36mduration[0m=[35m0.015[0m [36mmethod[0m=[35mGET[0m [36mpath[0m=[35m/api/v1/challenges/94817e90-d48d-4e77-906b-8d929a5f02ca[0m [36mreq[0m=[35mf0e20409[0m [36mrequest_id[0m=[35mf0e20409-00f6-4107-bb3c-a5d1fc6141e4[0m [36mstatus[0m=[35m200[0m
[2m10:47:07[0m [[32m[1minfo     [0m] [1mAgent completed id=c85c7e70..., duration=2.30s[0m [36mreq[0m=[35m2b10fc12[0m
[2m10:47:07[0m [[32m[1minfo     [0m] [1mUpdated agent id=c85c7e70... status=completed[0m [36mreq[0m=[35m2b10fc12[0m
[2m10:47:07[0m [[32m[1minfo     [0m] [1mExecuting wave 2/2, files=['prompts/generated/prompt_formulate_budget_planning_recommendations_for_q4.txt'][0m [36mreq[0m=[35m2b10fc12[0m
[2m10:47:07[0m [[32m[1minfo     [0m] [1mRegistered agent id=355d1f4c..., task=a022e6a8..., file=prompts/generated/prompt_formulate_budget_planning_recommendations_for_q4.txt[0m [36mreq[0m=[35m2b10fc12[0m
[2m10:47:07[0m [[32m[1minfo     [0m] [1mUpdated agent id=355d1f4c... status=running[0m [36mreq[0m=[35m2b10fc12[0m
[2m10:47:07[0m [[32m[1minfo     [0m] [1mExecuting agent id=355d1f4c..., file=prompts/generated/prompt_formulate_budget_planning_recommendations_for_q4.txt[0m [36mreq[0m=[35m2b10fc12[0m
{
    "name": "developer_team.decompose_task",
    "context": {
        "trace_id": "0xbd276ff3b1c5aafef8ed6eb185cd5a91",
        "span_id": "0xc75ff14919b5f844",
        "trace_state": "[]"
    },
    "kind": "SpanKind.INTERNAL",
    "parent_id": "0x8dee92596a58d9d0",
    "start_time": "2026-05-06T10:47:02.673474Z",
    "end_time": "2026-05-06T10:47:05.162710Z",
    "status": {
        "status_code": "UNSET"
    },
    "attributes": {},
    "events": [],
    "links": [],
    "resource": {
        "attributes": {
            "telemetry.sdk.language": "python",
            "telemetry.sdk.name": "opentelemetry",
            "telemetry.sdk.version": "1.40.0",
            "service.name": "lumari-backend",
            "service.version": "0.1.0",
            "service.namespace": "lumari",
            "deployment.environment": "development",
            "telemetry.middleware.version": "1.0.0"
        },
        "schema_url": ""
    }
}
{
    "name": "agent_spawner.spawn_and_execute",
    "context": {
        "trace_id": "0xbd276ff3b1c5aafef8ed6eb185cd5a91",
        "span_id": "0x587a8ad6b3935182",
        "trace_state": "[]"
    },
    "kind": "SpanKind.INTERNAL",
    "parent_id": "0x13f62c231b753abb",
    "start_time": "2026-05-06T10:47:05.163632Z",
    "end_time": "2026-05-06T10:47:07.465511Z",
    "status": {
        "status_code": "UNSET"
    },
    "attributes": {
        "agent.id": "c85c7e70-339d-4eba-bd7c-0e4526096c3f",
        "agent.task_id": "a022e6a8-9e0d-420a-8084-8adc21295418",
        "agent.file_path": "scripts/data_processor.py",
        "agent.timeout_seconds": 300,
        "agent.registered": true,
        "agent.success": true,
        "agent.duration_seconds": 2.301470994949341
    },
    "events": [],
    "links": [],
    "resource": {
        "attributes": {
            "telemetry.sdk.language": "python",
            "telemetry.sdk.name": "opentelemetry",
            "telemetry.sdk.version": "1.40.0",
            "service.name": "lumari-backend",
            "service.version": "0.1.0",
            "service.namespace": "lumari",
            "deployment.environment": "development",
            "telemetry.middleware.version": "1.0.0"
        },
        "schema_url": ""
    }
}
{
    "name": "developer_team.execute_wave",
    "context": {
        "trace_id": "0xbd276ff3b1c5aafef8ed6eb185cd5a91",
        "span_id": "0x13f62c231b753abb",
        "trace_state": "[]"
    },
    "kind": "SpanKind.INTERNAL",
    "parent_id": "0x8dee92596a58d9d0",
    "start_time": "2026-05-06T10:47:05.163117Z",
    "end_time": "2026-05-06T10:47:07.469072Z",
    "status": {
        "status_code": "UNSET"
    },
    "attributes": {
        "wave.files": [
            "scripts/data_processor.py"
        ]
    },
    "events": [],
    "links": [],
    "resource": {
        "attributes": {
            "telemetry.sdk.language": "python",
            "telemetry.sdk.name": "opentelemetry",
            "telemetry.sdk.version": "1.40.0",
            "service.name": "lumari-backend",
            "service.version": "0.1.0",
            "service.namespace": "lumari",
            "deployment.environment": "development",
            "telemetry.middleware.version": "1.0.0"
        },
        "schema_url": ""
    }
}
[2m10:47:09[0m [[32m[1minfo     [0m] [1mAgent completed id=355d1f4c..., duration=2.45s[0m [36mreq[0m=[35m2b10fc12[0m
[2m10:47:09[0m [[32m[1minfo     [0m] [1mUpdated agent id=355d1f4c... status=completed[0m [36mreq[0m=[35m2b10fc12[0m
[2m10:47:09[0m [[32m[1minfo     [0m] [1mUnregistered agent id=c85c7e70...       [0m [36mreq[0m=[35m2b10fc12[0m
[2m10:47:09[0m [[32m[1minfo     [0m] [1mUnregistered agent id=355d1f4c...       [0m [36mreq[0m=[35m2b10fc12[0m
[2m10:47:09[0m [[32m[1minfo     [0m] [1mCleaned up 2 agents for task a022e6a8...[0m [36mreq[0m=[35m2b10fc12[0m
[2m10:47:09[0m [[32m[1minfo     [0m] [1mBuilt prompt: id=7844d86d..., name=prompt_formulate_budget_planning_recommendations_for_q4[0m [36mreq[0m=[35m2b10fc12[0m
[2m10:47:09[0m [[32m[1minfo     [0m] [1mInjecting capability: type=prompt, id=7844d86d...[0m [36mreq[0m=[35m2b10fc12[0m
[2m10:47:10[0m [[32m[1minfo     [0m] [1mLoading topology from database...       [0m [36mreq[0m=[35m2b10fc12[0m
[2m10:47:10[0m [[32m[1minfo     [0m] [1mMapped 8 skill entries to 8 capabilities[0m [36mreq[0m=[35m2b10fc12[0m
[2m10:47:10[0m [[32m[1minfo     [0m] [1mTopology validated: 11 agents in 5 waves[0m [36mreq[0m=[35m2b10fc12[0m
[2m10:47:10[0m [[32m[1minfo     [0m] [1mLoaded 8 skills for topology            [0m [36mreq[0m=[35m2b10fc12[0m
[2m10:47:10[0m [[32m[1minfo     [0m] [1mTopology loaded: 11 agents, 5 waves     [0m [36mreq[0m=[35m2b10fc12[0m
[2m10:47:10[0m [[32m[1minfo     [0m] [1mCapability injected successfully: prompt/7844d86d...[0m [36mreq[0m=[35m2b10fc12[0m
[2m10:47:10[0m [[32m[1minfo     [0m] [1mRecorded build attempt: capability=formulate budget planning recommendations for Q4, success=True, error_type=None[0m [36mreq[0m=[35m2b10fc12[0m
[2m10:47:10[0m [[32m[1minfo     [0m] [1mGap completed: cbc1f881... -> prompt/7844d86d...[0m [36mreq[0m=[35m2b10fc12[0m
[2m10:47:10[0m [[32m[1minfo     [0m] [1mAll gaps processed for plan 212312bb... [0m [36mreq[0m=[35m2b10fc12[0m
[2m10:47:10[0m [[32m[1minfo     [0m] [1mCompleted gap plan: 212312bb..., status=partial, completed=2, failed=1[0m [36mreq[0m=[35m2b10fc12[0m
[2m10:47:10[0m [[32m[1minfo     [0m] [1mGap plan execution finished: 212312bb..., completed=2, failed=1, artifacts=2[0m [36mreq[0m=[35m2b10fc12[0m
[2m10:47:10[0m [[32m[1minfo     [0m] [1mVerifying gap closure after cycle 1, built 2 capabilities[0m [36mreq[0m=[35m2b10fc12[0m
[2m10:47:10[0m [[32m[1minfo     [0m] [1mGap OPEN: 'parse and import 50 CSV files into the database'[0m [36mreq[0m=[35m2b10fc12[0m
[2m10:47:10[0m [[32m[1minfo     [0m] [1mGap OPEN: 'design and create a normalized relational database schema'[0m [36mreq[0m=[35m2b10fc12[0m
[2m10:47:10[0m [[32m[1minfo     [0m] [1mGap OPEN: 'formulate budget planning recommendations for Q4'[0m [36mreq[0m=[35m2b10fc12[0m
[2m10:47:10[0m [[32m[1minfo     [0m] [1mPlan verification complete: 212312bb..., closed=0/3, all_closed=False[0m [36mreq[0m=[35m2b10fc12[0m
[2m10:47:10[0m [[32m[1minfo     [0m] [1mVerification result: closed=0/3, all_closed=False[0m [36mreq[0m=[35m2b10fc12[0m
[2m10:47:10[0m [[32m[1minfo     [0m] [1mCreated gap plan: id=b2a1732c..., challenge=94817e90..., gaps=3, cycle=2[0m [36mreq[0m=[35m2b10fc12[0m
[2m10:47:10[0m [[32m[1minfo     [0m] [1mCreated new cycle 2 with 3 REMAINING gaps (not new ones!) for challenge 94817e90...[0m [36mreq[0m=[35m2b10fc12[0m
[2m10:47:10[0m [[32m[1minfo     [0m] [1mCapability building partial: 94817e90-d48d-4e77-906b-8d929a5f02ca, built=2[0m [36mreq[0m=[35m2b10fc12[0m
[2m10:47:12[0m [[32m[1minfo     [0m] [1mGetting challenge status: id=94817e90-d48d-4e77-906b-8d929a5f02ca[0m [36mreq[0m=[35mebb93a0f[0m
[2m10:47:12[0m [[32m[1minfo     [0m] [1mrequest_finished                        [0m [36mduration[0m=[35m0.004[0m [36mmethod[0m=[35mGET[0m [36mpath[0m=[35m/api/v1/challenges/94817e90-d48d-4e77-906b-8d929a5f02ca[0m [36mreq[0m=[35mebb93a0f[0m [36mrequest_id[0m=[35mebb93a0f-70e9-4c15-858c-de8cafa6f7bf[0m [36mstatus[0m=[35m200[0m
[2m10:47:12[0m [[32m[1minfo     [0m] [1mExecuting challenge: id=94817e90-d48d-4e77-906b-8d929a5f02ca[0m [36mreq[0m=[35m9efb3ed0[0m
[2m10:47:12[0m [[32m[1minfo     [0m] [1mrequest_finished                        [0m [36mduration[0m=[35m0.008[0m [36mmethod[0m=[35mPOST[0m [36mpath[0m=[35m/api/v1/challenges/94817e90-d48d-4e77-906b-8d929a5f02ca/execute[0m [36mreq[0m=[35m9efb3ed0[0m [36mrequest_id[0m=[35m9efb3ed0-ba57-4db9-bbac-fd91c004f744[0m [36mstatus[0m=[35m200[0m
[2m10:47:12[0m [[32m[1minfo     [0m] [1mStarting background execution: challenge_id=94817e90-d48d-4e77-906b-8d929a5f02ca[0m [36mreq[0m=[35m9efb3ed0[0m
[2m10:47:12[0m [[32m[1minfo     [0m] [1mLoading topology from database...       [0m [36mreq[0m=[35m9efb3ed0[0m
[2m10:47:12[0m [[32m[1minfo     [0m] [1mMapped 8 skill entries to 8 capabilities[0m [36mreq[0m=[35m9efb3ed0[0m
[2m10:47:12[0m [[32m[1minfo     [0m] [1mTopology validated: 11 agents in 5 waves[0m [36mreq[0m=[35m9efb3ed0[0m
[2m10:47:12[0m [[32m[1minfo     [0m] [1mLoaded 8 skills for topology            [0m [36mreq[0m=[35m9efb3ed0[0m
[2m10:47:12[0m [[32m[1minfo     [0m] [1mTopology loaded: 11 agents, 5 waves     [0m [36mreq[0m=[35m9efb3ed0[0m
[2m10:47:12[0m [[32m[1minfo     [0m] [1mShared memory initialized with Qdrant   [0m [36mreq[0m=[35m9efb3ed0[0m
[2m10:47:12[0m [[32m[1minfo     [0m] [1mHybridOrchestrator initialized          [0m [36mreq[0m=[35m9efb3ed0[0m
[2m10:47:12[0m [[32m[1minfo     [0m] [1mStarting execution: 583d9f48-f69a-476d-8b08-60ed3f122471[0m [36mreq[0m=[35m9efb3ed0[0m
[2m10:47:12[0m [[32m[1minfo     [0m] [1mLoading topology from database...       [0m [36mreq[0m=[35m9efb3ed0[0m
[2m10:47:12[0m [[32m[1minfo     [0m] [1mMapped 8 skill entries to 8 capabilities[0m [36mreq[0m=[35m9efb3ed0[0m
[2m10:47:12[0m [[32m[1minfo     [0m] [1mTopology validated: 11 agents in 5 waves[0m [36mreq[0m=[35m9efb3ed0[0m
[2m10:47:12[0m [[32m[1minfo     [0m] [1mLoaded 8 skills for topology            [0m [36mreq[0m=[35m9efb3ed0[0m
[2m10:47:12[0m [[32m[1minfo     [0m] [1mTopology loaded: 11 agents, 5 waves     [0m [36mreq[0m=[35m9efb3ed0[0m
[2m10:47:12[0m [[32m[1minfo     [0m] [1mDocker client connected successfully    [0m [36mreq[0m=[35m9efb3ed0[0m
[2m10:47:12[0m [[32m[1minfo     [0m] [1mCreated DynamicSandbox executor (Docker-based, unrestricted)[0m [36mreq[0m=[35m9efb3ed0[0m
[2m10:47:12[0m [[33m[1mwarning  [0m] [1mCould not create intervention orchestrator for self-healing: create_intervention_orchestrator() got an unexpected keyword argument 'db'[0m [36mreq[0m=[35m9efb3ed0[0m
[2m10:47:12[0m [[32m[1minfo     [0m] [1mExecuting wave 1/5: ['05bebe15-b46f-4b91-96e3-a50f6cf9e68d', '90c17f3b-7f91-4174-b3ac-b59a51feb378', '65ad3c5c-f66c-49a0-a7cd-4b9ebc6142b9', '073d766c-ed4f-4519-8e36-8c9631e97c67'][0m [36mreq[0m=[35m9efb3ed0[0m
[2m10:47:12[0m [[32m[1minfo     [0m] [1mExecuting agent: transcript_analyzer (05bebe15-b46f-4b91-96e3-a50f6cf9e68d)[0m [36mreq[0m=[35m9efb3ed0[0m
[2m10:47:12[0m [[32m[1minfo     [0m] [1mExecuting agent: product_owner (90c17f3b-7f91-4174-b3ac-b59a51feb378)[0m [36mreq[0m=[35m9efb3ed0[0m
[2m10:47:12[0m [[33m[1mwarning  [0m] [1mAgent product_owner expected artifacts ['analysis_findings'] but none found in pool[0m [36mreq[0m=[35m9efb3ed0[0m
[2m10:47:12[0m [[32m[1minfo     [0m] [1mExecuting agent: quality_judge (65ad3c5c-f66c-49a0-a7cd-4b9ebc6142b9)[0m [36mreq[0m=[35m9efb3ed0[0m
[2m10:47:12[0m [[33m[1mwarning  [0m] [1mAgent quality_judge expected artifacts ['ab_test_samples'] but none found in pool[0m [36mreq[0m=[35m9efb3ed0[0m
[2m10:47:12[0m [[32m[1minfo     [0m] [1mExecuting agent: execution_analyzer (073d766c-ed4f-4519-8e36-8c9631e97c67)[0m [36mreq[0m=[35m9efb3ed0[0m
[2m10:47:12[0m [[33m[1mwarning  [0m] [1mAgent execution_analyzer expected artifacts ['execution_telemetry'] but none found in pool[0m [36mreq[0m=[35m9efb3ed0[0m
{
    "name": "agent_spawner.spawn_and_execute",
    "context": {
        "trace_id": "0xbd276ff3b1c5aafef8ed6eb185cd5a91",
        "span_id": "0x343ca9c841e651a7",
        "trace_state": "[]"
    },
    "kind": "SpanKind.INTERNAL",
    "parent_id": "0x9a1ac41ccd86ac83",
    "start_time": "2026-05-06T10:47:07.469959Z",
    "end_time": "2026-05-06T10:47:09.918891Z",
    "status": {
        "status_code": "UNSET"
    },
    "attributes": {
        "agent.id": "355d1f4c-90ce-45bd-bec2-cfe14cbbdbae",
        "agent.task_id": "a022e6a8-9e0d-420a-8084-8adc21295418",
        "agent.file_path": "prompts/generated/prompt_formulate_budget_planning_recommendations_for_q4.txt",
        "agent.timeout_seconds": 300,
        "agent.registered": true,
        "agent.success": true,
        "agent.duration_seconds": 2.4485199451446533
    },
    "events": [],
    "links": [],
    "resource": {
        "attributes": {
            "telemetry.sdk.language": "python",
            "telemetry.sdk.name": "opentelemetry",
            "telemetry.sdk.version": "1.40.0",
            "service.name": "lumari-backend",
            "service.version": "0.1.0",
            "service.namespace": "lumari",
            "deployment.environment": "development",
            "telemetry.middleware.version": "1.0.0"
        },
        "schema_url": ""
    }
}
{
    "name": "developer_team.execute_wave",
    "context": {
        "trace_id": "0xbd276ff3b1c5aafef8ed6eb185cd5a91",
        "span_id": "0x9a1ac41ccd86ac83",
        "trace_state": "[]"
    },
    "kind": "SpanKind.INTERNAL",
    "parent_id": "0x8dee92596a58d9d0",
    "start_time": "2026-05-06T10:47:07.469252Z",
    "end_time": "2026-05-06T10:47:09.919338Z",
    "status": {
        "status_code": "UNSET"
    },
    "attributes": {
        "wave.files": [
            "prompts/generated/prompt_formulate_budget_planning_recommendations_for_q4.txt"
        ]
    },
    "events": [],
    "links": [],
    "resource": {
        "attributes": {
            "telemetry.sdk.language": "python",
            "telemetry.sdk.name": "opentelemetry",
            "telemetry.sdk.version": "1.40.0",
            "service.name": "lumari-backend",
            "service.version": "0.1.0",
            "service.namespace": "lumari",
            "deployment.environment": "development",
            "telemetry.middleware.version": "1.0.0"
        },
        "schema_url": ""
    }
}
{
    "name": "developer_team.execute_complex_task",
    "context": {
        "trace_id": "0xbd276ff3b1c5aafef8ed6eb185cd5a91",
        "span_id": "0x8dee92596a58d9d0",
        "trace_state": "[]"
    },
    "kind": "SpanKind.INTERNAL",
    "parent_id": null,
    "start_time": "2026-05-06T10:47:02.673316Z",
    "end_time": "2026-05-06T10:47:09.919568Z",
    "status": {
        "status_code": "UNSET"
    },
    "attributes": {
        "task.id": "a022e6a8-9e0d-420a-8084-8adc21295418",
        "task.files_count": 1,
        "task.subtasks_count": 2,
        "task.waves_count": 2,
        "task.files_completed": 2,
        "task.files_failed": 0,
        "task.success": true
    },
    "events": [],
    "links": [],
    "resource": {
        "attributes": {
            "telemetry.sdk.language": "python",
            "telemetry.sdk.name": "opentelemetry",
            "telemetry.sdk.version": "1.40.0",
            "service.name": "lumari-backend",
            "service.version": "0.1.0",
            "service.namespace": "lumari",
            "deployment.environment": "development",
            "telemetry.middleware.version": "1.0.0"
        },
        "schema_url": ""
    }
}
[2m10:47:12[0m [[32m[1minfo     [0m] [1mshared_memory_metrics agent=transcript_analyzer facts_kept=5 facts_total=8 hypotheses=0 relations=0 approx_tokens=2389 query_chars=1998[0m [36mreq[0m=[35m9efb3ed0[0m
[2m10:47:13[0m [[32m[1minfo     [0m] [1mAgent execution_analyzer returned final answer after 0 tool calls[0m [36mreq[0m=[35m9efb3ed0[0m
[2m10:47:13[0m [[32m[1minfo     [0m] [1mAgent quality_judge returned final answer after 0 tool calls[0m [36mreq[0m=[35m9efb3ed0[0m
[2m10:47:13[0m [[32m[1minfo     [0m] [1mAgent execution_analyzer completed      [0m [36mreq[0m=[35m9efb3ed0[0m
[2m10:47:13[0m [[32m[1minfo     [0m] [1mAgent quality_judge completed           [0m [36mreq[0m=[35m9efb3ed0[0m
[2m10:47:13[0m [[32m[1minfo     [0m] [1mAgent product_owner returned final answer after 0 tool calls[0m [36mreq[0m=[35m9efb3ed0[0m
[2m10:47:13[0m [[32m[1minfo     [0m] [1mAgent product_owner completed           [0m [36mreq[0m=[35m9efb3ed0[0m
[2m10:47:15[0m [[32m[1minfo     [0m] [1mAgent transcript_analyzer returned final answer after 0 tool calls[0m [36mreq[0m=[35m9efb3ed0[0m
[2m10:47:15[0m [[32m[1minfo     [0m] [1mAgent transcript_analyzer completed     [0m [36mreq[0m=[35m9efb3ed0[0m
[2m10:47:15[0m [[32m[1minfo     [0m] [1mWave 1 agent 'transcript_analyzer' completed: success=True, skipped=False, result_len=1425[0m [36mreq[0m=[35m9efb3ed0[0m
[2m10:47:15[0m [[32m[1minfo     [0m] [1mWave 1 agent 'product_owner' completed: success=True, skipped=False, result_len=722[0m [36mreq[0m=[35m9efb3ed0[0m
[2m10:47:15[0m [[32m[1minfo     [0m] [1mWave 1 agent 'quality_judge' completed: success=True, skipped=False, result_len=216[0m [36mreq[0m=[35m9efb3ed0[0m
[2m10:47:15[0m [[32m[1minfo     [0m] [1mWave 1 agent 'execution_analyzer' completed: success=True, skipped=False, result_len=242[0m [36mreq[0m=[35m9efb3ed0[0m
[2m10:47:15[0m [[32m[1minfo     [0m] [1mExecuting wave 2/5: ['49898ec1-10da-4a11-8457-1358d844c805', '07f8b963-9d7c-4232-ba20-52aa8d850e1d'][0m [36mreq[0m=[35m9efb3ed0[0m
[2m10:47:15[0m [[32m[1minfo     [0m] [1mExecuting agent: context_retriever (49898ec1-10da-4a11-8457-1358d844c805)[0m [36mreq[0m=[35m9efb3ed0[0m
[2m10:47:15[0m [[32m[1minfo     [0m] [1mExecuting agent: control_agent (07f8b963-9d7c-4232-ba20-52aa8d850e1d)[0m [36mreq[0m=[35m9efb3ed0[0m
[2m10:47:16[0m [[32m[1minfo     [0m] [1mAgent control_agent returned final answer after 0 tool calls[0m [36mreq[0m=[35m9efb3ed0[0m
[2m10:47:16[0m [[32m[1minfo     [0m] [1mAgent control_agent completed           [0m [36mreq[0m=[35m9efb3ed0[0m
[2m10:47:17[0m [[32m[1minfo     [0m] [1mGetting challenge status: id=94817e90-d48d-4e77-906b-8d929a5f02ca[0m [36mreq[0m=[35m74c924ee[0m
[2m10:47:17[0m [[32m[1minfo     [0m] [1mrequest_finished                        [0m [36mduration[0m=[35m0.011[0m [36mmethod[0m=[35mGET[0m [36mpath[0m=[35m/api/v1/challenges/94817e90-d48d-4e77-906b-8d929a5f02ca[0m [36mreq[0m=[35m74c924ee[0m [36mrequest_id[0m=[35m74c924ee-9c17-4c27-8827-9fcc822713a5[0m [36mstatus[0m=[35m200[0m
[2m10:47:17[0m [[32m[1minfo     [0m] [1mAgent context_retriever returned final answer after 0 tool calls[0m [36mreq[0m=[35m9efb3ed0[0m
[2m10:47:18[0m [[32m[1minfo     [0m] [1mAgent context_retriever completed       [0m [36mreq[0m=[35m9efb3ed0[0m
[2m10:47:18[0m [[32m[1minfo     [0m] [1mWave 2 agent 'context_retriever' completed: success=True, skipped=False, result_len=1014[0m [36mreq[0m=[35m9efb3ed0[0m
[2m10:47:18[0m [[32m[1minfo     [0m] [1mWave 2 agent 'control_agent' completed: success=True, skipped=False, result_len=164[0m [36mreq[0m=[35m9efb3ed0[0m
[2m10:47:18[0m [[32m[1minfo     [0m] [1mExecuting wave 3/5: ['f54aabd1-ca21-4768-b12e-ccf5ca95d0da', 'a676e764-25ce-41cf-95d1-b838c8e6804d', 'd01ede79-d82b-465b-ae42-d1a7a2ec4188'][0m [36mreq[0m=[35m9efb3ed0[0m
[2m10:47:18[0m [[32m[1minfo     [0m] [1mExecuting agent: report_generator (f54aabd1-ca21-4768-b12e-ccf5ca95d0da)[0m [36mreq[0m=[35m9efb3ed0[0m
[2m10:47:18[0m [[32m[1minfo     [0m] [1mExecuting agent: prompt_engineer (a676e764-25ce-41cf-95d1-b838c8e6804d)[0m [36mreq[0m=[35m9efb3ed0[0m
[2m10:47:18[0m [[32m[1minfo     [0m] [1mExecuting agent: tool_builder (d01ede79-d82b-465b-ae42-d1a7a2ec4188)[0m [36mreq[0m=[35m9efb3ed0[0m
[2m10:47:21[0m [[32m[1minfo     [0m] [1mAgent prompt_engineer returned final answer after 0 tool calls[0m [36mreq[0m=[35m9efb3ed0[0m
[2m10:47:22[0m [[32m[1minfo     [0m] [1mGetting challenge status: id=94817e90-d48d-4e77-906b-8d929a5f02ca[0m [36mreq[0m=[35m6ea8ca49[0m
[2m10:47:22[0m [[32m[1minfo     [0m] [1mAgent report_generator returned final answer after 0 tool calls[0m [36mreq[0m=[35m9efb3ed0[0m
[2m10:47:22[0m [[32m[1minfo     [0m] [1mrequest_finished                        [0m [36mduration[0m=[35m0.199[0m [36mmethod[0m=[35mGET[0m [36mpath[0m=[35m/api/v1/challenges/94817e90-d48d-4e77-906b-8d929a5f02ca[0m [36mreq[0m=[35m6ea8ca49[0m [36mrequest_id[0m=[35m6ea8ca49-0eea-41bf-95ab-eda3c0570b39[0m [36mstatus[0m=[35m200[0m
[2m10:47:23[0m [[32m[1minfo     [0m] [1mAgent tool_builder returned final answer after 0 tool calls[0m [36mreq[0m=[35m9efb3ed0[0m
[2m10:47:24[0m [[32m[1minfo     [0m] [1mAgent tool_builder completed            [0m [36mreq[0m=[35m9efb3ed0[0m
[2m10:47:25[0m [[32m[1minfo     [0m] [1mAgent prompt_engineer completed         [0m [36mreq[0m=[35m9efb3ed0[0m
[2m10:47:26[0m [[32m[1minfo     [0m] [1mAgent report_generator completed        [0m [36mreq[0m=[35m9efb3ed0[0m
[2m10:47:26[0m [[32m[1minfo     [0m] [1mWave 3 agent 'report_generator' completed: success=True, skipped=False, result_len=2709[0m [36mreq[0m=[35m9efb3ed0[0m
[2m10:47:26[0m [[32m[1minfo     [0m] [1mWave 3 agent 'prompt_engineer' completed: success=True, skipped=False, result_len=1958[0m [36mreq[0m=[35m9efb3ed0[0m
[2m10:47:26[0m [[32m[1minfo     [0m] [1mWave 3 agent 'tool_builder' completed: success=True, skipped=False, result_len=255[0m [36mreq[0m=[35m9efb3ed0[0m
[2m10:47:26[0m [[32m[1minfo     [0m] [1mExecuting wave 4/5: ['85860279-90e3-4984-b25d-af840d3dca9b'][0m [36mreq[0m=[35m9efb3ed0[0m
[2m10:47:26[0m [[32m[1minfo     [0m] [1mExecuting agent: quality_validator (85860279-90e3-4984-b25d-af840d3dca9b)[0m [36mreq[0m=[35m9efb3ed0[0m
[2m10:47:27[0m [[32m[1minfo     [0m] [1mGetting challenge status: id=94817e90-d48d-4e77-906b-8d929a5f02ca[0m [36mreq[0m=[35m2017bfef[0m
[2m10:47:27[0m [[32m[1minfo     [0m] [1mrequest_finished                        [0m [36mduration[0m=[35m0.072[0m [36mmethod[0m=[35mGET[0m [36mpath[0m=[35m/api/v1/challenges/94817e90-d48d-4e77-906b-8d929a5f02ca[0m [36mreq[0m=[35m2017bfef[0m [36mrequest_id[0m=[35m2017bfef-4401-4f13-8620-d48ef0c6345c[0m [36mstatus[0m=[35m200[0m
[2m10:47:28[0m [[32m[1minfo     [0m] [1mAgent quality_validator returned final answer after 0 tool calls[0m [36mreq[0m=[35m9efb3ed0[0m
[2m10:47:28[0m [[32m[1minfo     [0m] [1mAgent quality_validator completed       [0m [36mreq[0m=[35m9efb3ed0[0m
[2m10:47:28[0m [[32m[1minfo     [0m] [1mWave 4 agent 'quality_validator' completed: success=True, skipped=False, result_len=239[0m [36mreq[0m=[35m9efb3ed0[0m
[2m10:47:28[0m [[32m[1minfo     [0m] [1mExecuting wave 5/5: ['bbd241f8-1df0-49f4-950a-dc61efa2c950'][0m [36mreq[0m=[35m9efb3ed0[0m
[2m10:47:28[0m [[32m[1minfo     [0m] [1mExecuting agent: report_finalizer (bbd241f8-1df0-49f4-950a-dc61efa2c950)[0m [36mreq[0m=[35m9efb3ed0[0m
[2m10:47:30[0m [[32m[1minfo     [0m] [1mAgent report_finalizer returned final answer after 0 tool calls[0m [36mreq[0m=[35m9efb3ed0[0m
[2m10:47:31[0m [[32m[1minfo     [0m] [1mAgent report_finalizer completed        [0m [36mreq[0m=[35m9efb3ed0[0m
[2m10:47:31[0m [[32m[1minfo     [0m] [1mWave 5 agent 'report_finalizer' completed: success=True, skipped=False, result_len=1700[0m [36mreq[0m=[35m9efb3ed0[0m
[2m10:47:31[0m [[32m[1minfo     [0m] [1mArtifact pool cleared: 11 artifacts discarded[0m [36mreq[0m=[35m9efb3ed0[0m
[2m10:47:32[0m [[32m[1minfo     [0m] [1mPersisted 1 facts to shared memory for execution 583d9f48-f69a-476d-8b08-60ed3f122471[0m [36mreq[0m=[35m9efb3ed0[0m
[2m10:47:32[0m [[32m[1minfo     [0m] [1mStarting telemetry for agent=05bebe15..., execution=583d9f48...[0m [36mreq[0m=[35m9efb3ed0[0m
[2m10:47:32[0m [[33m[1mwarning  [0m] [1mTelemetrie-Bridge fehlgeschlagen: 1 validation error for ExecutionTelemetryCreate
outcome
  Input should be 'success', 'error', 'timeout' or 'cancelled' [type=literal_error, input_value='running', input_type=str]
    For further information visit https://errors.pydantic.dev/2.11/v/literal_error[0m [36mreq[0m=[35m9efb3ed0[0m
[2m10:47:32[0m [[32m[1minfo     [0m] [1mConfigured epicbox profile: image=lumari-sandbox:latest, limits={'cputime': 5, 'realtime': 10, 'memory': 128, 'processes': 1}[0m [36mreq[0m=[35m9efb3ed0[0m
[2m10:47:32[0m [[32m[1minfo     [0m] [1mStarting analysis pipeline for execution_id=583d9f48...[0m [36mreq[0m=[35m9efb3ed0[0m
[2m10:47:32[0m [[32m[1minfo     [0m] [1mExecution completed: challenge_id=94817e90-d48d-4e77-906b-8d929a5f02ca, success=True[0m [36mreq[0m=[35m9efb3ed0[0m
[2m10:47:32[0m [[33m[1mwarning  [0m] [1mNo telemetry found for execution 583d9f48-f69a-476d-8b08-60ed3f122471[0m [36mreq[0m=[35m9efb3ed0[0m
[2m10:47:32[0m [[32m[1minfo     [0m] [1mGetting challenge status: id=94817e90-d48d-4e77-906b-8d929a5f02ca[0m [36mreq[0m=[35m7135dc6e[0m
[2m10:47:32[0m [[32m[1minfo     [0m] [1mrequest_finished                        [0m [36mduration[0m=[35m0.009[0m [36mmethod[0m=[35mGET[0m [36mpath[0m=[35m/api/v1/challenges/94817e90-d48d-4e77-906b-8d929a5f02ca[0m [36mreq[0m=[35m7135dc6e[0m [36mrequest_id[0m=[35m7135dc6e-ca4d-4b23-9c66-7039ce5522fe[0m [36mstatus[0m=[35m200[0m
[2m10:47:32[0m [[32m[1minfo     [0m] [1mGetting challenge results: id=94817e90-d48d-4e77-906b-8d929a5f02ca[0m [36mreq[0m=[35m67348552[0m
[2m10:47:32[0m [[32m[1minfo     [0m] [1mrequest_finished                        [0m [36mduration[0m=[35m0.008[0m [36mmethod[0m=[35mGET[0m [36mpath[0m=[35m/api/v1/challenges/94817e90-d48d-4e77-906b-8d929a5f02ca/results[0m [36mreq[0m=[35m67348552[0m [36mrequest_id[0m=[35m67348552-41ea-48ba-8659-273c1859522e[0m [36mstatus[0m=[35m200[0m
[2m10:47:38[0m [[32m[1minfo     [0m] [1mFile upload: tagesbericht_rohbau_20251014.opus, size=205713, type=audio/opus[0m [36mreq[0m=[35m272bf02a[0m
[2m10:47:38[0m [[32m[1minfo     [0m] [1mSaved binary file to: /Users/patrick/Documents/Uni/master_project/backend/app/api/v1/endpoints/../../../uploads/c13c5e15-97d0-453a-a595-720b450ec42d.opus[0m [36mreq[0m=[35m272bf02a[0m
[2m10:47:38[0m [[32m[1minfo     [0m] [1mAudio transcription skill available: skill_audio_transcription — will transcribe in background[0m [36mreq[0m=[35m272bf02a[0m
[2m10:47:38[0m [[32m[1minfo     [0m] [1mFile upload: tagesbericht_rohbau_20251014.opus -> challenge_id=afcfda1c-2578-4c95-896c-e0b899dcd3ce, gaps=0, route=execute[0m [36mreq[0m=[35m272bf02a[0m
[2m10:47:38[0m [[32m[1minfo     [0m] [1mrequest_finished                        [0m [36mduration[0m=[35m0.052[0m [36mmethod[0m=[35mPOST[0m [36mpath[0m=[35m/api/v1/challenges/upload[0m [36mreq[0m=[35m272bf02a[0m [36mrequest_id[0m=[35m272bf02a-7006-4918-8c04-90889dfbabc6[0m [36mstatus[0m=[35m200[0m
[2m10:47:38[0m [[32m[1minfo     [0m] [1mExecuting challenge: id=afcfda1c-2578-4c95-896c-e0b899dcd3ce[0m [36mreq[0m=[35mb240ef3a[0m
[2m10:47:38[0m [[32m[1minfo     [0m] [1mrequest_finished                        [0m [36mduration[0m=[35m0.006[0m [36mmethod[0m=[35mPOST[0m [36mpath[0m=[35m/api/v1/challenges/afcfda1c-2578-4c95-896c-e0b899dcd3ce/execute[0m [36mreq[0m=[35mb240ef3a[0m [36mrequest_id[0m=[35mb240ef3a-87e3-462e-856a-deb9a8edd91a[0m [36mstatus[0m=[35m200[0m
[2m10:47:38[0m [[32m[1minfo     [0m] [1mStarting background execution: challenge_id=afcfda1c-2578-4c95-896c-e0b899dcd3ce[0m [36mreq[0m=[35mb240ef3a[0m
[2m10:47:38[0m [[32m[1minfo     [0m] [1mTranskribiere Audio vor Execution: /Users/patrick/Documents/Uni/master_project/backend/app/api/v1/endpoints/../../../uploads/c13c5e15-97d0-453a-a595-720b450ec42d.opus mit Skill skill_audio_transcription[0m [36mreq[0m=[35mb240ef3a[0m
[2m10:47:38[0m [[32m[1minfo     [0m] [1mAdded default pip requirements for 'audio transcription': ['faster-whisper', 'pydub'][0m [36mreq[0m=[35mb240ef3a[0m
[2m10:47:38[0m [[32m[1minfo     [0m] [1mStarting sandbox execution: pip=['faster-whisper', 'pydub'], apt=['ffmpeg'], input_files=['c13c5e15-97d0-453a-a595-720b450ec42d.opus'][0m [36mreq[0m=[35mb240ef3a[0m
[2m10:47:38[0m [[32m[1minfo     [0m] [1mFound cached image: lumari-sandbox:audio-6ccb47b0 (usage=17)[0m [36mreq[0m=[35mb240ef3a[0m
[2m10:47:38[0m [[32m[1minfo     [0m] [1mUsing cached image: lumari-sandbox:audio-6ccb47b0[0m [36mreq[0m=[35mb240ef3a[0m
[2m10:47:38[0m [[32m[1minfo     [0m] [1mDocker client connected successfully    [0m [36mreq[0m=[35mb240ef3a[0m
[2m10:47:39[0m [[32m[1minfo     [0m] [1mSandbox execution complete: success=True, time=1181ms, cached=True[0m [36mreq[0m=[35mb240ef3a[0m
[2m10:47:43[0m [[32m[1minfo     [0m] [1mGetting challenge status: id=afcfda1c-2578-4c95-896c-e0b899dcd3ce[0m [36mreq[0m=[35mce5fd418[0m
[2m10:47:43[0m [[32m[1minfo     [0m] [1mrequest_finished                        [0m [36mduration[0m=[35m0.005[0m [36mmethod[0m=[35mGET[0m [36mpath[0m=[35m/api/v1/challenges/afcfda1c-2578-4c95-896c-e0b899dcd3ce[0m [36mreq[0m=[35mce5fd418[0m [36mrequest_id[0m=[35mce5fd418-e4d4-457e-9202-0ed019ed2d38[0m [36mstatus[0m=[35m200[0m
[2m10:47:45[0m [[32m[1minfo     [0m] [1mTranskription erfolgreich: 141 Zeichen  [0m [36mreq[0m=[35mb240ef3a[0m
[2m10:47:45[0m [[32m[1minfo     [0m] [1mLoading topology from database...       [0m [36mreq[0m=[35mb240ef3a[0m
[2m10:47:45[0m [[32m[1minfo     [0m] [1mMapped 8 skill entries to 8 capabilities[0m [36mreq[0m=[35mb240ef3a[0m
[2m10:47:45[0m [[32m[1minfo     [0m] [1mTopology validated: 11 agents in 5 waves[0m [36mreq[0m=[35mb240ef3a[0m
[2m10:47:45[0m [[32m[1minfo     [0m] [1mLoaded 8 skills for topology            [0m [36mreq[0m=[35mb240ef3a[0m
[2m10:47:45[0m [[32m[1minfo     [0m] [1mTopology loaded: 11 agents, 5 waves     [0m [36mreq[0m=[35mb240ef3a[0m
[2m10:47:45[0m [[32m[1minfo     [0m] [1mShared memory initialized with Qdrant   [0m [36mreq[0m=[35mb240ef3a[0m
[2m10:47:45[0m [[32m[1minfo     [0m] [1mHybridOrchestrator initialized          [0m [36mreq[0m=[35mb240ef3a[0m
[2m10:47:45[0m [[32m[1minfo     [0m] [1mStarting execution: b2564725-860a-4b52-b383-51e2ed8b5949[0m [36mreq[0m=[35mb240ef3a[0m
[2m10:47:45[0m [[32m[1minfo     [0m] [1mLoading topology from database...       [0m [36mreq[0m=[35mb240ef3a[0m
[2m10:47:45[0m [[32m[1minfo     [0m] [1mMapped 8 skill entries to 8 capabilities[0m [36mreq[0m=[35mb240ef3a[0m
[2m10:47:45[0m [[32m[1minfo     [0m] [1mTopology validated: 11 agents in 5 waves[0m [36mreq[0m=[35mb240ef3a[0m
[2m10:47:45[0m [[32m[1minfo     [0m] [1mLoaded 8 skills for topology            [0m [36mreq[0m=[35mb240ef3a[0m
[2m10:47:45[0m [[32m[1minfo     [0m] [1mTopology loaded: 11 agents, 5 waves     [0m [36mreq[0m=[35mb240ef3a[0m
[2m10:47:45[0m [[32m[1minfo     [0m] [1mDocker client connected successfully    [0m [36mreq[0m=[35mb240ef3a[0m
[2m10:47:45[0m [[32m[1minfo     [0m] [1mCreated DynamicSandbox executor (Docker-based, unrestricted)[0m [36mreq[0m=[35mb240ef3a[0m
[2m10:47:45[0m [[33m[1mwarning  [0m] [1mCould not create intervention orchestrator for self-healing: create_intervention_orchestrator() got an unexpected keyword argument 'db'[0m [36mreq[0m=[35mb240ef3a[0m
[2m10:47:45[0m [[32m[1minfo     [0m] [1mExecuting wave 1/5: ['05bebe15-b46f-4b91-96e3-a50f6cf9e68d', '90c17f3b-7f91-4174-b3ac-b59a51feb378', '65ad3c5c-f66c-49a0-a7cd-4b9ebc6142b9', '073d766c-ed4f-4519-8e36-8c9631e97c67'][0m [36mreq[0m=[35mb240ef3a[0m
[2m10:47:45[0m [[32m[1minfo     [0m] [1mExecuting agent: transcript_analyzer (05bebe15-b46f-4b91-96e3-a50f6cf9e68d)[0m [36mreq[0m=[35mb240ef3a[0m
[2m10:47:45[0m [[32m[1minfo     [0m] [1mExecuting agent: product_owner (90c17f3b-7f91-4174-b3ac-b59a51feb378)[0m [36mreq[0m=[35mb240ef3a[0m
[2m10:47:45[0m [[33m[1mwarning  [0m] [1mAgent product_owner expected artifacts ['analysis_findings'] but none found in pool[0m [36mreq[0m=[35mb240ef3a[0m
[2m10:47:45[0m [[32m[1minfo     [0m] [1mExecuting agent: quality_judge (65ad3c5c-f66c-49a0-a7cd-4b9ebc6142b9)[0m [36mreq[0m=[35mb240ef3a[0m
[2m10:47:45[0m [[33m[1mwarning  [0m] [1mAgent quality_judge expected artifacts ['ab_test_samples'] but none found in pool[0m [36mreq[0m=[35mb240ef3a[0m
[2m10:47:45[0m [[32m[1minfo     [0m] [1mExecuting agent: execution_analyzer (073d766c-ed4f-4519-8e36-8c9631e97c67)[0m [36mreq[0m=[35mb240ef3a[0m
[2m10:47:45[0m [[33m[1mwarning  [0m] [1mAgent execution_analyzer expected artifacts ['execution_telemetry'] but none found in pool[0m [36mreq[0m=[35mb240ef3a[0m
[2m10:47:46[0m [[32m[1minfo     [0m] [1mshared_memory_metrics agent=transcript_analyzer facts_kept=5 facts_total=8 hypotheses=0 relations=0 approx_tokens=2389 query_chars=1998[0m [36mreq[0m=[35mb240ef3a[0m
[2m10:47:47[0m [[32m[1minfo     [0m] [1mAgent product_owner returned final answer after 0 tool calls[0m [36mreq[0m=[35mb240ef3a[0m
[2m10:47:47[0m [[32m[1minfo     [0m] [1mAgent quality_judge returned final answer after 0 tool calls[0m [36mreq[0m=[35mb240ef3a[0m
[2m10:47:47[0m [[32m[1minfo     [0m] [1mAgent product_owner completed           [0m [36mreq[0m=[35mb240ef3a[0m
[2m10:47:47[0m [[32m[1minfo     [0m] [1mAgent transcript_analyzer returned final answer after 0 tool calls[0m [36mreq[0m=[35mb240ef3a[0m
[2m10:47:47[0m [[32m[1minfo     [0m] [1mAgent quality_judge completed           [0m [36mreq[0m=[35mb240ef3a[0m
[2m10:47:47[0m [[32m[1minfo     [0m] [1mAgent transcript_analyzer completed     [0m [36mreq[0m=[35mb240ef3a[0m
[2m10:47:47[0m [[32m[1minfo     [0m] [1mAgent execution_analyzer returned final answer after 0 tool calls[0m [36mreq[0m=[35mb240ef3a[0m
[2m10:47:47[0m [[32m[1minfo     [0m] [1mAgent execution_analyzer completed      [0m [36mreq[0m=[35mb240ef3a[0m
[2m10:47:47[0m [[32m[1minfo     [0m] [1mWave 1 agent 'transcript_analyzer' completed: success=True, skipped=False, result_len=216[0m [36mreq[0m=[35mb240ef3a[0m
[2m10:47:47[0m [[32m[1minfo     [0m] [1mWave 1 agent 'product_owner' completed: success=True, skipped=False, result_len=152[0m [36mreq[0m=[35mb240ef3a[0m
[2m10:47:47[0m [[32m[1minfo     [0m] [1mWave 1 agent 'quality_judge' completed: success=True, skipped=False, result_len=224[0m [36mreq[0m=[35mb240ef3a[0m
[2m10:47:47[0m [[32m[1minfo     [0m] [1mWave 1 agent 'execution_analyzer' completed: success=True, skipped=False, result_len=185[0m [36mreq[0m=[35mb240ef3a[0m
[2m10:47:47[0m [[32m[1minfo     [0m] [1mExecuting wave 2/5: ['49898ec1-10da-4a11-8457-1358d844c805', '07f8b963-9d7c-4232-ba20-52aa8d850e1d'][0m [36mreq[0m=[35mb240ef3a[0m
[2m10:47:47[0m [[32m[1minfo     [0m] [1mExecuting agent: context_retriever (49898ec1-10da-4a11-8457-1358d844c805)[0m [36mreq[0m=[35mb240ef3a[0m
[2m10:47:47[0m [[32m[1minfo     [0m] [1mExecuting agent: control_agent (07f8b963-9d7c-4232-ba20-52aa8d850e1d)[0m [36mreq[0m=[35mb240ef3a[0m
[2m10:47:48[0m [[32m[1minfo     [0m] [1mAgent control_agent returned final answer after 0 tool calls[0m [36mreq[0m=[35mb240ef3a[0m
[2m10:47:48[0m [[32m[1minfo     [0m] [1mAgent control_agent completed           [0m [36mreq[0m=[35mb240ef3a[0m
[2m10:47:48[0m [[32m[1minfo     [0m] [1mAgent context_retriever returned final answer after 0 tool calls[0m [36mreq[0m=[35mb240ef3a[0m
[2m10:47:48[0m [[32m[1minfo     [0m] [1mGetting challenge status: id=afcfda1c-2578-4c95-896c-e0b899dcd3ce[0m [36mreq[0m=[35m639978b8[0m
[2m10:47:48[0m [[32m[1minfo     [0m] [1mrequest_finished                        [0m [36mduration[0m=[35m0.008[0m [36mmethod[0m=[35mGET[0m [36mpath[0m=[35m/api/v1/challenges/afcfda1c-2578-4c95-896c-e0b899dcd3ce[0m [36mreq[0m=[35m639978b8[0m [36mrequest_id[0m=[35m639978b8-13b0-4cd8-9666-a8ba889c3b83[0m [36mstatus[0m=[35m200[0m
[2m10:47:48[0m [[32m[1minfo     [0m] [1mAgent context_retriever completed       [0m [36mreq[0m=[35mb240ef3a[0m
[2m10:47:48[0m [[32m[1minfo     [0m] [1mWave 2 agent 'context_retriever' completed: success=True, skipped=False, result_len=366[0m [36mreq[0m=[35mb240ef3a[0m
[2m10:47:48[0m [[32m[1minfo     [0m] [1mWave 2 agent 'control_agent' completed: success=True, skipped=False, result_len=164[0m [36mreq[0m=[35mb240ef3a[0m
[2m10:47:48[0m [[32m[1minfo     [0m] [1mExecuting wave 3/5: ['f54aabd1-ca21-4768-b12e-ccf5ca95d0da', 'a676e764-25ce-41cf-95d1-b838c8e6804d', 'd01ede79-d82b-465b-ae42-d1a7a2ec4188'][0m [36mreq[0m=[35mb240ef3a[0m
[2m10:47:48[0m [[32m[1minfo     [0m] [1mExecuting agent: report_generator (f54aabd1-ca21-4768-b12e-ccf5ca95d0da)[0m [36mreq[0m=[35mb240ef3a[0m
[2m10:47:48[0m [[32m[1minfo     [0m] [1mExecuting agent: prompt_engineer (a676e764-25ce-41cf-95d1-b838c8e6804d)[0m [36mreq[0m=[35mb240ef3a[0m
[2m10:47:48[0m [[32m[1minfo     [0m] [1mExecuting agent: tool_builder (d01ede79-d82b-465b-ae42-d1a7a2ec4188)[0m [36mreq[0m=[35mb240ef3a[0m
[2m10:47:50[0m [[32m[1minfo     [0m] [1mAgent report_generator returned final answer after 0 tool calls[0m [36mreq[0m=[35mb240ef3a[0m
[2m10:47:50[0m [[32m[1minfo     [0m] [1mAgent report_generator completed        [0m [36mreq[0m=[35mb240ef3a[0m
[2m10:47:50[0m [[32m[1minfo     [0m] [1mAgent prompt_engineer returned final answer after 0 tool calls[0m [36mreq[0m=[35mb240ef3a[0m
[2m10:47:51[0m [[32m[1minfo     [0m] [1mAgent prompt_engineer completed         [0m [36mreq[0m=[35mb240ef3a[0m
[2m10:47:53[0m [[32m[1minfo     [0m] [1mGetting challenge status: id=afcfda1c-2578-4c95-896c-e0b899dcd3ce[0m [36mreq[0m=[35ma8eced36[0m
[2m10:47:53[0m [[32m[1minfo     [0m] [1mrequest_finished                        [0m [36mduration[0m=[35m0.009[0m [36mmethod[0m=[35mGET[0m [36mpath[0m=[35m/api/v1/challenges/afcfda1c-2578-4c95-896c-e0b899dcd3ce[0m [36mreq[0m=[35ma8eced36[0m [36mrequest_id[0m=[35ma8eced36-6a86-40c0-82f0-ad1d6b6105de[0m [36mstatus[0m=[35m200[0m
[2m10:47:55[0m [[33m[1mwarning  [0m] [1mRetryable error in structured+usage call (attempt 1/6), retrying in 2.6s...[0m [36mreq[0m=[35mb240ef3a[0m
[2m10:47:58[0m [[32m[1minfo     [0m] [1mGetting challenge status: id=afcfda1c-2578-4c95-896c-e0b899dcd3ce[0m [36mreq[0m=[35m06f1c5ef[0m
[2m10:47:58[0m [[32m[1minfo     [0m] [1mrequest_finished                        [0m [36mduration[0m=[35m0.006[0m [36mmethod[0m=[35mGET[0m [36mpath[0m=[35m/api/v1/challenges/afcfda1c-2578-4c95-896c-e0b899dcd3ce[0m [36mreq[0m=[35m06f1c5ef[0m [36mrequest_id[0m=[35m06f1c5ef-430a-4dbe-aa63-56d61942b149[0m [36mstatus[0m=[35m200[0m
[2m10:48:03[0m [[32m[1minfo     [0m] [1mGetting challenge status: id=afcfda1c-2578-4c95-896c-e0b899dcd3ce[0m [36mreq[0m=[35m20ad14c1[0m
[2m10:48:03[0m [[32m[1minfo     [0m] [1mrequest_finished                        [0m [36mduration[0m=[35m0.012[0m [36mmethod[0m=[35mGET[0m [36mpath[0m=[35m/api/v1/challenges/afcfda1c-2578-4c95-896c-e0b899dcd3ce[0m [36mreq[0m=[35m20ad14c1[0m [36mrequest_id[0m=[35m20ad14c1-5663-432c-9e6e-30b7b1901d48[0m [36mstatus[0m=[35m200[0m
[2m10:48:04[0m [[32m[1minfo     [0m] [1mAgent tool_builder returned final answer after 0 tool calls[0m [36mreq[0m=[35mb240ef3a[0m
[2m10:48:04[0m [[32m[1minfo     [0m] [1mAgent tool_builder completed            [0m [36mreq[0m=[35mb240ef3a[0m
[2m10:48:04[0m [[32m[1minfo     [0m] [1mWave 3 agent 'report_generator' completed: success=True, skipped=False, result_len=781[0m [36mreq[0m=[35mb240ef3a[0m
[2m10:48:04[0m [[32m[1minfo     [0m] [1mWave 3 agent 'prompt_engineer' completed: success=True, skipped=False, result_len=1611[0m [36mreq[0m=[35mb240ef3a[0m
[2m10:48:04[0m [[32m[1minfo     [0m] [1mWave 3 agent 'tool_builder' completed: success=True, skipped=False, result_len=193[0m [36mreq[0m=[35mb240ef3a[0m
[2m10:48:04[0m [[32m[1minfo     [0m] [1mExecuting wave 4/5: ['85860279-90e3-4984-b25d-af840d3dca9b'][0m [36mreq[0m=[35mb240ef3a[0m
[2m10:48:04[0m [[32m[1minfo     [0m] [1mExecuting agent: quality_validator (85860279-90e3-4984-b25d-af840d3dca9b)[0m [36mreq[0m=[35mb240ef3a[0m
[2m10:48:05[0m [[32m[1minfo     [0m] [1mAgent quality_validator returned final answer after 0 tool calls[0m [36mreq[0m=[35mb240ef3a[0m
[2m10:48:05[0m [[32m[1minfo     [0m] [1mAgent quality_validator completed       [0m [36mreq[0m=[35mb240ef3a[0m
[2m10:48:05[0m [[32m[1minfo     [0m] [1mWave 4 agent 'quality_validator' completed: success=True, skipped=False, result_len=165[0m [36mreq[0m=[35mb240ef3a[0m
[2m10:48:05[0m [[32m[1minfo     [0m] [1mExecuting wave 5/5: ['bbd241f8-1df0-49f4-950a-dc61efa2c950'][0m [36mreq[0m=[35mb240ef3a[0m
[2m10:48:05[0m [[32m[1minfo     [0m] [1mExecuting agent: report_finalizer (bbd241f8-1df0-49f4-950a-dc61efa2c950)[0m [36mreq[0m=[35mb240ef3a[0m
[2m10:48:08[0m [[32m[1minfo     [0m] [1mAgent report_finalizer returned final answer after 0 tool calls[0m [36mreq[0m=[35mb240ef3a[0m
[2m10:48:08[0m [[32m[1minfo     [0m] [1mAgent report_finalizer completed        [0m [36mreq[0m=[35mb240ef3a[0m
[2m10:48:08[0m [[32m[1minfo     [0m] [1mWave 5 agent 'report_finalizer' completed: success=True, skipped=False, result_len=1254[0m [36mreq[0m=[35mb240ef3a[0m
[2m10:48:08[0m [[32m[1minfo     [0m] [1mArtifact pool cleared: 11 artifacts discarded[0m [36mreq[0m=[35mb240ef3a[0m
[2m10:48:08[0m [[32m[1minfo     [0m] [1mPersisted 1 facts to shared memory for execution b2564725-860a-4b52-b383-51e2ed8b5949[0m [36mreq[0m=[35mb240ef3a[0m
[2m10:48:08[0m [[32m[1minfo     [0m] [1mStarting telemetry for agent=05bebe15..., execution=b2564725...[0m [36mreq[0m=[35mb240ef3a[0m
[2m10:48:08[0m [[33m[1mwarning  [0m] [1mTelemetrie-Bridge fehlgeschlagen: 1 validation error for ExecutionTelemetryCreate
outcome
  Input should be 'success', 'error', 'timeout' or 'cancelled' [type=literal_error, input_value='running', input_type=str]
    For further information visit https://errors.pydantic.dev/2.11/v/literal_error[0m [36mreq[0m=[35mb240ef3a[0m
[2m10:48:08[0m [[32m[1minfo     [0m] [1mConfigured epicbox profile: image=lumari-sandbox:latest, limits={'cputime': 5, 'realtime': 10, 'memory': 128, 'processes': 1}[0m [36mreq[0m=[35mb240ef3a[0m
[2m10:48:08[0m [[32m[1minfo     [0m] [1mStarting analysis pipeline for execution_id=b2564725...[0m [36mreq[0m=[35mb240ef3a[0m
[2m10:48:08[0m [[32m[1minfo     [0m] [1mExecution completed: challenge_id=afcfda1c-2578-4c95-896c-e0b899dcd3ce, success=True[0m [36mreq[0m=[35mb240ef3a[0m
[2m10:48:08[0m [[33m[1mwarning  [0m] [1mNo telemetry found for execution b2564725-860a-4b52-b383-51e2ed8b5949[0m [36mreq[0m=[35mb240ef3a[0m
[2m10:48:08[0m [[32m[1minfo     [0m] [1mGetting challenge status: id=afcfda1c-2578-4c95-896c-e0b899dcd3ce[0m [36mreq[0m=[35m1698a3bf[0m
[2m10:48:08[0m [[32m[1minfo     [0m] [1mrequest_finished                        [0m [36mduration[0m=[35m0.006[0m [36mmethod[0m=[35mGET[0m [36mpath[0m=[35m/api/v1/challenges/afcfda1c-2578-4c95-896c-e0b899dcd3ce[0m [36mreq[0m=[35m1698a3bf[0m [36mrequest_id[0m=[35m1698a3bf-7472-4f50-99de-cc707d5a24f9[0m [36mstatus[0m=[35m200[0m
[2m10:48:08[0m [[32m[1minfo     [0m] [1mGetting challenge results: id=afcfda1c-2578-4c95-896c-e0b899dcd3ce[0m [36mreq[0m=[35m30eacaec[0m
[2m10:48:08[0m [[32m[1minfo     [0m] [1mrequest_finished                        [0m [36mduration[0m=[35m0.008[0m [36mmethod[0m=[35mGET[0m [36mpath[0m=[35m/api/v1/challenges/afcfda1c-2578-4c95-896c-e0b899dcd3ce/results[0m [36mreq[0m=[35m30eacaec[0m [36mrequest_id[0m=[35m30eacaec-9d79-49c4-9159-ee16012a8ebb[0m [36mstatus[0m=[35m200[0m
[2m10:48:10[0m [[32m[1minfo     [0m] [1mFile upload: begehung_maengel_20251022.opus, size=306911, type=audio/opus[0m [36mreq[0m=[35mf7301595[0m
[2m10:48:10[0m [[32m[1minfo     [0m] [1mSaved binary file to: /Users/patrick/Documents/Uni/master_project/backend/app/api/v1/endpoints/../../../uploads/a0c007c0-ac58-42f8-9949-b22fd433e6eb.opus[0m [36mreq[0m=[35mf7301595[0m
[2m10:48:10[0m [[32m[1minfo     [0m] [1mAudio transcription skill available: skill_audio_transcription — will transcribe in background[0m [36mreq[0m=[35mf7301595[0m
[2m10:48:10[0m [[32m[1minfo     [0m] [1mFile upload: begehung_maengel_20251022.opus -> challenge_id=eb40ad83-947e-4be1-be7a-833362e254f7, gaps=0, route=execute[0m [36mreq[0m=[35mf7301595[0m
[2m10:48:10[0m [[32m[1minfo     [0m] [1mrequest_finished                        [0m [36mduration[0m=[35m0.03[0m [36mmethod[0m=[35mPOST[0m [36mpath[0m=[35m/api/v1/challenges/upload[0m [36mreq[0m=[35mf7301595[0m [36mrequest_id[0m=[35mf7301595-bacb-469e-9a82-d8dfd5d72b24[0m [36mstatus[0m=[35m200[0m
[2m10:48:10[0m [[32m[1minfo     [0m] [1mExecuting challenge: id=eb40ad83-947e-4be1-be7a-833362e254f7[0m [36mreq[0m=[35mc62ce6f9[0m
[2m10:48:10[0m [[32m[1minfo     [0m] [1mrequest_finished                        [0m [36mduration[0m=[35m0.007[0m [36mmethod[0m=[35mPOST[0m [36mpath[0m=[35m/api/v1/challenges/eb40ad83-947e-4be1-be7a-833362e254f7/execute[0m [36mreq[0m=[35mc62ce6f9[0m [36mrequest_id[0m=[35mc62ce6f9-9752-4c67-a7e4-ce476dde4159[0m [36mstatus[0m=[35m200[0m
[2m10:48:10[0m [[32m[1minfo     [0m] [1mStarting background execution: challenge_id=eb40ad83-947e-4be1-be7a-833362e254f7[0m [36mreq[0m=[35mc62ce6f9[0m
[2m10:48:10[0m [[32m[1minfo     [0m] [1mTranskribiere Audio vor Execution: /Users/patrick/Documents/Uni/master_project/backend/app/api/v1/endpoints/../../../uploads/a0c007c0-ac58-42f8-9949-b22fd433e6eb.opus mit Skill skill_audio_transcription[0m [36mreq[0m=[35mc62ce6f9[0m
[2m10:48:10[0m [[32m[1minfo     [0m] [1mAdded default pip requirements for 'audio transcription': ['faster-whisper', 'pydub'][0m [36mreq[0m=[35mc62ce6f9[0m
[2m10:48:10[0m [[32m[1minfo     [0m] [1mStarting sandbox execution: pip=['faster-whisper', 'pydub'], apt=['ffmpeg'], input_files=['a0c007c0-ac58-42f8-9949-b22fd433e6eb.opus'][0m [36mreq[0m=[35mc62ce6f9[0m
[2m10:48:10[0m [[32m[1minfo     [0m] [1mFound cached image: lumari-sandbox:audio-6ccb47b0 (usage=18)[0m [36mreq[0m=[35mc62ce6f9[0m
[2m10:48:10[0m [[32m[1minfo     [0m] [1mUsing cached image: lumari-sandbox:audio-6ccb47b0[0m [36mreq[0m=[35mc62ce6f9[0m
[2m10:48:10[0m [[32m[1minfo     [0m] [1mDocker client connected successfully    [0m [36mreq[0m=[35mc62ce6f9[0m
[2m10:48:11[0m [[32m[1minfo     [0m] [1mSandbox execution complete: success=True, time=893ms, cached=True[0m [36mreq[0m=[35mc62ce6f9[0m
[2m10:48:15[0m [[32m[1minfo     [0m] [1mGetting challenge status: id=eb40ad83-947e-4be1-be7a-833362e254f7[0m [36mreq[0m=[35m569604b4[0m
[2m10:48:15[0m [[32m[1minfo     [0m] [1mrequest_finished                        [0m [36mduration[0m=[35m0.007[0m [36mmethod[0m=[35mGET[0m [36mpath[0m=[35m/api/v1/challenges/eb40ad83-947e-4be1-be7a-833362e254f7[0m [36mreq[0m=[35m569604b4[0m [36mrequest_id[0m=[35m569604b4-c032-4337-9120-e6415356bc96[0m [36mstatus[0m=[35m200[0m
[2m10:48:17[0m [[32m[1minfo     [0m] [1mTranskription erfolgreich: 141 Zeichen  [0m [36mreq[0m=[35mc62ce6f9[0m
[2m10:48:17[0m [[32m[1minfo     [0m] [1mLoading topology from database...       [0m [36mreq[0m=[35mc62ce6f9[0m
[2m10:48:17[0m [[32m[1minfo     [0m] [1mMapped 8 skill entries to 8 capabilities[0m [36mreq[0m=[35mc62ce6f9[0m
[2m10:48:17[0m [[32m[1minfo     [0m] [1mTopology validated: 11 agents in 5 waves[0m [36mreq[0m=[35mc62ce6f9[0m
[2m10:48:17[0m [[32m[1minfo     [0m] [1mLoaded 8 skills for topology            [0m [36mreq[0m=[35mc62ce6f9[0m
[2m10:48:17[0m [[32m[1minfo     [0m] [1mTopology loaded: 11 agents, 5 waves     [0m [36mreq[0m=[35mc62ce6f9[0m
[2m10:48:17[0m [[32m[1minfo     [0m] [1mShared memory initialized with Qdrant   [0m [36mreq[0m=[35mc62ce6f9[0m
[2m10:48:17[0m [[32m[1minfo     [0m] [1mHybridOrchestrator initialized          [0m [36mreq[0m=[35mc62ce6f9[0m
[2m10:48:17[0m [[32m[1minfo     [0m] [1mStarting execution: 207f3307-0b8d-40de-844c-7abfd0e01c80[0m [36mreq[0m=[35mc62ce6f9[0m
[2m10:48:17[0m [[32m[1minfo     [0m] [1mLoading topology from database...       [0m [36mreq[0m=[35mc62ce6f9[0m
[2m10:48:17[0m [[32m[1minfo     [0m] [1mMapped 8 skill entries to 8 capabilities[0m [36mreq[0m=[35mc62ce6f9[0m
[2m10:48:17[0m [[32m[1minfo     [0m] [1mTopology validated: 11 agents in 5 waves[0m [36mreq[0m=[35mc62ce6f9[0m
[2m10:48:17[0m [[32m[1minfo     [0m] [1mLoaded 8 skills for topology            [0m [36mreq[0m=[35mc62ce6f9[0m
[2m10:48:17[0m [[32m[1minfo     [0m] [1mTopology loaded: 11 agents, 5 waves     [0m [36mreq[0m=[35mc62ce6f9[0m
[2m10:48:17[0m [[32m[1minfo     [0m] [1mDocker client connected successfully    [0m [36mreq[0m=[35mc62ce6f9[0m
[2m10:48:17[0m [[32m[1minfo     [0m] [1mCreated DynamicSandbox executor (Docker-based, unrestricted)[0m [36mreq[0m=[35mc62ce6f9[0m
[2m10:48:17[0m [[33m[1mwarning  [0m] [1mCould not create intervention orchestrator for self-healing: create_intervention_orchestrator() got an unexpected keyword argument 'db'[0m [36mreq[0m=[35mc62ce6f9[0m
[2m10:48:17[0m [[32m[1minfo     [0m] [1mExecuting wave 1/5: ['05bebe15-b46f-4b91-96e3-a50f6cf9e68d', '90c17f3b-7f91-4174-b3ac-b59a51feb378', '65ad3c5c-f66c-49a0-a7cd-4b9ebc6142b9', '073d766c-ed4f-4519-8e36-8c9631e97c67'][0m [36mreq[0m=[35mc62ce6f9[0m
[2m10:48:17[0m [[32m[1minfo     [0m] [1mExecuting agent: transcript_analyzer (05bebe15-b46f-4b91-96e3-a50f6cf9e68d)[0m [36mreq[0m=[35mc62ce6f9[0m
[2m10:48:17[0m [[32m[1minfo     [0m] [1mExecuting agent: product_owner (90c17f3b-7f91-4174-b3ac-b59a51feb378)[0m [36mreq[0m=[35mc62ce6f9[0m
[2m10:48:17[0m [[33m[1mwarning  [0m] [1mAgent product_owner expected artifacts ['analysis_findings'] but none found in pool[0m [36mreq[0m=[35mc62ce6f9[0m
[2m10:48:17[0m [[32m[1minfo     [0m] [1mExecuting agent: quality_judge (65ad3c5c-f66c-49a0-a7cd-4b9ebc6142b9)[0m [36mreq[0m=[35mc62ce6f9[0m
[2m10:48:17[0m [[33m[1mwarning  [0m] [1mAgent quality_judge expected artifacts ['ab_test_samples'] but none found in pool[0m [36mreq[0m=[35mc62ce6f9[0m
[2m10:48:17[0m [[32m[1minfo     [0m] [1mExecuting agent: execution_analyzer (073d766c-ed4f-4519-8e36-8c9631e97c67)[0m [36mreq[0m=[35mc62ce6f9[0m
[2m10:48:17[0m [[33m[1mwarning  [0m] [1mAgent execution_analyzer expected artifacts ['execution_telemetry'] but none found in pool[0m [36mreq[0m=[35mc62ce6f9[0m
[2m10:48:18[0m [[32m[1minfo     [0m] [1mshared_memory_metrics agent=transcript_analyzer facts_kept=5 facts_total=8 hypotheses=0 relations=0 approx_tokens=2389 query_chars=1998[0m [36mreq[0m=[35mc62ce6f9[0m
[2m10:48:18[0m [[32m[1minfo     [0m] [1mAgent execution_analyzer returned final answer after 0 tool calls[0m [36mreq[0m=[35mc62ce6f9[0m
[2m10:48:18[0m [[32m[1minfo     [0m] [1mAgent quality_judge returned final answer after 0 tool calls[0m [36mreq[0m=[35mc62ce6f9[0m
[2m10:48:18[0m [[32m[1minfo     [0m] [1mAgent execution_analyzer completed      [0m [36mreq[0m=[35mc62ce6f9[0m
[2m10:48:18[0m [[32m[1minfo     [0m] [1mAgent quality_judge completed           [0m [36mreq[0m=[35mc62ce6f9[0m
[2m10:48:18[0m [[32m[1minfo     [0m] [1mAgent product_owner returned final answer after 0 tool calls[0m [36mreq[0m=[35mc62ce6f9[0m
[2m10:48:19[0m [[32m[1minfo     [0m] [1mAgent transcript_analyzer returned final answer after 0 tool calls[0m [36mreq[0m=[35mc62ce6f9[0m
[2m10:48:19[0m [[32m[1minfo     [0m] [1mAgent product_owner completed           [0m [36mreq[0m=[35mc62ce6f9[0m
[2m10:48:19[0m [[32m[1minfo     [0m] [1mAgent transcript_analyzer completed     [0m [36mreq[0m=[35mc62ce6f9[0m
[2m10:48:19[0m [[32m[1minfo     [0m] [1mWave 1 agent 'transcript_analyzer' completed: success=True, skipped=False, result_len=329[0m [36mreq[0m=[35mc62ce6f9[0m
[2m10:48:19[0m [[32m[1minfo     [0m] [1mWave 1 agent 'product_owner' completed: success=True, skipped=False, result_len=650[0m [36mreq[0m=[35mc62ce6f9[0m
[2m10:48:19[0m [[32m[1minfo     [0m] [1mWave 1 agent 'quality_judge' completed: success=True, skipped=False, result_len=212[0m [36mreq[0m=[35mc62ce6f9[0m
[2m10:48:19[0m [[32m[1minfo     [0m] [1mWave 1 agent 'execution_analyzer' completed: success=True, skipped=False, result_len=248[0m [36mreq[0m=[35mc62ce6f9[0m
[2m10:48:19[0m [[32m[1minfo     [0m] [1mExecuting wave 2/5: ['49898ec1-10da-4a11-8457-1358d844c805', '07f8b963-9d7c-4232-ba20-52aa8d850e1d'][0m [36mreq[0m=[35mc62ce6f9[0m
[2m10:48:19[0m [[32m[1minfo     [0m] [1mExecuting agent: context_retriever (49898ec1-10da-4a11-8457-1358d844c805)[0m [36mreq[0m=[35mc62ce6f9[0m
[2m10:48:19[0m [[32m[1minfo     [0m] [1mExecuting agent: control_agent (07f8b963-9d7c-4232-ba20-52aa8d850e1d)[0m [36mreq[0m=[35mc62ce6f9[0m
[2m10:48:20[0m [[32m[1minfo     [0m] [1mAgent context_retriever returned final answer after 0 tool calls[0m [36mreq[0m=[35mc62ce6f9[0m
[2m10:48:20[0m [[32m[1minfo     [0m] [1mAgent control_agent returned final answer after 0 tool calls[0m [36mreq[0m=[35mc62ce6f9[0m
[2m10:48:20[0m [[32m[1minfo     [0m] [1mGetting challenge status: id=eb40ad83-947e-4be1-be7a-833362e254f7[0m [36mreq[0m=[35m87bc93e8[0m
[2m10:48:20[0m [[32m[1minfo     [0m] [1mrequest_finished                        [0m [36mduration[0m=[35m0.035[0m [36mmethod[0m=[35mGET[0m [36mpath[0m=[35m/api/v1/challenges/eb40ad83-947e-4be1-be7a-833362e254f7[0m [36mreq[0m=[35m87bc93e8[0m [36mrequest_id[0m=[35m87bc93e8-8952-401d-a239-817d9cf41fdb[0m [36mstatus[0m=[35m200[0m
[2m10:48:21[0m [[32m[1minfo     [0m] [1mAgent control_agent completed           [0m [36mreq[0m=[35mc62ce6f9[0m
[2m10:48:21[0m [[32m[1minfo     [0m] [1mAgent context_retriever completed       [0m [36mreq[0m=[35mc62ce6f9[0m
[2m10:48:21[0m [[32m[1minfo     [0m] [1mWave 2 agent 'context_retriever' completed: success=True, skipped=False, result_len=440[0m [36mreq[0m=[35mc62ce6f9[0m
[2m10:48:21[0m [[32m[1minfo     [0m] [1mWave 2 agent 'control_agent' completed: success=True, skipped=False, result_len=163[0m [36mreq[0m=[35mc62ce6f9[0m
[2m10:48:21[0m [[32m[1minfo     [0m] [1mExecuting wave 3/5: ['f54aabd1-ca21-4768-b12e-ccf5ca95d0da', 'a676e764-25ce-41cf-95d1-b838c8e6804d', 'd01ede79-d82b-465b-ae42-d1a7a2ec4188'][0m [36mreq[0m=[35mc62ce6f9[0m
[2m10:48:21[0m [[32m[1minfo     [0m] [1mExecuting agent: report_generator (f54aabd1-ca21-4768-b12e-ccf5ca95d0da)[0m [36mreq[0m=[35mc62ce6f9[0m
[2m10:48:21[0m [[32m[1minfo     [0m] [1mExecuting agent: prompt_engineer (a676e764-25ce-41cf-95d1-b838c8e6804d)[0m [36mreq[0m=[35mc62ce6f9[0m
[2m10:48:21[0m [[32m[1minfo     [0m] [1mExecuting agent: tool_builder (d01ede79-d82b-465b-ae42-d1a7a2ec4188)[0m [36mreq[0m=[35mc62ce6f9[0m
[2m10:48:22[0m [[32m[1minfo     [0m] [1mAgent report_generator returned final answer after 0 tool calls[0m [36mreq[0m=[35mc62ce6f9[0m
[2m10:48:22[0m [[32m[1minfo     [0m] [1mAgent report_generator completed        [0m [36mreq[0m=[35mc62ce6f9[0m
[2m10:48:23[0m [[32m[1minfo     [0m] [1mAgent prompt_engineer returned final answer after 0 tool calls[0m [36mreq[0m=[35mc62ce6f9[0m
[2m10:48:24[0m [[32m[1minfo     [0m] [1mAgent prompt_engineer completed         [0m [36mreq[0m=[35mc62ce6f9[0m
[2m10:48:25[0m [[32m[1minfo     [0m] [1mAgent tool_builder returned final answer after 0 tool calls[0m [36mreq[0m=[35mc62ce6f9[0m
[2m10:48:25[0m [[32m[1minfo     [0m] [1mAgent tool_builder completed            [0m [36mreq[0m=[35mc62ce6f9[0m
[2m10:48:25[0m [[32m[1minfo     [0m] [1mWave 3 agent 'report_generator' completed: success=True, skipped=False, result_len=336[0m [36mreq[0m=[35mc62ce6f9[0m
[2m10:48:25[0m [[32m[1minfo     [0m] [1mWave 3 agent 'prompt_engineer' completed: success=True, skipped=False, result_len=1976[0m [36mreq[0m=[35mc62ce6f9[0m
[2m10:48:25[0m [[32m[1minfo     [0m] [1mWave 3 agent 'tool_builder' completed: success=True, skipped=False, result_len=302[0m [36mreq[0m=[35mc62ce6f9[0m
[2m10:48:25[0m [[32m[1minfo     [0m] [1mExecuting wave 4/5: ['85860279-90e3-4984-b25d-af840d3dca9b'][0m [36mreq[0m=[35mc62ce6f9[0m
[2m10:48:25[0m [[32m[1minfo     [0m] [1mExecuting agent: quality_validator (85860279-90e3-4984-b25d-af840d3dca9b)[0m [36mreq[0m=[35mc62ce6f9[0m
[2m10:48:25[0m [[32m[1minfo     [0m] [1mGetting challenge status: id=eb40ad83-947e-4be1-be7a-833362e254f7[0m [36mreq[0m=[35m247c3b4c[0m
[2m10:48:25[0m [[32m[1minfo     [0m] [1mrequest_finished                        [0m [36mduration[0m=[35m0.004[0m [36mmethod[0m=[35mGET[0m [36mpath[0m=[35m/api/v1/challenges/eb40ad83-947e-4be1-be7a-833362e254f7[0m [36mreq[0m=[35m247c3b4c[0m [36mrequest_id[0m=[35m247c3b4c-f366-455a-b37e-2d449d2965ec[0m [36mstatus[0m=[35m200[0m
[2m10:48:27[0m [[32m[1minfo     [0m] [1mAgent quality_validator returned final answer after 0 tool calls[0m [36mreq[0m=[35mc62ce6f9[0m
[2m10:48:27[0m [[32m[1minfo     [0m] [1mAgent quality_validator completed       [0m [36mreq[0m=[35mc62ce6f9[0m
[2m10:48:27[0m [[32m[1minfo     [0m] [1mWave 4 agent 'quality_validator' completed: success=True, skipped=False, result_len=482[0m [36mreq[0m=[35mc62ce6f9[0m
[2m10:48:27[0m [[32m[1minfo     [0m] [1mExecuting wave 5/5: ['bbd241f8-1df0-49f4-950a-dc61efa2c950'][0m [36mreq[0m=[35mc62ce6f9[0m
[2m10:48:27[0m [[32m[1minfo     [0m] [1mExecuting agent: report_finalizer (bbd241f8-1df0-49f4-950a-dc61efa2c950)[0m [36mreq[0m=[35mc62ce6f9[0m
[2m10:48:28[0m [[32m[1minfo     [0m] [1mAgent report_finalizer returned final answer after 0 tool calls[0m [36mreq[0m=[35mc62ce6f9[0m
[2m10:48:29[0m [[32m[1minfo     [0m] [1mAgent report_finalizer completed        [0m [36mreq[0m=[35mc62ce6f9[0m
[2m10:48:29[0m [[32m[1minfo     [0m] [1mWave 5 agent 'report_finalizer' completed: success=True, skipped=False, result_len=817[0m [36mreq[0m=[35mc62ce6f9[0m
[2m10:48:29[0m [[32m[1minfo     [0m] [1mArtifact pool cleared: 11 artifacts discarded[0m [36mreq[0m=[35mc62ce6f9[0m
[2m10:48:29[0m [[32m[1minfo     [0m] [1mPersisted 1 facts to shared memory for execution 207f3307-0b8d-40de-844c-7abfd0e01c80[0m [36mreq[0m=[35mc62ce6f9[0m
[2m10:48:29[0m [[32m[1minfo     [0m] [1mStarting telemetry for agent=05bebe15..., execution=207f3307...[0m [36mreq[0m=[35mc62ce6f9[0m
[2m10:48:29[0m [[33m[1mwarning  [0m] [1mTelemetrie-Bridge fehlgeschlagen: 1 validation error for ExecutionTelemetryCreate
outcome
  Input should be 'success', 'error', 'timeout' or 'cancelled' [type=literal_error, input_value='running', input_type=str]
    For further information visit https://errors.pydantic.dev/2.11/v/literal_error[0m [36mreq[0m=[35mc62ce6f9[0m
[2m10:48:29[0m [[32m[1minfo     [0m] [1mConfigured epicbox profile: image=lumari-sandbox:latest, limits={'cputime': 5, 'realtime': 10, 'memory': 128, 'processes': 1}[0m [36mreq[0m=[35mc62ce6f9[0m
[2m10:48:29[0m [[32m[1minfo     [0m] [1mStarting analysis pipeline for execution_id=207f3307...[0m [36mreq[0m=[35mc62ce6f9[0m
[2m10:48:29[0m [[32m[1minfo     [0m] [1mExecution completed: challenge_id=eb40ad83-947e-4be1-be7a-833362e254f7, success=True[0m [36mreq[0m=[35mc62ce6f9[0m
[2m10:48:29[0m [[33m[1mwarning  [0m] [1mNo telemetry found for execution 207f3307-0b8d-40de-844c-7abfd0e01c80[0m [36mreq[0m=[35mc62ce6f9[0m
[2m10:48:30[0m [[32m[1minfo     [0m] [1mGetting challenge status: id=eb40ad83-947e-4be1-be7a-833362e254f7[0m [36mreq[0m=[35m48efcad0[0m
[2m10:48:30[0m [[32m[1minfo     [0m] [1mrequest_finished                        [0m [36mduration[0m=[35m0.007[0m [36mmethod[0m=[35mGET[0m [36mpath[0m=[35m/api/v1/challenges/eb40ad83-947e-4be1-be7a-833362e254f7[0m [36mreq[0m=[35m48efcad0[0m [36mrequest_id[0m=[35m48efcad0-5237-4418-b537-cd14d03a0734[0m [36mstatus[0m=[35m200[0m
[2m10:48:30[0m [[32m[1minfo     [0m] [1mGetting challenge results: id=eb40ad83-947e-4be1-be7a-833362e254f7[0m [36mreq[0m=[35m97251968[0m
[2m10:48:30[0m [[32m[1minfo     [0m] [1mrequest_finished                        [0m [36mduration[0m=[35m0.006[0m [36mmethod[0m=[35mGET[0m [36mpath[0m=[35m/api/v1/challenges/eb40ad83-947e-4be1-be7a-833362e254f7/results[0m [36mreq[0m=[35m97251968[0m [36mrequest_id[0m=[35m97251968-5e5e-41b8-a08f-235da0a1120a[0m [36mstatus[0m=[35m200[0m
[2m10:48:33[0m [[32m[1minfo     [0m] [1mFile upload: bauleitungssitzung_20251028.opus, size=371346, type=audio/opus[0m [36mreq[0m=[35mbc7830b7[0m
[2m10:48:33[0m [[32m[1minfo     [0m] [1mSaved binary file to: /Users/patrick/Documents/Uni/master_project/backend/app/api/v1/endpoints/../../../uploads/434b2d66-80bf-4b7c-94c2-59af8644112a.opus[0m [36mreq[0m=[35mbc7830b7[0m
[2m10:48:33[0m [[32m[1minfo     [0m] [1mAudio transcription skill available: skill_audio_transcription — will transcribe in background[0m [36mreq[0m=[35mbc7830b7[0m
[2m10:48:33[0m [[32m[1minfo     [0m] [1mFile upload: bauleitungssitzung_20251028.opus -> challenge_id=5d9becb7-c50d-4188-9b40-98120905c2c5, gaps=0, route=execute[0m [36mreq[0m=[35mbc7830b7[0m
[2m10:48:33[0m [[32m[1minfo     [0m] [1mrequest_finished                        [0m [36mduration[0m=[35m0.028[0m [36mmethod[0m=[35mPOST[0m [36mpath[0m=[35m/api/v1/challenges/upload[0m [36mreq[0m=[35mbc7830b7[0m [36mrequest_id[0m=[35mbc7830b7-2f61-43ba-b02c-00dd433c3674[0m [36mstatus[0m=[35m200[0m
[2m10:48:33[0m [[32m[1minfo     [0m] [1mExecuting challenge: id=5d9becb7-c50d-4188-9b40-98120905c2c5[0m [36mreq[0m=[35m7e708872[0m
[2m10:48:33[0m [[32m[1minfo     [0m] [1mrequest_finished                        [0m [36mduration[0m=[35m0.006[0m [36mmethod[0m=[35mPOST[0m [36mpath[0m=[35m/api/v1/challenges/5d9becb7-c50d-4188-9b40-98120905c2c5/execute[0m [36mreq[0m=[35m7e708872[0m [36mrequest_id[0m=[35m7e708872-c5ff-4c15-bf92-5d9d11f55bad[0m [36mstatus[0m=[35m200[0m
[2m10:48:33[0m [[32m[1minfo     [0m] [1mStarting background execution: challenge_id=5d9becb7-c50d-4188-9b40-98120905c2c5[0m [36mreq[0m=[35m7e708872[0m
[2m10:48:33[0m [[32m[1minfo     [0m] [1mTranskribiere Audio vor Execution: /Users/patrick/Documents/Uni/master_project/backend/app/api/v1/endpoints/../../../uploads/434b2d66-80bf-4b7c-94c2-59af8644112a.opus mit Skill skill_audio_transcription[0m [36mreq[0m=[35m7e708872[0m
[2m10:48:33[0m [[32m[1minfo     [0m] [1mAdded default pip requirements for 'audio transcription': ['faster-whisper', 'pydub'][0m [36mreq[0m=[35m7e708872[0m
[2m10:48:33[0m [[32m[1minfo     [0m] [1mStarting sandbox execution: pip=['faster-whisper', 'pydub'], apt=['ffmpeg'], input_files=['434b2d66-80bf-4b7c-94c2-59af8644112a.opus'][0m [36mreq[0m=[35m7e708872[0m
[2m10:48:33[0m [[32m[1minfo     [0m] [1mFound cached image: lumari-sandbox:audio-6ccb47b0 (usage=19)[0m [36mreq[0m=[35m7e708872[0m
[2m10:48:33[0m [[32m[1minfo     [0m] [1mUsing cached image: lumari-sandbox:audio-6ccb47b0[0m [36mreq[0m=[35m7e708872[0m
[2m10:48:33[0m [[32m[1minfo     [0m] [1mDocker client connected successfully    [0m [36mreq[0m=[35m7e708872[0m
[2m10:48:33[0m [[32m[1minfo     [0m] [1mSandbox execution complete: success=True, time=739ms, cached=True[0m [36mreq[0m=[35m7e708872[0m
[2m10:48:38[0m [[32m[1minfo     [0m] [1mGetting challenge status: id=5d9becb7-c50d-4188-9b40-98120905c2c5[0m [36mreq[0m=[35mc215856a[0m
[2m10:48:38[0m [[32m[1minfo     [0m] [1mrequest_finished                        [0m [36mduration[0m=[35m0.011[0m [36mmethod[0m=[35mGET[0m [36mpath[0m=[35m/api/v1/challenges/5d9becb7-c50d-4188-9b40-98120905c2c5[0m [36mreq[0m=[35mc215856a[0m [36mrequest_id[0m=[35mc215856a-cb87-490d-97dd-56157d15ce65[0m [36mstatus[0m=[35m200[0m
[2m10:48:39[0m [[32m[1minfo     [0m] [1mTranskription erfolgreich: 141 Zeichen  [0m [36mreq[0m=[35m7e708872[0m
[2m10:48:39[0m [[32m[1minfo     [0m] [1mLoading topology from database...       [0m [36mreq[0m=[35m7e708872[0m
[2m10:48:39[0m [[32m[1minfo     [0m] [1mMapped 8 skill entries to 8 capabilities[0m [36mreq[0m=[35m7e708872[0m
[2m10:48:39[0m [[32m[1minfo     [0m] [1mTopology validated: 11 agents in 5 waves[0m [36mreq[0m=[35m7e708872[0m
[2m10:48:39[0m [[32m[1minfo     [0m] [1mLoaded 8 skills for topology            [0m [36mreq[0m=[35m7e708872[0m
[2m10:48:39[0m [[32m[1minfo     [0m] [1mTopology loaded: 11 agents, 5 waves     [0m [36mreq[0m=[35m7e708872[0m
[2m10:48:39[0m [[32m[1minfo     [0m] [1mShared memory initialized with Qdrant   [0m [36mreq[0m=[35m7e708872[0m
[2m10:48:39[0m [[32m[1minfo     [0m] [1mHybridOrchestrator initialized          [0m [36mreq[0m=[35m7e708872[0m
[2m10:48:39[0m [[32m[1minfo     [0m] [1mStarting execution: 289ff09c-0d7f-46ba-b269-186d7603a6ce[0m [36mreq[0m=[35m7e708872[0m
[2m10:48:39[0m [[32m[1minfo     [0m] [1mLoading topology from database...       [0m [36mreq[0m=[35m7e708872[0m
[2m10:48:39[0m [[32m[1minfo     [0m] [1mMapped 8 skill entries to 8 capabilities[0m [36mreq[0m=[35m7e708872[0m
[2m10:48:39[0m [[32m[1minfo     [0m] [1mTopology validated: 11 agents in 5 waves[0m [36mreq[0m=[35m7e708872[0m
[2m10:48:39[0m [[32m[1minfo     [0m] [1mLoaded 8 skills for topology            [0m [36mreq[0m=[35m7e708872[0m
[2m10:48:39[0m [[32m[1minfo     [0m] [1mTopology loaded: 11 agents, 5 waves     [0m [36mreq[0m=[35m7e708872[0m
[2m10:48:39[0m [[32m[1minfo     [0m] [1mDocker client connected successfully    [0m [36mreq[0m=[35m7e708872[0m
[2m10:48:39[0m [[32m[1minfo     [0m] [1mCreated DynamicSandbox executor (Docker-based, unrestricted)[0m [36mreq[0m=[35m7e708872[0m
[2m10:48:39[0m [[33m[1mwarning  [0m] [1mCould not create intervention orchestrator for self-healing: create_intervention_orchestrator() got an unexpected keyword argument 'db'[0m [36mreq[0m=[35m7e708872[0m
[2m10:48:39[0m [[32m[1minfo     [0m] [1mExecuting wave 1/5: ['05bebe15-b46f-4b91-96e3-a50f6cf9e68d', '90c17f3b-7f91-4174-b3ac-b59a51feb378', '65ad3c5c-f66c-49a0-a7cd-4b9ebc6142b9', '073d766c-ed4f-4519-8e36-8c9631e97c67'][0m [36mreq[0m=[35m7e708872[0m
[2m10:48:40[0m [[32m[1minfo     [0m] [1mExecuting agent: transcript_analyzer (05bebe15-b46f-4b91-96e3-a50f6cf9e68d)[0m [36mreq[0m=[35m7e708872[0m
[2m10:48:40[0m [[32m[1minfo     [0m] [1mExecuting agent: product_owner (90c17f3b-7f91-4174-b3ac-b59a51feb378)[0m [36mreq[0m=[35m7e708872[0m
[2m10:48:40[0m [[33m[1mwarning  [0m] [1mAgent product_owner expected artifacts ['analysis_findings'] but none found in pool[0m [36mreq[0m=[35m7e708872[0m
[2m10:48:40[0m [[32m[1minfo     [0m] [1mExecuting agent: quality_judge (65ad3c5c-f66c-49a0-a7cd-4b9ebc6142b9)[0m [36mreq[0m=[35m7e708872[0m
[2m10:48:40[0m [[33m[1mwarning  [0m] [1mAgent quality_judge expected artifacts ['ab_test_samples'] but none found in pool[0m [36mreq[0m=[35m7e708872[0m
[2m10:48:40[0m [[32m[1minfo     [0m] [1mExecuting agent: execution_analyzer (073d766c-ed4f-4519-8e36-8c9631e97c67)[0m [36mreq[0m=[35m7e708872[0m
[2m10:48:40[0m [[33m[1mwarning  [0m] [1mAgent execution_analyzer expected artifacts ['execution_telemetry'] but none found in pool[0m [36mreq[0m=[35m7e708872[0m
[2m10:48:41[0m [[32m[1minfo     [0m] [1mshared_memory_metrics agent=transcript_analyzer facts_kept=5 facts_total=8 hypotheses=0 relations=0 approx_tokens=2389 query_chars=1998[0m [36mreq[0m=[35m7e708872[0m
[2m10:48:41[0m [[32m[1minfo     [0m] [1mAgent quality_judge returned final answer after 0 tool calls[0m [36mreq[0m=[35m7e708872[0m
[2m10:48:41[0m [[32m[1minfo     [0m] [1mAgent product_owner returned final answer after 0 tool calls[0m [36mreq[0m=[35m7e708872[0m
[2m10:48:41[0m [[32m[1minfo     [0m] [1mAgent execution_analyzer returned final answer after 0 tool calls[0m [36mreq[0m=[35m7e708872[0m
[2m10:48:41[0m [[32m[1minfo     [0m] [1mAgent quality_judge completed           [0m [36mreq[0m=[35m7e708872[0m
[2m10:48:41[0m [[32m[1minfo     [0m] [1mAgent execution_analyzer completed      [0m [36mreq[0m=[35m7e708872[0m
[2m10:48:41[0m [[32m[1minfo     [0m] [1mAgent product_owner completed           [0m [36mreq[0m=[35m7e708872[0m
[2m10:48:42[0m [[32m[1minfo     [0m] [1mAgent transcript_analyzer returned final answer after 0 tool calls[0m [36mreq[0m=[35m7e708872[0m
[2m10:48:42[0m [[32m[1minfo     [0m] [1mAgent transcript_analyzer completed     [0m [36mreq[0m=[35m7e708872[0m
[2m10:48:42[0m [[32m[1minfo     [0m] [1mWave 1 agent 'transcript_analyzer' completed: success=True, skipped=False, result_len=236[0m [36mreq[0m=[35m7e708872[0m
[2m10:48:42[0m [[32m[1minfo     [0m] [1mWave 1 agent 'product_owner' completed: success=True, skipped=False, result_len=462[0m [36mreq[0m=[35m7e708872[0m
[2m10:48:42[0m [[32m[1minfo     [0m] [1mWave 1 agent 'quality_judge' completed: success=True, skipped=False, result_len=210[0m [36mreq[0m=[35m7e708872[0m
[2m10:48:42[0m [[32m[1minfo     [0m] [1mWave 1 agent 'execution_analyzer' completed: success=True, skipped=False, result_len=215[0m [36mreq[0m=[35m7e708872[0m
[2m10:48:42[0m [[32m[1minfo     [0m] [1mExecuting wave 2/5: ['49898ec1-10da-4a11-8457-1358d844c805', '07f8b963-9d7c-4232-ba20-52aa8d850e1d'][0m [36mreq[0m=[35m7e708872[0m
[2m10:48:42[0m [[32m[1minfo     [0m] [1mExecuting agent: context_retriever (49898ec1-10da-4a11-8457-1358d844c805)[0m [36mreq[0m=[35m7e708872[0m
[2m10:48:42[0m [[32m[1minfo     [0m] [1mExecuting agent: control_agent (07f8b963-9d7c-4232-ba20-52aa8d850e1d)[0m [36mreq[0m=[35m7e708872[0m
[2m10:48:43[0m [[32m[1minfo     [0m] [1mAgent context_retriever returned final answer after 0 tool calls[0m [36mreq[0m=[35m7e708872[0m
[2m10:48:43[0m [[32m[1minfo     [0m] [1mGetting challenge status: id=5d9becb7-c50d-4188-9b40-98120905c2c5[0m [36mreq[0m=[35m15444c07[0m
[2m10:48:43[0m [[32m[1minfo     [0m] [1mrequest_finished                        [0m [36mduration[0m=[35m0.016[0m [36mmethod[0m=[35mGET[0m [36mpath[0m=[35m/api/v1/challenges/5d9becb7-c50d-4188-9b40-98120905c2c5[0m [36mreq[0m=[35m15444c07[0m [36mrequest_id[0m=[35m15444c07-13fb-4787-95ad-5638bda1f8ee[0m [36mstatus[0m=[35m200[0m
[2m10:48:43[0m [[32m[1minfo     [0m] [1mAgent context_retriever completed       [0m [36mreq[0m=[35m7e708872[0m
[2m10:48:43[0m [[32m[1minfo     [0m] [1mAgent control_agent returned final answer after 0 tool calls[0m [36mreq[0m=[35m7e708872[0m
[2m10:48:43[0m [[32m[1minfo     [0m] [1mAgent control_agent completed           [0m [36mreq[0m=[35m7e708872[0m
[2m10:48:43[0m [[32m[1minfo     [0m] [1mWave 2 agent 'context_retriever' completed: success=True, skipped=False, result_len=273[0m [36mreq[0m=[35m7e708872[0m
[2m10:48:43[0m [[32m[1minfo     [0m] [1mWave 2 agent 'control_agent' completed: success=True, skipped=False, result_len=212[0m [36mreq[0m=[35m7e708872[0m
[2m10:48:43[0m [[32m[1minfo     [0m] [1mExecuting wave 3/5: ['f54aabd1-ca21-4768-b12e-ccf5ca95d0da', 'a676e764-25ce-41cf-95d1-b838c8e6804d', 'd01ede79-d82b-465b-ae42-d1a7a2ec4188'][0m [36mreq[0m=[35m7e708872[0m
[2m10:48:43[0m [[32m[1minfo     [0m] [1mExecuting agent: report_generator (f54aabd1-ca21-4768-b12e-ccf5ca95d0da)[0m [36mreq[0m=[35m7e708872[0m
[2m10:48:43[0m [[32m[1minfo     [0m] [1mExecuting agent: prompt_engineer (a676e764-25ce-41cf-95d1-b838c8e6804d)[0m [36mreq[0m=[35m7e708872[0m
[2m10:48:43[0m [[32m[1minfo     [0m] [1mExecuting agent: tool_builder (d01ede79-d82b-465b-ae42-d1a7a2ec4188)[0m [36mreq[0m=[35m7e708872[0m
[2m10:48:45[0m [[32m[1minfo     [0m] [1mAgent report_generator returned final answer after 0 tool calls[0m [36mreq[0m=[35m7e708872[0m
[2m10:48:45[0m [[32m[1minfo     [0m] [1mAgent report_generator completed        [0m [36mreq[0m=[35m7e708872[0m
[2m10:48:46[0m [[32m[1minfo     [0m] [1mAgent prompt_engineer returned final answer after 0 tool calls[0m [36mreq[0m=[35m7e708872[0m
[2m10:48:46[0m [[32m[1minfo     [0m] [1mAgent prompt_engineer completed         [0m [36mreq[0m=[35m7e708872[0m
[2m10:48:48[0m [[32m[1minfo     [0m] [1mGetting challenge status: id=5d9becb7-c50d-4188-9b40-98120905c2c5[0m [36mreq[0m=[35mb9f09a4c[0m
[2m10:48:48[0m [[32m[1minfo     [0m] [1mrequest_finished                        [0m [36mduration[0m=[35m0.006[0m [36mmethod[0m=[35mGET[0m [36mpath[0m=[35m/api/v1/challenges/5d9becb7-c50d-4188-9b40-98120905c2c5[0m [36mreq[0m=[35mb9f09a4c[0m [36mrequest_id[0m=[35mb9f09a4c-6576-4e17-967d-1f7abf7ad6d6[0m [36mstatus[0m=[35m200[0m
[2m10:48:49[0m [[32m[1minfo     [0m] [1mAgent tool_builder returned final answer after 0 tool calls[0m [36mreq[0m=[35m7e708872[0m
[2m10:48:49[0m [[32m[1minfo     [0m] [1mAgent tool_builder completed            [0m [36mreq[0m=[35m7e708872[0m
[2m10:48:49[0m [[32m[1minfo     [0m] [1mWave 3 agent 'report_generator' completed: success=True, skipped=False, result_len=279[0m [36mreq[0m=[35m7e708872[0m
[2m10:48:49[0m [[32m[1minfo     [0m] [1mWave 3 agent 'prompt_engineer' completed: success=True, skipped=False, result_len=1768[0m [36mreq[0m=[35m7e708872[0m
[2m10:48:49[0m [[32m[1minfo     [0m] [1mWave 3 agent 'tool_builder' completed: success=True, skipped=False, result_len=252[0m [36mreq[0m=[35m7e708872[0m
[2m10:48:49[0m [[32m[1minfo     [0m] [1mExecuting wave 4/5: ['85860279-90e3-4984-b25d-af840d3dca9b'][0m [36mreq[0m=[35m7e708872[0m
[2m10:48:49[0m [[32m[1minfo     [0m] [1mExecuting agent: quality_validator (85860279-90e3-4984-b25d-af840d3dca9b)[0m [36mreq[0m=[35m7e708872[0m
[2m10:48:50[0m [[32m[1minfo     [0m] [1mAgent quality_validator returned final answer after 0 tool calls[0m [36mreq[0m=[35m7e708872[0m
[2m10:48:50[0m [[32m[1minfo     [0m] [1mAgent quality_validator completed       [0m [36mreq[0m=[35m7e708872[0m
[2m10:48:50[0m [[32m[1minfo     [0m] [1mWave 4 agent 'quality_validator' completed: success=True, skipped=False, result_len=382[0m [36mreq[0m=[35m7e708872[0m
[2m10:48:50[0m [[32m[1minfo     [0m] [1mExecuting wave 5/5: ['bbd241f8-1df0-49f4-950a-dc61efa2c950'][0m [36mreq[0m=[35m7e708872[0m
[2m10:48:50[0m [[32m[1minfo     [0m] [1mExecuting agent: report_finalizer (bbd241f8-1df0-49f4-950a-dc61efa2c950)[0m [36mreq[0m=[35m7e708872[0m
[2m10:48:52[0m [[32m[1minfo     [0m] [1mAgent report_finalizer returned final answer after 0 tool calls[0m [36mreq[0m=[35m7e708872[0m
[2m10:48:52[0m [[32m[1minfo     [0m] [1mAgent report_finalizer completed        [0m [36mreq[0m=[35m7e708872[0m
[2m10:48:52[0m [[32m[1minfo     [0m] [1mWave 5 agent 'report_finalizer' completed: success=True, skipped=False, result_len=900[0m [36mreq[0m=[35m7e708872[0m
[2m10:48:52[0m [[32m[1minfo     [0m] [1mArtifact pool cleared: 11 artifacts discarded[0m [36mreq[0m=[35m7e708872[0m
[2m10:48:52[0m [[32m[1minfo     [0m] [1mPersisted 1 facts to shared memory for execution 289ff09c-0d7f-46ba-b269-186d7603a6ce[0m [36mreq[0m=[35m7e708872[0m
[2m10:48:52[0m [[32m[1minfo     [0m] [1mStarting telemetry for agent=05bebe15..., execution=289ff09c...[0m [36mreq[0m=[35m7e708872[0m
[2m10:48:52[0m [[33m[1mwarning  [0m] [1mTelemetrie-Bridge fehlgeschlagen: 1 validation error for ExecutionTelemetryCreate
outcome
  Input should be 'success', 'error', 'timeout' or 'cancelled' [type=literal_error, input_value='running', input_type=str]
    For further information visit https://errors.pydantic.dev/2.11/v/literal_error[0m [36mreq[0m=[35m7e708872[0m
[2m10:48:52[0m [[32m[1minfo     [0m] [1mConfigured epicbox profile: image=lumari-sandbox:latest, limits={'cputime': 5, 'realtime': 10, 'memory': 128, 'processes': 1}[0m [36mreq[0m=[35m7e708872[0m
[2m10:48:52[0m [[32m[1minfo     [0m] [1mExecution completed: challenge_id=5d9becb7-c50d-4188-9b40-98120905c2c5, success=True[0m [36mreq[0m=[35m7e708872[0m
[2m10:48:52[0m [[32m[1minfo     [0m] [1mStarting analysis pipeline for execution_id=289ff09c...[0m [36mreq[0m=[35m7e708872[0m
[2m10:48:52[0m [[33m[1mwarning  [0m] [1mNo telemetry found for execution 289ff09c-0d7f-46ba-b269-186d7603a6ce[0m [36mreq[0m=[35m7e708872[0m
[2m10:48:53[0m [[32m[1minfo     [0m] [1mGetting challenge status: id=5d9becb7-c50d-4188-9b40-98120905c2c5[0m [36mreq[0m=[35m8e286d10[0m
[2m10:48:53[0m [[32m[1minfo     [0m] [1mrequest_finished                        [0m [36mduration[0m=[35m0.052[0m [36mmethod[0m=[35mGET[0m [36mpath[0m=[35m/api/v1/challenges/5d9becb7-c50d-4188-9b40-98120905c2c5[0m [36mreq[0m=[35m8e286d10[0m [36mrequest_id[0m=[35m8e286d10-17c4-4259-bd15-a4d2fef08e08[0m [36mstatus[0m=[35m200[0m
[2m10:48:53[0m [[32m[1minfo     [0m] [1mGetting challenge results: id=5d9becb7-c50d-4188-9b40-98120905c2c5[0m [36mreq[0m=[35mdcda0210[0m
[2m10:48:53[0m [[32m[1minfo     [0m] [1mrequest_finished                        [0m [36mduration[0m=[35m0.086[0m [36mmethod[0m=[35mGET[0m [36mpath[0m=[35m/api/v1/challenges/5d9becb7-c50d-4188-9b40-98120905c2c5/results[0m [36mreq[0m=[35mdcda0210[0m [36mrequest_id[0m=[35mdcda0210-342a-4aef-88b9-388470ac7aa0[0m [36mstatus[0m=[35m200[0m
[2m10:48:55[0m [[32m[1minfo     [0m] [1mFile upload: telefonat_statiker_20251030.opus, size=162031, type=audio/opus[0m [36mreq[0m=[35m8e005649[0m
[2m10:48:55[0m [[32m[1minfo     [0m] [1mSaved binary file to: /Users/patrick/Documents/Uni/master_project/backend/app/api/v1/endpoints/../../../uploads/b8e04da6-175e-4807-a694-4b164d0578f8.opus[0m [36mreq[0m=[35m8e005649[0m
[2m10:48:55[0m [[32m[1minfo     [0m] [1mAudio transcription skill available: skill_audio_transcription — will transcribe in background[0m [36mreq[0m=[35m8e005649[0m
[2m10:48:55[0m [[32m[1minfo     [0m] [1mFile upload: telefonat_statiker_20251030.opus -> challenge_id=2852434a-cb9d-4e33-9d89-5613c21dde1e, gaps=0, route=execute[0m [36mreq[0m=[35m8e005649[0m
[2m10:48:55[0m [[32m[1minfo     [0m] [1mrequest_finished                        [0m [36mduration[0m=[35m0.042[0m [36mmethod[0m=[35mPOST[0m [36mpath[0m=[35m/api/v1/challenges/upload[0m [36mreq[0m=[35m8e005649[0m [36mrequest_id[0m=[35m8e005649-3a92-4389-9cb5-111aef21e28d[0m [36mstatus[0m=[35m200[0m
[2m10:48:55[0m [[32m[1minfo     [0m] [1mExecuting challenge: id=2852434a-cb9d-4e33-9d89-5613c21dde1e[0m [36mreq[0m=[35mb8e5a240[0m
[2m10:48:55[0m [[32m[1minfo     [0m] [1mrequest_finished                        [0m [36mduration[0m=[35m0.005[0m [36mmethod[0m=[35mPOST[0m [36mpath[0m=[35m/api/v1/challenges/2852434a-cb9d-4e33-9d89-5613c21dde1e/execute[0m [36mreq[0m=[35mb8e5a240[0m [36mrequest_id[0m=[35mb8e5a240-13e4-4f0c-8c05-5de31333e781[0m [36mstatus[0m=[35m200[0m
[2m10:48:55[0m [[32m[1minfo     [0m] [1mStarting background execution: challenge_id=2852434a-cb9d-4e33-9d89-5613c21dde1e[0m [36mreq[0m=[35mb8e5a240[0m
[2m10:48:55[0m [[32m[1minfo     [0m] [1mTranskribiere Audio vor Execution: /Users/patrick/Documents/Uni/master_project/backend/app/api/v1/endpoints/../../../uploads/b8e04da6-175e-4807-a694-4b164d0578f8.opus mit Skill skill_audio_transcription[0m [36mreq[0m=[35mb8e5a240[0m
[2m10:48:55[0m [[32m[1minfo     [0m] [1mAdded default pip requirements for 'audio transcription': ['faster-whisper', 'pydub'][0m [36mreq[0m=[35mb8e5a240[0m
[2m10:48:55[0m [[32m[1minfo     [0m] [1mStarting sandbox execution: pip=['faster-whisper', 'pydub'], apt=['ffmpeg'], input_files=['b8e04da6-175e-4807-a694-4b164d0578f8.opus'][0m [36mreq[0m=[35mb8e5a240[0m
[2m10:48:55[0m [[32m[1minfo     [0m] [1mFound cached image: lumari-sandbox:audio-6ccb47b0 (usage=20)[0m [36mreq[0m=[35mb8e5a240[0m
[2m10:48:55[0m [[32m[1minfo     [0m] [1mUsing cached image: lumari-sandbox:audio-6ccb47b0[0m [36mreq[0m=[35mb8e5a240[0m
[2m10:48:55[0m [[32m[1minfo     [0m] [1mDocker client connected successfully    [0m [36mreq[0m=[35mb8e5a240[0m
[2m10:48:56[0m [[32m[1minfo     [0m] [1mSandbox execution complete: success=True, time=979ms, cached=True[0m [36mreq[0m=[35mb8e5a240[0m
[2m10:49:00[0m [[32m[1minfo     [0m] [1mGetting challenge status: id=2852434a-cb9d-4e33-9d89-5613c21dde1e[0m [36mreq[0m=[35mf02be25f[0m
[2m10:49:00[0m [[32m[1minfo     [0m] [1mrequest_finished                        [0m [36mduration[0m=[35m0.011[0m [36mmethod[0m=[35mGET[0m [36mpath[0m=[35m/api/v1/challenges/2852434a-cb9d-4e33-9d89-5613c21dde1e[0m [36mreq[0m=[35mf02be25f[0m [36mrequest_id[0m=[35mf02be25f-f418-41d1-ae32-84844d2ef1a5[0m [36mstatus[0m=[35m200[0m
[2m10:49:01[0m [[32m[1minfo     [0m] [1mTranskription erfolgreich: 141 Zeichen  [0m [36mreq[0m=[35mb8e5a240[0m
[2m10:49:01[0m [[32m[1minfo     [0m] [1mLoading topology from database...       [0m [36mreq[0m=[35mb8e5a240[0m
[2m10:49:02[0m [[32m[1minfo     [0m] [1mMapped 8 skill entries to 8 capabilities[0m [36mreq[0m=[35mb8e5a240[0m
[2m10:49:02[0m [[32m[1minfo     [0m] [1mTopology validated: 11 agents in 5 waves[0m [36mreq[0m=[35mb8e5a240[0m
[2m10:49:02[0m [[32m[1minfo     [0m] [1mLoaded 8 skills for topology            [0m [36mreq[0m=[35mb8e5a240[0m
[2m10:49:02[0m [[32m[1minfo     [0m] [1mTopology loaded: 11 agents, 5 waves     [0m [36mreq[0m=[35mb8e5a240[0m
[2m10:49:02[0m [[32m[1minfo     [0m] [1mShared memory initialized with Qdrant   [0m [36mreq[0m=[35mb8e5a240[0m
[2m10:49:02[0m [[32m[1minfo     [0m] [1mHybridOrchestrator initialized          [0m [36mreq[0m=[35mb8e5a240[0m
[2m10:49:02[0m [[32m[1minfo     [0m] [1mStarting execution: fd0969b1-7bcb-483e-b885-32dc3e65bc58[0m [36mreq[0m=[35mb8e5a240[0m
[2m10:49:02[0m [[32m[1minfo     [0m] [1mLoading topology from database...       [0m [36mreq[0m=[35mb8e5a240[0m
[2m10:49:02[0m [[32m[1minfo     [0m] [1mMapped 8 skill entries to 8 capabilities[0m [36mreq[0m=[35mb8e5a240[0m
[2m10:49:02[0m [[32m[1minfo     [0m] [1mTopology validated: 11 agents in 5 waves[0m [36mreq[0m=[35mb8e5a240[0m
[2m10:49:02[0m [[32m[1minfo     [0m] [1mLoaded 8 skills for topology            [0m [36mreq[0m=[35mb8e5a240[0m
[2m10:49:02[0m [[32m[1minfo     [0m] [1mTopology loaded: 11 agents, 5 waves     [0m [36mreq[0m=[35mb8e5a240[0m
[2m10:49:02[0m [[32m[1minfo     [0m] [1mDocker client connected successfully    [0m [36mreq[0m=[35mb8e5a240[0m
[2m10:49:02[0m [[32m[1minfo     [0m] [1mCreated DynamicSandbox executor (Docker-based, unrestricted)[0m [36mreq[0m=[35mb8e5a240[0m
[2m10:49:02[0m [[33m[1mwarning  [0m] [1mCould not create intervention orchestrator for self-healing: create_intervention_orchestrator() got an unexpected keyword argument 'db'[0m [36mreq[0m=[35mb8e5a240[0m
[2m10:49:02[0m [[32m[1minfo     [0m] [1mExecuting wave 1/5: ['05bebe15-b46f-4b91-96e3-a50f6cf9e68d', '90c17f3b-7f91-4174-b3ac-b59a51feb378', '65ad3c5c-f66c-49a0-a7cd-4b9ebc6142b9', '073d766c-ed4f-4519-8e36-8c9631e97c67'][0m [36mreq[0m=[35mb8e5a240[0m
[2m10:49:02[0m [[32m[1minfo     [0m] [1mExecuting agent: transcript_analyzer (05bebe15-b46f-4b91-96e3-a50f6cf9e68d)[0m [36mreq[0m=[35mb8e5a240[0m
[2m10:49:02[0m [[32m[1minfo     [0m] [1mExecuting agent: product_owner (90c17f3b-7f91-4174-b3ac-b59a51feb378)[0m [36mreq[0m=[35mb8e5a240[0m
[2m10:49:02[0m [[33m[1mwarning  [0m] [1mAgent product_owner expected artifacts ['analysis_findings'] but none found in pool[0m [36mreq[0m=[35mb8e5a240[0m
[2m10:49:02[0m [[32m[1minfo     [0m] [1mExecuting agent: quality_judge (65ad3c5c-f66c-49a0-a7cd-4b9ebc6142b9)[0m [36mreq[0m=[35mb8e5a240[0m
[2m10:49:02[0m [[33m[1mwarning  [0m] [1mAgent quality_judge expected artifacts ['ab_test_samples'] but none found in pool[0m [36mreq[0m=[35mb8e5a240[0m
[2m10:49:02[0m [[32m[1minfo     [0m] [1mExecuting agent: execution_analyzer (073d766c-ed4f-4519-8e36-8c9631e97c67)[0m [36mreq[0m=[35mb8e5a240[0m
[2m10:49:02[0m [[33m[1mwarning  [0m] [1mAgent execution_analyzer expected artifacts ['execution_telemetry'] but none found in pool[0m [36mreq[0m=[35mb8e5a240[0m
[2m10:49:03[0m [[32m[1minfo     [0m] [1mshared_memory_metrics agent=transcript_analyzer facts_kept=5 facts_total=8 hypotheses=0 relations=0 approx_tokens=2389 query_chars=1998[0m [36mreq[0m=[35mb8e5a240[0m
[2m10:49:03[0m [[32m[1minfo     [0m] [1mAgent product_owner returned final answer after 0 tool calls[0m [36mreq[0m=[35mb8e5a240[0m
[2m10:49:03[0m [[32m[1minfo     [0m] [1mAgent quality_judge returned final answer after 0 tool calls[0m [36mreq[0m=[35mb8e5a240[0m
[2m10:49:03[0m [[32m[1minfo     [0m] [1mAgent product_owner completed           [0m [36mreq[0m=[35mb8e5a240[0m
[2m10:49:03[0m [[32m[1minfo     [0m] [1mAgent quality_judge completed           [0m [36mreq[0m=[35mb8e5a240[0m
[2m10:49:04[0m [[32m[1minfo     [0m] [1mAgent execution_analyzer returned final answer after 0 tool calls[0m [36mreq[0m=[35mb8e5a240[0m
[2m10:49:04[0m [[32m[1minfo     [0m] [1mAgent execution_analyzer completed      [0m [36mreq[0m=[35mb8e5a240[0m
[2m10:49:04[0m [[32m[1minfo     [0m] [1mAgent transcript_analyzer returned final answer after 0 tool calls[0m [36mreq[0m=[35mb8e5a240[0m
[2m10:49:05[0m [[32m[1minfo     [0m] [1mAgent transcript_analyzer completed     [0m [36mreq[0m=[35mb8e5a240[0m
[2m10:49:05[0m [[32m[1minfo     [0m] [1mWave 1 agent 'transcript_analyzer' completed: success=True, skipped=False, result_len=267[0m [36mreq[0m=[35mb8e5a240[0m
[2m10:49:05[0m [[32m[1minfo     [0m] [1mWave 1 agent 'product_owner' completed: success=True, skipped=False, result_len=227[0m [36mreq[0m=[35mb8e5a240[0m
[2m10:49:05[0m [[32m[1minfo     [0m] [1mWave 1 agent 'quality_judge' completed: success=True, skipped=False, result_len=209[0m [36mreq[0m=[35mb8e5a240[0m
[2m10:49:05[0m [[32m[1minfo     [0m] [1mWave 1 agent 'execution_analyzer' completed: success=True, skipped=False, result_len=244[0m [36mreq[0m=[35mb8e5a240[0m
[2m10:49:05[0m [[32m[1minfo     [0m] [1mExecuting wave 2/5: ['49898ec1-10da-4a11-8457-1358d844c805', '07f8b963-9d7c-4232-ba20-52aa8d850e1d'][0m [36mreq[0m=[35mb8e5a240[0m
[2m10:49:05[0m [[32m[1minfo     [0m] [1mExecuting agent: context_retriever (49898ec1-10da-4a11-8457-1358d844c805)[0m [36mreq[0m=[35mb8e5a240[0m
[2m10:49:05[0m [[32m[1minfo     [0m] [1mExecuting agent: control_agent (07f8b963-9d7c-4232-ba20-52aa8d850e1d)[0m [36mreq[0m=[35mb8e5a240[0m
[2m10:49:05[0m [[32m[1minfo     [0m] [1mGetting challenge status: id=2852434a-cb9d-4e33-9d89-5613c21dde1e[0m [36mreq[0m=[35m4298e7ad[0m
[2m10:49:05[0m [[32m[1minfo     [0m] [1mrequest_finished                        [0m [36mduration[0m=[35m0.017[0m [36mmethod[0m=[35mGET[0m [36mpath[0m=[35m/api/v1/challenges/2852434a-cb9d-4e33-9d89-5613c21dde1e[0m [36mreq[0m=[35m4298e7ad[0m [36mrequest_id[0m=[35m4298e7ad-ad69-4486-a8cb-efa5e28ee285[0m [36mstatus[0m=[35m200[0m
[2m10:49:06[0m [[32m[1minfo     [0m] [1mAgent control_agent returned final answer after 0 tool calls[0m [36mreq[0m=[35mb8e5a240[0m
[2m10:49:06[0m [[32m[1minfo     [0m] [1mAgent context_retriever returned final answer after 0 tool calls[0m [36mreq[0m=[35mb8e5a240[0m
[2m10:49:06[0m [[32m[1minfo     [0m] [1mAgent context_retriever completed       [0m [36mreq[0m=[35mb8e5a240[0m
[2m10:49:06[0m [[32m[1minfo     [0m] [1mAgent control_agent completed           [0m [36mreq[0m=[35mb8e5a240[0m
[2m10:49:06[0m [[32m[1minfo     [0m] [1mWave 2 agent 'context_retriever' completed: success=True, skipped=False, result_len=260[0m [36mreq[0m=[35mb8e5a240[0m
[2m10:49:06[0m [[32m[1minfo     [0m] [1mWave 2 agent 'control_agent' completed: success=True, skipped=False, result_len=206[0m [36mreq[0m=[35mb8e5a240[0m
[2m10:49:06[0m [[32m[1minfo     [0m] [1mExecuting wave 3/5: ['f54aabd1-ca21-4768-b12e-ccf5ca95d0da', 'a676e764-25ce-41cf-95d1-b838c8e6804d', 'd01ede79-d82b-465b-ae42-d1a7a2ec4188'][0m [36mreq[0m=[35mb8e5a240[0m
[2m10:49:06[0m [[32m[1minfo     [0m] [1mExecuting agent: report_generator (f54aabd1-ca21-4768-b12e-ccf5ca95d0da)[0m [36mreq[0m=[35mb8e5a240[0m
[2m10:49:06[0m [[32m[1minfo     [0m] [1mExecuting agent: prompt_engineer (a676e764-25ce-41cf-95d1-b838c8e6804d)[0m [36mreq[0m=[35mb8e5a240[0m
[2m10:49:06[0m [[32m[1minfo     [0m] [1mExecuting agent: tool_builder (d01ede79-d82b-465b-ae42-d1a7a2ec4188)[0m [36mreq[0m=[35mb8e5a240[0m
[2m10:49:07[0m [[32m[1minfo     [0m] [1mAgent report_generator returned final answer after 0 tool calls[0m [36mreq[0m=[35mb8e5a240[0m
[2m10:49:07[0m [[32m[1minfo     [0m] [1mAgent report_generator completed        [0m [36mreq[0m=[35mb8e5a240[0m
[2m10:49:08[0m [[32m[1minfo     [0m] [1mAgent prompt_engineer returned final answer after 0 tool calls[0m [36mreq[0m=[35mb8e5a240[0m
[2m10:49:08[0m [[32m[1minfo     [0m] [1mAgent prompt_engineer completed         [0m [36mreq[0m=[35mb8e5a240[0m
[2m10:49:10[0m [[32m[1minfo     [0m] [1mGetting challenge status: id=2852434a-cb9d-4e33-9d89-5613c21dde1e[0m [36mreq[0m=[35m8fb1eea6[0m
[2m10:49:10[0m [[32m[1minfo     [0m] [1mrequest_finished                        [0m [36mduration[0m=[35m0.007[0m [36mmethod[0m=[35mGET[0m [36mpath[0m=[35m/api/v1/challenges/2852434a-cb9d-4e33-9d89-5613c21dde1e[0m [36mreq[0m=[35m8fb1eea6[0m [36mrequest_id[0m=[35m8fb1eea6-a3f3-42c1-9892-00c4899a4b6d[0m [36mstatus[0m=[35m200[0m
[2m10:49:13[0m [[33m[1mwarning  [0m] [1mRetryable error in structured+usage call (attempt 1/6), retrying in 2.3s...[0m [36mreq[0m=[35mb8e5a240[0m
[2m10:49:15[0m [[32m[1minfo     [0m] [1mGetting challenge status: id=2852434a-cb9d-4e33-9d89-5613c21dde1e[0m [36mreq[0m=[35m146fa579[0m
[2m10:49:15[0m [[32m[1minfo     [0m] [1mrequest_finished                        [0m [36mduration[0m=[35m0.035[0m [36mmethod[0m=[35mGET[0m [36mpath[0m=[35m/api/v1/challenges/2852434a-cb9d-4e33-9d89-5613c21dde1e[0m [36mreq[0m=[35m146fa579[0m [36mrequest_id[0m=[35m146fa579-d5cb-41f6-82cc-190e71a6643f[0m [36mstatus[0m=[35m200[0m
[2m10:49:20[0m [[32m[1minfo     [0m] [1mGetting challenge status: id=2852434a-cb9d-4e33-9d89-5613c21dde1e[0m [36mreq[0m=[35m226f1047[0m
[2m10:49:20[0m [[32m[1minfo     [0m] [1mrequest_finished                        [0m [36mduration[0m=[35m0.015[0m [36mmethod[0m=[35mGET[0m [36mpath[0m=[35m/api/v1/challenges/2852434a-cb9d-4e33-9d89-5613c21dde1e[0m [36mreq[0m=[35m226f1047[0m [36mrequest_id[0m=[35m226f1047-d4f1-4163-8c24-2109c8450c64[0m [36mstatus[0m=[35m200[0m
[2m10:49:22[0m [[32m[1minfo     [0m] [1mAgent tool_builder returned final answer after 0 tool calls[0m [36mreq[0m=[35mb8e5a240[0m
[2m10:49:22[0m [[32m[1minfo     [0m] [1mAgent tool_builder completed            [0m [36mreq[0m=[35mb8e5a240[0m
[2m10:49:22[0m [[32m[1minfo     [0m] [1mWave 3 agent 'report_generator' completed: success=True, skipped=False, result_len=339[0m [36mreq[0m=[35mb8e5a240[0m
[2m10:49:22[0m [[32m[1minfo     [0m] [1mWave 3 agent 'prompt_engineer' completed: success=True, skipped=False, result_len=1321[0m [36mreq[0m=[35mb8e5a240[0m
[2m10:49:22[0m [[32m[1minfo     [0m] [1mWave 3 agent 'tool_builder' completed: success=True, skipped=False, result_len=227[0m [36mreq[0m=[35mb8e5a240[0m
[2m10:49:22[0m [[32m[1minfo     [0m] [1mExecuting wave 4/5: ['85860279-90e3-4984-b25d-af840d3dca9b'][0m [36mreq[0m=[35mb8e5a240[0m
[2m10:49:22[0m [[32m[1minfo     [0m] [1mExecuting agent: quality_validator (85860279-90e3-4984-b25d-af840d3dca9b)[0m [36mreq[0m=[35mb8e5a240[0m
[2m10:49:23[0m [[32m[1minfo     [0m] [1mAgent quality_validator returned final answer after 0 tool calls[0m [36mreq[0m=[35mb8e5a240[0m
[2m10:49:24[0m [[32m[1minfo     [0m] [1mAgent quality_validator completed       [0m [36mreq[0m=[35mb8e5a240[0m
[2m10:49:24[0m [[32m[1minfo     [0m] [1mWave 4 agent 'quality_validator' completed: success=True, skipped=False, result_len=428[0m [36mreq[0m=[35mb8e5a240[0m
[2m10:49:24[0m [[32m[1minfo     [0m] [1mExecuting wave 5/5: ['bbd241f8-1df0-49f4-950a-dc61efa2c950'][0m [36mreq[0m=[35mb8e5a240[0m
[2m10:49:24[0m [[32m[1minfo     [0m] [1mExecuting agent: report_finalizer (bbd241f8-1df0-49f4-950a-dc61efa2c950)[0m [36mreq[0m=[35mb8e5a240[0m
[2m10:49:25[0m [[32m[1minfo     [0m] [1mGetting challenge status: id=2852434a-cb9d-4e33-9d89-5613c21dde1e[0m [36mreq[0m=[35mad51e732[0m
[2m10:49:25[0m [[32m[1minfo     [0m] [1mrequest_finished                        [0m [36mduration[0m=[35m0.004[0m [36mmethod[0m=[35mGET[0m [36mpath[0m=[35m/api/v1/challenges/2852434a-cb9d-4e33-9d89-5613c21dde1e[0m [36mreq[0m=[35mad51e732[0m [36mrequest_id[0m=[35mad51e732-49da-4728-9268-6a5c507fb049[0m [36mstatus[0m=[35m200[0m
[2m10:49:25[0m [[32m[1minfo     [0m] [1mAgent report_finalizer returned final answer after 0 tool calls[0m [36mreq[0m=[35mb8e5a240[0m
[2m10:49:26[0m [[32m[1minfo     [0m] [1mAgent report_finalizer completed        [0m [36mreq[0m=[35mb8e5a240[0m
[2m10:49:26[0m [[32m[1minfo     [0m] [1mWave 5 agent 'report_finalizer' completed: success=True, skipped=False, result_len=803[0m [36mreq[0m=[35mb8e5a240[0m
[2m10:49:26[0m [[32m[1minfo     [0m] [1mArtifact pool cleared: 11 artifacts discarded[0m [36mreq[0m=[35mb8e5a240[0m
[2m10:49:26[0m [[32m[1minfo     [0m] [1mPersisted 1 facts to shared memory for execution fd0969b1-7bcb-483e-b885-32dc3e65bc58[0m [36mreq[0m=[35mb8e5a240[0m
[2m10:49:26[0m [[32m[1minfo     [0m] [1mStarting telemetry for agent=05bebe15..., execution=fd0969b1...[0m [36mreq[0m=[35mb8e5a240[0m
[2m10:49:26[0m [[33m[1mwarning  [0m] [1mTelemetrie-Bridge fehlgeschlagen: 1 validation error for ExecutionTelemetryCreate
outcome
  Input should be 'success', 'error', 'timeout' or 'cancelled' [type=literal_error, input_value='running', input_type=str]
    For further information visit https://errors.pydantic.dev/2.11/v/literal_error[0m [36mreq[0m=[35mb8e5a240[0m
[2m10:49:26[0m [[32m[1minfo     [0m] [1mConfigured epicbox profile: image=lumari-sandbox:latest, limits={'cputime': 5, 'realtime': 10, 'memory': 128, 'processes': 1}[0m [36mreq[0m=[35mb8e5a240[0m
[2m10:49:26[0m [[32m[1minfo     [0m] [1mExecution completed: challenge_id=2852434a-cb9d-4e33-9d89-5613c21dde1e, success=True[0m [36mreq[0m=[35mb8e5a240[0m
[2m10:49:26[0m [[32m[1minfo     [0m] [1mStarting analysis pipeline for execution_id=fd0969b1...[0m [36mreq[0m=[35mb8e5a240[0m
[2m10:49:26[0m [[33m[1mwarning  [0m] [1mNo telemetry found for execution fd0969b1-7bcb-483e-b885-32dc3e65bc58[0m [36mreq[0m=[35mb8e5a240[0m
[2m10:49:30[0m [[32m[1minfo     [0m] [1mGetting challenge status: id=2852434a-cb9d-4e33-9d89-5613c21dde1e[0m [36mreq[0m=[35mbb9c1641[0m
[2m10:49:30[0m [[32m[1minfo     [0m] [1mrequest_finished                        [0m [36mduration[0m=[35m0.023[0m [36mmethod[0m=[35mGET[0m [36mpath[0m=[35m/api/v1/challenges/2852434a-cb9d-4e33-9d89-5613c21dde1e[0m [36mreq[0m=[35mbb9c1641[0m [36mrequest_id[0m=[35mbb9c1641-0e72-4d08-aa9a-115631c55b5d[0m [36mstatus[0m=[35m200[0m
[2m10:49:30[0m [[32m[1minfo     [0m] [1mGetting challenge results: id=2852434a-cb9d-4e33-9d89-5613c21dde1e[0m [36mreq[0m=[35m78b4f5cc[0m
[2m10:49:30[0m [[32m[1minfo     [0m] [1mrequest_finished                        [0m [36mduration[0m=[35m0.011[0m [36mmethod[0m=[35mGET[0m [36mpath[0m=[35m/api/v1/challenges/2852434a-cb9d-4e33-9d89-5613c21dde1e/results[0m [36mreq[0m=[35m78b4f5cc[0m [36mrequest_id[0m=[35m78b4f5cc-b0a6-4263-a19e-874402555387[0m [36mstatus[0m=[35m200[0m
[2m10:49:32[0m [[32m[1minfo     [0m] [1mFile upload: sicherheitsbericht_20251105.opus, size=318785, type=audio/opus[0m [36mreq[0m=[35m45d46f54[0m
[2m10:49:32[0m [[32m[1minfo     [0m] [1mSaved binary file to: /Users/patrick/Documents/Uni/master_project/backend/app/api/v1/endpoints/../../../uploads/11e82ade-1b7f-4757-933d-d311a2d1a020.opus[0m [36mreq[0m=[35m45d46f54[0m
[2m10:49:32[0m [[32m[1minfo     [0m] [1mAudio transcription skill available: skill_audio_transcription — will transcribe in background[0m [36mreq[0m=[35m45d46f54[0m
[2m10:49:32[0m [[32m[1minfo     [0m] [1mFile upload: sicherheitsbericht_20251105.opus -> challenge_id=720f54cd-1821-4916-95db-306ade93425c, gaps=0, route=execute[0m [36mreq[0m=[35m45d46f54[0m
[2m10:49:32[0m [[32m[1minfo     [0m] [1mrequest_finished                        [0m [36mduration[0m=[35m0.065[0m [36mmethod[0m=[35mPOST[0m [36mpath[0m=[35m/api/v1/challenges/upload[0m [36mreq[0m=[35m45d46f54[0m [36mrequest_id[0m=[35m45d46f54-55e6-41be-8d3a-9f64937b9ac3[0m [36mstatus[0m=[35m200[0m
[2m10:49:32[0m [[32m[1minfo     [0m] [1mExecuting challenge: id=720f54cd-1821-4916-95db-306ade93425c[0m [36mreq[0m=[35m5f630892[0m
[2m10:49:32[0m [[32m[1minfo     [0m] [1mrequest_finished                        [0m [36mduration[0m=[35m0.006[0m [36mmethod[0m=[35mPOST[0m [36mpath[0m=[35m/api/v1/challenges/720f54cd-1821-4916-95db-306ade93425c/execute[0m [36mreq[0m=[35m5f630892[0m [36mrequest_id[0m=[35m5f630892-d959-46f8-9a17-99ff621ce3b4[0m [36mstatus[0m=[35m200[0m
[2m10:49:32[0m [[32m[1minfo     [0m] [1mStarting background execution: challenge_id=720f54cd-1821-4916-95db-306ade93425c[0m [36mreq[0m=[35m5f630892[0m
[2m10:49:32[0m [[32m[1minfo     [0m] [1mTranskribiere Audio vor Execution: /Users/patrick/Documents/Uni/master_project/backend/app/api/v1/endpoints/../../../uploads/11e82ade-1b7f-4757-933d-d311a2d1a020.opus mit Skill skill_audio_transcription[0m [36mreq[0m=[35m5f630892[0m
[2m10:49:32[0m [[32m[1minfo     [0m] [1mAdded default pip requirements for 'audio transcription': ['faster-whisper', 'pydub'][0m [36mreq[0m=[35m5f630892[0m
[2m10:49:32[0m [[32m[1minfo     [0m] [1mStarting sandbox execution: pip=['faster-whisper', 'pydub'], apt=['ffmpeg'], input_files=['11e82ade-1b7f-4757-933d-d311a2d1a020.opus'][0m [36mreq[0m=[35m5f630892[0m
[2m10:49:32[0m [[32m[1minfo     [0m] [1mFound cached image: lumari-sandbox:audio-6ccb47b0 (usage=21)[0m [36mreq[0m=[35m5f630892[0m
[2m10:49:32[0m [[32m[1minfo     [0m] [1mUsing cached image: lumari-sandbox:audio-6ccb47b0[0m [36mreq[0m=[35m5f630892[0m
[2m10:49:32[0m [[32m[1minfo     [0m] [1mDocker client connected successfully    [0m [36mreq[0m=[35m5f630892[0m
[2m10:49:34[0m [[32m[1minfo     [0m] [1mSandbox execution complete: success=True, time=1227ms, cached=True[0m [36mreq[0m=[35m5f630892[0m
[2m10:49:37[0m [[32m[1minfo     [0m] [1mGetting challenge status: id=720f54cd-1821-4916-95db-306ade93425c[0m [36mreq[0m=[35mcda6a5fd[0m
[2m10:49:37[0m [[32m[1minfo     [0m] [1mrequest_finished                        [0m [36mduration[0m=[35m0.014[0m [36mmethod[0m=[35mGET[0m [36mpath[0m=[35m/api/v1/challenges/720f54cd-1821-4916-95db-306ade93425c[0m [36mreq[0m=[35mcda6a5fd[0m [36mrequest_id[0m=[35mcda6a5fd-e745-4020-9ad4-0f67ff1a1a00[0m [36mstatus[0m=[35m200[0m
[2m10:49:39[0m [[32m[1minfo     [0m] [1mTranskription erfolgreich: 141 Zeichen  [0m [36mreq[0m=[35m5f630892[0m
[2m10:49:39[0m [[32m[1minfo     [0m] [1mLoading topology from database...       [0m [36mreq[0m=[35m5f630892[0m
[2m10:49:39[0m [[32m[1minfo     [0m] [1mMapped 8 skill entries to 8 capabilities[0m [36mreq[0m=[35m5f630892[0m
[2m10:49:39[0m [[32m[1minfo     [0m] [1mTopology validated: 11 agents in 5 waves[0m [36mreq[0m=[35m5f630892[0m
[2m10:49:39[0m [[32m[1minfo     [0m] [1mLoaded 8 skills for topology            [0m [36mreq[0m=[35m5f630892[0m
[2m10:49:39[0m [[32m[1minfo     [0m] [1mTopology loaded: 11 agents, 5 waves     [0m [36mreq[0m=[35m5f630892[0m
[2m10:49:39[0m [[32m[1minfo     [0m] [1mShared memory initialized with Qdrant   [0m [36mreq[0m=[35m5f630892[0m
[2m10:49:39[0m [[32m[1minfo     [0m] [1mHybridOrchestrator initialized          [0m [36mreq[0m=[35m5f630892[0m
[2m10:49:39[0m [[32m[1minfo     [0m] [1mStarting execution: 99e43388-5bfc-47ea-950c-13d414327bd5[0m [36mreq[0m=[35m5f630892[0m
[2m10:49:39[0m [[32m[1minfo     [0m] [1mLoading topology from database...       [0m [36mreq[0m=[35m5f630892[0m
[2m10:49:39[0m [[32m[1minfo     [0m] [1mMapped 8 skill entries to 8 capabilities[0m [36mreq[0m=[35m5f630892[0m
[2m10:49:39[0m [[32m[1minfo     [0m] [1mTopology validated: 11 agents in 5 waves[0m [36mreq[0m=[35m5f630892[0m
[2m10:49:39[0m [[32m[1minfo     [0m] [1mLoaded 8 skills for topology            [0m [36mreq[0m=[35m5f630892[0m
[2m10:49:39[0m [[32m[1minfo     [0m] [1mTopology loaded: 11 agents, 5 waves     [0m [36mreq[0m=[35m5f630892[0m
[2m10:49:39[0m [[32m[1minfo     [0m] [1mDocker client connected successfully    [0m [36mreq[0m=[35m5f630892[0m
[2m10:49:39[0m [[32m[1minfo     [0m] [1mCreated DynamicSandbox executor (Docker-based, unrestricted)[0m [36mreq[0m=[35m5f630892[0m
[2m10:49:39[0m [[33m[1mwarning  [0m] [1mCould not create intervention orchestrator for self-healing: create_intervention_orchestrator() got an unexpected keyword argument 'db'[0m [36mreq[0m=[35m5f630892[0m
[2m10:49:39[0m [[32m[1minfo     [0m] [1mExecuting wave 1/5: ['05bebe15-b46f-4b91-96e3-a50f6cf9e68d', '90c17f3b-7f91-4174-b3ac-b59a51feb378', '65ad3c5c-f66c-49a0-a7cd-4b9ebc6142b9', '073d766c-ed4f-4519-8e36-8c9631e97c67'][0m [36mreq[0m=[35m5f630892[0m
[2m10:49:39[0m [[32m[1minfo     [0m] [1mExecuting agent: transcript_analyzer (05bebe15-b46f-4b91-96e3-a50f6cf9e68d)[0m [36mreq[0m=[35m5f630892[0m
[2m10:49:39[0m [[32m[1minfo     [0m] [1mExecuting agent: product_owner (90c17f3b-7f91-4174-b3ac-b59a51feb378)[0m [36mreq[0m=[35m5f630892[0m
[2m10:49:39[0m [[33m[1mwarning  [0m] [1mAgent product_owner expected artifacts ['analysis_findings'] but none found in pool[0m [36mreq[0m=[35m5f630892[0m
[2m10:49:39[0m [[32m[1minfo     [0m] [1mExecuting agent: quality_judge (65ad3c5c-f66c-49a0-a7cd-4b9ebc6142b9)[0m [36mreq[0m=[35m5f630892[0m
[2m10:49:39[0m [[33m[1mwarning  [0m] [1mAgent quality_judge expected artifacts ['ab_test_samples'] but none found in pool[0m [36mreq[0m=[35m5f630892[0m
[2m10:49:39[0m [[32m[1minfo     [0m] [1mExecuting agent: execution_analyzer (073d766c-ed4f-4519-8e36-8c9631e97c67)[0m [36mreq[0m=[35m5f630892[0m
[2m10:49:39[0m [[33m[1mwarning  [0m] [1mAgent execution_analyzer expected artifacts ['execution_telemetry'] but none found in pool[0m [36mreq[0m=[35m5f630892[0m
[2m10:49:40[0m [[32m[1minfo     [0m] [1mshared_memory_metrics agent=transcript_analyzer facts_kept=5 facts_total=8 hypotheses=0 relations=0 approx_tokens=2389 query_chars=1998[0m [36mreq[0m=[35m5f630892[0m
[2m10:49:40[0m [[32m[1minfo     [0m] [1mAgent execution_analyzer returned final answer after 0 tool calls[0m [36mreq[0m=[35m5f630892[0m
[2m10:49:40[0m [[32m[1minfo     [0m] [1mAgent quality_judge returned final answer after 0 tool calls[0m [36mreq[0m=[35m5f630892[0m
[2m10:49:40[0m [[32m[1minfo     [0m] [1mAgent quality_judge completed           [0m [36mreq[0m=[35m5f630892[0m
[2m10:49:40[0m [[32m[1minfo     [0m] [1mAgent execution_analyzer completed      [0m [36mreq[0m=[35m5f630892[0m
[2m10:49:41[0m [[32m[1minfo     [0m] [1mAgent product_owner returned final answer after 0 tool calls[0m [36mreq[0m=[35m5f630892[0m
[2m10:49:41[0m [[32m[1minfo     [0m] [1mAgent product_owner completed           [0m [36mreq[0m=[35m5f630892[0m
[2m10:49:41[0m [[32m[1minfo     [0m] [1mAgent transcript_analyzer returned final answer after 0 tool calls[0m [36mreq[0m=[35m5f630892[0m
[2m10:49:41[0m [[32m[1minfo     [0m] [1mAgent transcript_analyzer completed     [0m [36mreq[0m=[35m5f630892[0m
[2m10:49:41[0m [[32m[1minfo     [0m] [1mWave 1 agent 'transcript_analyzer' completed: success=True, skipped=False, result_len=323[0m [36mreq[0m=[35m5f630892[0m
[2m10:49:41[0m [[32m[1minfo     [0m] [1mWave 1 agent 'product_owner' completed: success=True, skipped=False, result_len=593[0m [36mreq[0m=[35m5f630892[0m
[2m10:49:41[0m [[32m[1minfo     [0m] [1mWave 1 agent 'quality_judge' completed: success=True, skipped=False, result_len=172[0m [36mreq[0m=[35m5f630892[0m
[2m10:49:41[0m [[32m[1minfo     [0m] [1mWave 1 agent 'execution_analyzer' completed: success=True, skipped=False, result_len=258[0m [36mreq[0m=[35m5f630892[0m
[2m10:49:41[0m [[32m[1minfo     [0m] [1mExecuting wave 2/5: ['49898ec1-10da-4a11-8457-1358d844c805', '07f8b963-9d7c-4232-ba20-52aa8d850e1d'][0m [36mreq[0m=[35m5f630892[0m
[2m10:49:41[0m [[32m[1minfo     [0m] [1mExecuting agent: context_retriever (49898ec1-10da-4a11-8457-1358d844c805)[0m [36mreq[0m=[35m5f630892[0m
[2m10:49:41[0m [[32m[1minfo     [0m] [1mExecuting agent: control_agent (07f8b963-9d7c-4232-ba20-52aa8d850e1d)[0m [36mreq[0m=[35m5f630892[0m
[2m10:49:42[0m [[32m[1minfo     [0m] [1mAgent context_retriever returned final answer after 0 tool calls[0m [36mreq[0m=[35m5f630892[0m
[2m10:49:42[0m [[32m[1minfo     [0m] [1mGetting challenge status: id=720f54cd-1821-4916-95db-306ade93425c[0m [36mreq[0m=[35m1563bf28[0m
[2m10:49:42[0m [[32m[1minfo     [0m] [1mAgent control_agent returned final answer after 0 tool calls[0m [36mreq[0m=[35m5f630892[0m
[2m10:49:42[0m [[32m[1minfo     [0m] [1mrequest_finished                        [0m [36mduration[0m=[35m0.091[0m [36mmethod[0m=[35mGET[0m [36mpath[0m=[35m/api/v1/challenges/720f54cd-1821-4916-95db-306ade93425c[0m [36mreq[0m=[35m1563bf28[0m [36mrequest_id[0m=[35m1563bf28-27c7-4afd-bda7-d41b5e669f8c[0m [36mstatus[0m=[35m200[0m
[2m10:49:42[0m [[32m[1minfo     [0m] [1mAgent control_agent completed           [0m [36mreq[0m=[35m5f630892[0m
[2m10:49:42[0m [[32m[1minfo     [0m] [1mAgent context_retriever completed       [0m [36mreq[0m=[35m5f630892[0m
[2m10:49:42[0m [[32m[1minfo     [0m] [1mWave 2 agent 'context_retriever' completed: success=True, skipped=False, result_len=259[0m [36mreq[0m=[35m5f630892[0m
[2m10:49:42[0m [[32m[1minfo     [0m] [1mWave 2 agent 'control_agent' completed: success=True, skipped=False, result_len=159[0m [36mreq[0m=[35m5f630892[0m
[2m10:49:42[0m [[32m[1minfo     [0m] [1mExecuting wave 3/5: ['f54aabd1-ca21-4768-b12e-ccf5ca95d0da', 'a676e764-25ce-41cf-95d1-b838c8e6804d', 'd01ede79-d82b-465b-ae42-d1a7a2ec4188'][0m [36mreq[0m=[35m5f630892[0m
[2m10:49:43[0m [[32m[1minfo     [0m] [1mExecuting agent: report_generator (f54aabd1-ca21-4768-b12e-ccf5ca95d0da)[0m [36mreq[0m=[35m5f630892[0m
[2m10:49:43[0m [[32m[1minfo     [0m] [1mExecuting agent: prompt_engineer (a676e764-25ce-41cf-95d1-b838c8e6804d)[0m [36mreq[0m=[35m5f630892[0m
[2m10:49:43[0m [[32m[1minfo     [0m] [1mExecuting agent: tool_builder (d01ede79-d82b-465b-ae42-d1a7a2ec4188)[0m [36mreq[0m=[35m5f630892[0m
[2m10:49:44[0m [[32m[1minfo     [0m] [1mAgent report_generator returned final answer after 0 tool calls[0m [36mreq[0m=[35m5f630892[0m
[2m10:49:45[0m [[32m[1minfo     [0m] [1mAgent report_generator completed        [0m [36mreq[0m=[35m5f630892[0m
[2m10:49:45[0m [[32m[1minfo     [0m] [1mAgent prompt_engineer returned final answer after 0 tool calls[0m [36mreq[0m=[35m5f630892[0m
[2m10:49:46[0m [[32m[1minfo     [0m] [1mAgent prompt_engineer completed         [0m [36mreq[0m=[35m5f630892[0m
[2m10:49:47[0m [[32m[1minfo     [0m] [1mGetting challenge status: id=720f54cd-1821-4916-95db-306ade93425c[0m [36mreq[0m=[35mdc828bc4[0m
[2m10:49:47[0m [[32m[1minfo     [0m] [1mrequest_finished                        [0m [36mduration[0m=[35m0.004[0m [36mmethod[0m=[35mGET[0m [36mpath[0m=[35m/api/v1/challenges/720f54cd-1821-4916-95db-306ade93425c[0m [36mreq[0m=[35mdc828bc4[0m [36mrequest_id[0m=[35mdc828bc4-bc6d-47b1-8861-a9e958b2cdc2[0m [36mstatus[0m=[35m200[0m
[2m10:49:49[0m [[32m[1minfo     [0m] [1mAgent tool_builder returned final answer after 0 tool calls[0m [36mreq[0m=[35m5f630892[0m
[2m10:49:49[0m [[32m[1minfo     [0m] [1mAgent tool_builder completed            [0m [36mreq[0m=[35m5f630892[0m
[2m10:49:49[0m [[32m[1minfo     [0m] [1mWave 3 agent 'report_generator' completed: success=True, skipped=False, result_len=1014[0m [36mreq[0m=[35m5f630892[0m
[2m10:49:49[0m [[32m[1minfo     [0m] [1mWave 3 agent 'prompt_engineer' completed: success=True, skipped=False, result_len=1850[0m [36mreq[0m=[35m5f630892[0m
[2m10:49:49[0m [[32m[1minfo     [0m] [1mWave 3 agent 'tool_builder' completed: success=True, skipped=False, result_len=292[0m [36mreq[0m=[35m5f630892[0m
[2m10:49:49[0m [[32m[1minfo     [0m] [1mExecuting wave 4/5: ['85860279-90e3-4984-b25d-af840d3dca9b'][0m [36mreq[0m=[35m5f630892[0m
[2m10:49:49[0m [[32m[1minfo     [0m] [1mExecuting agent: quality_validator (85860279-90e3-4984-b25d-af840d3dca9b)[0m [36mreq[0m=[35m5f630892[0m
[2m10:49:50[0m [[32m[1minfo     [0m] [1mAgent quality_validator returned final answer after 0 tool calls[0m [36mreq[0m=[35m5f630892[0m
[2m10:49:51[0m [[32m[1minfo     [0m] [1mAgent quality_validator completed       [0m [36mreq[0m=[35m5f630892[0m
[2m10:49:51[0m [[32m[1minfo     [0m] [1mWave 4 agent 'quality_validator' completed: success=True, skipped=False, result_len=218[0m [36mreq[0m=[35m5f630892[0m
[2m10:49:51[0m [[32m[1minfo     [0m] [1mExecuting wave 5/5: ['bbd241f8-1df0-49f4-950a-dc61efa2c950'][0m [36mreq[0m=[35m5f630892[0m
[2m10:49:51[0m [[32m[1minfo     [0m] [1mExecuting agent: report_finalizer (bbd241f8-1df0-49f4-950a-dc61efa2c950)[0m [36mreq[0m=[35m5f630892[0m
[2m10:49:52[0m [[32m[1minfo     [0m] [1mGetting challenge status: id=720f54cd-1821-4916-95db-306ade93425c[0m [36mreq[0m=[35mc3914c91[0m
[2m10:49:52[0m [[32m[1minfo     [0m] [1mrequest_finished                        [0m [36mduration[0m=[35m0.013[0m [36mmethod[0m=[35mGET[0m [36mpath[0m=[35m/api/v1/challenges/720f54cd-1821-4916-95db-306ade93425c[0m [36mreq[0m=[35mc3914c91[0m [36mrequest_id[0m=[35mc3914c91-6f4d-4ac8-a815-53b53f67a47f[0m [36mstatus[0m=[35m200[0m
[2m10:49:53[0m [[32m[1minfo     [0m] [1mAgent report_finalizer returned final answer after 0 tool calls[0m [36mreq[0m=[35m5f630892[0m
[2m10:49:53[0m [[32m[1minfo     [0m] [1mAgent report_finalizer completed        [0m [36mreq[0m=[35m5f630892[0m
[2m10:49:53[0m [[32m[1minfo     [0m] [1mWave 5 agent 'report_finalizer' completed: success=True, skipped=False, result_len=1402[0m [36mreq[0m=[35m5f630892[0m
[2m10:49:53[0m [[32m[1minfo     [0m] [1mArtifact pool cleared: 11 artifacts discarded[0m [36mreq[0m=[35m5f630892[0m
[2m10:49:53[0m [[32m[1minfo     [0m] [1mPersisted 1 facts to shared memory for execution 99e43388-5bfc-47ea-950c-13d414327bd5[0m [36mreq[0m=[35m5f630892[0m
[2m10:49:53[0m [[32m[1minfo     [0m] [1mStarting telemetry for agent=05bebe15..., execution=99e43388...[0m [36mreq[0m=[35m5f630892[0m
[2m10:49:53[0m [[33m[1mwarning  [0m] [1mTelemetrie-Bridge fehlgeschlagen: 1 validation error for ExecutionTelemetryCreate
outcome
  Input should be 'success', 'error', 'timeout' or 'cancelled' [type=literal_error, input_value='running', input_type=str]
    For further information visit https://errors.pydantic.dev/2.11/v/literal_error[0m [36mreq[0m=[35m5f630892[0m
[2m10:49:53[0m [[32m[1minfo     [0m] [1mConfigured epicbox profile: image=lumari-sandbox:latest, limits={'cputime': 5, 'realtime': 10, 'memory': 128, 'processes': 1}[0m [36mreq[0m=[35m5f630892[0m
[2m10:49:53[0m [[32m[1minfo     [0m] [1mStarting analysis pipeline for execution_id=99e43388...[0m [36mreq[0m=[35m5f630892[0m
[2m10:49:53[0m [[32m[1minfo     [0m] [1mExecution completed: challenge_id=720f54cd-1821-4916-95db-306ade93425c, success=True[0m [36mreq[0m=[35m5f630892[0m
[2m10:49:53[0m [[33m[1mwarning  [0m] [1mNo telemetry found for execution 99e43388-5bfc-47ea-950c-13d414327bd5[0m [36mreq[0m=[35m5f630892[0m
[2m10:49:57[0m [[32m[1minfo     [0m] [1mGetting challenge status: id=720f54cd-1821-4916-95db-306ade93425c[0m [36mreq[0m=[35m61bd2005[0m
[2m10:49:57[0m [[32m[1minfo     [0m] [1mrequest_finished                        [0m [36mduration[0m=[35m0.012[0m [36mmethod[0m=[35mGET[0m [36mpath[0m=[35m/api/v1/challenges/720f54cd-1821-4916-95db-306ade93425c[0m [36mreq[0m=[35m61bd2005[0m [36mrequest_id[0m=[35m61bd2005-e242-459a-9b9c-4d34e445574b[0m [36mstatus[0m=[35m200[0m
[2m10:49:57[0m [[32m[1minfo     [0m] [1mGetting challenge results: id=720f54cd-1821-4916-95db-306ade93425c[0m [36mreq[0m=[35m8a853d0f[0m
[2m10:49:57[0m [[32m[1minfo     [0m] [1mrequest_finished                        [0m [36mduration[0m=[35m0.005[0m [36mmethod[0m=[35mGET[0m [36mpath[0m=[35m/api/v1/challenges/720f54cd-1821-4916-95db-306ade93425c/results[0m [36mreq[0m=[35m8a853d0f[0m [36mrequest_id[0m=[35m8a853d0f-27f1-4589-b172-fc39ce258d32[0m [36mstatus[0m=[35m200[0m
[2m10:51:08[0m [[32m[1minfo     [0m] [1mUpdating user settings: auto_apply=True [0m [36mreq[0m=[35m7faa5cf0[0m
[2m10:51:08[0m [[32m[1minfo     [0m] [1mUpdated settings for user default: auto_apply=True[0m [36mreq[0m=[35m7faa5cf0[0m
[2m10:51:08[0m [[32m[1minfo     [0m] [1mrequest_finished                        [0m [36mduration[0m=[35m0.029[0m [36mmethod[0m=[35mPUT[0m [36mpath[0m=[35m/api/v1/challenges/settings/user[0m [36mreq[0m=[35m7faa5cf0[0m [36mrequest_id[0m=[35m7faa5cf0-446c-45d0-bb1b-b6f42fc2947d[0m [36mstatus[0m=[35m200[0m
[2m10:51:08[0m [[32m[1minfo     [0m] [1mDirect challenge analysis: execution_id=1bd30993-9595-4729-936f-129ddfe30713[0m [36mreq[0m=[35m1fb375d3[0m
[2m10:51:08[0m [[32m[1minfo     [0m] [1mPre-execution analysis starting for execution 1bd30993-9595-4729-936f-129ddfe30713[0m [36mreq[0m=[35m1fb375d3[0m
[2m10:51:08[0m [[32m[1minfo     [0m] [1mAnalyzing challenge for execution 1bd30993-9595-4729-936f-129ddfe30713[0m [36mreq[0m=[35m1fb375d3[0m
[2m10:51:08[0m [[32m[1minfo     [0m] [1mLoading topology from database...       [0m [36mreq[0m=[35m1fb375d3[0m
[2m10:51:08[0m [[32m[1minfo     [0m] [1mMapped 8 skill entries to 8 capabilities[0m [36mreq[0m=[35m1fb375d3[0m
[2m10:51:08[0m [[32m[1minfo     [0m] [1mTopology validated: 11 agents in 5 waves[0m [36mreq[0m=[35m1fb375d3[0m
[2m10:51:08[0m [[32m[1minfo     [0m] [1mLoaded 8 skills for topology            [0m [36mreq[0m=[35m1fb375d3[0m
[2m10:51:08[0m [[32m[1minfo     [0m] [1mTopology loaded: 11 agents, 5 waves     [0m [36mreq[0m=[35m1fb375d3[0m
[2m10:51:08[0m [[32m[1minfo     [0m] [1mSkill 'skill_write_a_formal_daily_construction_report' provides applicability: 'This skill should be selected when you need to generate and save a formal, text-based daily construction progress report. It requires the site name and progress summary as input to produce a timestamped file in a specified directory.'[0m [36mreq[0m=[35m1fb375d3[0m
[2m10:51:08[0m [[32m[1minfo     [0m] [1mSkill 'skill_create_a_final_pdf_or_text_based_report_of_the_pouring_protocol' provides applicability: 'Select this skill when you need to generate a formal, documented record of a completed pouring protocol in either PDF or text format. It should be used once all protocol data—including the ID, operator, timestamp, and step list—has been finalized and validated.'[0m [36mreq[0m=[35m1fb375d3[0m
[2m10:51:08[0m [[32m[1minfo     [0m] [1mSkill 'skill_define_technical_migration_and_api_integration_roadmap' provides applicability: 'Select this skill when planning the transition from a legacy system to a new API architecture to generate a structured implementation roadmap and validation plan based on a chosen migration strategy (strangler fig, big bang, or dual-write).'[0m [36mreq[0m=[35m1fb375d3[0m
[2m10:51:08[0m [[32m[1minfo     [0m] [1mSkill 'skill_calculate_financial_impact_and_transaction_statistics' provides applicability: 'Select this skill when you need to derive aggregate financial metrics, such as total volume, averages, and category-specific impacts, from a structured list of transaction records. It is best utilized when transaction amounts require normalization from mixed string or numeric formats into a consistent float representation.'[0m [36mreq[0m=[35m1fb375d3[0m
[2m10:51:08[0m [[32m[1minfo     [0m] [1mSkill 'skill_calculate_budget_impact_of_proposed_cost_saving_measures' provides applicability: 'Select this skill when you need to determine the financial effect of multiple cost-saving initiatives on an existing budget. It should be used when you have a defined current budget and a list of specific proposed savings amounts to calculate the new budget total and the overall percentage reduction.'[0m [36mreq[0m=[35m1fb375d3[0m
[2m10:51:08[0m [[32m[1minfo     [0m] [1mSkill 'skill_audio_transcription' provides applicability: 'audio transcription'[0m [36mreq[0m=[35m1fb375d3[0m
[2m10:51:08[0m [[32m[1minfo     [0m] [1mSkill 'skill_generate_a_risk_matrix_visualization_or_summary_table' provides applicability: 'Select this skill when you need to visualize or summarize a list of risks by plotting their likelihood and impact scores on a 5x5 matrix. It should be used when your input data contains structured risk entries with defined numerical likelihood and impact values.'[0m [36mreq[0m=[35m1fb375d3[0m
[2m10:51:08[0m [[32m[1minfo     [0m] [1mSkill 'skill_evaluate_technical_risks_of_custom_abap_code_and_interface_dependencies' provides applicability: 'This skill should be selected when assessing the technical debt or stability risks of an SAP environment by identifying high-complexity custom ABAP objects and critical integration hubs. It is best applied during system audits or migration planning to prioritize objects requiring refactoring or rigorous testing based on their weighted risk scores and dependency density.'[0m [36mreq[0m=[35m1fb375d3[0m
[2m10:51:08[0m [[32m[1minfo     [0m] [1mExtracted 8 capabilities from 8 active skills[0m [36mreq[0m=[35m1fb375d3[0m
[2m10:51:08[0m [[32m[1minfo     [0m] [1mPrompt 'report_generator_prompt' provides affected_capability: 'structure inspection findings into a formal report format'[0m [36mreq[0m=[35m1fb375d3[0m
[2m10:51:08[0m [[32m[1minfo     [0m] [1mPrompt 'prompt_generate_professional_business_correspondence' provides affected_capability: 'generate professional business correspondence'[0m [36mreq[0m=[35m1fb375d3[0m
[2m10:51:08[0m [[32m[1minfo     [0m] [1mPrompt 'transcript_analyzer_prompt' provides affected_capability: 'analyze meeting transcript'[0m [36mreq[0m=[35m1fb375d3[0m
[2m10:51:08[0m [[32m[1minfo     [0m] [1mPrompt 'prompt_analyze_construction_site_personnel_data' provides affected_capability: 'analyze construction site personnel data'[0m [36mreq[0m=[35m1fb375d3[0m
[2m10:51:08[0m [[32m[1minfo     [0m] [1mPrompt 'prompt_generate_a_structured_change_order_document_for_the_client' provides affected_capability: 'generate a structured change order document for the client'[0m [36mreq[0m=[35m1fb375d3[0m
[2m10:51:08[0m [[32m[1minfo     [0m] [1mPrompt 'prompt_structure_cost_breakdown_for_project_management' provides affected_capability: 'structure cost breakdown for project management'[0m [36mreq[0m=[35m1fb375d3[0m
[2m10:51:08[0m [[32m[1minfo     [0m] [1mPrompt 'report_finalizer_prompt' provides affected_capability: 'generate a formal network disruption report document'[0m [36mreq[0m=[35m1fb375d3[0m
[2m10:51:08[0m [[32m[1minfo     [0m] [1mPrompt 'prompt_analyze_incident_and_change_logs' provides affected_capability: 'analyze incident and change logs'[0m [36mreq[0m=[35m1fb375d3[0m
[2m10:51:08[0m [[32m[1minfo     [0m] [1mExtracted 8 capabilities from 8 active prompts[0m [36mreq[0m=[35m1fb375d3[0m
[2m10:51:09[0m [[32m[1minfo     [0m] [1mLLM extracted 5 capabilities: 3 execution, 2 knowledge[0m [36mreq[0m=[35m1fb375d3[0m
[2m10:51:09[0m [[32m[1minfo     [0m] [1mExtracted 5 required capabilities       [0m [36mreq[0m=[35m1fb375d3[0m
[2m10:51:11[0m [[32m[1minfo     [0m] [1mAssessment complete: CANNOT_DO (1 gaps, 1 suggestions)[0m [36mreq[0m=[35m1fb375d3[0m
[2m10:51:11[0m [[32m[1minfo     [0m] [1mASSESSMENT_LOG execution_id=1bd30993-9595-4729-936f-129ddfe30713 confidence=CANNOT_DO gaps=1 route=developer_team duration_ms=2940[0m [36mreq[0m=[35m1fb375d3[0m
[2m10:51:11[0m [[32m[1minfo     [0m] [1mPre-execution analysis complete: CANNOT_DO -> route: developer_team[0m [36mreq[0m=[35m1fb375d3[0m
[2m10:51:11[0m [[32m[1minfo     [0m] [1mOrchestrator analysis complete: confidence=CANNOT_DO, route=developer_team[0m [36mreq[0m=[35m1fb375d3[0m
[2m10:51:11[0m [[32m[1minfo     [0m] [1m0 gaps already satisfied, 1 remaining   [0m [36mreq[0m=[35m1fb375d3[0m
[2m10:51:11[0m [[32m[1minfo     [0m] [1mGenerated build plan for challenge f01928bb-197a-4c8d-b1d0-ed2b677131b3: 1 items, 1 critical[0m [36mreq[0m=[35m1fb375d3[0m
[2m10:51:11[0m [[32m[1minfo     [0m] [1mrequest_finished                        [0m [36mduration[0m=[35m3.065[0m [36mmethod[0m=[35mPOST[0m [36mpath[0m=[35m/api/v1/challenges/analyze[0m [36mreq[0m=[35m1fb375d3[0m [36mrequest_id[0m=[35m1fb375d3-1a9d-4226-92f1-ba49f34d7726[0m [36mstatus[0m=[35m200[0m
[2m10:51:11[0m [[32m[1minfo     [0m] [1mStarting capability building: challenge_id=f01928bb-197a-4c8d-b1d0-ed2b677131b3[0m [36mreq[0m=[35m1fb375d3[0m
[2m10:51:11[0m [[32m[1minfo     [0m] [1mLoading topology from database...       [0m [36mreq[0m=[35m1fb375d3[0m
[2m10:51:11[0m [[32m[1minfo     [0m] [1mMapped 8 skill entries to 8 capabilities[0m [36mreq[0m=[35m1fb375d3[0m
[2m10:51:11[0m [[32m[1minfo     [0m] [1mTopology validated: 11 agents in 5 waves[0m [36mreq[0m=[35m1fb375d3[0m
[2m10:51:11[0m [[32m[1minfo     [0m] [1mLoaded 8 skills for topology            [0m [36mreq[0m=[35m1fb375d3[0m
[2m10:51:11[0m [[32m[1minfo     [0m] [1mTopology loaded: 11 agents, 5 waves     [0m [36mreq[0m=[35m1fb375d3[0m
[2m10:51:11[0m [[32m[1minfo     [0m] [1mRuntimeAgentRegistry initialized with max_concurrent=5[0m [36mreq[0m=[35m1fb375d3[0m
[2m10:51:11[0m [[32m[1minfo     [0m] [1mProcessing blocked challenge: id=f01928bb..., attempt=1/5[0m [36mreq[0m=[35m1fb375d3[0m
[2m10:51:11[0m [[32m[1minfo     [0m] [1mCreated gap plan: id=6df46550..., challenge=f01928bb..., gaps=1, cycle=1[0m [36mreq[0m=[35m1fb375d3[0m
[2m10:51:11[0m [[32m[1minfo     [0m] [1mCreated gap plan: 6df46550..., cycle=1, gaps=1[0m [36mreq[0m=[35m1fb375d3[0m
[2m10:51:11[0m [[32m[1minfo     [0m] [1mStarted gap plan: 6df46550...           [0m [36mreq[0m=[35m1fb375d3[0m
[2m10:51:11[0m [[32m[1minfo     [0m] [1mExecuting gap plan: 6df46550..., total_gaps=1, cycle=1[0m [36mreq[0m=[35m1fb375d3[0m
[2m10:51:11[0m [[32m[1minfo     [0m] [1mProcessing gap: 767ccec5... type=missing_skill, capability=connect to PostgreSQL database, severity=critical[0m [36mreq[0m=[35m1fb375d3[0m
[2m10:51:11[0m [[32m[1minfo     [0m] [1mStrategy proposed for connect to PostgreSQL database: direct (confidence=0.5)[0m [36mreq[0m=[35m1fb375d3[0m
[2m10:51:11[0m [[32m[1minfo     [0m] [1mBuilding capability: gap_type=missing_skill, severity=critical, attempt=1, approach=direct[0m [36mreq[0m=[35m1fb375d3[0m
[2m10:51:11[0m [[32m[1minfo     [0m] [1mUsing Skill Team for capability: connect to PostgreSQL database[0m [36mreq[0m=[35m1fb375d3[0m
[2m10:51:11[0m [[32m[1minfo     [0m] [1mStarting team-based skill development for: connect to PostgreSQL database[0m [36mreq[0m=[35m1fb375d3[0m
[2m10:51:11[0m [[32m[1minfo     [0m] [1mFound 10 previous failures to learn from[0m [36mreq[0m=[35m1fb375d3[0m
[2m10:51:11[0m [[32m[1minfo     [0m] [1mResearching capability: connect to PostgreSQL database[0m [36mreq[0m=[35m1fb375d3[0m
[2m10:51:11[0m [[32m[1minfo     [0m] [1mUsing cached research for: connect to PostgreSQL database[0m [36mreq[0m=[35m1fb375d3[0m
[2m10:51:11[0m [[32m[1minfo     [0m] [1mResearch complete: 0 packages found     [0m [36mreq[0m=[35m1fb375d3[0m
[2m10:51:14[0m [[32m[1minfo     [0m] [1mArchitecture complete: 2 test cases defined[0m [36mreq[0m=[35m1fb375d3[0m
[2m10:51:14[0m [[32m[1minfo     [0m] [1mDocker client connected successfully    [0m [36mreq[0m=[35m1fb375d3[0m
[2m10:51:14[0m [[32m[1minfo     [0m] [1mSession container created: 72ea896a706b [0m [36mreq[0m=[35m1fb375d3[0m
[2m10:51:14[0m [[32m[1minfo     [0m] [1mInstalling system packages: libpq-dev   [0m [36mreq[0m=[35m1fb375d3[0m
[2m10:51:16[0m [[32m[1minfo     [0m] [1mGetting challenge status: id=f01928bb-197a-4c8d-b1d0-ed2b677131b3[0m [36mreq[0m=[35m13eb5dc1[0m
[2m10:51:16[0m [[32m[1minfo     [0m] [1mrequest_finished                        [0m [36mduration[0m=[35m0.037[0m [36mmethod[0m=[35mGET[0m [36mpath[0m=[35m/api/v1/challenges/f01928bb-197a-4c8d-b1d0-ed2b677131b3[0m [36mreq[0m=[35m13eb5dc1[0m [36mrequest_id[0m=[35m13eb5dc1-243b-4336-bffd-bf064be0ae31[0m [36mstatus[0m=[35m200[0m
[2m10:51:21[0m [[32m[1minfo     [0m] [1mGetting challenge status: id=f01928bb-197a-4c8d-b1d0-ed2b677131b3[0m [36mreq[0m=[35m11697f75[0m
[2m10:51:21[0m [[32m[1minfo     [0m] [1mrequest_finished                        [0m [36mduration[0m=[35m0.018[0m [36mmethod[0m=[35mGET[0m [36mpath[0m=[35m/api/v1/challenges/f01928bb-197a-4c8d-b1d0-ed2b677131b3[0m [36mreq[0m=[35m11697f75[0m [36mrequest_id[0m=[35m11697f75-a3bb-465d-8e59-8c82561d43ea[0m [36mstatus[0m=[35m200[0m
[2m10:51:22[0m [[32m[1minfo     [0m] [1mSystem packages installed successfully: libpq-dev[0m [36mreq[0m=[35m1fb375d3[0m
[2m10:51:22[0m [[32m[1minfo     [0m] [1mInstalling pip packages: "psycopg[binary]>=3.1.0"[0m [36mreq[0m=[35m1fb375d3[0m
[2m10:51:24[0m [[32m[1minfo     [0m] [1mPip packages installed successfully     [0m [36mreq[0m=[35m1fb375d3[0m
[2m10:51:24[0m [[32m[1minfo     [0m] [1mImplementation iteration 1/10           [0m [36mreq[0m=[35m1fb375d3[0m
[2m10:51:26[0m [[32m[1minfo     [0m] [1mGetting challenge status: id=f01928bb-197a-4c8d-b1d0-ed2b677131b3[0m [36mreq[0m=[35m0d36442b[0m
[2m10:51:26[0m [[32m[1minfo     [0m] [1mrequest_finished                        [0m [36mduration[0m=[35m0.024[0m [36mmethod[0m=[35mGET[0m [36mpath[0m=[35m/api/v1/challenges/f01928bb-197a-4c8d-b1d0-ed2b677131b3[0m [36mreq[0m=[35m0d36442b[0m [36mrequest_id[0m=[35m0d36442b-0e71-4af7-b5ad-3a7a4ef9d941[0m [36mstatus[0m=[35m200[0m
[2m10:51:26[0m [[33m[1mwarning  [0m] [1mCode execution failed (exit=1): Testing with input: {'db_url': 'postgresql://invalid:invalid@localhost:5432/db', 'query': 'SELECT 1'}
Result: {'success': False, 'error': 'Database connection error: connection failed: connection to server at "127.0.0.1", port 5432 failed: Connection refused\n\tIs the server running on that host and accepting TCP/IP connections?\nMultiple connection attempts failed. All failures were:\n- host: \'localhost\', port: \'5432\', hostaddr: \'::1\': connection failed: connection to server at "::1", por[0m [36mreq[0m=[35m1fb375d3[0m
[2m10:51:26[0m [[32m[1minfo     [0m] [1mRecorded build attempt: capability=connect to PostgreSQL database, success=False, error_type=ErrorType.RUNTIME_ERROR[0m [36mreq[0m=[35m1fb375d3[0m
[2m10:51:28[0m [[32m[1minfo     [0m] [1mDebug [LOGIC_ERROR]: produced fixed code (1661 chars)[0m [36mreq[0m=[35m1fb375d3[0m
[2m10:51:28[0m [[32m[1minfo     [0m] [1mImplementation iteration 2/10           [0m [36mreq[0m=[35m1fb375d3[0m
[2m10:51:31[0m [[32m[1minfo     [0m] [1mGetting challenge status: id=f01928bb-197a-4c8d-b1d0-ed2b677131b3[0m [36mreq[0m=[35mbfe3567f[0m
[2m10:51:31[0m [[32m[1minfo     [0m] [1mrequest_finished                        [0m [36mduration[0m=[35m0.009[0m [36mmethod[0m=[35mGET[0m [36mpath[0m=[35m/api/v1/challenges/f01928bb-197a-4c8d-b1d0-ed2b677131b3[0m [36mreq[0m=[35mbfe3567f[0m [36mrequest_id[0m=[35mbfe3567f-61a9-41f4-8870-f8bc5d3f4969[0m [36mstatus[0m=[35m200[0m
[2m10:51:31[0m [[33m[1mwarning  [0m] [1mCode execution failed (exit=1): Testing with input: {'db_url': 'postgresql://invalid:invalid@localhost:5432/db', 'query': 'SELECT 1'}
Result: {'success': False, 'error': 'Database connection error: connection failed: connection to server at "127.0.0.1", port 5432 failed: Connection refused\n\tIs the server running on that host and accepting TCP/IP connections?\nMultiple connection attempts failed. All failures were:\n- host: \'localhost\', port: \'5432\', hostaddr: \'::1\': connection failed: connection to server at "::1", por[0m [36mreq[0m=[35m1fb375d3[0m
[2m10:51:31[0m [[32m[1minfo     [0m] [1mRecorded build attempt: capability=connect to PostgreSQL database, success=False, error_type=ErrorType.RUNTIME_ERROR[0m [36mreq[0m=[35m1fb375d3[0m
[2m10:51:33[0m [[32m[1minfo     [0m] [1mDebug [LOGIC_ERROR]: produced fixed code (1678 chars)[0m [36mreq[0m=[35m1fb375d3[0m
[2m10:51:33[0m [[32m[1minfo     [0m] [1mImplementation iteration 3/10           [0m [36mreq[0m=[35m1fb375d3[0m
[2m10:51:35[0m [[33m[1mwarning  [0m] [1mCode execution failed (exit=1): Testing with input: {'db_url': 'postgresql://invalid:invalid@localhost:5432/db', 'query': 'SELECT 1'}
Result: {'success': False, 'error': 'Database connection error: connection failed: connection to server at "127.0.0.1", port 5432 failed: Connection refused\n\tIs the server running on that host and accepting TCP/IP connections?\nMultiple connection attempts failed. All failures were:\n- host: \'localhost\', port: \'5432\', hostaddr: \'::1\': connection failed: connection to server at "::1", por[0m [36mreq[0m=[35m1fb375d3[0m
[2m10:51:35[0m [[32m[1minfo     [0m] [1mRecorded build attempt: capability=connect to PostgreSQL database, success=False, error_type=ErrorType.RUNTIME_ERROR[0m [36mreq[0m=[35m1fb375d3[0m
[2m10:51:36[0m [[32m[1minfo     [0m] [1mGetting challenge status: id=f01928bb-197a-4c8d-b1d0-ed2b677131b3[0m [36mreq[0m=[35m4938c1a1[0m
[2m10:51:36[0m [[32m[1minfo     [0m] [1mrequest_finished                        [0m [36mduration[0m=[35m0.018[0m [36mmethod[0m=[35mGET[0m [36mpath[0m=[35m/api/v1/challenges/f01928bb-197a-4c8d-b1d0-ed2b677131b3[0m [36mreq[0m=[35m4938c1a1[0m [36mrequest_id[0m=[35m4938c1a1-8fbc-466d-baaa-4a2fd60fb695[0m [36mstatus[0m=[35m200[0m
[2m10:51:36[0m [[32m[1minfo     [0m] [1mDebug [LOGIC_ERROR]: produced fixed code (1682 chars)[0m [36mreq[0m=[35m1fb375d3[0m
[2m10:51:36[0m [[32m[1minfo     [0m] [1mImplementation iteration 4/10           [0m [36mreq[0m=[35m1fb375d3[0m
[2m10:51:38[0m [[33m[1mwarning  [0m] [1mCode execution failed (exit=1): Testing with input: {'db_url': 'postgresql://invalid:invalid@localhost:5432/db', 'query': 'SELECT 1'}
Result: {'success': False, 'error': 'Database connection error: connection failed: connection to server at "127.0.0.1", port 5432 failed: Connection refused\n\tIs the server running on that host and accepting TCP/IP connections?\nMultiple connection attempts failed. All failures were:\n- host: \'localhost\', port: \'5432\', hostaddr: \'::1\': connection failed: connection to server at "::1", por[0m [36mreq[0m=[35m1fb375d3[0m
[2m10:51:38[0m [[32m[1minfo     [0m] [1mRecorded build attempt: capability=connect to PostgreSQL database, success=False, error_type=ErrorType.RUNTIME_ERROR[0m [36mreq[0m=[35m1fb375d3[0m
[2m10:51:40[0m [[32m[1minfo     [0m] [1mDebug [LOGIC_ERROR]: produced fixed code (1589 chars)[0m [36mreq[0m=[35m1fb375d3[0m
[2m10:51:40[0m [[32m[1minfo     [0m] [1mImplementation iteration 5/10           [0m [36mreq[0m=[35m1fb375d3[0m
[2m10:51:41[0m [[32m[1minfo     [0m] [1mGetting challenge status: id=f01928bb-197a-4c8d-b1d0-ed2b677131b3[0m [36mreq[0m=[35mf40d3464[0m
[2m10:51:41[0m [[32m[1minfo     [0m] [1mrequest_finished                        [0m [36mduration[0m=[35m0.023[0m [36mmethod[0m=[35mGET[0m [36mpath[0m=[35m/api/v1/challenges/f01928bb-197a-4c8d-b1d0-ed2b677131b3[0m [36mreq[0m=[35mf40d3464[0m [36mrequest_id[0m=[35mf40d3464-620f-4aa5-8134-5aa27231143a[0m [36mstatus[0m=[35m200[0m
[2m10:51:42[0m [[33m[1mwarning  [0m] [1mCode execution failed (exit=1): Testing with input: {'db_url': 'postgresql://invalid:invalid@localhost:5432/db', 'query': 'SELECT 1'}
Result: {'success': False, 'error': 'Database connection error: connection failed: connection to server at "127.0.0.1", port 5432 failed: Connection refused\n\tIs the server running on that host and accepting TCP/IP connections?\nMultiple connection attempts failed. All failures were:\n- host: \'localhost\', port: \'5432\', hostaddr: \'::1\': connection failed: connection to server at "::1", por[0m [36mreq[0m=[35m1fb375d3[0m
[2m10:51:42[0m [[32m[1minfo     [0m] [1mRecorded build attempt: capability=connect to PostgreSQL database, success=False, error_type=ErrorType.RUNTIME_ERROR[0m [36mreq[0m=[35m1fb375d3[0m
[2m10:51:43[0m [[32m[1minfo     [0m] [1mDebug [LOGIC_ERROR]: produced fixed code (1699 chars)[0m [36mreq[0m=[35m1fb375d3[0m
[2m10:51:43[0m [[32m[1minfo     [0m] [1mImplementation iteration 6/10           [0m [36mreq[0m=[35m1fb375d3[0m
[2m10:51:45[0m [[33m[1mwarning  [0m] [1mCode execution failed (exit=1): Testing with input: {'db_url': 'postgresql://invalid:invalid@localhost:5432/db', 'query': 'SELECT 1'}
Result: {'success': False, 'error': 'Database connection error: connection failed: connection to server at "127.0.0.1", port 5432 failed: Connection refused\n\tIs the server running on that host and accepting TCP/IP connections?\nMultiple connection attempts failed. All failures were:\n- host: \'localhost\', port: \'5432\', hostaddr: \'::1\': connection failed: connection to server at "::1", por[0m [36mreq[0m=[35m1fb375d3[0m
[2m10:51:45[0m [[32m[1minfo     [0m] [1mRecorded build attempt: capability=connect to PostgreSQL database, success=False, error_type=ErrorType.RUNTIME_ERROR[0m [36mreq[0m=[35m1fb375d3[0m
[2m10:51:46[0m [[32m[1minfo     [0m] [1mGetting challenge status: id=f01928bb-197a-4c8d-b1d0-ed2b677131b3[0m [36mreq[0m=[35m768e8d33[0m
[2m10:51:46[0m [[32m[1minfo     [0m] [1mrequest_finished                        [0m [36mduration[0m=[35m0.006[0m [36mmethod[0m=[35mGET[0m [36mpath[0m=[35m/api/v1/challenges/f01928bb-197a-4c8d-b1d0-ed2b677131b3[0m [36mreq[0m=[35m768e8d33[0m [36mrequest_id[0m=[35m768e8d33-af0c-4ce2-b7ad-0257e531a4ba[0m [36mstatus[0m=[35m200[0m
[2m10:51:47[0m [[32m[1minfo     [0m] [1mDebug [LOGIC_ERROR]: produced fixed code (1742 chars)[0m [36mreq[0m=[35m1fb375d3[0m
[2m10:51:47[0m [[32m[1minfo     [0m] [1mImplementation iteration 7/10           [0m [36mreq[0m=[35m1fb375d3[0m
[2m10:51:49[0m [[33m[1mwarning  [0m] [1mCode execution failed (exit=1): Testing with input: {'db_url': 'postgresql://invalid:invalid@localhost:5432/db', 'query': 'SELECT 1'}
Result: {'success': False, 'error': 'Database connection error: connection failed: connection to server at "127.0.0.1", port 5432 failed: Connection refused\n\tIs the server running on that host and accepting TCP/IP connections?\nMultiple connection attempts failed. All failures were:\n- host: \'localhost\', port: \'5432\', hostaddr: \'::1\': connection failed: connection to server at "::1", por[0m [36mreq[0m=[35m1fb375d3[0m
[2m10:51:49[0m [[32m[1minfo     [0m] [1mRecorded build attempt: capability=connect to PostgreSQL database, success=False, error_type=ErrorType.RUNTIME_ERROR[0m [36mreq[0m=[35m1fb375d3[0m
[2m10:51:50[0m [[32m[1minfo     [0m] [1mDebug [LOGIC_ERROR]: produced fixed code (1626 chars)[0m [36mreq[0m=[35m1fb375d3[0m
[2m10:51:50[0m [[32m[1minfo     [0m] [1mImplementation iteration 8/10           [0m [36mreq[0m=[35m1fb375d3[0m
[2m10:51:51[0m [[32m[1minfo     [0m] [1mGetting challenge status: id=f01928bb-197a-4c8d-b1d0-ed2b677131b3[0m [36mreq[0m=[35m1c96e6d1[0m
[2m10:51:51[0m [[32m[1minfo     [0m] [1mrequest_finished                        [0m [36mduration[0m=[35m0.01[0m [36mmethod[0m=[35mGET[0m [36mpath[0m=[35m/api/v1/challenges/f01928bb-197a-4c8d-b1d0-ed2b677131b3[0m [36mreq[0m=[35m1c96e6d1[0m [36mrequest_id[0m=[35m1c96e6d1-41f6-40a0-b59b-3416c5bfbc76[0m [36mstatus[0m=[35m200[0m
[2m10:51:52[0m [[33m[1mwarning  [0m] [1mCode execution failed (exit=1): Testing with input: {'db_url': 'postgresql://invalid:invalid@localhost:5432/db', 'query': 'SELECT 1'}
Result: {'success': False, 'error': 'Database connection error: connection failed: connection to server at "127.0.0.1", port 5432 failed: Connection refused\n\tIs the server running on that host and accepting TCP/IP connections?\nMultiple connection attempts failed. All failures were:\n- host: \'localhost\', port: \'5432\', hostaddr: \'::1\': connection failed: connection to server at "::1", por[0m [36mreq[0m=[35m1fb375d3[0m
[2m10:51:52[0m [[32m[1minfo     [0m] [1mRecorded build attempt: capability=connect to PostgreSQL database, success=False, error_type=ErrorType.RUNTIME_ERROR[0m [36mreq[0m=[35m1fb375d3[0m
[2m10:51:54[0m [[32m[1minfo     [0m] [1mDebug [LOGIC_ERROR]: produced fixed code (1679 chars)[0m [36mreq[0m=[35m1fb375d3[0m
[2m10:51:54[0m [[32m[1minfo     [0m] [1mImplementation iteration 9/10           [0m [36mreq[0m=[35m1fb375d3[0m
[2m10:51:55[0m [[33m[1mwarning  [0m] [1mCode execution failed (exit=1): Testing with input: {'db_url': 'postgresql://invalid:invalid@localhost:5432/db', 'query': 'SELECT 1'}
Result: {'success': False, 'error': 'Database connection error: connection failed: connection to server at "127.0.0.1", port 5432 failed: Connection refused\n\tIs the server running on that host and accepting TCP/IP connections?\nMultiple connection attempts failed. All failures were:\n- host: \'localhost\', port: \'5432\', hostaddr: \'::1\': connection failed: connection to server at "::1", por[0m [36mreq[0m=[35m1fb375d3[0m
[2m10:51:55[0m [[32m[1minfo     [0m] [1mRecorded build attempt: capability=connect to PostgreSQL database, success=False, error_type=ErrorType.RUNTIME_ERROR[0m [36mreq[0m=[35m1fb375d3[0m
[2m10:51:56[0m [[32m[1minfo     [0m] [1mGetting challenge status: id=f01928bb-197a-4c8d-b1d0-ed2b677131b3[0m [36mreq[0m=[35m1c261f6b[0m
[2m10:51:56[0m [[32m[1minfo     [0m] [1mrequest_finished                        [0m [36mduration[0m=[35m0.009[0m [36mmethod[0m=[35mGET[0m [36mpath[0m=[35m/api/v1/challenges/f01928bb-197a-4c8d-b1d0-ed2b677131b3[0m [36mreq[0m=[35m1c261f6b[0m [36mrequest_id[0m=[35m1c261f6b-55b3-4628-8274-115ca81df10d[0m [36mstatus[0m=[35m200[0m
[2m10:51:58[0m [[32m[1minfo     [0m] [1mDebug [LOGIC_ERROR]: produced fixed code (1630 chars)[0m [36mreq[0m=[35m1fb375d3[0m
[2m10:51:58[0m [[32m[1minfo     [0m] [1mImplementation iteration 10/10          [0m [36mreq[0m=[35m1fb375d3[0m
[2m10:52:00[0m [[33m[1mwarning  [0m] [1mCode execution failed (exit=1): Testing with input: {'db_url': 'postgresql://invalid:invalid@localhost:5432/db', 'query': 'SELECT 1'}
Result: {'success': False, 'error': 'Database connection error: connection failed: connection to server at "127.0.0.1", port 5432 failed: Connection refused\n\tIs the server running on that host and accepting TCP/IP connections?\nMultiple connection attempts failed. All failures were:\n- host: \'localhost\', port: \'5432\', hostaddr: \'::1\': connection failed: connection to server at "::1", por[0m [36mreq[0m=[35m1fb375d3[0m
[2m10:52:00[0m [[32m[1minfo     [0m] [1mRecorded build attempt: capability=connect to PostgreSQL database, success=False, error_type=ErrorType.RUNTIME_ERROR[0m [36mreq[0m=[35m1fb375d3[0m
[2m10:52:01[0m [[32m[1minfo     [0m] [1mDebug [LOGIC_ERROR]: produced fixed code (1499 chars)[0m [36mreq[0m=[35m1fb375d3[0m
[2m10:52:06[0m [[33m[1mwarning  [0m] [1mSkill Team failed: phase=TeamRole.IMPLEMENTER, reason=Implementation failed after max iterations[0m [36mreq[0m=[35m1fb375d3[0m
[2m10:52:07[0m [[32m[1minfo     [0m] [1mRecorded build attempt: capability=connect to PostgreSQL database, success=False, error_type=ErrorType.RUNTIME_ERROR[0m [36mreq[0m=[35m1fb375d3[0m
[2m10:52:07[0m [[33m[1mwarning  [0m] [1mGap build failed: 767ccec5... - Implementation failed after max iterations[0m [36mreq[0m=[35m1fb375d3[0m
[2m10:52:07[0m [[32m[1minfo     [0m] [1mAll gaps processed for plan 6df46550... [0m [36mreq[0m=[35m1fb375d3[0m
[2m10:52:07[0m [[32m[1minfo     [0m] [1mCompleted gap plan: 6df46550..., status=partial, completed=0, failed=1[0m [36mreq[0m=[35m1fb375d3[0m
[2m10:52:07[0m [[32m[1minfo     [0m] [1mGap plan execution finished: 6df46550..., completed=0, failed=1, artifacts=0[0m [36mreq[0m=[35m1fb375d3[0m
[2m10:52:07[0m [[32m[1minfo     [0m] [1mVerifying gap closure after cycle 1, built 0 capabilities[0m [36mreq[0m=[35m1fb375d3[0m
[2m10:52:07[0m [[32m[1minfo     [0m] [1mGap OPEN: 'connect to PostgreSQL database'[0m [36mreq[0m=[35m1fb375d3[0m
[2m10:52:07[0m [[32m[1minfo     [0m] [1mPlan verification complete: 6df46550..., closed=0/1, all_closed=False[0m [36mreq[0m=[35m1fb375d3[0m
[2m10:52:07[0m [[32m[1minfo     [0m] [1mVerification result: closed=0/1, all_closed=False[0m [36mreq[0m=[35m1fb375d3[0m
[2m10:52:07[0m [[32m[1minfo     [0m] [1mCreated gap plan: id=f798598f..., challenge=f01928bb..., gaps=1, cycle=2[0m [36mreq[0m=[35m1fb375d3[0m
[2m10:52:07[0m [[32m[1minfo     [0m] [1mCreated new cycle 2 with 1 REMAINING gaps (not new ones!) for challenge f01928bb...[0m [36mreq[0m=[35m1fb375d3[0m
[2m10:52:07[0m [[33m[1mwarning  [0m] [1mCapability building failed: f01928bb-197a-4c8d-b1d0-ed2b677131b3, decision=new_cycle[0m [36mreq[0m=[35m1fb375d3[0m
WARNING:  WatchFiles detected changes in 'app/services/autonomous_skill_builder.py'. Reloading...
[2m10:56:54[0m [[32m[1minfo     [0m] [1mShutting down                           [0m
[2m10:56:54[0m [[32m[1minfo     [0m] [1mWaiting for application shutdown.       [0m
[2m10:56:54[0m [[32m[1minfo     [0m] [1mShutting down OpenTelemetry provider    [0m
[2m10:56:54[0m [[32m[1minfo     [0m] [1mOpenTelemetry provider shutdown complete[0m
[2m10:56:54[0m [[32m[1minfo     [0m] [1mOpenTelemetry shutdown complete         [0m
[2m10:56:54[0m [[32m[1minfo     [0m] [1mApplication shutdown complete.          [0m
[2m10:56:54[0m [[32m[1minfo     [0m] [1mFinished server process [53790]         [0m
[2m10:56:58[0m [[32m[1minfo     [0m] [1mStarted server process [54834]          [0m
[2m10:56:58[0m [[32m[1minfo     [0m] [1mWaiting for application startup.        [0m
[2m10:56:58[0m [[32m[1minfo     [0m] [1mDatabase already initialized (30 tables)[0m
[2m10:56:58[0m [[32m[1minfo     [0m] [1mSetting up OpenTelemetry for lumari-backend v0.1.0[0m
[2m10:56:58[0m [[32m[1minfo     [0m] [1mConsole span exporter enabled           [0m
[2m10:56:58[0m [[32m[1minfo     [0m] [1mFastAPI instrumentation complete        [0m
[2m10:56:58[0m [[32m[1minfo     [0m] [1mOpenTelemetry instrumentation initialized[0m
[2m10:56:58[0m [[32m[1minfo     [0m] [1mApplication startup complete.           [0m
WARNING:  WatchFiles detected changes in 'app/services/autonomous_skill_builder.py'. Reloading...
[2m10:57:07[0m [[32m[1minfo     [0m] [1mShutting down                           [0m
[2m10:57:07[0m [[32m[1minfo     [0m] [1mWaiting for application shutdown.       [0m
[2m10:57:07[0m [[32m[1minfo     [0m] [1mShutting down OpenTelemetry provider    [0m
[2m10:57:07[0m [[32m[1minfo     [0m] [1mOpenTelemetry provider shutdown complete[0m
[2m10:57:07[0m [[32m[1minfo     [0m] [1mOpenTelemetry shutdown complete         [0m
[2m10:57:07[0m [[32m[1minfo     [0m] [1mApplication shutdown complete.          [0m
[2m10:57:07[0m [[32m[1minfo     [0m] [1mFinished server process [54834]         [0m
[2m10:57:11[0m [[32m[1minfo     [0m] [1mStarted server process [54848]          [0m
[2m10:57:11[0m [[32m[1minfo     [0m] [1mWaiting for application startup.        [0m
[2m10:57:11[0m [[32m[1minfo     [0m] [1mDatabase already initialized (30 tables)[0m
[2m10:57:11[0m [[32m[1minfo     [0m] [1mSetting up OpenTelemetry for lumari-backend v0.1.0[0m
[2m10:57:11[0m [[32m[1minfo     [0m] [1mConsole span exporter enabled           [0m
[2m10:57:11[0m [[32m[1minfo     [0m] [1mFastAPI instrumentation complete        [0m
[2m10:57:11[0m [[32m[1minfo     [0m] [1mOpenTelemetry instrumentation initialized[0m
[2m10:57:11[0m [[32m[1minfo     [0m] [1mApplication startup complete.           [0m
WARNING:  WatchFiles detected changes in 'app/orchestration/intervention/capability_builder.py'. Reloading...
[2m10:57:39[0m [[32m[1minfo     [0m] [1mShutting down                           [0m
[2m10:57:39[0m [[32m[1minfo     [0m] [1mWaiting for application shutdown.       [0m
[2m10:57:39[0m [[32m[1minfo     [0m] [1mShutting down OpenTelemetry provider    [0m
[2m10:57:39[0m [[32m[1minfo     [0m] [1mOpenTelemetry provider shutdown complete[0m
[2m10:57:39[0m [[32m[1minfo     [0m] [1mOpenTelemetry shutdown complete         [0m
[2m10:57:39[0m [[32m[1minfo     [0m] [1mApplication shutdown complete.          [0m
[2m10:57:39[0m [[32m[1minfo     [0m] [1mFinished server process [54848]         [0m
[2m10:57:42[0m [[32m[1minfo     [0m] [1mStarted server process [54883]          [0m
[2m10:57:42[0m [[32m[1minfo     [0m] [1mWaiting for application startup.        [0m
[2m10:57:43[0m [[32m[1minfo     [0m] [1mDatabase already initialized (30 tables)[0m
[2m10:57:43[0m [[32m[1minfo     [0m] [1mSetting up OpenTelemetry for lumari-backend v0.1.0[0m
[2m10:57:43[0m [[32m[1minfo     [0m] [1mConsole span exporter enabled           [0m
[2m10:57:43[0m [[32m[1minfo     [0m] [1mFastAPI instrumentation complete        [0m
[2m10:57:43[0m [[32m[1minfo     [0m] [1mOpenTelemetry instrumentation initialized[0m
[2m10:57:43[0m [[32m[1minfo     [0m] [1mApplication startup complete.           [0m
WARNING:  WatchFiles detected changes in 'app/orchestration/intervention/capability_builder.py'. Reloading...
[2m10:57:55[0m [[32m[1minfo     [0m] [1mShutting down                           [0m
[2m10:57:55[0m [[32m[1minfo     [0m] [1mWaiting for application shutdown.       [0m
[2m10:57:55[0m [[32m[1minfo     [0m] [1mShutting down OpenTelemetry provider    [0m
[2m10:57:55[0m [[32m[1minfo     [0m] [1mOpenTelemetry provider shutdown complete[0m
[2m10:57:55[0m [[32m[1minfo     [0m] [1mOpenTelemetry shutdown complete         [0m
[2m10:57:55[0m [[32m[1minfo     [0m] [1mApplication shutdown complete.          [0m
[2m10:57:55[0m [[32m[1minfo     [0m] [1mFinished server process [54883]         [0m
[2m10:57:59[0m [[32m[1minfo     [0m] [1mStarted server process [54905]          [0m
[2m10:57:59[0m [[32m[1minfo     [0m] [1mWaiting for application startup.        [0m
[2m10:57:59[0m [[32m[1minfo     [0m] [1mDatabase already initialized (30 tables)[0m
[2m10:57:59[0m [[32m[1minfo     [0m] [1mSetting up OpenTelemetry for lumari-backend v0.1.0[0m
[2m10:57:59[0m [[32m[1minfo     [0m] [1mConsole span exporter enabled           [0m
[2m10:57:59[0m [[32m[1minfo     [0m] [1mFastAPI instrumentation complete        [0m
[2m10:57:59[0m [[32m[1minfo     [0m] [1mOpenTelemetry instrumentation initialized[0m
[2m10:57:59[0m [[32m[1minfo     [0m] [1mApplication startup complete.           [0m
[2m10:58:34[0m [[32m[1minfo     [0m] [1mUpdating user settings: auto_apply=True [0m [36mreq[0m=[35mb2b7d8ca[0m
[2m10:58:34[0m [[32m[1minfo     [0m] [1mUpdated settings for user default: auto_apply=True[0m [36mreq[0m=[35mb2b7d8ca[0m
[2m10:58:34[0m [[32m[1minfo     [0m] [1mrequest_finished                        [0m [36mduration[0m=[35m0.026[0m [36mmethod[0m=[35mPUT[0m [36mpath[0m=[35m/api/v1/challenges/settings/user[0m [36mreq[0m=[35mb2b7d8ca[0m [36mrequest_id[0m=[35mb2b7d8ca-293b-42f5-9a81-1d0dc6f33b2f[0m [36mstatus[0m=[35m200[0m
[2m10:58:34[0m [[32m[1minfo     [0m] [1mDirect challenge analysis: execution_id=271fed1b-a6d5-417b-90ef-0ff2ae10120b[0m [36mreq[0m=[35mfb62993d[0m
[2m10:58:34[0m [[32m[1minfo     [0m] [1mPre-execution analysis starting for execution 271fed1b-a6d5-417b-90ef-0ff2ae10120b[0m [36mreq[0m=[35mfb62993d[0m
[2m10:58:34[0m [[32m[1minfo     [0m] [1mAnalyzing challenge for execution 271fed1b-a6d5-417b-90ef-0ff2ae10120b[0m [36mreq[0m=[35mfb62993d[0m
[2m10:58:34[0m [[32m[1minfo     [0m] [1mLoading topology from database...       [0m [36mreq[0m=[35mfb62993d[0m
[2m10:58:34[0m [[32m[1minfo     [0m] [1mMapped 7 skill entries to 7 capabilities[0m [36mreq[0m=[35mfb62993d[0m
[2m10:58:34[0m [[32m[1minfo     [0m] [1mTopology validated: 11 agents in 5 waves[0m [36mreq[0m=[35mfb62993d[0m
[2m10:58:34[0m [[32m[1minfo     [0m] [1mLoaded 7 skills for topology            [0m [36mreq[0m=[35mfb62993d[0m
[2m10:58:34[0m [[32m[1minfo     [0m] [1mTopology loaded: 11 agents, 5 waves     [0m [36mreq[0m=[35mfb62993d[0m
[2m10:58:34[0m [[32m[1minfo     [0m] [1mSkill 'skill_write_a_formal_daily_construction_report' provides applicability: 'This skill should be selected when you need to generate and save a formal, text-based daily construction progress report. It requires the site name and progress summary as input to produce a timestamped file in a specified directory.'[0m [36mreq[0m=[35mfb62993d[0m
[2m10:58:34[0m [[32m[1minfo     [0m] [1mSkill 'skill_create_a_final_pdf_or_text_based_report_of_the_pouring_protocol' provides applicability: 'Select this skill when you need to generate a formal, documented record of a completed pouring protocol in either PDF or text format. It should be used once all protocol data—including the ID, operator, timestamp, and step list—has been finalized and validated.'[0m [36mreq[0m=[35mfb62993d[0m
[2m10:58:34[0m [[32m[1minfo     [0m] [1mSkill 'skill_define_technical_migration_and_api_integration_roadmap' provides applicability: 'Select this skill when planning the transition from a legacy system to a new API architecture to generate a structured implementation roadmap and validation plan based on a chosen migration strategy (strangler fig, big bang, or dual-write).'[0m [36mreq[0m=[35mfb62993d[0m
[2m10:58:34[0m [[32m[1minfo     [0m] [1mSkill 'skill_calculate_financial_impact_and_transaction_statistics' provides applicability: 'Select this skill when you need to derive aggregate financial metrics, such as total volume, averages, and category-specific impacts, from a structured list of transaction records. It is best utilized when transaction amounts require normalization from mixed string or numeric formats into a consistent float representation.'[0m [36mreq[0m=[35mfb62993d[0m
[2m10:58:34[0m [[32m[1minfo     [0m] [1mSkill 'skill_calculate_budget_impact_of_proposed_cost_saving_measures' provides applicability: 'Select this skill when you need to determine the financial effect of multiple cost-saving initiatives on an existing budget. It should be used when you have a defined current budget and a list of specific proposed savings amounts to calculate the new budget total and the overall percentage reduction.'[0m [36mreq[0m=[35mfb62993d[0m
[2m10:58:34[0m [[32m[1minfo     [0m] [1mSkill 'skill_generate_a_risk_matrix_visualization_or_summary_table' provides applicability: 'Select this skill when you need to visualize or summarize a list of risks by plotting their likelihood and impact scores on a 5x5 matrix. It should be used when your input data contains structured risk entries with defined numerical likelihood and impact values.'[0m [36mreq[0m=[35mfb62993d[0m
[2m10:58:34[0m [[32m[1minfo     [0m] [1mSkill 'skill_evaluate_technical_risks_of_custom_abap_code_and_interface_dependencies' provides applicability: 'This skill should be selected when assessing the technical debt or stability risks of an SAP environment by identifying high-complexity custom ABAP objects and critical integration hubs. It is best applied during system audits or migration planning to prioritize objects requiring refactoring or rigorous testing based on their weighted risk scores and dependency density.'[0m [36mreq[0m=[35mfb62993d[0m
[2m10:58:34[0m [[32m[1minfo     [0m] [1mExtracted 7 capabilities from 7 active skills[0m [36mreq[0m=[35mfb62993d[0m
[2m10:58:34[0m [[32m[1minfo     [0m] [1mPrompt 'report_generator_prompt' provides affected_capability: 'structure inspection findings into a formal report format'[0m [36mreq[0m=[35mfb62993d[0m
[2m10:58:34[0m [[32m[1minfo     [0m] [1mPrompt 'prompt_generate_professional_business_correspondence' provides affected_capability: 'generate professional business correspondence'[0m [36mreq[0m=[35mfb62993d[0m
[2m10:58:34[0m [[32m[1minfo     [0m] [1mPrompt 'transcript_analyzer_prompt' provides affected_capability: 'analyze meeting transcript'[0m [36mreq[0m=[35mfb62993d[0m
[2m10:58:34[0m [[32m[1minfo     [0m] [1mPrompt 'prompt_analyze_construction_site_personnel_data' provides affected_capability: 'analyze construction site personnel data'[0m [36mreq[0m=[35mfb62993d[0m
[2m10:58:34[0m [[32m[1minfo     [0m] [1mPrompt 'prompt_generate_a_structured_change_order_document_for_the_client' provides affected_capability: 'generate a structured change order document for the client'[0m [36mreq[0m=[35mfb62993d[0m
[2m10:58:34[0m [[32m[1minfo     [0m] [1mPrompt 'prompt_structure_cost_breakdown_for_project_management' provides affected_capability: 'structure cost breakdown for project management'[0m [36mreq[0m=[35mfb62993d[0m
[2m10:58:34[0m [[32m[1minfo     [0m] [1mPrompt 'report_finalizer_prompt' provides affected_capability: 'generate a formal network disruption report document'[0m [36mreq[0m=[35mfb62993d[0m
[2m10:58:34[0m [[32m[1minfo     [0m] [1mPrompt 'prompt_analyze_incident_and_change_logs' provides affected_capability: 'analyze incident and change logs'[0m [36mreq[0m=[35mfb62993d[0m
[2m10:58:34[0m [[32m[1minfo     [0m] [1mExtracted 8 capabilities from 8 active prompts[0m [36mreq[0m=[35mfb62993d[0m
[2m10:58:36[0m [[32m[1minfo     [0m] [1mLLM extracted 5 capabilities: 3 execution, 2 knowledge[0m [36mreq[0m=[35mfb62993d[0m
[2m10:58:36[0m [[32m[1minfo     [0m] [1mExtracted 5 required capabilities       [0m [36mreq[0m=[35mfb62993d[0m
[2m10:58:36[0m [[32m[1minfo     [0m] [1mLoading embedding model: BAAI/bge-base-en-v1.5[0m
[2m10:58:36[0m [[32m[1minfo     [0m] [1mEmbedding model loaded                  [0m
[2m10:58:38[0m [[32m[1minfo     [0m] [1mAssessment complete: CANNOT_DO (1 gaps, 1 suggestions)[0m [36mreq[0m=[35mfb62993d[0m
[2m10:58:38[0m [[32m[1minfo     [0m] [1mASSESSMENT_LOG execution_id=271fed1b-a6d5-417b-90ef-0ff2ae10120b confidence=CANNOT_DO gaps=1 route=developer_team duration_ms=3825[0m [36mreq[0m=[35mfb62993d[0m
[2m10:58:38[0m [[32m[1minfo     [0m] [1mPre-execution analysis complete: CANNOT_DO -> route: developer_team[0m [36mreq[0m=[35mfb62993d[0m
[2m10:58:38[0m [[32m[1minfo     [0m] [1mOrchestrator analysis complete: confidence=CANNOT_DO, route=developer_team[0m [36mreq[0m=[35mfb62993d[0m
[2m10:58:38[0m [[32m[1minfo     [0m] [1m0 gaps already satisfied, 1 remaining   [0m [36mreq[0m=[35mfb62993d[0m
[2m10:58:38[0m [[32m[1minfo     [0m] [1mGenerated build plan for challenge c37c49b6-4473-4ee8-bf3f-5596d656daac: 1 items, 1 critical[0m [36mreq[0m=[35mfb62993d[0m
[2m10:58:38[0m [[32m[1minfo     [0m] [1mrequest_finished                        [0m [36mduration[0m=[35m4.115[0m [36mmethod[0m=[35mPOST[0m [36mpath[0m=[35m/api/v1/challenges/analyze[0m [36mreq[0m=[35mfb62993d[0m [36mrequest_id[0m=[35mfb62993d-ae8f-40a7-9358-5a5aea3f3fb3[0m [36mstatus[0m=[35m200[0m
[2m10:58:38[0m [[32m[1minfo     [0m] [1mStarting capability building: challenge_id=c37c49b6-4473-4ee8-bf3f-5596d656daac[0m [36mreq[0m=[35mfb62993d[0m
[2m10:58:38[0m [[32m[1minfo     [0m] [1mLoading topology from database...       [0m [36mreq[0m=[35mfb62993d[0m
[2m10:58:38[0m [[32m[1minfo     [0m] [1mMapped 7 skill entries to 7 capabilities[0m [36mreq[0m=[35mfb62993d[0m
[2m10:58:38[0m [[32m[1minfo     [0m] [1mTopology validated: 11 agents in 5 waves[0m [36mreq[0m=[35mfb62993d[0m
[2m10:58:38[0m [[32m[1minfo     [0m] [1mLoaded 7 skills for topology            [0m [36mreq[0m=[35mfb62993d[0m
[2m10:58:38[0m [[32m[1minfo     [0m] [1mTopology loaded: 11 agents, 5 waves     [0m [36mreq[0m=[35mfb62993d[0m
[2m10:58:38[0m [[32m[1minfo     [0m] [1mRuntimeAgentRegistry initialized with max_concurrent=5[0m [36mreq[0m=[35mfb62993d[0m
[2m10:58:38[0m [[32m[1minfo     [0m] [1mProcessing blocked challenge: id=c37c49b6..., attempt=1/5[0m [36mreq[0m=[35mfb62993d[0m
[2m10:58:38[0m [[32m[1minfo     [0m] [1mCreated gap plan: id=786c9f3e..., challenge=c37c49b6..., gaps=1, cycle=1[0m [36mreq[0m=[35mfb62993d[0m
[2m10:58:38[0m [[32m[1minfo     [0m] [1mCreated gap plan: 786c9f3e..., cycle=1, gaps=1[0m [36mreq[0m=[35mfb62993d[0m
[2m10:58:38[0m [[32m[1minfo     [0m] [1mStarted gap plan: 786c9f3e...           [0m [36mreq[0m=[35mfb62993d[0m
[2m10:58:38[0m [[32m[1minfo     [0m] [1mExecuting gap plan: 786c9f3e..., total_gaps=1, cycle=1[0m [36mreq[0m=[35mfb62993d[0m
[2m10:58:38[0m [[32m[1minfo     [0m] [1mProcessing gap: 3fc5be69... type=missing_skill, capability=connect to PostgreSQL database, severity=critical[0m [36mreq[0m=[35mfb62993d[0m
[2m10:58:38[0m [[32m[1minfo     [0m] [1mStrategy proposed for connect to PostgreSQL database: direct (confidence=0.5)[0m [36mreq[0m=[35mfb62993d[0m
[2m10:58:38[0m [[32m[1minfo     [0m] [1mBuilding capability: gap_type=missing_skill, severity=critical, attempt=1, approach=direct[0m [36mreq[0m=[35mfb62993d[0m
[2m10:58:38[0m [[32m[1minfo     [0m] [1mUsing Skill Team for capability: connect to PostgreSQL database[0m [36mreq[0m=[35mfb62993d[0m
[2m10:58:38[0m [[32m[1minfo     [0m] [1mStarting team-based skill development for: connect to PostgreSQL database[0m [36mreq[0m=[35mfb62993d[0m
[2m10:58:38[0m [[32m[1minfo     [0m] [1mFound 10 previous failures to learn from[0m [36mreq[0m=[35mfb62993d[0m
[2m10:58:38[0m [[32m[1minfo     [0m] [1mResearching capability: connect to PostgreSQL database[0m [36mreq[0m=[35mfb62993d[0m
[2m10:58:38[0m [[32m[1minfo     [0m] [1mUsing cached research for: connect to PostgreSQL database[0m [36mreq[0m=[35mfb62993d[0m
[2m10:58:38[0m [[32m[1minfo     [0m] [1mResearch complete: 0 packages found     [0m [36mreq[0m=[35mfb62993d[0m
[2m10:58:41[0m [[32m[1minfo     [0m] [1mArchitecture complete: 2 test cases defined[0m [36mreq[0m=[35mfb62993d[0m
[2m10:58:41[0m [[32m[1minfo     [0m] [1mDocker client connected successfully    [0m [36mreq[0m=[35mfb62993d[0m
[2m10:58:42[0m [[32m[1minfo     [0m] [1mSession container created: 6434ce7374f7 [0m [36mreq[0m=[35mfb62993d[0m
[2m10:58:42[0m [[32m[1minfo     [0m] [1mInstalling system packages: libpq-dev   [0m [36mreq[0m=[35mfb62993d[0m
[2m10:58:43[0m [[32m[1minfo     [0m] [1mGetting challenge status: id=c37c49b6-4473-4ee8-bf3f-5596d656daac[0m [36mreq[0m=[35m7c8ee506[0m
[2m10:58:43[0m [[32m[1minfo     [0m] [1mrequest_finished                        [0m [36mduration[0m=[35m0.017[0m [36mmethod[0m=[35mGET[0m [36mpath[0m=[35m/api/v1/challenges/c37c49b6-4473-4ee8-bf3f-5596d656daac[0m [36mreq[0m=[35m7c8ee506[0m [36mrequest_id[0m=[35m7c8ee506-805e-401e-beb9-adc86bd71144[0m [36mstatus[0m=[35m200[0m
[2m10:58:48[0m [[32m[1minfo     [0m] [1mSystem packages installed successfully: libpq-dev[0m [36mreq[0m=[35mfb62993d[0m
[2m10:58:48[0m [[32m[1minfo     [0m] [1mInstalling pip packages: "psycopg[binary]>=3.1.0"[0m [36mreq[0m=[35mfb62993d[0m
[2m10:58:48[0m [[32m[1minfo     [0m] [1mGetting challenge status: id=c37c49b6-4473-4ee8-bf3f-5596d656daac[0m [36mreq[0m=[35m47e0a42d[0m
[2m10:58:48[0m [[32m[1minfo     [0m] [1mrequest_finished                        [0m [36mduration[0m=[35m0.036[0m [36mmethod[0m=[35mGET[0m [36mpath[0m=[35m/api/v1/challenges/c37c49b6-4473-4ee8-bf3f-5596d656daac[0m [36mreq[0m=[35m47e0a42d[0m [36mrequest_id[0m=[35m47e0a42d-cc82-4593-8305-702a46e8b2d1[0m [36mstatus[0m=[35m200[0m
[2m10:58:50[0m [[32m[1minfo     [0m] [1mPip packages installed successfully     [0m [36mreq[0m=[35mfb62993d[0m
[2m10:58:50[0m [[32m[1minfo     [0m] [1mImplementation iteration 1/10           [0m [36mreq[0m=[35mfb62993d[0m
[2m10:58:53[0m [[33m[1mwarning  [0m] [1mCode execution failed (exit=1): Testing with input: {'db_url': 'postgresql://invalid:invalid@localhost:5432/db', 'query': 'SELECT 1'}
Result: {'success': False, 'error': 'Database error: connection failed: connection to server at "127.0.0.1", port 5432 failed: Connection refused\n\tIs the server running on that host and accepting TCP/IP connections?\nMultiple connection attempts failed. All failures were:\n- host: \'localhost\', port: \'5432\', hostaddr: \'::1\': connection failed: connection to server at "::1", port 5432 fail[0m [36mreq[0m=[35mfb62993d[0m
[2m10:58:53[0m [[32m[1minfo     [0m] [1mRecorded build attempt: capability=connect to PostgreSQL database, success=False, error_type=ErrorType.RUNTIME_ERROR[0m [36mreq[0m=[35mfb62993d[0m
[2m10:58:53[0m [[32m[1minfo     [0m] [1mGetting challenge status: id=c37c49b6-4473-4ee8-bf3f-5596d656daac[0m [36mreq[0m=[35m64a160d7[0m
[2m10:58:53[0m [[32m[1minfo     [0m] [1mrequest_finished                        [0m [36mduration[0m=[35m0.033[0m [36mmethod[0m=[35mGET[0m [36mpath[0m=[35m/api/v1/challenges/c37c49b6-4473-4ee8-bf3f-5596d656daac[0m [36mreq[0m=[35m64a160d7[0m [36mrequest_id[0m=[35m64a160d7-f826-418f-8d59-bbcaed906deb[0m [36mstatus[0m=[35m200[0m
[2m10:58:54[0m [[32m[1minfo     [0m] [1mDebug [LOGIC_ERROR]: produced fixed code (1567 chars)[0m [36mreq[0m=[35mfb62993d[0m
[2m10:58:54[0m [[32m[1minfo     [0m] [1mImplementation iteration 2/10           [0m [36mreq[0m=[35mfb62993d[0m
[2m10:58:56[0m [[33m[1mwarning  [0m] [1mCode execution failed (exit=1): Testing with input: {'db_url': 'postgresql://invalid:invalid@localhost:5432/db', 'query': 'SELECT 1'}
Result: {'success': False, 'error': 'Database error: connection failed: connection to server at "127.0.0.1", port 5432 failed: Connection refused\n\tIs the server running on that host and accepting TCP/IP connections?\nMultiple connection attempts failed. All failures were:\n- host: \'localhost\', port: \'5432\', hostaddr: \'::1\': connection failed: connection to server at "::1", port 5432 fail[0m [36mreq[0m=[35mfb62993d[0m
[2m10:58:56[0m [[32m[1minfo     [0m] [1mRecorded build attempt: capability=connect to PostgreSQL database, success=False, error_type=ErrorType.RUNTIME_ERROR[0m [36mreq[0m=[35mfb62993d[0m
[2m10:58:58[0m [[32m[1minfo     [0m] [1mDebug [LOGIC_ERROR]: produced fixed code (1676 chars)[0m [36mreq[0m=[35mfb62993d[0m
[2m10:58:58[0m [[32m[1minfo     [0m] [1mImplementation iteration 3/10           [0m [36mreq[0m=[35mfb62993d[0m
[2m10:58:58[0m [[32m[1minfo     [0m] [1mGetting challenge status: id=c37c49b6-4473-4ee8-bf3f-5596d656daac[0m [36mreq[0m=[35m5d00dbf9[0m
[2m10:58:58[0m [[32m[1minfo     [0m] [1mrequest_finished                        [0m [36mduration[0m=[35m0.006[0m [36mmethod[0m=[35mGET[0m [36mpath[0m=[35m/api/v1/challenges/c37c49b6-4473-4ee8-bf3f-5596d656daac[0m [36mreq[0m=[35m5d00dbf9[0m [36mrequest_id[0m=[35m5d00dbf9-170c-4303-9520-f5b22f526003[0m [36mstatus[0m=[35m200[0m
[2m10:58:59[0m [[33m[1mwarning  [0m] [1mCode execution failed (exit=1): Testing with input: {'db_url': 'postgresql://invalid:invalid@localhost:5432/db', 'query': 'SELECT 1'}
Result: {'success': False, 'error': 'Database error: connection failed: connection to server at "127.0.0.1", port 5432 failed: Connection refused\n\tIs the server running on that host and accepting TCP/IP connections?\nMultiple connection attempts failed. All failures were:\n- host: \'localhost\', port: \'5432\', hostaddr: \'::1\': connection failed: connection to server at "::1", port 5432 fail[0m [36mreq[0m=[35mfb62993d[0m
[2m10:58:59[0m [[32m[1minfo     [0m] [1mRecorded build attempt: capability=connect to PostgreSQL database, success=False, error_type=ErrorType.RUNTIME_ERROR[0m [36mreq[0m=[35mfb62993d[0m
[2m10:59:01[0m [[32m[1minfo     [0m] [1mDebug [LOGIC_ERROR]: produced fixed code (1606 chars)[0m [36mreq[0m=[35mfb62993d[0m
[2m10:59:01[0m [[32m[1minfo     [0m] [1mImplementation iteration 4/10           [0m [36mreq[0m=[35mfb62993d[0m
[2m10:59:03[0m [[33m[1mwarning  [0m] [1mCode execution failed (exit=1): Testing with input: {'db_url': 'postgresql://invalid:invalid@localhost:5432/db', 'query': 'SELECT 1'}
Result: {'success': False, 'error': 'Database error: connection failed: connection to server at "127.0.0.1", port 5432 failed: Connection refused\n\tIs the server running on that host and accepting TCP/IP connections?\nMultiple connection attempts failed. All failures were:\n- host: \'localhost\', port: \'5432\', hostaddr: \'::1\': connection failed: connection to server at "::1", port 5432 fail[0m [36mreq[0m=[35mfb62993d[0m
[2m10:59:03[0m [[32m[1minfo     [0m] [1mRecorded build attempt: capability=connect to PostgreSQL database, success=False, error_type=ErrorType.RUNTIME_ERROR[0m [36mreq[0m=[35mfb62993d[0m
[2m10:59:03[0m [[32m[1minfo     [0m] [1mGetting challenge status: id=c37c49b6-4473-4ee8-bf3f-5596d656daac[0m [36mreq[0m=[35m6fc11b8e[0m
[2m10:59:03[0m [[32m[1minfo     [0m] [1mrequest_finished                        [0m [36mduration[0m=[35m0.01[0m [36mmethod[0m=[35mGET[0m [36mpath[0m=[35m/api/v1/challenges/c37c49b6-4473-4ee8-bf3f-5596d656daac[0m [36mreq[0m=[35m6fc11b8e[0m [36mrequest_id[0m=[35m6fc11b8e-773f-4015-a573-c502b1969298[0m [36mstatus[0m=[35m200[0m
[2m10:59:04[0m [[32m[1minfo     [0m] [1mDebug [LOGIC_ERROR]: produced fixed code (1686 chars)[0m [36mreq[0m=[35mfb62993d[0m
[2m10:59:04[0m [[32m[1minfo     [0m] [1mImplementation iteration 5/10           [0m [36mreq[0m=[35mfb62993d[0m
[2m10:59:06[0m [[33m[1mwarning  [0m] [1mCode execution failed (exit=1): Testing with input: {'db_url': 'postgresql://invalid:invalid@localhost:5432/db', 'query': 'SELECT 1'}
Result: {'success': False, 'error': 'Database operational error: connection failed: connection to server at "127.0.0.1", port 5432 failed: Connection refused\n\tIs the server running on that host and accepting TCP/IP connections?\nMultiple connection attempts failed. All failures were:\n- host: \'localhost\', port: \'5432\', hostaddr: \'::1\': connection failed: connection to server at "::1", po[0m [36mreq[0m=[35mfb62993d[0m
[2m10:59:06[0m [[32m[1minfo     [0m] [1mRecorded build attempt: capability=connect to PostgreSQL database, success=False, error_type=ErrorType.RUNTIME_ERROR[0m [36mreq[0m=[35mfb62993d[0m
[2m10:59:08[0m [[32m[1minfo     [0m] [1mDebug [LOGIC_ERROR]: produced fixed code (1665 chars)[0m [36mreq[0m=[35mfb62993d[0m
[2m10:59:08[0m [[32m[1minfo     [0m] [1mImplementation iteration 6/10           [0m [36mreq[0m=[35mfb62993d[0m
[2m10:59:08[0m [[32m[1minfo     [0m] [1mGetting challenge status: id=c37c49b6-4473-4ee8-bf3f-5596d656daac[0m [36mreq[0m=[35me0f86650[0m
[2m10:59:08[0m [[32m[1minfo     [0m] [1mrequest_finished                        [0m [36mduration[0m=[35m0.004[0m [36mmethod[0m=[35mGET[0m [36mpath[0m=[35m/api/v1/challenges/c37c49b6-4473-4ee8-bf3f-5596d656daac[0m [36mreq[0m=[35me0f86650[0m [36mrequest_id[0m=[35me0f86650-6505-4ecc-b1bc-fc35188fb3d7[0m [36mstatus[0m=[35m200[0m
[2m10:59:09[0m [[33m[1mwarning  [0m] [1mCode execution failed (exit=1): Testing with input: {'db_url': 'postgresql://invalid:invalid@localhost:5432/db', 'query': 'SELECT 1'}
Result: {'success': False, 'error': 'Database operational error: connection failed: connection to server at "127.0.0.1", port 5432 failed: Connection refused\n\tIs the server running on that host and accepting TCP/IP connections?\nMultiple connection attempts failed. All failures were:\n- host: \'localhost\', port: \'5432\', hostaddr: \'::1\': connection failed: connection to server at "::1", po[0m [36mreq[0m=[35mfb62993d[0m
[2m10:59:09[0m [[32m[1minfo     [0m] [1mRecorded build attempt: capability=connect to PostgreSQL database, success=False, error_type=ErrorType.RUNTIME_ERROR[0m [36mreq[0m=[35mfb62993d[0m
[2m10:59:11[0m [[32m[1minfo     [0m] [1mDebug [LOGIC_ERROR]: produced fixed code (1503 chars)[0m [36mreq[0m=[35mfb62993d[0m
[2m10:59:11[0m [[32m[1minfo     [0m] [1mImplementation iteration 7/10           [0m [36mreq[0m=[35mfb62993d[0m
[2m10:59:12[0m [[33m[1mwarning  [0m] [1mCode execution failed (exit=1): Testing with input: {'db_url': 'postgresql://invalid:invalid@localhost:5432/db', 'query': 'SELECT 1'}
Result: {'success': False, 'error': 'Database operational error: connection failed: connection to server at "127.0.0.1", port 5432 failed: Connection refused\n\tIs the server running on that host and accepting TCP/IP connections?\nMultiple connection attempts failed. All failures were:\n- host: \'localhost\', port: \'5432\', hostaddr: \'::1\': connection failed: connection to server at "::1", po[0m [36mreq[0m=[35mfb62993d[0m
[2m10:59:13[0m [[32m[1minfo     [0m] [1mRecorded build attempt: capability=connect to PostgreSQL database, success=False, error_type=ErrorType.RUNTIME_ERROR[0m [36mreq[0m=[35mfb62993d[0m
[2m10:59:13[0m [[32m[1minfo     [0m] [1mGetting challenge status: id=c37c49b6-4473-4ee8-bf3f-5596d656daac[0m [36mreq[0m=[35m7e34c4a4[0m
[2m10:59:13[0m [[32m[1minfo     [0m] [1mrequest_finished                        [0m [36mduration[0m=[35m0.007[0m [36mmethod[0m=[35mGET[0m [36mpath[0m=[35m/api/v1/challenges/c37c49b6-4473-4ee8-bf3f-5596d656daac[0m [36mreq[0m=[35m7e34c4a4[0m [36mrequest_id[0m=[35m7e34c4a4-c41e-4c7f-a800-77ae99cb0cc2[0m [36mstatus[0m=[35m200[0m
[2m10:59:14[0m [[32m[1minfo     [0m] [1mDebug [LOGIC_ERROR]: produced fixed code (1597 chars)[0m [36mreq[0m=[35mfb62993d[0m
[2m10:59:14[0m [[32m[1minfo     [0m] [1mImplementation iteration 8/10           [0m [36mreq[0m=[35mfb62993d[0m
[2m10:59:16[0m [[33m[1mwarning  [0m] [1mCode execution failed (exit=1): Testing with input: {'db_url': 'postgresql://invalid:invalid@localhost:5432/db', 'query': 'SELECT 1'}
Result: {'success': False, 'error': 'Database operational error: connection failed: connection to server at "127.0.0.1", port 5432 failed: Connection refused\n\tIs the server running on that host and accepting TCP/IP connections?\nMultiple connection attempts failed. All failures were:\n- host: \'localhost\', port: \'5432\', hostaddr: \'::1\': connection failed: connection to server at "::1", po[0m [36mreq[0m=[35mfb62993d[0m
[2m10:59:16[0m [[32m[1minfo     [0m] [1mRecorded build attempt: capability=connect to PostgreSQL database, success=False, error_type=ErrorType.RUNTIME_ERROR[0m [36mreq[0m=[35mfb62993d[0m
[2m10:59:17[0m [[32m[1minfo     [0m] [1mDebug [LOGIC_ERROR]: produced fixed code (1699 chars)[0m [36mreq[0m=[35mfb62993d[0m
[2m10:59:17[0m [[32m[1minfo     [0m] [1mImplementation iteration 9/10           [0m [36mreq[0m=[35mfb62993d[0m
[2m10:59:18[0m [[32m[1minfo     [0m] [1mGetting challenge status: id=c37c49b6-4473-4ee8-bf3f-5596d656daac[0m [36mreq[0m=[35ma1378b43[0m
[2m10:59:18[0m [[32m[1minfo     [0m] [1mrequest_finished                        [0m [36mduration[0m=[35m0.005[0m [36mmethod[0m=[35mGET[0m [36mpath[0m=[35m/api/v1/challenges/c37c49b6-4473-4ee8-bf3f-5596d656daac[0m [36mreq[0m=[35ma1378b43[0m [36mrequest_id[0m=[35ma1378b43-fb54-4d56-9a20-32441bcb7ba6[0m [36mstatus[0m=[35m200[0m
[2m10:59:19[0m [[33m[1mwarning  [0m] [1mCode execution failed (exit=1): Testing with input: {'db_url': 'postgresql://invalid:invalid@localhost:5432/db', 'query': 'SELECT 1'}
Result: {'success': False, 'error': 'Database operational error: connection failed: connection to server at "127.0.0.1", port 5432 failed: Connection refused\n\tIs the server running on that host and accepting TCP/IP connections?\nMultiple connection attempts failed. All failures were:\n- host: \'localhost\', port: \'5432\', hostaddr: \'::1\': connection failed: connection to server at "::1", po[0m [36mreq[0m=[35mfb62993d[0m
[2m10:59:19[0m [[32m[1minfo     [0m] [1mRecorded build attempt: capability=connect to PostgreSQL database, success=False, error_type=ErrorType.RUNTIME_ERROR[0m [36mreq[0m=[35mfb62993d[0m
[2m10:59:21[0m [[32m[1minfo     [0m] [1mDebug [LOGIC_ERROR]: produced fixed code (1621 chars)[0m [36mreq[0m=[35mfb62993d[0m
[2m10:59:21[0m [[32m[1minfo     [0m] [1mImplementation iteration 10/10          [0m [36mreq[0m=[35mfb62993d[0m
[2m10:59:22[0m [[33m[1mwarning  [0m] [1mCode execution failed (exit=1): Testing with input: {'db_url': 'postgresql://invalid:invalid@localhost:5432/db', 'query': 'SELECT 1'}
Result: {'success': False, 'error': 'Database operational error: connection failed: connection to server at "127.0.0.1", port 5432 failed: Connection refused\n\tIs the server running on that host and accepting TCP/IP connections?\nMultiple connection attempts failed. All failures were:\n- host: \'localhost\', port: \'5432\', hostaddr: \'::1\': connection failed: connection to server at "::1", po[0m [36mreq[0m=[35mfb62993d[0m
[2m10:59:22[0m [[32m[1minfo     [0m] [1mRecorded build attempt: capability=connect to PostgreSQL database, success=False, error_type=ErrorType.RUNTIME_ERROR[0m [36mreq[0m=[35mfb62993d[0m
[2m10:59:23[0m [[32m[1minfo     [0m] [1mGetting challenge status: id=c37c49b6-4473-4ee8-bf3f-5596d656daac[0m [36mreq[0m=[35mb87a1e28[0m
[2m10:59:23[0m [[32m[1minfo     [0m] [1mrequest_finished                        [0m [36mduration[0m=[35m0.012[0m [36mmethod[0m=[35mGET[0m [36mpath[0m=[35m/api/v1/challenges/c37c49b6-4473-4ee8-bf3f-5596d656daac[0m [36mreq[0m=[35mb87a1e28[0m [36mrequest_id[0m=[35mb87a1e28-b6b8-4bae-8613-1d2080e56c91[0m [36mstatus[0m=[35m200[0m
[2m10:59:24[0m [[32m[1minfo     [0m] [1mDebug [LOGIC_ERROR]: produced fixed code (1643 chars)[0m [36mreq[0m=[35mfb62993d[0m
[2m10:59:28[0m [[32m[1minfo     [0m] [1mGetting challenge status: id=c37c49b6-4473-4ee8-bf3f-5596d656daac[0m [36mreq[0m=[35m59e51f48[0m
[2m10:59:28[0m [[32m[1minfo     [0m] [1mrequest_finished                        [0m [36mduration[0m=[35m0.008[0m [36mmethod[0m=[35mGET[0m [36mpath[0m=[35m/api/v1/challenges/c37c49b6-4473-4ee8-bf3f-5596d656daac[0m [36mreq[0m=[35m59e51f48[0m [36mrequest_id[0m=[35m59e51f48-ea44-4a89-a2bc-3a095b71aa2f[0m [36mstatus[0m=[35m200[0m
[2m10:59:30[0m [[33m[1mwarning  [0m] [1mSkill Team failed: phase=TeamRole.IMPLEMENTER, reason=Implementation failed after max iterations[0m [36mreq[0m=[35mfb62993d[0m
[2m10:59:30[0m [[32m[1minfo     [0m] [1mRecorded build attempt: capability=connect to PostgreSQL database, success=False, error_type=ErrorType.RUNTIME_ERROR[0m [36mreq[0m=[35mfb62993d[0m
[2m10:59:30[0m [[33m[1mwarning  [0m] [1mGap build failed: 3fc5be69... - Implementation failed after max iterations[0m [36mreq[0m=[35mfb62993d[0m
[2m10:59:30[0m [[32m[1minfo     [0m] [1mAll gaps processed for plan 786c9f3e... [0m [36mreq[0m=[35mfb62993d[0m
[2m10:59:30[0m [[32m[1minfo     [0m] [1mCompleted gap plan: 786c9f3e..., status=partial, completed=0, failed=1[0m [36mreq[0m=[35mfb62993d[0m
[2m10:59:30[0m [[32m[1minfo     [0m] [1mGap plan execution finished: 786c9f3e..., completed=0, failed=1, artifacts=0[0m [36mreq[0m=[35mfb62993d[0m
[2m10:59:30[0m [[32m[1minfo     [0m] [1mVerifying gap closure after cycle 1, built 0 capabilities[0m [36mreq[0m=[35mfb62993d[0m
[2m10:59:30[0m [[32m[1minfo     [0m] [1mGap OPEN: 'connect to PostgreSQL database'[0m [36mreq[0m=[35mfb62993d[0m
[2m10:59:30[0m [[32m[1minfo     [0m] [1mPlan verification complete: 786c9f3e..., closed=0/1, all_closed=False[0m [36mreq[0m=[35mfb62993d[0m
[2m10:59:30[0m [[32m[1minfo     [0m] [1mVerification result: closed=0/1, all_closed=False[0m [36mreq[0m=[35mfb62993d[0m
[2m10:59:30[0m [[32m[1minfo     [0m] [1mCreated gap plan: id=94d195f1..., challenge=c37c49b6..., gaps=1, cycle=2[0m [36mreq[0m=[35mfb62993d[0m
[2m10:59:30[0m [[32m[1minfo     [0m] [1mCreated new cycle 2 with 1 REMAINING gaps (not new ones!) for challenge c37c49b6...[0m [36mreq[0m=[35mfb62993d[0m
[2m10:59:30[0m [[33m[1mwarning  [0m] [1mCapability building failed: c37c49b6-4473-4ee8-bf3f-5596d656daac, decision=new_cycle[0m [36mreq[0m=[35mfb62993d[0m
[2m10:59:33[0m [[32m[1minfo     [0m] [1mGetting challenge status: id=c37c49b6-4473-4ee8-bf3f-5596d656daac[0m [36mreq[0m=[35md9b0f204[0m
[2m10:59:33[0m [[32m[1minfo     [0m] [1mrequest_finished                        [0m [36mduration[0m=[35m0.008[0m [36mmethod[0m=[35mGET[0m [36mpath[0m=[35m/api/v1/challenges/c37c49b6-4473-4ee8-bf3f-5596d656daac[0m [36mreq[0m=[35md9b0f204[0m [36mrequest_id[0m=[35md9b0f204-2867-4524-90fb-50f3fee8bac0[0m [36mstatus[0m=[35m200[0m
[2m10:59:34[0m [[32m[1minfo     [0m] [1mDirect challenge analysis: execution_id=6e731ea7-6dc4-43e4-a378-9698230de9e6[0m [36mreq[0m=[35m1646cb0b[0m
[2m10:59:34[0m [[32m[1minfo     [0m] [1mPre-execution analysis starting for execution 6e731ea7-6dc4-43e4-a378-9698230de9e6[0m [36mreq[0m=[35m1646cb0b[0m
[2m10:59:34[0m [[32m[1minfo     [0m] [1mAnalyzing challenge for execution 6e731ea7-6dc4-43e4-a378-9698230de9e6[0m [36mreq[0m=[35m1646cb0b[0m
[2m10:59:34[0m [[32m[1minfo     [0m] [1mLoading topology from database...       [0m [36mreq[0m=[35m1646cb0b[0m
[2m10:59:34[0m [[32m[1minfo     [0m] [1mMapped 7 skill entries to 7 capabilities[0m [36mreq[0m=[35m1646cb0b[0m
[2m10:59:34[0m [[32m[1minfo     [0m] [1mTopology validated: 11 agents in 5 waves[0m [36mreq[0m=[35m1646cb0b[0m
[2m10:59:34[0m [[32m[1minfo     [0m] [1mLoaded 7 skills for topology            [0m [36mreq[0m=[35m1646cb0b[0m
[2m10:59:34[0m [[32m[1minfo     [0m] [1mTopology loaded: 11 agents, 5 waves     [0m [36mreq[0m=[35m1646cb0b[0m
[2m10:59:34[0m [[32m[1minfo     [0m] [1mSkill 'skill_write_a_formal_daily_construction_report' provides applicability: 'This skill should be selected when you need to generate and save a formal, text-based daily construction progress report. It requires the site name and progress summary as input to produce a timestamped file in a specified directory.'[0m [36mreq[0m=[35m1646cb0b[0m
[2m10:59:34[0m [[32m[1minfo     [0m] [1mSkill 'skill_create_a_final_pdf_or_text_based_report_of_the_pouring_protocol' provides applicability: 'Select this skill when you need to generate a formal, documented record of a completed pouring protocol in either PDF or text format. It should be used once all protocol data—including the ID, operator, timestamp, and step list—has been finalized and validated.'[0m [36mreq[0m=[35m1646cb0b[0m
[2m10:59:34[0m [[32m[1minfo     [0m] [1mSkill 'skill_define_technical_migration_and_api_integration_roadmap' provides applicability: 'Select this skill when planning the transition from a legacy system to a new API architecture to generate a structured implementation roadmap and validation plan based on a chosen migration strategy (strangler fig, big bang, or dual-write).'[0m [36mreq[0m=[35m1646cb0b[0m
[2m10:59:34[0m [[32m[1minfo     [0m] [1mSkill 'skill_calculate_financial_impact_and_transaction_statistics' provides applicability: 'Select this skill when you need to derive aggregate financial metrics, such as total volume, averages, and category-specific impacts, from a structured list of transaction records. It is best utilized when transaction amounts require normalization from mixed string or numeric formats into a consistent float representation.'[0m [36mreq[0m=[35m1646cb0b[0m
[2m10:59:34[0m [[32m[1minfo     [0m] [1mSkill 'skill_calculate_budget_impact_of_proposed_cost_saving_measures' provides applicability: 'Select this skill when you need to determine the financial effect of multiple cost-saving initiatives on an existing budget. It should be used when you have a defined current budget and a list of specific proposed savings amounts to calculate the new budget total and the overall percentage reduction.'[0m [36mreq[0m=[35m1646cb0b[0m
[2m10:59:34[0m [[32m[1minfo     [0m] [1mSkill 'skill_generate_a_risk_matrix_visualization_or_summary_table' provides applicability: 'Select this skill when you need to visualize or summarize a list of risks by plotting their likelihood and impact scores on a 5x5 matrix. It should be used when your input data contains structured risk entries with defined numerical likelihood and impact values.'[0m [36mreq[0m=[35m1646cb0b[0m
[2m10:59:34[0m [[32m[1minfo     [0m] [1mSkill 'skill_evaluate_technical_risks_of_custom_abap_code_and_interface_dependencies' provides applicability: 'This skill should be selected when assessing the technical debt or stability risks of an SAP environment by identifying high-complexity custom ABAP objects and critical integration hubs. It is best applied during system audits or migration planning to prioritize objects requiring refactoring or rigorous testing based on their weighted risk scores and dependency density.'[0m [36mreq[0m=[35m1646cb0b[0m
[2m10:59:34[0m [[32m[1minfo     [0m] [1mExtracted 7 capabilities from 7 active skills[0m [36mreq[0m=[35m1646cb0b[0m
[2m10:59:34[0m [[32m[1minfo     [0m] [1mPrompt 'report_generator_prompt' provides affected_capability: 'structure inspection findings into a formal report format'[0m [36mreq[0m=[35m1646cb0b[0m
[2m10:59:34[0m [[32m[1minfo     [0m] [1mPrompt 'prompt_generate_professional_business_correspondence' provides affected_capability: 'generate professional business correspondence'[0m [36mreq[0m=[35m1646cb0b[0m
[2m10:59:34[0m [[32m[1minfo     [0m] [1mPrompt 'transcript_analyzer_prompt' provides affected_capability: 'analyze meeting transcript'[0m [36mreq[0m=[35m1646cb0b[0m
[2m10:59:34[0m [[32m[1minfo     [0m] [1mPrompt 'prompt_analyze_construction_site_personnel_data' provides affected_capability: 'analyze construction site personnel data'[0m [36mreq[0m=[35m1646cb0b[0m
[2m10:59:34[0m [[32m[1minfo     [0m] [1mPrompt 'prompt_generate_a_structured_change_order_document_for_the_client' provides affected_capability: 'generate a structured change order document for the client'[0m [36mreq[0m=[35m1646cb0b[0m
[2m10:59:34[0m [[32m[1minfo     [0m] [1mPrompt 'prompt_structure_cost_breakdown_for_project_management' provides affected_capability: 'structure cost breakdown for project management'[0m [36mreq[0m=[35m1646cb0b[0m
[2m10:59:34[0m [[32m[1minfo     [0m] [1mPrompt 'report_finalizer_prompt' provides affected_capability: 'generate a formal network disruption report document'[0m [36mreq[0m=[35m1646cb0b[0m
[2m10:59:34[0m [[32m[1minfo     [0m] [1mPrompt 'prompt_analyze_incident_and_change_logs' provides affected_capability: 'analyze incident and change logs'[0m [36mreq[0m=[35m1646cb0b[0m
[2m10:59:34[0m [[32m[1minfo     [0m] [1mExtracted 8 capabilities from 8 active prompts[0m [36mreq[0m=[35m1646cb0b[0m
[2m10:59:35[0m [[32m[1minfo     [0m] [1mLLM extracted 6 capabilities: 3 execution, 3 knowledge[0m [36mreq[0m=[35m1646cb0b[0m
[2m10:59:35[0m [[32m[1minfo     [0m] [1mExtracted 6 required capabilities       [0m [36mreq[0m=[35m1646cb0b[0m
[2m10:59:38[0m [[32m[1minfo     [0m] [1mAssessment complete: MAYBE (3 gaps, 3 suggestions)[0m [36mreq[0m=[35m1646cb0b[0m
[2m10:59:38[0m [[32m[1minfo     [0m] [1mASSESSMENT_LOG execution_id=6e731ea7-6dc4-43e4-a378-9698230de9e6 confidence=MAYBE gaps=3 route=developer_team duration_ms=4775[0m [36mreq[0m=[35m1646cb0b[0m
[2m10:59:38[0m [[32m[1minfo     [0m] [1mPre-execution analysis complete: MAYBE -> route: developer_team[0m [36mreq[0m=[35m1646cb0b[0m
[2m10:59:38[0m [[32m[1minfo     [0m] [1mOrchestrator analysis complete: confidence=MAYBE, route=developer_team[0m [36mreq[0m=[35m1646cb0b[0m
[2m10:59:38[0m [[32m[1minfo     [0m] [1m0 gaps already satisfied, 3 remaining   [0m [36mreq[0m=[35m1646cb0b[0m
[2m10:59:38[0m [[32m[1minfo     [0m] [1mGenerated build plan for challenge 855b2649-9875-4ae8-98d9-487e2c766109: 3 items, 1 critical[0m [36mreq[0m=[35m1646cb0b[0m
[2m10:59:38[0m [[32m[1minfo     [0m] [1mrequest_finished                        [0m [36mduration[0m=[35m4.952[0m [36mmethod[0m=[35mPOST[0m [36mpath[0m=[35m/api/v1/challenges/analyze[0m [36mreq[0m=[35m1646cb0b[0m [36mrequest_id[0m=[35m1646cb0b-d720-4877-998e-25b7659cb99c[0m [36mstatus[0m=[35m200[0m
[2m10:59:38[0m [[32m[1minfo     [0m] [1mStarting capability building: challenge_id=855b2649-9875-4ae8-98d9-487e2c766109[0m [36mreq[0m=[35m1646cb0b[0m
[2m10:59:39[0m [[32m[1minfo     [0m] [1mLoading topology from database...       [0m [36mreq[0m=[35m1646cb0b[0m
[2m10:59:39[0m [[32m[1minfo     [0m] [1mMapped 7 skill entries to 7 capabilities[0m [36mreq[0m=[35m1646cb0b[0m
[2m10:59:39[0m [[32m[1minfo     [0m] [1mTopology validated: 11 agents in 5 waves[0m [36mreq[0m=[35m1646cb0b[0m
[2m10:59:39[0m [[32m[1minfo     [0m] [1mLoaded 7 skills for topology            [0m [36mreq[0m=[35m1646cb0b[0m
[2m10:59:39[0m [[32m[1minfo     [0m] [1mTopology loaded: 11 agents, 5 waves     [0m [36mreq[0m=[35m1646cb0b[0m
[2m10:59:39[0m [[32m[1minfo     [0m] [1mRuntimeAgentRegistry initialized with max_concurrent=5[0m [36mreq[0m=[35m1646cb0b[0m
[2m10:59:39[0m [[32m[1minfo     [0m] [1mProcessing blocked challenge: id=855b2649..., attempt=1/5[0m [36mreq[0m=[35m1646cb0b[0m
[2m10:59:39[0m [[32m[1minfo     [0m] [1mCreated gap plan: id=c77d86cb..., challenge=855b2649..., gaps=3, cycle=1[0m [36mreq[0m=[35m1646cb0b[0m
[2m10:59:39[0m [[32m[1minfo     [0m] [1mCreated gap plan: c77d86cb..., cycle=1, gaps=3[0m [36mreq[0m=[35m1646cb0b[0m
[2m10:59:39[0m [[32m[1minfo     [0m] [1mStarted gap plan: c77d86cb...           [0m [36mreq[0m=[35m1646cb0b[0m
[2m10:59:39[0m [[32m[1minfo     [0m] [1mExecuting gap plan: c77d86cb..., total_gaps=3, cycle=1[0m [36mreq[0m=[35m1646cb0b[0m
[2m10:59:39[0m [[32m[1minfo     [0m] [1mProcessing gap: 3ac12d83... type=missing_skill, capability=design and create a normalized relational database schema, severity=critical[0m [36mreq[0m=[35m1646cb0b[0m
[2m10:59:39[0m [[32m[1minfo     [0m] [1mStrategy proposed for design and create a normalized relational database schema: direct (confidence=0.5)[0m [36mreq[0m=[35m1646cb0b[0m
[2m10:59:39[0m [[32m[1minfo     [0m] [1mBuilding capability: gap_type=missing_skill, severity=critical, attempt=1, approach=direct[0m [36mreq[0m=[35m1646cb0b[0m
[2m10:59:39[0m [[32m[1minfo     [0m] [1mUsing Skill Team for capability: design and create a normalized relational database schema[0m [36mreq[0m=[35m1646cb0b[0m
[2m10:59:39[0m [[32m[1minfo     [0m] [1mStarting team-based skill development for: design and create a normalized relational database schema[0m [36mreq[0m=[35m1646cb0b[0m
[2m10:59:39[0m [[32m[1minfo     [0m] [1mFound 2 previous failures to learn from [0m [36mreq[0m=[35m1646cb0b[0m
[2m10:59:39[0m [[32m[1minfo     [0m] [1mResearching capability: design and create a normalized relational database schema[0m [36mreq[0m=[35m1646cb0b[0m
[2m10:59:39[0m [[32m[1minfo     [0m] [1mUsing cached research for: design and create a normalized relational database schema[0m [36mreq[0m=[35m1646cb0b[0m
[2m10:59:39[0m [[32m[1minfo     [0m] [1mResearch complete: 0 packages found     [0m [36mreq[0m=[35m1646cb0b[0m
[2m10:59:41[0m [[32m[1minfo     [0m] [1mArchitecture complete: 2 test cases defined[0m [36mreq[0m=[35m1646cb0b[0m
[2m10:59:41[0m [[32m[1minfo     [0m] [1mDocker client connected successfully    [0m [36mreq[0m=[35m1646cb0b[0m
[2m10:59:42[0m [[32m[1minfo     [0m] [1mSession container created: 4dc6ddebaaad [0m [36mreq[0m=[35m1646cb0b[0m
[2m10:59:42[0m [[32m[1minfo     [0m] [1mInstalling pip packages: "sqlalchemy>=2.0.0"[0m [36mreq[0m=[35m1646cb0b[0m
[2m10:59:44[0m [[32m[1minfo     [0m] [1mGetting challenge status: id=855b2649-9875-4ae8-98d9-487e2c766109[0m [36mreq[0m=[35me915e379[0m
[2m10:59:44[0m [[32m[1minfo     [0m] [1mrequest_finished                        [0m [36mduration[0m=[35m0.038[0m [36mmethod[0m=[35mGET[0m [36mpath[0m=[35m/api/v1/challenges/855b2649-9875-4ae8-98d9-487e2c766109[0m [36mreq[0m=[35me915e379[0m [36mrequest_id[0m=[35me915e379-4ca8-4191-97bd-e806b230fae9[0m [36mstatus[0m=[35m200[0m
[2m10:59:46[0m [[32m[1minfo     [0m] [1mPip packages installed successfully     [0m [36mreq[0m=[35m1646cb0b[0m
[2m10:59:46[0m [[32m[1minfo     [0m] [1mImplementation iteration 1/10           [0m [36mreq[0m=[35m1646cb0b[0m
[2m10:59:49[0m [[32m[1minfo     [0m] [1mGetting challenge status: id=855b2649-9875-4ae8-98d9-487e2c766109[0m [36mreq[0m=[35m1a99e399[0m
[2m10:59:49[0m [[32m[1minfo     [0m] [1mrequest_finished                        [0m [36mduration[0m=[35m0.012[0m [36mmethod[0m=[35mGET[0m [36mpath[0m=[35m/api/v1/challenges/855b2649-9875-4ae8-98d9-487e2c766109[0m [36mreq[0m=[35m1a99e399[0m [36mrequest_id[0m=[35m1a99e399-9086-4524-912c-1965c9e17ba8[0m [36mstatus[0m=[35m200[0m
[2m10:59:54[0m [[32m[1minfo     [0m] [1mGetting challenge status: id=855b2649-9875-4ae8-98d9-487e2c766109[0m [36mreq[0m=[35m237b1897[0m
[2m10:59:54[0m [[32m[1minfo     [0m] [1mrequest_finished                        [0m [36mduration[0m=[35m0.026[0m [36mmethod[0m=[35mGET[0m [36mpath[0m=[35m/api/v1/challenges/855b2649-9875-4ae8-98d9-487e2c766109[0m [36mreq[0m=[35m237b1897[0m [36mrequest_id[0m=[35m237b1897-519a-42ec-8d9e-0f6cb966a172[0m [36mstatus[0m=[35m200[0m
[2m10:59:55[0m [[32m[1minfo     [0m] [1mReview iteration 1/2                    [0m [36mreq[0m=[35m1646cb0b[0m
[2m10:59:59[0m [[32m[1minfo     [0m] [1mGetting challenge status: id=855b2649-9875-4ae8-98d9-487e2c766109[0m [36mreq[0m=[35ma9c7ce87[0m
[2m10:59:59[0m [[32m[1minfo     [0m] [1mrequest_finished                        [0m [36mduration[0m=[35m0.015[0m [36mmethod[0m=[35mGET[0m [36mpath[0m=[35m/api/v1/challenges/855b2649-9875-4ae8-98d9-487e2c766109[0m [36mreq[0m=[35ma9c7ce87[0m [36mrequest_id[0m=[35ma9c7ce87-ebe5-46d3-8aa2-223310c5f914[0m [36mstatus[0m=[35m200[0m
[2m11:00:00[0m [[32m[1minfo     [0m] [1mReview iteration 2/2                    [0m [36mreq[0m=[35m1646cb0b[0m
[2m11:00:03[0m [[33m[1mwarning  [0m] [1mSkill Team failed: phase=TeamRole.REVIEWER, reason=Code review failed: The logic creates tables based on functional dependencies (FDs) but fails to establish foreign key relationships or handle the actual decomposition of the original relations. It simply creates redundant tables alongside the original ones.[0m [36mreq[0m=[35m1646cb0b[0m
[2m11:00:03[0m [[32m[1minfo     [0m] [1mRecorded build attempt: capability=design and create a normalized relational database schema, success=False, error_type=ErrorType.RUNTIME_ERROR[0m [36mreq[0m=[35m1646cb0b[0m
[2m11:00:03[0m [[33m[1mwarning  [0m] [1mGap build failed: 3ac12d83... - Code review failed: The logic creates tables based on functional dependencies (FDs) but fails to establish foreign key relationships or handle the actual decomposition of the original relations. It simply creates redundant tables alongside the original ones.[0m [36mreq[0m=[35m1646cb0b[0m
[2m11:00:03[0m [[32m[1minfo     [0m] [1mProcessing gap: 73bfa94e... type=missing_skill, capability=parse and import 50 CSV files into the database, severity=important[0m [36mreq[0m=[35m1646cb0b[0m
[2m11:00:03[0m [[32m[1minfo     [0m] [1mStrategy proposed for parse and import 50 CSV files into the database: direct (confidence=0.5)[0m [36mreq[0m=[35m1646cb0b[0m
[2m11:00:03[0m [[32m[1minfo     [0m] [1mBuilding capability: gap_type=missing_skill, severity=important, attempt=1, approach=direct[0m [36mreq[0m=[35m1646cb0b[0m
[2m11:00:03[0m [[32m[1minfo     [0m] [1mUsing Skill Team for capability: parse and import 50 CSV files into the database[0m [36mreq[0m=[35m1646cb0b[0m
[2m11:00:03[0m [[32m[1minfo     [0m] [1mStarting team-based skill development for: parse and import 50 CSV files into the database[0m [36mreq[0m=[35m1646cb0b[0m
[2m11:00:03[0m [[32m[1minfo     [0m] [1mFound 10 previous failures to learn from[0m [36mreq[0m=[35m1646cb0b[0m
[2m11:00:03[0m [[32m[1minfo     [0m] [1mResearching capability: parse and import 50 CSV files into the database[0m [36mreq[0m=[35m1646cb0b[0m
[2m11:00:03[0m [[32m[1minfo     [0m] [1mUsing cached research for: parse and import 50 CSV files into the database[0m [36mreq[0m=[35m1646cb0b[0m
[2m11:00:03[0m [[32m[1minfo     [0m] [1mResearch complete: 0 packages found     [0m [36mreq[0m=[35m1646cb0b[0m
[2m11:00:04[0m [[32m[1minfo     [0m] [1mGetting challenge status: id=855b2649-9875-4ae8-98d9-487e2c766109[0m [36mreq[0m=[35m7e3f9b7e[0m
[2m11:00:04[0m [[32m[1minfo     [0m] [1mrequest_finished                        [0m [36mduration[0m=[35m0.012[0m [36mmethod[0m=[35mGET[0m [36mpath[0m=[35m/api/v1/challenges/855b2649-9875-4ae8-98d9-487e2c766109[0m [36mreq[0m=[35m7e3f9b7e[0m [36mrequest_id[0m=[35m7e3f9b7e-8820-4993-aeb5-3a977f4d77c1[0m [36mstatus[0m=[35m200[0m
[2m11:00:06[0m [[32m[1minfo     [0m] [1mArchitecture complete: 2 test cases defined[0m [36mreq[0m=[35m1646cb0b[0m
[2m11:00:06[0m [[32m[1minfo     [0m] [1mSession container created: 79e023447c6e [0m [36mreq[0m=[35m1646cb0b[0m
[2m11:00:06[0m [[32m[1minfo     [0m] [1mInstalling pip packages: "pandas>=2.0.0" "sqlalchemy>=2.0.0"[0m [36mreq[0m=[35m1646cb0b[0m
[2m11:00:09[0m [[32m[1minfo     [0m] [1mGetting challenge status: id=855b2649-9875-4ae8-98d9-487e2c766109[0m [36mreq[0m=[35m789c4c6c[0m
[2m11:00:09[0m [[32m[1minfo     [0m] [1mrequest_finished                        [0m [36mduration[0m=[35m0.05[0m [36mmethod[0m=[35mGET[0m [36mpath[0m=[35m/api/v1/challenges/855b2649-9875-4ae8-98d9-487e2c766109[0m [36mreq[0m=[35m789c4c6c[0m [36mrequest_id[0m=[35m789c4c6c-eb7d-4c7b-85fd-2c6b8a7d8b70[0m [36mstatus[0m=[35m200[0m
[2m11:00:14[0m [[32m[1minfo     [0m] [1mGetting challenge status: id=855b2649-9875-4ae8-98d9-487e2c766109[0m [36mreq[0m=[35m99bb2e42[0m
[2m11:00:14[0m [[32m[1minfo     [0m] [1mrequest_finished                        [0m [36mduration[0m=[35m0.028[0m [36mmethod[0m=[35mGET[0m [36mpath[0m=[35m/api/v1/challenges/855b2649-9875-4ae8-98d9-487e2c766109[0m [36mreq[0m=[35m99bb2e42[0m [36mrequest_id[0m=[35m99bb2e42-4e3c-4c9d-9dd5-710c76b70fe4[0m [36mstatus[0m=[35m200[0m
[2m11:00:19[0m [[32m[1minfo     [0m] [1mGetting challenge status: id=855b2649-9875-4ae8-98d9-487e2c766109[0m [36mreq[0m=[35m1ef97a7e[0m
[2m11:00:19[0m [[32m[1minfo     [0m] [1mrequest_finished                        [0m [36mduration[0m=[35m0.031[0m [36mmethod[0m=[35mGET[0m [36mpath[0m=[35m/api/v1/challenges/855b2649-9875-4ae8-98d9-487e2c766109[0m [36mreq[0m=[35m1ef97a7e[0m [36mrequest_id[0m=[35m1ef97a7e-2005-46e5-b475-d63b1f391980[0m [36mstatus[0m=[35m200[0m
[2m11:00:19[0m [[32m[1minfo     [0m] [1mPip packages installed successfully     [0m [36mreq[0m=[35m1646cb0b[0m
[2m11:00:19[0m [[32m[1minfo     [0m] [1mImplementation iteration 1/10           [0m [36mreq[0m=[35m1646cb0b[0m
[2m11:00:24[0m [[32m[1minfo     [0m] [1mGetting challenge status: id=855b2649-9875-4ae8-98d9-487e2c766109[0m [36mreq[0m=[35m40e43871[0m
[2m11:00:24[0m [[32m[1minfo     [0m] [1mrequest_finished                        [0m [36mduration[0m=[35m0.046[0m [36mmethod[0m=[35mGET[0m [36mpath[0m=[35m/api/v1/challenges/855b2649-9875-4ae8-98d9-487e2c766109[0m [36mreq[0m=[35m40e43871[0m [36mrequest_id[0m=[35m40e43871-84e1-4fbf-8c14-876535ee22fd[0m [36mstatus[0m=[35m200[0m
[2m11:00:24[0m [[33m[1mwarning  [0m] [1mCode execution failed (exit=1): Testing with input: {'folder_path': '/non/existent/path', 'db_url': 'sqlite:///:memory:'}
Result: {'success': False, 'error': 'The path provided is not a valid directory: /non/existent/path'}
TEST FAILED: The path provided is not a valid directory: /non/existent/path
[0m [36mreq[0m=[35m1646cb0b[0m
[2m11:00:24[0m [[32m[1minfo     [0m] [1mRecorded build attempt: capability=parse and import 50 CSV files into the database, success=False, error_type=ErrorType.RUNTIME_ERROR[0m [36mreq[0m=[35m1646cb0b[0m
[2m11:00:26[0m [[32m[1minfo     [0m] [1mDebug [LOGIC_ERROR]: produced fixed code (1923 chars)[0m [36mreq[0m=[35m1646cb0b[0m
[2m11:00:26[0m [[32m[1minfo     [0m] [1mImplementation iteration 2/10           [0m [36mreq[0m=[35m1646cb0b[0m
[2m11:00:29[0m [[33m[1mwarning  [0m] [1mCode execution failed (exit=1): Testing with input: {'folder_path': '/non/existent/path', 'db_url': 'sqlite:///:memory:'}
Result: {'success': False, 'error': 'The path provided is not a valid directory: /non/existent/path'}
TEST FAILED: The path provided is not a valid directory: /non/existent/path
[0m [36mreq[0m=[35m1646cb0b[0m
[2m11:00:29[0m [[32m[1minfo     [0m] [1mRecorded build attempt: capability=parse and import 50 CSV files into the database, success=False, error_type=ErrorType.RUNTIME_ERROR[0m [36mreq[0m=[35m1646cb0b[0m
[2m11:00:29[0m [[32m[1minfo     [0m] [1mGetting challenge status: id=855b2649-9875-4ae8-98d9-487e2c766109[0m [36mreq[0m=[35m94ebf8d8[0m
[2m11:00:29[0m [[32m[1minfo     [0m] [1mrequest_finished                        [0m [36mduration[0m=[35m0.008[0m [36mmethod[0m=[35mGET[0m [36mpath[0m=[35m/api/v1/challenges/855b2649-9875-4ae8-98d9-487e2c766109[0m [36mreq[0m=[35m94ebf8d8[0m [36mrequest_id[0m=[35m94ebf8d8-2326-41e8-a366-13fcb0206000[0m [36mstatus[0m=[35m200[0m
[2m11:00:31[0m [[32m[1minfo     [0m] [1mDebug [LOGIC_ERROR]: produced fixed code (1743 chars)[0m [36mreq[0m=[35m1646cb0b[0m
[2m11:00:31[0m [[32m[1minfo     [0m] [1mImplementation iteration 3/10           [0m [36mreq[0m=[35m1646cb0b[0m
[2m11:00:33[0m [[33m[1mwarning  [0m] [1mCode execution failed (exit=1): Testing with input: {'folder_path': '/non/existent/path', 'db_url': 'sqlite:///:memory:'}
Result: {'success': False, 'error': 'The path provided is not a valid directory: /non/existent/path'}
TEST FAILED: The path provided is not a valid directory: /non/existent/path
[0m [36mreq[0m=[35m1646cb0b[0m
[2m11:00:33[0m [[32m[1minfo     [0m] [1mRecorded build attempt: capability=parse and import 50 CSV files into the database, success=False, error_type=ErrorType.RUNTIME_ERROR[0m [36mreq[0m=[35m1646cb0b[0m
[2m11:00:34[0m [[32m[1minfo     [0m] [1mGetting challenge status: id=855b2649-9875-4ae8-98d9-487e2c766109[0m [36mreq[0m=[35mef881975[0m
[2m11:00:34[0m [[32m[1minfo     [0m] [1mrequest_finished                        [0m [36mduration[0m=[35m0.007[0m [36mmethod[0m=[35mGET[0m [36mpath[0m=[35m/api/v1/challenges/855b2649-9875-4ae8-98d9-487e2c766109[0m [36mreq[0m=[35mef881975[0m [36mrequest_id[0m=[35mef881975-a0ee-4649-8788-358cd0194926[0m [36mstatus[0m=[35m200[0m
[2m11:00:35[0m [[32m[1minfo     [0m] [1mDebug [LOGIC_ERROR]: produced fixed code (1873 chars)[0m [36mreq[0m=[35m1646cb0b[0m
[2m11:00:35[0m [[32m[1minfo     [0m] [1mImplementation iteration 4/10           [0m [36mreq[0m=[35m1646cb0b[0m
[2m11:00:38[0m [[33m[1mwarning  [0m] [1mCode execution failed (exit=1): Testing with input: {'folder_path': '/non/existent/path', 'db_url': 'sqlite:///:memory:'}
Result: {'success': False, 'error': 'The path provided is not a valid directory: /non/existent/path'}
TEST FAILED: The path provided is not a valid directory: /non/existent/path
[0m [36mreq[0m=[35m1646cb0b[0m
[2m11:00:38[0m [[32m[1minfo     [0m] [1mRecorded build attempt: capability=parse and import 50 CSV files into the database, success=False, error_type=ErrorType.RUNTIME_ERROR[0m [36mreq[0m=[35m1646cb0b[0m
[2m11:00:39[0m [[32m[1minfo     [0m] [1mGetting challenge status: id=855b2649-9875-4ae8-98d9-487e2c766109[0m [36mreq[0m=[35md5a0a81c[0m
[2m11:00:39[0m [[32m[1minfo     [0m] [1mrequest_finished                        [0m [36mduration[0m=[35m0.032[0m [36mmethod[0m=[35mGET[0m [36mpath[0m=[35m/api/v1/challenges/855b2649-9875-4ae8-98d9-487e2c766109[0m [36mreq[0m=[35md5a0a81c[0m [36mrequest_id[0m=[35md5a0a81c-93cf-4ace-a066-b8972eac6fdf[0m [36mstatus[0m=[35m200[0m
[2m11:00:40[0m [[32m[1minfo     [0m] [1mDebug [LOGIC_ERROR]: produced fixed code (1935 chars)[0m [36mreq[0m=[35m1646cb0b[0m
[2m11:00:40[0m [[32m[1minfo     [0m] [1mImplementation iteration 5/10           [0m [36mreq[0m=[35m1646cb0b[0m
[2m11:00:43[0m [[33m[1mwarning  [0m] [1mCode execution failed (exit=1): Testing with input: {'folder_path': '/non/existent/path', 'db_url': 'sqlite:///:memory:'}
Result: {'success': False, 'error': 'The path provided is not a valid directory: /non/existent/path'}
TEST FAILED: The path provided is not a valid directory: /non/existent/path
[0m [36mreq[0m=[35m1646cb0b[0m
[2m11:00:43[0m [[32m[1minfo     [0m] [1mRecorded build attempt: capability=parse and import 50 CSV files into the database, success=False, error_type=ErrorType.RUNTIME_ERROR[0m [36mreq[0m=[35m1646cb0b[0m
[2m11:00:44[0m [[32m[1minfo     [0m] [1mGetting challenge status: id=855b2649-9875-4ae8-98d9-487e2c766109[0m [36mreq[0m=[35m8193a488[0m
[2m11:00:44[0m [[32m[1minfo     [0m] [1mrequest_finished                        [0m [36mduration[0m=[35m0.007[0m [36mmethod[0m=[35mGET[0m [36mpath[0m=[35m/api/v1/challenges/855b2649-9875-4ae8-98d9-487e2c766109[0m [36mreq[0m=[35m8193a488[0m [36mrequest_id[0m=[35m8193a488-8191-483d-995a-28a6d68050d1[0m [36mstatus[0m=[35m200[0m
[2m11:00:44[0m [[32m[1minfo     [0m] [1mDebug [LOGIC_ERROR]: produced fixed code (1899 chars)[0m [36mreq[0m=[35m1646cb0b[0m
[2m11:00:44[0m [[32m[1minfo     [0m] [1mImplementation iteration 6/10           [0m [36mreq[0m=[35m1646cb0b[0m
[2m11:00:47[0m [[33m[1mwarning  [0m] [1mCode execution failed (exit=1): Testing with input: {'folder_path': '/non/existent/path', 'db_url': 'sqlite:///:memory:'}
Result: {'success': False, 'error': 'The path provided is not a valid directory: /non/existent/path'}
TEST FAILED: The path provided is not a valid directory: /non/existent/path
[0m [36mreq[0m=[35m1646cb0b[0m
[2m11:00:47[0m [[32m[1minfo     [0m] [1mRecorded build attempt: capability=parse and import 50 CSV files into the database, success=False, error_type=ErrorType.RUNTIME_ERROR[0m [36mreq[0m=[35m1646cb0b[0m
[2m11:00:48[0m [[32m[1minfo     [0m] [1mDebug [LOGIC_ERROR]: produced fixed code (1695 chars)[0m [36mreq[0m=[35m1646cb0b[0m
[2m11:00:48[0m [[32m[1minfo     [0m] [1mImplementation iteration 7/10           [0m [36mreq[0m=[35m1646cb0b[0m
[2m11:00:49[0m [[32m[1minfo     [0m] [1mGetting challenge status: id=855b2649-9875-4ae8-98d9-487e2c766109[0m [36mreq[0m=[35m1cfe4b4e[0m
[2m11:00:49[0m [[32m[1minfo     [0m] [1mrequest_finished                        [0m [36mduration[0m=[35m0.014[0m [36mmethod[0m=[35mGET[0m [36mpath[0m=[35m/api/v1/challenges/855b2649-9875-4ae8-98d9-487e2c766109[0m [36mreq[0m=[35m1cfe4b4e[0m [36mrequest_id[0m=[35m1cfe4b4e-b94d-4fda-ae02-ddb633a2a965[0m [36mstatus[0m=[35m200[0m
[2m11:00:51[0m [[33m[1mwarning  [0m] [1mCode execution failed (exit=1): Testing with input: {'folder_path': '/non/existent/path', 'db_url': 'sqlite:///:memory:'}
Result: {'success': False, 'error': 'The path provided is not a valid directory: /non/existent/path'}
TEST FAILED: The path provided is not a valid directory: /non/existent/path
[0m [36mreq[0m=[35m1646cb0b[0m
[2m11:00:51[0m [[32m[1minfo     [0m] [1mRecorded build attempt: capability=parse and import 50 CSV files into the database, success=False, error_type=ErrorType.RUNTIME_ERROR[0m [36mreq[0m=[35m1646cb0b[0m
[2m11:00:53[0m [[32m[1minfo     [0m] [1mDebug [LOGIC_ERROR]: produced fixed code (1871 chars)[0m [36mreq[0m=[35m1646cb0b[0m
[2m11:00:53[0m [[32m[1minfo     [0m] [1mImplementation iteration 8/10           [0m [36mreq[0m=[35m1646cb0b[0m
[2m11:00:54[0m [[32m[1minfo     [0m] [1mGetting challenge status: id=855b2649-9875-4ae8-98d9-487e2c766109[0m [36mreq[0m=[35m6513aeee[0m
[2m11:00:54[0m [[32m[1minfo     [0m] [1mrequest_finished                        [0m [36mduration[0m=[35m0.005[0m [36mmethod[0m=[35mGET[0m [36mpath[0m=[35m/api/v1/challenges/855b2649-9875-4ae8-98d9-487e2c766109[0m [36mreq[0m=[35m6513aeee[0m [36mrequest_id[0m=[35m6513aeee-76c1-4d13-8d1c-f9f9dbc078fb[0m [36mstatus[0m=[35m200[0m
[2m11:00:55[0m [[33m[1mwarning  [0m] [1mCode execution failed (exit=1): Testing with input: {'folder_path': '/non/existent/path', 'db_url': 'sqlite:///:memory:'}
Result: {'success': False, 'error': 'The path provided is not a valid directory: /non/existent/path'}
TEST FAILED: The path provided is not a valid directory: /non/existent/path
[0m [36mreq[0m=[35m1646cb0b[0m
[2m11:00:55[0m [[32m[1minfo     [0m] [1mRecorded build attempt: capability=parse and import 50 CSV files into the database, success=False, error_type=ErrorType.RUNTIME_ERROR[0m [36mreq[0m=[35m1646cb0b[0m
[2m11:00:57[0m [[32m[1minfo     [0m] [1mDebug [LOGIC_ERROR]: produced fixed code (1917 chars)[0m [36mreq[0m=[35m1646cb0b[0m
[2m11:00:57[0m [[32m[1minfo     [0m] [1mImplementation iteration 9/10           [0m [36mreq[0m=[35m1646cb0b[0m
[2m11:00:59[0m [[32m[1minfo     [0m] [1mGetting challenge status: id=855b2649-9875-4ae8-98d9-487e2c766109[0m [36mreq[0m=[35m0d34b443[0m
[2m11:00:59[0m [[33m[1mwarning  [0m] [1mCode execution failed (exit=1): Testing with input: {'folder_path': '/non/existent/path', 'db_url': 'sqlite:///:memory:'}
Result: {'success': False, 'error': 'The path provided is not a valid directory: /non/existent/path'}
TEST FAILED: The path provided is not a valid directory: /non/existent/path
[0m [36mreq[0m=[35m1646cb0b[0m
[2m11:00:59[0m [[32m[1minfo     [0m] [1mrequest_finished                        [0m [36mduration[0m=[35m0.103[0m [36mmethod[0m=[35mGET[0m [36mpath[0m=[35m/api/v1/challenges/855b2649-9875-4ae8-98d9-487e2c766109[0m [36mreq[0m=[35m0d34b443[0m [36mrequest_id[0m=[35m0d34b443-6b34-472c-ace7-fe1e2c509f46[0m [36mstatus[0m=[35m200[0m
[2m11:00:59[0m [[32m[1minfo     [0m] [1mRecorded build attempt: capability=parse and import 50 CSV files into the database, success=False, error_type=ErrorType.RUNTIME_ERROR[0m [36mreq[0m=[35m1646cb0b[0m
[2m11:01:01[0m [[32m[1minfo     [0m] [1mDebug [LOGIC_ERROR]: produced fixed code (1846 chars)[0m [36mreq[0m=[35m1646cb0b[0m
[2m11:01:01[0m [[32m[1minfo     [0m] [1mImplementation iteration 10/10          [0m [36mreq[0m=[35m1646cb0b[0m
[2m11:01:04[0m [[32m[1minfo     [0m] [1mGetting challenge status: id=855b2649-9875-4ae8-98d9-487e2c766109[0m [36mreq[0m=[35m7b81a937[0m
[2m11:01:04[0m [[32m[1minfo     [0m] [1mrequest_finished                        [0m [36mduration[0m=[35m0.048[0m [36mmethod[0m=[35mGET[0m [36mpath[0m=[35m/api/v1/challenges/855b2649-9875-4ae8-98d9-487e2c766109[0m [36mreq[0m=[35m7b81a937[0m [36mrequest_id[0m=[35m7b81a937-c64d-4f28-b63c-cc0747f3c02d[0m [36mstatus[0m=[35m200[0m
[2m11:01:04[0m [[33m[1mwarning  [0m] [1mCode execution failed (exit=1): Testing with input: {'folder_path': '/non/existent/path', 'db_url': 'sqlite:///:memory:'}
Result: {'success': False, 'error': 'The path provided is not a valid directory: /non/existent/path'}
TEST FAILED: The path provided is not a valid directory: /non/existent/path
[0m [36mreq[0m=[35m1646cb0b[0m
[2m11:01:04[0m [[32m[1minfo     [0m] [1mRecorded build attempt: capability=parse and import 50 CSV files into the database, success=False, error_type=ErrorType.RUNTIME_ERROR[0m [36mreq[0m=[35m1646cb0b[0m
[2m11:01:06[0m [[32m[1minfo     [0m] [1mDebug [LOGIC_ERROR]: produced fixed code (1734 chars)[0m [36mreq[0m=[35m1646cb0b[0m
[2m11:01:09[0m [[32m[1minfo     [0m] [1mGetting challenge status: id=855b2649-9875-4ae8-98d9-487e2c766109[0m [36mreq[0m=[35m725b6d79[0m
[2m11:01:09[0m [[32m[1minfo     [0m] [1mrequest_finished                        [0m [36mduration[0m=[35m0.011[0m [36mmethod[0m=[35mGET[0m [36mpath[0m=[35m/api/v1/challenges/855b2649-9875-4ae8-98d9-487e2c766109[0m [36mreq[0m=[35m725b6d79[0m [36mrequest_id[0m=[35m725b6d79-f503-4dbf-9308-9be0dcd0daf4[0m [36mstatus[0m=[35m200[0m
[2m11:01:12[0m [[33m[1mwarning  [0m] [1mSkill Team failed: phase=TeamRole.IMPLEMENTER, reason=Implementation failed after max iterations[0m [36mreq[0m=[35m1646cb0b[0m
[2m11:01:12[0m [[32m[1minfo     [0m] [1mRecorded build attempt: capability=parse and import 50 CSV files into the database, success=False, error_type=ErrorType.RUNTIME_ERROR[0m [36mreq[0m=[35m1646cb0b[0m
[2m11:01:12[0m [[33m[1mwarning  [0m] [1mGap build failed: 73bfa94e... - Implementation failed after max iterations[0m [36mreq[0m=[35m1646cb0b[0m
[2m11:01:12[0m [[32m[1minfo     [0m] [1mProcessing gap: 7dada886... type=missing_planning_skill, capability=formulate budget planning recommendations for Q4, severity=important[0m [36mreq[0m=[35m1646cb0b[0m
[2m11:01:12[0m [[33m[1mwarning  [0m] [1mUnknown gap type 'missing_planning_skill', using generic builder[0m [36mreq[0m=[35m1646cb0b[0m
[2m11:01:12[0m [[32m[1minfo     [0m] [1mBuilding capability: gap_type=missing_planning_skill, severity=important, attempt=1, approach=direct[0m [36mreq[0m=[35m1646cb0b[0m
[2m11:01:12[0m [[32m[1minfo     [0m] [1mDecomposing task id=7e9ce6ee..., files=1[0m [36mreq[0m=[35m1646cb0b[0m
[2m11:01:14[0m [[32m[1minfo     [0m] [1mGetting challenge status: id=855b2649-9875-4ae8-98d9-487e2c766109[0m [36mreq[0m=[35m129e4be2[0m
[2m11:01:14[0m [[32m[1minfo     [0m] [1mrequest_finished                        [0m [36mduration[0m=[35m0.008[0m [36mmethod[0m=[35mGET[0m [36mpath[0m=[35m/api/v1/challenges/855b2649-9875-4ae8-98d9-487e2c766109[0m [36mreq[0m=[35m129e4be2[0m [36mrequest_id[0m=[35m129e4be2-97cf-4e3d-a48e-233041c3cf39[0m [36mstatus[0m=[35m200[0m
[2m11:01:16[0m [[32m[1minfo     [0m] [1mDecomposed task into 2 subtasks, 2 waves[0m [36mreq[0m=[35m1646cb0b[0m
[2m11:01:16[0m [[32m[1minfo     [0m] [1mExecuting wave 1/2, files=['scripts/data_processor.py'][0m [36mreq[0m=[35m1646cb0b[0m
[2m11:01:16[0m [[32m[1minfo     [0m] [1mRegistered agent id=85e8fa82..., task=7e9ce6ee..., file=scripts/data_processor.py[0m [36mreq[0m=[35m1646cb0b[0m
[2m11:01:16[0m [[32m[1minfo     [0m] [1mUpdated agent id=85e8fa82... status=running[0m [36mreq[0m=[35m1646cb0b[0m
[2m11:01:16[0m [[32m[1minfo     [0m] [1mExecuting agent id=85e8fa82..., file=scripts/data_processor.py[0m [36mreq[0m=[35m1646cb0b[0m
{
    "name": "developer_team.decompose_task",
    "context": {
        "trace_id": "0x7f17aa19941b0520248a2f255bdf5c32",
        "span_id": "0x6b9261bd24ab15cc",
        "trace_state": "[]"
    },
    "kind": "SpanKind.INTERNAL",
    "parent_id": "0x53cc41ff682090f5",
    "start_time": "2026-05-06T11:01:12.686651Z",
    "end_time": "2026-05-06T11:01:16.673615Z",
    "status": {
        "status_code": "UNSET"
    },
    "attributes": {},
    "events": [],
    "links": [],
    "resource": {
        "attributes": {
            "telemetry.sdk.language": "python",
            "telemetry.sdk.name": "opentelemetry",
            "telemetry.sdk.version": "1.40.0",
            "service.name": "lumari-backend",
            "service.version": "0.1.0",
            "service.namespace": "lumari",
            "deployment.environment": "development",
            "telemetry.middleware.version": "1.0.0"
        },
        "schema_url": ""
    }
}
[2m11:01:19[0m [[32m[1minfo     [0m] [1mAgent completed id=85e8fa82..., duration=2.97s[0m [36mreq[0m=[35m1646cb0b[0m
[2m11:01:19[0m [[32m[1minfo     [0m] [1mUpdated agent id=85e8fa82... status=completed[0m [36mreq[0m=[35m1646cb0b[0m
[2m11:01:19[0m [[32m[1minfo     [0m] [1mExecuting wave 2/2, files=['prompts/generated/prompt_formulate_budget_planning_recommendations_for_q4.txt'][0m [36mreq[0m=[35m1646cb0b[0m
[2m11:01:19[0m [[32m[1minfo     [0m] [1mRegistered agent id=a565237f..., task=7e9ce6ee..., file=prompts/generated/prompt_formulate_budget_planning_recommendations_for_q4.txt[0m [36mreq[0m=[35m1646cb0b[0m
[2m11:01:19[0m [[32m[1minfo     [0m] [1mUpdated agent id=a565237f... status=running[0m [36mreq[0m=[35m1646cb0b[0m
[2m11:01:19[0m [[32m[1minfo     [0m] [1mExecuting agent id=a565237f..., file=prompts/generated/prompt_formulate_budget_planning_recommendations_for_q4.txt[0m [36mreq[0m=[35m1646cb0b[0m
[2m11:01:19[0m [[32m[1minfo     [0m] [1mGetting challenge status: id=855b2649-9875-4ae8-98d9-487e2c766109[0m [36mreq[0m=[35m736f6ca4[0m
[2m11:01:19[0m [[32m[1minfo     [0m] [1mrequest_finished                        [0m [36mduration[0m=[35m0.009[0m [36mmethod[0m=[35mGET[0m [36mpath[0m=[35m/api/v1/challenges/855b2649-9875-4ae8-98d9-487e2c766109[0m [36mreq[0m=[35m736f6ca4[0m [36mrequest_id[0m=[35m736f6ca4-924e-409a-a464-e9dbc90999c0[0m [36mstatus[0m=[35m200[0m
[2m11:01:22[0m [[32m[1minfo     [0m] [1mAgent completed id=a565237f..., duration=2.36s[0m [36mreq[0m=[35m1646cb0b[0m
[2m11:01:22[0m [[32m[1minfo     [0m] [1mUpdated agent id=a565237f... status=completed[0m [36mreq[0m=[35m1646cb0b[0m
[2m11:01:22[0m [[32m[1minfo     [0m] [1mUnregistered agent id=85e8fa82...       [0m [36mreq[0m=[35m1646cb0b[0m
[2m11:01:22[0m [[32m[1minfo     [0m] [1mUnregistered agent id=a565237f...       [0m [36mreq[0m=[35m1646cb0b[0m
[2m11:01:22[0m [[32m[1minfo     [0m] [1mCleaned up 2 agents for task 7e9ce6ee...[0m [36mreq[0m=[35m1646cb0b[0m
[2m11:01:22[0m [[32m[1minfo     [0m] [1mBuilt prompt: id=2963c7a3..., name=prompt_formulate_budget_planning_recommendations_for_q4[0m [36mreq[0m=[35m1646cb0b[0m
[2m11:01:22[0m [[32m[1minfo     [0m] [1mInjecting capability: type=prompt, id=2963c7a3...[0m [36mreq[0m=[35m1646cb0b[0m
[2m11:01:22[0m [[32m[1minfo     [0m] [1mLoading topology from database...       [0m [36mreq[0m=[35m1646cb0b[0m
[2m11:01:22[0m [[32m[1minfo     [0m] [1mMapped 7 skill entries to 7 capabilities[0m [36mreq[0m=[35m1646cb0b[0m
[2m11:01:22[0m [[32m[1minfo     [0m] [1mTopology validated: 11 agents in 5 waves[0m [36mreq[0m=[35m1646cb0b[0m
[2m11:01:22[0m [[32m[1minfo     [0m] [1mLoaded 7 skills for topology            [0m [36mreq[0m=[35m1646cb0b[0m
[2m11:01:22[0m [[32m[1minfo     [0m] [1mTopology loaded: 11 agents, 5 waves     [0m [36mreq[0m=[35m1646cb0b[0m
[2m11:01:22[0m [[32m[1minfo     [0m] [1mCapability injected successfully: prompt/2963c7a3...[0m [36mreq[0m=[35m1646cb0b[0m
[2m11:01:22[0m [[32m[1minfo     [0m] [1mRecorded build attempt: capability=formulate budget planning recommendations for Q4, success=True, error_type=None[0m [36mreq[0m=[35m1646cb0b[0m
[2m11:01:22[0m [[32m[1minfo     [0m] [1mGap completed: 7dada886... -> prompt/2963c7a3...[0m [36mreq[0m=[35m1646cb0b[0m
[2m11:01:22[0m [[32m[1minfo     [0m] [1mAll gaps processed for plan c77d86cb... [0m [36mreq[0m=[35m1646cb0b[0m
[2m11:01:22[0m [[32m[1minfo     [0m] [1mCompleted gap plan: c77d86cb..., status=partial, completed=1, failed=2[0m [36mreq[0m=[35m1646cb0b[0m
[2m11:01:22[0m [[32m[1minfo     [0m] [1mGap plan execution finished: c77d86cb..., completed=1, failed=2, artifacts=1[0m [36mreq[0m=[35m1646cb0b[0m
[2m11:01:22[0m [[32m[1minfo     [0m] [1mVerifying gap closure after cycle 1, built 1 capabilities[0m [36mreq[0m=[35m1646cb0b[0m
[2m11:01:22[0m [[32m[1minfo     [0m] [1mGap OPEN: 'design and create a normalized relational database schema'[0m [36mreq[0m=[35m1646cb0b[0m
[2m11:01:22[0m [[32m[1minfo     [0m] [1mGap OPEN: 'parse and import 50 CSV files into the database'[0m [36mreq[0m=[35m1646cb0b[0m
[2m11:01:22[0m [[32m[1minfo     [0m] [1mGap OPEN: 'formulate budget planning recommendations for Q4'[0m [36mreq[0m=[35m1646cb0b[0m
[2m11:01:22[0m [[32m[1minfo     [0m] [1mPlan verification complete: c77d86cb..., closed=0/3, all_closed=False[0m [36mreq[0m=[35m1646cb0b[0m
[2m11:01:22[0m [[32m[1minfo     [0m] [1mVerification result: closed=0/3, all_closed=False[0m [36mreq[0m=[35m1646cb0b[0m
[2m11:01:22[0m [[32m[1minfo     [0m] [1mCreated gap plan: id=647775e8..., challenge=855b2649..., gaps=3, cycle=2[0m [36mreq[0m=[35m1646cb0b[0m
[2m11:01:22[0m [[32m[1minfo     [0m] [1mCreated new cycle 2 with 3 REMAINING gaps (not new ones!) for challenge 855b2649...[0m [36mreq[0m=[35m1646cb0b[0m
[2m11:01:22[0m [[32m[1minfo     [0m] [1mCapability building partial: 855b2649-9875-4ae8-98d9-487e2c766109, built=1[0m [36mreq[0m=[35m1646cb0b[0m
{
    "name": "agent_spawner.spawn_and_execute",
    "context": {
        "trace_id": "0x7f17aa19941b0520248a2f255bdf5c32",
        "span_id": "0xe6a51b6f5d5b5235",
        "trace_state": "[]"
    },
    "kind": "SpanKind.INTERNAL",
    "parent_id": "0x93a31c271aa9066d",
    "start_time": "2026-05-06T11:01:16.674268Z",
    "end_time": "2026-05-06T11:01:19.648663Z",
    "status": {
        "status_code": "UNSET"
    },
    "attributes": {
        "agent.id": "85e8fa82-da65-4aaa-8299-2e0ff68e13b5",
        "agent.task_id": "7e9ce6ee-36c7-4943-bd0b-a58c1e34c4d9",
        "agent.file_path": "scripts/data_processor.py",
        "agent.timeout_seconds": 300,
        "agent.registered": true,
        "agent.success": true,
        "agent.duration_seconds": 2.9739651679992676
    },
    "events": [],
    "links": [],
    "resource": {
        "attributes": {
            "telemetry.sdk.language": "python",
            "telemetry.sdk.name": "opentelemetry",
            "telemetry.sdk.version": "1.40.0",
            "service.name": "lumari-backend",
            "service.version": "0.1.0",
            "service.namespace": "lumari",
            "deployment.environment": "development",
            "telemetry.middleware.version": "1.0.0"
        },
        "schema_url": ""
    }
}
{
    "name": "developer_team.execute_wave",
    "context": {
        "trace_id": "0x7f17aa19941b0520248a2f255bdf5c32",
        "span_id": "0x93a31c271aa9066d",
        "trace_state": "[]"
    },
    "kind": "SpanKind.INTERNAL",
    "parent_id": "0x53cc41ff682090f5",
    "start_time": "2026-05-06T11:01:16.673809Z",
    "end_time": "2026-05-06T11:01:19.651988Z",
    "status": {
        "status_code": "UNSET"
    },
    "attributes": {
        "wave.files": [
            "scripts/data_processor.py"
        ]
    },
    "events": [],
    "links": [],
    "resource": {
        "attributes": {
            "telemetry.sdk.language": "python",
            "telemetry.sdk.name": "opentelemetry",
            "telemetry.sdk.version": "1.40.0",
            "service.name": "lumari-backend",
            "service.version": "0.1.0",
            "service.namespace": "lumari",
            "deployment.environment": "development",
            "telemetry.middleware.version": "1.0.0"
        },
        "schema_url": ""
    }
}
{
    "name": "agent_spawner.spawn_and_execute",
    "context": {
        "trace_id": "0x7f17aa19941b0520248a2f255bdf5c32",
        "span_id": "0x50b7b60b84f6e572",
        "trace_state": "[]"
    },
    "kind": "SpanKind.INTERNAL",
    "parent_id": "0xf826474dc117f063",
    "start_time": "2026-05-06T11:01:19.652739Z",
    "end_time": "2026-05-06T11:01:22.016204Z",
    "status": {
        "status_code": "UNSET"
    },
    "attributes": {
        "agent.id": "a565237f-91ba-4c9f-89a2-fb1bee91d1e0",
        "agent.task_id": "7e9ce6ee-36c7-4943-bd0b-a58c1e34c4d9",
        "agent.file_path": "prompts/generated/prompt_formulate_budget_planning_recommendations_for_q4.txt",
        "agent.timeout_seconds": 300,
        "agent.registered": true,
        "agent.success": true,
        "agent.duration_seconds": 2.3628993034362793
    },
    "events": [],
    "links": [],
    "resource": {
        "attributes": {
            "telemetry.sdk.language": "python",
            "telemetry.sdk.name": "opentelemetry",
            "telemetry.sdk.version": "1.40.0",
            "service.name": "lumari-backend",
            "service.version": "0.1.0",
            "service.namespace": "lumari",
            "deployment.environment": "development",
            "telemetry.middleware.version": "1.0.0"
        },
        "schema_url": ""
    }
}
{
    "name": "developer_team.execute_wave",
    "context": {
        "trace_id": "0x7f17aa19941b0520248a2f255bdf5c32",
        "span_id": "0xf826474dc117f063",
        "trace_state": "[]"
    },
    "kind": "SpanKind.INTERNAL",
    "parent_id": "0x53cc41ff682090f5",
    "start_time": "2026-05-06T11:01:19.652366Z",
    "end_time": "2026-05-06T11:01:22.016961Z",
    "status": {
        "status_code": "UNSET"
    },
    "attributes": {
        "wave.files": [
            "prompts/generated/prompt_formulate_budget_planning_recommendations_for_q4.txt"
        ]
    },
    "events": [],
    "links": [],
    "resource": {
        "attributes": {
            "telemetry.sdk.language": "python",
            "telemetry.sdk.name": "opentelemetry",
            "telemetry.sdk.version": "1.40.0",
            "service.name": "lumari-backend",
            "service.version": "0.1.0",
            "service.namespace": "lumari",
            "deployment.environment": "development",
            "telemetry.middleware.version": "1.0.0"
        },
        "schema_url": ""
    }
}
{
    "name": "developer_team.execute_complex_task",
    "context": {
        "trace_id": "0x7f17aa19941b0520248a2f255bdf5c32",
        "span_id": "0x53cc41ff682090f5",
        "trace_state": "[]"
    },
    "kind": "SpanKind.INTERNAL",
    "parent_id": null,
    "start_time": "2026-05-06T11:01:12.686490Z",
    "end_time": "2026-05-06T11:01:22.017256Z",
    "status": {
        "status_code": "UNSET"
    },
    "attributes": {
        "task.id": "7e9ce6ee-36c7-4943-bd0b-a58c1e34c4d9",
        "task.files_count": 1,
        "task.subtasks_count": 2,
        "task.waves_count": 2,
        "task.files_completed": 2,
        "task.files_failed": 0,
        "task.success": true
    },
    "events": [],
    "links": [],
    "resource": {
        "attributes": {
            "telemetry.sdk.language": "python",
            "telemetry.sdk.name": "opentelemetry",
            "telemetry.sdk.version": "1.40.0",
            "service.name": "lumari-backend",
            "service.version": "0.1.0",
            "service.namespace": "lumari",
            "deployment.environment": "development",
            "telemetry.middleware.version": "1.0.0"
        },
        "schema_url": ""
    }
}
[2m11:01:24[0m [[32m[1minfo     [0m] [1mGetting challenge status: id=855b2649-9875-4ae8-98d9-487e2c766109[0m [36mreq[0m=[35m29b8d022[0m
[2m11:01:24[0m [[32m[1minfo     [0m] [1mrequest_finished                        [0m [36mduration[0m=[35m0.005[0m [36mmethod[0m=[35mGET[0m [36mpath[0m=[35m/api/v1/challenges/855b2649-9875-4ae8-98d9-487e2c766109[0m [36mreq[0m=[35m29b8d022[0m [36mrequest_id[0m=[35m29b8d022-4a14-4401-b48c-97ac05474c43[0m [36mstatus[0m=[35m200[0m
[2m11:01:24[0m [[32m[1minfo     [0m] [1mExecuting challenge: id=855b2649-9875-4ae8-98d9-487e2c766109[0m [36mreq[0m=[35m031bc3c4[0m
[2m11:01:24[0m [[32m[1minfo     [0m] [1mrequest_finished                        [0m [36mduration[0m=[35m0.01[0m [36mmethod[0m=[35mPOST[0m [36mpath[0m=[35m/api/v1/challenges/855b2649-9875-4ae8-98d9-487e2c766109/execute[0m [36mreq[0m=[35m031bc3c4[0m [36mrequest_id[0m=[35m031bc3c4-1d08-4788-ae54-e2502d4adbfd[0m [36mstatus[0m=[35m200[0m
[2m11:01:24[0m [[32m[1minfo     [0m] [1mStarting background execution: challenge_id=855b2649-9875-4ae8-98d9-487e2c766109[0m [36mreq[0m=[35m031bc3c4[0m
[2m11:01:24[0m [[32m[1minfo     [0m] [1mLoading topology from database...       [0m [36mreq[0m=[35m031bc3c4[0m
[2m11:01:24[0m [[32m[1minfo     [0m] [1mMapped 7 skill entries to 7 capabilities[0m [36mreq[0m=[35m031bc3c4[0m
[2m11:01:24[0m [[32m[1minfo     [0m] [1mTopology validated: 11 agents in 5 waves[0m [36mreq[0m=[35m031bc3c4[0m
[2m11:01:24[0m [[32m[1minfo     [0m] [1mLoaded 7 skills for topology            [0m [36mreq[0m=[35m031bc3c4[0m
[2m11:01:24[0m [[32m[1minfo     [0m] [1mTopology loaded: 11 agents, 5 waves     [0m [36mreq[0m=[35m031bc3c4[0m
[2m11:01:25[0m [[32m[1minfo     [0m] [1mShared memory initialized with Qdrant   [0m [36mreq[0m=[35m031bc3c4[0m
[2m11:01:25[0m [[32m[1minfo     [0m] [1mHybridOrchestrator initialized          [0m [36mreq[0m=[35m031bc3c4[0m
[2m11:01:25[0m [[32m[1minfo     [0m] [1mStarting execution: 6e731ea7-6dc4-43e4-a378-9698230de9e6[0m [36mreq[0m=[35m031bc3c4[0m
[2m11:01:25[0m [[32m[1minfo     [0m] [1mLoading topology from database...       [0m [36mreq[0m=[35m031bc3c4[0m
[2m11:01:25[0m [[32m[1minfo     [0m] [1mMapped 7 skill entries to 7 capabilities[0m [36mreq[0m=[35m031bc3c4[0m
[2m11:01:25[0m [[32m[1minfo     [0m] [1mTopology validated: 11 agents in 5 waves[0m [36mreq[0m=[35m031bc3c4[0m
[2m11:01:25[0m [[32m[1minfo     [0m] [1mLoaded 7 skills for topology            [0m [36mreq[0m=[35m031bc3c4[0m
[2m11:01:25[0m [[32m[1minfo     [0m] [1mTopology loaded: 11 agents, 5 waves     [0m [36mreq[0m=[35m031bc3c4[0m
[2m11:01:25[0m [[32m[1minfo     [0m] [1mDocker client connected successfully    [0m [36mreq[0m=[35m031bc3c4[0m
[2m11:01:25[0m [[32m[1minfo     [0m] [1mCreated DynamicSandbox executor (Docker-based, unrestricted)[0m [36mreq[0m=[35m031bc3c4[0m
[2m11:01:25[0m [[33m[1mwarning  [0m] [1mCould not create intervention orchestrator for self-healing: create_intervention_orchestrator() got an unexpected keyword argument 'db'[0m [36mreq[0m=[35m031bc3c4[0m
[2m11:01:25[0m [[32m[1minfo     [0m] [1mExecuting wave 1/5: ['05bebe15-b46f-4b91-96e3-a50f6cf9e68d', '90c17f3b-7f91-4174-b3ac-b59a51feb378', '65ad3c5c-f66c-49a0-a7cd-4b9ebc6142b9', '073d766c-ed4f-4519-8e36-8c9631e97c67'][0m [36mreq[0m=[35m031bc3c4[0m
[2m11:01:25[0m [[32m[1minfo     [0m] [1mExecuting agent: transcript_analyzer (05bebe15-b46f-4b91-96e3-a50f6cf9e68d)[0m [36mreq[0m=[35m031bc3c4[0m
[2m11:01:25[0m [[32m[1minfo     [0m] [1mExecuting agent: product_owner (90c17f3b-7f91-4174-b3ac-b59a51feb378)[0m [36mreq[0m=[35m031bc3c4[0m
[2m11:01:25[0m [[33m[1mwarning  [0m] [1mAgent product_owner expected artifacts ['analysis_findings'] but none found in pool[0m [36mreq[0m=[35m031bc3c4[0m
[2m11:01:25[0m [[32m[1minfo     [0m] [1mExecuting agent: quality_judge (65ad3c5c-f66c-49a0-a7cd-4b9ebc6142b9)[0m [36mreq[0m=[35m031bc3c4[0m
[2m11:01:25[0m [[33m[1mwarning  [0m] [1mAgent quality_judge expected artifacts ['ab_test_samples'] but none found in pool[0m [36mreq[0m=[35m031bc3c4[0m
[2m11:01:25[0m [[32m[1minfo     [0m] [1mExecuting agent: execution_analyzer (073d766c-ed4f-4519-8e36-8c9631e97c67)[0m [36mreq[0m=[35m031bc3c4[0m
[2m11:01:25[0m [[33m[1mwarning  [0m] [1mAgent execution_analyzer expected artifacts ['execution_telemetry'] but none found in pool[0m [36mreq[0m=[35m031bc3c4[0m
[2m11:01:25[0m [[32m[1minfo     [0m] [1mshared_memory_metrics agent=transcript_analyzer facts_kept=5 facts_total=8 hypotheses=0 relations=0 approx_tokens=2389 query_chars=1978[0m [36mreq[0m=[35m031bc3c4[0m
[2m11:01:26[0m [[32m[1minfo     [0m] [1mAgent product_owner returned final answer after 0 tool calls[0m [36mreq[0m=[35m031bc3c4[0m
[2m11:01:26[0m [[32m[1minfo     [0m] [1mAgent product_owner completed           [0m [36mreq[0m=[35m031bc3c4[0m
[2m11:01:26[0m [[32m[1minfo     [0m] [1mAgent quality_judge returned final answer after 0 tool calls[0m [36mreq[0m=[35m031bc3c4[0m
[2m11:01:26[0m [[32m[1minfo     [0m] [1mAgent execution_analyzer returned final answer after 0 tool calls[0m [36mreq[0m=[35m031bc3c4[0m
[2m11:01:26[0m [[32m[1minfo     [0m] [1mAgent quality_judge completed           [0m [36mreq[0m=[35m031bc3c4[0m
[2m11:01:26[0m [[32m[1minfo     [0m] [1mAgent execution_analyzer completed      [0m [36mreq[0m=[35m031bc3c4[0m
[2m11:01:28[0m [[32m[1minfo     [0m] [1mAgent transcript_analyzer returned final answer after 0 tool calls[0m [36mreq[0m=[35m031bc3c4[0m
[2m11:01:29[0m [[32m[1minfo     [0m] [1mAgent transcript_analyzer completed     [0m [36mreq[0m=[35m031bc3c4[0m
[2m11:01:29[0m [[32m[1minfo     [0m] [1mWave 1 agent 'transcript_analyzer' completed: success=True, skipped=False, result_len=1501[0m [36mreq[0m=[35m031bc3c4[0m
[2m11:01:29[0m [[32m[1minfo     [0m] [1mWave 1 agent 'product_owner' completed: success=True, skipped=False, result_len=246[0m [36mreq[0m=[35m031bc3c4[0m
[2m11:01:29[0m [[32m[1minfo     [0m] [1mWave 1 agent 'quality_judge' completed: success=True, skipped=False, result_len=194[0m [36mreq[0m=[35m031bc3c4[0m
[2m11:01:29[0m [[32m[1minfo     [0m] [1mWave 1 agent 'execution_analyzer' completed: success=True, skipped=False, result_len=228[0m [36mreq[0m=[35m031bc3c4[0m
[2m11:01:29[0m [[32m[1minfo     [0m] [1mExecuting wave 2/5: ['49898ec1-10da-4a11-8457-1358d844c805', '07f8b963-9d7c-4232-ba20-52aa8d850e1d'][0m [36mreq[0m=[35m031bc3c4[0m
[2m11:01:29[0m [[32m[1minfo     [0m] [1mExecuting agent: context_retriever (49898ec1-10da-4a11-8457-1358d844c805)[0m [36mreq[0m=[35m031bc3c4[0m
[2m11:01:29[0m [[32m[1minfo     [0m] [1mExecuting agent: control_agent (07f8b963-9d7c-4232-ba20-52aa8d850e1d)[0m [36mreq[0m=[35m031bc3c4[0m
[2m11:01:29[0m [[32m[1minfo     [0m] [1mGetting challenge status: id=855b2649-9875-4ae8-98d9-487e2c766109[0m [36mreq[0m=[35m47257ba8[0m
[2m11:01:29[0m [[32m[1minfo     [0m] [1mrequest_finished                        [0m [36mduration[0m=[35m0.009[0m [36mmethod[0m=[35mGET[0m [36mpath[0m=[35m/api/v1/challenges/855b2649-9875-4ae8-98d9-487e2c766109[0m [36mreq[0m=[35m47257ba8[0m [36mrequest_id[0m=[35m47257ba8-02b6-4bde-9b5e-4854e47448bf[0m [36mstatus[0m=[35m200[0m
[2m11:01:30[0m [[32m[1minfo     [0m] [1mAgent control_agent returned final answer after 0 tool calls[0m [36mreq[0m=[35m031bc3c4[0m
[2m11:01:30[0m [[32m[1minfo     [0m] [1mAgent control_agent completed           [0m [36mreq[0m=[35m031bc3c4[0m
[2m11:01:31[0m [[32m[1minfo     [0m] [1mAgent context_retriever returned final answer after 0 tool calls[0m [36mreq[0m=[35m031bc3c4[0m
[2m11:01:32[0m [[32m[1minfo     [0m] [1mAgent context_retriever completed       [0m [36mreq[0m=[35m031bc3c4[0m
[2m11:01:32[0m [[32m[1minfo     [0m] [1mWave 2 agent 'context_retriever' completed: success=True, skipped=False, result_len=1341[0m [36mreq[0m=[35m031bc3c4[0m
[2m11:01:32[0m [[32m[1minfo     [0m] [1mWave 2 agent 'control_agent' completed: success=True, skipped=False, result_len=164[0m [36mreq[0m=[35m031bc3c4[0m
[2m11:01:32[0m [[32m[1minfo     [0m] [1mExecuting wave 3/5: ['f54aabd1-ca21-4768-b12e-ccf5ca95d0da', 'a676e764-25ce-41cf-95d1-b838c8e6804d', 'd01ede79-d82b-465b-ae42-d1a7a2ec4188'][0m [36mreq[0m=[35m031bc3c4[0m
[2m11:01:32[0m [[32m[1minfo     [0m] [1mExecuting agent: report_generator (f54aabd1-ca21-4768-b12e-ccf5ca95d0da)[0m [36mreq[0m=[35m031bc3c4[0m
[2m11:01:32[0m [[32m[1minfo     [0m] [1mExecuting agent: prompt_engineer (a676e764-25ce-41cf-95d1-b838c8e6804d)[0m [36mreq[0m=[35m031bc3c4[0m
[2m11:01:32[0m [[32m[1minfo     [0m] [1mExecuting agent: tool_builder (d01ede79-d82b-465b-ae42-d1a7a2ec4188)[0m [36mreq[0m=[35m031bc3c4[0m
[2m11:01:34[0m [[32m[1minfo     [0m] [1mAgent prompt_engineer returned final answer after 0 tool calls[0m [36mreq[0m=[35m031bc3c4[0m
[2m11:01:34[0m [[32m[1minfo     [0m] [1mGetting challenge status: id=855b2649-9875-4ae8-98d9-487e2c766109[0m [36mreq[0m=[35m8244643f[0m
[2m11:01:35[0m [[32m[1minfo     [0m] [1mrequest_finished                        [0m [36mduration[0m=[35m0.007[0m [36mmethod[0m=[35mGET[0m [36mpath[0m=[35m/api/v1/challenges/855b2649-9875-4ae8-98d9-487e2c766109[0m [36mreq[0m=[35m8244643f[0m [36mrequest_id[0m=[35m8244643f-267d-49dd-ba43-d46b196c1265[0m [36mstatus[0m=[35m200[0m
[2m11:01:35[0m [[32m[1minfo     [0m] [1mAgent prompt_engineer completed         [0m [36mreq[0m=[35m031bc3c4[0m
[2m11:01:35[0m [[32m[1minfo     [0m] [1mAgent report_generator returned final answer after 0 tool calls[0m [36mreq[0m=[35m031bc3c4[0m
[2m11:01:36[0m [[32m[1minfo     [0m] [1mAgent report_generator completed        [0m [36mreq[0m=[35m031bc3c4[0m
[2m11:01:36[0m [[32m[1minfo     [0m] [1mAgent tool_builder returned final answer after 0 tool calls[0m [36mreq[0m=[35m031bc3c4[0m
[2m11:01:36[0m [[32m[1minfo     [0m] [1mAgent tool_builder completed            [0m [36mreq[0m=[35m031bc3c4[0m
[2m11:01:36[0m [[32m[1minfo     [0m] [1mWave 3 agent 'report_generator' completed: success=True, skipped=False, result_len=2744[0m [36mreq[0m=[35m031bc3c4[0m
[2m11:01:36[0m [[32m[1minfo     [0m] [1mWave 3 agent 'prompt_engineer' completed: success=True, skipped=False, result_len=2004[0m [36mreq[0m=[35m031bc3c4[0m
[2m11:01:36[0m [[32m[1minfo     [0m] [1mWave 3 agent 'tool_builder' completed: success=True, skipped=False, result_len=254[0m [36mreq[0m=[35m031bc3c4[0m
[2m11:01:36[0m [[32m[1minfo     [0m] [1mExecuting wave 4/5: ['85860279-90e3-4984-b25d-af840d3dca9b'][0m [36mreq[0m=[35m031bc3c4[0m
[2m11:01:36[0m [[32m[1minfo     [0m] [1mExecuting agent: quality_validator (85860279-90e3-4984-b25d-af840d3dca9b)[0m [36mreq[0m=[35m031bc3c4[0m
[2m11:01:38[0m [[32m[1minfo     [0m] [1mAgent quality_validator returned final answer after 0 tool calls[0m [36mreq[0m=[35m031bc3c4[0m
[2m11:01:38[0m [[32m[1minfo     [0m] [1mAgent quality_validator completed       [0m [36mreq[0m=[35m031bc3c4[0m
[2m11:01:38[0m [[32m[1minfo     [0m] [1mWave 4 agent 'quality_validator' completed: success=True, skipped=False, result_len=482[0m [36mreq[0m=[35m031bc3c4[0m
[2m11:01:38[0m [[32m[1minfo     [0m] [1mExecuting wave 5/5: ['bbd241f8-1df0-49f4-950a-dc61efa2c950'][0m [36mreq[0m=[35m031bc3c4[0m
[2m11:01:38[0m [[32m[1minfo     [0m] [1mExecuting agent: report_finalizer (bbd241f8-1df0-49f4-950a-dc61efa2c950)[0m [36mreq[0m=[35m031bc3c4[0m
[2m11:01:40[0m [[32m[1minfo     [0m] [1mGetting challenge status: id=855b2649-9875-4ae8-98d9-487e2c766109[0m [36mreq[0m=[35m8c5b0ed7[0m
[2m11:01:40[0m [[32m[1minfo     [0m] [1mrequest_finished                        [0m [36mduration[0m=[35m0.005[0m [36mmethod[0m=[35mGET[0m [36mpath[0m=[35m/api/v1/challenges/855b2649-9875-4ae8-98d9-487e2c766109[0m [36mreq[0m=[35m8c5b0ed7[0m [36mrequest_id[0m=[35m8c5b0ed7-4841-44d2-abb0-661851657190[0m [36mstatus[0m=[35m200[0m
[2m11:01:41[0m [[32m[1minfo     [0m] [1mAgent report_finalizer returned final answer after 0 tool calls[0m [36mreq[0m=[35m031bc3c4[0m
[2m11:01:42[0m [[32m[1minfo     [0m] [1mAgent report_finalizer completed        [0m [36mreq[0m=[35m031bc3c4[0m
[2m11:01:42[0m [[32m[1minfo     [0m] [1mWave 5 agent 'report_finalizer' completed: success=True, skipped=False, result_len=3051[0m [36mreq[0m=[35m031bc3c4[0m
[2m11:01:42[0m [[32m[1minfo     [0m] [1mArtifact pool cleared: 11 artifacts discarded[0m [36mreq[0m=[35m031bc3c4[0m
[2m11:01:42[0m [[32m[1minfo     [0m] [1mPersisted 1 facts to shared memory for execution 6e731ea7-6dc4-43e4-a378-9698230de9e6[0m [36mreq[0m=[35m031bc3c4[0m
[2m11:01:42[0m [[32m[1minfo     [0m] [1mStarting telemetry for agent=05bebe15..., execution=6e731ea7...[0m [36mreq[0m=[35m031bc3c4[0m
[2m11:01:42[0m [[33m[1mwarning  [0m] [1mTelemetrie-Bridge fehlgeschlagen: 1 validation error for ExecutionTelemetryCreate
outcome
  Input should be 'success', 'error', 'timeout' or 'cancelled' [type=literal_error, input_value='running', input_type=str]
    For further information visit https://errors.pydantic.dev/2.11/v/literal_error[0m [36mreq[0m=[35m031bc3c4[0m
[2m11:01:42[0m [[32m[1minfo     [0m] [1mConfigured epicbox profile: image=lumari-sandbox:latest, limits={'cputime': 5, 'realtime': 10, 'memory': 128, 'processes': 1}[0m [36mreq[0m=[35m031bc3c4[0m
[2m11:01:42[0m [[32m[1minfo     [0m] [1mStarting analysis pipeline for execution_id=6e731ea7...[0m [36mreq[0m=[35m031bc3c4[0m
[2m11:01:42[0m [[32m[1minfo     [0m] [1mExecution completed: challenge_id=855b2649-9875-4ae8-98d9-487e2c766109, success=True[0m [36mreq[0m=[35m031bc3c4[0m
[2m11:01:42[0m [[33m[1mwarning  [0m] [1mNo telemetry found for execution 6e731ea7-6dc4-43e4-a378-9698230de9e6[0m [36mreq[0m=[35m031bc3c4[0m
[2m11:01:45[0m [[32m[1minfo     [0m] [1mGetting challenge status: id=855b2649-9875-4ae8-98d9-487e2c766109[0m [36mreq[0m=[35ma1fd762b[0m
[2m11:01:45[0m [[32m[1minfo     [0m] [1mrequest_finished                        [0m [36mduration[0m=[35m0.008[0m [36mmethod[0m=[35mGET[0m [36mpath[0m=[35m/api/v1/challenges/855b2649-9875-4ae8-98d9-487e2c766109[0m [36mreq[0m=[35ma1fd762b[0m [36mrequest_id[0m=[35ma1fd762b-b8cc-4363-8c9f-6a3766a77474[0m [36mstatus[0m=[35m200[0m
[2m11:01:45[0m [[32m[1minfo     [0m] [1mGetting challenge results: id=855b2649-9875-4ae8-98d9-487e2c766109[0m [36mreq[0m=[35m618eb6f1[0m
[2m11:01:45[0m [[32m[1minfo     [0m] [1mrequest_finished                        [0m [36mduration[0m=[35m0.004[0m [36mmethod[0m=[35mGET[0m [36mpath[0m=[35m/api/v1/challenges/855b2649-9875-4ae8-98d9-487e2c766109/results[0m [36mreq[0m=[35m618eb6f1[0m [36mrequest_id[0m=[35m618eb6f1-661d-48f7-812e-35363cf60cc4[0m [36mstatus[0m=[35m200[0m
[2m11:01:48[0m [[32m[1minfo     [0m] [1mFile upload: tagesbericht_rohbau_20251014.opus, size=205713, type=audio/opus[0m [36mreq[0m=[35m672e58da[0m
[2m11:01:48[0m [[32m[1minfo     [0m] [1mSaved binary file to: /Users/patrick/Documents/Uni/master_project/backend/app/api/v1/endpoints/../../../uploads/a4ccef65-c01c-4f2f-b65b-4fe641994d87.opus[0m [36mreq[0m=[35m672e58da[0m
[2m11:01:48[0m [[32m[1minfo     [0m] [1mNo working audio transcription skill - will build one autonomously[0m [36mreq[0m=[35m672e58da[0m
[2m11:01:48[0m [[32m[1minfo     [0m] [1mGenerated build plan for challenge be712869-fa80-4114-8d3a-607c26e721a3: 1 items, 1 critical[0m [36mreq[0m=[35m672e58da[0m
[2m11:01:48[0m [[32m[1minfo     [0m] [1mAuto-apply enabled: triggering skill building for 1 gaps[0m [36mreq[0m=[35m672e58da[0m
[2m11:01:48[0m [[32m[1minfo     [0m] [1mFile upload: tagesbericht_rohbau_20251014.opus -> challenge_id=be712869-fa80-4114-8d3a-607c26e721a3, gaps=1, route=developer_team[0m [36mreq[0m=[35m672e58da[0m
[2m11:01:48[0m [[32m[1minfo     [0m] [1mrequest_finished                        [0m [36mduration[0m=[35m0.114[0m [36mmethod[0m=[35mPOST[0m [36mpath[0m=[35m/api/v1/challenges/upload[0m [36mreq[0m=[35m672e58da[0m [36mrequest_id[0m=[35m672e58da-dda4-4c7b-9736-3ac93818ee13[0m [36mstatus[0m=[35m200[0m
[2m11:01:48[0m [[32m[1minfo     [0m] [1mStarting autonomous skill building: challenge_id=be712869-fa80-4114-8d3a-607c26e721a3, gaps=1[0m [36mreq[0m=[35m672e58da[0m
[2m11:01:48[0m [[32m[1minfo     [0m] [1mFound uploaded file: /Users/patrick/Documents/Uni/master_project/backend/app/api/v1/endpoints/../../../uploads/a4ccef65-c01c-4f2f-b65b-4fe641994d87.opus[0m [36mreq[0m=[35m672e58da[0m
[2m11:01:48[0m [[32m[1minfo     [0m] [1mBuilding skill for: audio transcription [0m [36mreq[0m=[35m672e58da[0m
[2m11:01:48[0m [[32m[1minfo     [0m] [1mStarting autonomous skill build for: audio transcription[0m [36mreq[0m=[35m672e58da[0m
[2m11:01:48[0m [[32m[1minfo     [0m] [1mFound 10 previous failed attempts       [0m [36mreq[0m=[35m672e58da[0m
[2m11:01:48[0m [[32m[1minfo     [0m] [1mResearching capability: audio transcription[0m [36mreq[0m=[35m672e58da[0m
[2m11:01:50[0m [[32m[1minfo     [0m] [1mResearch result: pip=['faster-whisper', 'pydub', 'openai-whisper', 'ffmpeg-python'], apt=['ffmpeg'][0m [36mreq[0m=[35m672e58da[0m
[2m11:01:50[0m [[32m[1minfo     [0m] [1mResearch complete: 1 examples, packages: ['faster-whisper', 'pydub', 'openai-whisper', 'ffmpeg-python'][0m [36mreq[0m=[35m672e58da[0m
[2m11:01:50[0m [[32m[1minfo     [0m] [1mGenerating skill code for: audio transcription[0m [36mreq[0m=[35m672e58da[0m
[2m11:01:53[0m [[32m[1minfo     [0m] [1mGetting challenge status: id=be712869-fa80-4114-8d3a-607c26e721a3[0m [36mreq[0m=[35m85886aba[0m
[2m11:01:53[0m [[32m[1minfo     [0m] [1mrequest_finished                        [0m [36mduration[0m=[35m0.029[0m [36mmethod[0m=[35mGET[0m [36mpath[0m=[35m/api/v1/challenges/be712869-fa80-4114-8d3a-607c26e721a3[0m [36mreq[0m=[35m85886aba[0m [36mrequest_id[0m=[35m85886aba-7587-477c-a3fc-705496d00911[0m [36mstatus[0m=[35m200[0m
[2m11:01:58[0m [[32m[1minfo     [0m] [1mGetting challenge status: id=be712869-fa80-4114-8d3a-607c26e721a3[0m [36mreq[0m=[35mf99d43da[0m
[2m11:01:58[0m [[32m[1minfo     [0m] [1mrequest_finished                        [0m [36mduration[0m=[35m0.087[0m [36mmethod[0m=[35mGET[0m [36mpath[0m=[35m/api/v1/challenges/be712869-fa80-4114-8d3a-607c26e721a3[0m [36mreq[0m=[35mf99d43da[0m [36mrequest_id[0m=[35mf99d43da-345f-464b-a850-30de14b230d9[0m [36mstatus[0m=[35m200[0m
[2m11:02:01[0m [[32m[1minfo     [0m] [1mGenerated skill draft: skill_audio_transcription, pip: ['openai-whisper'], apt: ['ffmpeg'][0m [36mreq[0m=[35m672e58da[0m
[2m11:02:01[0m [[32m[1minfo     [0m] [1mDocker client connected successfully    [0m [36mreq[0m=[35m672e58da[0m
[2m11:02:02[0m [[32m[1minfo     [0m] [1mSession container created: 58c1fb97e33a [0m [36mreq[0m=[35m672e58da[0m
[2m11:02:02[0m [[32m[1minfo     [0m] [1mInstalling system packages: ffmpeg      [0m [36mreq[0m=[35m672e58da[0m
[2m11:02:03[0m [[32m[1minfo     [0m] [1mGetting challenge status: id=be712869-fa80-4114-8d3a-607c26e721a3[0m [36mreq[0m=[35m659566a6[0m
[2m11:02:03[0m [[32m[1minfo     [0m] [1mrequest_finished                        [0m [36mduration[0m=[35m0.016[0m [36mmethod[0m=[35mGET[0m [36mpath[0m=[35m/api/v1/challenges/be712869-fa80-4114-8d3a-607c26e721a3[0m [36mreq[0m=[35m659566a6[0m [36mrequest_id[0m=[35m659566a6-c1b4-47af-8f0f-cc4a6a096384[0m [36mstatus[0m=[35m200[0m
[2m11:02:08[0m [[32m[1minfo     [0m] [1mGetting challenge status: id=be712869-fa80-4114-8d3a-607c26e721a3[0m [36mreq[0m=[35md3a583e4[0m
[2m11:02:08[0m [[32m[1minfo     [0m] [1mrequest_finished                        [0m [36mduration[0m=[35m0.011[0m [36mmethod[0m=[35mGET[0m [36mpath[0m=[35m/api/v1/challenges/be712869-fa80-4114-8d3a-607c26e721a3[0m [36mreq[0m=[35md3a583e4[0m [36mrequest_id[0m=[35md3a583e4-2ef4-4f9a-b52e-45709bc50cee[0m [36mstatus[0m=[35m200[0m
[2m11:02:13[0m [[32m[1minfo     [0m] [1mGetting challenge status: id=be712869-fa80-4114-8d3a-607c26e721a3[0m [36mreq[0m=[35m06fed760[0m
[2m11:02:14[0m [[32m[1minfo     [0m] [1mrequest_finished                        [0m [36mduration[0m=[35m0.03[0m [36mmethod[0m=[35mGET[0m [36mpath[0m=[35m/api/v1/challenges/be712869-fa80-4114-8d3a-607c26e721a3[0m [36mreq[0m=[35m06fed760[0m [36mrequest_id[0m=[35m06fed760-47b0-48d7-a2e2-e909825fe127[0m [36mstatus[0m=[35m200[0m
[2m11:02:19[0m [[32m[1minfo     [0m] [1mGetting challenge status: id=be712869-fa80-4114-8d3a-607c26e721a3[0m [36mreq[0m=[35mc9f582b9[0m
[2m11:02:19[0m [[32m[1minfo     [0m] [1mrequest_finished                        [0m [36mduration[0m=[35m0.005[0m [36mmethod[0m=[35mGET[0m [36mpath[0m=[35m/api/v1/challenges/be712869-fa80-4114-8d3a-607c26e721a3[0m [36mreq[0m=[35mc9f582b9[0m [36mrequest_id[0m=[35mc9f582b9-d51d-4a4b-ae0a-498fb71dbbcb[0m [36mstatus[0m=[35m200[0m
[2m11:02:24[0m [[32m[1minfo     [0m] [1mGetting challenge status: id=be712869-fa80-4114-8d3a-607c26e721a3[0m [36mreq[0m=[35m1fd18a5b[0m
[2m11:02:24[0m [[32m[1minfo     [0m] [1mrequest_finished                        [0m [36mduration[0m=[35m0.017[0m [36mmethod[0m=[35mGET[0m [36mpath[0m=[35m/api/v1/challenges/be712869-fa80-4114-8d3a-607c26e721a3[0m [36mreq[0m=[35m1fd18a5b[0m [36mrequest_id[0m=[35m1fd18a5b-01e5-4170-9295-788affd38007[0m [36mstatus[0m=[35m200[0m
[2m11:02:29[0m [[32m[1minfo     [0m] [1mGetting challenge status: id=be712869-fa80-4114-8d3a-607c26e721a3[0m [36mreq[0m=[35m4caa2643[0m
[2m11:02:29[0m [[32m[1minfo     [0m] [1mrequest_finished                        [0m [36mduration[0m=[35m0.009[0m [36mmethod[0m=[35mGET[0m [36mpath[0m=[35m/api/v1/challenges/be712869-fa80-4114-8d3a-607c26e721a3[0m [36mreq[0m=[35m4caa2643[0m [36mrequest_id[0m=[35m4caa2643-4446-4d0e-9f3c-fab3770f94da[0m [36mstatus[0m=[35m200[0m
[2m11:02:34[0m [[32m[1minfo     [0m] [1mGetting challenge status: id=be712869-fa80-4114-8d3a-607c26e721a3[0m [36mreq[0m=[35m33e64264[0m
[2m11:02:34[0m [[32m[1minfo     [0m] [1mrequest_finished                        [0m [36mduration[0m=[35m0.011[0m [36mmethod[0m=[35mGET[0m [36mpath[0m=[35m/api/v1/challenges/be712869-fa80-4114-8d3a-607c26e721a3[0m [36mreq[0m=[35m33e64264[0m [36mrequest_id[0m=[35m33e64264-d2cb-4895-9063-3d450cad184f[0m [36mstatus[0m=[35m200[0m
[2m11:02:39[0m [[32m[1minfo     [0m] [1mGetting challenge status: id=be712869-fa80-4114-8d3a-607c26e721a3[0m [36mreq[0m=[35m11fa276c[0m
[2m11:02:39[0m [[32m[1minfo     [0m] [1mrequest_finished                        [0m [36mduration[0m=[35m0.066[0m [36mmethod[0m=[35mGET[0m [36mpath[0m=[35m/api/v1/challenges/be712869-fa80-4114-8d3a-607c26e721a3[0m [36mreq[0m=[35m11fa276c[0m [36mrequest_id[0m=[35m11fa276c-5381-4f46-b914-114efc0af4d2[0m [36mstatus[0m=[35m200[0m
[2m11:02:44[0m [[32m[1minfo     [0m] [1mGetting challenge status: id=be712869-fa80-4114-8d3a-607c26e721a3[0m [36mreq[0m=[35me8ff566b[0m
[2m11:02:44[0m [[32m[1minfo     [0m] [1mrequest_finished                        [0m [36mduration[0m=[35m0.037[0m [36mmethod[0m=[35mGET[0m [36mpath[0m=[35m/api/v1/challenges/be712869-fa80-4114-8d3a-607c26e721a3[0m [36mreq[0m=[35me8ff566b[0m [36mrequest_id[0m=[35me8ff566b-9de8-471b-82d6-fe7a34e25a63[0m [36mstatus[0m=[35m200[0m
[2m11:02:49[0m [[32m[1minfo     [0m] [1mGetting challenge status: id=be712869-fa80-4114-8d3a-607c26e721a3[0m [36mreq[0m=[35m86830ad6[0m
[2m11:02:49[0m [[32m[1minfo     [0m] [1mrequest_finished                        [0m [36mduration[0m=[35m0.037[0m [36mmethod[0m=[35mGET[0m [36mpath[0m=[35m/api/v1/challenges/be712869-fa80-4114-8d3a-607c26e721a3[0m [36mreq[0m=[35m86830ad6[0m [36mrequest_id[0m=[35m86830ad6-1f68-4fd2-8fd6-651f0a8d281f[0m [36mstatus[0m=[35m200[0m
[2m11:02:54[0m [[32m[1minfo     [0m] [1mGetting challenge status: id=be712869-fa80-4114-8d3a-607c26e721a3[0m [36mreq[0m=[35m5f6ccc05[0m
[2m11:02:54[0m [[32m[1minfo     [0m] [1mrequest_finished                        [0m [36mduration[0m=[35m0.009[0m [36mmethod[0m=[35mGET[0m [36mpath[0m=[35m/api/v1/challenges/be712869-fa80-4114-8d3a-607c26e721a3[0m [36mreq[0m=[35m5f6ccc05[0m [36mrequest_id[0m=[35m5f6ccc05-8ed2-471e-85ac-c22a184a8a1c[0m [36mstatus[0m=[35m200[0m
[2m11:02:58[0m [[32m[1minfo     [0m] [1mSystem packages installed successfully: ffmpeg[0m [36mreq[0m=[35m672e58da[0m
[2m11:02:58[0m [[32m[1minfo     [0m] [1mInstalling pip packages: "openai-whisper"[0m [36mreq[0m=[35m672e58da[0m
[2m11:02:59[0m [[32m[1minfo     [0m] [1mGetting challenge status: id=be712869-fa80-4114-8d3a-607c26e721a3[0m [36mreq[0m=[35m84f51160[0m
[2m11:02:59[0m [[32m[1minfo     [0m] [1mrequest_finished                        [0m [36mduration[0m=[35m0.027[0m [36mmethod[0m=[35mGET[0m [36mpath[0m=[35m/api/v1/challenges/be712869-fa80-4114-8d3a-607c26e721a3[0m [36mreq[0m=[35m84f51160[0m [36mrequest_id[0m=[35m84f51160-6d04-4d45-a2b1-3e38ab0cdad4[0m [36mstatus[0m=[35m200[0m
[2m11:03:04[0m [[32m[1minfo     [0m] [1mGetting challenge status: id=be712869-fa80-4114-8d3a-607c26e721a3[0m [36mreq[0m=[35m109a7f01[0m
[2m11:03:04[0m [[32m[1minfo     [0m] [1mrequest_finished                        [0m [36mduration[0m=[35m0.068[0m [36mmethod[0m=[35mGET[0m [36mpath[0m=[35m/api/v1/challenges/be712869-fa80-4114-8d3a-607c26e721a3[0m [36mreq[0m=[35m109a7f01[0m [36mrequest_id[0m=[35m109a7f01-8d55-428b-b976-6db024e9f107[0m [36mstatus[0m=[35m200[0m
[2m11:03:09[0m [[32m[1minfo     [0m] [1mGetting challenge status: id=be712869-fa80-4114-8d3a-607c26e721a3[0m [36mreq[0m=[35m1af10109[0m
[2m11:03:09[0m [[32m[1minfo     [0m] [1mrequest_finished                        [0m [36mduration[0m=[35m0.026[0m [36mmethod[0m=[35mGET[0m [36mpath[0m=[35m/api/v1/challenges/be712869-fa80-4114-8d3a-607c26e721a3[0m [36mreq[0m=[35m1af10109[0m [36mrequest_id[0m=[35m1af10109-5588-4600-8fa6-06bb5f166082[0m [36mstatus[0m=[35m200[0m
[2m11:03:14[0m [[32m[1minfo     [0m] [1mGetting challenge status: id=be712869-fa80-4114-8d3a-607c26e721a3[0m [36mreq[0m=[35mc60a2b0d[0m
[2m11:03:14[0m [[32m[1minfo     [0m] [1mrequest_finished                        [0m [36mduration[0m=[35m0.065[0m [36mmethod[0m=[35mGET[0m [36mpath[0m=[35m/api/v1/challenges/be712869-fa80-4114-8d3a-607c26e721a3[0m [36mreq[0m=[35mc60a2b0d[0m [36mrequest_id[0m=[35mc60a2b0d-a78e-45f3-9894-1d028a804c98[0m [36mstatus[0m=[35m200[0m
[2m11:03:19[0m [[32m[1minfo     [0m] [1mGetting challenge status: id=be712869-fa80-4114-8d3a-607c26e721a3[0m [36mreq[0m=[35m9c574eb5[0m
[2m11:03:19[0m [[32m[1minfo     [0m] [1mrequest_finished                        [0m [36mduration[0m=[35m0.023[0m [36mmethod[0m=[35mGET[0m [36mpath[0m=[35m/api/v1/challenges/be712869-fa80-4114-8d3a-607c26e721a3[0m [36mreq[0m=[35m9c574eb5[0m [36mrequest_id[0m=[35m9c574eb5-bd1a-4327-bb5a-5d0997805a54[0m [36mstatus[0m=[35m200[0m
[2m11:03:24[0m [[32m[1minfo     [0m] [1mGetting challenge status: id=be712869-fa80-4114-8d3a-607c26e721a3[0m [36mreq[0m=[35mb6ccb478[0m
[2m11:03:24[0m [[32m[1minfo     [0m] [1mrequest_finished                        [0m [36mduration[0m=[35m0.032[0m [36mmethod[0m=[35mGET[0m [36mpath[0m=[35m/api/v1/challenges/be712869-fa80-4114-8d3a-607c26e721a3[0m [36mreq[0m=[35mb6ccb478[0m [36mrequest_id[0m=[35mb6ccb478-8581-4c4f-99cf-913494889736[0m [36mstatus[0m=[35m200[0m
[2m11:03:29[0m [[32m[1minfo     [0m] [1mGetting challenge status: id=be712869-fa80-4114-8d3a-607c26e721a3[0m [36mreq[0m=[35m34c99ddc[0m
[2m11:03:29[0m [[32m[1minfo     [0m] [1mrequest_finished                        [0m [36mduration[0m=[35m0.017[0m [36mmethod[0m=[35mGET[0m [36mpath[0m=[35m/api/v1/challenges/be712869-fa80-4114-8d3a-607c26e721a3[0m [36mreq[0m=[35m34c99ddc[0m [36mrequest_id[0m=[35m34c99ddc-554b-4e9a-b060-3d1ac0953e20[0m [36mstatus[0m=[35m200[0m
[2m11:03:35[0m [[32m[1minfo     [0m] [1mGetting challenge status: id=be712869-fa80-4114-8d3a-607c26e721a3[0m [36mreq[0m=[35m02eabd49[0m
[2m11:03:35[0m [[32m[1minfo     [0m] [1mrequest_finished                        [0m [36mduration[0m=[35m0.119[0m [36mmethod[0m=[35mGET[0m [36mpath[0m=[35m/api/v1/challenges/be712869-fa80-4114-8d3a-607c26e721a3[0m [36mreq[0m=[35m02eabd49[0m [36mrequest_id[0m=[35m02eabd49-1f25-4218-9192-41602d077bd9[0m [36mstatus[0m=[35m200[0m
[2m11:03:40[0m [[32m[1minfo     [0m] [1mGetting challenge status: id=be712869-fa80-4114-8d3a-607c26e721a3[0m [36mreq[0m=[35m60529aba[0m
[2m11:03:40[0m [[32m[1minfo     [0m] [1mrequest_finished                        [0m [36mduration[0m=[35m0.022[0m [36mmethod[0m=[35mGET[0m [36mpath[0m=[35m/api/v1/challenges/be712869-fa80-4114-8d3a-607c26e721a3[0m [36mreq[0m=[35m60529aba[0m [36mrequest_id[0m=[35m60529aba-8b3d-4987-86a5-fad068092bfa[0m [36mstatus[0m=[35m200[0m
[2m11:03:45[0m [[32m[1minfo     [0m] [1mGetting challenge status: id=be712869-fa80-4114-8d3a-607c26e721a3[0m [36mreq[0m=[35m15b708b4[0m
[2m11:03:45[0m [[32m[1minfo     [0m] [1mrequest_finished                        [0m [36mduration[0m=[35m0.013[0m [36mmethod[0m=[35mGET[0m [36mpath[0m=[35m/api/v1/challenges/be712869-fa80-4114-8d3a-607c26e721a3[0m [36mreq[0m=[35m15b708b4[0m [36mrequest_id[0m=[35m15b708b4-4553-4a3c-8e19-7e1502114d81[0m [36mstatus[0m=[35m200[0m
[2m11:03:50[0m [[32m[1minfo     [0m] [1mGetting challenge status: id=be712869-fa80-4114-8d3a-607c26e721a3[0m [36mreq[0m=[35m915bc979[0m
[2m11:03:50[0m [[32m[1minfo     [0m] [1mrequest_finished                        [0m [36mduration[0m=[35m0.041[0m [36mmethod[0m=[35mGET[0m [36mpath[0m=[35m/api/v1/challenges/be712869-fa80-4114-8d3a-607c26e721a3[0m [36mreq[0m=[35m915bc979[0m [36mrequest_id[0m=[35m915bc979-d444-43fc-8d91-10eeed1299c0[0m [36mstatus[0m=[35m200[0m
[2m11:03:55[0m [[32m[1minfo     [0m] [1mGetting challenge status: id=be712869-fa80-4114-8d3a-607c26e721a3[0m [36mreq[0m=[35m9a3c253a[0m
[2m11:03:55[0m [[32m[1minfo     [0m] [1mrequest_finished                        [0m [36mduration[0m=[35m0.012[0m [36mmethod[0m=[35mGET[0m [36mpath[0m=[35m/api/v1/challenges/be712869-fa80-4114-8d3a-607c26e721a3[0m [36mreq[0m=[35m9a3c253a[0m [36mrequest_id[0m=[35m9a3c253a-77f8-44c2-aab0-b83e8b4d2b70[0m [36mstatus[0m=[35m200[0m
[2m11:04:00[0m [[32m[1minfo     [0m] [1mGetting challenge status: id=be712869-fa80-4114-8d3a-607c26e721a3[0m [36mreq[0m=[35m41ef5848[0m
[2m11:04:00[0m [[32m[1minfo     [0m] [1mrequest_finished                        [0m [36mduration[0m=[35m0.017[0m [36mmethod[0m=[35mGET[0m [36mpath[0m=[35m/api/v1/challenges/be712869-fa80-4114-8d3a-607c26e721a3[0m [36mreq[0m=[35m41ef5848[0m [36mrequest_id[0m=[35m41ef5848-3004-494e-9a21-e97f10500c6f[0m [36mstatus[0m=[35m200[0m
[2m11:04:05[0m [[32m[1minfo     [0m] [1mGetting challenge status: id=be712869-fa80-4114-8d3a-607c26e721a3[0m [36mreq[0m=[35m43f0899a[0m
[2m11:04:05[0m [[32m[1minfo     [0m] [1mrequest_finished                        [0m [36mduration[0m=[35m0.015[0m [36mmethod[0m=[35mGET[0m [36mpath[0m=[35m/api/v1/challenges/be712869-fa80-4114-8d3a-607c26e721a3[0m [36mreq[0m=[35m43f0899a[0m [36mrequest_id[0m=[35m43f0899a-cc12-4087-a59b-f058bee9b682[0m [36mstatus[0m=[35m200[0m
[2m11:04:10[0m [[32m[1minfo     [0m] [1mGetting challenge status: id=be712869-fa80-4114-8d3a-607c26e721a3[0m [36mreq[0m=[35m7f40ffd7[0m
[2m11:04:10[0m [[32m[1minfo     [0m] [1mrequest_finished                        [0m [36mduration[0m=[35m0.014[0m [36mmethod[0m=[35mGET[0m [36mpath[0m=[35m/api/v1/challenges/be712869-fa80-4114-8d3a-607c26e721a3[0m [36mreq[0m=[35m7f40ffd7[0m [36mrequest_id[0m=[35m7f40ffd7-de6d-498c-b03b-3edb9f875a33[0m [36mstatus[0m=[35m200[0m
[2m11:04:15[0m [[32m[1minfo     [0m] [1mGetting challenge status: id=be712869-fa80-4114-8d3a-607c26e721a3[0m [36mreq[0m=[35m4478b3e7[0m
[2m11:04:15[0m [[32m[1minfo     [0m] [1mrequest_finished                        [0m [36mduration[0m=[35m0.023[0m [36mmethod[0m=[35mGET[0m [36mpath[0m=[35m/api/v1/challenges/be712869-fa80-4114-8d3a-607c26e721a3[0m [36mreq[0m=[35m4478b3e7[0m [36mrequest_id[0m=[35m4478b3e7-f2cf-4ab6-a4b2-2f5477d8501c[0m [36mstatus[0m=[35m200[0m
[2m11:04:20[0m [[32m[1minfo     [0m] [1mGetting challenge status: id=be712869-fa80-4114-8d3a-607c26e721a3[0m [36mreq[0m=[35mf4e67ee8[0m
[2m11:04:20[0m [[32m[1minfo     [0m] [1mrequest_finished                        [0m [36mduration[0m=[35m0.009[0m [36mmethod[0m=[35mGET[0m [36mpath[0m=[35m/api/v1/challenges/be712869-fa80-4114-8d3a-607c26e721a3[0m [36mreq[0m=[35mf4e67ee8[0m [36mrequest_id[0m=[35mf4e67ee8-9840-4065-b5d7-a0cd52f354ed[0m [36mstatus[0m=[35m200[0m
[2m11:04:24[0m [[32m[1minfo     [0m] [1mPip packages installed successfully     [0m [36mreq[0m=[35m672e58da[0m
[2m11:04:24[0m [[32m[1minfo     [0m] [1mTesting iteration 1/10                  [0m [36mreq[0m=[35m672e58da[0m
[2m11:04:25[0m [[32m[1minfo     [0m] [1mGetting challenge status: id=be712869-fa80-4114-8d3a-607c26e721a3[0m [36mreq[0m=[35m0318c0bf[0m
[2m11:04:25[0m [[32m[1minfo     [0m] [1mrequest_finished                        [0m [36mduration[0m=[35m0.019[0m [36mmethod[0m=[35mGET[0m [36mpath[0m=[35m/api/v1/challenges/be712869-fa80-4114-8d3a-607c26e721a3[0m [36mreq[0m=[35m0318c0bf[0m [36mrequest_id[0m=[35m0318c0bf-452a-4ec8-8f7b-0b85110592ce[0m [36mstatus[0m=[35m200[0m
[2m11:04:30[0m [[33m[1mwarning  [0m] [1mCode execution failed (exit=1): Testing skill with input: {'file_path': '/workspace/a4ccef65-c01c-4f2f-b65b-4fe641994d87.opus'}
ERROR: execute() akzeptiert Parameter 'file_path' nicht (Signatur: (input_data: dict) -> dict)
[0m [36mreq[0m=[35m672e58da[0m
[2m11:04:30[0m [[33m[1mwarning  [0m] [1mIteration 1 failed: Testing skill with input: {'file_path': '/workspace/a4ccef65-c01c-4f2f-b65b-4fe641994d87.opus'}
ERROR: execute() akzeptiert Parameter 'file_path' nicht (Signatur: (input_data: dict) -> dict)
[0m [36mreq[0m=[35m672e58da[0m
[2m11:04:30[0m [[32m[1minfo     [0m] [1mGetting challenge status: id=be712869-fa80-4114-8d3a-607c26e721a3[0m [36mreq[0m=[35m12ba10bf[0m
[2m11:04:30[0m [[32m[1minfo     [0m] [1mRecorded build attempt: capability=audio transcription, success=False, error_type=ErrorType.RUNTIME_ERROR[0m [36mreq[0m=[35m672e58da[0m
[2m11:04:30[0m [[32m[1minfo     [0m] [1mAttempting to fix skill code based on error (attempt 1)[0m [36mreq[0m=[35m672e58da[0m
[2m11:04:30[0m [[32m[1minfo     [0m] [1mrequest_finished                        [0m [36mduration[0m=[35m0.121[0m [36mmethod[0m=[35mGET[0m [36mpath[0m=[35m/api/v1/challenges/be712869-fa80-4114-8d3a-607c26e721a3[0m [36mreq[0m=[35m12ba10bf[0m [36mrequest_id[0m=[35m12ba10bf-0c32-4141-be7c-eb7d4b854531[0m [36mstatus[0m=[35m200[0m
[2m11:04:35[0m [[32m[1minfo     [0m] [1mGetting challenge status: id=be712869-fa80-4114-8d3a-607c26e721a3[0m [36mreq[0m=[35md208c908[0m
[2m11:04:35[0m [[32m[1minfo     [0m] [1mrequest_finished                        [0m [36mduration[0m=[35m0.007[0m [36mmethod[0m=[35mGET[0m [36mpath[0m=[35m/api/v1/challenges/be712869-fa80-4114-8d3a-607c26e721a3[0m [36mreq[0m=[35md208c908[0m [36mrequest_id[0m=[35md208c908-b770-4a64-be3b-ebbb155e3185[0m [36mstatus[0m=[35m200[0m
[2m11:04:40[0m [[32m[1minfo     [0m] [1mGetting challenge status: id=be712869-fa80-4114-8d3a-607c26e721a3[0m [36mreq[0m=[35m7ffbc135[0m
[2m11:04:40[0m [[32m[1minfo     [0m] [1mrequest_finished                        [0m [36mduration[0m=[35m0.034[0m [36mmethod[0m=[35mGET[0m [36mpath[0m=[35m/api/v1/challenges/be712869-fa80-4114-8d3a-607c26e721a3[0m [36mreq[0m=[35m7ffbc135[0m [36mrequest_id[0m=[35m7ffbc135-8db0-4777-9388-4536b5a3a094[0m [36mstatus[0m=[35m200[0m
[2m11:04:43[0m [[32m[1minfo     [0m] [1mTesting iteration 2/10                  [0m [36mreq[0m=[35m672e58da[0m
[2m11:04:43[0m [[33m[1mwarning  [0m] [1mCode execution failed (exit=1):   File "/workspace/script.py", line 6
    """
    ^
SyntaxError: unterminated triple-quoted string literal (detected at line 70)
[0m [36mreq[0m=[35m672e58da[0m
[2m11:04:43[0m [[33m[1mwarning  [0m] [1mIteration 2 failed:   File "/workspace/script.py", line 6
    """
    ^
SyntaxError: unterminated triple-quoted string literal (detected at line 70)
[0m [36mreq[0m=[35m672e58da[0m
[2m11:04:43[0m [[32m[1minfo     [0m] [1mRecorded build attempt: capability=audio transcription, success=False, error_type=ErrorType.SYNTAX_ERROR[0m [36mreq[0m=[35m672e58da[0m
[2m11:04:43[0m [[32m[1minfo     [0m] [1mAttempting to fix skill code based on error (attempt 2)[0m [36mreq[0m=[35m672e58da[0m
[2m11:04:45[0m [[32m[1minfo     [0m] [1mGetting challenge status: id=be712869-fa80-4114-8d3a-607c26e721a3[0m [36mreq[0m=[35m37de367f[0m
[2m11:04:45[0m [[32m[1minfo     [0m] [1mrequest_finished                        [0m [36mduration[0m=[35m0.021[0m [36mmethod[0m=[35mGET[0m [36mpath[0m=[35m/api/v1/challenges/be712869-fa80-4114-8d3a-607c26e721a3[0m [36mreq[0m=[35m37de367f[0m [36mrequest_id[0m=[35m37de367f-205a-4b34-882b-3d07b2307cb8[0m [36mstatus[0m=[35m200[0m
[2m11:04:50[0m [[32m[1minfo     [0m] [1mGetting challenge status: id=be712869-fa80-4114-8d3a-607c26e721a3[0m [36mreq[0m=[35m9ec2d94b[0m
[2m11:04:51[0m [[32m[1minfo     [0m] [1mrequest_finished                        [0m [36mduration[0m=[35m0.178[0m [36mmethod[0m=[35mGET[0m [36mpath[0m=[35m/api/v1/challenges/be712869-fa80-4114-8d3a-607c26e721a3[0m [36mreq[0m=[35m9ec2d94b[0m [36mrequest_id[0m=[35m9ec2d94b-40b0-43cc-abc4-c446b728f1c7[0m [36mstatus[0m=[35m200[0m
[2m11:04:52[0m [[32m[1minfo     [0m] [1mTesting iteration 3/10                  [0m [36mreq[0m=[35m672e58da[0m
[2m11:04:56[0m [[32m[1minfo     [0m] [1mGetting challenge status: id=be712869-fa80-4114-8d3a-607c26e721a3[0m [36mreq[0m=[35m11c3c63f[0m
[2m11:04:56[0m [[32m[1minfo     [0m] [1mrequest_finished                        [0m [36mduration[0m=[35m0.032[0m [36mmethod[0m=[35mGET[0m [36mpath[0m=[35m/api/v1/challenges/be712869-fa80-4114-8d3a-607c26e721a3[0m [36mreq[0m=[35m11c3c63f[0m [36mrequest_id[0m=[35m11c3c63f-b8a0-42bb-9084-51578b60b073[0m [36mstatus[0m=[35m200[0m
[2m11:05:01[0m [[32m[1minfo     [0m] [1mGetting challenge status: id=be712869-fa80-4114-8d3a-607c26e721a3[0m [36mreq[0m=[35m4466d03f[0m
[2m11:05:01[0m [[32m[1minfo     [0m] [1mrequest_finished                        [0m [36mduration[0m=[35m0.06[0m [36mmethod[0m=[35mGET[0m [36mpath[0m=[35m/api/v1/challenges/be712869-fa80-4114-8d3a-607c26e721a3[0m [36mreq[0m=[35m4466d03f[0m [36mrequest_id[0m=[35m4466d03f-df08-4d2c-851a-e4f6042f1630[0m [36mstatus[0m=[35m200[0m
[2m11:05:06[0m [[32m[1minfo     [0m] [1mGetting challenge status: id=be712869-fa80-4114-8d3a-607c26e721a3[0m [36mreq[0m=[35mdb55d9a9[0m
[2m11:05:06[0m [[32m[1minfo     [0m] [1mrequest_finished                        [0m [36mduration[0m=[35m0.02[0m [36mmethod[0m=[35mGET[0m [36mpath[0m=[35m/api/v1/challenges/be712869-fa80-4114-8d3a-607c26e721a3[0m [36mreq[0m=[35mdb55d9a9[0m [36mrequest_id[0m=[35mdb55d9a9-4e2b-4266-b189-e19d301fb08e[0m [36mstatus[0m=[35m200[0m
[2m11:05:11[0m [[32m[1minfo     [0m] [1mGetting challenge status: id=be712869-fa80-4114-8d3a-607c26e721a3[0m [36mreq[0m=[35m36953e87[0m
[2m11:05:11[0m [[32m[1minfo     [0m] [1mrequest_finished                        [0m [36mduration[0m=[35m0.056[0m [36mmethod[0m=[35mGET[0m [36mpath[0m=[35m/api/v1/challenges/be712869-fa80-4114-8d3a-607c26e721a3[0m [36mreq[0m=[35m36953e87[0m [36mrequest_id[0m=[35m36953e87-08d2-4af3-995e-fd504d009044[0m [36mstatus[0m=[35m200[0m
[2m11:05:16[0m [[32m[1minfo     [0m] [1mGetting challenge status: id=be712869-fa80-4114-8d3a-607c26e721a3[0m [36mreq[0m=[35me23f212c[0m
[2m11:05:16[0m [[32m[1minfo     [0m] [1mrequest_finished                        [0m [36mduration[0m=[35m0.012[0m [36mmethod[0m=[35mGET[0m [36mpath[0m=[35m/api/v1/challenges/be712869-fa80-4114-8d3a-607c26e721a3[0m [36mreq[0m=[35me23f212c[0m [36mrequest_id[0m=[35me23f212c-8cf0-4444-beee-7e6d09de9a94[0m [36mstatus[0m=[35m200[0m
[2m11:05:21[0m [[32m[1minfo     [0m] [1mGetting challenge status: id=be712869-fa80-4114-8d3a-607c26e721a3[0m [36mreq[0m=[35m2d67b903[0m
[2m11:05:21[0m [[32m[1minfo     [0m] [1mrequest_finished                        [0m [36mduration[0m=[35m0.005[0m [36mmethod[0m=[35mGET[0m [36mpath[0m=[35m/api/v1/challenges/be712869-fa80-4114-8d3a-607c26e721a3[0m [36mreq[0m=[35m2d67b903[0m [36mrequest_id[0m=[35m2d67b903-ca76-417d-b2fb-d91422d12f68[0m [36mstatus[0m=[35m200[0m
[2m11:05:26[0m [[32m[1minfo     [0m] [1mGetting challenge status: id=be712869-fa80-4114-8d3a-607c26e721a3[0m [36mreq[0m=[35ma4b79f88[0m
[2m11:05:26[0m [[32m[1minfo     [0m] [1mrequest_finished                        [0m [36mduration[0m=[35m0.01[0m [36mmethod[0m=[35mGET[0m [36mpath[0m=[35m/api/v1/challenges/be712869-fa80-4114-8d3a-607c26e721a3[0m [36mreq[0m=[35ma4b79f88[0m [36mrequest_id[0m=[35ma4b79f88-34c5-4157-ac7c-d2ca26b2af13[0m [36mstatus[0m=[35m200[0m
[2m11:05:31[0m [[32m[1minfo     [0m] [1mGetting challenge status: id=be712869-fa80-4114-8d3a-607c26e721a3[0m [36mreq[0m=[35mec2aae19[0m
[2m11:05:31[0m [[32m[1minfo     [0m] [1mrequest_finished                        [0m [36mduration[0m=[35m0.005[0m [36mmethod[0m=[35mGET[0m [36mpath[0m=[35m/api/v1/challenges/be712869-fa80-4114-8d3a-607c26e721a3[0m [36mreq[0m=[35mec2aae19[0m [36mrequest_id[0m=[35mec2aae19-4bde-42d5-8784-e6c70285e9ab[0m [36mstatus[0m=[35m200[0m
[2m11:05:36[0m [[32m[1minfo     [0m] [1mGetting challenge status: id=be712869-fa80-4114-8d3a-607c26e721a3[0m [36mreq[0m=[35m7b0fa0e8[0m
[2m11:05:36[0m [[32m[1minfo     [0m] [1mrequest_finished                        [0m [36mduration[0m=[35m0.036[0m [36mmethod[0m=[35mGET[0m [36mpath[0m=[35m/api/v1/challenges/be712869-fa80-4114-8d3a-607c26e721a3[0m [36mreq[0m=[35m7b0fa0e8[0m [36mrequest_id[0m=[35m7b0fa0e8-e179-4225-87b4-46a10c16da66[0m [36mstatus[0m=[35m200[0m
[2m11:05:41[0m [[32m[1minfo     [0m] [1mGetting challenge status: id=be712869-fa80-4114-8d3a-607c26e721a3[0m [36mreq[0m=[35m0349efdd[0m
[2m11:05:41[0m [[32m[1minfo     [0m] [1mrequest_finished                        [0m [36mduration[0m=[35m0.01[0m [36mmethod[0m=[35mGET[0m [36mpath[0m=[35m/api/v1/challenges/be712869-fa80-4114-8d3a-607c26e721a3[0m [36mreq[0m=[35m0349efdd[0m [36mrequest_id[0m=[35m0349efdd-f752-47d7-8866-fcf945b0a9f3[0m [36mstatus[0m=[35m200[0m
[2m11:05:46[0m [[32m[1minfo     [0m] [1mGetting challenge status: id=be712869-fa80-4114-8d3a-607c26e721a3[0m [36mreq[0m=[35m40900dda[0m
[2m11:05:46[0m [[32m[1minfo     [0m] [1mrequest_finished                        [0m [36mduration[0m=[35m0.006[0m [36mmethod[0m=[35mGET[0m [36mpath[0m=[35m/api/v1/challenges/be712869-fa80-4114-8d3a-607c26e721a3[0m [36mreq[0m=[35m40900dda[0m [36mrequest_id[0m=[35m40900dda-5ccc-4a81-9d27-4588ec3cd756[0m [36mstatus[0m=[35m200[0m
[2m11:05:51[0m [[32m[1minfo     [0m] [1mGetting challenge status: id=be712869-fa80-4114-8d3a-607c26e721a3[0m [36mreq[0m=[35m05cadc4c[0m
[2m11:05:51[0m [[32m[1minfo     [0m] [1mrequest_finished                        [0m [36mduration[0m=[35m0.052[0m [36mmethod[0m=[35mGET[0m [36mpath[0m=[35m/api/v1/challenges/be712869-fa80-4114-8d3a-607c26e721a3[0m [36mreq[0m=[35m05cadc4c[0m [36mrequest_id[0m=[35m05cadc4c-0ec8-45ba-aaca-2ff3d77a8c3b[0m [36mstatus[0m=[35m200[0m
[2m11:05:56[0m [[32m[1minfo     [0m] [1mGetting challenge status: id=be712869-fa80-4114-8d3a-607c26e721a3[0m [36mreq[0m=[35m4ff8ba5f[0m
[2m11:05:56[0m [[32m[1minfo     [0m] [1mrequest_finished                        [0m [36mduration[0m=[35m0.007[0m [36mmethod[0m=[35mGET[0m [36mpath[0m=[35m/api/v1/challenges/be712869-fa80-4114-8d3a-607c26e721a3[0m [36mreq[0m=[35m4ff8ba5f[0m [36mrequest_id[0m=[35m4ff8ba5f-bee4-4fbf-851e-8b8453d1d0af[0m [36mstatus[0m=[35m200[0m
[2m11:06:01[0m [[32m[1minfo     [0m] [1mGetting challenge status: id=be712869-fa80-4114-8d3a-607c26e721a3[0m [36mreq[0m=[35m68530a59[0m
[2m11:06:01[0m [[32m[1minfo     [0m] [1mrequest_finished                        [0m [36mduration[0m=[35m0.049[0m [36mmethod[0m=[35mGET[0m [36mpath[0m=[35m/api/v1/challenges/be712869-fa80-4114-8d3a-607c26e721a3[0m [36mreq[0m=[35m68530a59[0m [36mrequest_id[0m=[35m68530a59-444e-4d7e-9e53-5813edac9c64[0m [36mstatus[0m=[35m200[0m
[2m11:06:06[0m [[32m[1minfo     [0m] [1mGetting challenge status: id=be712869-fa80-4114-8d3a-607c26e721a3[0m [36mreq[0m=[35m431309f1[0m
[2m11:06:06[0m [[32m[1minfo     [0m] [1mrequest_finished                        [0m [36mduration[0m=[35m0.008[0m [36mmethod[0m=[35mGET[0m [36mpath[0m=[35m/api/v1/challenges/be712869-fa80-4114-8d3a-607c26e721a3[0m [36mreq[0m=[35m431309f1[0m [36mrequest_id[0m=[35m431309f1-9bc1-4228-ba58-67ee000bc50e[0m [36mstatus[0m=[35m200[0m
[2m11:06:11[0m [[32m[1minfo     [0m] [1mGetting challenge status: id=be712869-fa80-4114-8d3a-607c26e721a3[0m [36mreq[0m=[35mc1de1188[0m
[2m11:06:12[0m [[32m[1minfo     [0m] [1mrequest_finished                        [0m [36mduration[0m=[35m0.044[0m [36mmethod[0m=[35mGET[0m [36mpath[0m=[35m/api/v1/challenges/be712869-fa80-4114-8d3a-607c26e721a3[0m [36mreq[0m=[35mc1de1188[0m [36mrequest_id[0m=[35mc1de1188-1fce-4bd5-a67f-79d29bbc0b90[0m [36mstatus[0m=[35m200[0m
[2m11:06:17[0m [[32m[1minfo     [0m] [1mGetting challenge status: id=be712869-fa80-4114-8d3a-607c26e721a3[0m [36mreq[0m=[35m0897fa97[0m
[2m11:06:17[0m [[32m[1minfo     [0m] [1mrequest_finished                        [0m [36mduration[0m=[35m0.012[0m [36mmethod[0m=[35mGET[0m [36mpath[0m=[35m/api/v1/challenges/be712869-fa80-4114-8d3a-607c26e721a3[0m [36mreq[0m=[35m0897fa97[0m [36mrequest_id[0m=[35m0897fa97-d502-4e82-9e15-de8bb59c282d[0m [36mstatus[0m=[35m200[0m
[2m11:06:22[0m [[32m[1minfo     [0m] [1mGetting challenge status: id=be712869-fa80-4114-8d3a-607c26e721a3[0m [36mreq[0m=[35m072ff826[0m
[2m11:06:22[0m [[32m[1minfo     [0m] [1mrequest_finished                        [0m [36mduration[0m=[35m0.01[0m [36mmethod[0m=[35mGET[0m [36mpath[0m=[35m/api/v1/challenges/be712869-fa80-4114-8d3a-607c26e721a3[0m [36mreq[0m=[35m072ff826[0m [36mrequest_id[0m=[35m072ff826-f613-4d66-baca-ea00617e5224[0m [36mstatus[0m=[35m200[0m
[2m11:06:27[0m [[32m[1minfo     [0m] [1mGetting challenge status: id=be712869-fa80-4114-8d3a-607c26e721a3[0m [36mreq[0m=[35ma03b05ce[0m
[2m11:06:27[0m [[32m[1minfo     [0m] [1mrequest_finished                        [0m [36mduration[0m=[35m0.01[0m [36mmethod[0m=[35mGET[0m [36mpath[0m=[35m/api/v1/challenges/be712869-fa80-4114-8d3a-607c26e721a3[0m [36mreq[0m=[35ma03b05ce[0m [36mrequest_id[0m=[35ma03b05ce-4a37-458f-b507-5c89682cb9e2[0m [36mstatus[0m=[35m200[0m
[2m11:06:32[0m [[32m[1minfo     [0m] [1mGetting challenge status: id=be712869-fa80-4114-8d3a-607c26e721a3[0m [36mreq[0m=[35m133c3ee3[0m
[2m11:06:32[0m [[32m[1minfo     [0m] [1mrequest_finished                        [0m [36mduration[0m=[35m0.014[0m [36mmethod[0m=[35mGET[0m [36mpath[0m=[35m/api/v1/challenges/be712869-fa80-4114-8d3a-607c26e721a3[0m [36mreq[0m=[35m133c3ee3[0m [36mrequest_id[0m=[35m133c3ee3-ba68-4bb7-960f-3ce48a357e8c[0m [36mstatus[0m=[35m200[0m
[2m11:06:37[0m [[32m[1minfo     [0m] [1mGetting challenge status: id=be712869-fa80-4114-8d3a-607c26e721a3[0m [36mreq[0m=[35m752e02ce[0m
[2m11:06:37[0m [[32m[1minfo     [0m] [1mrequest_finished                        [0m [36mduration[0m=[35m0.011[0m [36mmethod[0m=[35mGET[0m [36mpath[0m=[35m/api/v1/challenges/be712869-fa80-4114-8d3a-607c26e721a3[0m [36mreq[0m=[35m752e02ce[0m [36mrequest_id[0m=[35m752e02ce-7f78-4d89-ad96-c7ca4b36b08d[0m [36mstatus[0m=[35m200[0m
[2m11:06:42[0m [[32m[1minfo     [0m] [1mGetting challenge status: id=be712869-fa80-4114-8d3a-607c26e721a3[0m [36mreq[0m=[35ma31d9b16[0m
[2m11:06:42[0m [[32m[1minfo     [0m] [1mrequest_finished                        [0m [36mduration[0m=[35m0.029[0m [36mmethod[0m=[35mGET[0m [36mpath[0m=[35m/api/v1/challenges/be712869-fa80-4114-8d3a-607c26e721a3[0m [36mreq[0m=[35ma31d9b16[0m [36mrequest_id[0m=[35ma31d9b16-bcfa-44e5-bb45-a17c2a84472f[0m [36mstatus[0m=[35m200[0m
[2m11:06:47[0m [[32m[1minfo     [0m] [1mGetting challenge status: id=be712869-fa80-4114-8d3a-607c26e721a3[0m [36mreq[0m=[35m8fee5b5b[0m
[2m11:06:47[0m [[32m[1minfo     [0m] [1mrequest_finished                        [0m [36mduration[0m=[35m0.034[0m [36mmethod[0m=[35mGET[0m [36mpath[0m=[35m/api/v1/challenges/be712869-fa80-4114-8d3a-607c26e721a3[0m [36mreq[0m=[35m8fee5b5b[0m [36mrequest_id[0m=[35m8fee5b5b-a22a-43de-ba1f-c9c078304adf[0m [36mstatus[0m=[35m200[0m
[2m11:06:52[0m [[32m[1minfo     [0m] [1mGetting challenge status: id=be712869-fa80-4114-8d3a-607c26e721a3[0m [36mreq[0m=[35mf250e76c[0m
[2m11:06:52[0m [[32m[1minfo     [0m] [1mrequest_finished                        [0m [36mduration[0m=[35m0.007[0m [36mmethod[0m=[35mGET[0m [36mpath[0m=[35m/api/v1/challenges/be712869-fa80-4114-8d3a-607c26e721a3[0m [36mreq[0m=[35mf250e76c[0m [36mrequest_id[0m=[35mf250e76c-b4da-44d0-8c97-be4c03205474[0m [36mstatus[0m=[35m200[0m
[2m11:06:57[0m [[32m[1minfo     [0m] [1mGetting challenge status: id=be712869-fa80-4114-8d3a-607c26e721a3[0m [36mreq[0m=[35m92f77d7b[0m
[2m11:06:57[0m [[32m[1minfo     [0m] [1mrequest_finished                        [0m [36mduration[0m=[35m0.012[0m [36mmethod[0m=[35mGET[0m [36mpath[0m=[35m/api/v1/challenges/be712869-fa80-4114-8d3a-607c26e721a3[0m [36mreq[0m=[35m92f77d7b[0m [36mrequest_id[0m=[35m92f77d7b-1f66-4f43-b388-5a66eaa8bd8f[0m [36mstatus[0m=[35m200[0m
[2m11:07:02[0m [[32m[1minfo     [0m] [1mGetting challenge status: id=be712869-fa80-4114-8d3a-607c26e721a3[0m [36mreq[0m=[35m1be1fc13[0m
[2m11:07:02[0m [[32m[1minfo     [0m] [1mrequest_finished                        [0m [36mduration[0m=[35m0.005[0m [36mmethod[0m=[35mGET[0m [36mpath[0m=[35m/api/v1/challenges/be712869-fa80-4114-8d3a-607c26e721a3[0m [36mreq[0m=[35m1be1fc13[0m [36mrequest_id[0m=[35m1be1fc13-87d6-4eea-9cf6-a947582ac39c[0m [36mstatus[0m=[35m200[0m
[2m11:07:07[0m [[32m[1minfo     [0m] [1mGetting challenge status: id=be712869-fa80-4114-8d3a-607c26e721a3[0m [36mreq[0m=[35mf598e439[0m
[2m11:07:07[0m [[32m[1minfo     [0m] [1mrequest_finished                        [0m [36mduration[0m=[35m0.049[0m [36mmethod[0m=[35mGET[0m [36mpath[0m=[35m/api/v1/challenges/be712869-fa80-4114-8d3a-607c26e721a3[0m [36mreq[0m=[35mf598e439[0m [36mrequest_id[0m=[35mf598e439-0974-45b0-be61-1323edc42381[0m [36mstatus[0m=[35m200[0m
[2m11:07:12[0m [[32m[1minfo     [0m] [1mGetting challenge status: id=be712869-fa80-4114-8d3a-607c26e721a3[0m [36mreq[0m=[35m388a4320[0m
[2m11:07:12[0m [[32m[1minfo     [0m] [1mrequest_finished                        [0m [36mduration[0m=[35m0.015[0m [36mmethod[0m=[35mGET[0m [36mpath[0m=[35m/api/v1/challenges/be712869-fa80-4114-8d3a-607c26e721a3[0m [36mreq[0m=[35m388a4320[0m [36mrequest_id[0m=[35m388a4320-49c1-4481-bca7-222c86f6e846[0m [36mstatus[0m=[35m200[0m
[2m11:07:17[0m [[32m[1minfo     [0m] [1mGetting challenge status: id=be712869-fa80-4114-8d3a-607c26e721a3[0m [36mreq[0m=[35m118adaeb[0m
[2m11:07:17[0m [[32m[1minfo     [0m] [1mrequest_finished                        [0m [36mduration[0m=[35m0.038[0m [36mmethod[0m=[35mGET[0m [36mpath[0m=[35m/api/v1/challenges/be712869-fa80-4114-8d3a-607c26e721a3[0m [36mreq[0m=[35m118adaeb[0m [36mrequest_id[0m=[35m118adaeb-b155-4d15-8908-376f4264e49c[0m [36mstatus[0m=[35m200[0m
[2m11:07:22[0m [[32m[1minfo     [0m] [1mGetting challenge status: id=be712869-fa80-4114-8d3a-607c26e721a3[0m [36mreq[0m=[35m80abaa74[0m
[2m11:07:22[0m [[32m[1minfo     [0m] [1mrequest_finished                        [0m [36mduration[0m=[35m0.007[0m [36mmethod[0m=[35mGET[0m [36mpath[0m=[35m/api/v1/challenges/be712869-fa80-4114-8d3a-607c26e721a3[0m [36mreq[0m=[35m80abaa74[0m [36mrequest_id[0m=[35m80abaa74-a856-4f47-bf4f-c5cb751a2e1c[0m [36mstatus[0m=[35m200[0m
[2m11:07:27[0m [[32m[1minfo     [0m] [1mGetting challenge status: id=be712869-fa80-4114-8d3a-607c26e721a3[0m [36mreq[0m=[35m20c89790[0m
[2m11:07:27[0m [[32m[1minfo     [0m] [1mrequest_finished                        [0m [36mduration[0m=[35m0.007[0m [36mmethod[0m=[35mGET[0m [36mpath[0m=[35m/api/v1/challenges/be712869-fa80-4114-8d3a-607c26e721a3[0m [36mreq[0m=[35m20c89790[0m [36mrequest_id[0m=[35m20c89790-9b42-48f8-90fb-2e7810948025[0m [36mstatus[0m=[35m200[0m
[2m11:07:32[0m [[32m[1minfo     [0m] [1mGetting challenge status: id=be712869-fa80-4114-8d3a-607c26e721a3[0m [36mreq[0m=[35m0f802ffb[0m
[2m11:07:32[0m [[32m[1minfo     [0m] [1mrequest_finished                        [0m [36mduration[0m=[35m0.007[0m [36mmethod[0m=[35mGET[0m [36mpath[0m=[35m/api/v1/challenges/be712869-fa80-4114-8d3a-607c26e721a3[0m [36mreq[0m=[35m0f802ffb[0m [36mrequest_id[0m=[35m0f802ffb-4944-4a7a-9220-53e83dbc601c[0m [36mstatus[0m=[35m200[0m
[2m11:07:37[0m [[32m[1minfo     [0m] [1mGetting challenge status: id=be712869-fa80-4114-8d3a-607c26e721a3[0m [36mreq[0m=[35m62c8e2e2[0m
[2m11:07:37[0m [[32m[1minfo     [0m] [1mrequest_finished                        [0m [36mduration[0m=[35m0.004[0m [36mmethod[0m=[35mGET[0m [36mpath[0m=[35m/api/v1/challenges/be712869-fa80-4114-8d3a-607c26e721a3[0m [36mreq[0m=[35m62c8e2e2[0m [36mrequest_id[0m=[35m62c8e2e2-eff2-40e4-b881-96f44e1127f8[0m [36mstatus[0m=[35m200[0m
[2m11:07:42[0m [[32m[1minfo     [0m] [1mGetting challenge status: id=be712869-fa80-4114-8d3a-607c26e721a3[0m [36mreq[0m=[35m74c69a12[0m
[2m11:07:42[0m [[32m[1minfo     [0m] [1mrequest_finished                        [0m [36mduration[0m=[35m0.007[0m [36mmethod[0m=[35mGET[0m [36mpath[0m=[35m/api/v1/challenges/be712869-fa80-4114-8d3a-607c26e721a3[0m [36mreq[0m=[35m74c69a12[0m [36mrequest_id[0m=[35m74c69a12-ac38-4baa-a021-f213ace3316b[0m [36mstatus[0m=[35m200[0m
[2m11:07:47[0m [[32m[1minfo     [0m] [1mGetting challenge status: id=be712869-fa80-4114-8d3a-607c26e721a3[0m [36mreq[0m=[35m991c5ecf[0m
[2m11:07:47[0m [[32m[1minfo     [0m] [1mrequest_finished                        [0m [36mduration[0m=[35m0.03[0m [36mmethod[0m=[35mGET[0m [36mpath[0m=[35m/api/v1/challenges/be712869-fa80-4114-8d3a-607c26e721a3[0m [36mreq[0m=[35m991c5ecf[0m [36mrequest_id[0m=[35m991c5ecf-a528-4a91-b7d5-3ecc580aca88[0m [36mstatus[0m=[35m200[0m
[2m11:07:52[0m [[32m[1minfo     [0m] [1mGetting challenge status: id=be712869-fa80-4114-8d3a-607c26e721a3[0m [36mreq[0m=[35m34e6ae27[0m
[2m11:07:52[0m [[32m[1minfo     [0m] [1mrequest_finished                        [0m [36mduration[0m=[35m0.013[0m [36mmethod[0m=[35mGET[0m [36mpath[0m=[35m/api/v1/challenges/be712869-fa80-4114-8d3a-607c26e721a3[0m [36mreq[0m=[35m34e6ae27[0m [36mrequest_id[0m=[35m34e6ae27-975b-4fee-ad26-ecb04dcfb316[0m [36mstatus[0m=[35m200[0m
[2m11:07:57[0m [[32m[1minfo     [0m] [1mGetting challenge status: id=be712869-fa80-4114-8d3a-607c26e721a3[0m [36mreq[0m=[35m83b79eef[0m
[2m11:07:57[0m [[32m[1minfo     [0m] [1mrequest_finished                        [0m [36mduration[0m=[35m0.004[0m [36mmethod[0m=[35mGET[0m [36mpath[0m=[35m/api/v1/challenges/be712869-fa80-4114-8d3a-607c26e721a3[0m [36mreq[0m=[35m83b79eef[0m [36mrequest_id[0m=[35m83b79eef-7e3a-465c-a224-c8cb170ac562[0m [36mstatus[0m=[35m200[0m
[2m11:08:02[0m [[32m[1minfo     [0m] [1mGetting challenge status: id=be712869-fa80-4114-8d3a-607c26e721a3[0m [36mreq[0m=[35m5b0e8dac[0m
[2m11:08:02[0m [[32m[1minfo     [0m] [1mrequest_finished                        [0m [36mduration[0m=[35m0.007[0m [36mmethod[0m=[35mGET[0m [36mpath[0m=[35m/api/v1/challenges/be712869-fa80-4114-8d3a-607c26e721a3[0m [36mreq[0m=[35m5b0e8dac[0m [36mrequest_id[0m=[35m5b0e8dac-6a24-40a6-8f24-f52155818f05[0m [36mstatus[0m=[35m200[0m
[2m11:08:07[0m [[32m[1minfo     [0m] [1mGetting challenge status: id=be712869-fa80-4114-8d3a-607c26e721a3[0m [36mreq[0m=[35ma8558ef1[0m
[2m11:08:07[0m [[32m[1minfo     [0m] [1mrequest_finished                        [0m [36mduration[0m=[35m0.006[0m [36mmethod[0m=[35mGET[0m [36mpath[0m=[35m/api/v1/challenges/be712869-fa80-4114-8d3a-607c26e721a3[0m [36mreq[0m=[35ma8558ef1[0m [36mrequest_id[0m=[35ma8558ef1-e1d7-4ce5-9bd9-e99936a42140[0m [36mstatus[0m=[35m200[0m
[2m11:08:12[0m [[32m[1minfo     [0m] [1mGetting challenge status: id=be712869-fa80-4114-8d3a-607c26e721a3[0m [36mreq[0m=[35mc6b813d9[0m
[2m11:08:12[0m [[32m[1minfo     [0m] [1mrequest_finished                        [0m [36mduration[0m=[35m0.024[0m [36mmethod[0m=[35mGET[0m [36mpath[0m=[35m/api/v1/challenges/be712869-fa80-4114-8d3a-607c26e721a3[0m [36mreq[0m=[35mc6b813d9[0m [36mrequest_id[0m=[35mc6b813d9-f841-4b4e-a8d7-fa5efed4a0e4[0m [36mstatus[0m=[35m200[0m
[2m11:08:17[0m [[32m[1minfo     [0m] [1mGetting challenge status: id=be712869-fa80-4114-8d3a-607c26e721a3[0m [36mreq[0m=[35ma646af8c[0m
[2m11:08:17[0m [[32m[1minfo     [0m] [1mrequest_finished                        [0m [36mduration[0m=[35m0.006[0m [36mmethod[0m=[35mGET[0m [36mpath[0m=[35m/api/v1/challenges/be712869-fa80-4114-8d3a-607c26e721a3[0m [36mreq[0m=[35ma646af8c[0m [36mrequest_id[0m=[35ma646af8c-6f3b-4744-98ec-b92c1c0202ea[0m [36mstatus[0m=[35m200[0m
[2m11:08:22[0m [[32m[1minfo     [0m] [1mGetting challenge status: id=be712869-fa80-4114-8d3a-607c26e721a3[0m [36mreq[0m=[35m3c54796b[0m
[2m11:08:22[0m [[32m[1minfo     [0m] [1mrequest_finished                        [0m [36mduration[0m=[35m0.013[0m [36mmethod[0m=[35mGET[0m [36mpath[0m=[35m/api/v1/challenges/be712869-fa80-4114-8d3a-607c26e721a3[0m [36mreq[0m=[35m3c54796b[0m [36mrequest_id[0m=[35m3c54796b-31b4-4475-8e83-3c3e1cd3f4aa[0m [36mstatus[0m=[35m200[0m
[2m11:08:27[0m [[32m[1minfo     [0m] [1mGetting challenge status: id=be712869-fa80-4114-8d3a-607c26e721a3[0m [36mreq[0m=[35m25c5a326[0m
[2m11:08:27[0m [[32m[1minfo     [0m] [1mrequest_finished                        [0m [36mduration[0m=[35m0.018[0m [36mmethod[0m=[35mGET[0m [36mpath[0m=[35m/api/v1/challenges/be712869-fa80-4114-8d3a-607c26e721a3[0m [36mreq[0m=[35m25c5a326[0m [36mrequest_id[0m=[35m25c5a326-9feb-4686-ab64-e06a34dcc903[0m [36mstatus[0m=[35m200[0m
[2m11:08:29[0m [[32m[1minfo     [0m] [1mSkill test passed on iteration 3        [0m [36mreq[0m=[35m672e58da[0m
[2m11:08:29[0m [[32m[1minfo     [0m] [1mRunning semantic validation...          [0m [36mreq[0m=[35m672e58da[0m
[2m11:08:29[0m [[32m[1minfo     [0m] [1mSemantic validation: passed=True, score=1.00, type_match=True[0m [36mreq[0m=[35m672e58da[0m
[2m11:08:29[0m [[32m[1minfo     [0m] [1mSemantic validation passed: score=1.00  [0m [36mreq[0m=[35m672e58da[0m
[2m11:08:30[0m [[32m[1minfo     [0m] [1mRecorded build attempt: capability=audio transcription, success=True, error_type=None[0m [36mreq[0m=[35m672e58da[0m
[2m11:08:30[0m [[32m[1minfo     [0m] [1mPersisting skill: skill_audio_transcription[0m [36mreq[0m=[35m672e58da[0m
[2m11:08:30[0m [[32m[1minfo     [0m] [1mUpdated existing skill: f10a5c58-d42c-4f0d-b45c-8cd7cf37979d[0m [36mreq[0m=[35m672e58da[0m
[2m11:08:32[0m [[32m[1minfo     [0m] [1mGetting challenge status: id=be712869-fa80-4114-8d3a-607c26e721a3[0m [36mreq[0m=[35m6768bb98[0m
[2m11:08:32[0m [[32m[1minfo     [0m] [1mrequest_finished                        [0m [36mduration[0m=[35m0.007[0m [36mmethod[0m=[35mGET[0m [36mpath[0m=[35m/api/v1/challenges/be712869-fa80-4114-8d3a-607c26e721a3[0m [36mreq[0m=[35m6768bb98[0m [36mrequest_id[0m=[35m6768bb98-22c2-4bf3-b43f-8f05737fcea1[0m [36mstatus[0m=[35m200[0m
[2m11:08:37[0m [[32m[1minfo     [0m] [1mSuccessfully built skill: f10a5c58-d42c-4f0d-b45c-8cd7cf37979d[0m [36mreq[0m=[35m672e58da[0m
[2m11:08:37[0m [[32m[1minfo     [0m] [1mUsing new skill to process: /Users/patrick/Documents/Uni/master_project/backend/app/api/v1/endpoints/../../../uploads/a4ccef65-c01c-4f2f-b65b-4fe641994d87.opus[0m [36mreq[0m=[35m672e58da[0m
[2m11:08:37[0m [[32m[1minfo     [0m] [1mStarting sandbox execution: pip=['openai-whisper'], apt=['ffmpeg'], input_files=['a4ccef65-c01c-4f2f-b65b-4fe641994d87.opus'][0m [36mreq[0m=[35m672e58da[0m
[2m11:08:37[0m [[32m[1minfo     [0m] [1mDocker client connected successfully    [0m [36mreq[0m=[35m672e58da[0m
[2m11:08:38[0m [[32m[1minfo     [0m] [1mGetting challenge status: id=be712869-fa80-4114-8d3a-607c26e721a3[0m [36mreq[0m=[35m963cb176[0m
[2m11:08:38[0m [[32m[1minfo     [0m] [1mrequest_finished                        [0m [36mduration[0m=[35m0.017[0m [36mmethod[0m=[35mGET[0m [36mpath[0m=[35m/api/v1/challenges/be712869-fa80-4114-8d3a-607c26e721a3[0m [36mreq[0m=[35m963cb176[0m [36mrequest_id[0m=[35m963cb176-b734-4a9a-b08c-87991eac9dda[0m [36mstatus[0m=[35m200[0m
[2m11:08:38[0m [[32m[1minfo     [0m] [1mInstalling system packages: ffmpeg      [0m [36mreq[0m=[35m672e58da[0m
[2m11:08:43[0m [[32m[1minfo     [0m] [1mGetting challenge status: id=be712869-fa80-4114-8d3a-607c26e721a3[0m [36mreq[0m=[35mca02d1b6[0m
[2m11:08:43[0m [[32m[1minfo     [0m] [1mrequest_finished                        [0m [36mduration[0m=[35m0.018[0m [36mmethod[0m=[35mGET[0m [36mpath[0m=[35m/api/v1/challenges/be712869-fa80-4114-8d3a-607c26e721a3[0m [36mreq[0m=[35mca02d1b6[0m [36mrequest_id[0m=[35mca02d1b6-349b-459f-84fe-d6524dda58f6[0m [36mstatus[0m=[35m200[0m
[2m11:08:48[0m [[32m[1minfo     [0m] [1mGetting challenge status: id=be712869-fa80-4114-8d3a-607c26e721a3[0m [36mreq[0m=[35mb0566161[0m
[2m11:08:48[0m [[32m[1minfo     [0m] [1mrequest_finished                        [0m [36mduration[0m=[35m0.021[0m [36mmethod[0m=[35mGET[0m [36mpath[0m=[35m/api/v1/challenges/be712869-fa80-4114-8d3a-607c26e721a3[0m [36mreq[0m=[35mb0566161[0m [36mrequest_id[0m=[35mb0566161-21fa-41be-9ac8-a293a9723004[0m [36mstatus[0m=[35m200[0m
[2m11:08:53[0m [[32m[1minfo     [0m] [1mGetting challenge status: id=be712869-fa80-4114-8d3a-607c26e721a3[0m [36mreq[0m=[35m38f6f1bc[0m
[2m11:08:53[0m [[32m[1minfo     [0m] [1mrequest_finished                        [0m [36mduration[0m=[35m0.056[0m [36mmethod[0m=[35mGET[0m [36mpath[0m=[35m/api/v1/challenges/be712869-fa80-4114-8d3a-607c26e721a3[0m [36mreq[0m=[35m38f6f1bc[0m [36mrequest_id[0m=[35m38f6f1bc-5a57-4717-b97f-3f0d9444dc49[0m [36mstatus[0m=[35m200[0m
[2m11:08:58[0m [[32m[1minfo     [0m] [1mGetting challenge status: id=be712869-fa80-4114-8d3a-607c26e721a3[0m [36mreq[0m=[35mfff8e82c[0m
[2m11:08:58[0m [[32m[1minfo     [0m] [1mrequest_finished                        [0m [36mduration[0m=[35m0.03[0m [36mmethod[0m=[35mGET[0m [36mpath[0m=[35m/api/v1/challenges/be712869-fa80-4114-8d3a-607c26e721a3[0m [36mreq[0m=[35mfff8e82c[0m [36mrequest_id[0m=[35mfff8e82c-f029-41cc-aed2-3bfcdb2f1fdc[0m [36mstatus[0m=[35m200[0m
[2m11:09:03[0m [[32m[1minfo     [0m] [1mGetting challenge status: id=be712869-fa80-4114-8d3a-607c26e721a3[0m [36mreq[0m=[35ma6b05492[0m
[2m11:09:03[0m [[32m[1minfo     [0m] [1mrequest_finished                        [0m [36mduration[0m=[35m0.011[0m [36mmethod[0m=[35mGET[0m [36mpath[0m=[35m/api/v1/challenges/be712869-fa80-4114-8d3a-607c26e721a3[0m [36mreq[0m=[35ma6b05492[0m [36mrequest_id[0m=[35ma6b05492-6b14-4105-a62b-db04c5040859[0m [36mstatus[0m=[35m200[0m
[2m11:09:08[0m [[32m[1minfo     [0m] [1mGetting challenge status: id=be712869-fa80-4114-8d3a-607c26e721a3[0m [36mreq[0m=[35m32a3af1f[0m
[2m11:09:08[0m [[32m[1minfo     [0m] [1mrequest_finished                        [0m [36mduration[0m=[35m0.021[0m [36mmethod[0m=[35mGET[0m [36mpath[0m=[35m/api/v1/challenges/be712869-fa80-4114-8d3a-607c26e721a3[0m [36mreq[0m=[35m32a3af1f[0m [36mrequest_id[0m=[35m32a3af1f-7623-404e-af1c-09ad337fba8c[0m [36mstatus[0m=[35m200[0m
[2m11:09:13[0m [[32m[1minfo     [0m] [1mGetting challenge status: id=be712869-fa80-4114-8d3a-607c26e721a3[0m [36mreq[0m=[35mec961e7c[0m
[2m11:09:13[0m [[32m[1minfo     [0m] [1mrequest_finished                        [0m [36mduration[0m=[35m0.021[0m [36mmethod[0m=[35mGET[0m [36mpath[0m=[35m/api/v1/challenges/be712869-fa80-4114-8d3a-607c26e721a3[0m [36mreq[0m=[35mec961e7c[0m [36mrequest_id[0m=[35mec961e7c-ad9e-4e24-867f-ab2138f63308[0m [36mstatus[0m=[35m200[0m
[2m11:09:18[0m [[32m[1minfo     [0m] [1mGetting challenge status: id=be712869-fa80-4114-8d3a-607c26e721a3[0m [36mreq[0m=[35me9e4af47[0m
[2m11:09:18[0m [[32m[1minfo     [0m] [1mrequest_finished                        [0m [36mduration[0m=[35m0.009[0m [36mmethod[0m=[35mGET[0m [36mpath[0m=[35m/api/v1/challenges/be712869-fa80-4114-8d3a-607c26e721a3[0m [36mreq[0m=[35me9e4af47[0m [36mrequest_id[0m=[35me9e4af47-762a-4076-b0ee-af593939f149[0m [36mstatus[0m=[35m200[0m
[2m11:09:23[0m [[32m[1minfo     [0m] [1mGetting challenge status: id=be712869-fa80-4114-8d3a-607c26e721a3[0m [36mreq[0m=[35m99cc3e98[0m
[2m11:09:23[0m [[32m[1minfo     [0m] [1mrequest_finished                        [0m [36mduration[0m=[35m0.026[0m [36mmethod[0m=[35mGET[0m [36mpath[0m=[35m/api/v1/challenges/be712869-fa80-4114-8d3a-607c26e721a3[0m [36mreq[0m=[35m99cc3e98[0m [36mrequest_id[0m=[35m99cc3e98-05f0-4c12-8e38-426dda3a2f2b[0m [36mstatus[0m=[35m200[0m
[2m11:09:28[0m [[32m[1minfo     [0m] [1mGetting challenge status: id=be712869-fa80-4114-8d3a-607c26e721a3[0m [36mreq[0m=[35mb117a3f1[0m
[2m11:09:28[0m [[32m[1minfo     [0m] [1mrequest_finished                        [0m [36mduration[0m=[35m0.026[0m [36mmethod[0m=[35mGET[0m [36mpath[0m=[35m/api/v1/challenges/be712869-fa80-4114-8d3a-607c26e721a3[0m [36mreq[0m=[35mb117a3f1[0m [36mrequest_id[0m=[35mb117a3f1-d40b-44d9-a048-89f99d8037bf[0m [36mstatus[0m=[35m200[0m
[2m11:09:33[0m [[32m[1minfo     [0m] [1mGetting challenge status: id=be712869-fa80-4114-8d3a-607c26e721a3[0m [36mreq[0m=[35mdad855f3[0m
[2m11:09:33[0m [[32m[1minfo     [0m] [1mrequest_finished                        [0m [36mduration[0m=[35m0.042[0m [36mmethod[0m=[35mGET[0m [36mpath[0m=[35m/api/v1/challenges/be712869-fa80-4114-8d3a-607c26e721a3[0m [36mreq[0m=[35mdad855f3[0m [36mrequest_id[0m=[35mdad855f3-68cd-414a-9f05-1663ae97cca9[0m [36mstatus[0m=[35m200[0m
[2m11:09:38[0m [[32m[1minfo     [0m] [1mGetting challenge status: id=be712869-fa80-4114-8d3a-607c26e721a3[0m [36mreq[0m=[35m678636c6[0m
[2m11:09:38[0m [[32m[1minfo     [0m] [1mrequest_finished                        [0m [36mduration[0m=[35m0.024[0m [36mmethod[0m=[35mGET[0m [36mpath[0m=[35m/api/v1/challenges/be712869-fa80-4114-8d3a-607c26e721a3[0m [36mreq[0m=[35m678636c6[0m [36mrequest_id[0m=[35m678636c6-720e-41c9-a4b3-ca523745f3a4[0m [36mstatus[0m=[35m200[0m
[2m11:09:39[0m [[32m[1minfo     [0m] [1mSystem packages installed successfully: ffmpeg[0m [36mreq[0m=[35m672e58da[0m
[2m11:09:39[0m [[32m[1minfo     [0m] [1mInstalling pip packages: "openai-whisper"[0m [36mreq[0m=[35m672e58da[0m
[2m11:09:43[0m [[32m[1minfo     [0m] [1mGetting challenge status: id=be712869-fa80-4114-8d3a-607c26e721a3[0m [36mreq[0m=[35m9a935a48[0m
[2m11:09:43[0m [[32m[1minfo     [0m] [1mrequest_finished                        [0m [36mduration[0m=[35m0.024[0m [36mmethod[0m=[35mGET[0m [36mpath[0m=[35m/api/v1/challenges/be712869-fa80-4114-8d3a-607c26e721a3[0m [36mreq[0m=[35m9a935a48[0m [36mrequest_id[0m=[35m9a935a48-e6c7-4c3d-ac85-230ffc1a4f7e[0m [36mstatus[0m=[35m200[0m
[2m11:09:49[0m [[32m[1minfo     [0m] [1mGetting challenge status: id=be712869-fa80-4114-8d3a-607c26e721a3[0m [36mreq[0m=[35mf98765eb[0m
[2m11:09:49[0m [[32m[1minfo     [0m] [1mrequest_finished                        [0m [36mduration[0m=[35m0.11[0m [36mmethod[0m=[35mGET[0m [36mpath[0m=[35m/api/v1/challenges/be712869-fa80-4114-8d3a-607c26e721a3[0m [36mreq[0m=[35mf98765eb[0m [36mrequest_id[0m=[35mf98765eb-6547-4bce-8e70-4c31cec73ed2[0m [36mstatus[0m=[35m200[0m
[2m11:09:54[0m [[32m[1minfo     [0m] [1mGetting challenge status: id=be712869-fa80-4114-8d3a-607c26e721a3[0m [36mreq[0m=[35m5a1d1191[0m
[2m11:09:54[0m [[32m[1minfo     [0m] [1mrequest_finished                        [0m [36mduration[0m=[35m0.093[0m [36mmethod[0m=[35mGET[0m [36mpath[0m=[35m/api/v1/challenges/be712869-fa80-4114-8d3a-607c26e721a3[0m [36mreq[0m=[35m5a1d1191[0m [36mrequest_id[0m=[35m5a1d1191-223f-40d2-b2e6-23ec59b34b08[0m [36mstatus[0m=[35m200[0m
[2m11:09:59[0m [[32m[1minfo     [0m] [1mGetting challenge status: id=be712869-fa80-4114-8d3a-607c26e721a3[0m [36mreq[0m=[35m55692697[0m
[2m11:09:59[0m [[32m[1minfo     [0m] [1mrequest_finished                        [0m [36mduration[0m=[35m0.105[0m [36mmethod[0m=[35mGET[0m [36mpath[0m=[35m/api/v1/challenges/be712869-fa80-4114-8d3a-607c26e721a3[0m [36mreq[0m=[35m55692697[0m [36mrequest_id[0m=[35m55692697-4608-4852-bec1-9ebe4bc0dc25[0m [36mstatus[0m=[35m200[0m
[2m11:10:04[0m [[32m[1minfo     [0m] [1mGetting challenge status: id=be712869-fa80-4114-8d3a-607c26e721a3[0m [36mreq[0m=[35m15a4f71b[0m
[2m11:10:04[0m [[32m[1minfo     [0m] [1mrequest_finished                        [0m [36mduration[0m=[35m0.094[0m [36mmethod[0m=[35mGET[0m [36mpath[0m=[35m/api/v1/challenges/be712869-fa80-4114-8d3a-607c26e721a3[0m [36mreq[0m=[35m15a4f71b[0m [36mrequest_id[0m=[35m15a4f71b-fba6-44e8-a102-bb1fe78d41d4[0m [36mstatus[0m=[35m200[0m
[2m11:10:09[0m [[32m[1minfo     [0m] [1mGetting challenge status: id=be712869-fa80-4114-8d3a-607c26e721a3[0m [36mreq[0m=[35mfc9af41a[0m
[2m11:10:09[0m [[32m[1minfo     [0m] [1mrequest_finished                        [0m [36mduration[0m=[35m0.074[0m [36mmethod[0m=[35mGET[0m [36mpath[0m=[35m/api/v1/challenges/be712869-fa80-4114-8d3a-607c26e721a3[0m [36mreq[0m=[35mfc9af41a[0m [36mrequest_id[0m=[35mfc9af41a-7c00-4de4-b809-261395fb7284[0m [36mstatus[0m=[35m200[0m
[2m11:10:14[0m [[32m[1minfo     [0m] [1mGetting challenge status: id=be712869-fa80-4114-8d3a-607c26e721a3[0m [36mreq[0m=[35m8563f1f1[0m
[2m11:10:15[0m [[32m[1minfo     [0m] [1mrequest_finished                        [0m [36mduration[0m=[35m0.08[0m [36mmethod[0m=[35mGET[0m [36mpath[0m=[35m/api/v1/challenges/be712869-fa80-4114-8d3a-607c26e721a3[0m [36mreq[0m=[35m8563f1f1[0m [36mrequest_id[0m=[35m8563f1f1-b590-4e74-8f5f-5d8eb78e9e72[0m [36mstatus[0m=[35m200[0m
[2m11:10:20[0m [[32m[1minfo     [0m] [1mGetting challenge status: id=be712869-fa80-4114-8d3a-607c26e721a3[0m [36mreq[0m=[35m072d8be8[0m
[2m11:10:20[0m [[32m[1minfo     [0m] [1mrequest_finished                        [0m [36mduration[0m=[35m0.022[0m [36mmethod[0m=[35mGET[0m [36mpath[0m=[35m/api/v1/challenges/be712869-fa80-4114-8d3a-607c26e721a3[0m [36mreq[0m=[35m072d8be8[0m [36mrequest_id[0m=[35m072d8be8-2f5b-4156-9871-4ced31a46f4a[0m [36mstatus[0m=[35m200[0m
[2m11:10:25[0m [[32m[1minfo     [0m] [1mGetting challenge status: id=be712869-fa80-4114-8d3a-607c26e721a3[0m [36mreq[0m=[35mb7ab293e[0m
[2m11:10:25[0m [[32m[1minfo     [0m] [1mrequest_finished                        [0m [36mduration[0m=[35m0.042[0m [36mmethod[0m=[35mGET[0m [36mpath[0m=[35m/api/v1/challenges/be712869-fa80-4114-8d3a-607c26e721a3[0m [36mreq[0m=[35mb7ab293e[0m [36mrequest_id[0m=[35mb7ab293e-b824-43d4-a7f6-7e4a7264ffc3[0m [36mstatus[0m=[35m200[0m
[2m11:10:25[0m [[32m[1minfo     [0m] [1mFile upload: begehung_maengel_20251022.opus, size=306911, type=audio/opus[0m [36mreq[0m=[35m899b2cc0[0m
[2m11:10:25[0m [[32m[1minfo     [0m] [1mSaved binary file to: /Users/patrick/Documents/Uni/master_project/backend/app/api/v1/endpoints/../../../uploads/31a14ffa-b11c-407a-9c8d-fbde2116a0a8.opus[0m [36mreq[0m=[35m899b2cc0[0m
[2m11:10:25[0m [[32m[1minfo     [0m] [1mAudio transcription skill available: skill_audio_transcription — will transcribe in background[0m [36mreq[0m=[35m899b2cc0[0m
[2m11:10:25[0m [[32m[1minfo     [0m] [1mFile upload: begehung_maengel_20251022.opus -> challenge_id=500cc37f-264f-4740-8c68-13c2374609fb, gaps=0, route=execute[0m [36mreq[0m=[35m899b2cc0[0m
[2m11:10:25[0m [[32m[1minfo     [0m] [1mrequest_finished                        [0m [36mduration[0m=[35m0.078[0m [36mmethod[0m=[35mPOST[0m [36mpath[0m=[35m/api/v1/challenges/upload[0m [36mreq[0m=[35m899b2cc0[0m [36mrequest_id[0m=[35m899b2cc0-6d36-45a0-8aea-f4f68a4f30d0[0m [36mstatus[0m=[35m200[0m
[2m11:10:25[0m [[32m[1minfo     [0m] [1mExecuting challenge: id=500cc37f-264f-4740-8c68-13c2374609fb[0m [36mreq[0m=[35mde715afc[0m
[2m11:10:25[0m [[32m[1minfo     [0m] [1mrequest_finished                        [0m [36mduration[0m=[35m0.014[0m [36mmethod[0m=[35mPOST[0m [36mpath[0m=[35m/api/v1/challenges/500cc37f-264f-4740-8c68-13c2374609fb/execute[0m [36mreq[0m=[35mde715afc[0m [36mrequest_id[0m=[35mde715afc-87b1-4bbf-ae65-90e83a5a993c[0m [36mstatus[0m=[35m200[0m
[2m11:10:25[0m [[32m[1minfo     [0m] [1mStarting background execution: challenge_id=500cc37f-264f-4740-8c68-13c2374609fb[0m [36mreq[0m=[35mde715afc[0m
[2m11:10:25[0m [[32m[1minfo     [0m] [1mTranskribiere Audio vor Execution: /Users/patrick/Documents/Uni/master_project/backend/app/api/v1/endpoints/../../../uploads/31a14ffa-b11c-407a-9c8d-fbde2116a0a8.opus mit Skill skill_audio_transcription[0m [36mreq[0m=[35mde715afc[0m
[2m11:10:25[0m [[32m[1minfo     [0m] [1mStarting sandbox execution: pip=['openai-whisper'], apt=['ffmpeg'], input_files=['31a14ffa-b11c-407a-9c8d-fbde2116a0a8.opus'][0m [36mreq[0m=[35mde715afc[0m
[2m11:10:25[0m [[32m[1minfo     [0m] [1mDocker client connected successfully    [0m [36mreq[0m=[35mde715afc[0m
[2m11:10:26[0m [[32m[1minfo     [0m] [1mInstalling system packages: ffmpeg      [0m [36mreq[0m=[35mde715afc[0m
[2m11:10:30[0m [[32m[1minfo     [0m] [1mGetting challenge status: id=500cc37f-264f-4740-8c68-13c2374609fb[0m [36mreq[0m=[35m8700e912[0m
[2m11:10:30[0m [[32m[1minfo     [0m] [1mrequest_finished                        [0m [36mduration[0m=[35m0.08[0m [36mmethod[0m=[35mGET[0m [36mpath[0m=[35m/api/v1/challenges/500cc37f-264f-4740-8c68-13c2374609fb[0m [36mreq[0m=[35m8700e912[0m [36mrequest_id[0m=[35m8700e912-298a-4654-89c5-27b3a4e1f71a[0m [36mstatus[0m=[35m200[0m
[2m11:10:35[0m [[32m[1minfo     [0m] [1mGetting challenge status: id=500cc37f-264f-4740-8c68-13c2374609fb[0m [36mreq[0m=[35m6da3ff39[0m
[2m11:10:35[0m [[32m[1minfo     [0m] [1mrequest_finished                        [0m [36mduration[0m=[35m0.058[0m [36mmethod[0m=[35mGET[0m [36mpath[0m=[35m/api/v1/challenges/500cc37f-264f-4740-8c68-13c2374609fb[0m [36mreq[0m=[35m6da3ff39[0m [36mrequest_id[0m=[35m6da3ff39-2785-43fe-b58b-7783c85ea274[0m [36mstatus[0m=[35m200[0m
[2m11:10:40[0m [[32m[1minfo     [0m] [1mGetting challenge status: id=500cc37f-264f-4740-8c68-13c2374609fb[0m [36mreq[0m=[35m597f2f8e[0m
[2m11:10:40[0m [[32m[1minfo     [0m] [1mrequest_finished                        [0m [36mduration[0m=[35m0.152[0m [36mmethod[0m=[35mGET[0m [36mpath[0m=[35m/api/v1/challenges/500cc37f-264f-4740-8c68-13c2374609fb[0m [36mreq[0m=[35m597f2f8e[0m [36mrequest_id[0m=[35m597f2f8e-5f19-44af-af64-dbe3faaed60e[0m [36mstatus[0m=[35m200[0m
[2m11:10:45[0m [[32m[1minfo     [0m] [1mGetting challenge status: id=500cc37f-264f-4740-8c68-13c2374609fb[0m [36mreq[0m=[35m66b5876c[0m
[2m11:10:45[0m [[32m[1minfo     [0m] [1mrequest_finished                        [0m [36mduration[0m=[35m0.035[0m [36mmethod[0m=[35mGET[0m [36mpath[0m=[35m/api/v1/challenges/500cc37f-264f-4740-8c68-13c2374609fb[0m [36mreq[0m=[35m66b5876c[0m [36mrequest_id[0m=[35m66b5876c-c97a-4c44-8641-6de81c8ba5b2[0m [36mstatus[0m=[35m200[0m
[2m11:10:51[0m [[32m[1minfo     [0m] [1mGetting challenge status: id=500cc37f-264f-4740-8c68-13c2374609fb[0m [36mreq[0m=[35mf68a4432[0m
[2m11:10:51[0m [[32m[1minfo     [0m] [1mrequest_finished                        [0m [36mduration[0m=[35m0.205[0m [36mmethod[0m=[35mGET[0m [36mpath[0m=[35m/api/v1/challenges/500cc37f-264f-4740-8c68-13c2374609fb[0m [36mreq[0m=[35mf68a4432[0m [36mrequest_id[0m=[35mf68a4432-d923-45a6-a123-d0e69850e82e[0m [36mstatus[0m=[35m200[0m
[2m11:10:56[0m [[32m[1minfo     [0m] [1mGetting challenge status: id=500cc37f-264f-4740-8c68-13c2374609fb[0m [36mreq[0m=[35m4589f311[0m
[2m11:10:56[0m [[32m[1minfo     [0m] [1mrequest_finished                        [0m [36mduration[0m=[35m0.164[0m [36mmethod[0m=[35mGET[0m [36mpath[0m=[35m/api/v1/challenges/500cc37f-264f-4740-8c68-13c2374609fb[0m [36mreq[0m=[35m4589f311[0m [36mrequest_id[0m=[35m4589f311-35b2-4910-a8c7-b7d73ac49471[0m [36mstatus[0m=[35m200[0m
[2m11:11:02[0m [[32m[1minfo     [0m] [1mGetting challenge status: id=500cc37f-264f-4740-8c68-13c2374609fb[0m [36mreq[0m=[35mdb04c30c[0m
[2m11:11:02[0m [[32m[1minfo     [0m] [1mrequest_finished                        [0m [36mduration[0m=[35m0.094[0m [36mmethod[0m=[35mGET[0m [36mpath[0m=[35m/api/v1/challenges/500cc37f-264f-4740-8c68-13c2374609fb[0m [36mreq[0m=[35mdb04c30c[0m [36mrequest_id[0m=[35mdb04c30c-9f29-4e9e-8db5-4571d8b1ecd5[0m [36mstatus[0m=[35m200[0m
[2m11:11:07[0m [[32m[1minfo     [0m] [1mGetting challenge status: id=500cc37f-264f-4740-8c68-13c2374609fb[0m [36mreq[0m=[35m3b47fe05[0m
[2m11:11:07[0m [[32m[1minfo     [0m] [1mrequest_finished                        [0m [36mduration[0m=[35m0.09[0m [36mmethod[0m=[35mGET[0m [36mpath[0m=[35m/api/v1/challenges/500cc37f-264f-4740-8c68-13c2374609fb[0m [36mreq[0m=[35m3b47fe05[0m [36mrequest_id[0m=[35m3b47fe05-cf15-4ffe-a14e-a66178ead119[0m [36mstatus[0m=[35m200[0m
[2m11:11:12[0m [[32m[1minfo     [0m] [1mGetting challenge status: id=500cc37f-264f-4740-8c68-13c2374609fb[0m [36mreq[0m=[35m2526fb21[0m
[2m11:11:12[0m [[32m[1minfo     [0m] [1mrequest_finished                        [0m [36mduration[0m=[35m0.099[0m [36mmethod[0m=[35mGET[0m [36mpath[0m=[35m/api/v1/challenges/500cc37f-264f-4740-8c68-13c2374609fb[0m [36mreq[0m=[35m2526fb21[0m [36mrequest_id[0m=[35m2526fb21-1186-4f9b-bf45-ac17daf40f78[0m [36mstatus[0m=[35m200[0m
[2m11:11:18[0m [[32m[1minfo     [0m] [1mGetting challenge status: id=500cc37f-264f-4740-8c68-13c2374609fb[0m [36mreq[0m=[35m4cbf305a[0m
[2m11:11:18[0m [[32m[1minfo     [0m] [1mrequest_finished                        [0m [36mduration[0m=[35m0.096[0m [36mmethod[0m=[35mGET[0m [36mpath[0m=[35m/api/v1/challenges/500cc37f-264f-4740-8c68-13c2374609fb[0m [36mreq[0m=[35m4cbf305a[0m [36mrequest_id[0m=[35m4cbf305a-6e55-4a6d-8478-5e3475383917[0m [36mstatus[0m=[35m200[0m
[2m11:11:23[0m [[32m[1minfo     [0m] [1mGetting challenge status: id=500cc37f-264f-4740-8c68-13c2374609fb[0m [36mreq[0m=[35md715657a[0m
[2m11:11:23[0m [[32m[1minfo     [0m] [1mrequest_finished                        [0m [36mduration[0m=[35m0.011[0m [36mmethod[0m=[35mGET[0m [36mpath[0m=[35m/api/v1/challenges/500cc37f-264f-4740-8c68-13c2374609fb[0m [36mreq[0m=[35md715657a[0m [36mrequest_id[0m=[35md715657a-5e82-4565-a93c-15527d260adf[0m [36mstatus[0m=[35m200[0m
[2m11:11:28[0m [[32m[1minfo     [0m] [1mGetting challenge status: id=500cc37f-264f-4740-8c68-13c2374609fb[0m [36mreq[0m=[35ma91df4e3[0m
[2m11:11:28[0m [[32m[1minfo     [0m] [1mrequest_finished                        [0m [36mduration[0m=[35m0.041[0m [36mmethod[0m=[35mGET[0m [36mpath[0m=[35m/api/v1/challenges/500cc37f-264f-4740-8c68-13c2374609fb[0m [36mreq[0m=[35ma91df4e3[0m [36mrequest_id[0m=[35ma91df4e3-a924-445b-ba01-01f968e779a3[0m [36mstatus[0m=[35m200[0m
[2m11:11:32[0m [[32m[1minfo     [0m] [1mPip packages installed successfully     [0m [36mreq[0m=[35m672e58da[0m
[2m11:11:33[0m [[32m[1minfo     [0m] [1mGetting challenge status: id=500cc37f-264f-4740-8c68-13c2374609fb[0m [36mreq[0m=[35m0130be12[0m
[2m11:11:33[0m [[32m[1minfo     [0m] [1mrequest_finished                        [0m [36mduration[0m=[35m0.048[0m [36mmethod[0m=[35mGET[0m [36mpath[0m=[35m/api/v1/challenges/500cc37f-264f-4740-8c68-13c2374609fb[0m [36mreq[0m=[35m0130be12[0m [36mrequest_id[0m=[35m0130be12-a278-40f9-9dab-9b359462d694[0m [36mstatus[0m=[35m200[0m
[2m11:11:38[0m [[32m[1minfo     [0m] [1mGetting challenge status: id=500cc37f-264f-4740-8c68-13c2374609fb[0m [36mreq[0m=[35mdb0564a4[0m
[2m11:11:38[0m [[32m[1minfo     [0m] [1mrequest_finished                        [0m [36mduration[0m=[35m0.029[0m [36mmethod[0m=[35mGET[0m [36mpath[0m=[35m/api/v1/challenges/500cc37f-264f-4740-8c68-13c2374609fb[0m [36mreq[0m=[35mdb0564a4[0m [36mrequest_id[0m=[35mdb0564a4-9f8a-4821-8bd5-525680e073f6[0m [36mstatus[0m=[35m200[0m
[2m11:11:40[0m [[33m[1mwarning  [0m] [1mCode execution failed (exit=1): Traceback (most recent call last):
  File "/workspace/script.py", line 47, in <module>
    _result = execute(_input)
              ^^^^^^^^^^^^^^^
TypeError: execute() takes 0 positional arguments but 1 was given
[0m [36mreq[0m=[35m672e58da[0m
[2m11:11:40[0m [[32m[1minfo     [0m] [1mSandbox execution complete: success=False, time=183177ms, cached=False[0m [36mreq[0m=[35m672e58da[0m
[2m11:11:43[0m [[32m[1minfo     [0m] [1mGetting challenge status: id=500cc37f-264f-4740-8c68-13c2374609fb[0m [36mreq[0m=[35mcbe2c5fd[0m
[2m11:11:43[0m [[32m[1minfo     [0m] [1mrequest_finished                        [0m [36mduration[0m=[35m0.031[0m [36mmethod[0m=[35mGET[0m [36mpath[0m=[35m/api/v1/challenges/500cc37f-264f-4740-8c68-13c2374609fb[0m [36mreq[0m=[35mcbe2c5fd[0m [36mrequest_id[0m=[35mcbe2c5fd-eff4-436e-a00d-a27a62249344[0m [36mstatus[0m=[35m200[0m
[2m11:11:48[0m [[33m[1mwarning  [0m] [1mFile processing failed: Traceback (most recent call last):
  File "/workspace/script.py", line 47, in <module>
    _result = execute(_input)
              ^^^^^^^^^^^^^^^
TypeError: execute() takes 0 positional arguments but 1 was given
[0m [36mreq[0m=[35m672e58da[0m
[2m11:11:48[0m [[32m[1minfo     [0m] [1mAll 1 skills built successfully         [0m [36mreq[0m=[35m672e58da[0m
[2m11:11:48[0m [[32m[1minfo     [0m] [1mSkill building complete: 1 built, 0 failed[0m [36mreq[0m=[35m672e58da[0m
[2m11:11:48[0m [[32m[1minfo     [0m] [1mGetting challenge status: id=500cc37f-264f-4740-8c68-13c2374609fb[0m [36mreq[0m=[35me20ab58a[0m
[2m11:11:48[0m [[32m[1minfo     [0m] [1mrequest_finished                        [0m [36mduration[0m=[35m0.063[0m [36mmethod[0m=[35mGET[0m [36mpath[0m=[35m/api/v1/challenges/500cc37f-264f-4740-8c68-13c2374609fb[0m [36mreq[0m=[35me20ab58a[0m [36mrequest_id[0m=[35me20ab58a-ca13-4d47-a6fd-cf6304af803b[0m [36mstatus[0m=[35m200[0m
[2m11:11:53[0m [[32m[1minfo     [0m] [1mGetting challenge status: id=500cc37f-264f-4740-8c68-13c2374609fb[0m [36mreq[0m=[35m402f315e[0m
[2m11:11:53[0m [[32m[1minfo     [0m] [1mrequest_finished                        [0m [36mduration[0m=[35m0.03[0m [36mmethod[0m=[35mGET[0m [36mpath[0m=[35m/api/v1/challenges/500cc37f-264f-4740-8c68-13c2374609fb[0m [36mreq[0m=[35m402f315e[0m [36mrequest_id[0m=[35m402f315e-eb56-4ffb-90e0-7dfac6faca1e[0m [36mstatus[0m=[35m200[0m
[2m11:11:56[0m [[32m[1minfo     [0m] [1mSystem packages installed successfully: ffmpeg[0m [36mreq[0m=[35mde715afc[0m
[2m11:11:56[0m [[32m[1minfo     [0m] [1mInstalling pip packages: "openai-whisper"[0m [36mreq[0m=[35mde715afc[0m
[2m11:11:58[0m [[32m[1minfo     [0m] [1mGetting challenge status: id=500cc37f-264f-4740-8c68-13c2374609fb[0m [36mreq[0m=[35m67d75f03[0m
[2m11:11:58[0m [[32m[1minfo     [0m] [1mrequest_finished                        [0m [36mduration[0m=[35m0.021[0m [36mmethod[0m=[35mGET[0m [36mpath[0m=[35m/api/v1/challenges/500cc37f-264f-4740-8c68-13c2374609fb[0m [36mreq[0m=[35m67d75f03[0m [36mrequest_id[0m=[35m67d75f03-6d9b-497d-bccf-d49cc91b19ed[0m [36mstatus[0m=[35m200[0m
[2m11:12:03[0m [[32m[1minfo     [0m] [1mGetting challenge status: id=500cc37f-264f-4740-8c68-13c2374609fb[0m [36mreq[0m=[35m81aca711[0m
[2m11:12:03[0m [[32m[1minfo     [0m] [1mrequest_finished                        [0m [36mduration[0m=[35m0.009[0m [36mmethod[0m=[35mGET[0m [36mpath[0m=[35m/api/v1/challenges/500cc37f-264f-4740-8c68-13c2374609fb[0m [36mreq[0m=[35m81aca711[0m [36mrequest_id[0m=[35m81aca711-a3b5-4f42-b3d0-6b8f1ea80ac7[0m [36mstatus[0m=[35m200[0m
[2m11:12:08[0m [[32m[1minfo     [0m] [1mGetting challenge status: id=500cc37f-264f-4740-8c68-13c2374609fb[0m [36mreq[0m=[35m12405768[0m
[2m11:12:08[0m [[32m[1minfo     [0m] [1mrequest_finished                        [0m [36mduration[0m=[35m0.04[0m [36mmethod[0m=[35mGET[0m [36mpath[0m=[35m/api/v1/challenges/500cc37f-264f-4740-8c68-13c2374609fb[0m [36mreq[0m=[35m12405768[0m [36mrequest_id[0m=[35m12405768-584d-4a3d-a0f2-8d82c4309fe6[0m [36mstatus[0m=[35m200[0m
[2m11:12:13[0m [[32m[1minfo     [0m] [1mGetting challenge status: id=500cc37f-264f-4740-8c68-13c2374609fb[0m [36mreq[0m=[35m1b230073[0m
[2m11:12:14[0m [[32m[1minfo     [0m] [1mrequest_finished                        [0m [36mduration[0m=[35m0.147[0m [36mmethod[0m=[35mGET[0m [36mpath[0m=[35m/api/v1/challenges/500cc37f-264f-4740-8c68-13c2374609fb[0m [36mreq[0m=[35m1b230073[0m [36mrequest_id[0m=[35m1b230073-84d7-427d-9d2f-9d4244591b74[0m [36mstatus[0m=[35m200[0m
[2m11:12:19[0m [[32m[1minfo     [0m] [1mGetting challenge status: id=500cc37f-264f-4740-8c68-13c2374609fb[0m [36mreq[0m=[35m588c7b59[0m
[2m11:12:19[0m [[32m[1minfo     [0m] [1mrequest_finished                        [0m [36mduration[0m=[35m0.095[0m [36mmethod[0m=[35mGET[0m [36mpath[0m=[35m/api/v1/challenges/500cc37f-264f-4740-8c68-13c2374609fb[0m [36mreq[0m=[35m588c7b59[0m [36mrequest_id[0m=[35m588c7b59-939a-4dd9-b0d1-7df5dd1e2828[0m [36mstatus[0m=[35m200[0m
[2m11:12:24[0m [[32m[1minfo     [0m] [1mGetting challenge status: id=500cc37f-264f-4740-8c68-13c2374609fb[0m [36mreq[0m=[35ma00f93b4[0m
[2m11:12:24[0m [[32m[1minfo     [0m] [1mrequest_finished                        [0m [36mduration[0m=[35m0.047[0m [36mmethod[0m=[35mGET[0m [36mpath[0m=[35m/api/v1/challenges/500cc37f-264f-4740-8c68-13c2374609fb[0m [36mreq[0m=[35ma00f93b4[0m [36mrequest_id[0m=[35ma00f93b4-16ac-4d70-a0c9-434bb3dbfc5b[0m [36mstatus[0m=[35m200[0m
[2m11:12:29[0m [[32m[1minfo     [0m] [1mGetting challenge status: id=500cc37f-264f-4740-8c68-13c2374609fb[0m [36mreq[0m=[35m0191d90b[0m
[2m11:12:29[0m [[32m[1minfo     [0m] [1mrequest_finished                        [0m [36mduration[0m=[35m0.034[0m [36mmethod[0m=[35mGET[0m [36mpath[0m=[35m/api/v1/challenges/500cc37f-264f-4740-8c68-13c2374609fb[0m [36mreq[0m=[35m0191d90b[0m [36mrequest_id[0m=[35m0191d90b-f1ce-4e3c-b871-6763afd581fd[0m [36mstatus[0m=[35m200[0m
[2m11:12:34[0m [[32m[1minfo     [0m] [1mGetting challenge status: id=500cc37f-264f-4740-8c68-13c2374609fb[0m [36mreq[0m=[35m28c37687[0m
[2m11:12:34[0m [[32m[1minfo     [0m] [1mrequest_finished                        [0m [36mduration[0m=[35m0.049[0m [36mmethod[0m=[35mGET[0m [36mpath[0m=[35m/api/v1/challenges/500cc37f-264f-4740-8c68-13c2374609fb[0m [36mreq[0m=[35m28c37687[0m [36mrequest_id[0m=[35m28c37687-f1c2-410b-aca1-392ed34f2efd[0m [36mstatus[0m=[35m200[0m
[2m11:12:39[0m [[32m[1minfo     [0m] [1mGetting challenge status: id=500cc37f-264f-4740-8c68-13c2374609fb[0m [36mreq[0m=[35mdb6ac93a[0m
[2m11:12:39[0m [[32m[1minfo     [0m] [1mrequest_finished                        [0m [36mduration[0m=[35m0.03[0m [36mmethod[0m=[35mGET[0m [36mpath[0m=[35m/api/v1/challenges/500cc37f-264f-4740-8c68-13c2374609fb[0m [36mreq[0m=[35mdb6ac93a[0m [36mrequest_id[0m=[35mdb6ac93a-1711-414c-ac9a-f09d199d1176[0m [36mstatus[0m=[35m200[0m
[2m11:12:44[0m [[32m[1minfo     [0m] [1mGetting challenge status: id=500cc37f-264f-4740-8c68-13c2374609fb[0m [36mreq[0m=[35madaa943e[0m
[2m11:12:44[0m [[32m[1minfo     [0m] [1mrequest_finished                        [0m [36mduration[0m=[35m0.026[0m [36mmethod[0m=[35mGET[0m [36mpath[0m=[35m/api/v1/challenges/500cc37f-264f-4740-8c68-13c2374609fb[0m [36mreq[0m=[35madaa943e[0m [36mrequest_id[0m=[35madaa943e-4261-4b44-a546-01348b10d0cf[0m [36mstatus[0m=[35m200[0m
[2m11:12:49[0m [[32m[1minfo     [0m] [1mGetting challenge status: id=500cc37f-264f-4740-8c68-13c2374609fb[0m [36mreq[0m=[35m1cc0036e[0m
[2m11:12:49[0m [[32m[1minfo     [0m] [1mrequest_finished                        [0m [36mduration[0m=[35m0.052[0m [36mmethod[0m=[35mGET[0m [36mpath[0m=[35m/api/v1/challenges/500cc37f-264f-4740-8c68-13c2374609fb[0m [36mreq[0m=[35m1cc0036e[0m [36mrequest_id[0m=[35m1cc0036e-ef93-4f9b-af5f-7b016f5bb9ee[0m [36mstatus[0m=[35m200[0m
[2m11:12:54[0m [[32m[1minfo     [0m] [1mGetting challenge status: id=500cc37f-264f-4740-8c68-13c2374609fb[0m [36mreq[0m=[35m24b6dae6[0m
[2m11:12:54[0m [[32m[1minfo     [0m] [1mrequest_finished                        [0m [36mduration[0m=[35m0.011[0m [36mmethod[0m=[35mGET[0m [36mpath[0m=[35m/api/v1/challenges/500cc37f-264f-4740-8c68-13c2374609fb[0m [36mreq[0m=[35m24b6dae6[0m [36mrequest_id[0m=[35m24b6dae6-ff85-4310-9eac-0d9b0c0809da[0m [36mstatus[0m=[35m200[0m
[2m11:12:59[0m [[32m[1minfo     [0m] [1mGetting challenge status: id=500cc37f-264f-4740-8c68-13c2374609fb[0m [36mreq[0m=[35mdf08f6be[0m
[2m11:12:59[0m [[32m[1minfo     [0m] [1mrequest_finished                        [0m [36mduration[0m=[35m0.059[0m [36mmethod[0m=[35mGET[0m [36mpath[0m=[35m/api/v1/challenges/500cc37f-264f-4740-8c68-13c2374609fb[0m [36mreq[0m=[35mdf08f6be[0m [36mrequest_id[0m=[35mdf08f6be-27ce-4563-9136-30461da7e825[0m [36mstatus[0m=[35m200[0m
[2m11:13:04[0m [[32m[1minfo     [0m] [1mGetting challenge status: id=500cc37f-264f-4740-8c68-13c2374609fb[0m [36mreq[0m=[35m6f0ca0e7[0m
[2m11:13:04[0m [[32m[1minfo     [0m] [1mrequest_finished                        [0m [36mduration[0m=[35m0.042[0m [36mmethod[0m=[35mGET[0m [36mpath[0m=[35m/api/v1/challenges/500cc37f-264f-4740-8c68-13c2374609fb[0m [36mreq[0m=[35m6f0ca0e7[0m [36mrequest_id[0m=[35m6f0ca0e7-6f60-49d5-9432-5656642d7f32[0m [36mstatus[0m=[35m200[0m
[2m11:13:10[0m [[32m[1minfo     [0m] [1mGetting challenge status: id=500cc37f-264f-4740-8c68-13c2374609fb[0m [36mreq[0m=[35m72b0c749[0m
[2m11:13:10[0m [[32m[1minfo     [0m] [1mrequest_finished                        [0m [36mduration[0m=[35m0.014[0m [36mmethod[0m=[35mGET[0m [36mpath[0m=[35m/api/v1/challenges/500cc37f-264f-4740-8c68-13c2374609fb[0m [36mreq[0m=[35m72b0c749[0m [36mrequest_id[0m=[35m72b0c749-78ef-4534-9296-8ab6e6837dae[0m [36mstatus[0m=[35m200[0m
[2m11:13:15[0m [[32m[1minfo     [0m] [1mGetting challenge status: id=500cc37f-264f-4740-8c68-13c2374609fb[0m [36mreq[0m=[35m580683c3[0m
[2m11:13:15[0m [[32m[1minfo     [0m] [1mrequest_finished                        [0m [36mduration[0m=[35m0.045[0m [36mmethod[0m=[35mGET[0m [36mpath[0m=[35m/api/v1/challenges/500cc37f-264f-4740-8c68-13c2374609fb[0m [36mreq[0m=[35m580683c3[0m [36mrequest_id[0m=[35m580683c3-2d74-42da-9d23-54de6e4c0813[0m [36mstatus[0m=[35m200[0m
[2m11:13:20[0m [[32m[1minfo     [0m] [1mGetting challenge status: id=500cc37f-264f-4740-8c68-13c2374609fb[0m [36mreq[0m=[35me46b46ff[0m
[2m11:13:20[0m [[32m[1minfo     [0m] [1mrequest_finished                        [0m [36mduration[0m=[35m0.089[0m [36mmethod[0m=[35mGET[0m [36mpath[0m=[35m/api/v1/challenges/500cc37f-264f-4740-8c68-13c2374609fb[0m [36mreq[0m=[35me46b46ff[0m [36mrequest_id[0m=[35me46b46ff-86bb-4cff-8a56-104f6fa72c8d[0m [36mstatus[0m=[35m200[0m
[2m11:13:25[0m [[32m[1minfo     [0m] [1mGetting challenge status: id=500cc37f-264f-4740-8c68-13c2374609fb[0m [36mreq[0m=[35mf39beeba[0m
[2m11:13:25[0m [[32m[1minfo     [0m] [1mrequest_finished                        [0m [36mduration[0m=[35m0.056[0m [36mmethod[0m=[35mGET[0m [36mpath[0m=[35m/api/v1/challenges/500cc37f-264f-4740-8c68-13c2374609fb[0m [36mreq[0m=[35mf39beeba[0m [36mrequest_id[0m=[35mf39beeba-ed54-4345-a681-d563707b9e04[0m [36mstatus[0m=[35m200[0m
[2m11:13:30[0m [[32m[1minfo     [0m] [1mGetting challenge status: id=500cc37f-264f-4740-8c68-13c2374609fb[0m [36mreq[0m=[35mcd12b674[0m
[2m11:13:30[0m [[32m[1minfo     [0m] [1mrequest_finished                        [0m [36mduration[0m=[35m0.087[0m [36mmethod[0m=[35mGET[0m [36mpath[0m=[35m/api/v1/challenges/500cc37f-264f-4740-8c68-13c2374609fb[0m [36mreq[0m=[35mcd12b674[0m [36mrequest_id[0m=[35mcd12b674-a0f4-48e2-a15d-fa0baf946f69[0m [36mstatus[0m=[35m200[0m
[2m11:13:35[0m [[32m[1minfo     [0m] [1mGetting challenge status: id=500cc37f-264f-4740-8c68-13c2374609fb[0m [36mreq[0m=[35mabab62b2[0m
[2m11:13:35[0m [[32m[1minfo     [0m] [1mrequest_finished                        [0m [36mduration[0m=[35m0.032[0m [36mmethod[0m=[35mGET[0m [36mpath[0m=[35m/api/v1/challenges/500cc37f-264f-4740-8c68-13c2374609fb[0m [36mreq[0m=[35mabab62b2[0m [36mrequest_id[0m=[35mabab62b2-58b5-4b96-88e5-e42803efb389[0m [36mstatus[0m=[35m200[0m
[2m11:13:40[0m [[32m[1minfo     [0m] [1mGetting challenge status: id=500cc37f-264f-4740-8c68-13c2374609fb[0m [36mreq[0m=[35me7dfff56[0m
[2m11:13:40[0m [[32m[1minfo     [0m] [1mrequest_finished                        [0m [36mduration[0m=[35m0.044[0m [36mmethod[0m=[35mGET[0m [36mpath[0m=[35m/api/v1/challenges/500cc37f-264f-4740-8c68-13c2374609fb[0m [36mreq[0m=[35me7dfff56[0m [36mrequest_id[0m=[35me7dfff56-9af8-4371-90f8-d7c5cbc78f9c[0m [36mstatus[0m=[35m200[0m
[2m11:13:44[0m [[32m[1minfo     [0m] [1mPip packages installed successfully     [0m [36mreq[0m=[35mde715afc[0m
[2m11:13:45[0m [[32m[1minfo     [0m] [1mGetting challenge status: id=500cc37f-264f-4740-8c68-13c2374609fb[0m [36mreq[0m=[35m291c4bd7[0m
[2m11:13:45[0m [[32m[1minfo     [0m] [1mrequest_finished                        [0m [36mduration[0m=[35m0.011[0m [36mmethod[0m=[35mGET[0m [36mpath[0m=[35m/api/v1/challenges/500cc37f-264f-4740-8c68-13c2374609fb[0m [36mreq[0m=[35m291c4bd7[0m [36mrequest_id[0m=[35m291c4bd7-d3c4-4cef-8427-bcbd723740a0[0m [36mstatus[0m=[35m200[0m
[2m11:13:48[0m [[33m[1mwarning  [0m] [1mCode execution failed (exit=1): Traceback (most recent call last):
  File "/workspace/script.py", line 47, in <module>
    _result = execute(_input)
              ^^^^^^^^^^^^^^^
TypeError: execute() takes 0 positional arguments but 1 was given
[0m [36mreq[0m=[35mde715afc[0m
[2m11:13:48[0m [[32m[1minfo     [0m] [1mSandbox execution complete: success=False, time=203444ms, cached=False[0m [36mreq[0m=[35mde715afc[0m
[2m11:13:50[0m [[32m[1minfo     [0m] [1mGetting challenge status: id=500cc37f-264f-4740-8c68-13c2374609fb[0m [36mreq[0m=[35m73848d90[0m
[2m11:13:50[0m [[32m[1minfo     [0m] [1mrequest_finished                        [0m [36mduration[0m=[35m0.009[0m [36mmethod[0m=[35mGET[0m [36mpath[0m=[35m/api/v1/challenges/500cc37f-264f-4740-8c68-13c2374609fb[0m [36mreq[0m=[35m73848d90[0m [36mrequest_id[0m=[35m73848d90-27b3-4f07-bae5-86c8d954b4de[0m [36mstatus[0m=[35m200[0m
[2m11:13:55[0m [[33m[1mwarning  [0m] [1mTranskription fehlgeschlagen: Traceback (most recent call last):
  File "/workspace/script.py", line 47, in <module>
    _result = execute(_input)
              ^^^^^^^^^^^^^^^
TypeError: execute() takes 0 positional arguments but 1 was given
[0m [36mreq[0m=[35mde715afc[0m
[2m11:13:55[0m [[32m[1minfo     [0m] [1mLoading topology from database...       [0m [36mreq[0m=[35mde715afc[0m
[2m11:13:55[0m [[32m[1minfo     [0m] [1mMapped 8 skill entries to 8 capabilities[0m [36mreq[0m=[35mde715afc[0m
[2m11:13:55[0m [[32m[1minfo     [0m] [1mTopology validated: 11 agents in 5 waves[0m [36mreq[0m=[35mde715afc[0m
[2m11:13:55[0m [[32m[1minfo     [0m] [1mLoaded 8 skills for topology            [0m [36mreq[0m=[35mde715afc[0m
[2m11:13:55[0m [[32m[1minfo     [0m] [1mTopology loaded: 11 agents, 5 waves     [0m [36mreq[0m=[35mde715afc[0m
[2m11:13:55[0m [[32m[1minfo     [0m] [1mShared memory initialized with Qdrant   [0m [36mreq[0m=[35mde715afc[0m
[2m11:13:55[0m [[32m[1minfo     [0m] [1mHybridOrchestrator initialized          [0m [36mreq[0m=[35mde715afc[0m
[2m11:13:55[0m [[32m[1minfo     [0m] [1mStarting execution: 24fab6f4-f9cf-4a4e-a14c-b5fac21f04b6[0m [36mreq[0m=[35mde715afc[0m
[2m11:13:55[0m [[32m[1minfo     [0m] [1mLoading topology from database...       [0m [36mreq[0m=[35mde715afc[0m
[2m11:13:55[0m [[32m[1minfo     [0m] [1mMapped 8 skill entries to 8 capabilities[0m [36mreq[0m=[35mde715afc[0m
[2m11:13:55[0m [[32m[1minfo     [0m] [1mTopology validated: 11 agents in 5 waves[0m [36mreq[0m=[35mde715afc[0m
[2m11:13:55[0m [[32m[1minfo     [0m] [1mLoaded 8 skills for topology            [0m [36mreq[0m=[35mde715afc[0m
[2m11:13:55[0m [[32m[1minfo     [0m] [1mTopology loaded: 11 agents, 5 waves     [0m [36mreq[0m=[35mde715afc[0m
[2m11:13:55[0m [[32m[1minfo     [0m] [1mDocker client connected successfully    [0m [36mreq[0m=[35mde715afc[0m
[2m11:13:55[0m [[32m[1minfo     [0m] [1mCreated DynamicSandbox executor (Docker-based, unrestricted)[0m [36mreq[0m=[35mde715afc[0m
[2m11:13:55[0m [[33m[1mwarning  [0m] [1mCould not create intervention orchestrator for self-healing: create_intervention_orchestrator() got an unexpected keyword argument 'db'[0m [36mreq[0m=[35mde715afc[0m
[2m11:13:55[0m [[32m[1minfo     [0m] [1mExecuting wave 1/5: ['05bebe15-b46f-4b91-96e3-a50f6cf9e68d', '90c17f3b-7f91-4174-b3ac-b59a51feb378', '65ad3c5c-f66c-49a0-a7cd-4b9ebc6142b9', '073d766c-ed4f-4519-8e36-8c9631e97c67'][0m [36mreq[0m=[35mde715afc[0m
[2m11:13:55[0m [[32m[1minfo     [0m] [1mExecuting agent: transcript_analyzer (05bebe15-b46f-4b91-96e3-a50f6cf9e68d)[0m [36mreq[0m=[35mde715afc[0m
[2m11:13:55[0m [[32m[1minfo     [0m] [1mExecuting agent: product_owner (90c17f3b-7f91-4174-b3ac-b59a51feb378)[0m [36mreq[0m=[35mde715afc[0m
[2m11:13:55[0m [[33m[1mwarning  [0m] [1mAgent product_owner expected artifacts ['analysis_findings'] but none found in pool[0m [36mreq[0m=[35mde715afc[0m
[2m11:13:55[0m [[32m[1minfo     [0m] [1mExecuting agent: quality_judge (65ad3c5c-f66c-49a0-a7cd-4b9ebc6142b9)[0m [36mreq[0m=[35mde715afc[0m
[2m11:13:55[0m [[33m[1mwarning  [0m] [1mAgent quality_judge expected artifacts ['ab_test_samples'] but none found in pool[0m [36mreq[0m=[35mde715afc[0m
[2m11:13:55[0m [[32m[1minfo     [0m] [1mExecuting agent: execution_analyzer (073d766c-ed4f-4519-8e36-8c9631e97c67)[0m [36mreq[0m=[35mde715afc[0m
[2m11:13:55[0m [[33m[1mwarning  [0m] [1mAgent execution_analyzer expected artifacts ['execution_telemetry'] but none found in pool[0m [36mreq[0m=[35mde715afc[0m
[2m11:13:55[0m [[32m[1minfo     [0m] [1mGetting challenge status: id=500cc37f-264f-4740-8c68-13c2374609fb[0m [36mreq[0m=[35me6998c54[0m
[2m11:13:55[0m [[32m[1minfo     [0m] [1mrequest_finished                        [0m [36mduration[0m=[35m0.047[0m [36mmethod[0m=[35mGET[0m [36mpath[0m=[35m/api/v1/challenges/500cc37f-264f-4740-8c68-13c2374609fb[0m [36mreq[0m=[35me6998c54[0m [36mrequest_id[0m=[35me6998c54-6b3f-4882-a01b-f0615032ad14[0m [36mstatus[0m=[35m200[0m
[2m11:13:56[0m [[32m[1minfo     [0m] [1mshared_memory_metrics agent=transcript_analyzer facts_kept=5 facts_total=8 hypotheses=0 relations=0 approx_tokens=2389 query_chars=1998[0m [36mreq[0m=[35mde715afc[0m
[2m11:13:56[0m [[32m[1minfo     [0m] [1mAgent execution_analyzer returned final answer after 0 tool calls[0m [36mreq[0m=[35mde715afc[0m
[2m11:13:56[0m [[32m[1minfo     [0m] [1mAgent quality_judge returned final answer after 0 tool calls[0m [36mreq[0m=[35mde715afc[0m
[2m11:13:56[0m [[32m[1minfo     [0m] [1mAgent quality_judge completed           [0m [36mreq[0m=[35mde715afc[0m
[2m11:13:57[0m [[32m[1minfo     [0m] [1mAgent execution_analyzer completed      [0m [36mreq[0m=[35mde715afc[0m
[2m11:13:57[0m [[32m[1minfo     [0m] [1mAgent product_owner returned final answer after 0 tool calls[0m [36mreq[0m=[35mde715afc[0m
[2m11:13:57[0m [[32m[1minfo     [0m] [1mAgent product_owner completed           [0m [36mreq[0m=[35mde715afc[0m
[2m11:13:57[0m [[32m[1minfo     [0m] [1mTool call 1/5: skill_audio_transcription[0m [36mreq[0m=[35mde715afc[0m
[2m11:13:57[0m [[32m[1minfo     [0m] [1mProviding file to sandbox: 31a14ffa-b11c-407a-9c8d-fbde2116a0a8.opus (306911 bytes)[0m [36mreq[0m=[35mde715afc[0m
[2m11:13:57[0m [[32m[1minfo     [0m] [1mStarting sandbox execution: pip=['openai-whisper'], apt=['ffmpeg'], input_files=['31a14ffa-b11c-407a-9c8d-fbde2116a0a8.opus'][0m [36mreq[0m=[35mde715afc[0m
[2m11:13:58[0m [[32m[1minfo     [0m] [1mInstalling system packages: ffmpeg      [0m [36mreq[0m=[35mde715afc[0m
[2m11:14:00[0m [[32m[1minfo     [0m] [1mGetting challenge status: id=500cc37f-264f-4740-8c68-13c2374609fb[0m [36mreq[0m=[35m13fac70a[0m
[2m11:14:00[0m [[32m[1minfo     [0m] [1mrequest_finished                        [0m [36mduration[0m=[35m0.017[0m [36mmethod[0m=[35mGET[0m [36mpath[0m=[35m/api/v1/challenges/500cc37f-264f-4740-8c68-13c2374609fb[0m [36mreq[0m=[35m13fac70a[0m [36mrequest_id[0m=[35m13fac70a-83c1-4d44-974f-9850bb94a224[0m [36mstatus[0m=[35m200[0m
[2m11:14:05[0m [[32m[1minfo     [0m] [1mGetting challenge status: id=500cc37f-264f-4740-8c68-13c2374609fb[0m [36mreq[0m=[35m576d4e6e[0m
[2m11:14:05[0m [[32m[1minfo     [0m] [1mrequest_finished                        [0m [36mduration[0m=[35m0.008[0m [36mmethod[0m=[35mGET[0m [36mpath[0m=[35m/api/v1/challenges/500cc37f-264f-4740-8c68-13c2374609fb[0m [36mreq[0m=[35m576d4e6e[0m [36mrequest_id[0m=[35m576d4e6e-84ae-47d0-a2e2-c6426203bcdc[0m [36mstatus[0m=[35m200[0m
[2m11:14:10[0m [[32m[1minfo     [0m] [1mGetting challenge status: id=500cc37f-264f-4740-8c68-13c2374609fb[0m [36mreq[0m=[35mf35690ef[0m
[2m11:14:10[0m [[32m[1minfo     [0m] [1mrequest_finished                        [0m [36mduration[0m=[35m0.029[0m [36mmethod[0m=[35mGET[0m [36mpath[0m=[35m/api/v1/challenges/500cc37f-264f-4740-8c68-13c2374609fb[0m [36mreq[0m=[35mf35690ef[0m [36mrequest_id[0m=[35mf35690ef-5b5d-426e-8009-911e074db3cc[0m [36mstatus[0m=[35m200[0m
[2m11:14:15[0m [[32m[1minfo     [0m] [1mGetting challenge status: id=500cc37f-264f-4740-8c68-13c2374609fb[0m [36mreq[0m=[35m28518fca[0m
[2m11:14:15[0m [[32m[1minfo     [0m] [1mrequest_finished                        [0m [36mduration[0m=[35m0.007[0m [36mmethod[0m=[35mGET[0m [36mpath[0m=[35m/api/v1/challenges/500cc37f-264f-4740-8c68-13c2374609fb[0m [36mreq[0m=[35m28518fca[0m [36mrequest_id[0m=[35m28518fca-f7ec-4205-81fd-ea9e1d1c1e33[0m [36mstatus[0m=[35m200[0m
[2m11:14:20[0m [[32m[1minfo     [0m] [1mGetting challenge status: id=500cc37f-264f-4740-8c68-13c2374609fb[0m [36mreq[0m=[35m5bca4231[0m
[2m11:14:20[0m [[32m[1minfo     [0m] [1mrequest_finished                        [0m [36mduration[0m=[35m0.013[0m [36mmethod[0m=[35mGET[0m [36mpath[0m=[35m/api/v1/challenges/500cc37f-264f-4740-8c68-13c2374609fb[0m [36mreq[0m=[35m5bca4231[0m [36mrequest_id[0m=[35m5bca4231-9355-4add-91c0-beea95c151ff[0m [36mstatus[0m=[35m200[0m
[2m11:14:25[0m [[32m[1minfo     [0m] [1mGetting challenge status: id=500cc37f-264f-4740-8c68-13c2374609fb[0m [36mreq[0m=[35m2b04da91[0m
[2m11:14:25[0m [[32m[1minfo     [0m] [1mrequest_finished                        [0m [36mduration[0m=[35m0.006[0m [36mmethod[0m=[35mGET[0m [36mpath[0m=[35m/api/v1/challenges/500cc37f-264f-4740-8c68-13c2374609fb[0m [36mreq[0m=[35m2b04da91[0m [36mrequest_id[0m=[35m2b04da91-16bc-4897-bc74-3fbad47e9e72[0m [36mstatus[0m=[35m200[0m
[2m11:14:31[0m [[32m[1minfo     [0m] [1mGetting challenge status: id=500cc37f-264f-4740-8c68-13c2374609fb[0m [36mreq[0m=[35m25bf9143[0m
[2m11:14:31[0m [[32m[1minfo     [0m] [1mrequest_finished                        [0m [36mduration[0m=[35m0.02[0m [36mmethod[0m=[35mGET[0m [36mpath[0m=[35m/api/v1/challenges/500cc37f-264f-4740-8c68-13c2374609fb[0m [36mreq[0m=[35m25bf9143[0m [36mrequest_id[0m=[35m25bf9143-c442-4b81-b3b0-2edbe18e4d41[0m [36mstatus[0m=[35m200[0m
[2m11:14:36[0m [[32m[1minfo     [0m] [1mGetting challenge status: id=500cc37f-264f-4740-8c68-13c2374609fb[0m [36mreq[0m=[35m2231adc3[0m
[2m11:14:36[0m [[32m[1minfo     [0m] [1mrequest_finished                        [0m [36mduration[0m=[35m0.01[0m [36mmethod[0m=[35mGET[0m [36mpath[0m=[35m/api/v1/challenges/500cc37f-264f-4740-8c68-13c2374609fb[0m [36mreq[0m=[35m2231adc3[0m [36mrequest_id[0m=[35m2231adc3-e2b1-43f9-a5a3-c28b466c586a[0m [36mstatus[0m=[35m200[0m
[2m11:14:41[0m [[32m[1minfo     [0m] [1mGetting challenge status: id=500cc37f-264f-4740-8c68-13c2374609fb[0m [36mreq[0m=[35m89cb1a76[0m
[2m11:14:41[0m [[32m[1minfo     [0m] [1mrequest_finished                        [0m [36mduration[0m=[35m0.019[0m [36mmethod[0m=[35mGET[0m [36mpath[0m=[35m/api/v1/challenges/500cc37f-264f-4740-8c68-13c2374609fb[0m [36mreq[0m=[35m89cb1a76[0m [36mrequest_id[0m=[35m89cb1a76-8bde-4e3e-8e32-04b98dcd2b57[0m [36mstatus[0m=[35m200[0m
[2m11:14:46[0m [[32m[1minfo     [0m] [1mGetting challenge status: id=500cc37f-264f-4740-8c68-13c2374609fb[0m [36mreq[0m=[35m0bf43621[0m
[2m11:14:46[0m [[32m[1minfo     [0m] [1mrequest_finished                        [0m [36mduration[0m=[35m0.024[0m [36mmethod[0m=[35mGET[0m [36mpath[0m=[35m/api/v1/challenges/500cc37f-264f-4740-8c68-13c2374609fb[0m [36mreq[0m=[35m0bf43621[0m [36mrequest_id[0m=[35m0bf43621-393c-4ab7-8913-0253e0008458[0m [36mstatus[0m=[35m200[0m
[2m11:14:50[0m [[32m[1minfo     [0m] [1mSystem packages installed successfully: ffmpeg[0m [36mreq[0m=[35mde715afc[0m
[2m11:14:50[0m [[32m[1minfo     [0m] [1mInstalling pip packages: "openai-whisper"[0m [36mreq[0m=[35mde715afc[0m
[2m11:14:51[0m [[32m[1minfo     [0m] [1mGetting challenge status: id=500cc37f-264f-4740-8c68-13c2374609fb[0m [36mreq[0m=[35m2309bc31[0m
[2m11:14:51[0m [[32m[1minfo     [0m] [1mrequest_finished                        [0m [36mduration[0m=[35m0.008[0m [36mmethod[0m=[35mGET[0m [36mpath[0m=[35m/api/v1/challenges/500cc37f-264f-4740-8c68-13c2374609fb[0m [36mreq[0m=[35m2309bc31[0m [36mrequest_id[0m=[35m2309bc31-dcef-4571-af86-61ca306f6dda[0m [36mstatus[0m=[35m200[0m
[2m11:14:56[0m [[32m[1minfo     [0m] [1mGetting challenge status: id=500cc37f-264f-4740-8c68-13c2374609fb[0m [36mreq[0m=[35m5c3b7288[0m
[2m11:14:56[0m [[32m[1minfo     [0m] [1mrequest_finished                        [0m [36mduration[0m=[35m0.029[0m [36mmethod[0m=[35mGET[0m [36mpath[0m=[35m/api/v1/challenges/500cc37f-264f-4740-8c68-13c2374609fb[0m [36mreq[0m=[35m5c3b7288[0m [36mrequest_id[0m=[35m5c3b7288-87be-421e-87c4-cebe0247534b[0m [36mstatus[0m=[35m200[0m
[2m11:15:01[0m [[32m[1minfo     [0m] [1mGetting challenge status: id=500cc37f-264f-4740-8c68-13c2374609fb[0m [36mreq[0m=[35m8b89dc4e[0m
[2m11:15:01[0m [[32m[1minfo     [0m] [1mrequest_finished                        [0m [36mduration[0m=[35m0.029[0m [36mmethod[0m=[35mGET[0m [36mpath[0m=[35m/api/v1/challenges/500cc37f-264f-4740-8c68-13c2374609fb[0m [36mreq[0m=[35m8b89dc4e[0m [36mrequest_id[0m=[35m8b89dc4e-4c9a-47ea-9d41-7fba3c0d0cc9[0m [36mstatus[0m=[35m200[0m
[2m11:15:06[0m [[32m[1minfo     [0m] [1mGetting challenge status: id=500cc37f-264f-4740-8c68-13c2374609fb[0m [36mreq[0m=[35m84e3ca4f[0m
[2m11:15:06[0m [[32m[1minfo     [0m] [1mrequest_finished                        [0m [36mduration[0m=[35m0.061[0m [36mmethod[0m=[35mGET[0m [36mpath[0m=[35m/api/v1/challenges/500cc37f-264f-4740-8c68-13c2374609fb[0m [36mreq[0m=[35m84e3ca4f[0m [36mrequest_id[0m=[35m84e3ca4f-40d7-4743-9a5e-9a2a08cf3093[0m [36mstatus[0m=[35m200[0m
[2m11:15:11[0m [[32m[1minfo     [0m] [1mGetting challenge status: id=500cc37f-264f-4740-8c68-13c2374609fb[0m [36mreq[0m=[35m265486a5[0m
[2m11:15:11[0m [[32m[1minfo     [0m] [1mrequest_finished                        [0m [36mduration[0m=[35m0.028[0m [36mmethod[0m=[35mGET[0m [36mpath[0m=[35m/api/v1/challenges/500cc37f-264f-4740-8c68-13c2374609fb[0m [36mreq[0m=[35m265486a5[0m [36mrequest_id[0m=[35m265486a5-c79f-4792-ba48-a774adb04ef8[0m [36mstatus[0m=[35m200[0m
[2m11:15:16[0m [[32m[1minfo     [0m] [1mGetting challenge status: id=500cc37f-264f-4740-8c68-13c2374609fb[0m [36mreq[0m=[35m5f04e071[0m
[2m11:15:16[0m [[32m[1minfo     [0m] [1mrequest_finished                        [0m [36mduration[0m=[35m0.037[0m [36mmethod[0m=[35mGET[0m [36mpath[0m=[35m/api/v1/challenges/500cc37f-264f-4740-8c68-13c2374609fb[0m [36mreq[0m=[35m5f04e071[0m [36mrequest_id[0m=[35m5f04e071-f8a2-414b-bce6-d1078a5b7895[0m [36mstatus[0m=[35m200[0m
[2m11:15:21[0m [[32m[1minfo     [0m] [1mGetting challenge status: id=500cc37f-264f-4740-8c68-13c2374609fb[0m [36mreq[0m=[35mef574e70[0m
[2m11:15:21[0m [[32m[1minfo     [0m] [1mrequest_finished                        [0m [36mduration[0m=[35m0.028[0m [36mmethod[0m=[35mGET[0m [36mpath[0m=[35m/api/v1/challenges/500cc37f-264f-4740-8c68-13c2374609fb[0m [36mreq[0m=[35mef574e70[0m [36mrequest_id[0m=[35mef574e70-4bec-4a12-aac5-2262edfdb397[0m [36mstatus[0m=[35m200[0m
[2m11:15:26[0m [[32m[1minfo     [0m] [1mGetting challenge status: id=500cc37f-264f-4740-8c68-13c2374609fb[0m [36mreq[0m=[35m70103010[0m
[2m11:15:26[0m [[32m[1minfo     [0m] [1mrequest_finished                        [0m [36mduration[0m=[35m0.014[0m [36mmethod[0m=[35mGET[0m [36mpath[0m=[35m/api/v1/challenges/500cc37f-264f-4740-8c68-13c2374609fb[0m [36mreq[0m=[35m70103010[0m [36mrequest_id[0m=[35m70103010-781a-44c4-9d63-194ee11fc0d7[0m [36mstatus[0m=[35m200[0m
[2m11:15:31[0m [[32m[1minfo     [0m] [1mGetting challenge status: id=500cc37f-264f-4740-8c68-13c2374609fb[0m [36mreq[0m=[35md7bdab3f[0m
[2m11:15:31[0m [[32m[1minfo     [0m] [1mrequest_finished                        [0m [36mduration[0m=[35m0.007[0m [36mmethod[0m=[35mGET[0m [36mpath[0m=[35m/api/v1/challenges/500cc37f-264f-4740-8c68-13c2374609fb[0m [36mreq[0m=[35md7bdab3f[0m [36mrequest_id[0m=[35md7bdab3f-0390-47bf-b0c5-9dfc811cbde5[0m [36mstatus[0m=[35m200[0m
[2m11:15:36[0m [[32m[1minfo     [0m] [1mGetting challenge status: id=500cc37f-264f-4740-8c68-13c2374609fb[0m [36mreq[0m=[35m888b1aba[0m
[2m11:15:36[0m [[32m[1minfo     [0m] [1mrequest_finished                        [0m [36mduration[0m=[35m0.011[0m [36mmethod[0m=[35mGET[0m [36mpath[0m=[35m/api/v1/challenges/500cc37f-264f-4740-8c68-13c2374609fb[0m [36mreq[0m=[35m888b1aba[0m [36mrequest_id[0m=[35m888b1aba-4a73-419f-9a48-3d70e181f6a7[0m [36mstatus[0m=[35m200[0m
[2m11:15:41[0m [[32m[1minfo     [0m] [1mGetting challenge status: id=500cc37f-264f-4740-8c68-13c2374609fb[0m [36mreq[0m=[35m9405da09[0m
[2m11:15:41[0m [[32m[1minfo     [0m] [1mrequest_finished                        [0m [36mduration[0m=[35m0.008[0m [36mmethod[0m=[35mGET[0m [36mpath[0m=[35m/api/v1/challenges/500cc37f-264f-4740-8c68-13c2374609fb[0m [36mreq[0m=[35m9405da09[0m [36mrequest_id[0m=[35m9405da09-b7d1-4076-9c30-895024e70b6b[0m [36mstatus[0m=[35m200[0m
[2m11:15:46[0m [[32m[1minfo     [0m] [1mGetting challenge status: id=500cc37f-264f-4740-8c68-13c2374609fb[0m [36mreq[0m=[35m9cc2358f[0m
[2m11:15:46[0m [[32m[1minfo     [0m] [1mrequest_finished                        [0m [36mduration[0m=[35m0.02[0m [36mmethod[0m=[35mGET[0m [36mpath[0m=[35m/api/v1/challenges/500cc37f-264f-4740-8c68-13c2374609fb[0m [36mreq[0m=[35m9cc2358f[0m [36mrequest_id[0m=[35m9cc2358f-8ef4-4432-8997-1d78e66e9c40[0m [36mstatus[0m=[35m200[0m
[2m11:15:51[0m [[32m[1minfo     [0m] [1mGetting challenge status: id=500cc37f-264f-4740-8c68-13c2374609fb[0m [36mreq[0m=[35m3a1bfe6b[0m
[2m11:15:51[0m [[32m[1minfo     [0m] [1mrequest_finished                        [0m [36mduration[0m=[35m0.056[0m [36mmethod[0m=[35mGET[0m [36mpath[0m=[35m/api/v1/challenges/500cc37f-264f-4740-8c68-13c2374609fb[0m [36mreq[0m=[35m3a1bfe6b[0m [36mrequest_id[0m=[35m3a1bfe6b-138d-4b5b-9375-378f0aa99efc[0m [36mstatus[0m=[35m200[0m
[2m11:15:57[0m [[32m[1minfo     [0m] [1mGetting challenge status: id=500cc37f-264f-4740-8c68-13c2374609fb[0m [36mreq[0m=[35mca56b0d7[0m
[2m11:15:57[0m [[32m[1minfo     [0m] [1mrequest_finished                        [0m [36mduration[0m=[35m0.064[0m [36mmethod[0m=[35mGET[0m [36mpath[0m=[35m/api/v1/challenges/500cc37f-264f-4740-8c68-13c2374609fb[0m [36mreq[0m=[35mca56b0d7[0m [36mrequest_id[0m=[35mca56b0d7-4b9a-424d-81f4-cfd42f3de209[0m [36mstatus[0m=[35m200[0m
[2m11:16:02[0m [[32m[1minfo     [0m] [1mGetting challenge status: id=500cc37f-264f-4740-8c68-13c2374609fb[0m [36mreq[0m=[35ma304f113[0m
[2m11:16:02[0m [[32m[1minfo     [0m] [1mrequest_finished                        [0m [36mduration[0m=[35m0.043[0m [36mmethod[0m=[35mGET[0m [36mpath[0m=[35m/api/v1/challenges/500cc37f-264f-4740-8c68-13c2374609fb[0m [36mreq[0m=[35ma304f113[0m [36mrequest_id[0m=[35ma304f113-7b60-4e88-96b9-e8877b1fcc1b[0m [36mstatus[0m=[35m200[0m
[2m11:16:07[0m [[32m[1minfo     [0m] [1mGetting challenge status: id=500cc37f-264f-4740-8c68-13c2374609fb[0m [36mreq[0m=[35me2407d3a[0m
[2m11:16:07[0m [[32m[1minfo     [0m] [1mrequest_finished                        [0m [36mduration[0m=[35m0.099[0m [36mmethod[0m=[35mGET[0m [36mpath[0m=[35m/api/v1/challenges/500cc37f-264f-4740-8c68-13c2374609fb[0m [36mreq[0m=[35me2407d3a[0m [36mrequest_id[0m=[35me2407d3a-bfb6-4217-9a9a-2e21908ab75f[0m [36mstatus[0m=[35m200[0m
[2m11:16:12[0m [[32m[1minfo     [0m] [1mGetting challenge status: id=500cc37f-264f-4740-8c68-13c2374609fb[0m [36mreq[0m=[35ma91dbf70[0m
[2m11:16:12[0m [[32m[1minfo     [0m] [1mrequest_finished                        [0m [36mduration[0m=[35m0.029[0m [36mmethod[0m=[35mGET[0m [36mpath[0m=[35m/api/v1/challenges/500cc37f-264f-4740-8c68-13c2374609fb[0m [36mreq[0m=[35ma91dbf70[0m [36mrequest_id[0m=[35ma91dbf70-3d0f-4c2b-8876-f5b28e86b3c9[0m [36mstatus[0m=[35m200[0m
[2m11:16:17[0m [[32m[1minfo     [0m] [1mGetting challenge status: id=500cc37f-264f-4740-8c68-13c2374609fb[0m [36mreq[0m=[35m5e3cfcca[0m
[2m11:16:17[0m [[32m[1minfo     [0m] [1mrequest_finished                        [0m [36mduration[0m=[35m0.026[0m [36mmethod[0m=[35mGET[0m [36mpath[0m=[35m/api/v1/challenges/500cc37f-264f-4740-8c68-13c2374609fb[0m [36mreq[0m=[35m5e3cfcca[0m [36mrequest_id[0m=[35m5e3cfcca-0d11-4640-8169-da2c65ad33cc[0m [36mstatus[0m=[35m200[0m
[2m11:16:18[0m [[32m[1minfo     [0m] [1mPip packages installed successfully     [0m [36mreq[0m=[35mde715afc[0m
[2m11:16:22[0m [[32m[1minfo     [0m] [1mGetting challenge status: id=500cc37f-264f-4740-8c68-13c2374609fb[0m [36mreq[0m=[35mb3cb6eb7[0m
[2m11:16:22[0m [[32m[1minfo     [0m] [1mrequest_finished                        [0m [36mduration[0m=[35m0.019[0m [36mmethod[0m=[35mGET[0m [36mpath[0m=[35m/api/v1/challenges/500cc37f-264f-4740-8c68-13c2374609fb[0m [36mreq[0m=[35mb3cb6eb7[0m [36mrequest_id[0m=[35mb3cb6eb7-976a-4d98-bd0f-e1af9cbb8a51[0m [36mstatus[0m=[35m200[0m
[2m11:16:23[0m [[33m[1mwarning  [0m] [1mCode execution failed (exit=1): Traceback (most recent call last):
  File "/workspace/script.py", line 47, in <module>
    _result = execute(_input)
              ^^^^^^^^^^^^^^^
TypeError: execute() takes 0 positional arguments but 1 was given
[0m [36mreq[0m=[35mde715afc[0m
[2m11:16:23[0m [[32m[1minfo     [0m] [1mSandbox execution complete: success=False, time=146178ms, cached=False[0m [36mreq[0m=[35mde715afc[0m
[2m11:16:27[0m [[32m[1minfo     [0m] [1mGetting challenge status: id=500cc37f-264f-4740-8c68-13c2374609fb[0m [36mreq[0m=[35m30a1877b[0m
[2m11:16:27[0m [[32m[1minfo     [0m] [1mrequest_finished                        [0m [36mduration[0m=[35m0.034[0m [36mmethod[0m=[35mGET[0m [36mpath[0m=[35m/api/v1/challenges/500cc37f-264f-4740-8c68-13c2374609fb[0m [36mreq[0m=[35m30a1877b[0m [36mrequest_id[0m=[35m30a1877b-61e7-48cf-8c89-8425851fa4cd[0m [36mstatus[0m=[35m200[0m
[2m11:16:31[0m [[32m[1minfo     [0m] [1mAgent transcript_analyzer returned final answer after 1 tool calls[0m [36mreq[0m=[35mde715afc[0m
[2m11:16:32[0m [[32m[1minfo     [0m] [1mAgent transcript_analyzer completed     [0m [36mreq[0m=[35mde715afc[0m
[2m11:16:32[0m [[32m[1minfo     [0m] [1mWave 1 agent 'transcript_analyzer' completed: success=True, skipped=False, result_len=432[0m [36mreq[0m=[35mde715afc[0m
[2m11:16:32[0m [[32m[1minfo     [0m] [1mWave 1 agent 'product_owner' completed: success=True, skipped=False, result_len=298[0m [36mreq[0m=[35mde715afc[0m
[2m11:16:32[0m [[32m[1minfo     [0m] [1mWave 1 agent 'quality_judge' completed: success=True, skipped=False, result_len=223[0m [36mreq[0m=[35mde715afc[0m
[2m11:16:32[0m [[32m[1minfo     [0m] [1mWave 1 agent 'execution_analyzer' completed: success=True, skipped=False, result_len=207[0m [36mreq[0m=[35mde715afc[0m
[2m11:16:32[0m [[32m[1minfo     [0m] [1mExecuting wave 2/5: ['49898ec1-10da-4a11-8457-1358d844c805', '07f8b963-9d7c-4232-ba20-52aa8d850e1d'][0m [36mreq[0m=[35mde715afc[0m
[2m11:16:32[0m [[32m[1minfo     [0m] [1mExecuting agent: context_retriever (49898ec1-10da-4a11-8457-1358d844c805)[0m [36mreq[0m=[35mde715afc[0m
[2m11:16:32[0m [[32m[1minfo     [0m] [1mExecuting agent: control_agent (07f8b963-9d7c-4232-ba20-52aa8d850e1d)[0m [36mreq[0m=[35mde715afc[0m
[2m11:16:33[0m [[32m[1minfo     [0m] [1mAgent context_retriever returned final answer after 0 tool calls[0m [36mreq[0m=[35mde715afc[0m
[2m11:16:33[0m [[32m[1minfo     [0m] [1mGetting challenge status: id=500cc37f-264f-4740-8c68-13c2374609fb[0m [36mreq[0m=[35m662036a4[0m
[2m11:16:33[0m [[32m[1minfo     [0m] [1mrequest_finished                        [0m [36mduration[0m=[35m0.065[0m [36mmethod[0m=[35mGET[0m [36mpath[0m=[35m/api/v1/challenges/500cc37f-264f-4740-8c68-13c2374609fb[0m [36mreq[0m=[35m662036a4[0m [36mrequest_id[0m=[35m662036a4-6f16-43a5-a272-721de3ea0b97[0m [36mstatus[0m=[35m200[0m
[2m11:16:34[0m [[32m[1minfo     [0m] [1mAgent context_retriever completed       [0m [36mreq[0m=[35mde715afc[0m
[2m11:16:34[0m [[32m[1minfo     [0m] [1mAgent control_agent returned final answer after 0 tool calls[0m [36mreq[0m=[35mde715afc[0m
[2m11:16:34[0m [[32m[1minfo     [0m] [1mAgent control_agent completed           [0m [36mreq[0m=[35mde715afc[0m
[2m11:16:34[0m [[32m[1minfo     [0m] [1mWave 2 agent 'context_retriever' completed: success=True, skipped=False, result_len=450[0m [36mreq[0m=[35mde715afc[0m
[2m11:16:34[0m [[32m[1minfo     [0m] [1mWave 2 agent 'control_agent' completed: success=True, skipped=False, result_len=234[0m [36mreq[0m=[35mde715afc[0m
[2m11:16:34[0m [[32m[1minfo     [0m] [1mExecuting wave 3/5: ['f54aabd1-ca21-4768-b12e-ccf5ca95d0da', 'a676e764-25ce-41cf-95d1-b838c8e6804d', 'd01ede79-d82b-465b-ae42-d1a7a2ec4188'][0m [36mreq[0m=[35mde715afc[0m
[2m11:16:34[0m [[32m[1minfo     [0m] [1mExecuting agent: report_generator (f54aabd1-ca21-4768-b12e-ccf5ca95d0da)[0m [36mreq[0m=[35mde715afc[0m
[2m11:16:34[0m [[32m[1minfo     [0m] [1mExecuting agent: prompt_engineer (a676e764-25ce-41cf-95d1-b838c8e6804d)[0m [36mreq[0m=[35mde715afc[0m
[2m11:16:34[0m [[32m[1minfo     [0m] [1mExecuting agent: tool_builder (d01ede79-d82b-465b-ae42-d1a7a2ec4188)[0m [36mreq[0m=[35mde715afc[0m
[2m11:16:35[0m [[32m[1minfo     [0m] [1mAgent report_generator returned final answer after 0 tool calls[0m [36mreq[0m=[35mde715afc[0m
[2m11:16:36[0m [[32m[1minfo     [0m] [1mAgent report_generator completed        [0m [36mreq[0m=[35mde715afc[0m
[2m11:16:37[0m [[32m[1minfo     [0m] [1mAgent prompt_engineer returned final answer after 0 tool calls[0m [36mreq[0m=[35mde715afc[0m
[2m11:16:38[0m [[32m[1minfo     [0m] [1mAgent prompt_engineer completed         [0m [36mreq[0m=[35mde715afc[0m
[2m11:16:38[0m [[32m[1minfo     [0m] [1mGetting challenge status: id=500cc37f-264f-4740-8c68-13c2374609fb[0m [36mreq[0m=[35mc0f305e8[0m
[2m11:16:38[0m [[32m[1minfo     [0m] [1mrequest_finished                        [0m [36mduration[0m=[35m0.005[0m [36mmethod[0m=[35mGET[0m [36mpath[0m=[35m/api/v1/challenges/500cc37f-264f-4740-8c68-13c2374609fb[0m [36mreq[0m=[35mc0f305e8[0m [36mrequest_id[0m=[35mc0f305e8-bcca-40c1-b3f0-cb09418470e6[0m [36mstatus[0m=[35m200[0m
[2m11:16:39[0m [[32m[1minfo     [0m] [1mAgent tool_builder returned final answer after 0 tool calls[0m [36mreq[0m=[35mde715afc[0m
[2m11:16:39[0m [[32m[1minfo     [0m] [1mAgent tool_builder completed            [0m [36mreq[0m=[35mde715afc[0m
[2m11:16:39[0m [[32m[1minfo     [0m] [1mWave 3 agent 'report_generator' completed: success=True, skipped=False, result_len=414[0m [36mreq[0m=[35mde715afc[0m
[2m11:16:39[0m [[32m[1minfo     [0m] [1mWave 3 agent 'prompt_engineer' completed: success=True, skipped=False, result_len=1900[0m [36mreq[0m=[35mde715afc[0m
[2m11:16:39[0m [[32m[1minfo     [0m] [1mWave 3 agent 'tool_builder' completed: success=True, skipped=False, result_len=249[0m [36mreq[0m=[35mde715afc[0m
[2m11:16:39[0m [[32m[1minfo     [0m] [1mExecuting wave 4/5: ['85860279-90e3-4984-b25d-af840d3dca9b'][0m [36mreq[0m=[35mde715afc[0m
[2m11:16:39[0m [[32m[1minfo     [0m] [1mExecuting agent: quality_validator (85860279-90e3-4984-b25d-af840d3dca9b)[0m [36mreq[0m=[35mde715afc[0m
[2m11:16:40[0m [[32m[1minfo     [0m] [1mAgent quality_validator returned final answer after 0 tool calls[0m [36mreq[0m=[35mde715afc[0m
[2m11:16:41[0m [[32m[1minfo     [0m] [1mAgent quality_validator completed       [0m [36mreq[0m=[35mde715afc[0m
[2m11:16:41[0m [[32m[1minfo     [0m] [1mWave 4 agent 'quality_validator' completed: success=True, skipped=False, result_len=464[0m [36mreq[0m=[35mde715afc[0m
[2m11:16:41[0m [[32m[1minfo     [0m] [1mExecuting wave 5/5: ['bbd241f8-1df0-49f4-950a-dc61efa2c950'][0m [36mreq[0m=[35mde715afc[0m
[2m11:16:41[0m [[32m[1minfo     [0m] [1mExecuting agent: report_finalizer (bbd241f8-1df0-49f4-950a-dc61efa2c950)[0m [36mreq[0m=[35mde715afc[0m
[2m11:16:43[0m [[32m[1minfo     [0m] [1mAgent report_finalizer returned final answer after 0 tool calls[0m [36mreq[0m=[35mde715afc[0m
[2m11:16:43[0m [[32m[1minfo     [0m] [1mGetting challenge status: id=500cc37f-264f-4740-8c68-13c2374609fb[0m [36mreq[0m=[35m8e85752c[0m
[2m11:16:43[0m [[32m[1minfo     [0m] [1mrequest_finished                        [0m [36mduration[0m=[35m0.009[0m [36mmethod[0m=[35mGET[0m [36mpath[0m=[35m/api/v1/challenges/500cc37f-264f-4740-8c68-13c2374609fb[0m [36mreq[0m=[35m8e85752c[0m [36mrequest_id[0m=[35m8e85752c-f383-4839-93a1-3ceae3561ac1[0m [36mstatus[0m=[35m200[0m
[2m11:16:43[0m [[32m[1minfo     [0m] [1mAgent report_finalizer completed        [0m [36mreq[0m=[35mde715afc[0m
[2m11:16:43[0m [[32m[1minfo     [0m] [1mWave 5 agent 'report_finalizer' completed: success=True, skipped=False, result_len=908[0m [36mreq[0m=[35mde715afc[0m
[2m11:16:43[0m [[32m[1minfo     [0m] [1mArtifact pool cleared: 11 artifacts discarded[0m [36mreq[0m=[35mde715afc[0m
[2m11:16:43[0m [[32m[1minfo     [0m] [1mPersisted 1 facts to shared memory for execution 24fab6f4-f9cf-4a4e-a14c-b5fac21f04b6[0m [36mreq[0m=[35mde715afc[0m
[2m11:16:43[0m [[32m[1minfo     [0m] [1mStarting telemetry for agent=05bebe15..., execution=24fab6f4...[0m [36mreq[0m=[35mde715afc[0m
[2m11:16:43[0m [[33m[1mwarning  [0m] [1mTelemetrie-Bridge fehlgeschlagen: 1 validation error for ExecutionTelemetryCreate
outcome
  Input should be 'success', 'error', 'timeout' or 'cancelled' [type=literal_error, input_value='running', input_type=str]
    For further information visit https://errors.pydantic.dev/2.11/v/literal_error[0m [36mreq[0m=[35mde715afc[0m
[2m11:16:43[0m [[32m[1minfo     [0m] [1mConfigured epicbox profile: image=lumari-sandbox:latest, limits={'cputime': 5, 'realtime': 10, 'memory': 128, 'processes': 1}[0m [36mreq[0m=[35mde715afc[0m
[2m11:16:43[0m [[32m[1minfo     [0m] [1mStarting analysis pipeline for execution_id=24fab6f4...[0m [36mreq[0m=[35mde715afc[0m
[2m11:16:43[0m [[32m[1minfo     [0m] [1mExecution completed: challenge_id=500cc37f-264f-4740-8c68-13c2374609fb, success=True[0m [36mreq[0m=[35mde715afc[0m
[2m11:16:43[0m [[33m[1mwarning  [0m] [1mNo telemetry found for execution 24fab6f4-f9cf-4a4e-a14c-b5fac21f04b6[0m [36mreq[0m=[35mde715afc[0m
[2m11:16:48[0m [[32m[1minfo     [0m] [1mGetting challenge status: id=500cc37f-264f-4740-8c68-13c2374609fb[0m [36mreq[0m=[35med9b1c6d[0m
[2m11:16:48[0m [[32m[1minfo     [0m] [1mrequest_finished                        [0m [36mduration[0m=[35m0.006[0m [36mmethod[0m=[35mGET[0m [36mpath[0m=[35m/api/v1/challenges/500cc37f-264f-4740-8c68-13c2374609fb[0m [36mreq[0m=[35med9b1c6d[0m [36mrequest_id[0m=[35med9b1c6d-29c2-4282-ad62-e419496d7a7a[0m [36mstatus[0m=[35m200[0m
[2m11:16:48[0m [[32m[1minfo     [0m] [1mGetting challenge results: id=500cc37f-264f-4740-8c68-13c2374609fb[0m [36mreq[0m=[35mb62260a5[0m
[2m11:16:48[0m [[32m[1minfo     [0m] [1mrequest_finished                        [0m [36mduration[0m=[35m0.005[0m [36mmethod[0m=[35mGET[0m [36mpath[0m=[35m/api/v1/challenges/500cc37f-264f-4740-8c68-13c2374609fb/results[0m [36mreq[0m=[35mb62260a5[0m [36mrequest_id[0m=[35mb62260a5-26f7-4868-bfad-770f6db1700d[0m [36mstatus[0m=[35m200[0m
[2m11:16:51[0m [[32m[1minfo     [0m] [1mFile upload: bauleitungssitzung_20251028.opus, size=371346, type=audio/opus[0m [36mreq[0m=[35m038c1105[0m
[2m11:16:51[0m [[32m[1minfo     [0m] [1mSaved binary file to: /Users/patrick/Documents/Uni/master_project/backend/app/api/v1/endpoints/../../../uploads/b9e33978-d84e-4792-af7d-672db735b8c3.opus[0m [36mreq[0m=[35m038c1105[0m
[2m11:16:51[0m [[32m[1minfo     [0m] [1mAudio transcription skill available: skill_audio_transcription — will transcribe in background[0m [36mreq[0m=[35m038c1105[0m
[2m11:16:51[0m [[32m[1minfo     [0m] [1mFile upload: bauleitungssitzung_20251028.opus -> challenge_id=85cb6f7c-157c-4638-9f32-68ff41c85576, gaps=0, route=execute[0m [36mreq[0m=[35m038c1105[0m
[2m11:16:51[0m [[32m[1minfo     [0m] [1mrequest_finished                        [0m [36mduration[0m=[35m0.025[0m [36mmethod[0m=[35mPOST[0m [36mpath[0m=[35m/api/v1/challenges/upload[0m [36mreq[0m=[35m038c1105[0m [36mrequest_id[0m=[35m038c1105-561e-4007-a08d-c757ae7d675b[0m [36mstatus[0m=[35m200[0m
[2m11:16:51[0m [[32m[1minfo     [0m] [1mExecuting challenge: id=85cb6f7c-157c-4638-9f32-68ff41c85576[0m [36mreq[0m=[35me72e2ccc[0m
[2m11:16:51[0m [[32m[1minfo     [0m] [1mrequest_finished                        [0m [36mduration[0m=[35m0.004[0m [36mmethod[0m=[35mPOST[0m [36mpath[0m=[35m/api/v1/challenges/85cb6f7c-157c-4638-9f32-68ff41c85576/execute[0m [36mreq[0m=[35me72e2ccc[0m [36mrequest_id[0m=[35me72e2ccc-9658-47b5-8de8-867383029a8a[0m [36mstatus[0m=[35m200[0m
[2m11:16:51[0m [[32m[1minfo     [0m] [1mStarting background execution: challenge_id=85cb6f7c-157c-4638-9f32-68ff41c85576[0m [36mreq[0m=[35me72e2ccc[0m
[2m11:16:51[0m [[32m[1minfo     [0m] [1mTranskribiere Audio vor Execution: /Users/patrick/Documents/Uni/master_project/backend/app/api/v1/endpoints/../../../uploads/b9e33978-d84e-4792-af7d-672db735b8c3.opus mit Skill skill_audio_transcription[0m [36mreq[0m=[35me72e2ccc[0m
[2m11:16:51[0m [[32m[1minfo     [0m] [1mStarting sandbox execution: pip=['openai-whisper'], apt=['ffmpeg'], input_files=['b9e33978-d84e-4792-af7d-672db735b8c3.opus'][0m [36mreq[0m=[35me72e2ccc[0m
[2m11:16:51[0m [[32m[1minfo     [0m] [1mDocker client connected successfully    [0m [36mreq[0m=[35me72e2ccc[0m
[2m11:16:52[0m [[32m[1minfo     [0m] [1mInstalling system packages: ffmpeg      [0m [36mreq[0m=[35me72e2ccc[0m
[2m11:16:56[0m [[32m[1minfo     [0m] [1mGetting challenge status: id=85cb6f7c-157c-4638-9f32-68ff41c85576[0m [36mreq[0m=[35mf57e5274[0m
[2m11:16:56[0m [[32m[1minfo     [0m] [1mrequest_finished                        [0m [36mduration[0m=[35m0.07[0m [36mmethod[0m=[35mGET[0m [36mpath[0m=[35m/api/v1/challenges/85cb6f7c-157c-4638-9f32-68ff41c85576[0m [36mreq[0m=[35mf57e5274[0m [36mrequest_id[0m=[35mf57e5274-1fba-4346-92fc-58ba6f7c8e58[0m [36mstatus[0m=[35m200[0m
[2m11:17:01[0m [[32m[1minfo     [0m] [1mGetting challenge status: id=85cb6f7c-157c-4638-9f32-68ff41c85576[0m [36mreq[0m=[35mf4f42987[0m
[2m11:17:01[0m [[32m[1minfo     [0m] [1mrequest_finished                        [0m [36mduration[0m=[35m0.003[0m [36mmethod[0m=[35mGET[0m [36mpath[0m=[35m/api/v1/challenges/85cb6f7c-157c-4638-9f32-68ff41c85576[0m [36mreq[0m=[35mf4f42987[0m [36mrequest_id[0m=[35mf4f42987-d4b8-447f-bd9f-5ab150006cb2[0m [36mstatus[0m=[35m200[0m
[2m11:17:06[0m [[32m[1minfo     [0m] [1mGetting challenge status: id=85cb6f7c-157c-4638-9f32-68ff41c85576[0m [36mreq[0m=[35mf6b2ec8d[0m
[2m11:17:06[0m [[32m[1minfo     [0m] [1mrequest_finished                        [0m [36mduration[0m=[35m0.039[0m [36mmethod[0m=[35mGET[0m [36mpath[0m=[35m/api/v1/challenges/85cb6f7c-157c-4638-9f32-68ff41c85576[0m [36mreq[0m=[35mf6b2ec8d[0m [36mrequest_id[0m=[35mf6b2ec8d-1286-45ea-b8cb-58f6e2961f42[0m [36mstatus[0m=[35m200[0m
[2m11:17:11[0m [[32m[1minfo     [0m] [1mGetting challenge status: id=85cb6f7c-157c-4638-9f32-68ff41c85576[0m [36mreq[0m=[35m517fa18c[0m
[2m11:17:11[0m [[32m[1minfo     [0m] [1mrequest_finished                        [0m [36mduration[0m=[35m0.013[0m [36mmethod[0m=[35mGET[0m [36mpath[0m=[35m/api/v1/challenges/85cb6f7c-157c-4638-9f32-68ff41c85576[0m [36mreq[0m=[35m517fa18c[0m [36mrequest_id[0m=[35m517fa18c-48ca-48fb-9518-c3709bfa5af4[0m [36mstatus[0m=[35m200[0m
[2m11:17:16[0m [[32m[1minfo     [0m] [1mGetting challenge status: id=85cb6f7c-157c-4638-9f32-68ff41c85576[0m [36mreq[0m=[35mdf4b7683[0m
[2m11:17:16[0m [[32m[1minfo     [0m] [1mrequest_finished                        [0m [36mduration[0m=[35m0.014[0m [36mmethod[0m=[35mGET[0m [36mpath[0m=[35m/api/v1/challenges/85cb6f7c-157c-4638-9f32-68ff41c85576[0m [36mreq[0m=[35mdf4b7683[0m [36mrequest_id[0m=[35mdf4b7683-157d-44e9-829e-3d6e510a13fc[0m [36mstatus[0m=[35m200[0m
[2m11:17:21[0m [[32m[1minfo     [0m] [1mGetting challenge status: id=85cb6f7c-157c-4638-9f32-68ff41c85576[0m [36mreq[0m=[35mebc32c08[0m
[2m11:17:21[0m [[32m[1minfo     [0m] [1mrequest_finished                        [0m [36mduration[0m=[35m0.007[0m [36mmethod[0m=[35mGET[0m [36mpath[0m=[35m/api/v1/challenges/85cb6f7c-157c-4638-9f32-68ff41c85576[0m [36mreq[0m=[35mebc32c08[0m [36mrequest_id[0m=[35mebc32c08-b43c-4b41-a071-16a5b1bedd86[0m [36mstatus[0m=[35m200[0m
[2m11:17:26[0m [[32m[1minfo     [0m] [1mGetting challenge status: id=85cb6f7c-157c-4638-9f32-68ff41c85576[0m [36mreq[0m=[35m14de7d81[0m
[2m11:17:26[0m [[32m[1minfo     [0m] [1mrequest_finished                        [0m [36mduration[0m=[35m0.004[0m [36mmethod[0m=[35mGET[0m [36mpath[0m=[35m/api/v1/challenges/85cb6f7c-157c-4638-9f32-68ff41c85576[0m [36mreq[0m=[35m14de7d81[0m [36mrequest_id[0m=[35m14de7d81-6a89-4097-8bef-3ff100867cfd[0m [36mstatus[0m=[35m200[0m
[2m11:17:31[0m [[32m[1minfo     [0m] [1mGetting challenge status: id=85cb6f7c-157c-4638-9f32-68ff41c85576[0m [36mreq[0m=[35m26f8dcf7[0m
[2m11:17:31[0m [[32m[1minfo     [0m] [1mrequest_finished                        [0m [36mduration[0m=[35m0.022[0m [36mmethod[0m=[35mGET[0m [36mpath[0m=[35m/api/v1/challenges/85cb6f7c-157c-4638-9f32-68ff41c85576[0m [36mreq[0m=[35m26f8dcf7[0m [36mrequest_id[0m=[35m26f8dcf7-cde5-414f-829b-45367f8db9e0[0m [36mstatus[0m=[35m200[0m
[2m11:17:36[0m [[32m[1minfo     [0m] [1mGetting challenge status: id=85cb6f7c-157c-4638-9f32-68ff41c85576[0m [36mreq[0m=[35m53ca160d[0m
[2m11:17:36[0m [[32m[1minfo     [0m] [1mrequest_finished                        [0m [36mduration[0m=[35m0.014[0m [36mmethod[0m=[35mGET[0m [36mpath[0m=[35m/api/v1/challenges/85cb6f7c-157c-4638-9f32-68ff41c85576[0m [36mreq[0m=[35m53ca160d[0m [36mrequest_id[0m=[35m53ca160d-3351-4274-b635-9738099e0894[0m [36mstatus[0m=[35m200[0m
[2m11:17:41[0m [[32m[1minfo     [0m] [1mGetting challenge status: id=85cb6f7c-157c-4638-9f32-68ff41c85576[0m [36mreq[0m=[35m629185c5[0m
[2m11:17:41[0m [[32m[1minfo     [0m] [1mrequest_finished                        [0m [36mduration[0m=[35m0.007[0m [36mmethod[0m=[35mGET[0m [36mpath[0m=[35m/api/v1/challenges/85cb6f7c-157c-4638-9f32-68ff41c85576[0m [36mreq[0m=[35m629185c5[0m [36mrequest_id[0m=[35m629185c5-a84a-4bd7-87c8-8ae6d14c352b[0m [36mstatus[0m=[35m200[0m
[2m11:17:41[0m [[32m[1minfo     [0m] [1mSystem packages installed successfully: ffmpeg[0m [36mreq[0m=[35me72e2ccc[0m
[2m11:17:41[0m [[32m[1minfo     [0m] [1mInstalling pip packages: "openai-whisper"[0m [36mreq[0m=[35me72e2ccc[0m
[2m11:17:46[0m [[32m[1minfo     [0m] [1mGetting challenge status: id=85cb6f7c-157c-4638-9f32-68ff41c85576[0m [36mreq[0m=[35ma5c300dc[0m
[2m11:17:46[0m [[32m[1minfo     [0m] [1mrequest_finished                        [0m [36mduration[0m=[35m0.014[0m [36mmethod[0m=[35mGET[0m [36mpath[0m=[35m/api/v1/challenges/85cb6f7c-157c-4638-9f32-68ff41c85576[0m [36mreq[0m=[35ma5c300dc[0m [36mrequest_id[0m=[35ma5c300dc-2768-44d8-8c5b-f946fedc188f[0m [36mstatus[0m=[35m200[0m
[2m11:17:51[0m [[32m[1minfo     [0m] [1mGetting challenge status: id=85cb6f7c-157c-4638-9f32-68ff41c85576[0m [36mreq[0m=[35mfcd8f817[0m
[2m11:17:51[0m [[32m[1minfo     [0m] [1mrequest_finished                        [0m [36mduration[0m=[35m0.039[0m [36mmethod[0m=[35mGET[0m [36mpath[0m=[35m/api/v1/challenges/85cb6f7c-157c-4638-9f32-68ff41c85576[0m [36mreq[0m=[35mfcd8f817[0m [36mrequest_id[0m=[35mfcd8f817-aaaa-47b5-bb43-b21e28459e66[0m [36mstatus[0m=[35m200[0m
[2m11:17:56[0m [[32m[1minfo     [0m] [1mGetting challenge status: id=85cb6f7c-157c-4638-9f32-68ff41c85576[0m [36mreq[0m=[35m0cc85801[0m
[2m11:17:56[0m [[32m[1minfo     [0m] [1mrequest_finished                        [0m [36mduration[0m=[35m0.076[0m [36mmethod[0m=[35mGET[0m [36mpath[0m=[35m/api/v1/challenges/85cb6f7c-157c-4638-9f32-68ff41c85576[0m [36mreq[0m=[35m0cc85801[0m [36mrequest_id[0m=[35m0cc85801-6dc7-46b3-aed9-9bbe2ea73484[0m [36mstatus[0m=[35m200[0m
[2m11:18:01[0m [[32m[1minfo     [0m] [1mGetting challenge status: id=85cb6f7c-157c-4638-9f32-68ff41c85576[0m [36mreq[0m=[35m852fd655[0m
[2m11:18:02[0m [[32m[1minfo     [0m] [1mrequest_finished                        [0m [36mduration[0m=[35m0.039[0m [36mmethod[0m=[35mGET[0m [36mpath[0m=[35m/api/v1/challenges/85cb6f7c-157c-4638-9f32-68ff41c85576[0m [36mreq[0m=[35m852fd655[0m [36mrequest_id[0m=[35m852fd655-1826-46a7-9c53-8eb56c10ea1a[0m [36mstatus[0m=[35m200[0m
[2m11:18:07[0m [[32m[1minfo     [0m] [1mGetting challenge status: id=85cb6f7c-157c-4638-9f32-68ff41c85576[0m [36mreq[0m=[35m66386a70[0m
[2m11:18:07[0m [[32m[1minfo     [0m] [1mrequest_finished                        [0m [36mduration[0m=[35m0.044[0m [36mmethod[0m=[35mGET[0m [36mpath[0m=[35m/api/v1/challenges/85cb6f7c-157c-4638-9f32-68ff41c85576[0m [36mreq[0m=[35m66386a70[0m [36mrequest_id[0m=[35m66386a70-a1c3-4e88-9fa7-a2238373aea5[0m [36mstatus[0m=[35m200[0m
[2m11:18:12[0m [[32m[1minfo     [0m] [1mGetting challenge status: id=85cb6f7c-157c-4638-9f32-68ff41c85576[0m [36mreq[0m=[35m8ee499f8[0m
[2m11:18:12[0m [[32m[1minfo     [0m] [1mrequest_finished                        [0m [36mduration[0m=[35m0.045[0m [36mmethod[0m=[35mGET[0m [36mpath[0m=[35m/api/v1/challenges/85cb6f7c-157c-4638-9f32-68ff41c85576[0m [36mreq[0m=[35m8ee499f8[0m [36mrequest_id[0m=[35m8ee499f8-abe7-4e82-8c79-a9c5bb1f09bf[0m [36mstatus[0m=[35m200[0m
[2m11:18:17[0m [[32m[1minfo     [0m] [1mGetting challenge status: id=85cb6f7c-157c-4638-9f32-68ff41c85576[0m [36mreq[0m=[35m5ea1156a[0m
[2m11:18:17[0m [[32m[1minfo     [0m] [1mrequest_finished                        [0m [36mduration[0m=[35m0.04[0m [36mmethod[0m=[35mGET[0m [36mpath[0m=[35m/api/v1/challenges/85cb6f7c-157c-4638-9f32-68ff41c85576[0m [36mreq[0m=[35m5ea1156a[0m [36mrequest_id[0m=[35m5ea1156a-d889-496d-9f52-27fe5be1cf4d[0m [36mstatus[0m=[35m200[0m
[2m11:18:22[0m [[32m[1minfo     [0m] [1mGetting challenge status: id=85cb6f7c-157c-4638-9f32-68ff41c85576[0m [36mreq[0m=[35mcf2d90be[0m
[2m11:18:22[0m [[32m[1minfo     [0m] [1mrequest_finished                        [0m [36mduration[0m=[35m0.067[0m [36mmethod[0m=[35mGET[0m [36mpath[0m=[35m/api/v1/challenges/85cb6f7c-157c-4638-9f32-68ff41c85576[0m [36mreq[0m=[35mcf2d90be[0m [36mrequest_id[0m=[35mcf2d90be-44ca-45c5-b2d8-91e9103a57a9[0m [36mstatus[0m=[35m200[0m
[2m11:18:27[0m [[32m[1minfo     [0m] [1mGetting challenge status: id=85cb6f7c-157c-4638-9f32-68ff41c85576[0m [36mreq[0m=[35me023bcba[0m
[2m11:18:27[0m [[32m[1minfo     [0m] [1mrequest_finished                        [0m [36mduration[0m=[35m0.028[0m [36mmethod[0m=[35mGET[0m [36mpath[0m=[35m/api/v1/challenges/85cb6f7c-157c-4638-9f32-68ff41c85576[0m [36mreq[0m=[35me023bcba[0m [36mrequest_id[0m=[35me023bcba-a1bb-4931-90c6-b84b0a7376ef[0m [36mstatus[0m=[35m200[0m
[2m11:18:32[0m [[32m[1minfo     [0m] [1mGetting challenge status: id=85cb6f7c-157c-4638-9f32-68ff41c85576[0m [36mreq[0m=[35m33e1fb33[0m
[2m11:18:32[0m [[32m[1minfo     [0m] [1mrequest_finished                        [0m [36mduration[0m=[35m0.029[0m [36mmethod[0m=[35mGET[0m [36mpath[0m=[35m/api/v1/challenges/85cb6f7c-157c-4638-9f32-68ff41c85576[0m [36mreq[0m=[35m33e1fb33[0m [36mrequest_id[0m=[35m33e1fb33-0f76-4747-958e-ecfb83e7fb7b[0m [36mstatus[0m=[35m200[0m
[2m11:18:37[0m [[32m[1minfo     [0m] [1mGetting challenge status: id=85cb6f7c-157c-4638-9f32-68ff41c85576[0m [36mreq[0m=[35m8626e73d[0m
[2m11:18:37[0m [[32m[1minfo     [0m] [1mrequest_finished                        [0m [36mduration[0m=[35m0.005[0m [36mmethod[0m=[35mGET[0m [36mpath[0m=[35m/api/v1/challenges/85cb6f7c-157c-4638-9f32-68ff41c85576[0m [36mreq[0m=[35m8626e73d[0m [36mrequest_id[0m=[35m8626e73d-04f8-4ba0-a6b4-b9a3c77e7ee6[0m [36mstatus[0m=[35m200[0m
[2m11:18:42[0m [[32m[1minfo     [0m] [1mGetting challenge status: id=85cb6f7c-157c-4638-9f32-68ff41c85576[0m [36mreq[0m=[35m7be6f107[0m
[2m11:18:42[0m [[32m[1minfo     [0m] [1mrequest_finished                        [0m [36mduration[0m=[35m0.01[0m [36mmethod[0m=[35mGET[0m [36mpath[0m=[35m/api/v1/challenges/85cb6f7c-157c-4638-9f32-68ff41c85576[0m [36mreq[0m=[35m7be6f107[0m [36mrequest_id[0m=[35m7be6f107-d504-4c5a-b89f-b960d3cc6a6f[0m [36mstatus[0m=[35m200[0m
[2m11:18:47[0m [[32m[1minfo     [0m] [1mGetting challenge status: id=85cb6f7c-157c-4638-9f32-68ff41c85576[0m [36mreq[0m=[35m77225bef[0m
[2m11:18:47[0m [[32m[1minfo     [0m] [1mrequest_finished                        [0m [36mduration[0m=[35m0.029[0m [36mmethod[0m=[35mGET[0m [36mpath[0m=[35m/api/v1/challenges/85cb6f7c-157c-4638-9f32-68ff41c85576[0m [36mreq[0m=[35m77225bef[0m [36mrequest_id[0m=[35m77225bef-93e7-4e5d-a5cc-19c2417c5a32[0m [36mstatus[0m=[35m200[0m
[2m11:18:52[0m [[32m[1minfo     [0m] [1mGetting challenge status: id=85cb6f7c-157c-4638-9f32-68ff41c85576[0m [36mreq[0m=[35m400b6f3c[0m
[2m11:18:52[0m [[32m[1minfo     [0m] [1mrequest_finished                        [0m [36mduration[0m=[35m0.02[0m [36mmethod[0m=[35mGET[0m [36mpath[0m=[35m/api/v1/challenges/85cb6f7c-157c-4638-9f32-68ff41c85576[0m [36mreq[0m=[35m400b6f3c[0m [36mrequest_id[0m=[35m400b6f3c-5803-4f84-9555-b83fc7b4cf07[0m [36mstatus[0m=[35m200[0m
[2m11:18:57[0m [[32m[1minfo     [0m] [1mGetting challenge status: id=85cb6f7c-157c-4638-9f32-68ff41c85576[0m [36mreq[0m=[35m2387baab[0m
[2m11:18:57[0m [[32m[1minfo     [0m] [1mrequest_finished                        [0m [36mduration[0m=[35m0.046[0m [36mmethod[0m=[35mGET[0m [36mpath[0m=[35m/api/v1/challenges/85cb6f7c-157c-4638-9f32-68ff41c85576[0m [36mreq[0m=[35m2387baab[0m [36mrequest_id[0m=[35m2387baab-4360-4845-8faf-1c3242a68f8b[0m [36mstatus[0m=[35m200[0m
[2m11:19:02[0m [[32m[1minfo     [0m] [1mGetting challenge status: id=85cb6f7c-157c-4638-9f32-68ff41c85576[0m [36mreq[0m=[35m05d26817[0m
[2m11:19:02[0m [[32m[1minfo     [0m] [1mrequest_finished                        [0m [36mduration[0m=[35m0.017[0m [36mmethod[0m=[35mGET[0m [36mpath[0m=[35m/api/v1/challenges/85cb6f7c-157c-4638-9f32-68ff41c85576[0m [36mreq[0m=[35m05d26817[0m [36mrequest_id[0m=[35m05d26817-d23e-43f6-ba52-d4280963bea1[0m [36mstatus[0m=[35m200[0m
[2m11:19:07[0m [[32m[1minfo     [0m] [1mGetting challenge status: id=85cb6f7c-157c-4638-9f32-68ff41c85576[0m [36mreq[0m=[35m0127c59a[0m
[2m11:19:07[0m [[32m[1minfo     [0m] [1mrequest_finished                        [0m [36mduration[0m=[35m0.016[0m [36mmethod[0m=[35mGET[0m [36mpath[0m=[35m/api/v1/challenges/85cb6f7c-157c-4638-9f32-68ff41c85576[0m [36mreq[0m=[35m0127c59a[0m [36mrequest_id[0m=[35m0127c59a-6902-44ea-8e42-51b7eff246eb[0m [36mstatus[0m=[35m200[0m
[2m11:19:12[0m [[32m[1minfo     [0m] [1mGetting challenge status: id=85cb6f7c-157c-4638-9f32-68ff41c85576[0m [36mreq[0m=[35m7bd1a388[0m
[2m11:19:12[0m [[32m[1minfo     [0m] [1mrequest_finished                        [0m [36mduration[0m=[35m0.028[0m [36mmethod[0m=[35mGET[0m [36mpath[0m=[35m/api/v1/challenges/85cb6f7c-157c-4638-9f32-68ff41c85576[0m [36mreq[0m=[35m7bd1a388[0m [36mrequest_id[0m=[35m7bd1a388-32ad-4c75-8a43-3b57fdc0e3c2[0m [36mstatus[0m=[35m200[0m
[2m11:19:16[0m [[32m[1minfo     [0m] [1mPip packages installed successfully     [0m [36mreq[0m=[35me72e2ccc[0m
[2m11:19:17[0m [[32m[1minfo     [0m] [1mGetting challenge status: id=85cb6f7c-157c-4638-9f32-68ff41c85576[0m [36mreq[0m=[35m873eda3b[0m
[2m11:19:17[0m [[32m[1minfo     [0m] [1mrequest_finished                        [0m [36mduration[0m=[35m0.016[0m [36mmethod[0m=[35mGET[0m [36mpath[0m=[35m/api/v1/challenges/85cb6f7c-157c-4638-9f32-68ff41c85576[0m [36mreq[0m=[35m873eda3b[0m [36mrequest_id[0m=[35m873eda3b-9a50-4351-ad2f-68ea15466938[0m [36mstatus[0m=[35m200[0m
[2m11:19:20[0m [[33m[1mwarning  [0m] [1mCode execution failed (exit=1): Traceback (most recent call last):
  File "/workspace/script.py", line 47, in <module>
    _result = execute(_input)
              ^^^^^^^^^^^^^^^
TypeError: execute() takes 0 positional arguments but 1 was given
[0m [36mreq[0m=[35me72e2ccc[0m
[2m11:19:20[0m [[32m[1minfo     [0m] [1mSandbox execution complete: success=False, time=148920ms, cached=False[0m [36mreq[0m=[35me72e2ccc[0m
[2m11:19:22[0m [[32m[1minfo     [0m] [1mGetting challenge status: id=85cb6f7c-157c-4638-9f32-68ff41c85576[0m [36mreq[0m=[35m245ffac5[0m
[2m11:19:22[0m [[32m[1minfo     [0m] [1mrequest_finished                        [0m [36mduration[0m=[35m0.004[0m [36mmethod[0m=[35mGET[0m [36mpath[0m=[35m/api/v1/challenges/85cb6f7c-157c-4638-9f32-68ff41c85576[0m [36mreq[0m=[35m245ffac5[0m [36mrequest_id[0m=[35m245ffac5-d07a-4583-8aaa-fa7a250e93d9[0m [36mstatus[0m=[35m200[0m
[2m11:19:26[0m [[33m[1mwarning  [0m] [1mTranskription fehlgeschlagen: Traceback (most recent call last):
  File "/workspace/script.py", line 47, in <module>
    _result = execute(_input)
              ^^^^^^^^^^^^^^^
TypeError: execute() takes 0 positional arguments but 1 was given
[0m [36mreq[0m=[35me72e2ccc[0m
[2m11:19:26[0m [[32m[1minfo     [0m] [1mLoading topology from database...       [0m [36mreq[0m=[35me72e2ccc[0m
[2m11:19:26[0m [[32m[1minfo     [0m] [1mMapped 8 skill entries to 8 capabilities[0m [36mreq[0m=[35me72e2ccc[0m
[2m11:19:26[0m [[32m[1minfo     [0m] [1mTopology validated: 11 agents in 5 waves[0m [36mreq[0m=[35me72e2ccc[0m
[2m11:19:26[0m [[32m[1minfo     [0m] [1mLoaded 8 skills for topology            [0m [36mreq[0m=[35me72e2ccc[0m
[2m11:19:26[0m [[32m[1minfo     [0m] [1mTopology loaded: 11 agents, 5 waves     [0m [36mreq[0m=[35me72e2ccc[0m
[2m11:19:26[0m [[32m[1minfo     [0m] [1mShared memory initialized with Qdrant   [0m [36mreq[0m=[35me72e2ccc[0m
[2m11:19:26[0m [[32m[1minfo     [0m] [1mHybridOrchestrator initialized          [0m [36mreq[0m=[35me72e2ccc[0m
[2m11:19:26[0m [[32m[1minfo     [0m] [1mStarting execution: 63123236-a740-4045-b5be-cd893db4fd6c[0m [36mreq[0m=[35me72e2ccc[0m
[2m11:19:26[0m [[32m[1minfo     [0m] [1mLoading topology from database...       [0m [36mreq[0m=[35me72e2ccc[0m
[2m11:19:26[0m [[32m[1minfo     [0m] [1mMapped 8 skill entries to 8 capabilities[0m [36mreq[0m=[35me72e2ccc[0m
[2m11:19:26[0m [[32m[1minfo     [0m] [1mTopology validated: 11 agents in 5 waves[0m [36mreq[0m=[35me72e2ccc[0m
[2m11:19:26[0m [[32m[1minfo     [0m] [1mLoaded 8 skills for topology            [0m [36mreq[0m=[35me72e2ccc[0m
[2m11:19:26[0m [[32m[1minfo     [0m] [1mTopology loaded: 11 agents, 5 waves     [0m [36mreq[0m=[35me72e2ccc[0m
[2m11:19:26[0m [[32m[1minfo     [0m] [1mDocker client connected successfully    [0m [36mreq[0m=[35me72e2ccc[0m
[2m11:19:26[0m [[32m[1minfo     [0m] [1mCreated DynamicSandbox executor (Docker-based, unrestricted)[0m [36mreq[0m=[35me72e2ccc[0m
[2m11:19:26[0m [[33m[1mwarning  [0m] [1mCould not create intervention orchestrator for self-healing: create_intervention_orchestrator() got an unexpected keyword argument 'db'[0m [36mreq[0m=[35me72e2ccc[0m
[2m11:19:26[0m [[32m[1minfo     [0m] [1mExecuting wave 1/5: ['05bebe15-b46f-4b91-96e3-a50f6cf9e68d', '90c17f3b-7f91-4174-b3ac-b59a51feb378', '65ad3c5c-f66c-49a0-a7cd-4b9ebc6142b9', '073d766c-ed4f-4519-8e36-8c9631e97c67'][0m [36mreq[0m=[35me72e2ccc[0m
[2m11:19:26[0m [[32m[1minfo     [0m] [1mExecuting agent: transcript_analyzer (05bebe15-b46f-4b91-96e3-a50f6cf9e68d)[0m [36mreq[0m=[35me72e2ccc[0m
[2m11:19:26[0m [[32m[1minfo     [0m] [1mExecuting agent: product_owner (90c17f3b-7f91-4174-b3ac-b59a51feb378)[0m [36mreq[0m=[35me72e2ccc[0m
[2m11:19:26[0m [[33m[1mwarning  [0m] [1mAgent product_owner expected artifacts ['analysis_findings'] but none found in pool[0m [36mreq[0m=[35me72e2ccc[0m
[2m11:19:26[0m [[32m[1minfo     [0m] [1mExecuting agent: quality_judge (65ad3c5c-f66c-49a0-a7cd-4b9ebc6142b9)[0m [36mreq[0m=[35me72e2ccc[0m
[2m11:19:26[0m [[33m[1mwarning  [0m] [1mAgent quality_judge expected artifacts ['ab_test_samples'] but none found in pool[0m [36mreq[0m=[35me72e2ccc[0m
[2m11:19:26[0m [[32m[1minfo     [0m] [1mExecuting agent: execution_analyzer (073d766c-ed4f-4519-8e36-8c9631e97c67)[0m [36mreq[0m=[35me72e2ccc[0m
[2m11:19:26[0m [[33m[1mwarning  [0m] [1mAgent execution_analyzer expected artifacts ['execution_telemetry'] but none found in pool[0m [36mreq[0m=[35me72e2ccc[0m
[2m11:19:27[0m [[32m[1minfo     [0m] [1mshared_memory_metrics agent=transcript_analyzer facts_kept=5 facts_total=8 hypotheses=0 relations=0 approx_tokens=2389 query_chars=1998[0m [36mreq[0m=[35me72e2ccc[0m
[2m11:19:27[0m [[32m[1minfo     [0m] [1mAgent quality_judge returned final answer after 0 tool calls[0m [36mreq[0m=[35me72e2ccc[0m
[2m11:19:27[0m [[32m[1minfo     [0m] [1mAgent execution_analyzer returned final answer after 0 tool calls[0m [36mreq[0m=[35me72e2ccc[0m
[2m11:19:27[0m [[32m[1minfo     [0m] [1mAgent product_owner returned final answer after 0 tool calls[0m [36mreq[0m=[35me72e2ccc[0m
[2m11:19:28[0m [[32m[1minfo     [0m] [1mGetting challenge status: id=85cb6f7c-157c-4638-9f32-68ff41c85576[0m [36mreq[0m=[35m360c12b4[0m
[2m11:19:28[0m [[32m[1minfo     [0m] [1mAgent quality_judge completed           [0m [36mreq[0m=[35me72e2ccc[0m
[2m11:19:28[0m [[32m[1minfo     [0m] [1mAgent execution_analyzer completed      [0m [36mreq[0m=[35me72e2ccc[0m
[2m11:19:28[0m [[32m[1minfo     [0m] [1mrequest_finished                        [0m [36mduration[0m=[35m0.094[0m [36mmethod[0m=[35mGET[0m [36mpath[0m=[35m/api/v1/challenges/85cb6f7c-157c-4638-9f32-68ff41c85576[0m [36mreq[0m=[35m360c12b4[0m [36mrequest_id[0m=[35m360c12b4-fafd-4b12-9593-ac24936b242c[0m [36mstatus[0m=[35m200[0m
[2m11:19:28[0m [[32m[1minfo     [0m] [1mAgent product_owner completed           [0m [36mreq[0m=[35me72e2ccc[0m
[2m11:19:28[0m [[32m[1minfo     [0m] [1mTool call 1/5: skill_audio_transcription[0m [36mreq[0m=[35me72e2ccc[0m
[2m11:19:28[0m [[32m[1minfo     [0m] [1mProviding file to sandbox: b9e33978-d84e-4792-af7d-672db735b8c3.opus (371346 bytes)[0m [36mreq[0m=[35me72e2ccc[0m
[2m11:19:28[0m [[32m[1minfo     [0m] [1mStarting sandbox execution: pip=['openai-whisper'], apt=['ffmpeg'], input_files=['b9e33978-d84e-4792-af7d-672db735b8c3.opus'][0m [36mreq[0m=[35me72e2ccc[0m
[2m11:19:29[0m [[32m[1minfo     [0m] [1mInstalling system packages: ffmpeg      [0m [36mreq[0m=[35me72e2ccc[0m
[2m11:19:33[0m [[32m[1minfo     [0m] [1mGetting challenge status: id=85cb6f7c-157c-4638-9f32-68ff41c85576[0m [36mreq[0m=[35m89a63219[0m
[2m11:19:33[0m [[32m[1minfo     [0m] [1mrequest_finished                        [0m [36mduration[0m=[35m0.013[0m [36mmethod[0m=[35mGET[0m [36mpath[0m=[35m/api/v1/challenges/85cb6f7c-157c-4638-9f32-68ff41c85576[0m [36mreq[0m=[35m89a63219[0m [36mrequest_id[0m=[35m89a63219-55cf-4405-b4cb-fd10b51f8a2a[0m [36mstatus[0m=[35m200[0m
[2m11:19:38[0m [[32m[1minfo     [0m] [1mGetting challenge status: id=85cb6f7c-157c-4638-9f32-68ff41c85576[0m [36mreq[0m=[35m64829c81[0m
[2m11:19:38[0m [[32m[1minfo     [0m] [1mrequest_finished                        [0m [36mduration[0m=[35m0.005[0m [36mmethod[0m=[35mGET[0m [36mpath[0m=[35m/api/v1/challenges/85cb6f7c-157c-4638-9f32-68ff41c85576[0m [36mreq[0m=[35m64829c81[0m [36mrequest_id[0m=[35m64829c81-28b0-43c0-a541-1338b85e548d[0m [36mstatus[0m=[35m200[0m
[2m11:19:43[0m [[32m[1minfo     [0m] [1mGetting challenge status: id=85cb6f7c-157c-4638-9f32-68ff41c85576[0m [36mreq[0m=[35m33b43de7[0m
[2m11:19:43[0m [[32m[1minfo     [0m] [1mrequest_finished                        [0m [36mduration[0m=[35m0.024[0m [36mmethod[0m=[35mGET[0m [36mpath[0m=[35m/api/v1/challenges/85cb6f7c-157c-4638-9f32-68ff41c85576[0m [36mreq[0m=[35m33b43de7[0m [36mrequest_id[0m=[35m33b43de7-103c-4a7b-b3e0-4e67d7c9079f[0m [36mstatus[0m=[35m200[0m
[2m11:19:48[0m [[32m[1minfo     [0m] [1mGetting challenge status: id=85cb6f7c-157c-4638-9f32-68ff41c85576[0m [36mreq[0m=[35mbbc5c869[0m
[2m11:19:48[0m [[32m[1minfo     [0m] [1mrequest_finished                        [0m [36mduration[0m=[35m0.014[0m [36mmethod[0m=[35mGET[0m [36mpath[0m=[35m/api/v1/challenges/85cb6f7c-157c-4638-9f32-68ff41c85576[0m [36mreq[0m=[35mbbc5c869[0m [36mrequest_id[0m=[35mbbc5c869-33c9-46ac-89e4-eab72680a19d[0m [36mstatus[0m=[35m200[0m
[2m11:19:53[0m [[32m[1minfo     [0m] [1mGetting challenge status: id=85cb6f7c-157c-4638-9f32-68ff41c85576[0m [36mreq[0m=[35mf2a3da40[0m
[2m11:19:53[0m [[32m[1minfo     [0m] [1mrequest_finished                        [0m [36mduration[0m=[35m0.007[0m [36mmethod[0m=[35mGET[0m [36mpath[0m=[35m/api/v1/challenges/85cb6f7c-157c-4638-9f32-68ff41c85576[0m [36mreq[0m=[35mf2a3da40[0m [36mrequest_id[0m=[35mf2a3da40-03f8-4580-aafe-3d9b02c48921[0m [36mstatus[0m=[35m200[0m
[2m11:19:58[0m [[32m[1minfo     [0m] [1mGetting challenge status: id=85cb6f7c-157c-4638-9f32-68ff41c85576[0m [36mreq[0m=[35m1c3129c6[0m
[2m11:19:58[0m [[32m[1minfo     [0m] [1mrequest_finished                        [0m [36mduration[0m=[35m0.046[0m [36mmethod[0m=[35mGET[0m [36mpath[0m=[35m/api/v1/challenges/85cb6f7c-157c-4638-9f32-68ff41c85576[0m [36mreq[0m=[35m1c3129c6[0m [36mrequest_id[0m=[35m1c3129c6-10eb-416f-9a2a-47c8aedfdffd[0m [36mstatus[0m=[35m200[0m
[2m11:20:03[0m [[32m[1minfo     [0m] [1mGetting challenge status: id=85cb6f7c-157c-4638-9f32-68ff41c85576[0m [36mreq[0m=[35m04b0f305[0m
[2m11:20:03[0m [[32m[1minfo     [0m] [1mrequest_finished                        [0m [36mduration[0m=[35m0.012[0m [36mmethod[0m=[35mGET[0m [36mpath[0m=[35m/api/v1/challenges/85cb6f7c-157c-4638-9f32-68ff41c85576[0m [36mreq[0m=[35m04b0f305[0m [36mrequest_id[0m=[35m04b0f305-0fae-4b53-9648-751605ac0be6[0m [36mstatus[0m=[35m200[0m
[2m11:20:08[0m [[32m[1minfo     [0m] [1mGetting challenge status: id=85cb6f7c-157c-4638-9f32-68ff41c85576[0m [36mreq[0m=[35m7b94a1f0[0m
[2m11:20:08[0m [[32m[1minfo     [0m] [1mrequest_finished                        [0m [36mduration[0m=[35m0.032[0m [36mmethod[0m=[35mGET[0m [36mpath[0m=[35m/api/v1/challenges/85cb6f7c-157c-4638-9f32-68ff41c85576[0m [36mreq[0m=[35m7b94a1f0[0m [36mrequest_id[0m=[35m7b94a1f0-0040-4db8-8e27-154de9c20f65[0m [36mstatus[0m=[35m200[0m
[2m11:20:13[0m [[32m[1minfo     [0m] [1mGetting challenge status: id=85cb6f7c-157c-4638-9f32-68ff41c85576[0m [36mreq[0m=[35mdb47f3b5[0m
[2m11:20:13[0m [[32m[1minfo     [0m] [1mrequest_finished                        [0m [36mduration[0m=[35m0.074[0m [36mmethod[0m=[35mGET[0m [36mpath[0m=[35m/api/v1/challenges/85cb6f7c-157c-4638-9f32-68ff41c85576[0m [36mreq[0m=[35mdb47f3b5[0m [36mrequest_id[0m=[35mdb47f3b5-b3ae-4369-b3c5-15317260a120[0m [36mstatus[0m=[35m200[0m
[2m11:20:18[0m [[32m[1minfo     [0m] [1mGetting challenge status: id=85cb6f7c-157c-4638-9f32-68ff41c85576[0m [36mreq[0m=[35m2333eb37[0m
[2m11:20:18[0m [[32m[1minfo     [0m] [1mrequest_finished                        [0m [36mduration[0m=[35m0.038[0m [36mmethod[0m=[35mGET[0m [36mpath[0m=[35m/api/v1/challenges/85cb6f7c-157c-4638-9f32-68ff41c85576[0m [36mreq[0m=[35m2333eb37[0m [36mrequest_id[0m=[35m2333eb37-b714-492c-90a0-229d27dd9578[0m [36mstatus[0m=[35m200[0m
[2m11:20:23[0m [[32m[1minfo     [0m] [1mGetting challenge status: id=85cb6f7c-157c-4638-9f32-68ff41c85576[0m [36mreq[0m=[35m3cf3754d[0m
[2m11:20:23[0m [[32m[1minfo     [0m] [1mrequest_finished                        [0m [36mduration[0m=[35m0.025[0m [36mmethod[0m=[35mGET[0m [36mpath[0m=[35m/api/v1/challenges/85cb6f7c-157c-4638-9f32-68ff41c85576[0m [36mreq[0m=[35m3cf3754d[0m [36mrequest_id[0m=[35m3cf3754d-6bd6-4013-ad18-bf5f6ba379de[0m [36mstatus[0m=[35m200[0m
[2m11:20:27[0m [[32m[1minfo     [0m] [1mSystem packages installed successfully: ffmpeg[0m [36mreq[0m=[35me72e2ccc[0m
[2m11:20:27[0m [[32m[1minfo     [0m] [1mInstalling pip packages: "openai-whisper"[0m [36mreq[0m=[35me72e2ccc[0m
[2m11:20:28[0m [[32m[1minfo     [0m] [1mGetting challenge status: id=85cb6f7c-157c-4638-9f32-68ff41c85576[0m [36mreq[0m=[35mb20c31b8[0m
[2m11:20:28[0m [[32m[1minfo     [0m] [1mrequest_finished                        [0m [36mduration[0m=[35m0.007[0m [36mmethod[0m=[35mGET[0m [36mpath[0m=[35m/api/v1/challenges/85cb6f7c-157c-4638-9f32-68ff41c85576[0m [36mreq[0m=[35mb20c31b8[0m [36mrequest_id[0m=[35mb20c31b8-7398-49c1-b39d-6566439d6f27[0m [36mstatus[0m=[35m200[0m
[2m11:20:33[0m [[32m[1minfo     [0m] [1mGetting challenge status: id=85cb6f7c-157c-4638-9f32-68ff41c85576[0m [36mreq[0m=[35mfca3cd95[0m
[2m11:20:33[0m [[32m[1minfo     [0m] [1mrequest_finished                        [0m [36mduration[0m=[35m0.073[0m [36mmethod[0m=[35mGET[0m [36mpath[0m=[35m/api/v1/challenges/85cb6f7c-157c-4638-9f32-68ff41c85576[0m [36mreq[0m=[35mfca3cd95[0m [36mrequest_id[0m=[35mfca3cd95-f041-4974-9a4e-9828a7d21a15[0m [36mstatus[0m=[35m200[0m
[2m11:20:38[0m [[32m[1minfo     [0m] [1mGetting challenge status: id=85cb6f7c-157c-4638-9f32-68ff41c85576[0m [36mreq[0m=[35m1103d532[0m
[2m11:20:38[0m [[32m[1minfo     [0m] [1mrequest_finished                        [0m [36mduration[0m=[35m0.017[0m [36mmethod[0m=[35mGET[0m [36mpath[0m=[35m/api/v1/challenges/85cb6f7c-157c-4638-9f32-68ff41c85576[0m [36mreq[0m=[35m1103d532[0m [36mrequest_id[0m=[35m1103d532-fa9d-4e61-88df-5119c1ff7cef[0m [36mstatus[0m=[35m200[0m
[2m11:20:43[0m [[32m[1minfo     [0m] [1mGetting challenge status: id=85cb6f7c-157c-4638-9f32-68ff41c85576[0m [36mreq[0m=[35m7ccc6982[0m
[2m11:20:43[0m [[32m[1minfo     [0m] [1mrequest_finished                        [0m [36mduration[0m=[35m0.034[0m [36mmethod[0m=[35mGET[0m [36mpath[0m=[35m/api/v1/challenges/85cb6f7c-157c-4638-9f32-68ff41c85576[0m [36mreq[0m=[35m7ccc6982[0m [36mrequest_id[0m=[35m7ccc6982-394e-47d5-a3ef-d61036be5e3b[0m [36mstatus[0m=[35m200[0m
WARNING:  WatchFiles detected changes in 'app/services/autonomous_executor_service.py'. Reloading...
[2m11:20:44[0m [[32m[1minfo     [0m] [1mShutting down                           [0m
[2m11:20:44[0m [[32m[1minfo     [0m] [1mWaiting for background tasks to complete. (CTRL+C to force quit)[0m
[2m11:22:00[0m [[32m[1minfo     [0m] [1mPip packages installed successfully     [0m [36mreq[0m=[35me72e2ccc[0m
[2m11:22:06[0m [[33m[1mwarning  [0m] [1mCode execution failed (exit=1): Traceback (most recent call last):
  File "/workspace/script.py", line 47, in <module>
    _result = execute(_input)
              ^^^^^^^^^^^^^^^
TypeError: execute() takes 0 positional arguments but 1 was given
[0m [36mreq[0m=[35me72e2ccc[0m
[2m11:22:06[0m [[32m[1minfo     [0m] [1mSandbox execution complete: success=False, time=157205ms, cached=False[0m [36mreq[0m=[35me72e2ccc[0m
[2m11:22:13[0m [[32m[1minfo     [0m] [1mAgent transcript_analyzer returned final answer after 1 tool calls[0m [36mreq[0m=[35me72e2ccc[0m
[2m11:22:14[0m [[32m[1minfo     [0m] [1mAgent transcript_analyzer completed     [0m [36mreq[0m=[35me72e2ccc[0m
[2m11:22:14[0m [[32m[1minfo     [0m] [1mWave 1 agent 'transcript_analyzer' completed: success=True, skipped=False, result_len=429[0m [36mreq[0m=[35me72e2ccc[0m
[2m11:22:14[0m [[32m[1minfo     [0m] [1mWave 1 agent 'product_owner' completed: success=True, skipped=False, result_len=178[0m [36mreq[0m=[35me72e2ccc[0m
[2m11:22:14[0m [[32m[1minfo     [0m] [1mWave 1 agent 'quality_judge' completed: success=True, skipped=False, result_len=220[0m [36mreq[0m=[35me72e2ccc[0m
[2m11:22:14[0m [[32m[1minfo     [0m] [1mWave 1 agent 'execution_analyzer' completed: success=True, skipped=False, result_len=204[0m [36mreq[0m=[35me72e2ccc[0m
[2m11:22:14[0m [[32m[1minfo     [0m] [1mExecuting wave 2/5: ['49898ec1-10da-4a11-8457-1358d844c805', '07f8b963-9d7c-4232-ba20-52aa8d850e1d'][0m [36mreq[0m=[35me72e2ccc[0m
[2m11:22:14[0m [[32m[1minfo     [0m] [1mExecuting agent: context_retriever (49898ec1-10da-4a11-8457-1358d844c805)[0m [36mreq[0m=[35me72e2ccc[0m
[2m11:22:14[0m [[32m[1minfo     [0m] [1mExecuting agent: control_agent (07f8b963-9d7c-4232-ba20-52aa8d850e1d)[0m [36mreq[0m=[35me72e2ccc[0m
[2m11:22:15[0m [[32m[1minfo     [0m] [1mAgent control_agent returned final answer after 0 tool calls[0m [36mreq[0m=[35me72e2ccc[0m
[2m11:22:15[0m [[32m[1minfo     [0m] [1mAgent context_retriever returned final answer after 0 tool calls[0m [36mreq[0m=[35me72e2ccc[0m
[2m11:22:16[0m [[32m[1minfo     [0m] [1mAgent control_agent completed           [0m [36mreq[0m=[35me72e2ccc[0m
[2m11:22:16[0m [[32m[1minfo     [0m] [1mAgent context_retriever completed       [0m [36mreq[0m=[35me72e2ccc[0m
[2m11:22:16[0m [[32m[1minfo     [0m] [1mWave 2 agent 'context_retriever' completed: success=True, skipped=False, result_len=477[0m [36mreq[0m=[35me72e2ccc[0m
[2m11:22:16[0m [[32m[1minfo     [0m] [1mWave 2 agent 'control_agent' completed: success=True, skipped=False, result_len=230[0m [36mreq[0m=[35me72e2ccc[0m
[2m11:22:16[0m [[32m[1minfo     [0m] [1mExecuting wave 3/5: ['f54aabd1-ca21-4768-b12e-ccf5ca95d0da', 'a676e764-25ce-41cf-95d1-b838c8e6804d', 'd01ede79-d82b-465b-ae42-d1a7a2ec4188'][0m [36mreq[0m=[35me72e2ccc[0m
[2m11:22:16[0m [[32m[1minfo     [0m] [1mExecuting agent: report_generator (f54aabd1-ca21-4768-b12e-ccf5ca95d0da)[0m [36mreq[0m=[35me72e2ccc[0m
[2m11:22:16[0m [[32m[1minfo     [0m] [1mExecuting agent: prompt_engineer (a676e764-25ce-41cf-95d1-b838c8e6804d)[0m [36mreq[0m=[35me72e2ccc[0m
[2m11:22:16[0m [[32m[1minfo     [0m] [1mExecuting agent: tool_builder (d01ede79-d82b-465b-ae42-d1a7a2ec4188)[0m [36mreq[0m=[35me72e2ccc[0m
[2m11:22:17[0m [[32m[1minfo     [0m] [1mAgent report_generator returned final answer after 0 tool calls[0m [36mreq[0m=[35me72e2ccc[0m
[2m11:22:17[0m [[32m[1minfo     [0m] [1mAgent report_generator completed        [0m [36mreq[0m=[35me72e2ccc[0m
[2m11:22:18[0m [[32m[1minfo     [0m] [1mAgent prompt_engineer returned final answer after 0 tool calls[0m [36mreq[0m=[35me72e2ccc[0m
[2m11:22:19[0m [[32m[1minfo     [0m] [1mAgent prompt_engineer completed         [0m [36mreq[0m=[35me72e2ccc[0m
[2m11:22:21[0m [[32m[1minfo     [0m] [1mAgent tool_builder returned final answer after 0 tool calls[0m [36mreq[0m=[35me72e2ccc[0m
[2m11:22:21[0m [[32m[1minfo     [0m] [1mAgent tool_builder completed            [0m [36mreq[0m=[35me72e2ccc[0m
[2m11:22:21[0m [[32m[1minfo     [0m] [1mWave 3 agent 'report_generator' completed: success=True, skipped=False, result_len=378[0m [36mreq[0m=[35me72e2ccc[0m
[2m11:22:21[0m [[32m[1minfo     [0m] [1mWave 3 agent 'prompt_engineer' completed: success=True, skipped=False, result_len=1986[0m [36mreq[0m=[35me72e2ccc[0m
[2m11:22:21[0m [[32m[1minfo     [0m] [1mWave 3 agent 'tool_builder' completed: success=True, skipped=False, result_len=213[0m [36mreq[0m=[35me72e2ccc[0m
[2m11:22:21[0m [[32m[1minfo     [0m] [1mExecuting wave 4/5: ['85860279-90e3-4984-b25d-af840d3dca9b'][0m [36mreq[0m=[35me72e2ccc[0m
[2m11:22:21[0m [[32m[1minfo     [0m] [1mExecuting agent: quality_validator (85860279-90e3-4984-b25d-af840d3dca9b)[0m [36mreq[0m=[35me72e2ccc[0m
[2m11:22:23[0m [[32m[1minfo     [0m] [1mAgent quality_validator returned final answer after 0 tool calls[0m [36mreq[0m=[35me72e2ccc[0m
[2m11:22:23[0m [[32m[1minfo     [0m] [1mAgent quality_validator completed       [0m [36mreq[0m=[35me72e2ccc[0m
[2m11:22:23[0m [[32m[1minfo     [0m] [1mWave 4 agent 'quality_validator' completed: success=True, skipped=False, result_len=521[0m [36mreq[0m=[35me72e2ccc[0m
[2m11:22:23[0m [[32m[1minfo     [0m] [1mExecuting wave 5/5: ['bbd241f8-1df0-49f4-950a-dc61efa2c950'][0m [36mreq[0m=[35me72e2ccc[0m
[2m11:22:23[0m [[32m[1minfo     [0m] [1mExecuting agent: report_finalizer (bbd241f8-1df0-49f4-950a-dc61efa2c950)[0m [36mreq[0m=[35me72e2ccc[0m
[2m11:22:25[0m [[32m[1minfo     [0m] [1mAgent report_finalizer returned final answer after 0 tool calls[0m [36mreq[0m=[35me72e2ccc[0m
[2m11:22:25[0m [[32m[1minfo     [0m] [1mAgent report_finalizer completed        [0m [36mreq[0m=[35me72e2ccc[0m
[2m11:22:25[0m [[32m[1minfo     [0m] [1mWave 5 agent 'report_finalizer' completed: success=True, skipped=False, result_len=979[0m [36mreq[0m=[35me72e2ccc[0m
[2m11:22:25[0m [[32m[1minfo     [0m] [1mArtifact pool cleared: 11 artifacts discarded[0m [36mreq[0m=[35me72e2ccc[0m
[2m11:22:26[0m [[32m[1minfo     [0m] [1mPersisted 1 facts to shared memory for execution 63123236-a740-4045-b5be-cd893db4fd6c[0m [36mreq[0m=[35me72e2ccc[0m
[2m11:22:26[0m [[32m[1minfo     [0m] [1mStarting telemetry for agent=05bebe15..., execution=63123236...[0m [36mreq[0m=[35me72e2ccc[0m
[2m11:22:26[0m [[33m[1mwarning  [0m] [1mTelemetrie-Bridge fehlgeschlagen: 1 validation error for ExecutionTelemetryCreate
outcome
  Input should be 'success', 'error', 'timeout' or 'cancelled' [type=literal_error, input_value='running', input_type=str]
    For further information visit https://errors.pydantic.dev/2.11/v/literal_error[0m [36mreq[0m=[35me72e2ccc[0m
[2m11:22:26[0m [[32m[1minfo     [0m] [1mConfigured epicbox profile: image=lumari-sandbox:latest, limits={'cputime': 5, 'realtime': 10, 'memory': 128, 'processes': 1}[0m [36mreq[0m=[35me72e2ccc[0m
[2m11:22:26[0m [[32m[1minfo     [0m] [1mStarting analysis pipeline for execution_id=63123236...[0m [36mreq[0m=[35me72e2ccc[0m
[2m11:22:26[0m [[32m[1minfo     [0m] [1mExecution completed: challenge_id=85cb6f7c-157c-4638-9f32-68ff41c85576, success=True[0m [36mreq[0m=[35me72e2ccc[0m
[2m11:22:26[0m [[33m[1mwarning  [0m] [1mNo telemetry found for execution 63123236-a740-4045-b5be-cd893db4fd6c[0m [36mreq[0m=[35me72e2ccc[0m
[2m11:22:26[0m [[32m[1minfo     [0m] [1mWaiting for application shutdown.       [0m
[2m11:22:26[0m [[32m[1minfo     [0m] [1mShutting down OpenTelemetry provider    [0m
[2m11:22:26[0m [[32m[1minfo     [0m] [1mOpenTelemetry provider shutdown complete[0m
[2m11:22:26[0m [[32m[1minfo     [0m] [1mOpenTelemetry shutdown complete         [0m
[2m11:22:26[0m [[32m[1minfo     [0m] [1mApplication shutdown complete.          [0m
[2m11:22:26[0m [[32m[1minfo     [0m] [1mFinished server process [54905]         [0m
[2m11:22:33[0m [[32m[1minfo     [0m] [1mStarted server process [56977]          [0m
[2m11:22:33[0m [[32m[1minfo     [0m] [1mWaiting for application startup.        [0m
[2m11:22:33[0m [[32m[1minfo     [0m] [1mDatabase already initialized (30 tables)[0m
[2m11:22:33[0m [[32m[1minfo     [0m] [1mSetting up OpenTelemetry for lumari-backend v0.1.0[0m
[2m11:22:33[0m [[32m[1minfo     [0m] [1mConsole span exporter enabled           [0m
[2m11:22:33[0m [[32m[1minfo     [0m] [1mFastAPI instrumentation complete        [0m
[2m11:22:33[0m [[32m[1minfo     [0m] [1mOpenTelemetry instrumentation initialized[0m
[2m11:22:33[0m [[32m[1minfo     [0m] [1mApplication startup complete.           [0m
[2m11:22:33[0m [[32m[1minfo     [0m] [1mFile upload: telefonat_statiker_20251030.opus, size=162031, type=audio/opus[0m [36mreq[0m=[35ma61556c1[0m
[2m11:22:33[0m [[32m[1minfo     [0m] [1mSaved binary file to: /Users/patrick/Documents/Uni/master_project/backend/app/api/v1/endpoints/../../../uploads/4beaf66e-900a-4e10-8285-dac9fe73da53.opus[0m [36mreq[0m=[35ma61556c1[0m
[2m11:22:33[0m [[32m[1minfo     [0m] [1mAudio transcription skill available: skill_audio_transcription — will transcribe in background[0m [36mreq[0m=[35ma61556c1[0m
[2m11:22:33[0m [[32m[1minfo     [0m] [1mFile upload: telefonat_statiker_20251030.opus -> challenge_id=28d42606-63fd-4e32-b609-a023734f519d, gaps=0, route=execute[0m [36mreq[0m=[35ma61556c1[0m
[2m11:22:33[0m [[32m[1minfo     [0m] [1mrequest_finished                        [0m [36mduration[0m=[35m0.033[0m [36mmethod[0m=[35mPOST[0m [36mpath[0m=[35m/api/v1/challenges/upload[0m [36mreq[0m=[35ma61556c1[0m [36mrequest_id[0m=[35ma61556c1-13f4-4da4-ae30-753718a54fb5[0m [36mstatus[0m=[35m200[0m
[2m11:22:33[0m [[32m[1minfo     [0m] [1mExecuting challenge: id=28d42606-63fd-4e32-b609-a023734f519d[0m [36mreq[0m=[35m7f2379f0[0m
[2m11:22:33[0m [[32m[1minfo     [0m] [1mrequest_finished                        [0m [36mduration[0m=[35m0.022[0m [36mmethod[0m=[35mPOST[0m [36mpath[0m=[35m/api/v1/challenges/28d42606-63fd-4e32-b609-a023734f519d/execute[0m [36mreq[0m=[35m7f2379f0[0m [36mrequest_id[0m=[35m7f2379f0-6aac-4dc8-92fc-dc00708df6bc[0m [36mstatus[0m=[35m200[0m
[2m11:22:33[0m [[32m[1minfo     [0m] [1mStarting background execution: challenge_id=28d42606-63fd-4e32-b609-a023734f519d[0m [36mreq[0m=[35m7f2379f0[0m
[2m11:22:33[0m [[32m[1minfo     [0m] [1mTranskribiere Audio vor Execution: /Users/patrick/Documents/Uni/master_project/backend/app/api/v1/endpoints/../../../uploads/4beaf66e-900a-4e10-8285-dac9fe73da53.opus mit Skill skill_audio_transcription[0m [36mreq[0m=[35m7f2379f0[0m
[2m11:22:33[0m [[32m[1minfo     [0m] [1mStarting sandbox execution: pip=['openai-whisper'], apt=['ffmpeg'], input_files=['4beaf66e-900a-4e10-8285-dac9fe73da53.opus'][0m [36mreq[0m=[35m7f2379f0[0m
[2m11:22:33[0m [[32m[1minfo     [0m] [1mDocker client connected successfully    [0m [36mreq[0m=[35m7f2379f0[0m
[2m11:22:34[0m [[32m[1minfo     [0m] [1mInstalling system packages: ffmpeg      [0m [36mreq[0m=[35m7f2379f0[0m
[2m11:22:38[0m [[32m[1minfo     [0m] [1mGetting challenge status: id=28d42606-63fd-4e32-b609-a023734f519d[0m [36mreq[0m=[35m027e835c[0m
[2m11:22:38[0m [[32m[1minfo     [0m] [1mrequest_finished                        [0m [36mduration[0m=[35m0.109[0m [36mmethod[0m=[35mGET[0m [36mpath[0m=[35m/api/v1/challenges/28d42606-63fd-4e32-b609-a023734f519d[0m [36mreq[0m=[35m027e835c[0m [36mrequest_id[0m=[35m027e835c-686d-4c24-a22d-d6ff20e18649[0m [36mstatus[0m=[35m200[0m
[2m11:22:43[0m [[32m[1minfo     [0m] [1mGetting challenge status: id=28d42606-63fd-4e32-b609-a023734f519d[0m [36mreq[0m=[35m287e9447[0m
[2m11:22:43[0m [[32m[1minfo     [0m] [1mrequest_finished                        [0m [36mduration[0m=[35m0.013[0m [36mmethod[0m=[35mGET[0m [36mpath[0m=[35m/api/v1/challenges/28d42606-63fd-4e32-b609-a023734f519d[0m [36mreq[0m=[35m287e9447[0m [36mrequest_id[0m=[35m287e9447-d4e5-4bf6-b938-abd5bda07cd8[0m [36mstatus[0m=[35m200[0m
[2m11:22:48[0m [[32m[1minfo     [0m] [1mGetting challenge status: id=28d42606-63fd-4e32-b609-a023734f519d[0m [36mreq[0m=[35m30eb6823[0m
[2m11:22:48[0m [[32m[1minfo     [0m] [1mrequest_finished                        [0m [36mduration[0m=[35m0.008[0m [36mmethod[0m=[35mGET[0m [36mpath[0m=[35m/api/v1/challenges/28d42606-63fd-4e32-b609-a023734f519d[0m [36mreq[0m=[35m30eb6823[0m [36mrequest_id[0m=[35m30eb6823-8a3b-49ee-a65d-5b48fd5f9b63[0m [36mstatus[0m=[35m200[0m
[2m11:22:53[0m [[32m[1minfo     [0m] [1mGetting challenge status: id=28d42606-63fd-4e32-b609-a023734f519d[0m [36mreq[0m=[35ma0895fb2[0m
[2m11:22:53[0m [[32m[1minfo     [0m] [1mrequest_finished                        [0m [36mduration[0m=[35m0.036[0m [36mmethod[0m=[35mGET[0m [36mpath[0m=[35m/api/v1/challenges/28d42606-63fd-4e32-b609-a023734f519d[0m [36mreq[0m=[35ma0895fb2[0m [36mrequest_id[0m=[35ma0895fb2-1022-4c69-84bf-fe4c66571d66[0m [36mstatus[0m=[35m200[0m
[2m11:22:58[0m [[32m[1minfo     [0m] [1mGetting challenge status: id=28d42606-63fd-4e32-b609-a023734f519d[0m [36mreq[0m=[35m3a2eb162[0m
[2m11:22:58[0m [[32m[1minfo     [0m] [1mrequest_finished                        [0m [36mduration[0m=[35m0.009[0m [36mmethod[0m=[35mGET[0m [36mpath[0m=[35m/api/v1/challenges/28d42606-63fd-4e32-b609-a023734f519d[0m [36mreq[0m=[35m3a2eb162[0m [36mrequest_id[0m=[35m3a2eb162-ab2c-43c3-8616-499e67ee6405[0m [36mstatus[0m=[35m200[0m
[2m11:23:03[0m [[32m[1minfo     [0m] [1mGetting challenge status: id=28d42606-63fd-4e32-b609-a023734f519d[0m [36mreq[0m=[35mab39e610[0m
[2m11:23:03[0m [[32m[1minfo     [0m] [1mrequest_finished                        [0m [36mduration[0m=[35m0.019[0m [36mmethod[0m=[35mGET[0m [36mpath[0m=[35m/api/v1/challenges/28d42606-63fd-4e32-b609-a023734f519d[0m [36mreq[0m=[35mab39e610[0m [36mrequest_id[0m=[35mab39e610-601a-4697-89db-47a0c2e782db[0m [36mstatus[0m=[35m200[0m
[2m11:23:09[0m [[32m[1minfo     [0m] [1mGetting challenge status: id=28d42606-63fd-4e32-b609-a023734f519d[0m [36mreq[0m=[35m76e6d29c[0m
[2m11:23:09[0m [[32m[1minfo     [0m] [1mrequest_finished                        [0m [36mduration[0m=[35m0.021[0m [36mmethod[0m=[35mGET[0m [36mpath[0m=[35m/api/v1/challenges/28d42606-63fd-4e32-b609-a023734f519d[0m [36mreq[0m=[35m76e6d29c[0m [36mrequest_id[0m=[35m76e6d29c-1596-458e-a1ac-af4713becc18[0m [36mstatus[0m=[35m200[0m
[2m11:23:14[0m [[32m[1minfo     [0m] [1mGetting challenge status: id=28d42606-63fd-4e32-b609-a023734f519d[0m [36mreq[0m=[35mcf12ed82[0m
[2m11:23:14[0m [[32m[1minfo     [0m] [1mrequest_finished                        [0m [36mduration[0m=[35m0.003[0m [36mmethod[0m=[35mGET[0m [36mpath[0m=[35m/api/v1/challenges/28d42606-63fd-4e32-b609-a023734f519d[0m [36mreq[0m=[35mcf12ed82[0m [36mrequest_id[0m=[35mcf12ed82-bbfc-4595-9f79-cece8efb6d06[0m [36mstatus[0m=[35m200[0m
[2m11:23:19[0m [[32m[1minfo     [0m] [1mGetting challenge status: id=28d42606-63fd-4e32-b609-a023734f519d[0m [36mreq[0m=[35m211caace[0m
[2m11:23:19[0m [[32m[1minfo     [0m] [1mrequest_finished                        [0m [36mduration[0m=[35m0.091[0m [36mmethod[0m=[35mGET[0m [36mpath[0m=[35m/api/v1/challenges/28d42606-63fd-4e32-b609-a023734f519d[0m [36mreq[0m=[35m211caace[0m [36mrequest_id[0m=[35m211caace-9264-4ef9-88cd-9b64d19f563a[0m [36mstatus[0m=[35m200[0m
[2m11:23:24[0m [[32m[1minfo     [0m] [1mGetting challenge status: id=28d42606-63fd-4e32-b609-a023734f519d[0m [36mreq[0m=[35mef08db8a[0m
[2m11:23:24[0m [[32m[1minfo     [0m] [1mrequest_finished                        [0m [36mduration[0m=[35m0.041[0m [36mmethod[0m=[35mGET[0m [36mpath[0m=[35m/api/v1/challenges/28d42606-63fd-4e32-b609-a023734f519d[0m [36mreq[0m=[35mef08db8a[0m [36mrequest_id[0m=[35mef08db8a-af20-4a08-8315-5e1e214d5686[0m [36mstatus[0m=[35m200[0m
[2m11:23:29[0m [[32m[1minfo     [0m] [1mGetting challenge status: id=28d42606-63fd-4e32-b609-a023734f519d[0m [36mreq[0m=[35mead9f51f[0m
[2m11:23:29[0m [[32m[1minfo     [0m] [1mrequest_finished                        [0m [36mduration[0m=[35m0.008[0m [36mmethod[0m=[35mGET[0m [36mpath[0m=[35m/api/v1/challenges/28d42606-63fd-4e32-b609-a023734f519d[0m [36mreq[0m=[35mead9f51f[0m [36mrequest_id[0m=[35mead9f51f-0fc3-4c58-b754-1e134a6923e4[0m [36mstatus[0m=[35m200[0m
[2m11:23:33[0m [[32m[1minfo     [0m] [1mSystem packages installed successfully: ffmpeg[0m [36mreq[0m=[35m7f2379f0[0m
[2m11:23:33[0m [[32m[1minfo     [0m] [1mInstalling pip packages: "openai-whisper"[0m [36mreq[0m=[35m7f2379f0[0m
[2m11:23:34[0m [[32m[1minfo     [0m] [1mGetting challenge status: id=28d42606-63fd-4e32-b609-a023734f519d[0m [36mreq[0m=[35m1ab1e087[0m
[2m11:23:34[0m [[32m[1minfo     [0m] [1mrequest_finished                        [0m [36mduration[0m=[35m0.174[0m [36mmethod[0m=[35mGET[0m [36mpath[0m=[35m/api/v1/challenges/28d42606-63fd-4e32-b609-a023734f519d[0m [36mreq[0m=[35m1ab1e087[0m [36mrequest_id[0m=[35m1ab1e087-b5c6-4a53-9a87-7fb1ba01749f[0m [36mstatus[0m=[35m200[0m
[2m11:23:39[0m [[32m[1minfo     [0m] [1mGetting challenge status: id=28d42606-63fd-4e32-b609-a023734f519d[0m [36mreq[0m=[35m6fd93628[0m
[2m11:23:39[0m [[32m[1minfo     [0m] [1mrequest_finished                        [0m [36mduration[0m=[35m0.005[0m [36mmethod[0m=[35mGET[0m [36mpath[0m=[35m/api/v1/challenges/28d42606-63fd-4e32-b609-a023734f519d[0m [36mreq[0m=[35m6fd93628[0m [36mrequest_id[0m=[35m6fd93628-75c9-492c-a6ea-66bf14a46fc2[0m [36mstatus[0m=[35m200[0m
[2m11:23:44[0m [[32m[1minfo     [0m] [1mGetting challenge status: id=28d42606-63fd-4e32-b609-a023734f519d[0m [36mreq[0m=[35m7bdd056b[0m
[2m11:23:44[0m [[32m[1minfo     [0m] [1mrequest_finished                        [0m [36mduration[0m=[35m0.016[0m [36mmethod[0m=[35mGET[0m [36mpath[0m=[35m/api/v1/challenges/28d42606-63fd-4e32-b609-a023734f519d[0m [36mreq[0m=[35m7bdd056b[0m [36mrequest_id[0m=[35m7bdd056b-6872-4a64-8ca0-d5fabe77998b[0m [36mstatus[0m=[35m200[0m
[2m11:23:50[0m [[32m[1minfo     [0m] [1mGetting challenge status: id=28d42606-63fd-4e32-b609-a023734f519d[0m [36mreq[0m=[35mcabff24b[0m
[2m11:23:50[0m [[32m[1minfo     [0m] [1mrequest_finished                        [0m [36mduration[0m=[35m0.01[0m [36mmethod[0m=[35mGET[0m [36mpath[0m=[35m/api/v1/challenges/28d42606-63fd-4e32-b609-a023734f519d[0m [36mreq[0m=[35mcabff24b[0m [36mrequest_id[0m=[35mcabff24b-06c2-4dcc-b40b-0944bbef439d[0m [36mstatus[0m=[35m200[0m
[2m11:23:55[0m [[32m[1minfo     [0m] [1mGetting challenge status: id=28d42606-63fd-4e32-b609-a023734f519d[0m [36mreq[0m=[35m83745852[0m
[2m11:23:55[0m [[32m[1minfo     [0m] [1mrequest_finished                        [0m [36mduration[0m=[35m0.042[0m [36mmethod[0m=[35mGET[0m [36mpath[0m=[35m/api/v1/challenges/28d42606-63fd-4e32-b609-a023734f519d[0m [36mreq[0m=[35m83745852[0m [36mrequest_id[0m=[35m83745852-ee1b-4668-8917-8dcc682a4003[0m [36mstatus[0m=[35m200[0m
[2m11:24:00[0m [[32m[1minfo     [0m] [1mGetting challenge status: id=28d42606-63fd-4e32-b609-a023734f519d[0m [36mreq[0m=[35m756e3754[0m
[2m11:24:00[0m [[32m[1minfo     [0m] [1mrequest_finished                        [0m [36mduration[0m=[35m0.034[0m [36mmethod[0m=[35mGET[0m [36mpath[0m=[35m/api/v1/challenges/28d42606-63fd-4e32-b609-a023734f519d[0m [36mreq[0m=[35m756e3754[0m [36mrequest_id[0m=[35m756e3754-d261-4436-9cd2-40c97a741b5c[0m [36mstatus[0m=[35m200[0m
[2m11:24:05[0m [[32m[1minfo     [0m] [1mGetting challenge status: id=28d42606-63fd-4e32-b609-a023734f519d[0m [36mreq[0m=[35mbad8b0a8[0m
[2m11:24:05[0m [[32m[1minfo     [0m] [1mrequest_finished                        [0m [36mduration[0m=[35m0.014[0m [36mmethod[0m=[35mGET[0m [36mpath[0m=[35m/api/v1/challenges/28d42606-63fd-4e32-b609-a023734f519d[0m [36mreq[0m=[35mbad8b0a8[0m [36mrequest_id[0m=[35mbad8b0a8-41a5-498e-a479-1389998e9785[0m [36mstatus[0m=[35m200[0m
[2m11:24:10[0m [[32m[1minfo     [0m] [1mGetting challenge status: id=28d42606-63fd-4e32-b609-a023734f519d[0m [36mreq[0m=[35m4e41aca5[0m
[2m11:24:10[0m [[32m[1minfo     [0m] [1mrequest_finished                        [0m [36mduration[0m=[35m0.011[0m [36mmethod[0m=[35mGET[0m [36mpath[0m=[35m/api/v1/challenges/28d42606-63fd-4e32-b609-a023734f519d[0m [36mreq[0m=[35m4e41aca5[0m [36mrequest_id[0m=[35m4e41aca5-d6c2-4d3d-8086-055128d7046d[0m [36mstatus[0m=[35m200[0m
[2m11:24:15[0m [[32m[1minfo     [0m] [1mGetting challenge status: id=28d42606-63fd-4e32-b609-a023734f519d[0m [36mreq[0m=[35m6a53e281[0m
[2m11:24:15[0m [[32m[1minfo     [0m] [1mrequest_finished                        [0m [36mduration[0m=[35m0.011[0m [36mmethod[0m=[35mGET[0m [36mpath[0m=[35m/api/v1/challenges/28d42606-63fd-4e32-b609-a023734f519d[0m [36mreq[0m=[35m6a53e281[0m [36mrequest_id[0m=[35m6a53e281-961b-470b-96c4-a765dcb16a04[0m [36mstatus[0m=[35m200[0m
[2m11:24:20[0m [[32m[1minfo     [0m] [1mGetting challenge status: id=28d42606-63fd-4e32-b609-a023734f519d[0m [36mreq[0m=[35ma45ef944[0m
[2m11:24:20[0m [[32m[1minfo     [0m] [1mrequest_finished                        [0m [36mduration[0m=[35m0.008[0m [36mmethod[0m=[35mGET[0m [36mpath[0m=[35m/api/v1/challenges/28d42606-63fd-4e32-b609-a023734f519d[0m [36mreq[0m=[35ma45ef944[0m [36mrequest_id[0m=[35ma45ef944-1b7a-4cf5-a4c2-62d50af64384[0m [36mstatus[0m=[35m200[0m
[2m11:24:25[0m [[32m[1minfo     [0m] [1mGetting challenge status: id=28d42606-63fd-4e32-b609-a023734f519d[0m [36mreq[0m=[35md50c4d0e[0m
[2m11:24:25[0m [[32m[1minfo     [0m] [1mrequest_finished                        [0m [36mduration[0m=[35m0.017[0m [36mmethod[0m=[35mGET[0m [36mpath[0m=[35m/api/v1/challenges/28d42606-63fd-4e32-b609-a023734f519d[0m [36mreq[0m=[35md50c4d0e[0m [36mrequest_id[0m=[35md50c4d0e-cf9f-4852-a523-dcd395379018[0m [36mstatus[0m=[35m200[0m
[2m11:24:30[0m [[32m[1minfo     [0m] [1mGetting challenge status: id=28d42606-63fd-4e32-b609-a023734f519d[0m [36mreq[0m=[35mc8ef0769[0m
[2m11:24:30[0m [[32m[1minfo     [0m] [1mrequest_finished                        [0m [36mduration[0m=[35m0.008[0m [36mmethod[0m=[35mGET[0m [36mpath[0m=[35m/api/v1/challenges/28d42606-63fd-4e32-b609-a023734f519d[0m [36mreq[0m=[35mc8ef0769[0m [36mrequest_id[0m=[35mc8ef0769-9687-4389-9714-4b92886537e3[0m [36mstatus[0m=[35m200[0m
[2m11:24:35[0m [[32m[1minfo     [0m] [1mGetting challenge status: id=28d42606-63fd-4e32-b609-a023734f519d[0m [36mreq[0m=[35m5084a92d[0m
[2m11:24:35[0m [[32m[1minfo     [0m] [1mrequest_finished                        [0m [36mduration[0m=[35m0.01[0m [36mmethod[0m=[35mGET[0m [36mpath[0m=[35m/api/v1/challenges/28d42606-63fd-4e32-b609-a023734f519d[0m [36mreq[0m=[35m5084a92d[0m [36mrequest_id[0m=[35m5084a92d-ffb3-47aa-961a-7bd4c9fb3dd3[0m [36mstatus[0m=[35m200[0m
[2m11:24:40[0m [[32m[1minfo     [0m] [1mGetting challenge status: id=28d42606-63fd-4e32-b609-a023734f519d[0m [36mreq[0m=[35m910c02e0[0m
[2m11:24:40[0m [[32m[1minfo     [0m] [1mrequest_finished                        [0m [36mduration[0m=[35m0.005[0m [36mmethod[0m=[35mGET[0m [36mpath[0m=[35m/api/v1/challenges/28d42606-63fd-4e32-b609-a023734f519d[0m [36mreq[0m=[35m910c02e0[0m [36mrequest_id[0m=[35m910c02e0-b890-4222-9490-17312cdf147b[0m [36mstatus[0m=[35m200[0m
[2m11:24:45[0m [[32m[1minfo     [0m] [1mGetting challenge status: id=28d42606-63fd-4e32-b609-a023734f519d[0m [36mreq[0m=[35md035b1a9[0m
[2m11:24:45[0m [[32m[1minfo     [0m] [1mrequest_finished                        [0m [36mduration[0m=[35m0.036[0m [36mmethod[0m=[35mGET[0m [36mpath[0m=[35m/api/v1/challenges/28d42606-63fd-4e32-b609-a023734f519d[0m [36mreq[0m=[35md035b1a9[0m [36mrequest_id[0m=[35md035b1a9-67ad-4a5c-aba2-0287624a3578[0m [36mstatus[0m=[35m200[0m
[2m11:24:50[0m [[32m[1minfo     [0m] [1mGetting challenge status: id=28d42606-63fd-4e32-b609-a023734f519d[0m [36mreq[0m=[35mf765ba78[0m
[2m11:24:50[0m [[32m[1minfo     [0m] [1mrequest_finished                        [0m [36mduration[0m=[35m0.008[0m [36mmethod[0m=[35mGET[0m [36mpath[0m=[35m/api/v1/challenges/28d42606-63fd-4e32-b609-a023734f519d[0m [36mreq[0m=[35mf765ba78[0m [36mrequest_id[0m=[35mf765ba78-8eb5-455f-8757-6d6bb84f457e[0m [36mstatus[0m=[35m200[0m
[2m11:24:51[0m [[32m[1minfo     [0m] [1mPip packages installed successfully     [0m [36mreq[0m=[35m7f2379f0[0m
[2m11:24:55[0m [[32m[1minfo     [0m] [1mGetting challenge status: id=28d42606-63fd-4e32-b609-a023734f519d[0m [36mreq[0m=[35m5726f61a[0m
[2m11:24:55[0m [[32m[1minfo     [0m] [1mrequest_finished                        [0m [36mduration[0m=[35m0.003[0m [36mmethod[0m=[35mGET[0m [36mpath[0m=[35m/api/v1/challenges/28d42606-63fd-4e32-b609-a023734f519d[0m [36mreq[0m=[35m5726f61a[0m [36mrequest_id[0m=[35m5726f61a-795c-468f-8bbd-841a0ef24640[0m [36mstatus[0m=[35m200[0m
[2m11:25:00[0m [[32m[1minfo     [0m] [1mGetting challenge status: id=28d42606-63fd-4e32-b609-a023734f519d[0m [36mreq[0m=[35ma0ab8b46[0m
[2m11:25:00[0m [[32m[1minfo     [0m] [1mrequest_finished                        [0m [36mduration[0m=[35m0.009[0m [36mmethod[0m=[35mGET[0m [36mpath[0m=[35m/api/v1/challenges/28d42606-63fd-4e32-b609-a023734f519d[0m [36mreq[0m=[35ma0ab8b46[0m [36mrequest_id[0m=[35ma0ab8b46-cdf0-4027-9727-81eef06bc176[0m [36mstatus[0m=[35m200[0m
[2m11:25:05[0m [[32m[1minfo     [0m] [1mGetting challenge status: id=28d42606-63fd-4e32-b609-a023734f519d[0m [36mreq[0m=[35me83a9a09[0m
[2m11:25:05[0m [[32m[1minfo     [0m] [1mrequest_finished                        [0m [36mduration[0m=[35m0.005[0m [36mmethod[0m=[35mGET[0m [36mpath[0m=[35m/api/v1/challenges/28d42606-63fd-4e32-b609-a023734f519d[0m [36mreq[0m=[35me83a9a09[0m [36mrequest_id[0m=[35me83a9a09-cdeb-4897-93ef-8c9b586b3686[0m [36mstatus[0m=[35m200[0m
[2m11:25:10[0m [[32m[1minfo     [0m] [1mGetting challenge status: id=28d42606-63fd-4e32-b609-a023734f519d[0m [36mreq[0m=[35m99a35961[0m
[2m11:25:10[0m [[32m[1minfo     [0m] [1mrequest_finished                        [0m [36mduration[0m=[35m0.035[0m [36mmethod[0m=[35mGET[0m [36mpath[0m=[35m/api/v1/challenges/28d42606-63fd-4e32-b609-a023734f519d[0m [36mreq[0m=[35m99a35961[0m [36mrequest_id[0m=[35m99a35961-346c-4761-8e21-9a57fdfd0754[0m [36mstatus[0m=[35m200[0m
[2m11:25:15[0m [[32m[1minfo     [0m] [1mGetting challenge status: id=28d42606-63fd-4e32-b609-a023734f519d[0m [36mreq[0m=[35mb4ce4d07[0m
[2m11:25:15[0m [[32m[1minfo     [0m] [1mrequest_finished                        [0m [36mduration[0m=[35m0.003[0m [36mmethod[0m=[35mGET[0m [36mpath[0m=[35m/api/v1/challenges/28d42606-63fd-4e32-b609-a023734f519d[0m [36mreq[0m=[35mb4ce4d07[0m [36mrequest_id[0m=[35mb4ce4d07-853b-4094-bc1e-ba31298cbc39[0m [36mstatus[0m=[35m200[0m
[2m11:25:20[0m [[32m[1minfo     [0m] [1mGetting challenge status: id=28d42606-63fd-4e32-b609-a023734f519d[0m [36mreq[0m=[35md9765982[0m
[2m11:25:20[0m [[32m[1minfo     [0m] [1mrequest_finished                        [0m [36mduration[0m=[35m0.003[0m [36mmethod[0m=[35mGET[0m [36mpath[0m=[35m/api/v1/challenges/28d42606-63fd-4e32-b609-a023734f519d[0m [36mreq[0m=[35md9765982[0m [36mrequest_id[0m=[35md9765982-e589-4345-a0c3-d7d977678f5a[0m [36mstatus[0m=[35m200[0m
[2m11:25:25[0m [[32m[1minfo     [0m] [1mGetting challenge status: id=28d42606-63fd-4e32-b609-a023734f519d[0m [36mreq[0m=[35maa851833[0m
[2m11:25:25[0m [[32m[1minfo     [0m] [1mrequest_finished                        [0m [36mduration[0m=[35m0.004[0m [36mmethod[0m=[35mGET[0m [36mpath[0m=[35m/api/v1/challenges/28d42606-63fd-4e32-b609-a023734f519d[0m [36mreq[0m=[35maa851833[0m [36mrequest_id[0m=[35maa851833-431f-431d-b8c0-85c86bed6310[0m [36mstatus[0m=[35m200[0m
[2m11:25:30[0m [[32m[1minfo     [0m] [1mGetting challenge status: id=28d42606-63fd-4e32-b609-a023734f519d[0m [36mreq[0m=[35m7e2cad67[0m
[2m11:25:30[0m [[32m[1minfo     [0m] [1mrequest_finished                        [0m [36mduration[0m=[35m0.007[0m [36mmethod[0m=[35mGET[0m [36mpath[0m=[35m/api/v1/challenges/28d42606-63fd-4e32-b609-a023734f519d[0m [36mreq[0m=[35m7e2cad67[0m [36mrequest_id[0m=[35m7e2cad67-fb34-4dab-94a5-5afa249e5553[0m [36mstatus[0m=[35m200[0m
[2m11:25:35[0m [[32m[1minfo     [0m] [1mGetting challenge status: id=28d42606-63fd-4e32-b609-a023734f519d[0m [36mreq[0m=[35m7bb6bf59[0m
[2m11:25:35[0m [[32m[1minfo     [0m] [1mrequest_finished                        [0m [36mduration[0m=[35m0.004[0m [36mmethod[0m=[35mGET[0m [36mpath[0m=[35m/api/v1/challenges/28d42606-63fd-4e32-b609-a023734f519d[0m [36mreq[0m=[35m7bb6bf59[0m [36mrequest_id[0m=[35m7bb6bf59-159e-48c9-9ca2-a93497ee8894[0m [36mstatus[0m=[35m200[0m
[2m11:25:40[0m [[32m[1minfo     [0m] [1mGetting challenge status: id=28d42606-63fd-4e32-b609-a023734f519d[0m [36mreq[0m=[35m3dd05ea8[0m
[2m11:25:40[0m [[32m[1minfo     [0m] [1mrequest_finished                        [0m [36mduration[0m=[35m0.019[0m [36mmethod[0m=[35mGET[0m [36mpath[0m=[35m/api/v1/challenges/28d42606-63fd-4e32-b609-a023734f519d[0m [36mreq[0m=[35m3dd05ea8[0m [36mrequest_id[0m=[35m3dd05ea8-1bee-465e-8d68-672d8940acb3[0m [36mstatus[0m=[35m200[0m
[2m11:25:45[0m [[32m[1minfo     [0m] [1mGetting challenge status: id=28d42606-63fd-4e32-b609-a023734f519d[0m [36mreq[0m=[35mb0961671[0m
[2m11:25:45[0m [[32m[1minfo     [0m] [1mrequest_finished                        [0m [36mduration[0m=[35m0.003[0m [36mmethod[0m=[35mGET[0m [36mpath[0m=[35m/api/v1/challenges/28d42606-63fd-4e32-b609-a023734f519d[0m [36mreq[0m=[35mb0961671[0m [36mrequest_id[0m=[35mb0961671-4bd0-4618-8542-bc59418b0391[0m [36mstatus[0m=[35m200[0m
[2m11:25:50[0m [[32m[1minfo     [0m] [1mGetting challenge status: id=28d42606-63fd-4e32-b609-a023734f519d[0m [36mreq[0m=[35m4374978a[0m
[2m11:25:50[0m [[32m[1minfo     [0m] [1mrequest_finished                        [0m [36mduration[0m=[35m0.003[0m [36mmethod[0m=[35mGET[0m [36mpath[0m=[35m/api/v1/challenges/28d42606-63fd-4e32-b609-a023734f519d[0m [36mreq[0m=[35m4374978a[0m [36mrequest_id[0m=[35m4374978a-fc4b-4be6-8eb0-705472cb874c[0m [36mstatus[0m=[35m200[0m
[2m11:25:55[0m [[32m[1minfo     [0m] [1mGetting challenge status: id=28d42606-63fd-4e32-b609-a023734f519d[0m [36mreq[0m=[35m93a5a003[0m
[2m11:25:55[0m [[32m[1minfo     [0m] [1mrequest_finished                        [0m [36mduration[0m=[35m0.01[0m [36mmethod[0m=[35mGET[0m [36mpath[0m=[35m/api/v1/challenges/28d42606-63fd-4e32-b609-a023734f519d[0m [36mreq[0m=[35m93a5a003[0m [36mrequest_id[0m=[35m93a5a003-8545-4c5e-93e5-1a8413607f61[0m [36mstatus[0m=[35m200[0m
[2m11:26:00[0m [[32m[1minfo     [0m] [1mGetting challenge status: id=28d42606-63fd-4e32-b609-a023734f519d[0m [36mreq[0m=[35m07a65afa[0m
[2m11:26:00[0m [[32m[1minfo     [0m] [1mrequest_finished                        [0m [36mduration[0m=[35m0.003[0m [36mmethod[0m=[35mGET[0m [36mpath[0m=[35m/api/v1/challenges/28d42606-63fd-4e32-b609-a023734f519d[0m [36mreq[0m=[35m07a65afa[0m [36mrequest_id[0m=[35m07a65afa-0ba6-4afc-9355-e390b6e44ed4[0m [36mstatus[0m=[35m200[0m
[2m11:26:05[0m [[32m[1minfo     [0m] [1mGetting challenge status: id=28d42606-63fd-4e32-b609-a023734f519d[0m [36mreq[0m=[35m5d8c4a9b[0m
[2m11:26:05[0m [[32m[1minfo     [0m] [1mrequest_finished                        [0m [36mduration[0m=[35m0.006[0m [36mmethod[0m=[35mGET[0m [36mpath[0m=[35m/api/v1/challenges/28d42606-63fd-4e32-b609-a023734f519d[0m [36mreq[0m=[35m5d8c4a9b[0m [36mrequest_id[0m=[35m5d8c4a9b-10dd-48da-a086-edbd90f93877[0m [36mstatus[0m=[35m200[0m
[2m11:26:10[0m [[32m[1minfo     [0m] [1mGetting challenge status: id=28d42606-63fd-4e32-b609-a023734f519d[0m [36mreq[0m=[35mb7cc3222[0m
[2m11:26:10[0m [[32m[1minfo     [0m] [1mrequest_finished                        [0m [36mduration[0m=[35m0.04[0m [36mmethod[0m=[35mGET[0m [36mpath[0m=[35m/api/v1/challenges/28d42606-63fd-4e32-b609-a023734f519d[0m [36mreq[0m=[35mb7cc3222[0m [36mrequest_id[0m=[35mb7cc3222-0cf8-4472-aa66-7baa8c75ef67[0m [36mstatus[0m=[35m200[0m
[2m11:26:15[0m [[32m[1minfo     [0m] [1mGetting challenge status: id=28d42606-63fd-4e32-b609-a023734f519d[0m [36mreq[0m=[35ma060766a[0m
[2m11:26:15[0m [[32m[1minfo     [0m] [1mrequest_finished                        [0m [36mduration[0m=[35m0.003[0m [36mmethod[0m=[35mGET[0m [36mpath[0m=[35m/api/v1/challenges/28d42606-63fd-4e32-b609-a023734f519d[0m [36mreq[0m=[35ma060766a[0m [36mrequest_id[0m=[35ma060766a-9a86-4b62-9a4c-82acf32a413d[0m [36mstatus[0m=[35m200[0m
[2m11:26:20[0m [[32m[1minfo     [0m] [1mGetting challenge status: id=28d42606-63fd-4e32-b609-a023734f519d[0m [36mreq[0m=[35m687adc44[0m
[2m11:26:20[0m [[32m[1minfo     [0m] [1mrequest_finished                        [0m [36mduration[0m=[35m0.003[0m [36mmethod[0m=[35mGET[0m [36mpath[0m=[35m/api/v1/challenges/28d42606-63fd-4e32-b609-a023734f519d[0m [36mreq[0m=[35m687adc44[0m [36mrequest_id[0m=[35m687adc44-a3a5-4204-9b81-ea5ad3dc0f15[0m [36mstatus[0m=[35m200[0m
[2m11:26:25[0m [[32m[1minfo     [0m] [1mGetting challenge status: id=28d42606-63fd-4e32-b609-a023734f519d[0m [36mreq[0m=[35m7655039a[0m
[2m11:26:25[0m [[32m[1minfo     [0m] [1mrequest_finished                        [0m [36mduration[0m=[35m0.018[0m [36mmethod[0m=[35mGET[0m [36mpath[0m=[35m/api/v1/challenges/28d42606-63fd-4e32-b609-a023734f519d[0m [36mreq[0m=[35m7655039a[0m [36mrequest_id[0m=[35m7655039a-8945-4cb4-915d-c4157e312ce9[0m [36mstatus[0m=[35m200[0m
[2m11:26:30[0m [[32m[1minfo     [0m] [1mGetting challenge status: id=28d42606-63fd-4e32-b609-a023734f519d[0m [36mreq[0m=[35m2248a379[0m
[2m11:26:30[0m [[32m[1minfo     [0m] [1mrequest_finished                        [0m [36mduration[0m=[35m0.003[0m [36mmethod[0m=[35mGET[0m [36mpath[0m=[35m/api/v1/challenges/28d42606-63fd-4e32-b609-a023734f519d[0m [36mreq[0m=[35m2248a379[0m [36mrequest_id[0m=[35m2248a379-130d-4deb-b98f-66248d4e8ed8[0m [36mstatus[0m=[35m200[0m
[2m11:26:35[0m [[32m[1minfo     [0m] [1mGetting challenge status: id=28d42606-63fd-4e32-b609-a023734f519d[0m [36mreq[0m=[35ma2ce33f4[0m
[2m11:26:35[0m [[32m[1minfo     [0m] [1mrequest_finished                        [0m [36mduration[0m=[35m0.003[0m [36mmethod[0m=[35mGET[0m [36mpath[0m=[35m/api/v1/challenges/28d42606-63fd-4e32-b609-a023734f519d[0m [36mreq[0m=[35ma2ce33f4[0m [36mrequest_id[0m=[35ma2ce33f4-4cc2-4c79-8a4f-a5400f45dba1[0m [36mstatus[0m=[35m200[0m
[2m11:26:40[0m [[32m[1minfo     [0m] [1mGetting challenge status: id=28d42606-63fd-4e32-b609-a023734f519d[0m [36mreq[0m=[35m3188d50d[0m
[2m11:26:40[0m [[32m[1minfo     [0m] [1mrequest_finished                        [0m [36mduration[0m=[35m0.004[0m [36mmethod[0m=[35mGET[0m [36mpath[0m=[35m/api/v1/challenges/28d42606-63fd-4e32-b609-a023734f519d[0m [36mreq[0m=[35m3188d50d[0m [36mrequest_id[0m=[35m3188d50d-f2f4-4279-8e91-d3b1f8080d99[0m [36mstatus[0m=[35m200[0m
[2m11:26:45[0m [[32m[1minfo     [0m] [1mGetting challenge status: id=28d42606-63fd-4e32-b609-a023734f519d[0m [36mreq[0m=[35mc448fe5d[0m
[2m11:26:45[0m [[32m[1minfo     [0m] [1mrequest_finished                        [0m [36mduration[0m=[35m0.003[0m [36mmethod[0m=[35mGET[0m [36mpath[0m=[35m/api/v1/challenges/28d42606-63fd-4e32-b609-a023734f519d[0m [36mreq[0m=[35mc448fe5d[0m [36mrequest_id[0m=[35mc448fe5d-af7b-413c-b925-a63d1f6c016c[0m [36mstatus[0m=[35m200[0m
[2m11:26:50[0m [[32m[1minfo     [0m] [1mGetting challenge status: id=28d42606-63fd-4e32-b609-a023734f519d[0m [36mreq[0m=[35m9fa857ae[0m
[2m11:26:50[0m [[32m[1minfo     [0m] [1mrequest_finished                        [0m [36mduration[0m=[35m0.003[0m [36mmethod[0m=[35mGET[0m [36mpath[0m=[35m/api/v1/challenges/28d42606-63fd-4e32-b609-a023734f519d[0m [36mreq[0m=[35m9fa857ae[0m [36mrequest_id[0m=[35m9fa857ae-33a4-427b-a798-d06ac77061c3[0m [36mstatus[0m=[35m200[0m
[2m11:26:55[0m [[32m[1minfo     [0m] [1mGetting challenge status: id=28d42606-63fd-4e32-b609-a023734f519d[0m [36mreq[0m=[35mca687349[0m
[2m11:26:55[0m [[32m[1minfo     [0m] [1mrequest_finished                        [0m [36mduration[0m=[35m0.004[0m [36mmethod[0m=[35mGET[0m [36mpath[0m=[35m/api/v1/challenges/28d42606-63fd-4e32-b609-a023734f519d[0m [36mreq[0m=[35mca687349[0m [36mrequest_id[0m=[35mca687349-3fd6-4f82-9bbc-a5c4835712ea[0m [36mstatus[0m=[35m200[0m
[2m11:27:00[0m [[32m[1minfo     [0m] [1mGetting challenge status: id=28d42606-63fd-4e32-b609-a023734f519d[0m [36mreq[0m=[35m7846fd35[0m
[2m11:27:00[0m [[32m[1minfo     [0m] [1mrequest_finished                        [0m [36mduration[0m=[35m0.005[0m [36mmethod[0m=[35mGET[0m [36mpath[0m=[35m/api/v1/challenges/28d42606-63fd-4e32-b609-a023734f519d[0m [36mreq[0m=[35m7846fd35[0m [36mrequest_id[0m=[35m7846fd35-09ea-41e6-bbed-d58b298d827a[0m [36mstatus[0m=[35m200[0m
[2m11:27:05[0m [[32m[1minfo     [0m] [1mGetting challenge status: id=28d42606-63fd-4e32-b609-a023734f519d[0m [36mreq[0m=[35md4a87ae9[0m
[2m11:27:05[0m [[32m[1minfo     [0m] [1mrequest_finished                        [0m [36mduration[0m=[35m0.003[0m [36mmethod[0m=[35mGET[0m [36mpath[0m=[35m/api/v1/challenges/28d42606-63fd-4e32-b609-a023734f519d[0m [36mreq[0m=[35md4a87ae9[0m [36mrequest_id[0m=[35md4a87ae9-b74a-4373-83f0-5e5a3bed0051[0m [36mstatus[0m=[35m200[0m
[2m11:27:10[0m [[32m[1minfo     [0m] [1mGetting challenge status: id=28d42606-63fd-4e32-b609-a023734f519d[0m [36mreq[0m=[35m576542b7[0m
[2m11:27:10[0m [[32m[1minfo     [0m] [1mrequest_finished                        [0m [36mduration[0m=[35m0.003[0m [36mmethod[0m=[35mGET[0m [36mpath[0m=[35m/api/v1/challenges/28d42606-63fd-4e32-b609-a023734f519d[0m [36mreq[0m=[35m576542b7[0m [36mrequest_id[0m=[35m576542b7-77bd-460a-a0dc-f8043f1d9c8e[0m [36mstatus[0m=[35m200[0m
[2m11:27:15[0m [[32m[1minfo     [0m] [1mGetting challenge status: id=28d42606-63fd-4e32-b609-a023734f519d[0m [36mreq[0m=[35m5315d5fb[0m
[2m11:27:15[0m [[32m[1minfo     [0m] [1mrequest_finished                        [0m [36mduration[0m=[35m0.005[0m [36mmethod[0m=[35mGET[0m [36mpath[0m=[35m/api/v1/challenges/28d42606-63fd-4e32-b609-a023734f519d[0m [36mreq[0m=[35m5315d5fb[0m [36mrequest_id[0m=[35m5315d5fb-2183-4880-958b-bb7d3c0efd15[0m [36mstatus[0m=[35m200[0m
[2m11:27:20[0m [[32m[1minfo     [0m] [1mGetting challenge status: id=28d42606-63fd-4e32-b609-a023734f519d[0m [36mreq[0m=[35m0d9a77a8[0m
[2m11:27:21[0m [[32m[1minfo     [0m] [1mrequest_finished                        [0m [36mduration[0m=[35m0.028[0m [36mmethod[0m=[35mGET[0m [36mpath[0m=[35m/api/v1/challenges/28d42606-63fd-4e32-b609-a023734f519d[0m [36mreq[0m=[35m0d9a77a8[0m [36mrequest_id[0m=[35m0d9a77a8-cddc-4082-bbfd-6a85f10f988b[0m [36mstatus[0m=[35m200[0m
[2m11:27:26[0m [[32m[1minfo     [0m] [1mGetting challenge status: id=28d42606-63fd-4e32-b609-a023734f519d[0m [36mreq[0m=[35m7639f873[0m
[2m11:27:26[0m [[32m[1minfo     [0m] [1mrequest_finished                        [0m [36mduration[0m=[35m0.009[0m [36mmethod[0m=[35mGET[0m [36mpath[0m=[35m/api/v1/challenges/28d42606-63fd-4e32-b609-a023734f519d[0m [36mreq[0m=[35m7639f873[0m [36mrequest_id[0m=[35m7639f873-2b4e-4ee1-8bdc-990c8bd98148[0m [36mstatus[0m=[35m200[0m
[2m11:27:31[0m [[32m[1minfo     [0m] [1mGetting challenge status: id=28d42606-63fd-4e32-b609-a023734f519d[0m [36mreq[0m=[35mc49d1d61[0m
[2m11:27:31[0m [[32m[1minfo     [0m] [1mrequest_finished                        [0m [36mduration[0m=[35m0.005[0m [36mmethod[0m=[35mGET[0m [36mpath[0m=[35m/api/v1/challenges/28d42606-63fd-4e32-b609-a023734f519d[0m [36mreq[0m=[35mc49d1d61[0m [36mrequest_id[0m=[35mc49d1d61-ee38-4e08-bf6a-33dea6b3ce74[0m [36mstatus[0m=[35m200[0m
[2m11:27:36[0m [[32m[1minfo     [0m] [1mGetting challenge status: id=28d42606-63fd-4e32-b609-a023734f519d[0m [36mreq[0m=[35mf5598498[0m
[2m11:27:36[0m [[32m[1minfo     [0m] [1mrequest_finished                        [0m [36mduration[0m=[35m0.004[0m [36mmethod[0m=[35mGET[0m [36mpath[0m=[35m/api/v1/challenges/28d42606-63fd-4e32-b609-a023734f519d[0m [36mreq[0m=[35mf5598498[0m [36mrequest_id[0m=[35mf5598498-8ec4-4c8a-a820-87c1922390f6[0m [36mstatus[0m=[35m200[0m
[2m11:27:41[0m [[32m[1minfo     [0m] [1mGetting challenge status: id=28d42606-63fd-4e32-b609-a023734f519d[0m [36mreq[0m=[35mc8ae9415[0m
[2m11:27:41[0m [[32m[1minfo     [0m] [1mrequest_finished                        [0m [36mduration[0m=[35m0.003[0m [36mmethod[0m=[35mGET[0m [36mpath[0m=[35m/api/v1/challenges/28d42606-63fd-4e32-b609-a023734f519d[0m [36mreq[0m=[35mc8ae9415[0m [36mrequest_id[0m=[35mc8ae9415-3e45-4bcb-bf16-5360210a099e[0m [36mstatus[0m=[35m200[0m
[2m11:27:46[0m [[32m[1minfo     [0m] [1mGetting challenge status: id=28d42606-63fd-4e32-b609-a023734f519d[0m [36mreq[0m=[35m9c870147[0m
[2m11:27:46[0m [[32m[1minfo     [0m] [1mrequest_finished                        [0m [36mduration[0m=[35m0.007[0m [36mmethod[0m=[35mGET[0m [36mpath[0m=[35m/api/v1/challenges/28d42606-63fd-4e32-b609-a023734f519d[0m [36mreq[0m=[35m9c870147[0m [36mrequest_id[0m=[35m9c870147-531c-471e-abc5-7427d5d58233[0m [36mstatus[0m=[35m200[0m
[2m11:27:51[0m [[32m[1minfo     [0m] [1mGetting challenge status: id=28d42606-63fd-4e32-b609-a023734f519d[0m [36mreq[0m=[35m3b9acaa9[0m
[2m11:27:51[0m [[32m[1minfo     [0m] [1mrequest_finished                        [0m [36mduration[0m=[35m0.004[0m [36mmethod[0m=[35mGET[0m [36mpath[0m=[35m/api/v1/challenges/28d42606-63fd-4e32-b609-a023734f519d[0m [36mreq[0m=[35m3b9acaa9[0m [36mrequest_id[0m=[35m3b9acaa9-ff45-47eb-87e6-c0ea08b314d5[0m [36mstatus[0m=[35m200[0m
[2m11:27:56[0m [[32m[1minfo     [0m] [1mGetting challenge status: id=28d42606-63fd-4e32-b609-a023734f519d[0m [36mreq[0m=[35m2d6fb167[0m
[2m11:27:56[0m [[32m[1minfo     [0m] [1mrequest_finished                        [0m [36mduration[0m=[35m0.007[0m [36mmethod[0m=[35mGET[0m [36mpath[0m=[35m/api/v1/challenges/28d42606-63fd-4e32-b609-a023734f519d[0m [36mreq[0m=[35m2d6fb167[0m [36mrequest_id[0m=[35m2d6fb167-945a-4ec1-9c57-bf22fee90556[0m [36mstatus[0m=[35m200[0m
[2m11:28:01[0m [[32m[1minfo     [0m] [1mGetting challenge status: id=28d42606-63fd-4e32-b609-a023734f519d[0m [36mreq[0m=[35m4cf4251a[0m
[2m11:28:01[0m [[32m[1minfo     [0m] [1mrequest_finished                        [0m [36mduration[0m=[35m0.01[0m [36mmethod[0m=[35mGET[0m [36mpath[0m=[35m/api/v1/challenges/28d42606-63fd-4e32-b609-a023734f519d[0m [36mreq[0m=[35m4cf4251a[0m [36mrequest_id[0m=[35m4cf4251a-7e83-4a00-9753-d086205bbdff[0m [36mstatus[0m=[35m200[0m
[2m11:28:06[0m [[32m[1minfo     [0m] [1mGetting challenge status: id=28d42606-63fd-4e32-b609-a023734f519d[0m [36mreq[0m=[35m3e7e1de4[0m
[2m11:28:06[0m [[32m[1minfo     [0m] [1mrequest_finished                        [0m [36mduration[0m=[35m0.004[0m [36mmethod[0m=[35mGET[0m [36mpath[0m=[35m/api/v1/challenges/28d42606-63fd-4e32-b609-a023734f519d[0m [36mreq[0m=[35m3e7e1de4[0m [36mrequest_id[0m=[35m3e7e1de4-8a85-422c-8f9d-62ad1001537d[0m [36mstatus[0m=[35m200[0m
[2m11:28:08[0m [[32m[1minfo     [0m] [1mSandbox execution complete: success=True, time=335063ms, cached=False[0m [36mreq[0m=[35m7f2379f0[0m
[2m11:28:08[0m [[32m[1minfo     [0m] [1mCaching container image for future use...[0m [36mreq[0m=[35m7f2379f0[0m
[2m11:28:08[0m [[32m[1minfo     [0m] [1mBuilding image: lumari-sandbox:audio-55d54d6f[0m [36mreq[0m=[35m7f2379f0[0m
[2m11:28:08[0m [[32m[1minfo     [0m] [1m  pip: ['openai-whisper']               [0m [36mreq[0m=[35m7f2379f0[0m
[2m11:28:08[0m [[32m[1minfo     [0m] [1m  apt: ['ffmpeg']                       [0m [36mreq[0m=[35m7f2379f0[0m
[2m11:28:11[0m [[32m[1minfo     [0m] [1mGetting challenge status: id=28d42606-63fd-4e32-b609-a023734f519d[0m [36mreq[0m=[35m30aa45d4[0m
[2m11:28:11[0m [[32m[1minfo     [0m] [1mrequest_finished                        [0m [36mduration[0m=[35m0.012[0m [36mmethod[0m=[35mGET[0m [36mpath[0m=[35m/api/v1/challenges/28d42606-63fd-4e32-b609-a023734f519d[0m [36mreq[0m=[35m30aa45d4[0m [36mrequest_id[0m=[35m30aa45d4-3cad-4488-8467-3a34c11a4814[0m [36mstatus[0m=[35m200[0m
[2m11:28:16[0m [[32m[1minfo     [0m] [1mGetting challenge status: id=28d42606-63fd-4e32-b609-a023734f519d[0m [36mreq[0m=[35mc49b8ba8[0m
[2m11:28:16[0m [[32m[1minfo     [0m] [1mrequest_finished                        [0m [36mduration[0m=[35m0.009[0m [36mmethod[0m=[35mGET[0m [36mpath[0m=[35m/api/v1/challenges/28d42606-63fd-4e32-b609-a023734f519d[0m [36mreq[0m=[35mc49b8ba8[0m [36mrequest_id[0m=[35mc49b8ba8-4ac3-4167-8347-f808b49450e7[0m [36mstatus[0m=[35m200[0m
[2m11:28:21[0m [[32m[1minfo     [0m] [1mGetting challenge status: id=28d42606-63fd-4e32-b609-a023734f519d[0m [36mreq[0m=[35m24388bf2[0m
[2m11:28:21[0m [[32m[1minfo     [0m] [1mrequest_finished                        [0m [36mduration[0m=[35m0.013[0m [36mmethod[0m=[35mGET[0m [36mpath[0m=[35m/api/v1/challenges/28d42606-63fd-4e32-b609-a023734f519d[0m [36mreq[0m=[35m24388bf2[0m [36mrequest_id[0m=[35m24388bf2-2e62-405c-9429-47f476acb362[0m [36mstatus[0m=[35m200[0m
[2m11:28:26[0m [[32m[1minfo     [0m] [1mGetting challenge status: id=28d42606-63fd-4e32-b609-a023734f519d[0m [36mreq[0m=[35m057f3277[0m
[2m11:28:26[0m [[32m[1minfo     [0m] [1mrequest_finished                        [0m [36mduration[0m=[35m0.011[0m [36mmethod[0m=[35mGET[0m [36mpath[0m=[35m/api/v1/challenges/28d42606-63fd-4e32-b609-a023734f519d[0m [36mreq[0m=[35m057f3277[0m [36mrequest_id[0m=[35m057f3277-6a90-4f8e-a624-8aa19f1d25c3[0m [36mstatus[0m=[35m200[0m
[2m11:28:31[0m [[32m[1minfo     [0m] [1mGetting challenge status: id=28d42606-63fd-4e32-b609-a023734f519d[0m [36mreq[0m=[35m816b7f86[0m
[2m11:28:31[0m [[32m[1minfo     [0m] [1mrequest_finished                        [0m [36mduration[0m=[35m0.006[0m [36mmethod[0m=[35mGET[0m [36mpath[0m=[35m/api/v1/challenges/28d42606-63fd-4e32-b609-a023734f519d[0m [36mreq[0m=[35m816b7f86[0m [36mrequest_id[0m=[35m816b7f86-08dd-4fd4-a050-540545d940df[0m [36mstatus[0m=[35m200[0m
[2m11:28:36[0m [[32m[1minfo     [0m] [1mGetting challenge status: id=28d42606-63fd-4e32-b609-a023734f519d[0m [36mreq[0m=[35m14f114bb[0m
[2m11:28:36[0m [[32m[1minfo     [0m] [1mrequest_finished                        [0m [36mduration[0m=[35m0.009[0m [36mmethod[0m=[35mGET[0m [36mpath[0m=[35m/api/v1/challenges/28d42606-63fd-4e32-b609-a023734f519d[0m [36mreq[0m=[35m14f114bb[0m [36mrequest_id[0m=[35m14f114bb-05f3-4fa5-9bef-9c9d47bed1df[0m [36mstatus[0m=[35m200[0m
[2m11:28:41[0m [[32m[1minfo     [0m] [1mGetting challenge status: id=28d42606-63fd-4e32-b609-a023734f519d[0m [36mreq[0m=[35m5ceff317[0m
[2m11:28:41[0m [[32m[1minfo     [0m] [1mrequest_finished                        [0m [36mduration[0m=[35m0.006[0m [36mmethod[0m=[35mGET[0m [36mpath[0m=[35m/api/v1/challenges/28d42606-63fd-4e32-b609-a023734f519d[0m [36mreq[0m=[35m5ceff317[0m [36mrequest_id[0m=[35m5ceff317-5f7a-4d24-bd8d-42987fa71f71[0m [36mstatus[0m=[35m200[0m
[2m11:28:46[0m [[32m[1minfo     [0m] [1mGetting challenge status: id=28d42606-63fd-4e32-b609-a023734f519d[0m [36mreq[0m=[35m61c374dd[0m
[2m11:28:46[0m [[32m[1minfo     [0m] [1mrequest_finished                        [0m [36mduration[0m=[35m0.005[0m [36mmethod[0m=[35mGET[0m [36mpath[0m=[35m/api/v1/challenges/28d42606-63fd-4e32-b609-a023734f519d[0m [36mreq[0m=[35m61c374dd[0m [36mrequest_id[0m=[35m61c374dd-cfa8-40cf-9136-ad620a86579a[0m [36mstatus[0m=[35m200[0m
[2m11:28:51[0m [[32m[1minfo     [0m] [1mGetting challenge status: id=28d42606-63fd-4e32-b609-a023734f519d[0m [36mreq[0m=[35m75362ff1[0m
[2m11:28:51[0m [[32m[1minfo     [0m] [1mrequest_finished                        [0m [36mduration[0m=[35m0.016[0m [36mmethod[0m=[35mGET[0m [36mpath[0m=[35m/api/v1/challenges/28d42606-63fd-4e32-b609-a023734f519d[0m [36mreq[0m=[35m75362ff1[0m [36mrequest_id[0m=[35m75362ff1-4f87-4661-aa86-6c57aa900930[0m [36mstatus[0m=[35m200[0m
[2m11:28:56[0m [[32m[1minfo     [0m] [1mGetting challenge status: id=28d42606-63fd-4e32-b609-a023734f519d[0m [36mreq[0m=[35m059cae58[0m
[2m11:28:56[0m [[32m[1minfo     [0m] [1mrequest_finished                        [0m [36mduration[0m=[35m0.015[0m [36mmethod[0m=[35mGET[0m [36mpath[0m=[35m/api/v1/challenges/28d42606-63fd-4e32-b609-a023734f519d[0m [36mreq[0m=[35m059cae58[0m [36mrequest_id[0m=[35m059cae58-e4cf-45b6-a13b-2a076ff53bd6[0m [36mstatus[0m=[35m200[0m
[2m11:29:01[0m [[32m[1minfo     [0m] [1mGetting challenge status: id=28d42606-63fd-4e32-b609-a023734f519d[0m [36mreq[0m=[35m70ff0777[0m
[2m11:29:01[0m [[32m[1minfo     [0m] [1mrequest_finished                        [0m [36mduration[0m=[35m0.011[0m [36mmethod[0m=[35mGET[0m [36mpath[0m=[35m/api/v1/challenges/28d42606-63fd-4e32-b609-a023734f519d[0m [36mreq[0m=[35m70ff0777[0m [36mrequest_id[0m=[35m70ff0777-80c2-4c0c-840b-fef877ef0527[0m [36mstatus[0m=[35m200[0m
[2m11:29:06[0m [[32m[1minfo     [0m] [1mGetting challenge status: id=28d42606-63fd-4e32-b609-a023734f519d[0m [36mreq[0m=[35m0cdb3446[0m
[2m11:29:06[0m [[32m[1minfo     [0m] [1mrequest_finished                        [0m [36mduration[0m=[35m0.041[0m [36mmethod[0m=[35mGET[0m [36mpath[0m=[35m/api/v1/challenges/28d42606-63fd-4e32-b609-a023734f519d[0m [36mreq[0m=[35m0cdb3446[0m [36mrequest_id[0m=[35m0cdb3446-af0f-4cd4-a016-21599afc3980[0m [36mstatus[0m=[35m200[0m
[2m11:29:11[0m [[32m[1minfo     [0m] [1mGetting challenge status: id=28d42606-63fd-4e32-b609-a023734f519d[0m [36mreq[0m=[35m94316b9c[0m
[2m11:29:11[0m [[32m[1minfo     [0m] [1mrequest_finished                        [0m [36mduration[0m=[35m0.021[0m [36mmethod[0m=[35mGET[0m [36mpath[0m=[35m/api/v1/challenges/28d42606-63fd-4e32-b609-a023734f519d[0m [36mreq[0m=[35m94316b9c[0m [36mrequest_id[0m=[35m94316b9c-8e72-4739-a79c-06ce2f42f6c2[0m [36mstatus[0m=[35m200[0m
[2m11:29:16[0m [[32m[1minfo     [0m] [1mGetting challenge status: id=28d42606-63fd-4e32-b609-a023734f519d[0m [36mreq[0m=[35m05db7c4b[0m
[2m11:29:16[0m [[32m[1minfo     [0m] [1mrequest_finished                        [0m [36mduration[0m=[35m0.005[0m [36mmethod[0m=[35mGET[0m [36mpath[0m=[35m/api/v1/challenges/28d42606-63fd-4e32-b609-a023734f519d[0m [36mreq[0m=[35m05db7c4b[0m [36mrequest_id[0m=[35m05db7c4b-f665-43d3-aa70-ea9ab4666990[0m [36mstatus[0m=[35m200[0m
[2m11:29:21[0m [[32m[1minfo     [0m] [1mGetting challenge status: id=28d42606-63fd-4e32-b609-a023734f519d[0m [36mreq[0m=[35m7d39334d[0m
[2m11:29:21[0m [[32m[1minfo     [0m] [1mrequest_finished                        [0m [36mduration[0m=[35m0.046[0m [36mmethod[0m=[35mGET[0m [36mpath[0m=[35m/api/v1/challenges/28d42606-63fd-4e32-b609-a023734f519d[0m [36mreq[0m=[35m7d39334d[0m [36mrequest_id[0m=[35m7d39334d-eec9-4fdb-a92f-84aaf88288ca[0m [36mstatus[0m=[35m200[0m
[2m11:29:26[0m [[32m[1minfo     [0m] [1mGetting challenge status: id=28d42606-63fd-4e32-b609-a023734f519d[0m [36mreq[0m=[35mb2ffe3c0[0m
[2m11:29:26[0m [[32m[1minfo     [0m] [1mrequest_finished                        [0m [36mduration[0m=[35m0.025[0m [36mmethod[0m=[35mGET[0m [36mpath[0m=[35m/api/v1/challenges/28d42606-63fd-4e32-b609-a023734f519d[0m [36mreq[0m=[35mb2ffe3c0[0m [36mrequest_id[0m=[35mb2ffe3c0-1ae4-4f12-88a2-10b590dc436a[0m [36mstatus[0m=[35m200[0m
[2m11:29:31[0m [[32m[1minfo     [0m] [1mGetting challenge status: id=28d42606-63fd-4e32-b609-a023734f519d[0m [36mreq[0m=[35mfeb42cf7[0m
[2m11:29:32[0m [[32m[1minfo     [0m] [1mrequest_finished                        [0m [36mduration[0m=[35m0.189[0m [36mmethod[0m=[35mGET[0m [36mpath[0m=[35m/api/v1/challenges/28d42606-63fd-4e32-b609-a023734f519d[0m [36mreq[0m=[35mfeb42cf7[0m [36mrequest_id[0m=[35mfeb42cf7-12e5-4c12-bedc-2909ca6dd153[0m [36mstatus[0m=[35m200[0m
[2m11:29:37[0m [[32m[1minfo     [0m] [1mGetting challenge status: id=28d42606-63fd-4e32-b609-a023734f519d[0m [36mreq[0m=[35m0b6b02ed[0m
[2m11:29:37[0m [[32m[1minfo     [0m] [1mrequest_finished                        [0m [36mduration[0m=[35m0.078[0m [36mmethod[0m=[35mGET[0m [36mpath[0m=[35m/api/v1/challenges/28d42606-63fd-4e32-b609-a023734f519d[0m [36mreq[0m=[35m0b6b02ed[0m [36mrequest_id[0m=[35m0b6b02ed-f9f8-47b5-a81f-e6ce0b07e2f8[0m [36mstatus[0m=[35m200[0m
[2m11:29:42[0m [[32m[1minfo     [0m] [1mGetting challenge status: id=28d42606-63fd-4e32-b609-a023734f519d[0m [36mreq[0m=[35ma776301e[0m
[2m11:29:42[0m [[32m[1minfo     [0m] [1mrequest_finished                        [0m [36mduration[0m=[35m0.035[0m [36mmethod[0m=[35mGET[0m [36mpath[0m=[35m/api/v1/challenges/28d42606-63fd-4e32-b609-a023734f519d[0m [36mreq[0m=[35ma776301e[0m [36mrequest_id[0m=[35ma776301e-0110-4d3c-893d-16734a65ea7e[0m [36mstatus[0m=[35m200[0m
[2m11:29:47[0m [[32m[1minfo     [0m] [1mGetting challenge status: id=28d42606-63fd-4e32-b609-a023734f519d[0m [36mreq[0m=[35mcd8aea8a[0m
[2m11:29:47[0m [[32m[1minfo     [0m] [1mrequest_finished                        [0m [36mduration[0m=[35m0.022[0m [36mmethod[0m=[35mGET[0m [36mpath[0m=[35m/api/v1/challenges/28d42606-63fd-4e32-b609-a023734f519d[0m [36mreq[0m=[35mcd8aea8a[0m [36mrequest_id[0m=[35mcd8aea8a-e4e0-47fd-8ca0-1b6ce8ab4c79[0m [36mstatus[0m=[35m200[0m
[2m11:29:52[0m [[32m[1minfo     [0m] [1mGetting challenge status: id=28d42606-63fd-4e32-b609-a023734f519d[0m [36mreq[0m=[35mc16add72[0m
[2m11:29:52[0m [[32m[1minfo     [0m] [1mrequest_finished                        [0m [36mduration[0m=[35m0.082[0m [36mmethod[0m=[35mGET[0m [36mpath[0m=[35m/api/v1/challenges/28d42606-63fd-4e32-b609-a023734f519d[0m [36mreq[0m=[35mc16add72[0m [36mrequest_id[0m=[35mc16add72-ee31-4c5b-ba2f-dd4949da422c[0m [36mstatus[0m=[35m200[0m
[2m11:29:57[0m [[32m[1minfo     [0m] [1mGetting challenge status: id=28d42606-63fd-4e32-b609-a023734f519d[0m [36mreq[0m=[35mc4d272f7[0m
[2m11:29:57[0m [[32m[1minfo     [0m] [1mrequest_finished                        [0m [36mduration[0m=[35m0.055[0m [36mmethod[0m=[35mGET[0m [36mpath[0m=[35m/api/v1/challenges/28d42606-63fd-4e32-b609-a023734f519d[0m [36mreq[0m=[35mc4d272f7[0m [36mrequest_id[0m=[35mc4d272f7-9fe9-4d81-b553-78045af1f645[0m [36mstatus[0m=[35m200[0m
[2m11:30:02[0m [[32m[1minfo     [0m] [1mGetting challenge status: id=28d42606-63fd-4e32-b609-a023734f519d[0m [36mreq[0m=[35md4c4a529[0m
[2m11:30:02[0m [[32m[1minfo     [0m] [1mrequest_finished                        [0m [36mduration[0m=[35m0.013[0m [36mmethod[0m=[35mGET[0m [36mpath[0m=[35m/api/v1/challenges/28d42606-63fd-4e32-b609-a023734f519d[0m [36mreq[0m=[35md4c4a529[0m [36mrequest_id[0m=[35md4c4a529-d045-492f-b1a2-b6edc5ade6d1[0m [36mstatus[0m=[35m200[0m
[2m11:30:07[0m [[32m[1minfo     [0m] [1mGetting challenge status: id=28d42606-63fd-4e32-b609-a023734f519d[0m [36mreq[0m=[35m89d4210e[0m
[2m11:30:07[0m [[32m[1minfo     [0m] [1mrequest_finished                        [0m [36mduration[0m=[35m0.019[0m [36mmethod[0m=[35mGET[0m [36mpath[0m=[35m/api/v1/challenges/28d42606-63fd-4e32-b609-a023734f519d[0m [36mreq[0m=[35m89d4210e[0m [36mrequest_id[0m=[35m89d4210e-9587-4f10-8b06-cbd79a9249fb[0m [36mstatus[0m=[35m200[0m
[2m11:30:13[0m [[32m[1minfo     [0m] [1mGetting challenge status: id=28d42606-63fd-4e32-b609-a023734f519d[0m [36mreq[0m=[35m63852e73[0m
[2m11:30:13[0m [[32m[1minfo     [0m] [1mrequest_finished                        [0m [36mduration[0m=[35m0.257[0m [36mmethod[0m=[35mGET[0m [36mpath[0m=[35m/api/v1/challenges/28d42606-63fd-4e32-b609-a023734f519d[0m [36mreq[0m=[35m63852e73[0m [36mrequest_id[0m=[35m63852e73-d1e1-46d8-a80e-e3a75eb67e03[0m [36mstatus[0m=[35m200[0m
[2m11:30:18[0m [[32m[1minfo     [0m] [1mGetting challenge status: id=28d42606-63fd-4e32-b609-a023734f519d[0m [36mreq[0m=[35m3562e2ba[0m
[2m11:30:18[0m [[32m[1minfo     [0m] [1mrequest_finished                        [0m [36mduration[0m=[35m0.029[0m [36mmethod[0m=[35mGET[0m [36mpath[0m=[35m/api/v1/challenges/28d42606-63fd-4e32-b609-a023734f519d[0m [36mreq[0m=[35m3562e2ba[0m [36mrequest_id[0m=[35m3562e2ba-103b-4702-94a9-17653ba7fcbc[0m [36mstatus[0m=[35m200[0m
[2m11:30:23[0m [[32m[1minfo     [0m] [1mGetting challenge status: id=28d42606-63fd-4e32-b609-a023734f519d[0m [36mreq[0m=[35md5679f3a[0m
[2m11:30:23[0m [[32m[1minfo     [0m] [1mrequest_finished                        [0m [36mduration[0m=[35m0.056[0m [36mmethod[0m=[35mGET[0m [36mpath[0m=[35m/api/v1/challenges/28d42606-63fd-4e32-b609-a023734f519d[0m [36mreq[0m=[35md5679f3a[0m [36mrequest_id[0m=[35md5679f3a-cc5e-4423-98c8-7e75d7c85842[0m [36mstatus[0m=[35m200[0m
[2m11:30:28[0m [[32m[1minfo     [0m] [1mGetting challenge status: id=28d42606-63fd-4e32-b609-a023734f519d[0m [36mreq[0m=[35md5ca95f3[0m
[2m11:30:28[0m [[32m[1minfo     [0m] [1mrequest_finished                        [0m [36mduration[0m=[35m0.07[0m [36mmethod[0m=[35mGET[0m [36mpath[0m=[35m/api/v1/challenges/28d42606-63fd-4e32-b609-a023734f519d[0m [36mreq[0m=[35md5ca95f3[0m [36mrequest_id[0m=[35md5ca95f3-b3b0-4545-944e-a126d0333242[0m [36mstatus[0m=[35m200[0m
[2m11:30:33[0m [[32m[1minfo     [0m] [1mGetting challenge status: id=28d42606-63fd-4e32-b609-a023734f519d[0m [36mreq[0m=[35m0d9e03d3[0m
[2m11:30:33[0m [[32m[1minfo     [0m] [1mrequest_finished                        [0m [36mduration[0m=[35m0.069[0m [36mmethod[0m=[35mGET[0m [36mpath[0m=[35m/api/v1/challenges/28d42606-63fd-4e32-b609-a023734f519d[0m [36mreq[0m=[35m0d9e03d3[0m [36mrequest_id[0m=[35m0d9e03d3-2933-4b09-85a5-6492f7fa81e7[0m [36mstatus[0m=[35m200[0m
[2m11:30:38[0m [[32m[1minfo     [0m] [1mGetting challenge status: id=28d42606-63fd-4e32-b609-a023734f519d[0m [36mreq[0m=[35m92bc195e[0m
[2m11:30:38[0m [[32m[1minfo     [0m] [1mrequest_finished                        [0m [36mduration[0m=[35m0.032[0m [36mmethod[0m=[35mGET[0m [36mpath[0m=[35m/api/v1/challenges/28d42606-63fd-4e32-b609-a023734f519d[0m [36mreq[0m=[35m92bc195e[0m [36mrequest_id[0m=[35m92bc195e-4540-4e31-9fdf-322f737b86a0[0m [36mstatus[0m=[35m200[0m
[2m11:30:43[0m [[32m[1minfo     [0m] [1mGetting challenge status: id=28d42606-63fd-4e32-b609-a023734f519d[0m [36mreq[0m=[35m1a5763db[0m
[2m11:30:43[0m [[32m[1minfo     [0m] [1mrequest_finished                        [0m [36mduration[0m=[35m0.086[0m [36mmethod[0m=[35mGET[0m [36mpath[0m=[35m/api/v1/challenges/28d42606-63fd-4e32-b609-a023734f519d[0m [36mreq[0m=[35m1a5763db[0m [36mrequest_id[0m=[35m1a5763db-481d-455c-9ead-1f7819f56521[0m [36mstatus[0m=[35m200[0m
[2m11:30:49[0m [[32m[1minfo     [0m] [1mGetting challenge status: id=28d42606-63fd-4e32-b609-a023734f519d[0m [36mreq[0m=[35ma7ca05e1[0m
[2m11:30:49[0m [[32m[1minfo     [0m] [1mrequest_finished                        [0m [36mduration[0m=[35m0.286[0m [36mmethod[0m=[35mGET[0m [36mpath[0m=[35m/api/v1/challenges/28d42606-63fd-4e32-b609-a023734f519d[0m [36mreq[0m=[35ma7ca05e1[0m [36mrequest_id[0m=[35ma7ca05e1-2923-4643-9f14-9d7285cd5c91[0m [36mstatus[0m=[35m200[0m
[2m11:30:54[0m [[32m[1minfo     [0m] [1mGetting challenge status: id=28d42606-63fd-4e32-b609-a023734f519d[0m [36mreq[0m=[35ma55422d6[0m
[2m11:30:55[0m [[32m[1minfo     [0m] [1mrequest_finished                        [0m [36mduration[0m=[35m0.037[0m [36mmethod[0m=[35mGET[0m [36mpath[0m=[35m/api/v1/challenges/28d42606-63fd-4e32-b609-a023734f519d[0m [36mreq[0m=[35ma55422d6[0m [36mrequest_id[0m=[35ma55422d6-584a-4962-aff5-aa62995bd527[0m [36mstatus[0m=[35m200[0m
[2m11:31:00[0m [[32m[1minfo     [0m] [1mGetting challenge status: id=28d42606-63fd-4e32-b609-a023734f519d[0m [36mreq[0m=[35m39b11926[0m
[2m11:31:00[0m [[32m[1minfo     [0m] [1mrequest_finished                        [0m [36mduration[0m=[35m0.041[0m [36mmethod[0m=[35mGET[0m [36mpath[0m=[35m/api/v1/challenges/28d42606-63fd-4e32-b609-a023734f519d[0m [36mreq[0m=[35m39b11926[0m [36mrequest_id[0m=[35m39b11926-41d4-4539-8168-7a1c8b643280[0m [36mstatus[0m=[35m200[0m
[2m11:31:05[0m [[32m[1minfo     [0m] [1mGetting challenge status: id=28d42606-63fd-4e32-b609-a023734f519d[0m [36mreq[0m=[35m6e519b0e[0m
[2m11:31:05[0m [[32m[1minfo     [0m] [1mrequest_finished                        [0m [36mduration[0m=[35m0.063[0m [36mmethod[0m=[35mGET[0m [36mpath[0m=[35m/api/v1/challenges/28d42606-63fd-4e32-b609-a023734f519d[0m [36mreq[0m=[35m6e519b0e[0m [36mrequest_id[0m=[35m6e519b0e-d1b8-40b6-af3e-d9c4489380a1[0m [36mstatus[0m=[35m200[0m
[2m11:31:10[0m [[32m[1minfo     [0m] [1mGetting challenge status: id=28d42606-63fd-4e32-b609-a023734f519d[0m [36mreq[0m=[35mfc92d903[0m
[2m11:31:10[0m [[32m[1minfo     [0m] [1mrequest_finished                        [0m [36mduration[0m=[35m0.049[0m [36mmethod[0m=[35mGET[0m [36mpath[0m=[35m/api/v1/challenges/28d42606-63fd-4e32-b609-a023734f519d[0m [36mreq[0m=[35mfc92d903[0m [36mrequest_id[0m=[35mfc92d903-da89-4af1-a834-09853ed0c6df[0m [36mstatus[0m=[35m200[0m
[2m11:31:15[0m [[32m[1minfo     [0m] [1mGetting challenge status: id=28d42606-63fd-4e32-b609-a023734f519d[0m [36mreq[0m=[35m4a6c6d3f[0m
[2m11:31:15[0m [[32m[1minfo     [0m] [1mrequest_finished                        [0m [36mduration[0m=[35m0.047[0m [36mmethod[0m=[35mGET[0m [36mpath[0m=[35m/api/v1/challenges/28d42606-63fd-4e32-b609-a023734f519d[0m [36mreq[0m=[35m4a6c6d3f[0m [36mrequest_id[0m=[35m4a6c6d3f-f036-4026-ba41-ed0e5f5770fd[0m [36mstatus[0m=[35m200[0m
[2m11:31:20[0m [[32m[1minfo     [0m] [1mGetting challenge status: id=28d42606-63fd-4e32-b609-a023734f519d[0m [36mreq[0m=[35m44d9cc92[0m
[2m11:31:20[0m [[32m[1minfo     [0m] [1mrequest_finished                        [0m [36mduration[0m=[35m0.037[0m [36mmethod[0m=[35mGET[0m [36mpath[0m=[35m/api/v1/challenges/28d42606-63fd-4e32-b609-a023734f519d[0m [36mreq[0m=[35m44d9cc92[0m [36mrequest_id[0m=[35m44d9cc92-c17b-4712-a245-fb2ba0c45915[0m [36mstatus[0m=[35m200[0m
[2m11:31:25[0m [[32m[1minfo     [0m] [1mGetting challenge status: id=28d42606-63fd-4e32-b609-a023734f519d[0m [36mreq[0m=[35m85bd90f5[0m
[2m11:31:25[0m [[32m[1minfo     [0m] [1mrequest_finished                        [0m [36mduration[0m=[35m0.028[0m [36mmethod[0m=[35mGET[0m [36mpath[0m=[35m/api/v1/challenges/28d42606-63fd-4e32-b609-a023734f519d[0m [36mreq[0m=[35m85bd90f5[0m [36mrequest_id[0m=[35m85bd90f5-e975-4920-95b6-369cba41c1cc[0m [36mstatus[0m=[35m200[0m
[2m11:31:30[0m [[32m[1minfo     [0m] [1mGetting challenge status: id=28d42606-63fd-4e32-b609-a023734f519d[0m [36mreq[0m=[35m29fca69c[0m
[2m11:31:30[0m [[32m[1minfo     [0m] [1mrequest_finished                        [0m [36mduration[0m=[35m0.034[0m [36mmethod[0m=[35mGET[0m [36mpath[0m=[35m/api/v1/challenges/28d42606-63fd-4e32-b609-a023734f519d[0m [36mreq[0m=[35m29fca69c[0m [36mrequest_id[0m=[35m29fca69c-b77d-4ecf-94ab-5a6820eacd96[0m [36mstatus[0m=[35m200[0m
[2m11:31:35[0m [[32m[1minfo     [0m] [1mGetting challenge status: id=28d42606-63fd-4e32-b609-a023734f519d[0m [36mreq[0m=[35m19b8e8c4[0m
[2m11:31:35[0m [[32m[1minfo     [0m] [1mrequest_finished                        [0m [36mduration[0m=[35m0.011[0m [36mmethod[0m=[35mGET[0m [36mpath[0m=[35m/api/v1/challenges/28d42606-63fd-4e32-b609-a023734f519d[0m [36mreq[0m=[35m19b8e8c4[0m [36mrequest_id[0m=[35m19b8e8c4-4ca1-47ce-a10f-7009c7c6e88e[0m [36mstatus[0m=[35m200[0m
[2m11:31:40[0m [[32m[1minfo     [0m] [1mGetting challenge status: id=28d42606-63fd-4e32-b609-a023734f519d[0m [36mreq[0m=[35m051d0fcd[0m
[2m11:31:40[0m [[32m[1minfo     [0m] [1mrequest_finished                        [0m [36mduration[0m=[35m0.015[0m [36mmethod[0m=[35mGET[0m [36mpath[0m=[35m/api/v1/challenges/28d42606-63fd-4e32-b609-a023734f519d[0m [36mreq[0m=[35m051d0fcd[0m [36mrequest_id[0m=[35m051d0fcd-9211-4953-8032-d2086aac2960[0m [36mstatus[0m=[35m200[0m
[2m11:31:45[0m [[32m[1minfo     [0m] [1mGetting challenge status: id=28d42606-63fd-4e32-b609-a023734f519d[0m [36mreq[0m=[35m15e5e506[0m
[2m11:31:45[0m [[32m[1minfo     [0m] [1mrequest_finished                        [0m [36mduration[0m=[35m0.06[0m [36mmethod[0m=[35mGET[0m [36mpath[0m=[35m/api/v1/challenges/28d42606-63fd-4e32-b609-a023734f519d[0m [36mreq[0m=[35m15e5e506[0m [36mrequest_id[0m=[35m15e5e506-d8d8-4312-9bd4-ff414bc5c774[0m [36mstatus[0m=[35m200[0m
[2m11:31:50[0m [[32m[1minfo     [0m] [1mGetting challenge status: id=28d42606-63fd-4e32-b609-a023734f519d[0m [36mreq[0m=[35mefb91e22[0m
[2m11:31:50[0m [[32m[1minfo     [0m] [1mrequest_finished                        [0m [36mduration[0m=[35m0.025[0m [36mmethod[0m=[35mGET[0m [36mpath[0m=[35m/api/v1/challenges/28d42606-63fd-4e32-b609-a023734f519d[0m [36mreq[0m=[35mefb91e22[0m [36mrequest_id[0m=[35mefb91e22-51e3-49fb-be7f-b550cd6ee3d7[0m [36mstatus[0m=[35m200[0m
[2m11:31:56[0m [[32m[1minfo     [0m] [1mGetting challenge status: id=28d42606-63fd-4e32-b609-a023734f519d[0m [36mreq[0m=[35m4285c84c[0m
[2m11:31:56[0m [[32m[1minfo     [0m] [1mrequest_finished                        [0m [36mduration[0m=[35m0.233[0m [36mmethod[0m=[35mGET[0m [36mpath[0m=[35m/api/v1/challenges/28d42606-63fd-4e32-b609-a023734f519d[0m [36mreq[0m=[35m4285c84c[0m [36mrequest_id[0m=[35m4285c84c-581e-4dfa-958b-0aefa3e215f2[0m [36mstatus[0m=[35m200[0m
[2m11:32:01[0m [[32m[1minfo     [0m] [1mGetting challenge status: id=28d42606-63fd-4e32-b609-a023734f519d[0m [36mreq[0m=[35ma6589546[0m
[2m11:32:01[0m [[32m[1minfo     [0m] [1mrequest_finished                        [0m [36mduration[0m=[35m0.041[0m [36mmethod[0m=[35mGET[0m [36mpath[0m=[35m/api/v1/challenges/28d42606-63fd-4e32-b609-a023734f519d[0m [36mreq[0m=[35ma6589546[0m [36mrequest_id[0m=[35ma6589546-4a84-47ab-b049-196eed79c2e1[0m [36mstatus[0m=[35m200[0m
[2m11:32:06[0m [[32m[1minfo     [0m] [1mGetting challenge status: id=28d42606-63fd-4e32-b609-a023734f519d[0m [36mreq[0m=[35mc8ff4428[0m
[2m11:32:06[0m [[32m[1minfo     [0m] [1mrequest_finished                        [0m [36mduration[0m=[35m0.086[0m [36mmethod[0m=[35mGET[0m [36mpath[0m=[35m/api/v1/challenges/28d42606-63fd-4e32-b609-a023734f519d[0m [36mreq[0m=[35mc8ff4428[0m [36mrequest_id[0m=[35mc8ff4428-1471-44b8-b5be-fdbff6f55b42[0m [36mstatus[0m=[35m200[0m
[2m11:32:11[0m [[32m[1minfo     [0m] [1mGetting challenge status: id=28d42606-63fd-4e32-b609-a023734f519d[0m [36mreq[0m=[35mb4810024[0m
[2m11:32:11[0m [[32m[1minfo     [0m] [1mrequest_finished                        [0m [36mduration[0m=[35m0.029[0m [36mmethod[0m=[35mGET[0m [36mpath[0m=[35m/api/v1/challenges/28d42606-63fd-4e32-b609-a023734f519d[0m [36mreq[0m=[35mb4810024[0m [36mrequest_id[0m=[35mb4810024-116e-4593-a008-265b5329f314[0m [36mstatus[0m=[35m200[0m
[2m11:32:16[0m [[32m[1minfo     [0m] [1mGetting challenge status: id=28d42606-63fd-4e32-b609-a023734f519d[0m [36mreq[0m=[35m801aa442[0m
[2m11:32:16[0m [[32m[1minfo     [0m] [1mrequest_finished                        [0m [36mduration[0m=[35m0.043[0m [36mmethod[0m=[35mGET[0m [36mpath[0m=[35m/api/v1/challenges/28d42606-63fd-4e32-b609-a023734f519d[0m [36mreq[0m=[35m801aa442[0m [36mrequest_id[0m=[35m801aa442-de93-4535-8636-30f11b706088[0m [36mstatus[0m=[35m200[0m
[2m11:32:21[0m [[32m[1minfo     [0m] [1mGetting challenge status: id=28d42606-63fd-4e32-b609-a023734f519d[0m [36mreq[0m=[35m4f4148d4[0m
[2m11:32:21[0m [[32m[1minfo     [0m] [1mrequest_finished                        [0m [36mduration[0m=[35m0.013[0m [36mmethod[0m=[35mGET[0m [36mpath[0m=[35m/api/v1/challenges/28d42606-63fd-4e32-b609-a023734f519d[0m [36mreq[0m=[35m4f4148d4[0m [36mrequest_id[0m=[35m4f4148d4-7885-41b1-bf41-cf54e2b4159f[0m [36mstatus[0m=[35m200[0m
[2m11:32:26[0m [[32m[1minfo     [0m] [1mGetting challenge status: id=28d42606-63fd-4e32-b609-a023734f519d[0m [36mreq[0m=[35mfb435864[0m
[2m11:32:26[0m [[32m[1minfo     [0m] [1mrequest_finished                        [0m [36mduration[0m=[35m0.011[0m [36mmethod[0m=[35mGET[0m [36mpath[0m=[35m/api/v1/challenges/28d42606-63fd-4e32-b609-a023734f519d[0m [36mreq[0m=[35mfb435864[0m [36mrequest_id[0m=[35mfb435864-248b-49d6-bab5-55fee31d1a8c[0m [36mstatus[0m=[35m200[0m
[2m11:32:31[0m [[32m[1minfo     [0m] [1mGetting challenge status: id=28d42606-63fd-4e32-b609-a023734f519d[0m [36mreq[0m=[35m784f81b2[0m
[2m11:32:31[0m [[32m[1minfo     [0m] [1mrequest_finished                        [0m [36mduration[0m=[35m0.024[0m [36mmethod[0m=[35mGET[0m [36mpath[0m=[35m/api/v1/challenges/28d42606-63fd-4e32-b609-a023734f519d[0m [36mreq[0m=[35m784f81b2[0m [36mrequest_id[0m=[35m784f81b2-e1c0-438d-ab49-b539e866fa69[0m [36mstatus[0m=[35m200[0m
[2m11:32:36[0m [[32m[1minfo     [0m] [1mGetting challenge status: id=28d42606-63fd-4e32-b609-a023734f519d[0m [36mreq[0m=[35mf3a07231[0m
[2m11:32:36[0m [[32m[1minfo     [0m] [1mrequest_finished                        [0m [36mduration[0m=[35m0.009[0m [36mmethod[0m=[35mGET[0m [36mpath[0m=[35m/api/v1/challenges/28d42606-63fd-4e32-b609-a023734f519d[0m [36mreq[0m=[35mf3a07231[0m [36mrequest_id[0m=[35mf3a07231-31d1-4b53-b60f-5626bca2467f[0m [36mstatus[0m=[35m200[0m
[2m11:32:41[0m [[32m[1minfo     [0m] [1mGetting challenge status: id=28d42606-63fd-4e32-b609-a023734f519d[0m [36mreq[0m=[35mebd56e63[0m
[2m11:32:41[0m [[32m[1minfo     [0m] [1mrequest_finished                        [0m [36mduration[0m=[35m0.058[0m [36mmethod[0m=[35mGET[0m [36mpath[0m=[35m/api/v1/challenges/28d42606-63fd-4e32-b609-a023734f519d[0m [36mreq[0m=[35mebd56e63[0m [36mrequest_id[0m=[35mebd56e63-9bbb-4689-bc8c-8aa6178badcb[0m [36mstatus[0m=[35m200[0m
[2m11:32:41[0m [[32m[1minfo     [0m] [1mFile upload: sicherheitsbericht_20251105.opus, size=318785, type=audio/opus[0m [36mreq[0m=[35m7f2ca54a[0m
[2m11:32:41[0m [[32m[1minfo     [0m] [1mSaved binary file to: /Users/patrick/Documents/Uni/master_project/backend/app/api/v1/endpoints/../../../uploads/16718c53-dee2-4f60-9b24-4362648276dc.opus[0m [36mreq[0m=[35m7f2ca54a[0m
[2m11:32:41[0m [[32m[1minfo     [0m] [1mAudio transcription skill available: skill_audio_transcription — will transcribe in background[0m [36mreq[0m=[35m7f2ca54a[0m
[2m11:32:42[0m [[32m[1minfo     [0m] [1mFile upload: sicherheitsbericht_20251105.opus -> challenge_id=04736654-27ed-4812-a880-6d92c9c1bd60, gaps=0, route=execute[0m [36mreq[0m=[35m7f2ca54a[0m
[2m11:32:42[0m [[32m[1minfo     [0m] [1mrequest_finished                        [0m [36mduration[0m=[35m0.291[0m [36mmethod[0m=[35mPOST[0m [36mpath[0m=[35m/api/v1/challenges/upload[0m [36mreq[0m=[35m7f2ca54a[0m [36mrequest_id[0m=[35m7f2ca54a-8ca5-4d08-86ae-fa8fe826924d[0m [36mstatus[0m=[35m200[0m
[2m11:32:42[0m [[32m[1minfo     [0m] [1mExecuting challenge: id=04736654-27ed-4812-a880-6d92c9c1bd60[0m [36mreq[0m=[35ma5deebf5[0m
[2m11:32:42[0m [[32m[1minfo     [0m] [1mrequest_finished                        [0m [36mduration[0m=[35m0.015[0m [36mmethod[0m=[35mPOST[0m [36mpath[0m=[35m/api/v1/challenges/04736654-27ed-4812-a880-6d92c9c1bd60/execute[0m [36mreq[0m=[35ma5deebf5[0m [36mrequest_id[0m=[35ma5deebf5-cfc1-4377-8d51-643a9ec38c7a[0m [36mstatus[0m=[35m200[0m
[2m11:32:42[0m [[32m[1minfo     [0m] [1mStarting background execution: challenge_id=04736654-27ed-4812-a880-6d92c9c1bd60[0m [36mreq[0m=[35ma5deebf5[0m
[2m11:32:42[0m [[32m[1minfo     [0m] [1mTranskribiere Audio vor Execution: /Users/patrick/Documents/Uni/master_project/backend/app/api/v1/endpoints/../../../uploads/16718c53-dee2-4f60-9b24-4362648276dc.opus mit Skill skill_audio_transcription[0m [36mreq[0m=[35ma5deebf5[0m
[2m11:32:42[0m [[32m[1minfo     [0m] [1mStarting sandbox execution: pip=['openai-whisper'], apt=['ffmpeg'], input_files=['16718c53-dee2-4f60-9b24-4362648276dc.opus'][0m [36mreq[0m=[35ma5deebf5[0m
[2m11:32:42[0m [[32m[1minfo     [0m] [1mDocker client connected successfully    [0m [36mreq[0m=[35ma5deebf5[0m
[2m11:32:44[0m [[32m[1minfo     [0m] [1mInstalling system packages: ffmpeg      [0m [36mreq[0m=[35ma5deebf5[0m
[2m11:32:47[0m [[32m[1minfo     [0m] [1mGetting challenge status: id=04736654-27ed-4812-a880-6d92c9c1bd60[0m [36mreq[0m=[35m7d9a0aec[0m
[2m11:32:47[0m [[32m[1minfo     [0m] [1mrequest_finished                        [0m [36mduration[0m=[35m0.069[0m [36mmethod[0m=[35mGET[0m [36mpath[0m=[35m/api/v1/challenges/04736654-27ed-4812-a880-6d92c9c1bd60[0m [36mreq[0m=[35m7d9a0aec[0m [36mrequest_id[0m=[35m7d9a0aec-a494-4af6-84d5-b42ca2d9e103[0m [36mstatus[0m=[35m200[0m
[2m11:32:52[0m [[32m[1minfo     [0m] [1mGetting challenge status: id=04736654-27ed-4812-a880-6d92c9c1bd60[0m [36mreq[0m=[35mffdd0d55[0m
[2m11:32:52[0m [[32m[1minfo     [0m] [1mrequest_finished                        [0m [36mduration[0m=[35m0.052[0m [36mmethod[0m=[35mGET[0m [36mpath[0m=[35m/api/v1/challenges/04736654-27ed-4812-a880-6d92c9c1bd60[0m [36mreq[0m=[35mffdd0d55[0m [36mrequest_id[0m=[35mffdd0d55-9990-403d-b837-859796912820[0m [36mstatus[0m=[35m200[0m
[2m11:32:57[0m [[32m[1minfo     [0m] [1mGetting challenge status: id=04736654-27ed-4812-a880-6d92c9c1bd60[0m [36mreq[0m=[35m97b345e8[0m
[2m11:32:57[0m [[32m[1minfo     [0m] [1mrequest_finished                        [0m [36mduration[0m=[35m0.08[0m [36mmethod[0m=[35mGET[0m [36mpath[0m=[35m/api/v1/challenges/04736654-27ed-4812-a880-6d92c9c1bd60[0m [36mreq[0m=[35m97b345e8[0m [36mrequest_id[0m=[35m97b345e8-68e6-4161-9106-846db869b599[0m [36mstatus[0m=[35m200[0m
[2m11:33:02[0m [[32m[1minfo     [0m] [1mGetting challenge status: id=04736654-27ed-4812-a880-6d92c9c1bd60[0m [36mreq[0m=[35m1775dadb[0m
[2m11:33:02[0m [[32m[1minfo     [0m] [1mrequest_finished                        [0m [36mduration[0m=[35m0.06[0m [36mmethod[0m=[35mGET[0m [36mpath[0m=[35m/api/v1/challenges/04736654-27ed-4812-a880-6d92c9c1bd60[0m [36mreq[0m=[35m1775dadb[0m [36mrequest_id[0m=[35m1775dadb-767b-48b5-8e73-00fd840889f3[0m [36mstatus[0m=[35m200[0m
[2m11:33:07[0m [[32m[1minfo     [0m] [1mGetting challenge status: id=04736654-27ed-4812-a880-6d92c9c1bd60[0m [36mreq[0m=[35mb6c22782[0m
[2m11:33:07[0m [[32m[1minfo     [0m] [1mrequest_finished                        [0m [36mduration[0m=[35m0.01[0m [36mmethod[0m=[35mGET[0m [36mpath[0m=[35m/api/v1/challenges/04736654-27ed-4812-a880-6d92c9c1bd60[0m [36mreq[0m=[35mb6c22782[0m [36mrequest_id[0m=[35mb6c22782-960b-4640-b7eb-8e158fc4cb94[0m [36mstatus[0m=[35m200[0m
[2m11:33:12[0m [[32m[1minfo     [0m] [1mGetting challenge status: id=04736654-27ed-4812-a880-6d92c9c1bd60[0m [36mreq[0m=[35m46396159[0m
[2m11:33:12[0m [[32m[1minfo     [0m] [1mrequest_finished                        [0m [36mduration[0m=[35m0.03[0m [36mmethod[0m=[35mGET[0m [36mpath[0m=[35m/api/v1/challenges/04736654-27ed-4812-a880-6d92c9c1bd60[0m [36mreq[0m=[35m46396159[0m [36mrequest_id[0m=[35m46396159-a871-4fbc-9ca3-39c1582f25ec[0m [36mstatus[0m=[35m200[0m
[2m11:33:17[0m [[32m[1minfo     [0m] [1mGetting challenge status: id=04736654-27ed-4812-a880-6d92c9c1bd60[0m [36mreq[0m=[35m1e01743f[0m
[2m11:33:17[0m [[32m[1minfo     [0m] [1mrequest_finished                        [0m [36mduration[0m=[35m0.066[0m [36mmethod[0m=[35mGET[0m [36mpath[0m=[35m/api/v1/challenges/04736654-27ed-4812-a880-6d92c9c1bd60[0m [36mreq[0m=[35m1e01743f[0m [36mrequest_id[0m=[35m1e01743f-81a6-4e08-8120-1113dc4bb1e5[0m [36mstatus[0m=[35m200[0m
[2m11:33:22[0m [[32m[1minfo     [0m] [1mGetting challenge status: id=04736654-27ed-4812-a880-6d92c9c1bd60[0m [36mreq[0m=[35me0bfcc14[0m
[2m11:33:22[0m [[32m[1minfo     [0m] [1mrequest_finished                        [0m [36mduration[0m=[35m0.024[0m [36mmethod[0m=[35mGET[0m [36mpath[0m=[35m/api/v1/challenges/04736654-27ed-4812-a880-6d92c9c1bd60[0m [36mreq[0m=[35me0bfcc14[0m [36mrequest_id[0m=[35me0bfcc14-4d57-4b0d-88ca-f76f01d7c19b[0m [36mstatus[0m=[35m200[0m
[2m11:33:27[0m [[32m[1minfo     [0m] [1mGetting challenge status: id=04736654-27ed-4812-a880-6d92c9c1bd60[0m [36mreq[0m=[35m9654b699[0m
[2m11:33:28[0m [[32m[1minfo     [0m] [1mrequest_finished                        [0m [36mduration[0m=[35m0.009[0m [36mmethod[0m=[35mGET[0m [36mpath[0m=[35m/api/v1/challenges/04736654-27ed-4812-a880-6d92c9c1bd60[0m [36mreq[0m=[35m9654b699[0m [36mrequest_id[0m=[35m9654b699-ce8e-4196-bb3f-50273d179694[0m [36mstatus[0m=[35m200[0m
[2m11:33:33[0m [[32m[1minfo     [0m] [1mGetting challenge status: id=04736654-27ed-4812-a880-6d92c9c1bd60[0m [36mreq[0m=[35me2acb472[0m
[2m11:33:33[0m [[32m[1minfo     [0m] [1mrequest_finished                        [0m [36mduration[0m=[35m0.036[0m [36mmethod[0m=[35mGET[0m [36mpath[0m=[35m/api/v1/challenges/04736654-27ed-4812-a880-6d92c9c1bd60[0m [36mreq[0m=[35me2acb472[0m [36mrequest_id[0m=[35me2acb472-a80b-4d83-b6d6-9af48ea5bdb2[0m [36mstatus[0m=[35m200[0m
[2m11:33:38[0m [[32m[1minfo     [0m] [1mGetting challenge status: id=04736654-27ed-4812-a880-6d92c9c1bd60[0m [36mreq[0m=[35mf0a5ca53[0m
[2m11:33:38[0m [[32m[1minfo     [0m] [1mrequest_finished                        [0m [36mduration[0m=[35m0.018[0m [36mmethod[0m=[35mGET[0m [36mpath[0m=[35m/api/v1/challenges/04736654-27ed-4812-a880-6d92c9c1bd60[0m [36mreq[0m=[35mf0a5ca53[0m [36mrequest_id[0m=[35mf0a5ca53-ca2c-4910-95ff-a0ca01945f43[0m [36mstatus[0m=[35m200[0m
[2m11:33:43[0m [[32m[1minfo     [0m] [1mGetting challenge status: id=04736654-27ed-4812-a880-6d92c9c1bd60[0m [36mreq[0m=[35m1e02625a[0m
[2m11:33:43[0m [[32m[1minfo     [0m] [1mrequest_finished                        [0m [36mduration[0m=[35m0.067[0m [36mmethod[0m=[35mGET[0m [36mpath[0m=[35m/api/v1/challenges/04736654-27ed-4812-a880-6d92c9c1bd60[0m [36mreq[0m=[35m1e02625a[0m [36mrequest_id[0m=[35m1e02625a-6a9b-416b-9a02-5ee85e7cf528[0m [36mstatus[0m=[35m200[0m
[2m11:33:48[0m [[32m[1minfo     [0m] [1mGetting challenge status: id=04736654-27ed-4812-a880-6d92c9c1bd60[0m [36mreq[0m=[35md4135a9e[0m
[2m11:33:48[0m [[32m[1minfo     [0m] [1mrequest_finished                        [0m [36mduration[0m=[35m0.029[0m [36mmethod[0m=[35mGET[0m [36mpath[0m=[35m/api/v1/challenges/04736654-27ed-4812-a880-6d92c9c1bd60[0m [36mreq[0m=[35md4135a9e[0m [36mrequest_id[0m=[35md4135a9e-3f72-4a2c-8807-649f2f9fe241[0m [36mstatus[0m=[35m200[0m
[2m11:33:53[0m [[32m[1minfo     [0m] [1mGetting challenge status: id=04736654-27ed-4812-a880-6d92c9c1bd60[0m [36mreq[0m=[35m156a45db[0m
[2m11:33:53[0m [[32m[1minfo     [0m] [1mrequest_finished                        [0m [36mduration[0m=[35m0.016[0m [36mmethod[0m=[35mGET[0m [36mpath[0m=[35m/api/v1/challenges/04736654-27ed-4812-a880-6d92c9c1bd60[0m [36mreq[0m=[35m156a45db[0m [36mrequest_id[0m=[35m156a45db-d0f7-4444-8c78-d1d7bec83314[0m [36mstatus[0m=[35m200[0m
[2m11:33:58[0m [[32m[1minfo     [0m] [1mGetting challenge status: id=04736654-27ed-4812-a880-6d92c9c1bd60[0m [36mreq[0m=[35m3a0600ae[0m
[2m11:33:58[0m [[32m[1minfo     [0m] [1mrequest_finished                        [0m [36mduration[0m=[35m0.012[0m [36mmethod[0m=[35mGET[0m [36mpath[0m=[35m/api/v1/challenges/04736654-27ed-4812-a880-6d92c9c1bd60[0m [36mreq[0m=[35m3a0600ae[0m [36mrequest_id[0m=[35m3a0600ae-56fa-4148-b2e7-f1a95d80b95a[0m [36mstatus[0m=[35m200[0m
[2m11:34:03[0m [[32m[1minfo     [0m] [1mGetting challenge status: id=04736654-27ed-4812-a880-6d92c9c1bd60[0m [36mreq[0m=[35mcec9692e[0m
[2m11:34:03[0m [[32m[1minfo     [0m] [1mrequest_finished                        [0m [36mduration[0m=[35m0.044[0m [36mmethod[0m=[35mGET[0m [36mpath[0m=[35m/api/v1/challenges/04736654-27ed-4812-a880-6d92c9c1bd60[0m [36mreq[0m=[35mcec9692e[0m [36mrequest_id[0m=[35mcec9692e-91d1-40c8-a323-ce87f7e15ed0[0m [36mstatus[0m=[35m200[0m
[2m11:34:08[0m [[32m[1minfo     [0m] [1mGetting challenge status: id=04736654-27ed-4812-a880-6d92c9c1bd60[0m [36mreq[0m=[35m761a4934[0m
[2m11:34:08[0m [[32m[1minfo     [0m] [1mrequest_finished                        [0m [36mduration[0m=[35m0.016[0m [36mmethod[0m=[35mGET[0m [36mpath[0m=[35m/api/v1/challenges/04736654-27ed-4812-a880-6d92c9c1bd60[0m [36mreq[0m=[35m761a4934[0m [36mrequest_id[0m=[35m761a4934-a5a2-40a9-bf8c-2d6b10fdf2ec[0m [36mstatus[0m=[35m200[0m
[2m11:34:13[0m [[32m[1minfo     [0m] [1mGetting challenge status: id=04736654-27ed-4812-a880-6d92c9c1bd60[0m [36mreq[0m=[35m7becfc84[0m
[2m11:34:13[0m [[32m[1minfo     [0m] [1mrequest_finished                        [0m [36mduration[0m=[35m0.02[0m [36mmethod[0m=[35mGET[0m [36mpath[0m=[35m/api/v1/challenges/04736654-27ed-4812-a880-6d92c9c1bd60[0m [36mreq[0m=[35m7becfc84[0m [36mrequest_id[0m=[35m7becfc84-3ab3-4e18-8896-e7b3575ebaf6[0m [36mstatus[0m=[35m200[0m
[2m11:34:18[0m [[32m[1minfo     [0m] [1mGetting challenge status: id=04736654-27ed-4812-a880-6d92c9c1bd60[0m [36mreq[0m=[35m6a191863[0m
[2m11:34:18[0m [[32m[1minfo     [0m] [1mrequest_finished                        [0m [36mduration[0m=[35m0.034[0m [36mmethod[0m=[35mGET[0m [36mpath[0m=[35m/api/v1/challenges/04736654-27ed-4812-a880-6d92c9c1bd60[0m [36mreq[0m=[35m6a191863[0m [36mrequest_id[0m=[35m6a191863-1ef6-4973-bf67-4f0a3e42c109[0m [36mstatus[0m=[35m200[0m
[2m11:34:21[0m [[32m[1minfo     [0m] [1mSystem packages installed successfully: ffmpeg[0m [36mreq[0m=[35ma5deebf5[0m
[2m11:34:21[0m [[32m[1minfo     [0m] [1mInstalling pip packages: "openai-whisper"[0m [36mreq[0m=[35ma5deebf5[0m
[2m11:34:23[0m [[32m[1minfo     [0m] [1mGetting challenge status: id=04736654-27ed-4812-a880-6d92c9c1bd60[0m [36mreq[0m=[35m02a1fde3[0m
[2m11:34:23[0m [[32m[1minfo     [0m] [1mrequest_finished                        [0m [36mduration[0m=[35m0.013[0m [36mmethod[0m=[35mGET[0m [36mpath[0m=[35m/api/v1/challenges/04736654-27ed-4812-a880-6d92c9c1bd60[0m [36mreq[0m=[35m02a1fde3[0m [36mrequest_id[0m=[35m02a1fde3-d6b9-4e90-a86b-5360337533e0[0m [36mstatus[0m=[35m200[0m
[2m11:34:28[0m [[32m[1minfo     [0m] [1mGetting challenge status: id=04736654-27ed-4812-a880-6d92c9c1bd60[0m [36mreq[0m=[35m415b75cb[0m
[2m11:34:28[0m [[32m[1minfo     [0m] [1mrequest_finished                        [0m [36mduration[0m=[35m0.025[0m [36mmethod[0m=[35mGET[0m [36mpath[0m=[35m/api/v1/challenges/04736654-27ed-4812-a880-6d92c9c1bd60[0m [36mreq[0m=[35m415b75cb[0m [36mrequest_id[0m=[35m415b75cb-58be-4544-9862-d6901d9ca0af[0m [36mstatus[0m=[35m200[0m
[2m11:34:33[0m [[32m[1minfo     [0m] [1mGetting challenge status: id=04736654-27ed-4812-a880-6d92c9c1bd60[0m [36mreq[0m=[35m53ca3493[0m
[2m11:34:34[0m [[32m[1minfo     [0m] [1mrequest_finished                        [0m [36mduration[0m=[35m0.072[0m [36mmethod[0m=[35mGET[0m [36mpath[0m=[35m/api/v1/challenges/04736654-27ed-4812-a880-6d92c9c1bd60[0m [36mreq[0m=[35m53ca3493[0m [36mrequest_id[0m=[35m53ca3493-454b-4e55-af47-b4e438d9540e[0m [36mstatus[0m=[35m200[0m
[2m11:34:39[0m [[32m[1minfo     [0m] [1mGetting challenge status: id=04736654-27ed-4812-a880-6d92c9c1bd60[0m [36mreq[0m=[35m1ff13d28[0m
[2m11:34:39[0m [[32m[1minfo     [0m] [1mrequest_finished                        [0m [36mduration[0m=[35m0.079[0m [36mmethod[0m=[35mGET[0m [36mpath[0m=[35m/api/v1/challenges/04736654-27ed-4812-a880-6d92c9c1bd60[0m [36mreq[0m=[35m1ff13d28[0m [36mrequest_id[0m=[35m1ff13d28-ba7c-45ac-beda-7bf08f320bff[0m [36mstatus[0m=[35m200[0m
[2m11:34:44[0m [[32m[1minfo     [0m] [1mGetting challenge status: id=04736654-27ed-4812-a880-6d92c9c1bd60[0m [36mreq[0m=[35m1b76f825[0m
[2m11:34:44[0m [[32m[1minfo     [0m] [1mrequest_finished                        [0m [36mduration[0m=[35m0.038[0m [36mmethod[0m=[35mGET[0m [36mpath[0m=[35m/api/v1/challenges/04736654-27ed-4812-a880-6d92c9c1bd60[0m [36mreq[0m=[35m1b76f825[0m [36mrequest_id[0m=[35m1b76f825-bc70-4ad3-ad20-ebf8e2f77a8a[0m [36mstatus[0m=[35m200[0m
[2m11:34:49[0m [[32m[1minfo     [0m] [1mGetting challenge status: id=04736654-27ed-4812-a880-6d92c9c1bd60[0m [36mreq[0m=[35m4abbcb10[0m
[2m11:34:49[0m [[32m[1minfo     [0m] [1mrequest_finished                        [0m [36mduration[0m=[35m0.069[0m [36mmethod[0m=[35mGET[0m [36mpath[0m=[35m/api/v1/challenges/04736654-27ed-4812-a880-6d92c9c1bd60[0m [36mreq[0m=[35m4abbcb10[0m [36mrequest_id[0m=[35m4abbcb10-7a51-4025-b8b6-bfc40b2949bd[0m [36mstatus[0m=[35m200[0m
[2m11:34:54[0m [[32m[1minfo     [0m] [1mGetting challenge status: id=04736654-27ed-4812-a880-6d92c9c1bd60[0m [36mreq[0m=[35ma3060b47[0m
[2m11:34:54[0m [[32m[1minfo     [0m] [1mrequest_finished                        [0m [36mduration[0m=[35m0.177[0m [36mmethod[0m=[35mGET[0m [36mpath[0m=[35m/api/v1/challenges/04736654-27ed-4812-a880-6d92c9c1bd60[0m [36mreq[0m=[35ma3060b47[0m [36mrequest_id[0m=[35ma3060b47-9ca6-48c3-80a2-d39277cc3305[0m [36mstatus[0m=[35m200[0m
[2m11:34:59[0m [[32m[1minfo     [0m] [1mGetting challenge status: id=04736654-27ed-4812-a880-6d92c9c1bd60[0m [36mreq[0m=[35m524895c8[0m
[2m11:35:00[0m [[32m[1minfo     [0m] [1mrequest_finished                        [0m [36mduration[0m=[35m0.078[0m [36mmethod[0m=[35mGET[0m [36mpath[0m=[35m/api/v1/challenges/04736654-27ed-4812-a880-6d92c9c1bd60[0m [36mreq[0m=[35m524895c8[0m [36mrequest_id[0m=[35m524895c8-8972-4c68-846c-c9732de1bd57[0m [36mstatus[0m=[35m200[0m
[2m11:35:05[0m [[32m[1minfo     [0m] [1mGetting challenge status: id=04736654-27ed-4812-a880-6d92c9c1bd60[0m [36mreq[0m=[35m975ae62b[0m
[2m11:35:05[0m [[32m[1minfo     [0m] [1mrequest_finished                        [0m [36mduration[0m=[35m0.08[0m [36mmethod[0m=[35mGET[0m [36mpath[0m=[35m/api/v1/challenges/04736654-27ed-4812-a880-6d92c9c1bd60[0m [36mreq[0m=[35m975ae62b[0m [36mrequest_id[0m=[35m975ae62b-68c3-4a0a-b169-9f90de91af6e[0m [36mstatus[0m=[35m200[0m
[2m11:35:10[0m [[32m[1minfo     [0m] [1mGetting challenge status: id=04736654-27ed-4812-a880-6d92c9c1bd60[0m [36mreq[0m=[35m2826c97c[0m
[2m11:35:10[0m [[32m[1minfo     [0m] [1mrequest_finished                        [0m [36mduration[0m=[35m0.224[0m [36mmethod[0m=[35mGET[0m [36mpath[0m=[35m/api/v1/challenges/04736654-27ed-4812-a880-6d92c9c1bd60[0m [36mreq[0m=[35m2826c97c[0m [36mrequest_id[0m=[35m2826c97c-86c9-4d09-91db-a40aba85cc01[0m [36mstatus[0m=[35m200[0m
[2m11:35:15[0m [[32m[1minfo     [0m] [1mGetting challenge status: id=04736654-27ed-4812-a880-6d92c9c1bd60[0m [36mreq[0m=[35ma3a0ab28[0m
[2m11:35:15[0m [[32m[1minfo     [0m] [1mrequest_finished                        [0m [36mduration[0m=[35m0.03[0m [36mmethod[0m=[35mGET[0m [36mpath[0m=[35m/api/v1/challenges/04736654-27ed-4812-a880-6d92c9c1bd60[0m [36mreq[0m=[35ma3a0ab28[0m [36mrequest_id[0m=[35ma3a0ab28-e3f2-4425-9efe-bc9cd19303d7[0m [36mstatus[0m=[35m200[0m
[2m11:35:21[0m [[32m[1minfo     [0m] [1mGetting challenge status: id=04736654-27ed-4812-a880-6d92c9c1bd60[0m [36mreq[0m=[35m470cfa1d[0m
[2m11:35:21[0m [[32m[1minfo     [0m] [1mrequest_finished                        [0m [36mduration[0m=[35m0.144[0m [36mmethod[0m=[35mGET[0m [36mpath[0m=[35m/api/v1/challenges/04736654-27ed-4812-a880-6d92c9c1bd60[0m [36mreq[0m=[35m470cfa1d[0m [36mrequest_id[0m=[35m470cfa1d-e5a7-47fa-9d6c-ce6e2516db1d[0m [36mstatus[0m=[35m200[0m
[2m11:35:26[0m [[32m[1minfo     [0m] [1mGetting challenge status: id=04736654-27ed-4812-a880-6d92c9c1bd60[0m [36mreq[0m=[35ma16edc51[0m
[2m11:35:26[0m [[32m[1minfo     [0m] [1mrequest_finished                        [0m [36mduration[0m=[35m0.069[0m [36mmethod[0m=[35mGET[0m [36mpath[0m=[35m/api/v1/challenges/04736654-27ed-4812-a880-6d92c9c1bd60[0m [36mreq[0m=[35ma16edc51[0m [36mrequest_id[0m=[35ma16edc51-b7ce-47e8-bd0a-07a195d31a21[0m [36mstatus[0m=[35m200[0m
[2m11:35:31[0m [[32m[1minfo     [0m] [1mGetting challenge status: id=04736654-27ed-4812-a880-6d92c9c1bd60[0m [36mreq[0m=[35m09284a42[0m
[2m11:35:31[0m [[32m[1minfo     [0m] [1mrequest_finished                        [0m [36mduration[0m=[35m0.053[0m [36mmethod[0m=[35mGET[0m [36mpath[0m=[35m/api/v1/challenges/04736654-27ed-4812-a880-6d92c9c1bd60[0m [36mreq[0m=[35m09284a42[0m [36mrequest_id[0m=[35m09284a42-94b5-4b46-97cd-9b0b148cc15d[0m [36mstatus[0m=[35m200[0m
[2m11:35:36[0m [[32m[1minfo     [0m] [1mGetting challenge status: id=04736654-27ed-4812-a880-6d92c9c1bd60[0m [36mreq[0m=[35m25de5ad8[0m
[2m11:35:36[0m [[32m[1minfo     [0m] [1mrequest_finished                        [0m [36mduration[0m=[35m0.077[0m [36mmethod[0m=[35mGET[0m [36mpath[0m=[35m/api/v1/challenges/04736654-27ed-4812-a880-6d92c9c1bd60[0m [36mreq[0m=[35m25de5ad8[0m [36mrequest_id[0m=[35m25de5ad8-ecb3-40fa-852d-ba1e99ba6f02[0m [36mstatus[0m=[35m200[0m
[2m11:35:41[0m [[32m[1minfo     [0m] [1mGetting challenge status: id=04736654-27ed-4812-a880-6d92c9c1bd60[0m [36mreq[0m=[35m29c07dad[0m
[2m11:35:41[0m [[32m[1minfo     [0m] [1mrequest_finished                        [0m [36mduration[0m=[35m0.194[0m [36mmethod[0m=[35mGET[0m [36mpath[0m=[35m/api/v1/challenges/04736654-27ed-4812-a880-6d92c9c1bd60[0m [36mreq[0m=[35m29c07dad[0m [36mrequest_id[0m=[35m29c07dad-dc0b-4295-8a73-ffdc9f38c773[0m [36mstatus[0m=[35m200[0m
[2m11:35:46[0m [[32m[1minfo     [0m] [1mGetting challenge status: id=04736654-27ed-4812-a880-6d92c9c1bd60[0m [36mreq[0m=[35m6e38dae9[0m
[2m11:35:46[0m [[32m[1minfo     [0m] [1mrequest_finished                        [0m [36mduration[0m=[35m0.157[0m [36mmethod[0m=[35mGET[0m [36mpath[0m=[35m/api/v1/challenges/04736654-27ed-4812-a880-6d92c9c1bd60[0m [36mreq[0m=[35m6e38dae9[0m [36mrequest_id[0m=[35m6e38dae9-126b-4fad-b8c6-6d5eb5333044[0m [36mstatus[0m=[35m200[0m
[2m11:35:52[0m [[32m[1minfo     [0m] [1mGetting challenge status: id=04736654-27ed-4812-a880-6d92c9c1bd60[0m [36mreq[0m=[35m659c57b4[0m
[2m11:35:52[0m [[32m[1minfo     [0m] [1mrequest_finished                        [0m [36mduration[0m=[35m0.121[0m [36mmethod[0m=[35mGET[0m [36mpath[0m=[35m/api/v1/challenges/04736654-27ed-4812-a880-6d92c9c1bd60[0m [36mreq[0m=[35m659c57b4[0m [36mrequest_id[0m=[35m659c57b4-c217-4968-90f1-7fccf8858dbb[0m [36mstatus[0m=[35m200[0m
[2m11:35:57[0m [[32m[1minfo     [0m] [1mGetting challenge status: id=04736654-27ed-4812-a880-6d92c9c1bd60[0m [36mreq[0m=[35m3a1404df[0m
[2m11:35:57[0m [[32m[1minfo     [0m] [1mrequest_finished                        [0m [36mduration[0m=[35m0.07[0m [36mmethod[0m=[35mGET[0m [36mpath[0m=[35m/api/v1/challenges/04736654-27ed-4812-a880-6d92c9c1bd60[0m [36mreq[0m=[35m3a1404df[0m [36mrequest_id[0m=[35m3a1404df-e649-4617-a7ec-00eee5283175[0m [36mstatus[0m=[35m200[0m
[2m11:36:02[0m [[32m[1minfo     [0m] [1mGetting challenge status: id=04736654-27ed-4812-a880-6d92c9c1bd60[0m [36mreq[0m=[35mbdde6caf[0m
[2m11:36:02[0m [[32m[1minfo     [0m] [1mrequest_finished                        [0m [36mduration[0m=[35m0.165[0m [36mmethod[0m=[35mGET[0m [36mpath[0m=[35m/api/v1/challenges/04736654-27ed-4812-a880-6d92c9c1bd60[0m [36mreq[0m=[35mbdde6caf[0m [36mrequest_id[0m=[35mbdde6caf-9d4d-4aa9-848b-3e518b0ff568[0m [36mstatus[0m=[35m200[0m
[2m11:36:07[0m [[32m[1minfo     [0m] [1mGetting challenge status: id=04736654-27ed-4812-a880-6d92c9c1bd60[0m [36mreq[0m=[35mf989c787[0m
[2m11:36:07[0m [[32m[1minfo     [0m] [1mrequest_finished                        [0m [36mduration[0m=[35m0.046[0m [36mmethod[0m=[35mGET[0m [36mpath[0m=[35m/api/v1/challenges/04736654-27ed-4812-a880-6d92c9c1bd60[0m [36mreq[0m=[35mf989c787[0m [36mrequest_id[0m=[35mf989c787-9d47-4162-826e-c05313c2d152[0m [36mstatus[0m=[35m200[0m
[2m11:36:12[0m [[32m[1minfo     [0m] [1mGetting challenge status: id=04736654-27ed-4812-a880-6d92c9c1bd60[0m [36mreq[0m=[35m4af69409[0m
[2m11:36:12[0m [[32m[1minfo     [0m] [1mrequest_finished                        [0m [36mduration[0m=[35m0.09[0m [36mmethod[0m=[35mGET[0m [36mpath[0m=[35m/api/v1/challenges/04736654-27ed-4812-a880-6d92c9c1bd60[0m [36mreq[0m=[35m4af69409[0m [36mrequest_id[0m=[35m4af69409-96be-4a9a-bd4b-83a17d617b14[0m [36mstatus[0m=[35m200[0m
[2m11:36:18[0m [[32m[1minfo     [0m] [1mGetting challenge status: id=04736654-27ed-4812-a880-6d92c9c1bd60[0m [36mreq[0m=[35m8eb2f10d[0m
[2m11:36:18[0m [[32m[1minfo     [0m] [1mrequest_finished                        [0m [36mduration[0m=[35m0.1[0m [36mmethod[0m=[35mGET[0m [36mpath[0m=[35m/api/v1/challenges/04736654-27ed-4812-a880-6d92c9c1bd60[0m [36mreq[0m=[35m8eb2f10d[0m [36mrequest_id[0m=[35m8eb2f10d-96f1-4309-a169-cebb9b7de5e6[0m [36mstatus[0m=[35m200[0m
[2m11:36:23[0m [[32m[1minfo     [0m] [1mGetting challenge status: id=04736654-27ed-4812-a880-6d92c9c1bd60[0m [36mreq[0m=[35m6c7fcd8e[0m
[2m11:36:23[0m [[32m[1minfo     [0m] [1mrequest_finished                        [0m [36mduration[0m=[35m0.137[0m [36mmethod[0m=[35mGET[0m [36mpath[0m=[35m/api/v1/challenges/04736654-27ed-4812-a880-6d92c9c1bd60[0m [36mreq[0m=[35m6c7fcd8e[0m [36mrequest_id[0m=[35m6c7fcd8e-01e6-429b-8a24-fa20ac97b615[0m [36mstatus[0m=[35m200[0m
[2m11:36:28[0m [[32m[1minfo     [0m] [1mGetting challenge status: id=04736654-27ed-4812-a880-6d92c9c1bd60[0m [36mreq[0m=[35m6ef58b10[0m
[2m11:36:28[0m [[32m[1minfo     [0m] [1mrequest_finished                        [0m [36mduration[0m=[35m0.036[0m [36mmethod[0m=[35mGET[0m [36mpath[0m=[35m/api/v1/challenges/04736654-27ed-4812-a880-6d92c9c1bd60[0m [36mreq[0m=[35m6ef58b10[0m [36mrequest_id[0m=[35m6ef58b10-5e05-4488-bd64-acc766807c66[0m [36mstatus[0m=[35m200[0m
[2m11:36:33[0m [[32m[1minfo     [0m] [1mGetting challenge status: id=04736654-27ed-4812-a880-6d92c9c1bd60[0m [36mreq[0m=[35m7e61812e[0m
[2m11:36:33[0m [[32m[1minfo     [0m] [1mrequest_finished                        [0m [36mduration[0m=[35m0.12[0m [36mmethod[0m=[35mGET[0m [36mpath[0m=[35m/api/v1/challenges/04736654-27ed-4812-a880-6d92c9c1bd60[0m [36mreq[0m=[35m7e61812e[0m [36mrequest_id[0m=[35m7e61812e-1831-4701-bd17-19297d6d1d94[0m [36mstatus[0m=[35m200[0m
[2m11:36:38[0m [[32m[1minfo     [0m] [1mGetting challenge status: id=04736654-27ed-4812-a880-6d92c9c1bd60[0m [36mreq[0m=[35m5847d023[0m
[2m11:36:38[0m [[32m[1minfo     [0m] [1mrequest_finished                        [0m [36mduration[0m=[35m0.142[0m [36mmethod[0m=[35mGET[0m [36mpath[0m=[35m/api/v1/challenges/04736654-27ed-4812-a880-6d92c9c1bd60[0m [36mreq[0m=[35m5847d023[0m [36mrequest_id[0m=[35m5847d023-81e5-4f14-9184-f74b7d34bb50[0m [36mstatus[0m=[35m200[0m
[2m11:36:43[0m [[32m[1minfo     [0m] [1mGetting challenge status: id=04736654-27ed-4812-a880-6d92c9c1bd60[0m [36mreq[0m=[35m0a617d3a[0m
[2m11:36:43[0m [[32m[1minfo     [0m] [1mrequest_finished                        [0m [36mduration[0m=[35m0.01[0m [36mmethod[0m=[35mGET[0m [36mpath[0m=[35m/api/v1/challenges/04736654-27ed-4812-a880-6d92c9c1bd60[0m [36mreq[0m=[35m0a617d3a[0m [36mrequest_id[0m=[35m0a617d3a-277a-411f-875f-4af901739f93[0m [36mstatus[0m=[35m200[0m
[2m11:36:49[0m [[32m[1minfo     [0m] [1mGetting challenge status: id=04736654-27ed-4812-a880-6d92c9c1bd60[0m [36mreq[0m=[35m386a82d2[0m
[2m11:36:49[0m [[32m[1minfo     [0m] [1mrequest_finished                        [0m [36mduration[0m=[35m0.072[0m [36mmethod[0m=[35mGET[0m [36mpath[0m=[35m/api/v1/challenges/04736654-27ed-4812-a880-6d92c9c1bd60[0m [36mreq[0m=[35m386a82d2[0m [36mrequest_id[0m=[35m386a82d2-5677-4adf-925c-cf0d4e6106a9[0m [36mstatus[0m=[35m200[0m
[2m11:36:54[0m [[32m[1minfo     [0m] [1mGetting challenge status: id=04736654-27ed-4812-a880-6d92c9c1bd60[0m [36mreq[0m=[35mb6b98785[0m
[2m11:36:54[0m [[32m[1minfo     [0m] [1mrequest_finished                        [0m [36mduration[0m=[35m0.064[0m [36mmethod[0m=[35mGET[0m [36mpath[0m=[35m/api/v1/challenges/04736654-27ed-4812-a880-6d92c9c1bd60[0m [36mreq[0m=[35mb6b98785[0m [36mrequest_id[0m=[35mb6b98785-56a2-492b-9033-2e29c170aa72[0m [36mstatus[0m=[35m200[0m
[2m11:36:59[0m [[32m[1minfo     [0m] [1mGetting challenge status: id=04736654-27ed-4812-a880-6d92c9c1bd60[0m [36mreq[0m=[35m37822e2d[0m
[2m11:36:59[0m [[32m[1minfo     [0m] [1mrequest_finished                        [0m [36mduration[0m=[35m0.049[0m [36mmethod[0m=[35mGET[0m [36mpath[0m=[35m/api/v1/challenges/04736654-27ed-4812-a880-6d92c9c1bd60[0m [36mreq[0m=[35m37822e2d[0m [36mrequest_id[0m=[35m37822e2d-49e0-4954-ba11-2ed80768b1dd[0m [36mstatus[0m=[35m200[0m
[2m11:37:04[0m [[32m[1minfo     [0m] [1mGetting challenge status: id=04736654-27ed-4812-a880-6d92c9c1bd60[0m [36mreq[0m=[35m53556337[0m
[2m11:37:04[0m [[32m[1minfo     [0m] [1mrequest_finished                        [0m [36mduration[0m=[35m0.255[0m [36mmethod[0m=[35mGET[0m [36mpath[0m=[35m/api/v1/challenges/04736654-27ed-4812-a880-6d92c9c1bd60[0m [36mreq[0m=[35m53556337[0m [36mrequest_id[0m=[35m53556337-ff92-42ca-820d-6541adfc8898[0m [36mstatus[0m=[35m200[0m
[2m11:37:09[0m [[32m[1minfo     [0m] [1mGetting challenge status: id=04736654-27ed-4812-a880-6d92c9c1bd60[0m [36mreq[0m=[35mf30d1b6a[0m
[2m11:37:09[0m [[32m[1minfo     [0m] [1mrequest_finished                        [0m [36mduration[0m=[35m0.033[0m [36mmethod[0m=[35mGET[0m [36mpath[0m=[35m/api/v1/challenges/04736654-27ed-4812-a880-6d92c9c1bd60[0m [36mreq[0m=[35mf30d1b6a[0m [36mrequest_id[0m=[35mf30d1b6a-ab7d-43d2-b5ec-c5c70d928b6d[0m [36mstatus[0m=[35m200[0m
[2m11:37:14[0m [[32m[1minfo     [0m] [1mGetting challenge status: id=04736654-27ed-4812-a880-6d92c9c1bd60[0m [36mreq[0m=[35m146b21cb[0m
[2m11:37:14[0m [[32m[1minfo     [0m] [1mrequest_finished                        [0m [36mduration[0m=[35m0.017[0m [36mmethod[0m=[35mGET[0m [36mpath[0m=[35m/api/v1/challenges/04736654-27ed-4812-a880-6d92c9c1bd60[0m [36mreq[0m=[35m146b21cb[0m [36mrequest_id[0m=[35m146b21cb-51ce-4272-bf40-985ff4f7b7ca[0m [36mstatus[0m=[35m200[0m
[2m11:37:20[0m [[32m[1minfo     [0m] [1mGetting challenge status: id=04736654-27ed-4812-a880-6d92c9c1bd60[0m [36mreq[0m=[35ma1b25358[0m
[2m11:37:20[0m [[32m[1minfo     [0m] [1mrequest_finished                        [0m [36mduration[0m=[35m0.143[0m [36mmethod[0m=[35mGET[0m [36mpath[0m=[35m/api/v1/challenges/04736654-27ed-4812-a880-6d92c9c1bd60[0m [36mreq[0m=[35ma1b25358[0m [36mrequest_id[0m=[35ma1b25358-7ebc-42fd-a415-f25ae2d13bc8[0m [36mstatus[0m=[35m200[0m
[2m11:37:25[0m [[32m[1minfo     [0m] [1mGetting challenge status: id=04736654-27ed-4812-a880-6d92c9c1bd60[0m [36mreq[0m=[35m301ce6f7[0m
[2m11:37:25[0m [[32m[1minfo     [0m] [1mrequest_finished                        [0m [36mduration[0m=[35m0.082[0m [36mmethod[0m=[35mGET[0m [36mpath[0m=[35m/api/v1/challenges/04736654-27ed-4812-a880-6d92c9c1bd60[0m [36mreq[0m=[35m301ce6f7[0m [36mrequest_id[0m=[35m301ce6f7-a5b8-4053-864a-a48e8d3f7af4[0m [36mstatus[0m=[35m200[0m
[2m11:37:28[0m [[32m[1minfo     [0m] [1mPip packages installed successfully     [0m [36mreq[0m=[35ma5deebf5[0m
[2m11:37:30[0m [[32m[1minfo     [0m] [1mGetting challenge status: id=04736654-27ed-4812-a880-6d92c9c1bd60[0m [36mreq[0m=[35mea810217[0m
[2m11:37:30[0m [[32m[1minfo     [0m] [1mrequest_finished                        [0m [36mduration[0m=[35m0.03[0m [36mmethod[0m=[35mGET[0m [36mpath[0m=[35m/api/v1/challenges/04736654-27ed-4812-a880-6d92c9c1bd60[0m [36mreq[0m=[35mea810217[0m [36mrequest_id[0m=[35mea810217-66b5-4dc3-bff4-b003f03a06a1[0m [36mstatus[0m=[35m200[0m
[2m11:37:35[0m [[32m[1minfo     [0m] [1mGetting challenge status: id=04736654-27ed-4812-a880-6d92c9c1bd60[0m [36mreq[0m=[35m005962e5[0m
[2m11:37:35[0m [[32m[1minfo     [0m] [1mrequest_finished                        [0m [36mduration[0m=[35m0.014[0m [36mmethod[0m=[35mGET[0m [36mpath[0m=[35m/api/v1/challenges/04736654-27ed-4812-a880-6d92c9c1bd60[0m [36mreq[0m=[35m005962e5[0m [36mrequest_id[0m=[35m005962e5-88d7-4b4f-9259-d3747d409a39[0m [36mstatus[0m=[35m200[0m
[2m11:37:40[0m [[32m[1minfo     [0m] [1mGetting challenge status: id=04736654-27ed-4812-a880-6d92c9c1bd60[0m [36mreq[0m=[35mf353ba1a[0m
[2m11:37:40[0m [[32m[1minfo     [0m] [1mrequest_finished                        [0m [36mduration[0m=[35m0.024[0m [36mmethod[0m=[35mGET[0m [36mpath[0m=[35m/api/v1/challenges/04736654-27ed-4812-a880-6d92c9c1bd60[0m [36mreq[0m=[35mf353ba1a[0m [36mrequest_id[0m=[35mf353ba1a-cf2a-4c36-8552-28793ca84a63[0m [36mstatus[0m=[35m200[0m
[2m11:37:45[0m [[32m[1minfo     [0m] [1mGetting challenge status: id=04736654-27ed-4812-a880-6d92c9c1bd60[0m [36mreq[0m=[35m98729b0e[0m
[2m11:37:45[0m [[32m[1minfo     [0m] [1mrequest_finished                        [0m [36mduration[0m=[35m0.034[0m [36mmethod[0m=[35mGET[0m [36mpath[0m=[35m/api/v1/challenges/04736654-27ed-4812-a880-6d92c9c1bd60[0m [36mreq[0m=[35m98729b0e[0m [36mrequest_id[0m=[35m98729b0e-423c-4989-959b-71a6bac9946c[0m [36mstatus[0m=[35m200[0m
[2m11:37:50[0m [[32m[1minfo     [0m] [1mGetting challenge status: id=04736654-27ed-4812-a880-6d92c9c1bd60[0m [36mreq[0m=[35m28bcb186[0m
[2m11:37:50[0m [[32m[1minfo     [0m] [1mrequest_finished                        [0m [36mduration[0m=[35m0.085[0m [36mmethod[0m=[35mGET[0m [36mpath[0m=[35m/api/v1/challenges/04736654-27ed-4812-a880-6d92c9c1bd60[0m [36mreq[0m=[35m28bcb186[0m [36mrequest_id[0m=[35m28bcb186-376d-4859-9a5a-043b58281979[0m [36mstatus[0m=[35m200[0m
[2m11:37:55[0m [[32m[1minfo     [0m] [1mGetting challenge status: id=04736654-27ed-4812-a880-6d92c9c1bd60[0m [36mreq[0m=[35me4e36deb[0m
[2m11:37:55[0m [[32m[1minfo     [0m] [1mrequest_finished                        [0m [36mduration[0m=[35m0.045[0m [36mmethod[0m=[35mGET[0m [36mpath[0m=[35m/api/v1/challenges/04736654-27ed-4812-a880-6d92c9c1bd60[0m [36mreq[0m=[35me4e36deb[0m [36mrequest_id[0m=[35me4e36deb-f44e-4b27-a0e6-b7c363ca15b3[0m [36mstatus[0m=[35m200[0m
[2m11:38:01[0m [[32m[1minfo     [0m] [1mGetting challenge status: id=04736654-27ed-4812-a880-6d92c9c1bd60[0m [36mreq[0m=[35m89f094b9[0m
[2m11:38:01[0m [[32m[1minfo     [0m] [1mrequest_finished                        [0m [36mduration[0m=[35m0.014[0m [36mmethod[0m=[35mGET[0m [36mpath[0m=[35m/api/v1/challenges/04736654-27ed-4812-a880-6d92c9c1bd60[0m [36mreq[0m=[35m89f094b9[0m [36mrequest_id[0m=[35m89f094b9-5d41-4436-8885-2c13f25857d8[0m [36mstatus[0m=[35m200[0m
[2m11:38:06[0m [[32m[1minfo     [0m] [1mGetting challenge status: id=04736654-27ed-4812-a880-6d92c9c1bd60[0m [36mreq[0m=[35m45d7e0c5[0m
[2m11:38:06[0m [[32m[1minfo     [0m] [1mrequest_finished                        [0m [36mduration[0m=[35m0.187[0m [36mmethod[0m=[35mGET[0m [36mpath[0m=[35m/api/v1/challenges/04736654-27ed-4812-a880-6d92c9c1bd60[0m [36mreq[0m=[35m45d7e0c5[0m [36mrequest_id[0m=[35m45d7e0c5-382f-467e-9ddf-bf977518738c[0m [36mstatus[0m=[35m200[0m
[2m11:38:11[0m [[32m[1minfo     [0m] [1mGetting challenge status: id=04736654-27ed-4812-a880-6d92c9c1bd60[0m [36mreq[0m=[35m4caf4843[0m
