INFO:     Will watch for changes in these directories: ['/Users/patrick/Documents/Uni/master_project/backend']
INFO:     Uvicorn running on http://127.0.0.1:8000 (Press CTRL+C to quit)
INFO:     Started reloader process [25669] using WatchFiles
[2m12:16:59[0m [[32m[1minfo     [0m] [1mStarted server process [25675]          [0m
[2m12:16:59[0m [[32m[1minfo     [0m] [1mWaiting for application startup.        [0m
[2m12:16:59[0m [[32m[1minfo     [0m] [1mDatabase already initialized (30 tables)[0m
[2m12:16:59[0m [[32m[1minfo     [0m] [1mSetting up OpenTelemetry for lumari-backend v0.1.0[0m
[2m12:16:59[0m [[32m[1minfo     [0m] [1mConsole span exporter enabled           [0m
[2m12:16:59[0m [[32m[1minfo     [0m] [1mFastAPI instrumentation complete        [0m
[2m12:16:59[0m [[32m[1minfo     [0m] [1mOpenTelemetry instrumentation initialized[0m
[2m12:16:59[0m [[32m[1minfo     [0m] [1mApplication startup complete.           [0m
[2m12:16:59[0m [[32m[1minfo     [0m] [1mUpdating user settings: auto_apply=True [0m [36mreq[0m=[35m4ac3aed1[0m
[2m12:16:59[0m [[32m[1minfo     [0m] [1mUpdated settings for user default: auto_apply=True[0m [36mreq[0m=[35m4ac3aed1[0m
[2m12:16:59[0m [[32m[1minfo     [0m] [1mrequest_finished                        [0m [36mduration[0m=[35m0.017[0m [36mmethod[0m=[35mPUT[0m [36mpath[0m=[35m/api/v1/challenges/settings/user[0m [36mreq[0m=[35m4ac3aed1[0m [36mrequest_id[0m=[35m4ac3aed1-e5e4-4531-8fb4-77a50e3c3e03[0m [36mstatus[0m=[35m200[0m
[2m12:16:59[0m [[32m[1minfo     [0m] [1mDirect challenge analysis: execution_id=5feec508-68a4-4210-8ccd-1253de2467e2[0m [36mreq[0m=[35m18135751[0m
[2m12:16:59[0m [[32m[1minfo     [0m] [1mPre-execution analysis starting for execution 5feec508-68a4-4210-8ccd-1253de2467e2[0m [36mreq[0m=[35m18135751[0m
[2m12:16:59[0m [[32m[1minfo     [0m] [1mAnalyzing challenge for execution 5feec508-68a4-4210-8ccd-1253de2467e2[0m [36mreq[0m=[35m18135751[0m
[2m12:16:59[0m [[32m[1minfo     [0m] [1mLoading topology from database...       [0m [36mreq[0m=[35m18135751[0m
[2m12:16:59[0m [[32m[1minfo     [0m] [1mMapped 12 skill entries to 12 capabilities[0m [36mreq[0m=[35m18135751[0m
[2m12:16:59[0m [[32m[1minfo     [0m] [1mTopology validated: 11 agents in 5 waves[0m [36mreq[0m=[35m18135751[0m
[2m12:16:59[0m [[32m[1minfo     [0m] [1mLoaded 12 skills for topology           [0m [36mreq[0m=[35m18135751[0m
[2m12:16:59[0m [[32m[1minfo     [0m] [1mTopology loaded: 11 agents, 5 waves     [0m [36mreq[0m=[35m18135751[0m
[2m12:16:59[0m [[32m[1minfo     [0m] [1mSkill 'skill_write_a_formal_daily_construction_report' provides applicability: 'This skill should be selected when you need to generate and save a formal, text-based daily construction progress report. It requires the site name and progress summary as input to produce a timestamped file in a specified directory.'[0m [36mreq[0m=[35m18135751[0m
[2m12:16:59[0m [[32m[1minfo     [0m] [1mSkill 'skill_create_a_final_pdf_or_text_based_report_of_the_pouring_protocol' provides applicability: 'Select this skill when you need to generate a formal, documented record of a completed pouring protocol in either PDF or text format. It should be used once all protocol data—including the ID, operator, timestamp, and step list—has been finalized and validated.'[0m [36mreq[0m=[35m18135751[0m
[2m12:16:59[0m [[32m[1minfo     [0m] [1mSkill 'skill_define_technical_migration_and_api_integration_roadmap' provides applicability: 'Select this skill when planning the transition from a legacy system to a new API architecture to generate a structured implementation roadmap and validation plan based on a chosen migration strategy (strangler fig, big bang, or dual-write).'[0m [36mreq[0m=[35m18135751[0m
[2m12:16:59[0m [[32m[1minfo     [0m] [1mSkill 'skill_calculate_financial_impact_and_transaction_statistics' provides applicability: 'Select this skill when you need to derive aggregate financial metrics, such as total volume, averages, and category-specific impacts, from a structured list of transaction records. It is best utilized when transaction amounts require normalization from mixed string or numeric formats into a consistent float representation.'[0m [36mreq[0m=[35m18135751[0m
[2m12:16:59[0m [[32m[1minfo     [0m] [1mSkill 'skill_calculate_budget_impact_of_proposed_cost_saving_measures' provides applicability: 'Select this skill when you need to determine the financial effect of multiple cost-saving initiatives on an existing budget. It should be used when you have a defined current budget and a list of specific proposed savings amounts to calculate the new budget total and the overall percentage reduction.'[0m [36mreq[0m=[35m18135751[0m
[2m12:16:59[0m [[32m[1minfo     [0m] [1mSkill 'skill_audio_transcription' provides applicability: 'audio transcription'[0m [36mreq[0m=[35m18135751[0m
[2m12:16:59[0m [[32m[1minfo     [0m] [1mSkill 'skill_generate_a_risk_matrix_visualization_or_summary_table' provides applicability: 'Select this skill when you need to visualize or summarize a list of risks by plotting their likelihood and impact scores on a 5x5 matrix. It should be used when your input data contains structured risk entries with defined numerical likelihood and impact values.'[0m [36mreq[0m=[35m18135751[0m
[2m12:16:59[0m [[32m[1minfo     [0m] [1mSkill 'skill_evaluate_technical_risks_of_custom_abap_code_and_interface_dependencies' provides applicability: 'This skill should be selected when assessing the technical debt or stability risks of an SAP environment by identifying high-complexity custom ABAP objects and critical integration hubs. It is best applied during system audits or migration planning to prioritize objects requiring refactoring or rigorous testing based on their weighted risk scores and dependency density.'[0m [36mreq[0m=[35m18135751[0m
[2m12:16:59[0m [[32m[1minfo     [0m] [1mSkill 'skill_analyze_csv_file_structure_and_identify_unique_sub_contractors' provides applicability: 'Select this skill when you need to extract a unique list of sub-contractors from a specific column in a CSV file, particularly when processing large datasets that require memory-efficient chunking.'[0m [36mreq[0m=[35m18135751[0m
[2m12:16:59[0m [[32m[1minfo     [0m] [1mSkill 'skill_list_all_postgresql_table_names_from_a_database_url_parameter' provides applicability: 'Select this skill when you need to retrieve a list of all user-defined table names from a PostgreSQL database by providing its connection URL. It is applicable whenever you require an automated way to inspect the schema structure of a specific PostgreSQL instance.'[0m [36mreq[0m=[35m18135751[0m
[2m12:16:59[0m [[32m[1minfo     [0m] [1mSkill 'skill_connect_to_a_postgresql_database_and_list_all_table_names._the_function_receives_a_database_url_parameter_and_returns_the_list_of_table_names_in_the_public_schema.' provides applicability: 'Use this skill when you need to discover the structure of a PostgreSQL database by retrieving a list of all base table names within a specific schema. It should be selected when you have a valid database connection URL and need to programmatically identify available tables for further data operations.'[0m [36mreq[0m=[35m18135751[0m
[2m12:16:59[0m [[32m[1minfo     [0m] [1mSkill 'skill_parse_and_import_50_csv_files_into_the_database' provides applicability: 'Select this skill when you need to perform a bulk ingestion of multiple CSV files from a local directory into a specified database table. It is best suited for scenarios requiring memory-efficient processing via chunking and automated error handling for large-scale data imports.'[0m [36mreq[0m=[35m18135751[0m
[2m12:16:59[0m [[32m[1minfo     [0m] [1mExtracted 12 capabilities from 12 active skills[0m [36mreq[0m=[35m18135751[0m
[2m12:16:59[0m [[32m[1minfo     [0m] [1mPrompt 'report_generator_prompt' provides affected_capability: 'structure inspection findings into a formal report format'[0m [36mreq[0m=[35m18135751[0m
[2m12:16:59[0m [[32m[1minfo     [0m] [1mPrompt 'prompt_generate_professional_business_correspondence' provides affected_capability: 'generate professional business correspondence'[0m [36mreq[0m=[35m18135751[0m
[2m12:16:59[0m [[32m[1minfo     [0m] [1mPrompt 'transcript_analyzer_prompt' provides affected_capability: 'analyze meeting transcript'[0m [36mreq[0m=[35m18135751[0m
[2m12:16:59[0m [[32m[1minfo     [0m] [1mPrompt 'prompt_analyze_construction_site_personnel_data' provides affected_capability: 'analyze construction site personnel data'[0m [36mreq[0m=[35m18135751[0m
[2m12:16:59[0m [[32m[1minfo     [0m] [1mPrompt 'prompt_generate_a_structured_change_order_document_for_the_client' provides affected_capability: 'generate a structured change order document for the client'[0m [36mreq[0m=[35m18135751[0m
[2m12:16:59[0m [[32m[1minfo     [0m] [1mPrompt 'prompt_structure_cost_breakdown_for_project_management' provides affected_capability: 'structure cost breakdown for project management'[0m [36mreq[0m=[35m18135751[0m
[2m12:16:59[0m [[32m[1minfo     [0m] [1mPrompt 'report_finalizer_prompt' provides affected_capability: 'generate a formal network disruption report document'[0m [36mreq[0m=[35m18135751[0m
[2m12:16:59[0m [[32m[1minfo     [0m] [1mPrompt 'prompt_analyze_incident_and_change_logs' provides affected_capability: 'analyze incident and change logs'[0m [36mreq[0m=[35m18135751[0m
[2m12:16:59[0m [[32m[1minfo     [0m] [1mExtracted 8 capabilities from 8 active prompts[0m [36mreq[0m=[35m18135751[0m
[2m12:17:00[0m [[32m[1minfo     [0m] [1mLLM extracted 5 capabilities: 3 execution, 2 knowledge[0m [36mreq[0m=[35m18135751[0m
[2m12:17:00[0m [[32m[1minfo     [0m] [1mExtracted 5 required capabilities       [0m [36mreq[0m=[35m18135751[0m
[2m12:17:00[0m [[32m[1minfo     [0m] [1mLoading embedding model: BAAI/bge-base-en-v1.5[0m
[2m12:17:01[0m [[32m[1minfo     [0m] [1mEmbedding model loaded                  [0m
[2m12:17:04[0m [[32m[1minfo     [0m] [1mAssessment complete: MAYBE (3 gaps, 3 suggestions)[0m [36mreq[0m=[35m18135751[0m
[2m12:17:04[0m [[32m[1minfo     [0m] [1mASSESSMENT_LOG execution_id=5feec508-68a4-4210-8ccd-1253de2467e2 confidence=MAYBE gaps=3 route=developer_team duration_ms=4614[0m [36mreq[0m=[35m18135751[0m
[2m12:17:04[0m [[32m[1minfo     [0m] [1mPre-execution analysis complete: MAYBE -> route: developer_team[0m [36mreq[0m=[35m18135751[0m
[2m12:17:04[0m [[32m[1minfo     [0m] [1mOrchestrator analysis complete: confidence=MAYBE, route=developer_team[0m [36mreq[0m=[35m18135751[0m
[2m12:17:04[0m [[32m[1minfo     [0m] [1m0 gaps already satisfied, 3 remaining   [0m [36mreq[0m=[35m18135751[0m
[2m12:17:04[0m [[32m[1minfo     [0m] [1mGenerated build plan for challenge 741ae518-ec47-4816-be07-78f0cd4cb58e: 3 items, 1 critical[0m [36mreq[0m=[35m18135751[0m
[2m12:17:04[0m [[32m[1minfo     [0m] [1mrequest_finished                        [0m [36mduration[0m=[35m4.916[0m [36mmethod[0m=[35mPOST[0m [36mpath[0m=[35m/api/v1/challenges/analyze[0m [36mreq[0m=[35m18135751[0m [36mrequest_id[0m=[35m18135751-b6e0-4415-a107-64e9cacaaf8c[0m [36mstatus[0m=[35m200[0m
[2m12:17:04[0m [[32m[1minfo     [0m] [1mStarting capability building: challenge_id=741ae518-ec47-4816-be07-78f0cd4cb58e[0m [36mreq[0m=[35m18135751[0m
[2m12:17:04[0m [[32m[1minfo     [0m] [1mLoading topology from database...       [0m [36mreq[0m=[35m18135751[0m
[2m12:17:04[0m [[32m[1minfo     [0m] [1mMapped 12 skill entries to 12 capabilities[0m [36mreq[0m=[35m18135751[0m
[2m12:17:04[0m [[32m[1minfo     [0m] [1mTopology validated: 11 agents in 5 waves[0m [36mreq[0m=[35m18135751[0m
[2m12:17:04[0m [[32m[1minfo     [0m] [1mLoaded 12 skills for topology           [0m [36mreq[0m=[35m18135751[0m
[2m12:17:04[0m [[32m[1minfo     [0m] [1mTopology loaded: 11 agents, 5 waves     [0m [36mreq[0m=[35m18135751[0m
[2m12:17:04[0m [[32m[1minfo     [0m] [1mRuntimeAgentRegistry initialized with max_concurrent=5[0m [36mreq[0m=[35m18135751[0m
[2m12:17:04[0m [[32m[1minfo     [0m] [1mProcessing blocked challenge: id=741ae518..., attempt=1/5[0m [36mreq[0m=[35m18135751[0m
[2m12:17:04[0m [[32m[1minfo     [0m] [1mCreated gap plan: id=0ec9a123..., challenge=741ae518..., gaps=3, cycle=1[0m [36mreq[0m=[35m18135751[0m
[2m12:17:04[0m [[32m[1minfo     [0m] [1mCreated gap plan: 0ec9a123..., cycle=1, gaps=3[0m [36mreq[0m=[35m18135751[0m
[2m12:17:04[0m [[32m[1minfo     [0m] [1mStarted gap plan: 0ec9a123...           [0m [36mreq[0m=[35m18135751[0m
[2m12:17:04[0m [[32m[1minfo     [0m] [1mExecuting gap plan: 0ec9a123..., total_gaps=3, cycle=1[0m [36mreq[0m=[35m18135751[0m
[2m12:17:04[0m [[32m[1minfo     [0m] [1mProcessing gap: 22ec57d9... type=missing_skill, capability=execute SQL queries to retrieve project, progress, cost, and risk data, severity=critical[0m [36mreq[0m=[35m18135751[0m
[2m12:17:04[0m [[32m[1minfo     [0m] [1mStrategy proposed for execute SQL queries to retrieve project, progress, cost, and risk data: direct (confidence=0.5)[0m [36mreq[0m=[35m18135751[0m
[2m12:17:04[0m [[32m[1minfo     [0m] [1mBuilding capability: gap_type=missing_skill, severity=critical, attempt=1, approach=direct[0m [36mreq[0m=[35m18135751[0m
[2m12:17:04[0m [[32m[1minfo     [0m] [1mUsing Skill Team for capability: execute SQL queries to retrieve project, progress, cost, and risk data[0m [36mreq[0m=[35m18135751[0m
[2m12:17:04[0m [[32m[1minfo     [0m] [1mStarting team-based skill development for: execute SQL queries to retrieve project, progress, cost, and risk data[0m [36mreq[0m=[35m18135751[0m
[2m12:17:04[0m [[32m[1minfo     [0m] [1mResearching capability: execute SQL queries to retrieve project, progress, cost, and risk data[0m [36mreq[0m=[35m18135751[0m
[2m12:17:04[0m [[32m[1minfo     [0m] [1mresponse: https://en.wikipedia.org/w/api.php?action=opensearch&profile=fuzzy&limit=1&search=python%20execute%20SQL%20queries%20to%20retrieve%20project%2C%20progress%2C%20cost%2C%20and%20risk%20data%20implementation%20example%20code 200[0m
[2m12:17:04[0m [[32m[1minfo     [0m] [1mresponse: https://grokipedia.com/api/typeahead?query=python+execute+SQL+queries+to+retrieve+project%2C+progress%2C+cost%2C+and+risk+data+implementation+example+code&limit=1 200[0m
[2m12:17:04[0m [[32m[1minfo     [0m] [1mresponse: https://www.google.com/search?q=python+execute+SQL+queries+to+retrieve+project%2C+progress%2C+cost%2C+and+risk+data+implementation+example+code&filter=1&start=0&hl=en-US&lr=lang_en&cr=countryUS 200[0m
[2m12:17:05[0m [[32m[1minfo     [0m] [1mresponse: https://yandex.com/search/site/?text=python+execute+SQL+queries+to+retrieve+project%2C+progress%2C+cost%2C+and+risk+data+implementation+example+code&web=1&searchid=6429248 200[0m
[2m12:17:05[0m [[32m[1minfo     [0m] [1mWeb search for 'python execute SQL queries to retrieve project, progress, co' returned 5 results[0m [36mreq[0m=[35m18135751[0m
[2m12:17:09[0m [[32m[1minfo     [0m] [1mGetting challenge status: id=741ae518-ec47-4816-be07-78f0cd4cb58e[0m [36mreq[0m=[35mafbaeb21[0m
[2m12:17:09[0m [[32m[1minfo     [0m] [1mrequest_finished                        [0m [36mduration[0m=[35m0.033[0m [36mmethod[0m=[35mGET[0m [36mpath[0m=[35m/api/v1/challenges/741ae518-ec47-4816-be07-78f0cd4cb58e[0m [36mreq[0m=[35mafbaeb21[0m [36mrequest_id[0m=[35mafbaeb21-18fe-4fd4-80c1-e42ee6f7f84c[0m [36mstatus[0m=[35m200[0m
[2m12:17:09[0m [[32m[1minfo     [0m] [1mSummarized 6 sources into 2836 chars    [0m [36mreq[0m=[35m18135751[0m
[2m12:17:09[0m [[32m[1minfo     [0m] [1mResearch complete for execute SQL queries to retrieve project, progress, cost, and risk data: pip=[], examples=1[0m [36mreq[0m=[35m18135751[0m
[2m12:17:09[0m [[32m[1minfo     [0m] [1mResearch complete: 0 packages found     [0m [36mreq[0m=[35m18135751[0m
[2m12:17:12[0m [[32m[1minfo     [0m] [1mArchitecture complete: 2 test cases defined[0m [36mreq[0m=[35m18135751[0m
[2m12:17:12[0m [[32m[1minfo     [0m] [1mSession start: iteration=1/10, pip=1, apt=1[0m [36mreq[0m=[35m18135751[0m
[2m12:17:12[0m [[32m[1minfo     [0m] [1mDocker client connected successfully    [0m [36mreq[0m=[35m18135751[0m
[2m12:17:13[0m [[32m[1minfo     [0m] [1mSession container created: a45946a40603 [0m [36mreq[0m=[35m18135751[0m
[2m12:17:13[0m [[32m[1minfo     [0m] [1mInstalling system packages: libpq-dev   [0m [36mreq[0m=[35m18135751[0m
[2m12:17:14[0m [[32m[1minfo     [0m] [1mGetting challenge status: id=741ae518-ec47-4816-be07-78f0cd4cb58e[0m [36mreq[0m=[35mc9b0f4d8[0m
[2m12:17:14[0m [[32m[1minfo     [0m] [1mrequest_finished                        [0m [36mduration[0m=[35m0.004[0m [36mmethod[0m=[35mGET[0m [36mpath[0m=[35m/api/v1/challenges/741ae518-ec47-4816-be07-78f0cd4cb58e[0m [36mreq[0m=[35mc9b0f4d8[0m [36mrequest_id[0m=[35mc9b0f4d8-5528-4b7c-80cb-5b2206cf93e7[0m [36mstatus[0m=[35m200[0m
[2m12:17:17[0m [[32m[1minfo     [0m] [1mSystem packages installed successfully: libpq-dev[0m [36mreq[0m=[35m18135751[0m
[2m12:17:17[0m [[32m[1minfo     [0m] [1mInstalling pip packages: "psycopg2-binary>=2.9"[0m [36mreq[0m=[35m18135751[0m
[2m12:17:18[0m [[32m[1minfo     [0m] [1mPip packages installed successfully     [0m [36mreq[0m=[35m18135751[0m
[2m12:17:18[0m [[32m[1minfo     [0m] [1mImplementation iteration 1/10           [0m [36mreq[0m=[35m18135751[0m
[2m12:17:19[0m [[32m[1minfo     [0m] [1mGetting challenge status: id=741ae518-ec47-4816-be07-78f0cd4cb58e[0m [36mreq[0m=[35m514c8e30[0m
[2m12:17:19[0m [[32m[1minfo     [0m] [1mrequest_finished                        [0m [36mduration[0m=[35m0.011[0m [36mmethod[0m=[35mGET[0m [36mpath[0m=[35m/api/v1/challenges/741ae518-ec47-4816-be07-78f0cd4cb58e[0m [36mreq[0m=[35m514c8e30[0m [36mrequest_id[0m=[35m514c8e30-7320-4cbe-a2d7-18628de1dadf[0m [36mstatus[0m=[35m200[0m
[2m12:17:20[0m [[32m[1minfo     [0m] [1mProaktiv erkannte neue Packages: ['psycopg2-binary'][0m [36mreq[0m=[35m18135751[0m
[2m12:17:24[0m [[32m[1minfo     [0m] [1mGetting challenge status: id=741ae518-ec47-4816-be07-78f0cd4cb58e[0m [36mreq[0m=[35m1afa0495[0m
[2m12:17:24[0m [[32m[1minfo     [0m] [1mrequest_finished                        [0m [36mduration[0m=[35m0.01[0m [36mmethod[0m=[35mGET[0m [36mpath[0m=[35m/api/v1/challenges/741ae518-ec47-4816-be07-78f0cd4cb58e[0m [36mreq[0m=[35m1afa0495[0m [36mrequest_id[0m=[35m1afa0495-5090-4fa8-ac6f-639d3d6e6522[0m [36mstatus[0m=[35m200[0m
[2m12:17:25[0m [[32m[1minfo     [0m] [1mSession start: iteration=2/10, pip=2, apt=1[0m [36mreq[0m=[35m18135751[0m
[2m12:17:25[0m [[32m[1minfo     [0m] [1mSession container created: 7b5ea8552e32 [0m [36mreq[0m=[35m18135751[0m
[2m12:17:25[0m [[32m[1minfo     [0m] [1mInstalling system packages: libpq-dev   [0m [36mreq[0m=[35m18135751[0m
[2m12:17:29[0m [[32m[1minfo     [0m] [1mGetting challenge status: id=741ae518-ec47-4816-be07-78f0cd4cb58e[0m [36mreq[0m=[35m72566743[0m
[2m12:17:29[0m [[32m[1minfo     [0m] [1mrequest_finished                        [0m [36mduration[0m=[35m0.005[0m [36mmethod[0m=[35mGET[0m [36mpath[0m=[35m/api/v1/challenges/741ae518-ec47-4816-be07-78f0cd4cb58e[0m [36mreq[0m=[35m72566743[0m [36mrequest_id[0m=[35m72566743-a428-413c-9f48-39ea418dcba0[0m [36mstatus[0m=[35m200[0m
[2m12:17:29[0m [[32m[1minfo     [0m] [1mSystem packages installed successfully: libpq-dev[0m [36mreq[0m=[35m18135751[0m
[2m12:17:29[0m [[32m[1minfo     [0m] [1mInstalling pip packages: "psycopg2-binary>=2.9" "psycopg2-binary"[0m [36mreq[0m=[35m18135751[0m
[2m12:17:30[0m [[32m[1minfo     [0m] [1mPip packages installed successfully     [0m [36mreq[0m=[35m18135751[0m
[2m12:17:30[0m [[32m[1minfo     [0m] [1mImplementation iteration 2/10           [0m [36mreq[0m=[35m18135751[0m
[2m12:17:30[0m [[33m[1mwarning  [0m] [1mCode execution failed (exit=1): Testing with input: {'query': 'SELECT project_name, status FROM projects LIMIT 5', 'database_url': 'postgresql://lumari:lumari_dev@lumari-postgres:5432/lumari'}
Result: {'success': False, 'error': 'Database error: relation "projects" does not exist\nLINE 1: SELECT project_name, status FROM projects LIMIT 5\n                                         ^\n'}
TEST FAILED: Database error: relation "projects" does not exist
LINE 1: SELECT project_name, status FROM projects LIMIT 5
                      [0m [36mreq[0m=[35m18135751[0m
[2m12:17:30[0m [[32m[1minfo     [0m] [1mRecorded build attempt: capability=execute SQL queries to retrieve project, progress, cost, and risk data, success=False, error_type=ErrorType.RUNTIME_ERROR[0m [36mreq[0m=[35m18135751[0m
[2m12:17:33[0m [[32m[1minfo     [0m] [1mDebug [LOGIC_ERROR]: produced fixed code (2050 chars)[0m [36mreq[0m=[35m18135751[0m
[2m12:17:33[0m [[32m[1minfo     [0m] [1mImplementation iteration 3/10           [0m [36mreq[0m=[35m18135751[0m
[2m12:17:33[0m [[33m[1mwarning  [0m] [1mCode execution failed (exit=1): Testing with input: {'query': 'SELECT project_name, status FROM projects LIMIT 5', 'database_url': 'postgresql://lumari:lumari_dev@lumari-postgres:5432/lumari'}
Result: {'success': False, 'error': 'Database error: relation "projects" does not exist\nLINE 1: SELECT project_name, status FROM projects LIMIT 5\n                                         ^'}
TEST FAILED: Database error: relation "projects" does not exist
LINE 1: SELECT project_name, status FROM projects LIMIT 5
                        [0m [36mreq[0m=[35m18135751[0m
[2m12:17:33[0m [[32m[1minfo     [0m] [1mRecorded build attempt: capability=execute SQL queries to retrieve project, progress, cost, and risk data, success=False, error_type=ErrorType.RUNTIME_ERROR[0m [36mreq[0m=[35m18135751[0m
[2m12:17:34[0m [[32m[1minfo     [0m] [1mGetting challenge status: id=741ae518-ec47-4816-be07-78f0cd4cb58e[0m [36mreq[0m=[35mf78a5d6d[0m
[2m12:17:34[0m [[32m[1minfo     [0m] [1mrequest_finished                        [0m [36mduration[0m=[35m0.009[0m [36mmethod[0m=[35mGET[0m [36mpath[0m=[35m/api/v1/challenges/741ae518-ec47-4816-be07-78f0cd4cb58e[0m [36mreq[0m=[35mf78a5d6d[0m [36mrequest_id[0m=[35mf78a5d6d-bf69-4a00-affa-43caffcb39a4[0m [36mstatus[0m=[35m200[0m
[2m12:17:35[0m [[32m[1minfo     [0m] [1mDebug [LOGIC_ERROR]: produced fixed code (2050 chars)[0m [36mreq[0m=[35m18135751[0m
[2m12:17:35[0m [[32m[1minfo     [0m] [1mImplementation iteration 4/10           [0m [36mreq[0m=[35m18135751[0m
[2m12:17:35[0m [[33m[1mwarning  [0m] [1mCode execution failed (exit=1): Testing with input: {'query': 'SELECT project_name, status FROM projects LIMIT 5', 'database_url': 'postgresql://lumari:lumari_dev@lumari-postgres:5432/lumari'}
Result: {'success': False, 'error': 'Database error: relation "projects" does not exist\nLINE 1: SELECT project_name, status FROM projects LIMIT 5\n                                         ^'}
TEST FAILED: Database error: relation "projects" does not exist
LINE 1: SELECT project_name, status FROM projects LIMIT 5
                        [0m [36mreq[0m=[35m18135751[0m
[2m12:17:35[0m [[32m[1minfo     [0m] [1mRecorded build attempt: capability=execute SQL queries to retrieve project, progress, cost, and risk data, success=False, error_type=ErrorType.RUNTIME_ERROR[0m [36mreq[0m=[35m18135751[0m
[2m12:17:35[0m [[33m[1mwarning  [0m] [1mApproach-Switch: psycopg2 scheitert wiederholt[0m [36mreq[0m=[35m18135751[0m
[2m12:17:37[0m [[32m[1minfo     [0m] [1mDebug [LOGIC_ERROR]: produced fixed code (2091 chars)[0m [36mreq[0m=[35m18135751[0m
[2m12:17:39[0m [[32m[1minfo     [0m] [1mGetting challenge status: id=741ae518-ec47-4816-be07-78f0cd4cb58e[0m [36mreq[0m=[35mc80cdbb5[0m
[2m12:17:39[0m [[32m[1minfo     [0m] [1mrequest_finished                        [0m [36mduration[0m=[35m0.009[0m [36mmethod[0m=[35mGET[0m [36mpath[0m=[35m/api/v1/challenges/741ae518-ec47-4816-be07-78f0cd4cb58e[0m [36mreq[0m=[35mc80cdbb5[0m [36mrequest_id[0m=[35mc80cdbb5-83d0-45a3-8679-d4ef456a3384[0m [36mstatus[0m=[35m200[0m
[2m12:17:42[0m [[32m[1minfo     [0m] [1mSession start: iteration=5/10, pip=0, apt=1[0m [36mreq[0m=[35m18135751[0m
[2m12:17:42[0m [[32m[1minfo     [0m] [1mSession container created: 3084f625cc3b [0m [36mreq[0m=[35m18135751[0m
[2m12:17:42[0m [[32m[1minfo     [0m] [1mInstalling system packages: libpq-dev   [0m [36mreq[0m=[35m18135751[0m
[2m12:17:44[0m [[32m[1minfo     [0m] [1mGetting challenge status: id=741ae518-ec47-4816-be07-78f0cd4cb58e[0m [36mreq[0m=[35m3d2a8a50[0m
[2m12:17:44[0m [[32m[1minfo     [0m] [1mrequest_finished                        [0m [36mduration[0m=[35m0.003[0m [36mmethod[0m=[35mGET[0m [36mpath[0m=[35m/api/v1/challenges/741ae518-ec47-4816-be07-78f0cd4cb58e[0m [36mreq[0m=[35m3d2a8a50[0m [36mrequest_id[0m=[35m3d2a8a50-4fb6-4e3d-8090-13f4d57e87ce[0m [36mstatus[0m=[35m200[0m
[2m12:17:47[0m [[32m[1minfo     [0m] [1mSystem packages installed successfully: libpq-dev[0m [36mreq[0m=[35m18135751[0m
[2m12:17:47[0m [[32m[1minfo     [0m] [1mImplementation iteration 5/10           [0m [36mreq[0m=[35m18135751[0m
[2m12:17:47[0m [[32m[1minfo     [0m] [1mProaktiv erkannte neue Packages: ['psycopg2-binary'][0m [36mreq[0m=[35m18135751[0m
[2m12:17:49[0m [[32m[1minfo     [0m] [1mGetting challenge status: id=741ae518-ec47-4816-be07-78f0cd4cb58e[0m [36mreq[0m=[35m580c61cc[0m
[2m12:17:49[0m [[32m[1minfo     [0m] [1mrequest_finished                        [0m [36mduration[0m=[35m0.012[0m [36mmethod[0m=[35mGET[0m [36mpath[0m=[35m/api/v1/challenges/741ae518-ec47-4816-be07-78f0cd4cb58e[0m [36mreq[0m=[35m580c61cc[0m [36mrequest_id[0m=[35m580c61cc-e999-4465-b364-ca1258af7fba[0m [36mstatus[0m=[35m200[0m
[2m12:17:52[0m [[32m[1minfo     [0m] [1mSession start: iteration=6/10, pip=1, apt=1[0m [36mreq[0m=[35m18135751[0m
[2m12:17:52[0m [[32m[1minfo     [0m] [1mSession container created: c194667d2607 [0m [36mreq[0m=[35m18135751[0m
[2m12:17:52[0m [[32m[1minfo     [0m] [1mInstalling system packages: libpq-dev   [0m [36mreq[0m=[35m18135751[0m
[2m12:17:54[0m [[32m[1minfo     [0m] [1mGetting challenge status: id=741ae518-ec47-4816-be07-78f0cd4cb58e[0m [36mreq[0m=[35m057100ea[0m
[2m12:17:54[0m [[32m[1minfo     [0m] [1mrequest_finished                        [0m [36mduration[0m=[35m0.004[0m [36mmethod[0m=[35mGET[0m [36mpath[0m=[35m/api/v1/challenges/741ae518-ec47-4816-be07-78f0cd4cb58e[0m [36mreq[0m=[35m057100ea[0m [36mrequest_id[0m=[35m057100ea-e486-4402-b75d-e51207cc4994[0m [36mstatus[0m=[35m200[0m
[2m12:17:56[0m [[32m[1minfo     [0m] [1mSystem packages installed successfully: libpq-dev[0m [36mreq[0m=[35m18135751[0m
[2m12:17:56[0m [[32m[1minfo     [0m] [1mInstalling pip packages: "psycopg2-binary"[0m [36mreq[0m=[35m18135751[0m
[2m12:17:57[0m [[32m[1minfo     [0m] [1mPip packages installed successfully     [0m [36mreq[0m=[35m18135751[0m
[2m12:17:57[0m [[32m[1minfo     [0m] [1mImplementation iteration 6/10           [0m [36mreq[0m=[35m18135751[0m
[2m12:17:58[0m [[33m[1mwarning  [0m] [1mCode execution failed (exit=1): Testing with input: {'query': 'SELECT project_name, status FROM projects LIMIT 5', 'database_url': 'postgresql://lumari:lumari_dev@lumari-postgres:5432/lumari'}
Result: {'success': False, 'error': 'Database error: relation "projects" does not exist\nLINE 1: SELECT project_name, status FROM projects LIMIT 5\n                                         ^'}
TEST FAILED: Database error: relation "projects" does not exist
LINE 1: SELECT project_name, status FROM projects LIMIT 5
                        [0m [36mreq[0m=[35m18135751[0m
[2m12:17:58[0m [[32m[1minfo     [0m] [1mRecorded build attempt: capability=execute SQL queries to retrieve project, progress, cost, and risk data, success=False, error_type=ErrorType.RUNTIME_ERROR[0m [36mreq[0m=[35m18135751[0m
[2m12:17:58[0m [[33m[1mwarning  [0m] [1mApproach-Switch: psycopg2 scheitert wiederholt[0m [36mreq[0m=[35m18135751[0m
[2m12:17:59[0m [[32m[1minfo     [0m] [1mGetting challenge status: id=741ae518-ec47-4816-be07-78f0cd4cb58e[0m [36mreq[0m=[35md5f6aeb1[0m
[2m12:17:59[0m [[32m[1minfo     [0m] [1mrequest_finished                        [0m [36mduration[0m=[35m0.009[0m [36mmethod[0m=[35mGET[0m [36mpath[0m=[35m/api/v1/challenges/741ae518-ec47-4816-be07-78f0cd4cb58e[0m [36mreq[0m=[35md5f6aeb1[0m [36mrequest_id[0m=[35md5f6aeb1-43f9-4a44-baec-6324e8fb225c[0m [36mstatus[0m=[35m200[0m
[2m12:18:00[0m [[32m[1minfo     [0m] [1mDebug [LOGIC_ERROR]: produced fixed code (2091 chars)[0m [36mreq[0m=[35m18135751[0m
[2m12:18:04[0m [[32m[1minfo     [0m] [1mGetting challenge status: id=741ae518-ec47-4816-be07-78f0cd4cb58e[0m [36mreq[0m=[35m631edd87[0m
[2m12:18:04[0m [[32m[1minfo     [0m] [1mrequest_finished                        [0m [36mduration[0m=[35m0.009[0m [36mmethod[0m=[35mGET[0m [36mpath[0m=[35m/api/v1/challenges/741ae518-ec47-4816-be07-78f0cd4cb58e[0m [36mreq[0m=[35m631edd87[0m [36mrequest_id[0m=[35m631edd87-671a-4c11-afee-a8120a42981d[0m [36mstatus[0m=[35m200[0m
[2m12:18:05[0m [[32m[1minfo     [0m] [1mSession start: iteration=7/10, pip=0, apt=1[0m [36mreq[0m=[35m18135751[0m
[2m12:18:05[0m [[32m[1minfo     [0m] [1mSession container created: cfc02143ac50 [0m [36mreq[0m=[35m18135751[0m
[2m12:18:05[0m [[32m[1minfo     [0m] [1mInstalling system packages: libpq-dev   [0m [36mreq[0m=[35m18135751[0m
[2m12:18:09[0m [[32m[1minfo     [0m] [1mSystem packages installed successfully: libpq-dev[0m [36mreq[0m=[35m18135751[0m
[2m12:18:09[0m [[32m[1minfo     [0m] [1mImplementation iteration 7/10           [0m [36mreq[0m=[35m18135751[0m
[2m12:18:09[0m [[32m[1minfo     [0m] [1mProaktiv erkannte neue Packages: ['psycopg2-binary'][0m [36mreq[0m=[35m18135751[0m
[2m12:18:09[0m [[32m[1minfo     [0m] [1mGetting challenge status: id=741ae518-ec47-4816-be07-78f0cd4cb58e[0m [36mreq[0m=[35m1793921e[0m
[2m12:18:09[0m [[32m[1minfo     [0m] [1mrequest_finished                        [0m [36mduration[0m=[35m0.009[0m [36mmethod[0m=[35mGET[0m [36mpath[0m=[35m/api/v1/challenges/741ae518-ec47-4816-be07-78f0cd4cb58e[0m [36mreq[0m=[35m1793921e[0m [36mrequest_id[0m=[35m1793921e-7d8b-42e9-8684-42c326cbfbe6[0m [36mstatus[0m=[35m200[0m
[2m12:18:14[0m [[32m[1minfo     [0m] [1mSession start: iteration=8/10, pip=1, apt=1[0m [36mreq[0m=[35m18135751[0m
[2m12:18:14[0m [[32m[1minfo     [0m] [1mGetting challenge status: id=741ae518-ec47-4816-be07-78f0cd4cb58e[0m [36mreq[0m=[35m81684012[0m
[2m12:18:14[0m [[32m[1minfo     [0m] [1mrequest_finished                        [0m [36mduration[0m=[35m0.005[0m [36mmethod[0m=[35mGET[0m [36mpath[0m=[35m/api/v1/challenges/741ae518-ec47-4816-be07-78f0cd4cb58e[0m [36mreq[0m=[35m81684012[0m [36mrequest_id[0m=[35m81684012-2fcd-4798-a9b0-a2ba7e6b3a48[0m [36mstatus[0m=[35m200[0m
[2m12:18:14[0m [[32m[1minfo     [0m] [1mSession container created: 4744f02eb687 [0m [36mreq[0m=[35m18135751[0m
[2m12:18:14[0m [[32m[1minfo     [0m] [1mInstalling system packages: libpq-dev   [0m [36mreq[0m=[35m18135751[0m
[2m12:18:18[0m [[32m[1minfo     [0m] [1mSystem packages installed successfully: libpq-dev[0m [36mreq[0m=[35m18135751[0m
[2m12:18:18[0m [[32m[1minfo     [0m] [1mInstalling pip packages: "psycopg2-binary"[0m [36mreq[0m=[35m18135751[0m
[2m12:18:19[0m [[32m[1minfo     [0m] [1mGetting challenge status: id=741ae518-ec47-4816-be07-78f0cd4cb58e[0m [36mreq[0m=[35m9e7d9df6[0m
[2m12:18:19[0m [[32m[1minfo     [0m] [1mrequest_finished                        [0m [36mduration[0m=[35m0.003[0m [36mmethod[0m=[35mGET[0m [36mpath[0m=[35m/api/v1/challenges/741ae518-ec47-4816-be07-78f0cd4cb58e[0m [36mreq[0m=[35m9e7d9df6[0m [36mrequest_id[0m=[35m9e7d9df6-17d3-4c45-85b7-f1c735829009[0m [36mstatus[0m=[35m200[0m
[2m12:18:19[0m [[32m[1minfo     [0m] [1mPip packages installed successfully     [0m [36mreq[0m=[35m18135751[0m
[2m12:18:19[0m [[32m[1minfo     [0m] [1mImplementation iteration 8/10           [0m [36mreq[0m=[35m18135751[0m
[2m12:18:19[0m [[33m[1mwarning  [0m] [1mCode execution failed (exit=1): Testing with input: {'query': 'SELECT project_name, status FROM projects LIMIT 5', 'database_url': 'postgresql://lumari:lumari_dev@lumari-postgres:5432/lumari'}
Result: {'success': False, 'error': 'Database error: relation "projects" does not exist\nLINE 1: SELECT project_name, status FROM projects LIMIT 5\n                                         ^'}
TEST FAILED: Database error: relation "projects" does not exist
LINE 1: SELECT project_name, status FROM projects LIMIT 5
                        [0m [36mreq[0m=[35m18135751[0m
[2m12:18:19[0m [[32m[1minfo     [0m] [1mRecorded build attempt: capability=execute SQL queries to retrieve project, progress, cost, and risk data, success=False, error_type=ErrorType.RUNTIME_ERROR[0m [36mreq[0m=[35m18135751[0m
[2m12:18:19[0m [[33m[1mwarning  [0m] [1mApproach-Switch: psycopg2 scheitert wiederholt[0m [36mreq[0m=[35m18135751[0m
[2m12:18:21[0m [[32m[1minfo     [0m] [1mDebug [LOGIC_ERROR]: produced fixed code (2091 chars)[0m [36mreq[0m=[35m18135751[0m
[2m12:18:24[0m [[32m[1minfo     [0m] [1mGetting challenge status: id=741ae518-ec47-4816-be07-78f0cd4cb58e[0m [36mreq[0m=[35mb26f1bf1[0m
[2m12:18:24[0m [[32m[1minfo     [0m] [1mrequest_finished                        [0m [36mduration[0m=[35m0.009[0m [36mmethod[0m=[35mGET[0m [36mpath[0m=[35m/api/v1/challenges/741ae518-ec47-4816-be07-78f0cd4cb58e[0m [36mreq[0m=[35mb26f1bf1[0m [36mrequest_id[0m=[35mb26f1bf1-009b-45d5-9e4b-cb2d95c33e35[0m [36mstatus[0m=[35m200[0m
[2m12:18:26[0m [[32m[1minfo     [0m] [1mSession start: iteration=9/10, pip=0, apt=1[0m [36mreq[0m=[35m18135751[0m
[2m12:18:26[0m [[32m[1minfo     [0m] [1mSession container created: 544bfce622c7 [0m [36mreq[0m=[35m18135751[0m
[2m12:18:26[0m [[32m[1minfo     [0m] [1mInstalling system packages: libpq-dev   [0m [36mreq[0m=[35m18135751[0m
[2m12:18:29[0m [[32m[1minfo     [0m] [1mGetting challenge status: id=741ae518-ec47-4816-be07-78f0cd4cb58e[0m [36mreq[0m=[35m8fbef88b[0m
[2m12:18:29[0m [[32m[1minfo     [0m] [1mrequest_finished                        [0m [36mduration[0m=[35m0.004[0m [36mmethod[0m=[35mGET[0m [36mpath[0m=[35m/api/v1/challenges/741ae518-ec47-4816-be07-78f0cd4cb58e[0m [36mreq[0m=[35m8fbef88b[0m [36mrequest_id[0m=[35m8fbef88b-0ab3-4089-a9c4-75de0c49cd9e[0m [36mstatus[0m=[35m200[0m
[2m12:18:31[0m [[32m[1minfo     [0m] [1mSystem packages installed successfully: libpq-dev[0m [36mreq[0m=[35m18135751[0m
[2m12:18:31[0m [[32m[1minfo     [0m] [1mImplementation iteration 9/10           [0m [36mreq[0m=[35m18135751[0m
[2m12:18:31[0m [[32m[1minfo     [0m] [1mProaktiv erkannte neue Packages: ['psycopg2-binary'][0m [36mreq[0m=[35m18135751[0m
[2m12:18:34[0m [[32m[1minfo     [0m] [1mGetting challenge status: id=741ae518-ec47-4816-be07-78f0cd4cb58e[0m [36mreq[0m=[35m64a57662[0m
[2m12:18:34[0m [[32m[1minfo     [0m] [1mrequest_finished                        [0m [36mduration[0m=[35m0.008[0m [36mmethod[0m=[35mGET[0m [36mpath[0m=[35m/api/v1/challenges/741ae518-ec47-4816-be07-78f0cd4cb58e[0m [36mreq[0m=[35m64a57662[0m [36mrequest_id[0m=[35m64a57662-b170-46e0-8a79-9b3aa07e7864[0m [36mstatus[0m=[35m200[0m
[2m12:18:36[0m [[32m[1minfo     [0m] [1mSession start: iteration=10/10, pip=1, apt=1[0m [36mreq[0m=[35m18135751[0m
[2m12:18:36[0m [[32m[1minfo     [0m] [1mSession container created: d788768732f3 [0m [36mreq[0m=[35m18135751[0m
[2m12:18:36[0m [[32m[1minfo     [0m] [1mInstalling system packages: libpq-dev   [0m [36mreq[0m=[35m18135751[0m
[2m12:18:39[0m [[32m[1minfo     [0m] [1mGetting challenge status: id=741ae518-ec47-4816-be07-78f0cd4cb58e[0m [36mreq[0m=[35m5d9889b4[0m
[2m12:18:39[0m [[32m[1minfo     [0m] [1mrequest_finished                        [0m [36mduration[0m=[35m0.003[0m [36mmethod[0m=[35mGET[0m [36mpath[0m=[35m/api/v1/challenges/741ae518-ec47-4816-be07-78f0cd4cb58e[0m [36mreq[0m=[35m5d9889b4[0m [36mrequest_id[0m=[35m5d9889b4-dcc8-4266-a107-0714b608beff[0m [36mstatus[0m=[35m200[0m
[2m12:18:40[0m [[32m[1minfo     [0m] [1mSystem packages installed successfully: libpq-dev[0m [36mreq[0m=[35m18135751[0m
[2m12:18:40[0m [[32m[1minfo     [0m] [1mInstalling pip packages: "psycopg2-binary"[0m [36mreq[0m=[35m18135751[0m
[2m12:18:41[0m [[32m[1minfo     [0m] [1mPip packages installed successfully     [0m [36mreq[0m=[35m18135751[0m
[2m12:18:41[0m [[32m[1minfo     [0m] [1mImplementation iteration 10/10          [0m [36mreq[0m=[35m18135751[0m
[2m12:18:41[0m [[33m[1mwarning  [0m] [1mCode execution failed (exit=1): Testing with input: {'query': 'SELECT project_name, status FROM projects LIMIT 5', 'database_url': 'postgresql://lumari:lumari_dev@lumari-postgres:5432/lumari'}
Result: {'success': False, 'error': 'Database error: relation "projects" does not exist\nLINE 1: SELECT project_name, status FROM projects LIMIT 5\n                                         ^'}
TEST FAILED: Database error: relation "projects" does not exist
LINE 1: SELECT project_name, status FROM projects LIMIT 5
                        [0m [36mreq[0m=[35m18135751[0m
[2m12:18:41[0m [[32m[1minfo     [0m] [1mRecorded build attempt: capability=execute SQL queries to retrieve project, progress, cost, and risk data, success=False, error_type=ErrorType.RUNTIME_ERROR[0m [36mreq[0m=[35m18135751[0m
[2m12:18:41[0m [[33m[1mwarning  [0m] [1mApproach-Switch: psycopg2 scheitert wiederholt[0m [36mreq[0m=[35m18135751[0m
[2m12:18:43[0m [[32m[1minfo     [0m] [1mDebug [LOGIC_ERROR]: produced fixed code (2091 chars)[0m [36mreq[0m=[35m18135751[0m
[2m12:18:44[0m [[32m[1minfo     [0m] [1mGetting challenge status: id=741ae518-ec47-4816-be07-78f0cd4cb58e[0m [36mreq[0m=[35m876d2424[0m
[2m12:18:44[0m [[32m[1minfo     [0m] [1mrequest_finished                        [0m [36mduration[0m=[35m0.01[0m [36mmethod[0m=[35mGET[0m [36mpath[0m=[35m/api/v1/challenges/741ae518-ec47-4816-be07-78f0cd4cb58e[0m [36mreq[0m=[35m876d2424[0m [36mrequest_id[0m=[35m876d2424-52af-4abf-bd72-0e59c796e34f[0m [36mstatus[0m=[35m200[0m
[2m12:18:48[0m [[33m[1mwarning  [0m] [1mImplementation fehlgeschlagen nach 10 Iterationen[0m [36mreq[0m=[35m18135751[0m
[2m12:18:48[0m [[33m[1mwarning  [0m] [1mSkill Team failed: phase=TeamRole.IMPLEMENTER, reason=Implementation failed after max iterations[0m [36mreq[0m=[35m18135751[0m
[2m12:18:48[0m [[32m[1minfo     [0m] [1mRecorded build attempt: capability=execute SQL queries to retrieve project, progress, cost, and risk data, success=False, error_type=ErrorType.RUNTIME_ERROR[0m [36mreq[0m=[35m18135751[0m
[2m12:18:48[0m [[33m[1mwarning  [0m] [1mGap build failed: 22ec57d9... - Implementation failed after max iterations[0m [36mreq[0m=[35m18135751[0m
[2m12:18:48[0m [[32m[1minfo     [0m] [1mProcessing gap: ca937cc3... type=missing_planning_skill, capability=analyze database schema and table relationships, severity=important[0m [36mreq[0m=[35m18135751[0m
[2m12:18:48[0m [[33m[1mwarning  [0m] [1mUnknown gap type 'missing_planning_skill', using generic builder[0m [36mreq[0m=[35m18135751[0m
[2m12:18:48[0m [[32m[1minfo     [0m] [1mBuilding capability: gap_type=missing_planning_skill, severity=important, attempt=1, approach=direct[0m [36mreq[0m=[35m18135751[0m
[2m12:18:48[0m [[32m[1minfo     [0m] [1mDecomposing task id=c5d27550..., files=1[0m [36mreq[0m=[35m18135751[0m
[2m12:18:49[0m [[32m[1minfo     [0m] [1mGetting challenge status: id=741ae518-ec47-4816-be07-78f0cd4cb58e[0m [36mreq[0m=[35mfb285468[0m
[2m12:18:49[0m [[32m[1minfo     [0m] [1mrequest_finished                        [0m [36mduration[0m=[35m0.006[0m [36mmethod[0m=[35mGET[0m [36mpath[0m=[35m/api/v1/challenges/741ae518-ec47-4816-be07-78f0cd4cb58e[0m [36mreq[0m=[35mfb285468[0m [36mrequest_id[0m=[35mfb285468-bd19-4446-a026-fcee31f55d6f[0m [36mstatus[0m=[35m200[0m
[2m12:18:51[0m [[32m[1minfo     [0m] [1mDecomposed task into 3 subtasks, 3 waves[0m [36mreq[0m=[35m18135751[0m
[2m12:18:51[0m [[32m[1minfo     [0m] [1mExecuting wave 1/3, files=['db_connector.py'][0m [36mreq[0m=[35m18135751[0m
[2m12:18:51[0m [[32m[1minfo     [0m] [1mRegistered agent id=ddcf9ec3..., task=c5d27550..., file=db_connector.py[0m [36mreq[0m=[35m18135751[0m
[2m12:18:51[0m [[32m[1minfo     [0m] [1mUpdated agent id=ddcf9ec3... status=running[0m [36mreq[0m=[35m18135751[0m
[2m12:18:51[0m [[32m[1minfo     [0m] [1mExecuting agent id=ddcf9ec3..., file=db_connector.py[0m [36mreq[0m=[35m18135751[0m
{
    "name": "developer_team.decompose_task",
    "context": {
        "trace_id": "0x30789e6ca2701c4ceefea34ffde8d458",
        "span_id": "0x8b0e2465049cdef7",
        "trace_state": "[]"
    },
    "kind": "SpanKind.INTERNAL",
    "parent_id": "0x55aafba66c007d4e",
    "start_time": "2026-05-08T12:18:48.810386Z",
    "end_time": "2026-05-08T12:18:51.886253Z",
    "status": {
        "status_code": "UNSET"
    },
    "attributes": {},
    "events": [],
    "links": [],
    "resource": {
        "attributes": {
            "telemetry.sdk.language": "python",
            "telemetry.sdk.name": "opentelemetry",
            "telemetry.sdk.version": "1.40.0",
            "service.name": "lumari-backend",
            "service.version": "0.1.0",
            "service.namespace": "lumari",
            "deployment.environment": "development",
            "telemetry.middleware.version": "1.0.0"
        },
        "schema_url": ""
    }
}
[2m12:18:54[0m [[32m[1minfo     [0m] [1mGetting challenge status: id=741ae518-ec47-4816-be07-78f0cd4cb58e[0m [36mreq[0m=[35m9ed883f2[0m
[2m12:18:54[0m [[32m[1minfo     [0m] [1mrequest_finished                        [0m [36mduration[0m=[35m0.007[0m [36mmethod[0m=[35mGET[0m [36mpath[0m=[35m/api/v1/challenges/741ae518-ec47-4816-be07-78f0cd4cb58e[0m [36mreq[0m=[35m9ed883f2[0m [36mrequest_id[0m=[35m9ed883f2-2981-4998-9fd7-7c7960e2209d[0m [36mstatus[0m=[35m200[0m
[2m12:18:54[0m [[32m[1minfo     [0m] [1mAgent completed id=ddcf9ec3..., duration=3.02s[0m [36mreq[0m=[35m18135751[0m
[2m12:18:54[0m [[32m[1minfo     [0m] [1mUpdated agent id=ddcf9ec3... status=completed[0m [36mreq[0m=[35m18135751[0m
[2m12:18:54[0m [[32m[1minfo     [0m] [1mExecuting wave 2/3, files=['prompts/generated/prompt_analyze_database_schema_and_table_relationships.txt'][0m [36mreq[0m=[35m18135751[0m
[2m12:18:54[0m [[32m[1minfo     [0m] [1mRegistered agent id=2b55a0d4..., task=c5d27550..., file=prompts/generated/prompt_analyze_database_schema_and_table_relationships.txt[0m [36mreq[0m=[35m18135751[0m
[2m12:18:54[0m [[32m[1minfo     [0m] [1mUpdated agent id=2b55a0d4... status=running[0m [36mreq[0m=[35m18135751[0m
[2m12:18:54[0m [[32m[1minfo     [0m] [1mExecuting agent id=2b55a0d4..., file=prompts/generated/prompt_analyze_database_schema_and_table_relationships.txt[0m [36mreq[0m=[35m18135751[0m
[2m12:18:57[0m [[32m[1minfo     [0m] [1mAgent completed id=2b55a0d4..., duration=2.35s[0m [36mreq[0m=[35m18135751[0m
[2m12:18:57[0m [[32m[1minfo     [0m] [1mUpdated agent id=2b55a0d4... status=completed[0m [36mreq[0m=[35m18135751[0m
[2m12:18:57[0m [[32m[1minfo     [0m] [1mExecuting wave 3/3, files=['report_generator.py'][0m [36mreq[0m=[35m18135751[0m
[2m12:18:57[0m [[32m[1minfo     [0m] [1mRegistered agent id=2c197acc..., task=c5d27550..., file=report_generator.py[0m [36mreq[0m=[35m18135751[0m
[2m12:18:57[0m [[32m[1minfo     [0m] [1mUpdated agent id=2c197acc... status=running[0m [36mreq[0m=[35m18135751[0m
[2m12:18:57[0m [[32m[1minfo     [0m] [1mExecuting agent id=2c197acc..., file=report_generator.py[0m [36mreq[0m=[35m18135751[0m
{
    "name": "agent_spawner.spawn_and_execute",
    "context": {
        "trace_id": "0x30789e6ca2701c4ceefea34ffde8d458",
        "span_id": "0x7026c489a8cfd233",
        "trace_state": "[]"
    },
    "kind": "SpanKind.INTERNAL",
    "parent_id": "0xba496e986c02d2aa",
    "start_time": "2026-05-08T12:18:51.888482Z",
    "end_time": "2026-05-08T12:18:54.914299Z",
    "status": {
        "status_code": "UNSET"
    },
    "attributes": {
        "agent.id": "ddcf9ec3-04ef-479e-bdff-aa6e517c4265",
        "agent.task_id": "c5d27550-65cf-4678-9ad4-b7e1ada9653c",
        "agent.file_path": "db_connector.py",
        "agent.timeout_seconds": 300,
        "agent.registered": true,
        "agent.success": true,
        "agent.duration_seconds": 3.0240299701690674
    },
    "events": [],
    "links": [],
    "resource": {
        "attributes": {
            "telemetry.sdk.language": "python",
            "telemetry.sdk.name": "opentelemetry",
            "telemetry.sdk.version": "1.40.0",
            "service.name": "lumari-backend",
            "service.version": "0.1.0",
            "service.namespace": "lumari",
            "deployment.environment": "development",
            "telemetry.middleware.version": "1.0.0"
        },
        "schema_url": ""
    }
}
{
    "name": "developer_team.execute_wave",
    "context": {
        "trace_id": "0x30789e6ca2701c4ceefea34ffde8d458",
        "span_id": "0xba496e986c02d2aa",
        "trace_state": "[]"
    },
    "kind": "SpanKind.INTERNAL",
    "parent_id": "0x55aafba66c007d4e",
    "start_time": "2026-05-08T12:18:51.886915Z",
    "end_time": "2026-05-08T12:18:54.915143Z",
    "status": {
        "status_code": "UNSET"
    },
    "attributes": {
        "wave.files": [
            "db_connector.py"
        ]
    },
    "events": [],
    "links": [],
    "resource": {
        "attributes": {
            "telemetry.sdk.language": "python",
            "telemetry.sdk.name": "opentelemetry",
            "telemetry.sdk.version": "1.40.0",
            "service.name": "lumari-backend",
            "service.version": "0.1.0",
            "service.namespace": "lumari",
            "deployment.environment": "development",
            "telemetry.middleware.version": "1.0.0"
        },
        "schema_url": ""
    }
}
{
    "name": "agent_spawner.spawn_and_execute",
    "context": {
        "trace_id": "0x30789e6ca2701c4ceefea34ffde8d458",
        "span_id": "0xa5e3863aceb2ee26",
        "trace_state": "[]"
    },
    "kind": "SpanKind.INTERNAL",
    "parent_id": "0x8d5286c501e27556",
    "start_time": "2026-05-08T12:18:54.915932Z",
    "end_time": "2026-05-08T12:18:57.270235Z",
    "status": {
        "status_code": "UNSET"
    },
    "attributes": {
        "agent.id": "2b55a0d4-8543-4b15-8ea8-aa37f45b8420",
        "agent.task_id": "c5d27550-65cf-4678-9ad4-b7e1ada9653c",
        "agent.file_path": "prompts/generated/prompt_analyze_database_schema_and_table_relationships.txt",
        "agent.timeout_seconds": 300,
        "agent.registered": true,
        "agent.success": true,
        "agent.duration_seconds": 2.353423833847046
    },
    "events": [],
    "links": [],
    "resource": {
        "attributes": {
            "telemetry.sdk.language": "python",
            "telemetry.sdk.name": "opentelemetry",
            "telemetry.sdk.version": "1.40.0",
            "service.name": "lumari-backend",
            "service.version": "0.1.0",
            "service.namespace": "lumari",
            "deployment.environment": "development",
            "telemetry.middleware.version": "1.0.0"
        },
        "schema_url": ""
    }
}
{
    "name": "developer_team.execute_wave",
    "context": {
        "trace_id": "0x30789e6ca2701c4ceefea34ffde8d458",
        "span_id": "0x8d5286c501e27556",
        "trace_state": "[]"
    },
    "kind": "SpanKind.INTERNAL",
    "parent_id": "0x55aafba66c007d4e",
    "start_time": "2026-05-08T12:18:54.915587Z",
    "end_time": "2026-05-08T12:18:57.270857Z",
    "status": {
        "status_code": "UNSET"
    },
    "attributes": {
        "wave.files": [
            "prompts/generated/prompt_analyze_database_schema_and_table_relationships.txt"
        ]
    },
    "events": [],
    "links": [],
    "resource": {
        "attributes": {
            "telemetry.sdk.language": "python",
            "telemetry.sdk.name": "opentelemetry",
            "telemetry.sdk.version": "1.40.0",
            "service.name": "lumari-backend",
            "service.version": "0.1.0",
            "service.namespace": "lumari",
            "deployment.environment": "development",
            "telemetry.middleware.version": "1.0.0"
        },
        "schema_url": ""
    }
}
[2m12:18:59[0m [[32m[1minfo     [0m] [1mGetting challenge status: id=741ae518-ec47-4816-be07-78f0cd4cb58e[0m [36mreq[0m=[35m149d4140[0m
[2m12:18:59[0m [[32m[1minfo     [0m] [1mrequest_finished                        [0m [36mduration[0m=[35m0.005[0m [36mmethod[0m=[35mGET[0m [36mpath[0m=[35m/api/v1/challenges/741ae518-ec47-4816-be07-78f0cd4cb58e[0m [36mreq[0m=[35m149d4140[0m [36mrequest_id[0m=[35m149d4140-c261-48c4-8268-0190ce1e471f[0m [36mstatus[0m=[35m200[0m
[2m12:19:00[0m [[32m[1minfo     [0m] [1mAgent completed id=2c197acc..., duration=3.15s[0m [36mreq[0m=[35m18135751[0m
[2m12:19:00[0m [[32m[1minfo     [0m] [1mUpdated agent id=2c197acc... status=completed[0m [36mreq[0m=[35m18135751[0m
[2m12:19:00[0m [[32m[1minfo     [0m] [1mUnregistered agent id=ddcf9ec3...       [0m [36mreq[0m=[35m18135751[0m
[2m12:19:00[0m [[32m[1minfo     [0m] [1mUnregistered agent id=2b55a0d4...       [0m [36mreq[0m=[35m18135751[0m
[2m12:19:00[0m [[32m[1minfo     [0m] [1mUnregistered agent id=2c197acc...       [0m [36mreq[0m=[35m18135751[0m
[2m12:19:00[0m [[32m[1minfo     [0m] [1mCleaned up 3 agents for task c5d27550...[0m [36mreq[0m=[35m18135751[0m
[2m12:19:00[0m [[32m[1minfo     [0m] [1mBuilt prompt: id=fe07e4c2..., name=prompt_analyze_database_schema_and_table_relationships[0m [36mreq[0m=[35m18135751[0m
[2m12:19:00[0m [[32m[1minfo     [0m] [1mInjecting capability: type=prompt, id=fe07e4c2...[0m [36mreq[0m=[35m18135751[0m
[2m12:19:00[0m [[32m[1minfo     [0m] [1mLoading topology from database...       [0m [36mreq[0m=[35m18135751[0m
[2m12:19:00[0m [[32m[1minfo     [0m] [1mMapped 12 skill entries to 12 capabilities[0m [36mreq[0m=[35m18135751[0m
[2m12:19:00[0m [[32m[1minfo     [0m] [1mTopology validated: 11 agents in 5 waves[0m [36mreq[0m=[35m18135751[0m
[2m12:19:00[0m [[32m[1minfo     [0m] [1mLoaded 12 skills for topology           [0m [36mreq[0m=[35m18135751[0m
[2m12:19:00[0m [[32m[1minfo     [0m] [1mTopology loaded: 11 agents, 5 waves     [0m [36mreq[0m=[35m18135751[0m
[2m12:19:00[0m [[32m[1minfo     [0m] [1mCapability injected successfully: prompt/fe07e4c2...[0m [36mreq[0m=[35m18135751[0m
[2m12:19:00[0m [[32m[1minfo     [0m] [1mRecorded build attempt: capability=analyze database schema and table relationships, success=True, error_type=None[0m [36mreq[0m=[35m18135751[0m
[2m12:19:00[0m [[32m[1minfo     [0m] [1mGap completed: ca937cc3... -> prompt/fe07e4c2...[0m [36mreq[0m=[35m18135751[0m
[2m12:19:00[0m [[32m[1minfo     [0m] [1mProcessing gap: d3476234... type=missing_skill, capability=connect to PostgreSQL database, severity=important[0m [36mreq[0m=[35m18135751[0m
[2m12:19:00[0m [[32m[1minfo     [0m] [1mStrategy proposed for connect to PostgreSQL database: direct (confidence=0.5)[0m [36mreq[0m=[35m18135751[0m
[2m12:19:00[0m [[32m[1minfo     [0m] [1mBuilding capability: gap_type=missing_skill, severity=important, attempt=1, approach=direct[0m [36mreq[0m=[35m18135751[0m
[2m12:19:00[0m [[32m[1minfo     [0m] [1mUsing Skill Team for capability: connect to PostgreSQL database[0m [36mreq[0m=[35m18135751[0m
[2m12:19:00[0m [[32m[1minfo     [0m] [1mStarting team-based skill development for: connect to PostgreSQL database[0m [36mreq[0m=[35m18135751[0m
[2m12:19:00[0m [[32m[1minfo     [0m] [1mFound 10 previous failures to learn from[0m [36mreq[0m=[35m18135751[0m
[2m12:19:00[0m [[32m[1minfo     [0m] [1mResearching capability: connect to PostgreSQL database[0m [36mreq[0m=[35m18135751[0m
[2m12:19:00[0m [[32m[1minfo     [0m] [1mUsing cached research for: connect to PostgreSQL database[0m [36mreq[0m=[35m18135751[0m
[2m12:19:00[0m [[32m[1minfo     [0m] [1mResearch complete: 1 packages found     [0m [36mreq[0m=[35m18135751[0m
[2m12:19:02[0m [[32m[1minfo     [0m] [1mArchitecture complete: 1 test cases defined[0m [36mreq[0m=[35m18135751[0m
[2m12:19:03[0m [[32m[1minfo     [0m] [1mSession start: iteration=1/10, pip=1, apt=0[0m [36mreq[0m=[35m18135751[0m
[2m12:19:03[0m [[32m[1minfo     [0m] [1mSession container created: f4b04a3144c4 [0m [36mreq[0m=[35m18135751[0m
[2m12:19:03[0m [[32m[1minfo     [0m] [1mInstalling pip packages: "psycopg2-binary>=2.9.0"[0m [36mreq[0m=[35m18135751[0m
{
    "name": "agent_spawner.spawn_and_execute",
    "context": {
        "trace_id": "0x30789e6ca2701c4ceefea34ffde8d458",
        "span_id": "0x8d28bb202fec1284",
        "trace_state": "[]"
    },
    "kind": "SpanKind.INTERNAL",
    "parent_id": "0x1064bd11db88fa4c",
    "start_time": "2026-05-08T12:18:57.271395Z",
    "end_time": "2026-05-08T12:19:00.422367Z",
    "status": {
        "status_code": "UNSET"
    },
    "attributes": {
        "agent.id": "2c197acc-ee50-4524-83e8-c2101ea99a30",
        "agent.task_id": "c5d27550-65cf-4678-9ad4-b7e1ada9653c",
        "agent.file_path": "report_generator.py",
        "agent.timeout_seconds": 300,
        "agent.registered": true,
        "agent.success": true,
        "agent.duration_seconds": 3.1500113010406494
    },
    "events": [],
    "links": [],
    "resource": {
        "attributes": {
            "telemetry.sdk.language": "python",
            "telemetry.sdk.name": "opentelemetry",
            "telemetry.sdk.version": "1.40.0",
            "service.name": "lumari-backend",
            "service.version": "0.1.0",
            "service.namespace": "lumari",
            "deployment.environment": "development",
            "telemetry.middleware.version": "1.0.0"
        },
        "schema_url": ""
    }
}
{
    "name": "developer_team.execute_wave",
    "context": {
        "trace_id": "0x30789e6ca2701c4ceefea34ffde8d458",
        "span_id": "0x1064bd11db88fa4c",
        "trace_state": "[]"
    },
    "kind": "SpanKind.INTERNAL",
    "parent_id": "0x55aafba66c007d4e",
    "start_time": "2026-05-08T12:18:57.271120Z",
    "end_time": "2026-05-08T12:19:00.423298Z",
    "status": {
        "status_code": "UNSET"
    },
    "attributes": {
        "wave.files": [
            "report_generator.py"
        ]
    },
    "events": [],
    "links": [],
    "resource": {
        "attributes": {
            "telemetry.sdk.language": "python",
            "telemetry.sdk.name": "opentelemetry",
            "telemetry.sdk.version": "1.40.0",
            "service.name": "lumari-backend",
            "service.version": "0.1.0",
            "service.namespace": "lumari",
            "deployment.environment": "development",
            "telemetry.middleware.version": "1.0.0"
        },
        "schema_url": ""
    }
}
{
    "name": "developer_team.execute_complex_task",
    "context": {
        "trace_id": "0x30789e6ca2701c4ceefea34ffde8d458",
        "span_id": "0x55aafba66c007d4e",
        "trace_state": "[]"
    },
    "kind": "SpanKind.INTERNAL",
    "parent_id": null,
    "start_time": "2026-05-08T12:18:48.810234Z",
    "end_time": "2026-05-08T12:19:00.423941Z",
    "status": {
        "status_code": "UNSET"
    },
    "attributes": {
        "task.id": "c5d27550-65cf-4678-9ad4-b7e1ada9653c",
        "task.files_count": 1,
        "task.subtasks_count": 3,
        "task.waves_count": 3,
        "task.files_completed": 3,
        "task.files_failed": 0,
        "task.success": true
    },
    "events": [],
    "links": [],
    "resource": {
        "attributes": {
            "telemetry.sdk.language": "python",
            "telemetry.sdk.name": "opentelemetry",
            "telemetry.sdk.version": "1.40.0",
            "service.name": "lumari-backend",
            "service.version": "0.1.0",
            "service.namespace": "lumari",
            "deployment.environment": "development",
            "telemetry.middleware.version": "1.0.0"
        },
        "schema_url": ""
    }
}
[2m12:19:04[0m [[32m[1minfo     [0m] [1mPip packages installed successfully     [0m [36mreq[0m=[35m18135751[0m
[2m12:19:04[0m [[32m[1minfo     [0m] [1mImplementation iteration 1/10           [0m [36mreq[0m=[35m18135751[0m
[2m12:19:04[0m [[32m[1minfo     [0m] [1mGetting challenge status: id=741ae518-ec47-4816-be07-78f0cd4cb58e[0m [36mreq[0m=[35m57acc572[0m
[2m12:19:04[0m [[32m[1minfo     [0m] [1mrequest_finished                        [0m [36mduration[0m=[35m0.006[0m [36mmethod[0m=[35mGET[0m [36mpath[0m=[35m/api/v1/challenges/741ae518-ec47-4816-be07-78f0cd4cb58e[0m [36mreq[0m=[35m57acc572[0m [36mrequest_id[0m=[35m57acc572-1fab-407b-b126-eb19b7e78bf2[0m [36mstatus[0m=[35m200[0m
[2m12:19:06[0m [[32m[1minfo     [0m] [1mProaktiv erkannte neue Packages: ['psycopg2-binary'][0m [36mreq[0m=[35m18135751[0m
[2m12:19:09[0m [[32m[1minfo     [0m] [1mGetting challenge status: id=741ae518-ec47-4816-be07-78f0cd4cb58e[0m [36mreq[0m=[35m3a94ea38[0m
[2m12:19:09[0m [[32m[1minfo     [0m] [1mrequest_finished                        [0m [36mduration[0m=[35m0.008[0m [36mmethod[0m=[35mGET[0m [36mpath[0m=[35m/api/v1/challenges/741ae518-ec47-4816-be07-78f0cd4cb58e[0m [36mreq[0m=[35m3a94ea38[0m [36mrequest_id[0m=[35m3a94ea38-2764-4117-8fda-8c61397b96c1[0m [36mstatus[0m=[35m200[0m
[2m12:19:11[0m [[32m[1minfo     [0m] [1mSession start: iteration=2/10, pip=2, apt=0[0m [36mreq[0m=[35m18135751[0m
[2m12:19:12[0m [[32m[1minfo     [0m] [1mSession container created: 99719edc0021 [0m [36mreq[0m=[35m18135751[0m
[2m12:19:12[0m [[32m[1minfo     [0m] [1mInstalling pip packages: "psycopg2-binary>=2.9.0" "psycopg2-binary"[0m [36mreq[0m=[35m18135751[0m
[2m12:19:13[0m [[32m[1minfo     [0m] [1mPip packages installed successfully     [0m [36mreq[0m=[35m18135751[0m
[2m12:19:13[0m [[32m[1minfo     [0m] [1mImplementation iteration 2/10           [0m [36mreq[0m=[35m18135751[0m
[2m12:19:13[0m [[32m[1minfo     [0m] [1mImplementation erfolgreich nach 2 Iterationen[0m [36mreq[0m=[35m18135751[0m
[2m12:19:14[0m [[32m[1minfo     [0m] [1mGetting challenge status: id=741ae518-ec47-4816-be07-78f0cd4cb58e[0m [36mreq[0m=[35mb2080efd[0m
[2m12:19:14[0m [[32m[1minfo     [0m] [1mrequest_finished                        [0m [36mduration[0m=[35m0.01[0m [36mmethod[0m=[35mGET[0m [36mpath[0m=[35m/api/v1/challenges/741ae518-ec47-4816-be07-78f0cd4cb58e[0m [36mreq[0m=[35mb2080efd[0m [36mrequest_id[0m=[35mb2080efd-3d53-4e78-af98-b73dccc3e84e[0m [36mstatus[0m=[35m200[0m
[2m12:19:18[0m [[32m[1minfo     [0m] [1mReview iteration 1/2                    [0m [36mreq[0m=[35m18135751[0m
[2m12:19:19[0m [[32m[1minfo     [0m] [1mGetting challenge status: id=741ae518-ec47-4816-be07-78f0cd4cb58e[0m [36mreq[0m=[35m39f78aa0[0m
[2m12:19:19[0m [[32m[1minfo     [0m] [1mrequest_finished                        [0m [36mduration[0m=[35m0.009[0m [36mmethod[0m=[35mGET[0m [36mpath[0m=[35m/api/v1/challenges/741ae518-ec47-4816-be07-78f0cd4cb58e[0m [36mreq[0m=[35m39f78aa0[0m [36mrequest_id[0m=[35m39f78aa0-e802-4f7e-a9ae-cd3fbf0f0417[0m [36mstatus[0m=[35m200[0m
[2m12:19:23[0m [[32m[1minfo     [0m] [1mStarting sandbox execution: pip=['psycopg2-binary>=2.9.0', 'psycopg2-binary'], apt=[], input_files=[][0m [36mreq[0m=[35m18135751[0m
[2m12:19:24[0m [[32m[1minfo     [0m] [1mInstalling pip packages: "psycopg2-binary>=2.9.0" "psycopg2-binary"[0m [36mreq[0m=[35m18135751[0m
[2m12:19:24[0m [[32m[1minfo     [0m] [1mGetting challenge status: id=741ae518-ec47-4816-be07-78f0cd4cb58e[0m [36mreq[0m=[35m4702e077[0m
[2m12:19:24[0m [[32m[1minfo     [0m] [1mrequest_finished                        [0m [36mduration[0m=[35m0.004[0m [36mmethod[0m=[35mGET[0m [36mpath[0m=[35m/api/v1/challenges/741ae518-ec47-4816-be07-78f0cd4cb58e[0m [36mreq[0m=[35m4702e077[0m [36mrequest_id[0m=[35m4702e077-8d73-44ab-9d15-1ff37a9304d0[0m [36mstatus[0m=[35m200[0m
[2m12:19:25[0m [[32m[1minfo     [0m] [1mPip packages installed successfully     [0m [36mreq[0m=[35m18135751[0m
[2m12:19:25[0m [[32m[1minfo     [0m] [1mSandbox execution complete: success=True, time=1527ms, cached=False[0m [36mreq[0m=[35m18135751[0m
[2m12:19:29[0m [[32m[1minfo     [0m] [1mGetting challenge status: id=741ae518-ec47-4816-be07-78f0cd4cb58e[0m [36mreq[0m=[35m73642d25[0m
[2m12:19:29[0m [[32m[1minfo     [0m] [1mrequest_finished                        [0m [36mduration[0m=[35m0.01[0m [36mmethod[0m=[35mGET[0m [36mpath[0m=[35m/api/v1/challenges/741ae518-ec47-4816-be07-78f0cd4cb58e[0m [36mreq[0m=[35m73642d25[0m [36mrequest_id[0m=[35m73642d25-1fd6-431e-8979-41a256f4bf14[0m [36mstatus[0m=[35m200[0m
[2m12:19:30[0m [[32m[1minfo     [0m] [1mReview iteration 2/2                    [0m [36mreq[0m=[35m18135751[0m
[2m12:19:33[0m [[33m[1mwarning  [0m] [1mReview-Iterationen erschöpft, akzeptiere pre-review Code[0m [36mreq[0m=[35m18135751[0m
[2m12:19:33[0m [[32m[1minfo     [0m] [1mStarting sandbox execution: pip=['psycopg2-binary>=2.9.0', 'psycopg2-binary'], apt=[], input_files=[][0m [36mreq[0m=[35m18135751[0m
[2m12:19:33[0m [[32m[1minfo     [0m] [1mInstalling pip packages: "psycopg2-binary>=2.9.0" "psycopg2-binary"[0m [36mreq[0m=[35m18135751[0m
[2m12:19:34[0m [[32m[1minfo     [0m] [1mGetting challenge status: id=741ae518-ec47-4816-be07-78f0cd4cb58e[0m [36mreq[0m=[35m3838167b[0m
[2m12:19:34[0m [[32m[1minfo     [0m] [1mrequest_finished                        [0m [36mduration[0m=[35m0.004[0m [36mmethod[0m=[35mGET[0m [36mpath[0m=[35m/api/v1/challenges/741ae518-ec47-4816-be07-78f0cd4cb58e[0m [36mreq[0m=[35m3838167b[0m [36mrequest_id[0m=[35m3838167b-1cc5-441c-8424-8c70265aefa5[0m [36mstatus[0m=[35m200[0m
[2m12:19:34[0m [[32m[1minfo     [0m] [1mPip packages installed successfully     [0m [36mreq[0m=[35m18135751[0m
[2m12:19:35[0m [[32m[1minfo     [0m] [1mSandbox execution complete: success=True, time=1512ms, cached=False[0m [36mreq[0m=[35m18135751[0m
[2m12:19:39[0m [[32m[1minfo     [0m] [1mGetting challenge status: id=741ae518-ec47-4816-be07-78f0cd4cb58e[0m [36mreq[0m=[35m5d962a71[0m
[2m12:19:39[0m [[32m[1minfo     [0m] [1mrequest_finished                        [0m [36mduration[0m=[35m0.009[0m [36mmethod[0m=[35mGET[0m [36mpath[0m=[35m/api/v1/challenges/741ae518-ec47-4816-be07-78f0cd4cb58e[0m [36mreq[0m=[35m5d962a71[0m [36mrequest_id[0m=[35m5d962a71-5b49-4802-be8d-96bfbb228e4f[0m [36mstatus[0m=[35m200[0m
[2m12:19:40[0m [[32m[1minfo     [0m] [1mCreated new skill: 6cacc6de-809b-448f-811d-edf4901818d4[0m [36mreq[0m=[35m18135751[0m
[2m12:19:40[0m [[32m[1minfo     [0m] [1mRecorded build attempt: capability=connect to PostgreSQL database, success=True, error_type=None[0m [36mreq[0m=[35m18135751[0m
[2m12:19:40[0m [[32m[1minfo     [0m] [1mSkill development complete: skill_connect_to_postgresql_database in 39544ms[0m [36mreq[0m=[35m18135751[0m
[2m12:19:40[0m [[32m[1minfo     [0m] [1mSkill Team built skill: skill_connect_to_postgresql_database, duration=39.6s[0m [36mreq[0m=[35m18135751[0m
[2m12:19:40[0m [[32m[1minfo     [0m] [1mAgent 'context_retriever' already has capability 'connect to PostgreSQL database'[0m [36mreq[0m=[35m18135751[0m
[2m12:19:40[0m [[32m[1minfo     [0m] [1mCreated skill binding: skill=6cacc6de..., agent=49898ec1..., capability='connect to PostgreSQL database'[0m [36mreq[0m=[35m18135751[0m
[2m12:19:40[0m [[32m[1minfo     [0m] [1mInjecting skill 6cacc6de... with plan: target_agent=d01ede79..., rationale=The tool_builder is the most appropriate agent for creating robust, reusable database interaction utilities that other agents can consume.[0m [36mreq[0m=[35m18135751[0m
[2m12:19:40[0m [[32m[1minfo     [0m] [1mCreated skill binding: skill=6cacc6de... -> agent=d01ede79...[0m [36mreq[0m=[35m18135751[0m
[2m12:19:40[0m [[32m[1minfo     [0m] [1mLoading topology from database...       [0m [36mreq[0m=[35m18135751[0m
[2m12:19:40[0m [[32m[1minfo     [0m] [1mMapped 13 skill entries to 13 capabilities[0m [36mreq[0m=[35m18135751[0m
[2m12:19:40[0m [[32m[1minfo     [0m] [1mTopology validated: 11 agents in 5 waves[0m [36mreq[0m=[35m18135751[0m
[2m12:19:40[0m [[32m[1minfo     [0m] [1mLoaded 13 skills for topology           [0m [36mreq[0m=[35m18135751[0m
[2m12:19:40[0m [[32m[1minfo     [0m] [1mTopology loaded: 11 agents, 5 waves     [0m [36mreq[0m=[35m18135751[0m
[2m12:19:40[0m [[32m[1minfo     [0m] [1mPlan-based injection complete: skill=6cacc6de... -> agent=tool_builder[0m [36mreq[0m=[35m18135751[0m
[2m12:19:40[0m [[32m[1minfo     [0m] [1mRecorded build attempt: capability=connect to PostgreSQL database, success=True, error_type=None[0m [36mreq[0m=[35m18135751[0m
[2m12:19:40[0m [[32m[1minfo     [0m] [1mGap completed: d3476234... -> skill/6cacc6de...[0m [36mreq[0m=[35m18135751[0m
[2m12:19:40[0m [[32m[1minfo     [0m] [1mAll gaps processed for plan 0ec9a123... [0m [36mreq[0m=[35m18135751[0m
[2m12:19:40[0m [[32m[1minfo     [0m] [1mCompleted gap plan: 0ec9a123..., status=partial, completed=2, failed=1[0m [36mreq[0m=[35m18135751[0m
[2m12:19:40[0m [[32m[1minfo     [0m] [1mGap plan execution finished: 0ec9a123..., completed=2, failed=1, artifacts=2[0m [36mreq[0m=[35m18135751[0m
[2m12:19:40[0m [[32m[1minfo     [0m] [1mVerifying gap closure after cycle 1, built 2 capabilities[0m [36mreq[0m=[35m18135751[0m
[2m12:19:40[0m [[32m[1minfo     [0m] [1mGap OPEN: 'execute SQL queries to retrieve project, progress, cost, and risk data'[0m [36mreq[0m=[35m18135751[0m
[2m12:19:40[0m [[32m[1minfo     [0m] [1mGap OPEN: 'analyze database schema and table relationships'[0m [36mreq[0m=[35m18135751[0m
[2m12:19:40[0m [[32m[1minfo     [0m] [1mGap CLOSED: 'connect to PostgreSQL database' by skill/6cacc6de...[0m [36mreq[0m=[35m18135751[0m
[2m12:19:40[0m [[32m[1minfo     [0m] [1mPlan verification complete: 0ec9a123..., closed=1/3, all_closed=False[0m [36mreq[0m=[35m18135751[0m
[2m12:19:40[0m [[32m[1minfo     [0m] [1mVerification result: closed=1/3, all_closed=False[0m [36mreq[0m=[35m18135751[0m
[2m12:19:40[0m [[32m[1minfo     [0m] [1mCreated gap plan: id=5e40ee2b..., challenge=741ae518..., gaps=2, cycle=2[0m [36mreq[0m=[35m18135751[0m
[2m12:19:40[0m [[32m[1minfo     [0m] [1mCreated new cycle 2 with 2 REMAINING gaps (not new ones!) for challenge 741ae518...[0m [36mreq[0m=[35m18135751[0m
[2m12:19:40[0m [[32m[1minfo     [0m] [1mCapability building partial: 741ae518-ec47-4816-be07-78f0cd4cb58e, built=2[0m [36mreq[0m=[35m18135751[0m
[2m12:19:44[0m [[32m[1minfo     [0m] [1mGetting challenge status: id=741ae518-ec47-4816-be07-78f0cd4cb58e[0m [36mreq[0m=[35me31438f8[0m
[2m12:19:44[0m [[32m[1minfo     [0m] [1mrequest_finished                        [0m [36mduration[0m=[35m0.008[0m [36mmethod[0m=[35mGET[0m [36mpath[0m=[35m/api/v1/challenges/741ae518-ec47-4816-be07-78f0cd4cb58e[0m [36mreq[0m=[35me31438f8[0m [36mrequest_id[0m=[35me31438f8-22d2-4942-b643-e3ade75b879f[0m [36mstatus[0m=[35m200[0m
[2m12:19:44[0m [[32m[1minfo     [0m] [1mExecuting challenge: id=741ae518-ec47-4816-be07-78f0cd4cb58e[0m [36mreq[0m=[35medbcfbab[0m
[2m12:19:44[0m [[32m[1minfo     [0m] [1mrequest_finished                        [0m [36mduration[0m=[35m0.009[0m [36mmethod[0m=[35mPOST[0m [36mpath[0m=[35m/api/v1/challenges/741ae518-ec47-4816-be07-78f0cd4cb58e/execute[0m [36mreq[0m=[35medbcfbab[0m [36mrequest_id[0m=[35medbcfbab-c579-4f54-b2a7-5da0ccb806d8[0m [36mstatus[0m=[35m200[0m
[2m12:19:44[0m [[32m[1minfo     [0m] [1mStarting background execution: challenge_id=741ae518-ec47-4816-be07-78f0cd4cb58e[0m [36mreq[0m=[35medbcfbab[0m
[2m12:19:44[0m [[32m[1minfo     [0m] [1mLoading topology from database...       [0m [36mreq[0m=[35medbcfbab[0m
[2m12:19:44[0m [[32m[1minfo     [0m] [1mMapped 13 skill entries to 13 capabilities[0m [36mreq[0m=[35medbcfbab[0m
[2m12:19:44[0m [[32m[1minfo     [0m] [1mTopology validated: 11 agents in 5 waves[0m [36mreq[0m=[35medbcfbab[0m
[2m12:19:44[0m [[32m[1minfo     [0m] [1mLoaded 13 skills for topology           [0m [36mreq[0m=[35medbcfbab[0m
[2m12:19:44[0m [[32m[1minfo     [0m] [1mTopology loaded: 11 agents, 5 waves     [0m [36mreq[0m=[35medbcfbab[0m
[2m12:19:44[0m [[32m[1minfo     [0m] [1mShared memory initialized with Qdrant   [0m [36mreq[0m=[35medbcfbab[0m
[2m12:19:44[0m [[32m[1minfo     [0m] [1mHybridOrchestrator initialized          [0m [36mreq[0m=[35medbcfbab[0m
[2m12:19:44[0m [[32m[1minfo     [0m] [1mStarting execution: 5feec508-68a4-4210-8ccd-1253de2467e2[0m [36mreq[0m=[35medbcfbab[0m
[2m12:19:44[0m [[32m[1minfo     [0m] [1mLoading topology from database...       [0m [36mreq[0m=[35medbcfbab[0m
[2m12:19:44[0m [[32m[1minfo     [0m] [1mMapped 13 skill entries to 13 capabilities[0m [36mreq[0m=[35medbcfbab[0m
[2m12:19:44[0m [[32m[1minfo     [0m] [1mTopology validated: 11 agents in 5 waves[0m [36mreq[0m=[35medbcfbab[0m
[2m12:19:44[0m [[32m[1minfo     [0m] [1mLoaded 13 skills for topology           [0m [36mreq[0m=[35medbcfbab[0m
[2m12:19:44[0m [[32m[1minfo     [0m] [1mTopology loaded: 11 agents, 5 waves     [0m [36mreq[0m=[35medbcfbab[0m
[2m12:19:44[0m [[32m[1minfo     [0m] [1mDocker client connected successfully    [0m [36mreq[0m=[35medbcfbab[0m
[2m12:19:44[0m [[32m[1minfo     [0m] [1mCreated DynamicSandbox executor (Docker-based, unrestricted)[0m [36mreq[0m=[35medbcfbab[0m
[2m12:19:44[0m [[33m[1mwarning  [0m] [1mCould not create intervention orchestrator for self-healing: create_intervention_orchestrator() got an unexpected keyword argument 'db'[0m [36mreq[0m=[35medbcfbab[0m
[2m12:19:44[0m [[32m[1minfo     [0m] [1mExecuting wave 1/5: ['05bebe15-b46f-4b91-96e3-a50f6cf9e68d', '90c17f3b-7f91-4174-b3ac-b59a51feb378', '65ad3c5c-f66c-49a0-a7cd-4b9ebc6142b9', '073d766c-ed4f-4519-8e36-8c9631e97c67'][0m [36mreq[0m=[35medbcfbab[0m
[2m12:19:44[0m [[32m[1minfo     [0m] [1mExecuting agent: transcript_analyzer (05bebe15-b46f-4b91-96e3-a50f6cf9e68d)[0m [36mreq[0m=[35medbcfbab[0m
[2m12:19:44[0m [[32m[1minfo     [0m] [1mExecuting agent: product_owner (90c17f3b-7f91-4174-b3ac-b59a51feb378)[0m [36mreq[0m=[35medbcfbab[0m
[2m12:19:44[0m [[33m[1mwarning  [0m] [1mAgent product_owner expected artifacts ['analysis_findings'] but none found in pool[0m [36mreq[0m=[35medbcfbab[0m
[2m12:19:44[0m [[32m[1minfo     [0m] [1mExecuting agent: quality_judge (65ad3c5c-f66c-49a0-a7cd-4b9ebc6142b9)[0m [36mreq[0m=[35medbcfbab[0m
[2m12:19:44[0m [[33m[1mwarning  [0m] [1mAgent quality_judge expected artifacts ['ab_test_samples'] but none found in pool[0m [36mreq[0m=[35medbcfbab[0m
[2m12:19:44[0m [[32m[1minfo     [0m] [1mExecuting agent: execution_analyzer (073d766c-ed4f-4519-8e36-8c9631e97c67)[0m [36mreq[0m=[35medbcfbab[0m
[2m12:19:44[0m [[33m[1mwarning  [0m] [1mAgent execution_analyzer expected artifacts ['execution_telemetry'] but none found in pool[0m [36mreq[0m=[35medbcfbab[0m
[2m12:19:45[0m [[32m[1minfo     [0m] [1mshared_memory_metrics agent=transcript_analyzer facts_kept=5 facts_total=8 hypotheses=0 relations=0 approx_tokens=2389 query_chars=3075[0m [36mreq[0m=[35medbcfbab[0m
[2m12:19:46[0m [[32m[1minfo     [0m] [1mAgent execution_analyzer returned final answer after 0 tool calls[0m [36mreq[0m=[35medbcfbab[0m
[2m12:19:46[0m [[32m[1minfo     [0m] [1mAgent execution_analyzer completed      [0m [36mreq[0m=[35medbcfbab[0m
[2m12:19:46[0m [[32m[1minfo     [0m] [1mTool call 1/5: skill_connect_to_a_postgresql_database_and_list_all_table_names._the_function_receives_a_database_url_parameter_and_returns_the_list_of_table_names_in_the_public_schema.[0m [36mreq[0m=[35medbcfbab[0m
[2m12:19:46[0m [[32m[1minfo     [0m] [1mStarting sandbox execution: pip=['psycopg2-binary>=2.9.0', 'psycopg2-binary'], apt=[], input_files=[][0m [36mreq[0m=[35medbcfbab[0m
[2m12:19:46[0m [[32m[1minfo     [0m] [1mFound cached image: lumari-sandbox:custom-b45b88ad (usage=9)[0m [36mreq[0m=[35medbcfbab[0m
[2m12:19:46[0m [[32m[1minfo     [0m] [1mAgent quality_judge returned final answer after 0 tool calls[0m [36mreq[0m=[35medbcfbab[0m
[2m12:19:46[0m [[32m[1minfo     [0m] [1mUsing cached image: lumari-sandbox:custom-b45b88ad[0m [36mreq[0m=[35medbcfbab[0m
[2m12:19:46[0m [[32m[1minfo     [0m] [1mAgent quality_judge completed           [0m [36mreq[0m=[35medbcfbab[0m
[2m12:19:46[0m [[32m[1minfo     [0m] [1mSandbox execution complete: success=True, time=335ms, cached=True[0m [36mreq[0m=[35medbcfbab[0m
[2m12:19:48[0m [[32m[1minfo     [0m] [1mAgent product_owner returned final answer after 0 tool calls[0m [36mreq[0m=[35medbcfbab[0m
[2m12:19:48[0m [[32m[1minfo     [0m] [1mAgent product_owner completed           [0m [36mreq[0m=[35medbcfbab[0m
[2m12:19:49[0m [[32m[1minfo     [0m] [1mGetting challenge status: id=741ae518-ec47-4816-be07-78f0cd4cb58e[0m [36mreq[0m=[35m137f4558[0m
[2m12:19:49[0m [[32m[1minfo     [0m] [1mrequest_finished                        [0m [36mduration[0m=[35m0.009[0m [36mmethod[0m=[35mGET[0m [36mpath[0m=[35m/api/v1/challenges/741ae518-ec47-4816-be07-78f0cd4cb58e[0m [36mreq[0m=[35m137f4558[0m [36mrequest_id[0m=[35m137f4558-2f17-4cb0-8fbb-e3030f04e267[0m [36mstatus[0m=[35m200[0m
[2m12:19:53[0m [[32m[1minfo     [0m] [1mTool call 2/5: skill_connect_to_postgresql_database[0m [36mreq[0m=[35medbcfbab[0m
[2m12:19:53[0m [[32m[1minfo     [0m] [1mStarting sandbox execution: pip=['psycopg2-binary>=2.9.0', 'psycopg2-binary'], apt=[], input_files=[][0m [36mreq[0m=[35medbcfbab[0m
[2m12:19:53[0m [[32m[1minfo     [0m] [1mFound cached image: lumari-sandbox:custom-b45b88ad (usage=10)[0m [36mreq[0m=[35medbcfbab[0m
[2m12:19:53[0m [[32m[1minfo     [0m] [1mUsing cached image: lumari-sandbox:custom-b45b88ad[0m [36mreq[0m=[35medbcfbab[0m
[2m12:19:53[0m [[32m[1minfo     [0m] [1mSandbox execution complete: success=True, time=325ms, cached=True[0m [36mreq[0m=[35medbcfbab[0m
[2m12:19:54[0m [[32m[1minfo     [0m] [1mGetting challenge status: id=741ae518-ec47-4816-be07-78f0cd4cb58e[0m [36mreq[0m=[35mb238ff2e[0m
[2m12:19:54[0m [[32m[1minfo     [0m] [1mrequest_finished                        [0m [36mduration[0m=[35m0.009[0m [36mmethod[0m=[35mGET[0m [36mpath[0m=[35m/api/v1/challenges/741ae518-ec47-4816-be07-78f0cd4cb58e[0m [36mreq[0m=[35mb238ff2e[0m [36mrequest_id[0m=[35mb238ff2e-34db-411f-bad1-1bdd266dc67c[0m [36mstatus[0m=[35m200[0m
[2m12:19:59[0m [[32m[1minfo     [0m] [1mGetting challenge status: id=741ae518-ec47-4816-be07-78f0cd4cb58e[0m [36mreq[0m=[35m4fb9bd51[0m
[2m12:19:59[0m [[32m[1minfo     [0m] [1mrequest_finished                        [0m [36mduration[0m=[35m0.01[0m [36mmethod[0m=[35mGET[0m [36mpath[0m=[35m/api/v1/challenges/741ae518-ec47-4816-be07-78f0cd4cb58e[0m [36mreq[0m=[35m4fb9bd51[0m [36mrequest_id[0m=[35m4fb9bd51-a540-42da-9f25-f2e34494ed54[0m [36mstatus[0m=[35m200[0m
[2m12:20:00[0m [[32m[1minfo     [0m] [1mAgent transcript_analyzer returned final answer after 2 tool calls[0m [36mreq[0m=[35medbcfbab[0m
[2m12:20:00[0m [[32m[1minfo     [0m] [1mAgent transcript_analyzer completed     [0m [36mreq[0m=[35medbcfbab[0m
[2m12:20:00[0m [[32m[1minfo     [0m] [1mWave 1 agent 'transcript_analyzer' completed: success=True, skipped=False, result_len=480[0m [36mreq[0m=[35medbcfbab[0m
[2m12:20:00[0m [[32m[1minfo     [0m] [1mWave 1 agent 'product_owner' completed: success=True, skipped=False, result_len=365[0m [36mreq[0m=[35medbcfbab[0m
[2m12:20:00[0m [[32m[1minfo     [0m] [1mWave 1 agent 'quality_judge' completed: success=True, skipped=False, result_len=322[0m [36mreq[0m=[35medbcfbab[0m
[2m12:20:00[0m [[32m[1minfo     [0m] [1mWave 1 agent 'execution_analyzer' completed: success=True, skipped=False, result_len=215[0m [36mreq[0m=[35medbcfbab[0m
[2m12:20:00[0m [[32m[1minfo     [0m] [1mExecuting wave 2/5: ['49898ec1-10da-4a11-8457-1358d844c805', '07f8b963-9d7c-4232-ba20-52aa8d850e1d'][0m [36mreq[0m=[35medbcfbab[0m
[2m12:20:00[0m [[32m[1minfo     [0m] [1mExecuting agent: context_retriever (49898ec1-10da-4a11-8457-1358d844c805)[0m [36mreq[0m=[35medbcfbab[0m
[2m12:20:00[0m [[32m[1minfo     [0m] [1mExecuting agent: control_agent (07f8b963-9d7c-4232-ba20-52aa8d850e1d)[0m [36mreq[0m=[35medbcfbab[0m
[2m12:20:01[0m [[32m[1minfo     [0m] [1mTool call 1/5: skill_connect_to_a_postgresql_database_and_list_all_table_names._the_function_receives_a_database_url_parameter_and_returns_the_list_of_table_names_in_the_public_schema.[0m [36mreq[0m=[35medbcfbab[0m
[2m12:20:01[0m [[32m[1minfo     [0m] [1mStarting sandbox execution: pip=['psycopg2-binary>=2.9.0', 'psycopg2-binary'], apt=[], input_files=[][0m [36mreq[0m=[35medbcfbab[0m
[2m12:20:01[0m [[32m[1minfo     [0m] [1mFound cached image: lumari-sandbox:custom-b45b88ad (usage=11)[0m [36mreq[0m=[35medbcfbab[0m
[2m12:20:01[0m [[32m[1minfo     [0m] [1mUsing cached image: lumari-sandbox:custom-b45b88ad[0m [36mreq[0m=[35medbcfbab[0m
[2m12:20:01[0m [[32m[1minfo     [0m] [1mAgent control_agent returned final answer after 0 tool calls[0m [36mreq[0m=[35medbcfbab[0m
[2m12:20:01[0m [[32m[1minfo     [0m] [1mSandbox execution complete: success=True, time=322ms, cached=True[0m [36mreq[0m=[35medbcfbab[0m
[2m12:20:01[0m [[32m[1minfo     [0m] [1mAgent control_agent completed           [0m [36mreq[0m=[35medbcfbab[0m
[2m12:20:04[0m [[32m[1minfo     [0m] [1mGetting challenge status: id=741ae518-ec47-4816-be07-78f0cd4cb58e[0m [36mreq[0m=[35m3159bcce[0m
[2m12:20:04[0m [[32m[1minfo     [0m] [1mrequest_finished                        [0m [36mduration[0m=[35m0.009[0m [36mmethod[0m=[35mGET[0m [36mpath[0m=[35m/api/v1/challenges/741ae518-ec47-4816-be07-78f0cd4cb58e[0m [36mreq[0m=[35m3159bcce[0m [36mrequest_id[0m=[35m3159bcce-ea59-4086-aa94-e60201228b7f[0m [36mstatus[0m=[35m200[0m
[2m12:20:08[0m [[32m[1minfo     [0m] [1mAgent context_retriever returned final answer after 1 tool calls[0m [36mreq[0m=[35medbcfbab[0m
[2m12:20:09[0m [[32m[1minfo     [0m] [1mAgent context_retriever completed       [0m [36mreq[0m=[35medbcfbab[0m
[2m12:20:09[0m [[32m[1minfo     [0m] [1mWave 2 agent 'context_retriever' completed: success=True, skipped=False, result_len=1064[0m [36mreq[0m=[35medbcfbab[0m
[2m12:20:09[0m [[32m[1minfo     [0m] [1mWave 2 agent 'control_agent' completed: success=True, skipped=False, result_len=152[0m [36mreq[0m=[35medbcfbab[0m
[2m12:20:09[0m [[32m[1minfo     [0m] [1mExecuting wave 3/5: ['f54aabd1-ca21-4768-b12e-ccf5ca95d0da', 'a676e764-25ce-41cf-95d1-b838c8e6804d', 'd01ede79-d82b-465b-ae42-d1a7a2ec4188'][0m [36mreq[0m=[35medbcfbab[0m
[2m12:20:09[0m [[32m[1minfo     [0m] [1mExecuting agent: report_generator (f54aabd1-ca21-4768-b12e-ccf5ca95d0da)[0m [36mreq[0m=[35medbcfbab[0m
[2m12:20:09[0m [[32m[1minfo     [0m] [1mExecuting agent: prompt_engineer (a676e764-25ce-41cf-95d1-b838c8e6804d)[0m [36mreq[0m=[35medbcfbab[0m
[2m12:20:09[0m [[32m[1minfo     [0m] [1mExecuting agent: tool_builder (d01ede79-d82b-465b-ae42-d1a7a2ec4188)[0m [36mreq[0m=[35medbcfbab[0m
[2m12:20:09[0m [[32m[1minfo     [0m] [1mGetting challenge status: id=741ae518-ec47-4816-be07-78f0cd4cb58e[0m [36mreq[0m=[35mb2bb775b[0m
[2m12:20:09[0m [[32m[1minfo     [0m] [1mrequest_finished                        [0m [36mduration[0m=[35m0.009[0m [36mmethod[0m=[35mGET[0m [36mpath[0m=[35m/api/v1/challenges/741ae518-ec47-4816-be07-78f0cd4cb58e[0m [36mreq[0m=[35mb2bb775b[0m [36mrequest_id[0m=[35mb2bb775b-b599-454f-917f-56c1c0957a0d[0m [36mstatus[0m=[35m200[0m
[2m12:20:11[0m [[32m[1minfo     [0m] [1mAgent report_generator returned final answer after 0 tool calls[0m [36mreq[0m=[35medbcfbab[0m
[2m12:20:12[0m [[32m[1minfo     [0m] [1mAgent prompt_engineer returned final answer after 0 tool calls[0m [36mreq[0m=[35medbcfbab[0m
[2m12:20:12[0m [[32m[1minfo     [0m] [1mAgent report_generator completed        [0m [36mreq[0m=[35medbcfbab[0m
[2m12:20:12[0m [[32m[1minfo     [0m] [1mAgent prompt_engineer completed         [0m [36mreq[0m=[35medbcfbab[0m
[2m12:20:14[0m [[32m[1minfo     [0m] [1mAgent tool_builder returned final answer after 0 tool calls[0m [36mreq[0m=[35medbcfbab[0m
[2m12:20:14[0m [[32m[1minfo     [0m] [1mAgent tool_builder completed            [0m [36mreq[0m=[35medbcfbab[0m
[2m12:20:14[0m [[32m[1minfo     [0m] [1mWave 3 agent 'report_generator' completed: success=True, skipped=False, result_len=1867[0m [36mreq[0m=[35medbcfbab[0m
[2m12:20:14[0m [[32m[1minfo     [0m] [1mWave 3 agent 'prompt_engineer' completed: success=True, skipped=False, result_len=2046[0m [36mreq[0m=[35medbcfbab[0m
[2m12:20:14[0m [[32m[1minfo     [0m] [1mWave 3 agent 'tool_builder' completed: success=True, skipped=False, result_len=209[0m [36mreq[0m=[35medbcfbab[0m
[2m12:20:14[0m [[32m[1minfo     [0m] [1mExecuting wave 4/5: ['85860279-90e3-4984-b25d-af840d3dca9b'][0m [36mreq[0m=[35medbcfbab[0m
[2m12:20:14[0m [[32m[1minfo     [0m] [1mExecuting agent: quality_validator (85860279-90e3-4984-b25d-af840d3dca9b)[0m [36mreq[0m=[35medbcfbab[0m
[2m12:20:14[0m [[32m[1minfo     [0m] [1mGetting challenge status: id=741ae518-ec47-4816-be07-78f0cd4cb58e[0m [36mreq[0m=[35m65c95660[0m
[2m12:20:14[0m [[32m[1minfo     [0m] [1mrequest_finished                        [0m [36mduration[0m=[35m0.008[0m [36mmethod[0m=[35mGET[0m [36mpath[0m=[35m/api/v1/challenges/741ae518-ec47-4816-be07-78f0cd4cb58e[0m [36mreq[0m=[35m65c95660[0m [36mrequest_id[0m=[35m65c95660-a76e-404e-a6a4-248c9d6cc0e4[0m [36mstatus[0m=[35m200[0m
[2m12:20:16[0m [[32m[1minfo     [0m] [1mAgent quality_validator returned final answer after 0 tool calls[0m [36mreq[0m=[35medbcfbab[0m
[2m12:20:16[0m [[32m[1minfo     [0m] [1mAgent quality_validator completed       [0m [36mreq[0m=[35medbcfbab[0m
[2m12:20:16[0m [[32m[1minfo     [0m] [1mWave 4 agent 'quality_validator' completed: success=True, skipped=False, result_len=567[0m [36mreq[0m=[35medbcfbab[0m
[2m12:20:16[0m [[32m[1minfo     [0m] [1mExecuting wave 5/5: ['bbd241f8-1df0-49f4-950a-dc61efa2c950'][0m [36mreq[0m=[35medbcfbab[0m
[2m12:20:16[0m [[32m[1minfo     [0m] [1mExecuting agent: report_finalizer (bbd241f8-1df0-49f4-950a-dc61efa2c950)[0m [36mreq[0m=[35medbcfbab[0m
[2m12:20:19[0m [[32m[1minfo     [0m] [1mAgent report_finalizer returned final answer after 0 tool calls[0m [36mreq[0m=[35medbcfbab[0m
[2m12:20:19[0m [[32m[1minfo     [0m] [1mAgent report_finalizer completed        [0m [36mreq[0m=[35medbcfbab[0m
[2m12:20:19[0m [[32m[1minfo     [0m] [1mWave 5 agent 'report_finalizer' completed: success=True, skipped=False, result_len=2103[0m [36mreq[0m=[35medbcfbab[0m
[2m12:20:19[0m [[32m[1minfo     [0m] [1mArtifact pool cleared: 11 artifacts discarded[0m [36mreq[0m=[35medbcfbab[0m
[2m12:20:19[0m [[32m[1minfo     [0m] [1mGetting challenge status: id=741ae518-ec47-4816-be07-78f0cd4cb58e[0m [36mreq[0m=[35m8a5207c0[0m
[2m12:20:19[0m [[32m[1minfo     [0m] [1mrequest_finished                        [0m [36mduration[0m=[35m0.004[0m [36mmethod[0m=[35mGET[0m [36mpath[0m=[35m/api/v1/challenges/741ae518-ec47-4816-be07-78f0cd4cb58e[0m [36mreq[0m=[35m8a5207c0[0m [36mrequest_id[0m=[35m8a5207c0-4b09-4d1a-845e-9b7a9c9958f7[0m [36mstatus[0m=[35m200[0m
[2m12:20:20[0m [[32m[1minfo     [0m] [1mPersisted 1 facts to shared memory for execution 5feec508-68a4-4210-8ccd-1253de2467e2[0m [36mreq[0m=[35medbcfbab[0m
[2m12:20:20[0m [[32m[1minfo     [0m] [1mStarting telemetry for agent=05bebe15..., execution=5feec508...[0m [36mreq[0m=[35medbcfbab[0m
[2m12:20:20[0m [[33m[1mwarning  [0m] [1mTelemetrie-Bridge fehlgeschlagen: 1 validation error for ExecutionTelemetryCreate
outcome
  Input should be 'success', 'error', 'timeout' or 'cancelled' [type=literal_error, input_value='running', input_type=str]
    For further information visit https://errors.pydantic.dev/2.11/v/literal_error[0m [36mreq[0m=[35medbcfbab[0m
[2m12:20:20[0m [[32m[1minfo     [0m] [1mConfigured epicbox profile: image=lumari-sandbox:latest, limits={'cputime': 5, 'realtime': 10, 'memory': 128, 'processes': 1}[0m [36mreq[0m=[35medbcfbab[0m
[2m12:20:20[0m [[32m[1minfo     [0m] [1mStarting analysis pipeline for execution_id=5feec508...[0m [36mreq[0m=[35medbcfbab[0m
[2m12:20:20[0m [[32m[1minfo     [0m] [1mExecution completed: challenge_id=741ae518-ec47-4816-be07-78f0cd4cb58e, success=True[0m [36mreq[0m=[35medbcfbab[0m
[2m12:20:20[0m [[33m[1mwarning  [0m] [1mNo telemetry found for execution 5feec508-68a4-4210-8ccd-1253de2467e2[0m [36mreq[0m=[35medbcfbab[0m
[2m12:20:24[0m [[32m[1minfo     [0m] [1mGetting challenge status: id=741ae518-ec47-4816-be07-78f0cd4cb58e[0m [36mreq[0m=[35m784ead71[0m
[2m12:20:25[0m [[32m[1minfo     [0m] [1mrequest_finished                        [0m [36mduration[0m=[35m0.012[0m [36mmethod[0m=[35mGET[0m [36mpath[0m=[35m/api/v1/challenges/741ae518-ec47-4816-be07-78f0cd4cb58e[0m [36mreq[0m=[35m784ead71[0m [36mrequest_id[0m=[35m784ead71-d42f-4029-a5e0-751bf2922e64[0m [36mstatus[0m=[35m200[0m
[2m12:20:25[0m [[32m[1minfo     [0m] [1mGetting challenge results: id=741ae518-ec47-4816-be07-78f0cd4cb58e[0m [36mreq[0m=[35mcc290f36[0m
[2m12:20:25[0m [[32m[1minfo     [0m] [1mrequest_finished                        [0m [36mduration[0m=[35m0.007[0m [36mmethod[0m=[35mGET[0m [36mpath[0m=[35m/api/v1/challenges/741ae518-ec47-4816-be07-78f0cd4cb58e/results[0m [36mreq[0m=[35mcc290f36[0m [36mrequest_id[0m=[35mcc290f36-54a9-46a8-920b-8d5e2d1756bf[0m [36mstatus[0m=[35m200[0m
[2m12:20:27[0m [[32m[1minfo     [0m] [1mDirect challenge analysis: execution_id=27e1fe4f-b954-4498-98d5-0bb9b4a84689[0m [36mreq[0m=[35mf9ad84b7[0m
[2m12:20:27[0m [[32m[1minfo     [0m] [1mPre-execution analysis starting for execution 27e1fe4f-b954-4498-98d5-0bb9b4a84689[0m [36mreq[0m=[35mf9ad84b7[0m
[2m12:20:27[0m [[32m[1minfo     [0m] [1mAnalyzing challenge for execution 27e1fe4f-b954-4498-98d5-0bb9b4a84689[0m [36mreq[0m=[35mf9ad84b7[0m
[2m12:20:27[0m [[32m[1minfo     [0m] [1mLoading topology from database...       [0m [36mreq[0m=[35mf9ad84b7[0m
[2m12:20:28[0m [[32m[1minfo     [0m] [1mMapped 13 skill entries to 13 capabilities[0m [36mreq[0m=[35mf9ad84b7[0m
[2m12:20:28[0m [[32m[1minfo     [0m] [1mTopology validated: 11 agents in 5 waves[0m [36mreq[0m=[35mf9ad84b7[0m
[2m12:20:28[0m [[32m[1minfo     [0m] [1mLoaded 13 skills for topology           [0m [36mreq[0m=[35mf9ad84b7[0m
[2m12:20:28[0m [[32m[1minfo     [0m] [1mTopology loaded: 11 agents, 5 waves     [0m [36mreq[0m=[35mf9ad84b7[0m
[2m12:20:28[0m [[32m[1minfo     [0m] [1mSkill 'skill_write_a_formal_daily_construction_report' provides applicability: 'This skill should be selected when you need to generate and save a formal, text-based daily construction progress report. It requires the site name and progress summary as input to produce a timestamped file in a specified directory.'[0m [36mreq[0m=[35mf9ad84b7[0m
[2m12:20:28[0m [[32m[1minfo     [0m] [1mSkill 'skill_create_a_final_pdf_or_text_based_report_of_the_pouring_protocol' provides applicability: 'Select this skill when you need to generate a formal, documented record of a completed pouring protocol in either PDF or text format. It should be used once all protocol data—including the ID, operator, timestamp, and step list—has been finalized and validated.'[0m [36mreq[0m=[35mf9ad84b7[0m
[2m12:20:28[0m [[32m[1minfo     [0m] [1mSkill 'skill_define_technical_migration_and_api_integration_roadmap' provides applicability: 'Select this skill when planning the transition from a legacy system to a new API architecture to generate a structured implementation roadmap and validation plan based on a chosen migration strategy (strangler fig, big bang, or dual-write).'[0m [36mreq[0m=[35mf9ad84b7[0m
[2m12:20:28[0m [[32m[1minfo     [0m] [1mSkill 'skill_calculate_financial_impact_and_transaction_statistics' provides applicability: 'Select this skill when you need to derive aggregate financial metrics, such as total volume, averages, and category-specific impacts, from a structured list of transaction records. It is best utilized when transaction amounts require normalization from mixed string or numeric formats into a consistent float representation.'[0m [36mreq[0m=[35mf9ad84b7[0m
[2m12:20:28[0m [[32m[1minfo     [0m] [1mSkill 'skill_calculate_budget_impact_of_proposed_cost_saving_measures' provides applicability: 'Select this skill when you need to determine the financial effect of multiple cost-saving initiatives on an existing budget. It should be used when you have a defined current budget and a list of specific proposed savings amounts to calculate the new budget total and the overall percentage reduction.'[0m [36mreq[0m=[35mf9ad84b7[0m
[2m12:20:28[0m [[32m[1minfo     [0m] [1mSkill 'skill_audio_transcription' provides applicability: 'audio transcription'[0m [36mreq[0m=[35mf9ad84b7[0m
[2m12:20:28[0m [[32m[1minfo     [0m] [1mSkill 'skill_generate_a_risk_matrix_visualization_or_summary_table' provides applicability: 'Select this skill when you need to visualize or summarize a list of risks by plotting their likelihood and impact scores on a 5x5 matrix. It should be used when your input data contains structured risk entries with defined numerical likelihood and impact values.'[0m [36mreq[0m=[35mf9ad84b7[0m
[2m12:20:28[0m [[32m[1minfo     [0m] [1mSkill 'skill_evaluate_technical_risks_of_custom_abap_code_and_interface_dependencies' provides applicability: 'This skill should be selected when assessing the technical debt or stability risks of an SAP environment by identifying high-complexity custom ABAP objects and critical integration hubs. It is best applied during system audits or migration planning to prioritize objects requiring refactoring or rigorous testing based on their weighted risk scores and dependency density.'[0m [36mreq[0m=[35mf9ad84b7[0m
[2m12:20:28[0m [[32m[1minfo     [0m] [1mSkill 'skill_analyze_csv_file_structure_and_identify_unique_sub_contractors' provides applicability: 'Select this skill when you need to extract a unique list of sub-contractors from a specific column in a CSV file, particularly when processing large datasets that require memory-efficient chunking.'[0m [36mreq[0m=[35mf9ad84b7[0m
[2m12:20:28[0m [[32m[1minfo     [0m] [1mSkill 'skill_list_all_postgresql_table_names_from_a_database_url_parameter' provides applicability: 'Select this skill when you need to retrieve a list of all user-defined table names from a PostgreSQL database by providing its connection URL. It is applicable whenever you require an automated way to inspect the schema structure of a specific PostgreSQL instance.'[0m [36mreq[0m=[35mf9ad84b7[0m
[2m12:20:28[0m [[32m[1minfo     [0m] [1mSkill 'skill_connect_to_a_postgresql_database_and_list_all_table_names._the_function_receives_a_database_url_parameter_and_returns_the_list_of_table_names_in_the_public_schema.' provides applicability: 'Use this skill when you need to discover the structure of a PostgreSQL database by retrieving a list of all base table names within a specific schema. It should be selected when you have a valid database connection URL and need to programmatically identify available tables for further data operations.'[0m [36mreq[0m=[35mf9ad84b7[0m
[2m12:20:28[0m [[32m[1minfo     [0m] [1mSkill 'skill_parse_and_import_50_csv_files_into_the_database' provides applicability: 'Select this skill when you need to perform a bulk ingestion of multiple CSV files from a local directory into a specified database table. It is best suited for scenarios requiring memory-efficient processing via chunking and automated error handling for large-scale data imports.'[0m [36mreq[0m=[35mf9ad84b7[0m
[2m12:20:28[0m [[32m[1minfo     [0m] [1mSkill 'skill_connect_to_postgresql_database' provides affected_capability: 'connect to PostgreSQL database'[0m [36mreq[0m=[35mf9ad84b7[0m
[2m12:20:28[0m [[32m[1minfo     [0m] [1mExtracted 13 capabilities from 13 active skills[0m [36mreq[0m=[35mf9ad84b7[0m
[2m12:20:28[0m [[32m[1minfo     [0m] [1mPrompt 'report_generator_prompt' provides affected_capability: 'structure inspection findings into a formal report format'[0m [36mreq[0m=[35mf9ad84b7[0m
[2m12:20:28[0m [[32m[1minfo     [0m] [1mPrompt 'prompt_generate_professional_business_correspondence' provides affected_capability: 'generate professional business correspondence'[0m [36mreq[0m=[35mf9ad84b7[0m
[2m12:20:28[0m [[32m[1minfo     [0m] [1mPrompt 'transcript_analyzer_prompt' provides affected_capability: 'analyze meeting transcript'[0m [36mreq[0m=[35mf9ad84b7[0m
[2m12:20:28[0m [[32m[1minfo     [0m] [1mPrompt 'prompt_analyze_construction_site_personnel_data' provides affected_capability: 'analyze construction site personnel data'[0m [36mreq[0m=[35mf9ad84b7[0m
[2m12:20:28[0m [[32m[1minfo     [0m] [1mPrompt 'prompt_generate_a_structured_change_order_document_for_the_client' provides affected_capability: 'generate a structured change order document for the client'[0m [36mreq[0m=[35mf9ad84b7[0m
[2m12:20:28[0m [[32m[1minfo     [0m] [1mPrompt 'prompt_structure_cost_breakdown_for_project_management' provides affected_capability: 'structure cost breakdown for project management'[0m [36mreq[0m=[35mf9ad84b7[0m
[2m12:20:28[0m [[32m[1minfo     [0m] [1mPrompt 'report_finalizer_prompt' provides affected_capability: 'generate a formal network disruption report document'[0m [36mreq[0m=[35mf9ad84b7[0m
[2m12:20:28[0m [[32m[1minfo     [0m] [1mPrompt 'prompt_analyze_incident_and_change_logs' provides affected_capability: 'analyze incident and change logs'[0m [36mreq[0m=[35mf9ad84b7[0m
[2m12:20:28[0m [[32m[1minfo     [0m] [1mExtracted 8 capabilities from 8 active prompts[0m [36mreq[0m=[35mf9ad84b7[0m
[2m12:20:29[0m [[32m[1minfo     [0m] [1mLLM extracted 6 capabilities: 3 execution, 3 knowledge[0m [36mreq[0m=[35mf9ad84b7[0m
[2m12:20:29[0m [[32m[1minfo     [0m] [1mExtracted 6 required capabilities       [0m [36mreq[0m=[35mf9ad84b7[0m
[2m12:20:32[0m [[32m[1minfo     [0m] [1mAssessment complete: MAYBE (4 gaps, 3 suggestions)[0m [36mreq[0m=[35mf9ad84b7[0m
[2m12:20:32[0m [[32m[1minfo     [0m] [1mASSESSMENT_LOG execution_id=27e1fe4f-b954-4498-98d5-0bb9b4a84689 confidence=MAYBE gaps=4 route=developer_team duration_ms=4266[0m [36mreq[0m=[35mf9ad84b7[0m
[2m12:20:32[0m [[32m[1minfo     [0m] [1mPre-execution analysis complete: MAYBE -> route: developer_team[0m [36mreq[0m=[35mf9ad84b7[0m
[2m12:20:32[0m [[32m[1minfo     [0m] [1mOrchestrator analysis complete: confidence=MAYBE, route=developer_team[0m [36mreq[0m=[35mf9ad84b7[0m
[2m12:20:32[0m [[32m[1minfo     [0m] [1mGap already satisfied: 'parse and import 50 CSV files into the database' by skill/fe3daa04...[0m [36mreq[0m=[35mf9ad84b7[0m
[2m12:20:32[0m [[32m[1minfo     [0m] [1m1 gaps already satisfied, 3 remaining   [0m [36mreq[0m=[35mf9ad84b7[0m
[2m12:20:32[0m [[32m[1minfo     [0m] [1mGenerated build plan for challenge 138559de-f8e3-457e-b098-11620438653a: 3 items, 0 critical[0m [36mreq[0m=[35mf9ad84b7[0m
[2m12:20:32[0m [[32m[1minfo     [0m] [1mrequest_finished                        [0m [36mduration[0m=[35m4.395[0m [36mmethod[0m=[35mPOST[0m [36mpath[0m=[35m/api/v1/challenges/analyze[0m [36mreq[0m=[35mf9ad84b7[0m [36mrequest_id[0m=[35mf9ad84b7-c58e-4693-ac3d-5a0bbaf1c7e5[0m [36mstatus[0m=[35m200[0m
[2m12:20:32[0m [[32m[1minfo     [0m] [1mStarting capability building: challenge_id=138559de-f8e3-457e-b098-11620438653a[0m [36mreq[0m=[35mf9ad84b7[0m
[2m12:20:32[0m [[32m[1minfo     [0m] [1mLoading topology from database...       [0m [36mreq[0m=[35mf9ad84b7[0m
[2m12:20:32[0m [[32m[1minfo     [0m] [1mMapped 13 skill entries to 13 capabilities[0m [36mreq[0m=[35mf9ad84b7[0m
[2m12:20:32[0m [[32m[1minfo     [0m] [1mTopology validated: 11 agents in 5 waves[0m [36mreq[0m=[35mf9ad84b7[0m
[2m12:20:32[0m [[32m[1minfo     [0m] [1mLoaded 13 skills for topology           [0m [36mreq[0m=[35mf9ad84b7[0m
[2m12:20:32[0m [[32m[1minfo     [0m] [1mTopology loaded: 11 agents, 5 waves     [0m [36mreq[0m=[35mf9ad84b7[0m
[2m12:20:32[0m [[32m[1minfo     [0m] [1mRuntimeAgentRegistry initialized with max_concurrent=5[0m [36mreq[0m=[35mf9ad84b7[0m
[2m12:20:32[0m [[32m[1minfo     [0m] [1mProcessing blocked challenge: id=138559de..., attempt=1/5[0m [36mreq[0m=[35mf9ad84b7[0m
[2m12:20:32[0m [[32m[1minfo     [0m] [1mCreated gap plan: id=4c221cac..., challenge=138559de..., gaps=4, cycle=1[0m [36mreq[0m=[35mf9ad84b7[0m
[2m12:20:32[0m [[32m[1minfo     [0m] [1mCreated gap plan: 4c221cac..., cycle=1, gaps=4[0m [36mreq[0m=[35mf9ad84b7[0m
[2m12:20:32[0m [[32m[1minfo     [0m] [1mStarted gap plan: 4c221cac...           [0m [36mreq[0m=[35mf9ad84b7[0m
[2m12:20:32[0m [[32m[1minfo     [0m] [1mExecuting gap plan: 4c221cac..., total_gaps=4, cycle=1[0m [36mreq[0m=[35mf9ad84b7[0m
[2m12:20:32[0m [[32m[1minfo     [0m] [1mProcessing gap: 8b04bcc6... type=missing_planning_skill, capability=design normalized relational database schema, severity=important[0m [36mreq[0m=[35mf9ad84b7[0m
[2m12:20:32[0m [[33m[1mwarning  [0m] [1mUnknown gap type 'missing_planning_skill', using generic builder[0m [36mreq[0m=[35mf9ad84b7[0m
[2m12:20:32[0m [[32m[1minfo     [0m] [1mBuilding capability: gap_type=missing_planning_skill, severity=important, attempt=1, approach=direct[0m [36mreq[0m=[35mf9ad84b7[0m
[2m12:20:32[0m [[32m[1minfo     [0m] [1mDecomposing task id=771f0f96..., files=1[0m [36mreq[0m=[35mf9ad84b7[0m
[2m12:20:34[0m [[32m[1minfo     [0m] [1mDecomposed task into 2 subtasks, 2 waves[0m [36mreq[0m=[35mf9ad84b7[0m
[2m12:20:34[0m [[32m[1minfo     [0m] [1mExecuting wave 1/2, files=['prompts/generated/prompt_design_normalized_relational_database_schema.txt'][0m [36mreq[0m=[35mf9ad84b7[0m
[2m12:20:34[0m [[32m[1minfo     [0m] [1mRegistered agent id=c6b97d54..., task=771f0f96..., file=prompts/generated/prompt_design_normalized_relational_database_schema.txt[0m [36mreq[0m=[35mf9ad84b7[0m
[2m12:20:34[0m [[32m[1minfo     [0m] [1mUpdated agent id=c6b97d54... status=running[0m [36mreq[0m=[35mf9ad84b7[0m
[2m12:20:34[0m [[32m[1minfo     [0m] [1mExecuting agent id=c6b97d54..., file=prompts/generated/prompt_design_normalized_relational_database_schema.txt[0m [36mreq[0m=[35mf9ad84b7[0m
[2m12:20:36[0m [[32m[1minfo     [0m] [1mAgent completed id=c6b97d54..., duration=2.06s[0m [36mreq[0m=[35mf9ad84b7[0m
[2m12:20:36[0m [[32m[1minfo     [0m] [1mUpdated agent id=c6b97d54... status=completed[0m [36mreq[0m=[35mf9ad84b7[0m
[2m12:20:36[0m [[32m[1minfo     [0m] [1mExecuting wave 2/2, files=['scripts/schema_generator.py'][0m [36mreq[0m=[35mf9ad84b7[0m
[2m12:20:36[0m [[32m[1minfo     [0m] [1mRegistered agent id=6476089b..., task=771f0f96..., file=scripts/schema_generator.py[0m [36mreq[0m=[35mf9ad84b7[0m
[2m12:20:36[0m [[32m[1minfo     [0m] [1mUpdated agent id=6476089b... status=running[0m [36mreq[0m=[35mf9ad84b7[0m
[2m12:20:36[0m [[32m[1minfo     [0m] [1mExecuting agent id=6476089b..., file=scripts/schema_generator.py[0m [36mreq[0m=[35mf9ad84b7[0m
[2m12:20:37[0m [[32m[1minfo     [0m] [1mGetting challenge status: id=138559de-f8e3-457e-b098-11620438653a[0m [36mreq[0m=[35mdf4a2c21[0m
[2m12:20:37[0m [[32m[1minfo     [0m] [1mrequest_finished                        [0m [36mduration[0m=[35m0.005[0m [36mmethod[0m=[35mGET[0m [36mpath[0m=[35m/api/v1/challenges/138559de-f8e3-457e-b098-11620438653a[0m [36mreq[0m=[35mdf4a2c21[0m [36mrequest_id[0m=[35mdf4a2c21-c9d6-4e76-9399-37d128ec79f8[0m [36mstatus[0m=[35m200[0m
[2m12:20:39[0m [[32m[1minfo     [0m] [1mAgent completed id=6476089b..., duration=2.36s[0m [36mreq[0m=[35mf9ad84b7[0m
[2m12:20:39[0m [[32m[1minfo     [0m] [1mUpdated agent id=6476089b... status=completed[0m [36mreq[0m=[35mf9ad84b7[0m
[2m12:20:39[0m [[32m[1minfo     [0m] [1mUnregistered agent id=c6b97d54...       [0m [36mreq[0m=[35mf9ad84b7[0m
[2m12:20:39[0m [[32m[1minfo     [0m] [1mUnregistered agent id=6476089b...       [0m [36mreq[0m=[35mf9ad84b7[0m
[2m12:20:39[0m [[32m[1minfo     [0m] [1mCleaned up 2 agents for task 771f0f96...[0m [36mreq[0m=[35mf9ad84b7[0m
[2m12:20:39[0m [[32m[1minfo     [0m] [1mBuilt prompt: id=20fadf34..., name=prompt_design_normalized_relational_database_schema[0m [36mreq[0m=[35mf9ad84b7[0m
[2m12:20:39[0m [[32m[1minfo     [0m] [1mInjecting capability: type=prompt, id=20fadf34...[0m [36mreq[0m=[35mf9ad84b7[0m
{
    "name": "developer_team.decompose_task",
    "context": {
        "trace_id": "0x1a6e331ffd57b7b3946c4572c3c27a2f",
        "span_id": "0x93ee58fe295a9b7a",
        "trace_state": "[]"
    },
    "kind": "SpanKind.INTERNAL",
    "parent_id": "0xfdb2b18bbbabcfbd",
    "start_time": "2026-05-08T12:20:32.440696Z",
    "end_time": "2026-05-08T12:20:34.844073Z",
    "status": {
        "status_code": "UNSET"
    },
    "attributes": {},
    "events": [],
    "links": [],
    "resource": {
        "attributes": {
            "telemetry.sdk.language": "python",
            "telemetry.sdk.name": "opentelemetry",
            "telemetry.sdk.version": "1.40.0",
            "service.name": "lumari-backend",
            "service.version": "0.1.0",
            "service.namespace": "lumari",
            "deployment.environment": "development",
            "telemetry.middleware.version": "1.0.0"
        },
        "schema_url": ""
    }
}
{
    "name": "agent_spawner.spawn_and_execute",
    "context": {
        "trace_id": "0x1a6e331ffd57b7b3946c4572c3c27a2f",
        "span_id": "0xadda52b099e83134",
        "trace_state": "[]"
    },
    "kind": "SpanKind.INTERNAL",
    "parent_id": "0x5d65522330aaa681",
    "start_time": "2026-05-08T12:20:34.845247Z",
    "end_time": "2026-05-08T12:20:36.904715Z",
    "status": {
        "status_code": "UNSET"
    },
    "attributes": {
        "agent.id": "c6b97d54-96ad-4cea-973a-ee6f9c199780",
        "agent.task_id": "771f0f96-399c-4ad1-b7ea-5b7a0b26cdf0",
        "agent.file_path": "prompts/generated/prompt_design_normalized_relational_database_schema.txt",
        "agent.timeout_seconds": 300,
        "agent.registered": true,
        "agent.success": true,
        "agent.duration_seconds": 2.058342933654785
    },
    "events": [],
    "links": [],
    "resource": {
        "attributes": {
            "telemetry.sdk.language": "python",
            "telemetry.sdk.name": "opentelemetry",
            "telemetry.sdk.version": "1.40.0",
            "service.name": "lumari-backend",
            "service.version": "0.1.0",
            "service.namespace": "lumari",
            "deployment.environment": "development",
            "telemetry.middleware.version": "1.0.0"
        },
        "schema_url": ""
    }
}
{
    "name": "developer_team.execute_wave",
    "context": {
        "trace_id": "0x1a6e331ffd57b7b3946c4572c3c27a2f",
        "span_id": "0x5d65522330aaa681",
        "trace_state": "[]"
    },
    "kind": "SpanKind.INTERNAL",
    "parent_id": "0xfdb2b18bbbabcfbd",
    "start_time": "2026-05-08T12:20:34.844664Z",
    "end_time": "2026-05-08T12:20:36.905352Z",
    "status": {
        "status_code": "UNSET"
    },
    "attributes": {
        "wave.files": [
            "prompts/generated/prompt_design_normalized_relational_database_schema.txt"
        ]
    },
    "events": [],
    "links": [],
    "resource": {
        "attributes": {
            "telemetry.sdk.language": "python",
            "telemetry.sdk.name": "opentelemetry",
            "telemetry.sdk.version": "1.40.0",
            "service.name": "lumari-backend",
            "service.version": "0.1.0",
            "service.namespace": "lumari",
            "deployment.environment": "development",
            "telemetry.middleware.version": "1.0.0"
        },
        "schema_url": ""
    }
}
{
    "name": "agent_spawner.spawn_and_execute",
    "context": {
        "trace_id": "0x1a6e331ffd57b7b3946c4572c3c27a2f",
        "span_id": "0x4b7987de0df37d88",
        "trace_state": "[]"
    },
    "kind": "SpanKind.INTERNAL",
    "parent_id": "0xe4f784245a3295b6",
    "start_time": "2026-05-08T12:20:36.905962Z",
    "end_time": "2026-05-08T12:20:39.262175Z",
    "status": {
        "status_code": "UNSET"
    },
    "attributes": {
        "agent.id": "6476089b-6028-47a7-aaf6-7a399446298e",
        "agent.task_id": "771f0f96-399c-4ad1-b7ea-5b7a0b26cdf0",
        "agent.file_path": "scripts/schema_generator.py",
        "agent.timeout_seconds": 300,
        "agent.registered": true,
        "agent.success": true,
        "agent.duration_seconds": 2.3552448749542236
    },
    "events": [],
    "links": [],
    "resource": {
        "attributes": {
            "telemetry.sdk.language": "python",
            "telemetry.sdk.name": "opentelemetry",
            "telemetry.sdk.version": "1.40.0",
            "service.name": "lumari-backend",
            "service.version": "0.1.0",
            "service.namespace": "lumari",
            "deployment.environment": "development",
            "telemetry.middleware.version": "1.0.0"
        },
        "schema_url": ""
    }
}
{
    "name": "developer_team.execute_wave",
    "context": {
        "trace_id": "0x1a6e331ffd57b7b3946c4572c3c27a2f",
        "span_id": "0xe4f784245a3295b6",
        "trace_state": "[]"
    },
    "kind": "SpanKind.INTERNAL",
    "parent_id": "0xfdb2b18bbbabcfbd",
    "start_time": "2026-05-08T12:20:36.905671Z",
    "end_time": "2026-05-08T12:20:39.263002Z",
    "status": {
        "status_code": "UNSET"
    },
    "attributes": {
        "wave.files": [
            "scripts/schema_generator.py"
        ]
    },
    "events": [],
    "links": [],
    "resource": {
        "attributes": {
            "telemetry.sdk.language": "python",
            "telemetry.sdk.name": "opentelemetry",
            "telemetry.sdk.version": "1.40.0",
            "service.name": "lumari-backend",
            "service.version": "0.1.0",
            "service.namespace": "lumari",
            "deployment.environment": "development",
            "telemetry.middleware.version": "1.0.0"
        },
        "schema_url": ""
    }
}
{
    "name": "developer_team.execute_complex_task",
    "context": {
        "trace_id": "0x1a6e331ffd57b7b3946c4572c3c27a2f",
        "span_id": "0xfdb2b18bbbabcfbd",
        "trace_state": "[]"
    },
    "kind": "SpanKind.INTERNAL",
    "parent_id": null,
    "start_time": "2026-05-08T12:20:32.440578Z",
    "end_time": "2026-05-08T12:20:39.263609Z",
    "status": {
        "status_code": "UNSET"
    },
    "attributes": {
        "task.id": "771f0f96-399c-4ad1-b7ea-5b7a0b26cdf0",
        "task.files_count": 1,
        "task.subtasks_count": 2,
        "task.waves_count": 2,
        "task.files_completed": 2,
        "task.files_failed": 0,
        "task.success": true
    },
    "events": [],
    "links": [],
    "resource": {
        "attributes": {
            "telemetry.sdk.language": "python",
            "telemetry.sdk.name": "opentelemetry",
            "telemetry.sdk.version": "1.40.0",
            "service.name": "lumari-backend",
            "service.version": "0.1.0",
            "service.namespace": "lumari",
            "deployment.environment": "development",
            "telemetry.middleware.version": "1.0.0"
        },
        "schema_url": ""
    }
}
[2m12:20:39[0m [[32m[1minfo     [0m] [1mLoading topology from database...       [0m [36mreq[0m=[35mf9ad84b7[0m
[2m12:20:39[0m [[32m[1minfo     [0m] [1mMapped 13 skill entries to 13 capabilities[0m [36mreq[0m=[35mf9ad84b7[0m
[2m12:20:39[0m [[32m[1minfo     [0m] [1mTopology validated: 11 agents in 5 waves[0m [36mreq[0m=[35mf9ad84b7[0m
[2m12:20:39[0m [[32m[1minfo     [0m] [1mLoaded 13 skills for topology           [0m [36mreq[0m=[35mf9ad84b7[0m
[2m12:20:39[0m [[32m[1minfo     [0m] [1mTopology loaded: 11 agents, 5 waves     [0m [36mreq[0m=[35mf9ad84b7[0m
[2m12:20:39[0m [[32m[1minfo     [0m] [1mCapability injected successfully: prompt/20fadf34...[0m [36mreq[0m=[35mf9ad84b7[0m
[2m12:20:39[0m [[32m[1minfo     [0m] [1mRecorded build attempt: capability=design normalized relational database schema, success=True, error_type=None[0m [36mreq[0m=[35mf9ad84b7[0m
[2m12:20:39[0m [[32m[1minfo     [0m] [1mGap completed: 8b04bcc6... -> prompt/20fadf34...[0m [36mreq[0m=[35mf9ad84b7[0m
[2m12:20:39[0m [[32m[1minfo     [0m] [1mProcessing gap: 4c997cf8... type=missing_skill, capability=parse and import 50 CSV files into the database, severity=important[0m [36mreq[0m=[35mf9ad84b7[0m
[2m12:20:39[0m [[32m[1minfo     [0m] [1mStrategy proposed for parse and import 50 CSV files into the database: direct (confidence=0.5)[0m [36mreq[0m=[35mf9ad84b7[0m
[2m12:20:39[0m [[32m[1minfo     [0m] [1mBuilding capability: gap_type=missing_skill, severity=important, attempt=1, approach=direct[0m [36mreq[0m=[35mf9ad84b7[0m
[2m12:20:39[0m [[32m[1minfo     [0m] [1mStarting sandbox execution: pip=['pandas>=2.0.0', 'sqlalchemy>=2.0.0', 'psycopg2-binary', 'pandas', 'sqlalchemy'], apt=[], input_files=[][0m [36mreq[0m=[35mf9ad84b7[0m
[2m12:20:39[0m [[32m[1minfo     [0m] [1mDocker client connected successfully    [0m [36mreq[0m=[35mf9ad84b7[0m
[2m12:20:39[0m [[32m[1minfo     [0m] [1mInstalling pip packages: "pandas>=2.0.0" "sqlalchemy>=2.0.0" "psycopg2-binary" "pandas" "sqlalchemy"[0m [36mreq[0m=[35mf9ad84b7[0m
[2m12:20:42[0m [[32m[1minfo     [0m] [1mGetting challenge status: id=138559de-f8e3-457e-b098-11620438653a[0m [36mreq[0m=[35md22d238d[0m
[2m12:20:42[0m [[32m[1minfo     [0m] [1mrequest_finished                        [0m [36mduration[0m=[35m0.005[0m [36mmethod[0m=[35mGET[0m [36mpath[0m=[35m/api/v1/challenges/138559de-f8e3-457e-b098-11620438653a[0m [36mreq[0m=[35md22d238d[0m [36mrequest_id[0m=[35md22d238d-538b-4ad8-9863-db6be376e8e0[0m [36mstatus[0m=[35m200[0m
[2m12:20:46[0m [[32m[1minfo     [0m] [1mPip packages installed successfully     [0m [36mreq[0m=[35mf9ad84b7[0m
[2m12:20:46[0m [[32m[1minfo     [0m] [1mSandbox execution complete: success=True, time=7457ms, cached=False[0m [36mreq[0m=[35mf9ad84b7[0m
[2m12:20:47[0m [[32m[1minfo     [0m] [1mGetting challenge status: id=138559de-f8e3-457e-b098-11620438653a[0m [36mreq[0m=[35mc36b0dcc[0m
[2m12:20:47[0m [[32m[1minfo     [0m] [1mrequest_finished                        [0m [36mduration[0m=[35m0.004[0m [36mmethod[0m=[35mGET[0m [36mpath[0m=[35m/api/v1/challenges/138559de-f8e3-457e-b098-11620438653a[0m [36mreq[0m=[35mc36b0dcc[0m [36mrequest_id[0m=[35mc36b0dcc-e1e3-48ee-b0f0-6720c078d9fe[0m [36mstatus[0m=[35m200[0m
[2m12:20:52[0m [[32m[1minfo     [0m] [1mWarm-Skill 'skill_parse_and_import_50_csv_files_into_the_database' validiert — wiederverwenden[0m [36mreq[0m=[35mf9ad84b7[0m
[2m12:20:52[0m [[32m[1minfo     [0m] [1mGetting challenge status: id=138559de-f8e3-457e-b098-11620438653a[0m [36mreq[0m=[35m632bcdf2[0m
[2m12:20:52[0m [[32m[1minfo     [0m] [1mrequest_finished                        [0m [36mduration[0m=[35m0.004[0m [36mmethod[0m=[35mGET[0m [36mpath[0m=[35m/api/v1/challenges/138559de-f8e3-457e-b098-11620438653a[0m [36mreq[0m=[35m632bcdf2[0m [36mrequest_id[0m=[35m632bcdf2-84d6-46f1-b9ab-890c128577e7[0m [36mstatus[0m=[35m200[0m
[2m12:20:52[0m [[32m[1minfo     [0m] [1mNo suitable agent for capability 'parse and import 50 CSV files into the database' (best score: 0.11) - creating new specialist agent (Option 4)[0m [36mreq[0m=[35mf9ad84b7[0m
/Users/patrick/Documents/Uni/master_project/.venv/lib/python3.13/site-packages/structlog/stdlib.py:1166: UserWarning: Remove `format_exc_info` from your processor chain if you want pretty exceptions.
  ed = p(logger, meth_name, ed)  # type: ignore[arg-type]
[2m12:20:52[0m [[31m[1merror    [0m] [1mFailed to create specialist agent: 'capabilities' is an invalid keyword argument for Agent[0m [36mreq[0m=[35mf9ad84b7[0m
Traceback (most recent call last):
  File "/Users/patrick/Documents/Uni/master_project/backend/app/orchestration/intervention/capability_builder.py", line 880, in _create_specialist_agent
    agent = Agent(
        id=str(uuid.uuid4()),
    ...<16 lines>...
        is_active=True
    )
  File "<string>", line 4, in __init__
  File "/Users/patrick/Documents/Uni/master_project/.venv/lib/python3.13/site-packages/sqlalchemy/orm/state.py", line 571, in _initialize_instance
    with util.safe_reraise():
         ~~~~~~~~~~~~~~~~~^^
  File "/Users/patrick/Documents/Uni/master_project/.venv/lib/python3.13/site-packages/sqlalchemy/util/langhelpers.py", line 224, in __exit__
    raise exc_value.with_traceback(exc_tb)
  File "/Users/patrick/Documents/Uni/master_project/.venv/lib/python3.13/site-packages/sqlalchemy/orm/state.py", line 569, in _initialize_instance
    manager.original_init(*mixed[1:], **kwargs)
    ~~~~~~~~~~~~~~~~~~~~~^^^^^^^^^^^^^^^^^^^^^^
  File "/Users/patrick/Documents/Uni/master_project/.venv/lib/python3.13/site-packages/sqlalchemy/orm/decl_base.py", line 2179, in _declarative_constructor
    raise TypeError(
        "%r is an invalid keyword argument for %s" % (k, cls_.__name__)
    )
TypeError: 'capabilities' is an invalid keyword argument for Agent
[2m12:20:52[0m [[32m[1minfo     [0m] [1mInjecting capability: type=skill, id=fe3daa04...[0m [36mreq[0m=[35mf9ad84b7[0m
[2m12:20:52[0m [[32m[1minfo     [0m] [1mLoading topology from database...       [0m [36mreq[0m=[35mf9ad84b7[0m
[2m12:20:52[0m [[32m[1minfo     [0m] [1mMapped 13 skill entries to 13 capabilities[0m [36mreq[0m=[35mf9ad84b7[0m
[2m12:20:52[0m [[32m[1minfo     [0m] [1mTopology validated: 11 agents in 5 waves[0m [36mreq[0m=[35mf9ad84b7[0m
[2m12:20:52[0m [[32m[1minfo     [0m] [1mLoaded 13 skills for topology           [0m [36mreq[0m=[35mf9ad84b7[0m
[2m12:20:52[0m [[32m[1minfo     [0m] [1mTopology loaded: 11 agents, 5 waves     [0m [36mreq[0m=[35mf9ad84b7[0m
[2m12:20:52[0m [[32m[1minfo     [0m] [1mCapability injected successfully: skill/fe3daa04...[0m [36mreq[0m=[35mf9ad84b7[0m
[2m12:20:52[0m [[32m[1minfo     [0m] [1mRecorded build attempt: capability=parse and import 50 CSV files into the database, success=True, error_type=None[0m [36mreq[0m=[35mf9ad84b7[0m
[2m12:20:52[0m [[32m[1minfo     [0m] [1mGap completed: 4c997cf8... -> skill/fe3daa04...[0m [36mreq[0m=[35mf9ad84b7[0m
[2m12:20:52[0m [[32m[1minfo     [0m] [1mProcessing gap: 2c53dc93... type=missing_planning_skill, capability=identify data quality issues and provide budget recommendations, severity=important[0m [36mreq[0m=[35mf9ad84b7[0m
[2m12:20:52[0m [[33m[1mwarning  [0m] [1mUnknown gap type 'missing_planning_skill', using generic builder[0m [36mreq[0m=[35mf9ad84b7[0m
[2m12:20:52[0m [[32m[1minfo     [0m] [1mBuilding capability: gap_type=missing_planning_skill, severity=important, attempt=1, approach=direct[0m [36mreq[0m=[35mf9ad84b7[0m
[2m12:20:52[0m [[32m[1minfo     [0m] [1mDecomposing task id=2c4b776c..., files=1[0m [36mreq[0m=[35mf9ad84b7[0m
[2m12:20:56[0m [[32m[1minfo     [0m] [1mDecomposed task into 2 subtasks, 2 waves[0m [36mreq[0m=[35mf9ad84b7[0m
[2m12:20:56[0m [[32m[1minfo     [0m] [1mExecuting wave 1/2, files=['prompts/generated/prompt_identify_data_quality_issues_and_provide_budget_recommendations.txt'][0m [36mreq[0m=[35mf9ad84b7[0m
[2m12:20:56[0m [[32m[1minfo     [0m] [1mRegistered agent id=476c7913..., task=2c4b776c..., file=prompts/generated/prompt_identify_data_quality_issues_and_provide_budget_recommendations.txt[0m [36mreq[0m=[35mf9ad84b7[0m
[2m12:20:56[0m [[32m[1minfo     [0m] [1mUpdated agent id=476c7913... status=running[0m [36mreq[0m=[35mf9ad84b7[0m
[2m12:20:56[0m [[32m[1minfo     [0m] [1mExecuting agent id=476c7913..., file=prompts/generated/prompt_identify_data_quality_issues_and_provide_budget_recommendations.txt[0m [36mreq[0m=[35mf9ad84b7[0m
[2m12:20:57[0m [[32m[1minfo     [0m] [1mGetting challenge status: id=138559de-f8e3-457e-b098-11620438653a[0m [36mreq[0m=[35mdb92578b[0m
[2m12:20:57[0m [[32m[1minfo     [0m] [1mrequest_finished                        [0m [36mduration[0m=[35m0.006[0m [36mmethod[0m=[35mGET[0m [36mpath[0m=[35m/api/v1/challenges/138559de-f8e3-457e-b098-11620438653a[0m [36mreq[0m=[35mdb92578b[0m [36mrequest_id[0m=[35mdb92578b-c95c-4632-ba04-ae1b9ab6d9c0[0m [36mstatus[0m=[35m200[0m
{
    "name": "developer_team.decompose_task",
    "context": {
        "trace_id": "0xd14d7ca20ceb45712c581627ed5f1743",
        "span_id": "0xabe5268e59ec1ab0",
        "trace_state": "[]"
    },
    "kind": "SpanKind.INTERNAL",
    "parent_id": "0xe4208c551c7d926f",
    "start_time": "2026-05-08T12:20:52.616445Z",
    "end_time": "2026-05-08T12:20:56.772115Z",
    "status": {
        "status_code": "UNSET"
    },
    "attributes": {},
    "events": [],
    "links": [],
    "resource": {
        "attributes": {
            "telemetry.sdk.language": "python",
            "telemetry.sdk.name": "opentelemetry",
            "telemetry.sdk.version": "1.40.0",
            "service.name": "lumari-backend",
            "service.version": "0.1.0",
            "service.namespace": "lumari",
            "deployment.environment": "development",
            "telemetry.middleware.version": "1.0.0"
        },
        "schema_url": ""
    }
}
[2m12:20:59[0m [[32m[1minfo     [0m] [1mAgent completed id=476c7913..., duration=2.66s[0m [36mreq[0m=[35mf9ad84b7[0m
[2m12:20:59[0m [[32m[1minfo     [0m] [1mUpdated agent id=476c7913... status=completed[0m [36mreq[0m=[35mf9ad84b7[0m
[2m12:20:59[0m [[32m[1minfo     [0m] [1mExecuting wave 2/2, files=['scripts/data_quality_analyzer.py'][0m [36mreq[0m=[35mf9ad84b7[0m
[2m12:20:59[0m [[32m[1minfo     [0m] [1mRegistered agent id=6f4830bf..., task=2c4b776c..., file=scripts/data_quality_analyzer.py[0m [36mreq[0m=[35mf9ad84b7[0m
[2m12:20:59[0m [[32m[1minfo     [0m] [1mUpdated agent id=6f4830bf... status=running[0m [36mreq[0m=[35mf9ad84b7[0m
[2m12:20:59[0m [[32m[1minfo     [0m] [1mExecuting agent id=6f4830bf..., file=scripts/data_quality_analyzer.py[0m [36mreq[0m=[35mf9ad84b7[0m
[2m12:21:01[0m [[32m[1minfo     [0m] [1mAgent completed id=6f4830bf..., duration=2.49s[0m [36mreq[0m=[35mf9ad84b7[0m
[2m12:21:01[0m [[32m[1minfo     [0m] [1mUpdated agent id=6f4830bf... status=completed[0m [36mreq[0m=[35mf9ad84b7[0m
[2m12:21:01[0m [[32m[1minfo     [0m] [1mUnregistered agent id=476c7913...       [0m [36mreq[0m=[35mf9ad84b7[0m
[2m12:21:01[0m [[32m[1minfo     [0m] [1mUnregistered agent id=6f4830bf...       [0m [36mreq[0m=[35mf9ad84b7[0m
[2m12:21:01[0m [[32m[1minfo     [0m] [1mCleaned up 2 agents for task 2c4b776c...[0m [36mreq[0m=[35mf9ad84b7[0m
[2m12:21:01[0m [[32m[1minfo     [0m] [1mBuilt prompt: id=dc4d8074..., name=prompt_identify_data_quality_issues_and_provide_budget_recommendations[0m [36mreq[0m=[35mf9ad84b7[0m
[2m12:21:01[0m [[32m[1minfo     [0m] [1mInjecting capability: type=prompt, id=dc4d8074...[0m [36mreq[0m=[35mf9ad84b7[0m
[2m12:21:02[0m [[32m[1minfo     [0m] [1mLoading topology from database...       [0m [36mreq[0m=[35mf9ad84b7[0m
[2m12:21:02[0m [[32m[1minfo     [0m] [1mMapped 13 skill entries to 13 capabilities[0m [36mreq[0m=[35mf9ad84b7[0m
[2m12:21:02[0m [[32m[1minfo     [0m] [1mTopology validated: 11 agents in 5 waves[0m [36mreq[0m=[35mf9ad84b7[0m
[2m12:21:02[0m [[32m[1minfo     [0m] [1mLoaded 13 skills for topology           [0m [36mreq[0m=[35mf9ad84b7[0m
[2m12:21:02[0m [[32m[1minfo     [0m] [1mTopology loaded: 11 agents, 5 waves     [0m [36mreq[0m=[35mf9ad84b7[0m
[2m12:21:02[0m [[32m[1minfo     [0m] [1mCapability injected successfully: prompt/dc4d8074...[0m [36mreq[0m=[35mf9ad84b7[0m
[2m12:21:02[0m [[32m[1minfo     [0m] [1mRecorded build attempt: capability=identify data quality issues and provide budget recommendations, success=True, error_type=None[0m [36mreq[0m=[35mf9ad84b7[0m
[2m12:21:02[0m [[32m[1minfo     [0m] [1mGap completed: 2c53dc93... -> prompt/dc4d8074...[0m [36mreq[0m=[35mf9ad84b7[0m
[2m12:21:02[0m [[32m[1minfo     [0m] [1mProcessing gap: c07a8f98... type=missing_planning_skill, capability=compute quarterly performance metrics and material costs, severity=minor[0m [36mreq[0m=[35mf9ad84b7[0m
[2m12:21:02[0m [[33m[1mwarning  [0m] [1mUnknown gap type 'missing_planning_skill', using generic builder[0m [36mreq[0m=[35mf9ad84b7[0m
[2m12:21:02[0m [[32m[1minfo     [0m] [1mBuilding capability: gap_type=missing_planning_skill, severity=minor, attempt=1, approach=direct[0m [36mreq[0m=[35mf9ad84b7[0m
[2m12:21:02[0m [[32m[1minfo     [0m] [1mDecomposing task id=546d215b..., files=1[0m [36mreq[0m=[35mf9ad84b7[0m
[2m12:21:02[0m [[32m[1minfo     [0m] [1mGetting challenge status: id=138559de-f8e3-457e-b098-11620438653a[0m [36mreq[0m=[35m39697eee[0m
[2m12:21:02[0m [[32m[1minfo     [0m] [1mrequest_finished                        [0m [36mduration[0m=[35m0.006[0m [36mmethod[0m=[35mGET[0m [36mpath[0m=[35m/api/v1/challenges/138559de-f8e3-457e-b098-11620438653a[0m [36mreq[0m=[35m39697eee[0m [36mrequest_id[0m=[35m39697eee-ea41-4de5-b545-0a3e68144ced[0m [36mstatus[0m=[35m200[0m
{
    "name": "agent_spawner.spawn_and_execute",
    "context": {
        "trace_id": "0xd14d7ca20ceb45712c581627ed5f1743",
        "span_id": "0x3d546c857c68b218",
        "trace_state": "[]"
    },
    "kind": "SpanKind.INTERNAL",
    "parent_id": "0x7b75772c904fed60",
    "start_time": "2026-05-08T12:20:56.773484Z",
    "end_time": "2026-05-08T12:20:59.433767Z",
    "status": {
        "status_code": "UNSET"
    },
    "attributes": {
        "agent.id": "476c7913-1b91-436c-b163-c66a4aebeeff",
        "agent.task_id": "2c4b776c-d09c-4695-9423-7ecd008c7a01",
        "agent.file_path": "prompts/generated/prompt_identify_data_quality_issues_and_provide_budget_recommendations.txt",
        "agent.timeout_seconds": 300,
        "agent.registered": true,
        "agent.success": true,
        "agent.duration_seconds": 2.6591339111328125
    },
    "events": [],
    "links": [],
    "resource": {
        "attributes": {
            "telemetry.sdk.language": "python",
            "telemetry.sdk.name": "opentelemetry",
            "telemetry.sdk.version": "1.40.0",
            "service.name": "lumari-backend",
            "service.version": "0.1.0",
            "service.namespace": "lumari",
            "deployment.environment": "development",
            "telemetry.middleware.version": "1.0.0"
        },
        "schema_url": ""
    }
}
{
    "name": "developer_team.execute_wave",
    "context": {
        "trace_id": "0xd14d7ca20ceb45712c581627ed5f1743",
        "span_id": "0x7b75772c904fed60",
        "trace_state": "[]"
    },
    "kind": "SpanKind.INTERNAL",
    "parent_id": "0xe4208c551c7d926f",
    "start_time": "2026-05-08T12:20:56.772489Z",
    "end_time": "2026-05-08T12:20:59.434586Z",
    "status": {
        "status_code": "UNSET"
    },
    "attributes": {
        "wave.files": [
            "prompts/generated/prompt_identify_data_quality_issues_and_provide_budget_recommendations.txt"
        ]
    },
    "events": [],
    "links": [],
    "resource": {
        "attributes": {
            "telemetry.sdk.language": "python",
            "telemetry.sdk.name": "opentelemetry",
            "telemetry.sdk.version": "1.40.0",
            "service.name": "lumari-backend",
            "service.version": "0.1.0",
            "service.namespace": "lumari",
            "deployment.environment": "development",
            "telemetry.middleware.version": "1.0.0"
        },
        "schema_url": ""
    }
}
{
    "name": "agent_spawner.spawn_and_execute",
    "context": {
        "trace_id": "0xd14d7ca20ceb45712c581627ed5f1743",
        "span_id": "0x1d92e82d3a57efa9",
        "trace_state": "[]"
    },
    "kind": "SpanKind.INTERNAL",
    "parent_id": "0x7fee702829c61f09",
    "start_time": "2026-05-08T12:20:59.435271Z",
    "end_time": "2026-05-08T12:21:01.922535Z",
    "status": {
        "status_code": "UNSET"
    },
    "attributes": {
        "agent.id": "6f4830bf-1afc-44c2-a9ca-aa2e99743444",
        "agent.task_id": "2c4b776c-d09c-4695-9423-7ecd008c7a01",
        "agent.file_path": "scripts/data_quality_analyzer.py",
        "agent.timeout_seconds": 300,
        "agent.registered": true,
        "agent.success": true,
        "agent.duration_seconds": 2.486077070236206
    },
    "events": [],
    "links": [],
    "resource": {
        "attributes": {
            "telemetry.sdk.language": "python",
            "telemetry.sdk.name": "opentelemetry",
            "telemetry.sdk.version": "1.40.0",
            "service.name": "lumari-backend",
            "service.version": "0.1.0",
            "service.namespace": "lumari",
            "deployment.environment": "development",
            "telemetry.middleware.version": "1.0.0"
        },
        "schema_url": ""
    }
}
{
    "name": "developer_team.execute_wave",
    "context": {
        "trace_id": "0xd14d7ca20ceb45712c581627ed5f1743",
        "span_id": "0x7fee702829c61f09",
        "trace_state": "[]"
    },
    "kind": "SpanKind.INTERNAL",
    "parent_id": "0xe4208c551c7d926f",
    "start_time": "2026-05-08T12:20:59.434958Z",
    "end_time": "2026-05-08T12:21:01.923411Z",
    "status": {
        "status_code": "UNSET"
    },
    "attributes": {
        "wave.files": [
            "scripts/data_quality_analyzer.py"
        ]
    },
    "events": [],
    "links": [],
    "resource": {
        "attributes": {
            "telemetry.sdk.language": "python",
            "telemetry.sdk.name": "opentelemetry",
            "telemetry.sdk.version": "1.40.0",
            "service.name": "lumari-backend",
            "service.version": "0.1.0",
            "service.namespace": "lumari",
            "deployment.environment": "development",
            "telemetry.middleware.version": "1.0.0"
        },
        "schema_url": ""
    }
}
{
    "name": "developer_team.execute_complex_task",
    "context": {
        "trace_id": "0xd14d7ca20ceb45712c581627ed5f1743",
        "span_id": "0xe4208c551c7d926f",
        "trace_state": "[]"
    },
    "kind": "SpanKind.INTERNAL",
    "parent_id": null,
    "start_time": "2026-05-08T12:20:52.616380Z",
    "end_time": "2026-05-08T12:21:01.923780Z",
    "status": {
        "status_code": "UNSET"
    },
    "attributes": {
        "task.id": "2c4b776c-d09c-4695-9423-7ecd008c7a01",
        "task.files_count": 1,
        "task.subtasks_count": 2,
        "task.waves_count": 2,
        "task.files_completed": 2,
        "task.files_failed": 0,
        "task.success": true
    },
    "events": [],
    "links": [],
    "resource": {
        "attributes": {
            "telemetry.sdk.language": "python",
            "telemetry.sdk.name": "opentelemetry",
            "telemetry.sdk.version": "1.40.0",
            "service.name": "lumari-backend",
            "service.version": "0.1.0",
            "service.namespace": "lumari",
            "deployment.environment": "development",
            "telemetry.middleware.version": "1.0.0"
        },
        "schema_url": ""
    }
}
[2m12:21:07[0m [[32m[1minfo     [0m] [1mGetting challenge status: id=138559de-f8e3-457e-b098-11620438653a[0m [36mreq[0m=[35mf7ac6c82[0m
[2m12:21:07[0m [[32m[1minfo     [0m] [1mrequest_finished                        [0m [36mduration[0m=[35m0.007[0m [36mmethod[0m=[35mGET[0m [36mpath[0m=[35m/api/v1/challenges/138559de-f8e3-457e-b098-11620438653a[0m [36mreq[0m=[35mf7ac6c82[0m [36mrequest_id[0m=[35mf7ac6c82-48c5-4e9f-b21c-86f9a63e1b90[0m [36mstatus[0m=[35m200[0m
[2m12:21:07[0m [[32m[1minfo     [0m] [1mDecomposed task into 4 subtasks, 3 waves[0m [36mreq[0m=[35mf9ad84b7[0m
[2m12:21:07[0m [[32m[1minfo     [0m] [1mExecuting wave 1/3, files=['scripts/db_schema.py'][0m [36mreq[0m=[35mf9ad84b7[0m
[2m12:21:07[0m [[32m[1minfo     [0m] [1mRegistered agent id=f030caad..., task=546d215b..., file=scripts/db_schema.py[0m [36mreq[0m=[35mf9ad84b7[0m
[2m12:21:07[0m [[32m[1minfo     [0m] [1mUpdated agent id=f030caad... status=running[0m [36mreq[0m=[35mf9ad84b7[0m
[2m12:21:07[0m [[32m[1minfo     [0m] [1mExecuting agent id=f030caad..., file=scripts/db_schema.py[0m [36mreq[0m=[35mf9ad84b7[0m
{
    "name": "developer_team.decompose_task",
    "context": {
        "trace_id": "0xc0513aba760b2c931c39b87c7c2facdb",
        "span_id": "0x4cd4c882e379322c",
        "trace_state": "[]"
    },
    "kind": "SpanKind.INTERNAL",
    "parent_id": "0x4a34c1a07e92702a",
    "start_time": "2026-05-08T12:21:02.130080Z",
    "end_time": "2026-05-08T12:21:07.728465Z",
    "status": {
        "status_code": "UNSET"
    },
    "attributes": {},
    "events": [],
    "links": [],
    "resource": {
        "attributes": {
            "telemetry.sdk.language": "python",
            "telemetry.sdk.name": "opentelemetry",
            "telemetry.sdk.version": "1.40.0",
            "service.name": "lumari-backend",
            "service.version": "0.1.0",
            "service.namespace": "lumari",
            "deployment.environment": "development",
            "telemetry.middleware.version": "1.0.0"
        },
        "schema_url": ""
    }
}
[2m12:21:10[0m [[32m[1minfo     [0m] [1mAgent completed id=f030caad..., duration=3.07s[0m [36mreq[0m=[35mf9ad84b7[0m
[2m12:21:10[0m [[32m[1minfo     [0m] [1mUpdated agent id=f030caad... status=completed[0m [36mreq[0m=[35mf9ad84b7[0m
[2m12:21:10[0m [[32m[1minfo     [0m] [1mExecuting wave 2/3, files=['scripts/etl_processor.py', 'scripts/metrics_calculator.py'][0m [36mreq[0m=[35mf9ad84b7[0m
[2m12:21:10[0m [[32m[1minfo     [0m] [1mRegistered agent id=46f32db1..., task=546d215b..., file=scripts/etl_processor.py[0m [36mreq[0m=[35mf9ad84b7[0m
[2m12:21:10[0m [[32m[1minfo     [0m] [1mUpdated agent id=46f32db1... status=running[0m [36mreq[0m=[35mf9ad84b7[0m
[2m12:21:10[0m [[32m[1minfo     [0m] [1mExecuting agent id=46f32db1..., file=scripts/etl_processor.py[0m [36mreq[0m=[35mf9ad84b7[0m
[2m12:21:10[0m [[32m[1minfo     [0m] [1mRegistered agent id=a6afb67f..., task=546d215b..., file=scripts/metrics_calculator.py[0m [36mreq[0m=[35mf9ad84b7[0m
[2m12:21:10[0m [[32m[1minfo     [0m] [1mUpdated agent id=a6afb67f... status=running[0m [36mreq[0m=[35mf9ad84b7[0m
[2m12:21:10[0m [[32m[1minfo     [0m] [1mExecuting agent id=a6afb67f..., file=scripts/metrics_calculator.py[0m [36mreq[0m=[35mf9ad84b7[0m
[2m12:21:12[0m [[32m[1minfo     [0m] [1mGetting challenge status: id=138559de-f8e3-457e-b098-11620438653a[0m [36mreq[0m=[35mca4f02d7[0m
[2m12:21:12[0m [[32m[1minfo     [0m] [1mrequest_finished                        [0m [36mduration[0m=[35m0.011[0m [36mmethod[0m=[35mGET[0m [36mpath[0m=[35m/api/v1/challenges/138559de-f8e3-457e-b098-11620438653a[0m [36mreq[0m=[35mca4f02d7[0m [36mrequest_id[0m=[35mca4f02d7-9062-419f-a942-8463d10e7d1d[0m [36mstatus[0m=[35m200[0m
[2m12:21:13[0m [[32m[1minfo     [0m] [1mAgent completed id=46f32db1..., duration=3.07s[0m [36mreq[0m=[35mf9ad84b7[0m
[2m12:21:13[0m [[32m[1minfo     [0m] [1mUpdated agent id=46f32db1... status=completed[0m [36mreq[0m=[35mf9ad84b7[0m
[2m12:21:13[0m [[32m[1minfo     [0m] [1mAgent completed id=a6afb67f..., duration=3.12s[0m [36mreq[0m=[35mf9ad84b7[0m
[2m12:21:13[0m [[32m[1minfo     [0m] [1mUpdated agent id=a6afb67f... status=completed[0m [36mreq[0m=[35mf9ad84b7[0m
[2m12:21:13[0m [[32m[1minfo     [0m] [1mExecuting wave 3/3, files=['prompts/generated/prompt_compute_quarterly_performance_metrics_and_material_costs.txt'][0m [36mreq[0m=[35mf9ad84b7[0m
[2m12:21:13[0m [[32m[1minfo     [0m] [1mRegistered agent id=26413509..., task=546d215b..., file=prompts/generated/prompt_compute_quarterly_performance_metrics_and_material_costs.txt[0m [36mreq[0m=[35mf9ad84b7[0m
[2m12:21:13[0m [[32m[1minfo     [0m] [1mUpdated agent id=26413509... status=running[0m [36mreq[0m=[35mf9ad84b7[0m
[2m12:21:13[0m [[32m[1minfo     [0m] [1mExecuting agent id=26413509..., file=prompts/generated/prompt_compute_quarterly_performance_metrics_and_material_costs.txt[0m [36mreq[0m=[35mf9ad84b7[0m
{
    "name": "agent_spawner.spawn_and_execute",
    "context": {
        "trace_id": "0xc0513aba760b2c931c39b87c7c2facdb",
        "span_id": "0x401c17f33f7b33ed",
        "trace_state": "[]"
    },
    "kind": "SpanKind.INTERNAL",
    "parent_id": "0x00d915a5400b3749",
    "start_time": "2026-05-08T12:21:07.729734Z",
    "end_time": "2026-05-08T12:21:10.801970Z",
    "status": {
        "status_code": "UNSET"
    },
    "attributes": {
        "agent.id": "f030caad-b9c2-47ea-8afd-df276689d884",
        "agent.task_id": "546d215b-538f-4ed9-a0e4-40b5dc7de6f3",
        "agent.file_path": "scripts/db_schema.py",
        "agent.timeout_seconds": 300,
        "agent.registered": true,
        "agent.success": true,
        "agent.duration_seconds": 3.0706591606140137
    },
    "events": [],
    "links": [],
    "resource": {
        "attributes": {
            "telemetry.sdk.language": "python",
            "telemetry.sdk.name": "opentelemetry",
            "telemetry.sdk.version": "1.40.0",
            "service.name": "lumari-backend",
            "service.version": "0.1.0",
            "service.namespace": "lumari",
            "deployment.environment": "development",
            "telemetry.middleware.version": "1.0.0"
        },
        "schema_url": ""
    }
}
{
    "name": "developer_team.execute_wave",
    "context": {
        "trace_id": "0xc0513aba760b2c931c39b87c7c2facdb",
        "span_id": "0x00d915a5400b3749",
        "trace_state": "[]"
    },
    "kind": "SpanKind.INTERNAL",
    "parent_id": "0x4a34c1a07e92702a",
    "start_time": "2026-05-08T12:21:07.728792Z",
    "end_time": "2026-05-08T12:21:10.802321Z",
    "status": {
        "status_code": "UNSET"
    },
    "attributes": {
        "wave.files": [
            "scripts/db_schema.py"
        ]
    },
    "events": [],
    "links": [],
    "resource": {
        "attributes": {
            "telemetry.sdk.language": "python",
            "telemetry.sdk.name": "opentelemetry",
            "telemetry.sdk.version": "1.40.0",
            "service.name": "lumari-backend",
            "service.version": "0.1.0",
            "service.namespace": "lumari",
            "deployment.environment": "development",
            "telemetry.middleware.version": "1.0.0"
        },
        "schema_url": ""
    }
}
{
    "name": "agent_spawner.spawn_and_execute",
    "context": {
        "trace_id": "0xc0513aba760b2c931c39b87c7c2facdb",
        "span_id": "0xc81ab35f3ef57d24",
        "trace_state": "[]"
    },
    "kind": "SpanKind.INTERNAL",
    "parent_id": "0x6f134ffd9671940c",
    "start_time": "2026-05-08T12:21:10.802880Z",
    "end_time": "2026-05-08T12:21:13.875000Z",
    "status": {
        "status_code": "UNSET"
    },
    "attributes": {
        "agent.id": "46f32db1-0c6a-4f3a-9e87-8cb434a7b551",
        "agent.task_id": "546d215b-538f-4ed9-a0e4-40b5dc7de6f3",
        "agent.file_path": "scripts/etl_processor.py",
        "agent.timeout_seconds": 300,
        "agent.registered": true,
        "agent.success": true,
        "agent.duration_seconds": 3.0711569786071777
    },
    "events": [],
    "links": [],
    "resource": {
        "attributes": {
            "telemetry.sdk.language": "python",
            "telemetry.sdk.name": "opentelemetry",
            "telemetry.sdk.version": "1.40.0",
            "service.name": "lumari-backend",
            "service.version": "0.1.0",
            "service.namespace": "lumari",
            "deployment.environment": "development",
            "telemetry.middleware.version": "1.0.0"
        },
        "schema_url": ""
    }
}
{
    "name": "agent_spawner.spawn_and_execute",
    "context": {
        "trace_id": "0xc0513aba760b2c931c39b87c7c2facdb",
        "span_id": "0x1e621923750d3073",
        "trace_state": "[]"
    },
    "kind": "SpanKind.INTERNAL",
    "parent_id": "0x6f134ffd9671940c",
    "start_time": "2026-05-08T12:21:10.807167Z",
    "end_time": "2026-05-08T12:21:13.926966Z",
    "status": {
        "status_code": "UNSET"
    },
    "attributes": {
        "agent.id": "a6afb67f-1e06-42b2-bc74-29b0ad5d080b",
        "agent.task_id": "546d215b-538f-4ed9-a0e4-40b5dc7de6f3",
        "agent.file_path": "scripts/metrics_calculator.py",
        "agent.timeout_seconds": 300,
        "agent.registered": true,
        "agent.success": true,
        "agent.duration_seconds": 3.118985176086426
    },
    "events": [],
    "links": [],
    "resource": {
        "attributes": {
            "telemetry.sdk.language": "python",
            "telemetry.sdk.name": "opentelemetry",
            "telemetry.sdk.version": "1.40.0",
            "service.name": "lumari-backend",
            "service.version": "0.1.0",
            "service.namespace": "lumari",
            "deployment.environment": "development",
            "telemetry.middleware.version": "1.0.0"
        },
        "schema_url": ""
    }
}
{
    "name": "developer_team.execute_wave",
    "context": {
        "trace_id": "0xc0513aba760b2c931c39b87c7c2facdb",
        "span_id": "0x6f134ffd9671940c",
        "trace_state": "[]"
    },
    "kind": "SpanKind.INTERNAL",
    "parent_id": "0x4a34c1a07e92702a",
    "start_time": "2026-05-08T12:21:10.802603Z",
    "end_time": "2026-05-08T12:21:13.927558Z",
    "status": {
        "status_code": "UNSET"
    },
    "attributes": {
        "wave.files": [
            "scripts/etl_processor.py",
            "scripts/metrics_calculator.py"
        ]
    },
    "events": [],
    "links": [],
    "resource": {
        "attributes": {
            "telemetry.sdk.language": "python",
            "telemetry.sdk.name": "opentelemetry",
            "telemetry.sdk.version": "1.40.0",
            "service.name": "lumari-backend",
            "service.version": "0.1.0",
            "service.namespace": "lumari",
            "deployment.environment": "development",
            "telemetry.middleware.version": "1.0.0"
        },
        "schema_url": ""
    }
}
[2m12:21:17[0m [[32m[1minfo     [0m] [1mAgent completed id=26413509..., duration=3.22s[0m [36mreq[0m=[35mf9ad84b7[0m
[2m12:21:17[0m [[32m[1minfo     [0m] [1mUpdated agent id=26413509... status=completed[0m [36mreq[0m=[35mf9ad84b7[0m
[2m12:21:17[0m [[32m[1minfo     [0m] [1mUnregistered agent id=f030caad...       [0m [36mreq[0m=[35mf9ad84b7[0m
[2m12:21:17[0m [[32m[1minfo     [0m] [1mUnregistered agent id=46f32db1...       [0m [36mreq[0m=[35mf9ad84b7[0m
[2m12:21:17[0m [[32m[1minfo     [0m] [1mUnregistered agent id=a6afb67f...       [0m [36mreq[0m=[35mf9ad84b7[0m
[2m12:21:17[0m [[32m[1minfo     [0m] [1mUnregistered agent id=26413509...       [0m [36mreq[0m=[35mf9ad84b7[0m
[2m12:21:17[0m [[32m[1minfo     [0m] [1mCleaned up 4 agents for task 546d215b...[0m [36mreq[0m=[35mf9ad84b7[0m
[2m12:21:17[0m [[32m[1minfo     [0m] [1mBuilt prompt: id=a928380d..., name=prompt_compute_quarterly_performance_metrics_and_material_costs[0m [36mreq[0m=[35mf9ad84b7[0m
[2m12:21:17[0m [[32m[1minfo     [0m] [1mInjecting capability: type=prompt, id=a928380d...[0m [36mreq[0m=[35mf9ad84b7[0m
[2m12:21:17[0m [[32m[1minfo     [0m] [1mLoading topology from database...       [0m [36mreq[0m=[35mf9ad84b7[0m
[2m12:21:17[0m [[32m[1minfo     [0m] [1mMapped 13 skill entries to 13 capabilities[0m [36mreq[0m=[35mf9ad84b7[0m
[2m12:21:17[0m [[32m[1minfo     [0m] [1mTopology validated: 11 agents in 5 waves[0m [36mreq[0m=[35mf9ad84b7[0m
[2m12:21:17[0m [[32m[1minfo     [0m] [1mLoaded 13 skills for topology           [0m [36mreq[0m=[35mf9ad84b7[0m
[2m12:21:17[0m [[32m[1minfo     [0m] [1mTopology loaded: 11 agents, 5 waves     [0m [36mreq[0m=[35mf9ad84b7[0m
[2m12:21:17[0m [[32m[1minfo     [0m] [1mCapability injected successfully: prompt/a928380d...[0m [36mreq[0m=[35mf9ad84b7[0m
[2m12:21:17[0m [[32m[1minfo     [0m] [1mRecorded build attempt: capability=compute quarterly performance metrics and material costs, success=True, error_type=None[0m [36mreq[0m=[35mf9ad84b7[0m
[2m12:21:17[0m [[32m[1minfo     [0m] [1mGap completed: c07a8f98... -> prompt/a928380d...[0m [36mreq[0m=[35mf9ad84b7[0m
[2m12:21:17[0m [[32m[1minfo     [0m] [1mAll gaps processed for plan 4c221cac... [0m [36mreq[0m=[35mf9ad84b7[0m
[2m12:21:17[0m [[32m[1minfo     [0m] [1mCompleted gap plan: 4c221cac..., status=completed, completed=4, failed=0[0m [36mreq[0m=[35mf9ad84b7[0m
[2m12:21:17[0m [[32m[1minfo     [0m] [1mGap plan execution finished: 4c221cac..., completed=4, failed=0, artifacts=4[0m [36mreq[0m=[35mf9ad84b7[0m
[2m12:21:17[0m [[32m[1minfo     [0m] [1mVerifying gap closure after cycle 1, built 4 capabilities[0m [36mreq[0m=[35mf9ad84b7[0m
[2m12:21:17[0m [[32m[1minfo     [0m] [1mGap OPEN: 'design normalized relational database schema'[0m [36mreq[0m=[35mf9ad84b7[0m
[2m12:21:17[0m [[32m[1minfo     [0m] [1mGap CLOSED: 'parse and import 50 CSV files into the database' by skill/fe3daa04...[0m [36mreq[0m=[35mf9ad84b7[0m
[2m12:21:17[0m [[32m[1minfo     [0m] [1mGap OPEN: 'identify data quality issues and provide budget recommendations'[0m [36mreq[0m=[35mf9ad84b7[0m
[2m12:21:17[0m [[32m[1minfo     [0m] [1mGetting challenge status: id=138559de-f8e3-457e-b098-11620438653a[0m [36mreq[0m=[35m05c3232b[0m
[2m12:21:17[0m [[32m[1minfo     [0m] [1mrequest_finished                        [0m [36mduration[0m=[35m0.004[0m [36mmethod[0m=[35mGET[0m [36mpath[0m=[35m/api/v1/challenges/138559de-f8e3-457e-b098-11620438653a[0m [36mreq[0m=[35m05c3232b[0m [36mrequest_id[0m=[35m05c3232b-fab4-4f7f-9109-299baa10e0ee[0m [36mstatus[0m=[35m200[0m
[2m12:21:17[0m [[32m[1minfo     [0m] [1mGap OPEN: 'compute quarterly performance metrics and material costs'[0m [36mreq[0m=[35mf9ad84b7[0m
[2m12:21:17[0m [[32m[1minfo     [0m] [1mPlan verification complete: 4c221cac..., closed=1/4, all_closed=False[0m [36mreq[0m=[35mf9ad84b7[0m
[2m12:21:17[0m [[32m[1minfo     [0m] [1mVerification result: closed=1/4, all_closed=False[0m [36mreq[0m=[35mf9ad84b7[0m
[2m12:21:17[0m [[32m[1minfo     [0m] [1mCreated gap plan: id=707a6205..., challenge=138559de..., gaps=3, cycle=2[0m [36mreq[0m=[35mf9ad84b7[0m
[2m12:21:17[0m [[32m[1minfo     [0m] [1mCreated new cycle 2 with 3 REMAINING gaps (not new ones!) for challenge 138559de...[0m [36mreq[0m=[35mf9ad84b7[0m
[2m12:21:17[0m [[32m[1minfo     [0m] [1mCapability building partial: 138559de-f8e3-457e-b098-11620438653a, built=4[0m [36mreq[0m=[35mf9ad84b7[0m
{
    "name": "agent_spawner.spawn_and_execute",
    "context": {
        "trace_id": "0xc0513aba760b2c931c39b87c7c2facdb",
        "span_id": "0xe4a08466f7666f3c",
        "trace_state": "[]"
    },
    "kind": "SpanKind.INTERNAL",
    "parent_id": "0x3ea8d1b550e3b67b",
    "start_time": "2026-05-08T12:21:13.928243Z",
    "end_time": "2026-05-08T12:21:17.151461Z",
    "status": {
        "status_code": "UNSET"
    },
    "attributes": {
        "agent.id": "26413509-dbeb-450d-b967-7624fd8dc158",
        "agent.task_id": "546d215b-538f-4ed9-a0e4-40b5dc7de6f3",
        "agent.file_path": "prompts/generated/prompt_compute_quarterly_performance_metrics_and_material_costs.txt",
        "agent.timeout_seconds": 300,
        "agent.registered": true,
        "agent.success": true,
        "agent.duration_seconds": 3.2222118377685547
    },
    "events": [],
    "links": [],
    "resource": {
        "attributes": {
            "telemetry.sdk.language": "python",
            "telemetry.sdk.name": "opentelemetry",
            "telemetry.sdk.version": "1.40.0",
            "service.name": "lumari-backend",
            "service.version": "0.1.0",
            "service.namespace": "lumari",
            "deployment.environment": "development",
            "telemetry.middleware.version": "1.0.0"
        },
        "schema_url": ""
    }
}
{
    "name": "developer_team.execute_wave",
    "context": {
        "trace_id": "0xc0513aba760b2c931c39b87c7c2facdb",
        "span_id": "0x3ea8d1b550e3b67b",
        "trace_state": "[]"
    },
    "kind": "SpanKind.INTERNAL",
    "parent_id": "0x4a34c1a07e92702a",
    "start_time": "2026-05-08T12:21:13.927937Z",
    "end_time": "2026-05-08T12:21:17.152557Z",
    "status": {
        "status_code": "UNSET"
    },
    "attributes": {
        "wave.files": [
            "prompts/generated/prompt_compute_quarterly_performance_metrics_and_material_costs.txt"
        ]
    },
    "events": [],
    "links": [],
    "resource": {
        "attributes": {
            "telemetry.sdk.language": "python",
            "telemetry.sdk.name": "opentelemetry",
            "telemetry.sdk.version": "1.40.0",
            "service.name": "lumari-backend",
            "service.version": "0.1.0",
            "service.namespace": "lumari",
            "deployment.environment": "development",
            "telemetry.middleware.version": "1.0.0"
        },
        "schema_url": ""
    }
}
{
    "name": "developer_team.execute_complex_task",
    "context": {
        "trace_id": "0xc0513aba760b2c931c39b87c7c2facdb",
        "span_id": "0x4a34c1a07e92702a",
        "trace_state": "[]"
    },
    "kind": "SpanKind.INTERNAL",
    "parent_id": null,
    "start_time": "2026-05-08T12:21:02.129914Z",
    "end_time": "2026-05-08T12:21:17.153155Z",
    "status": {
        "status_code": "UNSET"
    },
    "attributes": {
        "task.id": "546d215b-538f-4ed9-a0e4-40b5dc7de6f3",
        "task.files_count": 1,
        "task.subtasks_count": 4,
        "task.waves_count": 3,
        "task.files_completed": 4,
        "task.files_failed": 0,
        "task.success": true
    },
    "events": [],
    "links": [],
    "resource": {
        "attributes": {
            "telemetry.sdk.language": "python",
            "telemetry.sdk.name": "opentelemetry",
            "telemetry.sdk.version": "1.40.0",
            "service.name": "lumari-backend",
            "service.version": "0.1.0",
            "service.namespace": "lumari",
            "deployment.environment": "development",
            "telemetry.middleware.version": "1.0.0"
        },
        "schema_url": ""
    }
}
[2m12:21:22[0m [[32m[1minfo     [0m] [1mGetting challenge status: id=138559de-f8e3-457e-b098-11620438653a[0m [36mreq[0m=[35m5e58f077[0m
[2m12:21:22[0m [[32m[1minfo     [0m] [1mrequest_finished                        [0m [36mduration[0m=[35m0.009[0m [36mmethod[0m=[35mGET[0m [36mpath[0m=[35m/api/v1/challenges/138559de-f8e3-457e-b098-11620438653a[0m [36mreq[0m=[35m5e58f077[0m [36mrequest_id[0m=[35m5e58f077-2d2e-4cd7-a6f4-d6831e834051[0m [36mstatus[0m=[35m200[0m
[2m12:21:22[0m [[32m[1minfo     [0m] [1mExecuting challenge: id=138559de-f8e3-457e-b098-11620438653a[0m [36mreq[0m=[35m790945d3[0m
[2m12:21:22[0m [[32m[1minfo     [0m] [1mrequest_finished                        [0m [36mduration[0m=[35m0.011[0m [36mmethod[0m=[35mPOST[0m [36mpath[0m=[35m/api/v1/challenges/138559de-f8e3-457e-b098-11620438653a/execute[0m [36mreq[0m=[35m790945d3[0m [36mrequest_id[0m=[35m790945d3-263a-422b-985a-a975339a37b4[0m [36mstatus[0m=[35m200[0m
[2m12:21:22[0m [[32m[1minfo     [0m] [1mStarting background execution: challenge_id=138559de-f8e3-457e-b098-11620438653a[0m [36mreq[0m=[35m790945d3[0m
[2m12:21:22[0m [[32m[1minfo     [0m] [1mLoading topology from database...       [0m [36mreq[0m=[35m790945d3[0m
[2m12:21:22[0m [[32m[1minfo     [0m] [1mMapped 13 skill entries to 13 capabilities[0m [36mreq[0m=[35m790945d3[0m
[2m12:21:22[0m [[32m[1minfo     [0m] [1mTopology validated: 11 agents in 5 waves[0m [36mreq[0m=[35m790945d3[0m
[2m12:21:22[0m [[32m[1minfo     [0m] [1mLoaded 13 skills for topology           [0m [36mreq[0m=[35m790945d3[0m
[2m12:21:22[0m [[32m[1minfo     [0m] [1mTopology loaded: 11 agents, 5 waves     [0m [36mreq[0m=[35m790945d3[0m
[2m12:21:22[0m [[32m[1minfo     [0m] [1mShared memory initialized with Qdrant   [0m [36mreq[0m=[35m790945d3[0m
[2m12:21:22[0m [[32m[1minfo     [0m] [1mHybridOrchestrator initialized          [0m [36mreq[0m=[35m790945d3[0m
[2m12:21:22[0m [[32m[1minfo     [0m] [1mStarting execution: 27e1fe4f-b954-4498-98d5-0bb9b4a84689[0m [36mreq[0m=[35m790945d3[0m
[2m12:21:22[0m [[32m[1minfo     [0m] [1mLoading topology from database...       [0m [36mreq[0m=[35m790945d3[0m
[2m12:21:22[0m [[32m[1minfo     [0m] [1mMapped 13 skill entries to 13 capabilities[0m [36mreq[0m=[35m790945d3[0m
[2m12:21:22[0m [[32m[1minfo     [0m] [1mTopology validated: 11 agents in 5 waves[0m [36mreq[0m=[35m790945d3[0m
[2m12:21:22[0m [[32m[1minfo     [0m] [1mLoaded 13 skills for topology           [0m [36mreq[0m=[35m790945d3[0m
[2m12:21:22[0m [[32m[1minfo     [0m] [1mTopology loaded: 11 agents, 5 waves     [0m [36mreq[0m=[35m790945d3[0m
[2m12:21:22[0m [[32m[1minfo     [0m] [1mDocker client connected successfully    [0m [36mreq[0m=[35m790945d3[0m
[2m12:21:22[0m [[32m[1minfo     [0m] [1mCreated DynamicSandbox executor (Docker-based, unrestricted)[0m [36mreq[0m=[35m790945d3[0m
[2m12:21:22[0m [[33m[1mwarning  [0m] [1mCould not create intervention orchestrator for self-healing: create_intervention_orchestrator() got an unexpected keyword argument 'db'[0m [36mreq[0m=[35m790945d3[0m
[2m12:21:22[0m [[32m[1minfo     [0m] [1mExecuting wave 1/5: ['05bebe15-b46f-4b91-96e3-a50f6cf9e68d', '90c17f3b-7f91-4174-b3ac-b59a51feb378', '65ad3c5c-f66c-49a0-a7cd-4b9ebc6142b9', '073d766c-ed4f-4519-8e36-8c9631e97c67'][0m [36mreq[0m=[35m790945d3[0m
[2m12:21:22[0m [[32m[1minfo     [0m] [1mExecuting agent: transcript_analyzer (05bebe15-b46f-4b91-96e3-a50f6cf9e68d)[0m [36mreq[0m=[35m790945d3[0m
[2m12:21:22[0m [[32m[1minfo     [0m] [1mExecuting agent: product_owner (90c17f3b-7f91-4174-b3ac-b59a51feb378)[0m [36mreq[0m=[35m790945d3[0m
[2m12:21:22[0m [[33m[1mwarning  [0m] [1mAgent product_owner expected artifacts ['analysis_findings'] but none found in pool[0m [36mreq[0m=[35m790945d3[0m
[2m12:21:22[0m [[32m[1minfo     [0m] [1mExecuting agent: quality_judge (65ad3c5c-f66c-49a0-a7cd-4b9ebc6142b9)[0m [36mreq[0m=[35m790945d3[0m
[2m12:21:22[0m [[33m[1mwarning  [0m] [1mAgent quality_judge expected artifacts ['ab_test_samples'] but none found in pool[0m [36mreq[0m=[35m790945d3[0m
[2m12:21:22[0m [[32m[1minfo     [0m] [1mExecuting agent: execution_analyzer (073d766c-ed4f-4519-8e36-8c9631e97c67)[0m [36mreq[0m=[35m790945d3[0m
[2m12:21:22[0m [[33m[1mwarning  [0m] [1mAgent execution_analyzer expected artifacts ['execution_telemetry'] but none found in pool[0m [36mreq[0m=[35m790945d3[0m
[2m12:21:23[0m [[32m[1minfo     [0m] [1mshared_memory_metrics agent=transcript_analyzer facts_kept=5 facts_total=8 hypotheses=0 relations=0 approx_tokens=2389 query_chars=3075[0m [36mreq[0m=[35m790945d3[0m
[2m12:21:23[0m [[32m[1minfo     [0m] [1mAgent quality_judge returned final answer after 0 tool calls[0m [36mreq[0m=[35m790945d3[0m
[2m12:21:23[0m [[32m[1minfo     [0m] [1mAgent execution_analyzer returned final answer after 0 tool calls[0m [36mreq[0m=[35m790945d3[0m
[2m12:21:23[0m [[32m[1minfo     [0m] [1mAgent quality_judge completed           [0m [36mreq[0m=[35m790945d3[0m
[2m12:21:23[0m [[32m[1minfo     [0m] [1mAgent execution_analyzer completed      [0m [36mreq[0m=[35m790945d3[0m
[2m12:21:24[0m [[32m[1minfo     [0m] [1mAgent product_owner returned final answer after 0 tool calls[0m [36mreq[0m=[35m790945d3[0m
[2m12:21:24[0m [[32m[1minfo     [0m] [1mAgent product_owner completed           [0m [36mreq[0m=[35m790945d3[0m
[2m12:21:24[0m [[32m[1minfo     [0m] [1mTool call 1/5: skill_analyze_csv_file_structure_and_identify_unique_sub_contractors[0m [36mreq[0m=[35m790945d3[0m
[2m12:21:24[0m [[32m[1minfo     [0m] [1mStarting sandbox execution: pip=['pandas>=2.0.0'], apt=[], input_files=[][0m [36mreq[0m=[35m790945d3[0m
[2m12:21:24[0m [[32m[1minfo     [0m] [1mFound cached image: lumari-sandbox:custom-80b4d237 (usage=7)[0m [36mreq[0m=[35m790945d3[0m
[2m12:21:24[0m [[32m[1minfo     [0m] [1mUsing cached image: lumari-sandbox:custom-80b4d237[0m [36mreq[0m=[35m790945d3[0m
[2m12:21:24[0m [[33m[1mwarning  [0m] [1mCached image lumari-sandbox:custom-80b4d237 not found in Docker, falling back to base[0m [36mreq[0m=[35m790945d3[0m
[2m12:21:24[0m [[32m[1minfo     [0m] [1mInstalling pip packages: "pandas>=2.0.0"[0m [36mreq[0m=[35m790945d3[0m
[2m12:21:27[0m [[32m[1minfo     [0m] [1mGetting challenge status: id=138559de-f8e3-457e-b098-11620438653a[0m [36mreq[0m=[35mf974e2c6[0m
[2m12:21:27[0m [[32m[1minfo     [0m] [1mrequest_finished                        [0m [36mduration[0m=[35m0.004[0m [36mmethod[0m=[35mGET[0m [36mpath[0m=[35m/api/v1/challenges/138559de-f8e3-457e-b098-11620438653a[0m [36mreq[0m=[35mf974e2c6[0m [36mrequest_id[0m=[35mf974e2c6-6f8a-4f54-9d41-dfd2fc6ec92d[0m [36mstatus[0m=[35m200[0m
[2m12:21:29[0m [[32m[1minfo     [0m] [1mPip packages installed successfully     [0m [36mreq[0m=[35m790945d3[0m
[2m12:21:30[0m [[32m[1minfo     [0m] [1mSandbox execution complete: success=True, time=5895ms, cached=False[0m [36mreq[0m=[35m790945d3[0m
[2m12:21:30[0m [[32m[1minfo     [0m] [1mCaching container image for future use...[0m [36mreq[0m=[35m790945d3[0m
[2m12:21:30[0m [[32m[1minfo     [0m] [1mBuilding image: lumari-sandbox:custom-26a3f94f[0m [36mreq[0m=[35m790945d3[0m
[2m12:21:30[0m [[32m[1minfo     [0m] [1m  pip: ['pandas>=2.0.0']                [0m [36mreq[0m=[35m790945d3[0m
[2m12:21:30[0m [[32m[1minfo     [0m] [1m  apt: []                               [0m [36mreq[0m=[35m790945d3[0m
[2m12:21:30[0m [[32m[1minfo     [0m] [1mImage already exists in Docker: lumari-sandbox:custom-26a3f94f[0m [36mreq[0m=[35m790945d3[0m
[2m12:21:32[0m [[32m[1minfo     [0m] [1mGetting challenge status: id=138559de-f8e3-457e-b098-11620438653a[0m [36mreq[0m=[35mf561ceca[0m
[2m12:21:32[0m [[32m[1minfo     [0m] [1mrequest_finished                        [0m [36mduration[0m=[35m0.009[0m [36mmethod[0m=[35mGET[0m [36mpath[0m=[35m/api/v1/challenges/138559de-f8e3-457e-b098-11620438653a[0m [36mreq[0m=[35mf561ceca[0m [36mrequest_id[0m=[35mf561ceca-5374-4aad-b962-a06ed4e6eb26[0m [36mstatus[0m=[35m200[0m
[2m12:21:36[0m [[32m[1minfo     [0m] [1mTool call 2/5: skill_parse_and_import_50_csv_files_into_the_database[0m [36mreq[0m=[35m790945d3[0m
[2m12:21:36[0m [[32m[1minfo     [0m] [1mStarting sandbox execution: pip=['pandas>=2.0.0', 'sqlalchemy>=2.0.0', 'psycopg2-binary', 'pandas', 'sqlalchemy'], apt=[], input_files=[][0m [36mreq[0m=[35m790945d3[0m
[2m12:21:37[0m [[32m[1minfo     [0m] [1mInstalling pip packages: "pandas>=2.0.0" "sqlalchemy>=2.0.0" "psycopg2-binary" "pandas" "sqlalchemy"[0m [36mreq[0m=[35m790945d3[0m
[2m12:21:37[0m [[32m[1minfo     [0m] [1mGetting challenge status: id=138559de-f8e3-457e-b098-11620438653a[0m [36mreq[0m=[35ma8bce4fb[0m
[2m12:21:37[0m [[32m[1minfo     [0m] [1mrequest_finished                        [0m [36mduration[0m=[35m0.005[0m [36mmethod[0m=[35mGET[0m [36mpath[0m=[35m/api/v1/challenges/138559de-f8e3-457e-b098-11620438653a[0m [36mreq[0m=[35ma8bce4fb[0m [36mrequest_id[0m=[35ma8bce4fb-8079-47ae-b565-447d63abd23a[0m [36mstatus[0m=[35m200[0m
[2m12:21:42[0m [[32m[1minfo     [0m] [1mGetting challenge status: id=138559de-f8e3-457e-b098-11620438653a[0m [36mreq[0m=[35mcae9ee61[0m
[2m12:21:42[0m [[32m[1minfo     [0m] [1mrequest_finished                        [0m [36mduration[0m=[35m0.005[0m [36mmethod[0m=[35mGET[0m [36mpath[0m=[35m/api/v1/challenges/138559de-f8e3-457e-b098-11620438653a[0m [36mreq[0m=[35mcae9ee61[0m [36mrequest_id[0m=[35mcae9ee61-d42a-453c-86f8-ef77b0be3eb6[0m [36mstatus[0m=[35m200[0m
[2m12:21:43[0m [[32m[1minfo     [0m] [1mPip packages installed successfully     [0m [36mreq[0m=[35m790945d3[0m
[2m12:21:44[0m [[32m[1minfo     [0m] [1mSandbox execution complete: success=True, time=7163ms, cached=False[0m [36mreq[0m=[35m790945d3[0m
[2m12:21:44[0m [[32m[1minfo     [0m] [1mCaching container image for future use...[0m [36mreq[0m=[35m790945d3[0m
[2m12:21:44[0m [[32m[1minfo     [0m] [1mBuilding image: lumari-sandbox:excel-fd277350[0m [36mreq[0m=[35m790945d3[0m
[2m12:21:44[0m [[32m[1minfo     [0m] [1m  pip: ['pandas>=2.0.0', 'sqlalchemy>=2.0.0', 'psycopg2-binary', 'pandas', 'sqlalchemy'][0m [36mreq[0m=[35m790945d3[0m
[2m12:21:44[0m [[32m[1minfo     [0m] [1m  apt: []                               [0m [36mreq[0m=[35m790945d3[0m
[2m12:21:47[0m [[32m[1minfo     [0m] [1mGetting challenge status: id=138559de-f8e3-457e-b098-11620438653a[0m [36mreq[0m=[35m225838ec[0m
[2m12:21:47[0m [[32m[1minfo     [0m] [1mrequest_finished                        [0m [36mduration[0m=[35m0.004[0m [36mmethod[0m=[35mGET[0m [36mpath[0m=[35m/api/v1/challenges/138559de-f8e3-457e-b098-11620438653a[0m [36mreq[0m=[35m225838ec[0m [36mrequest_id[0m=[35m225838ec-0329-48b6-b73b-c0a948ba2926[0m [36mstatus[0m=[35m200[0m
[2m12:21:52[0m [[32m[1minfo     [0m] [1mGetting challenge status: id=138559de-f8e3-457e-b098-11620438653a[0m [36mreq[0m=[35m6ecc04c0[0m
[2m12:21:52[0m [[32m[1minfo     [0m] [1mrequest_finished                        [0m [36mduration[0m=[35m0.005[0m [36mmethod[0m=[35mGET[0m [36mpath[0m=[35m/api/v1/challenges/138559de-f8e3-457e-b098-11620438653a[0m [36mreq[0m=[35m6ecc04c0[0m [36mrequest_id[0m=[35m6ecc04c0-8be7-4b0c-a95f-9c61c4dafef8[0m [36mstatus[0m=[35m200[0m
[2m12:21:57[0m [[32m[1minfo     [0m] [1mGetting challenge status: id=138559de-f8e3-457e-b098-11620438653a[0m [36mreq[0m=[35m34671f34[0m
[2m12:21:57[0m [[32m[1minfo     [0m] [1mrequest_finished                        [0m [36mduration[0m=[35m0.003[0m [36mmethod[0m=[35mGET[0m [36mpath[0m=[35m/api/v1/challenges/138559de-f8e3-457e-b098-11620438653a[0m [36mreq[0m=[35m34671f34[0m [36mrequest_id[0m=[35m34671f34-8f20-47fe-95fd-48393bfec49a[0m [36mstatus[0m=[35m200[0m
[2m12:22:01[0m [[32m[1minfo     [0m] [1mImage built successfully: lumari-sandbox:excel-fd277350 (17785ms)[0m [36mreq[0m=[35m790945d3[0m
[2m12:22:02[0m [[32m[1minfo     [0m] [1mGetting challenge status: id=138559de-f8e3-457e-b098-11620438653a[0m [36mreq[0m=[35mc3895912[0m
[2m12:22:02[0m [[32m[1minfo     [0m] [1mrequest_finished                        [0m [36mduration[0m=[35m0.011[0m [36mmethod[0m=[35mGET[0m [36mpath[0m=[35m/api/v1/challenges/138559de-f8e3-457e-b098-11620438653a[0m [36mreq[0m=[35mc3895912[0m [36mrequest_id[0m=[35mc3895912-0de0-4349-a929-b4e1f7610424[0m [36mstatus[0m=[35m200[0m
[2m12:22:07[0m [[32m[1minfo     [0m] [1mGetting challenge status: id=138559de-f8e3-457e-b098-11620438653a[0m [36mreq[0m=[35m423c1bfb[0m
[2m12:22:07[0m [[32m[1minfo     [0m] [1mrequest_finished                        [0m [36mduration[0m=[35m0.017[0m [36mmethod[0m=[35mGET[0m [36mpath[0m=[35m/api/v1/challenges/138559de-f8e3-457e-b098-11620438653a[0m [36mreq[0m=[35m423c1bfb[0m [36mrequest_id[0m=[35m423c1bfb-9826-4694-a112-5c54b1bb66c4[0m [36mstatus[0m=[35m200[0m
[2m12:22:08[0m [[32m[1minfo     [0m] [1mTool call 3/5: skill_connect_to_postgresql_database[0m [36mreq[0m=[35m790945d3[0m
[2m12:22:08[0m [[32m[1minfo     [0m] [1mStarting sandbox execution: pip=['psycopg2-binary>=2.9.0', 'psycopg2-binary'], apt=[], input_files=[][0m [36mreq[0m=[35m790945d3[0m
[2m12:22:08[0m [[32m[1minfo     [0m] [1mFound cached image: lumari-sandbox:custom-b45b88ad (usage=12)[0m [36mreq[0m=[35m790945d3[0m
[2m12:22:08[0m [[32m[1minfo     [0m] [1mUsing cached image: lumari-sandbox:custom-b45b88ad[0m [36mreq[0m=[35m790945d3[0m
[2m12:22:09[0m [[32m[1minfo     [0m] [1mSandbox execution complete: success=True, time=321ms, cached=True[0m [36mreq[0m=[35m790945d3[0m
[2m12:22:12[0m [[32m[1minfo     [0m] [1mGetting challenge status: id=138559de-f8e3-457e-b098-11620438653a[0m [36mreq[0m=[35m88b8b487[0m
[2m12:22:12[0m [[32m[1minfo     [0m] [1mrequest_finished                        [0m [36mduration[0m=[35m0.013[0m [36mmethod[0m=[35mGET[0m [36mpath[0m=[35m/api/v1/challenges/138559de-f8e3-457e-b098-11620438653a[0m [36mreq[0m=[35m88b8b487[0m [36mrequest_id[0m=[35m88b8b487-3d2e-46d9-85e6-6212e5c4c56a[0m [36mstatus[0m=[35m200[0m
[2m12:22:17[0m [[32m[1minfo     [0m] [1mAgent transcript_analyzer returned final answer after 3 tool calls[0m [36mreq[0m=[35m790945d3[0m
[2m12:22:17[0m [[32m[1minfo     [0m] [1mAgent transcript_analyzer completed     [0m [36mreq[0m=[35m790945d3[0m
[2m12:22:17[0m [[32m[1minfo     [0m] [1mWave 1 agent 'transcript_analyzer' completed: success=True, skipped=False, result_len=1456[0m [36mreq[0m=[35m790945d3[0m
[2m12:22:17[0m [[32m[1minfo     [0m] [1mWave 1 agent 'product_owner' completed: success=True, skipped=False, result_len=432[0m [36mreq[0m=[35m790945d3[0m
[2m12:22:17[0m [[32m[1minfo     [0m] [1mWave 1 agent 'quality_judge' completed: success=True, skipped=False, result_len=183[0m [36mreq[0m=[35m790945d3[0m
[2m12:22:17[0m [[32m[1minfo     [0m] [1mWave 1 agent 'execution_analyzer' completed: success=True, skipped=False, result_len=180[0m [36mreq[0m=[35m790945d3[0m
[2m12:22:17[0m [[32m[1minfo     [0m] [1mExecuting wave 2/5: ['49898ec1-10da-4a11-8457-1358d844c805', '07f8b963-9d7c-4232-ba20-52aa8d850e1d'][0m [36mreq[0m=[35m790945d3[0m
[2m12:22:17[0m [[32m[1minfo     [0m] [1mExecuting agent: context_retriever (49898ec1-10da-4a11-8457-1358d844c805)[0m [36mreq[0m=[35m790945d3[0m
[2m12:22:17[0m [[32m[1minfo     [0m] [1mExecuting agent: control_agent (07f8b963-9d7c-4232-ba20-52aa8d850e1d)[0m [36mreq[0m=[35m790945d3[0m
[2m12:22:17[0m [[32m[1minfo     [0m] [1mGetting challenge status: id=138559de-f8e3-457e-b098-11620438653a[0m [36mreq[0m=[35mee69cb2a[0m
[2m12:22:17[0m [[32m[1minfo     [0m] [1mrequest_finished                        [0m [36mduration[0m=[35m0.006[0m [36mmethod[0m=[35mGET[0m [36mpath[0m=[35m/api/v1/challenges/138559de-f8e3-457e-b098-11620438653a[0m [36mreq[0m=[35mee69cb2a[0m [36mrequest_id[0m=[35mee69cb2a-9dc5-4c25-b6ba-00e0db4bf96c[0m [36mstatus[0m=[35m200[0m
[2m12:22:18[0m [[32m[1minfo     [0m] [1mAgent control_agent returned final answer after 0 tool calls[0m [36mreq[0m=[35m790945d3[0m
[2m12:22:18[0m [[32m[1minfo     [0m] [1mAgent control_agent completed           [0m [36mreq[0m=[35m790945d3[0m
[2m12:22:19[0m [[32m[1minfo     [0m] [1mTool call 1/5: skill_connect_to_postgresql_database[0m [36mreq[0m=[35m790945d3[0m
[2m12:22:19[0m [[32m[1minfo     [0m] [1mStarting sandbox execution: pip=['psycopg2-binary>=2.9.0', 'psycopg2-binary'], apt=[], input_files=[][0m [36mreq[0m=[35m790945d3[0m
[2m12:22:19[0m [[32m[1minfo     [0m] [1mFound cached image: lumari-sandbox:custom-b45b88ad (usage=13)[0m [36mreq[0m=[35m790945d3[0m
[2m12:22:19[0m [[32m[1minfo     [0m] [1mUsing cached image: lumari-sandbox:custom-b45b88ad[0m [36mreq[0m=[35m790945d3[0m
[2m12:22:19[0m [[32m[1minfo     [0m] [1mSandbox execution complete: success=True, time=318ms, cached=True[0m [36mreq[0m=[35m790945d3[0m
[2m12:22:22[0m [[32m[1minfo     [0m] [1mGetting challenge status: id=138559de-f8e3-457e-b098-11620438653a[0m [36mreq[0m=[35m8cfb53ae[0m
[2m12:22:22[0m [[32m[1minfo     [0m] [1mrequest_finished                        [0m [36mduration[0m=[35m0.009[0m [36mmethod[0m=[35mGET[0m [36mpath[0m=[35m/api/v1/challenges/138559de-f8e3-457e-b098-11620438653a[0m [36mreq[0m=[35m8cfb53ae[0m [36mrequest_id[0m=[35m8cfb53ae-d7ea-4e6f-a1b0-7d7c7c1c9a04[0m [36mstatus[0m=[35m200[0m
[2m12:22:26[0m [[32m[1minfo     [0m] [1mAgent context_retriever returned final answer after 1 tool calls[0m [36mreq[0m=[35m790945d3[0m
[2m12:22:26[0m [[32m[1minfo     [0m] [1mAgent context_retriever completed       [0m [36mreq[0m=[35m790945d3[0m
[2m12:22:26[0m [[32m[1minfo     [0m] [1mWave 2 agent 'context_retriever' completed: success=True, skipped=False, result_len=1209[0m [36mreq[0m=[35m790945d3[0m
[2m12:22:26[0m [[32m[1minfo     [0m] [1mWave 2 agent 'control_agent' completed: success=True, skipped=False, result_len=152[0m [36mreq[0m=[35m790945d3[0m
[2m12:22:26[0m [[32m[1minfo     [0m] [1mExecuting wave 3/5: ['f54aabd1-ca21-4768-b12e-ccf5ca95d0da', 'a676e764-25ce-41cf-95d1-b838c8e6804d', 'd01ede79-d82b-465b-ae42-d1a7a2ec4188'][0m [36mreq[0m=[35m790945d3[0m
[2m12:22:26[0m [[32m[1minfo     [0m] [1mExecuting agent: report_generator (f54aabd1-ca21-4768-b12e-ccf5ca95d0da)[0m [36mreq[0m=[35m790945d3[0m
[2m12:22:26[0m [[32m[1minfo     [0m] [1mExecuting agent: prompt_engineer (a676e764-25ce-41cf-95d1-b838c8e6804d)[0m [36mreq[0m=[35m790945d3[0m
[2m12:22:26[0m [[32m[1minfo     [0m] [1mExecuting agent: tool_builder (d01ede79-d82b-465b-ae42-d1a7a2ec4188)[0m [36mreq[0m=[35m790945d3[0m
[2m12:22:27[0m [[32m[1minfo     [0m] [1mGetting challenge status: id=138559de-f8e3-457e-b098-11620438653a[0m [36mreq[0m=[35maa5739a4[0m
[2m12:22:27[0m [[32m[1minfo     [0m] [1mrequest_finished                        [0m [36mduration[0m=[35m0.011[0m [36mmethod[0m=[35mGET[0m [36mpath[0m=[35m/api/v1/challenges/138559de-f8e3-457e-b098-11620438653a[0m [36mreq[0m=[35maa5739a4[0m [36mrequest_id[0m=[35maa5739a4-4988-49a7-9f91-aeb0b14853fd[0m [36mstatus[0m=[35m200[0m
[2m12:22:29[0m [[32m[1minfo     [0m] [1mAgent prompt_engineer returned final answer after 0 tool calls[0m [36mreq[0m=[35m790945d3[0m
[2m12:22:29[0m [[32m[1minfo     [0m] [1mAgent report_generator returned final answer after 0 tool calls[0m [36mreq[0m=[35m790945d3[0m
[2m12:22:30[0m [[32m[1minfo     [0m] [1mAgent prompt_engineer completed         [0m [36mreq[0m=[35m790945d3[0m
[2m12:22:30[0m [[32m[1minfo     [0m] [1mAgent report_generator completed        [0m [36mreq[0m=[35m790945d3[0m
[2m12:22:32[0m [[32m[1minfo     [0m] [1mGetting challenge status: id=138559de-f8e3-457e-b098-11620438653a[0m [36mreq[0m=[35m26385083[0m
[2m12:22:32[0m [[32m[1minfo     [0m] [1mrequest_finished                        [0m [36mduration[0m=[35m0.009[0m [36mmethod[0m=[35mGET[0m [36mpath[0m=[35m/api/v1/challenges/138559de-f8e3-457e-b098-11620438653a[0m [36mreq[0m=[35m26385083[0m [36mrequest_id[0m=[35m26385083-ad03-4013-b852-2c863f137f73[0m [36mstatus[0m=[35m200[0m
[2m12:22:33[0m [[32m[1minfo     [0m] [1mAgent tool_builder returned final answer after 0 tool calls[0m [36mreq[0m=[35m790945d3[0m
[2m12:22:33[0m [[32m[1minfo     [0m] [1mAgent tool_builder completed            [0m [36mreq[0m=[35m790945d3[0m
[2m12:22:33[0m [[32m[1minfo     [0m] [1mWave 3 agent 'report_generator' completed: success=True, skipped=False, result_len=2044[0m [36mreq[0m=[35m790945d3[0m
[2m12:22:33[0m [[32m[1minfo     [0m] [1mWave 3 agent 'prompt_engineer' completed: success=True, skipped=False, result_len=1716[0m [36mreq[0m=[35m790945d3[0m
[2m12:22:33[0m [[32m[1minfo     [0m] [1mWave 3 agent 'tool_builder' completed: success=True, skipped=False, result_len=183[0m [36mreq[0m=[35m790945d3[0m
[2m12:22:33[0m [[32m[1minfo     [0m] [1mExecuting wave 4/5: ['85860279-90e3-4984-b25d-af840d3dca9b'][0m [36mreq[0m=[35m790945d3[0m
[2m12:22:33[0m [[32m[1minfo     [0m] [1mExecuting agent: quality_validator (85860279-90e3-4984-b25d-af840d3dca9b)[0m [36mreq[0m=[35m790945d3[0m
[2m12:22:34[0m [[32m[1minfo     [0m] [1mAgent quality_validator returned final answer after 0 tool calls[0m [36mreq[0m=[35m790945d3[0m
[2m12:22:34[0m [[32m[1minfo     [0m] [1mAgent quality_validator completed       [0m [36mreq[0m=[35m790945d3[0m
[2m12:22:34[0m [[32m[1minfo     [0m] [1mWave 4 agent 'quality_validator' completed: success=True, skipped=False, result_len=258[0m [36mreq[0m=[35m790945d3[0m
[2m12:22:34[0m [[32m[1minfo     [0m] [1mExecuting wave 5/5: ['bbd241f8-1df0-49f4-950a-dc61efa2c950'][0m [36mreq[0m=[35m790945d3[0m
[2m12:22:34[0m [[32m[1minfo     [0m] [1mExecuting agent: report_finalizer (bbd241f8-1df0-49f4-950a-dc61efa2c950)[0m [36mreq[0m=[35m790945d3[0m
[2m12:22:37[0m [[32m[1minfo     [0m] [1mAgent report_finalizer returned final answer after 0 tool calls[0m [36mreq[0m=[35m790945d3[0m
[2m12:22:37[0m [[32m[1minfo     [0m] [1mGetting challenge status: id=138559de-f8e3-457e-b098-11620438653a[0m [36mreq[0m=[35mf7eeac0c[0m
[2m12:22:37[0m [[32m[1minfo     [0m] [1mrequest_finished                        [0m [36mduration[0m=[35m0.004[0m [36mmethod[0m=[35mGET[0m [36mpath[0m=[35m/api/v1/challenges/138559de-f8e3-457e-b098-11620438653a[0m [36mreq[0m=[35mf7eeac0c[0m [36mrequest_id[0m=[35mf7eeac0c-cf33-48f9-8adf-e64e12fea852[0m [36mstatus[0m=[35m200[0m
[2m12:22:38[0m [[32m[1minfo     [0m] [1mAgent report_finalizer completed        [0m [36mreq[0m=[35m790945d3[0m
[2m12:22:38[0m [[32m[1minfo     [0m] [1mWave 5 agent 'report_finalizer' completed: success=True, skipped=False, result_len=2083[0m [36mreq[0m=[35m790945d3[0m
[2m12:22:38[0m [[32m[1minfo     [0m] [1mArtifact pool cleared: 11 artifacts discarded[0m [36mreq[0m=[35m790945d3[0m
[2m12:22:38[0m [[32m[1minfo     [0m] [1mPersisted 1 facts to shared memory for execution 27e1fe4f-b954-4498-98d5-0bb9b4a84689[0m [36mreq[0m=[35m790945d3[0m
[2m12:22:38[0m [[32m[1minfo     [0m] [1mStarting telemetry for agent=05bebe15..., execution=27e1fe4f...[0m [36mreq[0m=[35m790945d3[0m
[2m12:22:38[0m [[33m[1mwarning  [0m] [1mTelemetrie-Bridge fehlgeschlagen: 1 validation error for ExecutionTelemetryCreate
outcome
  Input should be 'success', 'error', 'timeout' or 'cancelled' [type=literal_error, input_value='running', input_type=str]
    For further information visit https://errors.pydantic.dev/2.11/v/literal_error[0m [36mreq[0m=[35m790945d3[0m
[2m12:22:38[0m [[32m[1minfo     [0m] [1mConfigured epicbox profile: image=lumari-sandbox:latest, limits={'cputime': 5, 'realtime': 10, 'memory': 128, 'processes': 1}[0m [36mreq[0m=[35m790945d3[0m
[2m12:22:38[0m [[32m[1minfo     [0m] [1mStarting analysis pipeline for execution_id=27e1fe4f...[0m [36mreq[0m=[35m790945d3[0m
[2m12:22:38[0m [[32m[1minfo     [0m] [1mExecution completed: challenge_id=138559de-f8e3-457e-b098-11620438653a, success=True[0m [36mreq[0m=[35m790945d3[0m
[2m12:22:38[0m [[33m[1mwarning  [0m] [1mNo telemetry found for execution 27e1fe4f-b954-4498-98d5-0bb9b4a84689[0m [36mreq[0m=[35m790945d3[0m
[2m12:22:42[0m [[32m[1minfo     [0m] [1mGetting challenge status: id=138559de-f8e3-457e-b098-11620438653a[0m [36mreq[0m=[35m1eca9a82[0m
[2m12:22:42[0m [[32m[1minfo     [0m] [1mrequest_finished                        [0m [36mduration[0m=[35m0.012[0m [36mmethod[0m=[35mGET[0m [36mpath[0m=[35m/api/v1/challenges/138559de-f8e3-457e-b098-11620438653a[0m [36mreq[0m=[35m1eca9a82[0m [36mrequest_id[0m=[35m1eca9a82-d434-4032-ae4f-c4891c959dba[0m [36mstatus[0m=[35m200[0m
[2m12:22:42[0m [[32m[1minfo     [0m] [1mGetting challenge results: id=138559de-f8e3-457e-b098-11620438653a[0m [36mreq[0m=[35m9eec44d1[0m
[2m12:22:42[0m [[32m[1minfo     [0m] [1mrequest_finished                        [0m [36mduration[0m=[35m0.008[0m [36mmethod[0m=[35mGET[0m [36mpath[0m=[35m/api/v1/challenges/138559de-f8e3-457e-b098-11620438653a/results[0m [36mreq[0m=[35m9eec44d1[0m [36mrequest_id[0m=[35m9eec44d1-3e5a-4312-aad6-a9a404cc8934[0m [36mstatus[0m=[35m200[0m
[2m12:23:04[0m [[32m[1minfo     [0m] [1mFile upload: tagesbericht_rohbau_20251014.opus, size=205713, type=audio/opus[0m [36mreq[0m=[35m3cce2a1d[0m
[2m12:23:04[0m [[32m[1minfo     [0m] [1mSaved binary file to: /Users/patrick/Documents/Uni/master_project/backend/app/api/v1/endpoints/../../../uploads/55b53873-bc53-4332-af1b-3f1d1331378b.opus[0m [36mreq[0m=[35m3cce2a1d[0m
[2m12:23:04[0m [[32m[1minfo     [0m] [1mAudio transcription skill available: skill_audio_transcription — will transcribe in background[0m [36mreq[0m=[35m3cce2a1d[0m
[2m12:23:04[0m [[32m[1minfo     [0m] [1mFile upload: tagesbericht_rohbau_20251014.opus -> challenge_id=5aca38ee-8029-495c-84ce-1dfb51bbf54d, gaps=0, route=execute[0m [36mreq[0m=[35m3cce2a1d[0m
[2m12:23:04[0m [[32m[1minfo     [0m] [1mrequest_finished                        [0m [36mduration[0m=[35m0.049[0m [36mmethod[0m=[35mPOST[0m [36mpath[0m=[35m/api/v1/challenges/upload[0m [36mreq[0m=[35m3cce2a1d[0m [36mrequest_id[0m=[35m3cce2a1d-89bf-42e9-bf02-ce76ae43ab11[0m [36mstatus[0m=[35m200[0m
[2m12:23:04[0m [[32m[1minfo     [0m] [1mExecuting challenge: id=5aca38ee-8029-495c-84ce-1dfb51bbf54d[0m [36mreq[0m=[35me94a5c3b[0m
[2m12:23:04[0m [[32m[1minfo     [0m] [1mrequest_finished                        [0m [36mduration[0m=[35m0.007[0m [36mmethod[0m=[35mPOST[0m [36mpath[0m=[35m/api/v1/challenges/5aca38ee-8029-495c-84ce-1dfb51bbf54d/execute[0m [36mreq[0m=[35me94a5c3b[0m [36mrequest_id[0m=[35me94a5c3b-1d77-4208-9170-bad25dcf6bdd[0m [36mstatus[0m=[35m200[0m
[2m12:23:04[0m [[32m[1minfo     [0m] [1mStarting background execution: challenge_id=5aca38ee-8029-495c-84ce-1dfb51bbf54d[0m [36mreq[0m=[35me94a5c3b[0m
[2m12:23:04[0m [[32m[1minfo     [0m] [1mTranskribiere Audio vor Execution: /Users/patrick/Documents/Uni/master_project/backend/app/api/v1/endpoints/../../../uploads/55b53873-bc53-4332-af1b-3f1d1331378b.opus mit Skill skill_audio_transcription[0m [36mreq[0m=[35me94a5c3b[0m
[2m12:23:04[0m [[32m[1minfo     [0m] [1mStarting sandbox execution: pip=['openai-whisper'], apt=['ffmpeg'], input_files=['55b53873-bc53-4332-af1b-3f1d1331378b.opus'][0m [36mreq[0m=[35me94a5c3b[0m
[2m12:23:04[0m [[32m[1minfo     [0m] [1mDocker client connected successfully    [0m [36mreq[0m=[35me94a5c3b[0m
[2m12:23:05[0m [[32m[1minfo     [0m] [1mInstalling system packages: ffmpeg      [0m [36mreq[0m=[35me94a5c3b[0m
[2m12:23:09[0m [[32m[1minfo     [0m] [1mGetting challenge status: id=5aca38ee-8029-495c-84ce-1dfb51bbf54d[0m [36mreq[0m=[35m6f7dfe2b[0m
[2m12:23:09[0m [[32m[1minfo     [0m] [1mrequest_finished                        [0m [36mduration[0m=[35m0.005[0m [36mmethod[0m=[35mGET[0m [36mpath[0m=[35m/api/v1/challenges/5aca38ee-8029-495c-84ce-1dfb51bbf54d[0m [36mreq[0m=[35m6f7dfe2b[0m [36mrequest_id[0m=[35m6f7dfe2b-9e1a-406d-a164-3eaa666b9918[0m [36mstatus[0m=[35m200[0m
[2m12:23:14[0m [[32m[1minfo     [0m] [1mGetting challenge status: id=5aca38ee-8029-495c-84ce-1dfb51bbf54d[0m [36mreq[0m=[35m61f6ae40[0m
[2m12:23:14[0m [[32m[1minfo     [0m] [1mrequest_finished                        [0m [36mduration[0m=[35m0.005[0m [36mmethod[0m=[35mGET[0m [36mpath[0m=[35m/api/v1/challenges/5aca38ee-8029-495c-84ce-1dfb51bbf54d[0m [36mreq[0m=[35m61f6ae40[0m [36mrequest_id[0m=[35m61f6ae40-d16f-46e9-8430-8c7196d70dc9[0m [36mstatus[0m=[35m200[0m
[2m12:23:19[0m [[32m[1minfo     [0m] [1mGetting challenge status: id=5aca38ee-8029-495c-84ce-1dfb51bbf54d[0m [36mreq[0m=[35m4749914f[0m
[2m12:23:19[0m [[32m[1minfo     [0m] [1mrequest_finished                        [0m [36mduration[0m=[35m0.005[0m [36mmethod[0m=[35mGET[0m [36mpath[0m=[35m/api/v1/challenges/5aca38ee-8029-495c-84ce-1dfb51bbf54d[0m [36mreq[0m=[35m4749914f[0m [36mrequest_id[0m=[35m4749914f-7091-4502-af06-21565e81a52a[0m [36mstatus[0m=[35m200[0m
[2m12:23:24[0m [[32m[1minfo     [0m] [1mGetting challenge status: id=5aca38ee-8029-495c-84ce-1dfb51bbf54d[0m [36mreq[0m=[35mfc7883d5[0m
[2m12:23:24[0m [[32m[1minfo     [0m] [1mrequest_finished                        [0m [36mduration[0m=[35m0.003[0m [36mmethod[0m=[35mGET[0m [36mpath[0m=[35m/api/v1/challenges/5aca38ee-8029-495c-84ce-1dfb51bbf54d[0m [36mreq[0m=[35mfc7883d5[0m [36mrequest_id[0m=[35mfc7883d5-f3fc-4b6e-bc29-f99398e868ba[0m [36mstatus[0m=[35m200[0m
[2m12:23:29[0m [[32m[1minfo     [0m] [1mGetting challenge status: id=5aca38ee-8029-495c-84ce-1dfb51bbf54d[0m [36mreq[0m=[35ma0459f29[0m
[2m12:23:29[0m [[32m[1minfo     [0m] [1mrequest_finished                        [0m [36mduration[0m=[35m0.003[0m [36mmethod[0m=[35mGET[0m [36mpath[0m=[35m/api/v1/challenges/5aca38ee-8029-495c-84ce-1dfb51bbf54d[0m [36mreq[0m=[35ma0459f29[0m [36mrequest_id[0m=[35ma0459f29-cda6-4ee6-ae1c-17be2c0666ae[0m [36mstatus[0m=[35m200[0m
[2m12:23:34[0m [[32m[1minfo     [0m] [1mGetting challenge status: id=5aca38ee-8029-495c-84ce-1dfb51bbf54d[0m [36mreq[0m=[35m2385fc91[0m
[2m12:23:34[0m [[32m[1minfo     [0m] [1mrequest_finished                        [0m [36mduration[0m=[35m0.003[0m [36mmethod[0m=[35mGET[0m [36mpath[0m=[35m/api/v1/challenges/5aca38ee-8029-495c-84ce-1dfb51bbf54d[0m [36mreq[0m=[35m2385fc91[0m [36mrequest_id[0m=[35m2385fc91-9608-4647-bac2-a8d2dc4b89d7[0m [36mstatus[0m=[35m200[0m
[2m12:23:39[0m [[32m[1minfo     [0m] [1mGetting challenge status: id=5aca38ee-8029-495c-84ce-1dfb51bbf54d[0m [36mreq[0m=[35m1cc4fb3f[0m
[2m12:23:39[0m [[32m[1minfo     [0m] [1mrequest_finished                        [0m [36mduration[0m=[35m0.004[0m [36mmethod[0m=[35mGET[0m [36mpath[0m=[35m/api/v1/challenges/5aca38ee-8029-495c-84ce-1dfb51bbf54d[0m [36mreq[0m=[35m1cc4fb3f[0m [36mrequest_id[0m=[35m1cc4fb3f-3f17-401a-98f4-0090d665a3d3[0m [36mstatus[0m=[35m200[0m
[2m12:23:44[0m [[32m[1minfo     [0m] [1mSystem packages installed successfully: ffmpeg[0m [36mreq[0m=[35me94a5c3b[0m
[2m12:23:44[0m [[32m[1minfo     [0m] [1mInstalling pip packages: "openai-whisper"[0m [36mreq[0m=[35me94a5c3b[0m
[2m12:23:44[0m [[32m[1minfo     [0m] [1mGetting challenge status: id=5aca38ee-8029-495c-84ce-1dfb51bbf54d[0m [36mreq[0m=[35m1d0a8f78[0m
[2m12:23:44[0m [[32m[1minfo     [0m] [1mrequest_finished                        [0m [36mduration[0m=[35m0.004[0m [36mmethod[0m=[35mGET[0m [36mpath[0m=[35m/api/v1/challenges/5aca38ee-8029-495c-84ce-1dfb51bbf54d[0m [36mreq[0m=[35m1d0a8f78[0m [36mrequest_id[0m=[35m1d0a8f78-e3c0-494b-9b47-800b1c607e14[0m [36mstatus[0m=[35m200[0m
[2m12:23:49[0m [[32m[1minfo     [0m] [1mGetting challenge status: id=5aca38ee-8029-495c-84ce-1dfb51bbf54d[0m [36mreq[0m=[35m21e7afc1[0m
[2m12:23:49[0m [[32m[1minfo     [0m] [1mrequest_finished                        [0m [36mduration[0m=[35m0.012[0m [36mmethod[0m=[35mGET[0m [36mpath[0m=[35m/api/v1/challenges/5aca38ee-8029-495c-84ce-1dfb51bbf54d[0m [36mreq[0m=[35m21e7afc1[0m [36mrequest_id[0m=[35m21e7afc1-6c8e-434f-b01a-005a422fe421[0m [36mstatus[0m=[35m200[0m
[2m12:23:54[0m [[32m[1minfo     [0m] [1mGetting challenge status: id=5aca38ee-8029-495c-84ce-1dfb51bbf54d[0m [36mreq[0m=[35m1a58329d[0m
[2m12:23:54[0m [[32m[1minfo     [0m] [1mrequest_finished                        [0m [36mduration[0m=[35m0.006[0m [36mmethod[0m=[35mGET[0m [36mpath[0m=[35m/api/v1/challenges/5aca38ee-8029-495c-84ce-1dfb51bbf54d[0m [36mreq[0m=[35m1a58329d[0m [36mrequest_id[0m=[35m1a58329d-3e30-4b23-9196-76d4f9d87324[0m [36mstatus[0m=[35m200[0m
[2m12:23:59[0m [[32m[1minfo     [0m] [1mGetting challenge status: id=5aca38ee-8029-495c-84ce-1dfb51bbf54d[0m [36mreq[0m=[35mbb8a88da[0m
[2m12:24:00[0m [[32m[1minfo     [0m] [1mrequest_finished                        [0m [36mduration[0m=[35m0.012[0m [36mmethod[0m=[35mGET[0m [36mpath[0m=[35m/api/v1/challenges/5aca38ee-8029-495c-84ce-1dfb51bbf54d[0m [36mreq[0m=[35mbb8a88da[0m [36mrequest_id[0m=[35mbb8a88da-4a81-4d91-9da0-8ba296d609cd[0m [36mstatus[0m=[35m200[0m
[2m12:24:05[0m [[32m[1minfo     [0m] [1mGetting challenge status: id=5aca38ee-8029-495c-84ce-1dfb51bbf54d[0m [36mreq[0m=[35m3447d0fc[0m
[2m12:24:05[0m [[32m[1minfo     [0m] [1mrequest_finished                        [0m [36mduration[0m=[35m0.005[0m [36mmethod[0m=[35mGET[0m [36mpath[0m=[35m/api/v1/challenges/5aca38ee-8029-495c-84ce-1dfb51bbf54d[0m [36mreq[0m=[35m3447d0fc[0m [36mrequest_id[0m=[35m3447d0fc-3b1a-4193-97bd-5fa0a72edfb4[0m [36mstatus[0m=[35m200[0m
[2m12:24:10[0m [[32m[1minfo     [0m] [1mGetting challenge status: id=5aca38ee-8029-495c-84ce-1dfb51bbf54d[0m [36mreq[0m=[35m4c2d694e[0m
[2m12:24:10[0m [[32m[1minfo     [0m] [1mrequest_finished                        [0m [36mduration[0m=[35m0.006[0m [36mmethod[0m=[35mGET[0m [36mpath[0m=[35m/api/v1/challenges/5aca38ee-8029-495c-84ce-1dfb51bbf54d[0m [36mreq[0m=[35m4c2d694e[0m [36mrequest_id[0m=[35m4c2d694e-4e60-4385-a09e-c36bb6438358[0m [36mstatus[0m=[35m200[0m
[2m12:24:15[0m [[32m[1minfo     [0m] [1mGetting challenge status: id=5aca38ee-8029-495c-84ce-1dfb51bbf54d[0m [36mreq[0m=[35m9ced72e5[0m
[2m12:24:15[0m [[32m[1minfo     [0m] [1mrequest_finished                        [0m [36mduration[0m=[35m0.011[0m [36mmethod[0m=[35mGET[0m [36mpath[0m=[35m/api/v1/challenges/5aca38ee-8029-495c-84ce-1dfb51bbf54d[0m [36mreq[0m=[35m9ced72e5[0m [36mrequest_id[0m=[35m9ced72e5-a282-4db7-8a4e-c9f65d73f21f[0m [36mstatus[0m=[35m200[0m
[2m12:24:20[0m [[32m[1minfo     [0m] [1mGetting challenge status: id=5aca38ee-8029-495c-84ce-1dfb51bbf54d[0m [36mreq[0m=[35m95dcd708[0m
[2m12:24:20[0m [[32m[1minfo     [0m] [1mrequest_finished                        [0m [36mduration[0m=[35m0.005[0m [36mmethod[0m=[35mGET[0m [36mpath[0m=[35m/api/v1/challenges/5aca38ee-8029-495c-84ce-1dfb51bbf54d[0m [36mreq[0m=[35m95dcd708[0m [36mrequest_id[0m=[35m95dcd708-f227-4c8b-a33a-20cf34ad9bed[0m [36mstatus[0m=[35m200[0m
[2m12:24:25[0m [[32m[1minfo     [0m] [1mGetting challenge status: id=5aca38ee-8029-495c-84ce-1dfb51bbf54d[0m [36mreq[0m=[35m868660a9[0m
[2m12:24:25[0m [[32m[1minfo     [0m] [1mrequest_finished                        [0m [36mduration[0m=[35m0.004[0m [36mmethod[0m=[35mGET[0m [36mpath[0m=[35m/api/v1/challenges/5aca38ee-8029-495c-84ce-1dfb51bbf54d[0m [36mreq[0m=[35m868660a9[0m [36mrequest_id[0m=[35m868660a9-e46d-4025-95df-5e8d3f3865c3[0m [36mstatus[0m=[35m200[0m
[2m12:24:30[0m [[32m[1minfo     [0m] [1mGetting challenge status: id=5aca38ee-8029-495c-84ce-1dfb51bbf54d[0m [36mreq[0m=[35m5202dd1d[0m
[2m12:24:30[0m [[32m[1minfo     [0m] [1mrequest_finished                        [0m [36mduration[0m=[35m0.005[0m [36mmethod[0m=[35mGET[0m [36mpath[0m=[35m/api/v1/challenges/5aca38ee-8029-495c-84ce-1dfb51bbf54d[0m [36mreq[0m=[35m5202dd1d[0m [36mrequest_id[0m=[35m5202dd1d-a567-4eb7-b227-02192080bfd4[0m [36mstatus[0m=[35m200[0m
[2m12:24:35[0m [[32m[1minfo     [0m] [1mGetting challenge status: id=5aca38ee-8029-495c-84ce-1dfb51bbf54d[0m [36mreq[0m=[35m77ba60c1[0m
[2m12:24:35[0m [[32m[1minfo     [0m] [1mrequest_finished                        [0m [36mduration[0m=[35m0.004[0m [36mmethod[0m=[35mGET[0m [36mpath[0m=[35m/api/v1/challenges/5aca38ee-8029-495c-84ce-1dfb51bbf54d[0m [36mreq[0m=[35m77ba60c1[0m [36mrequest_id[0m=[35m77ba60c1-12f9-403d-bd72-c7ebeb30e614[0m [36mstatus[0m=[35m200[0m
[2m12:24:36[0m [[32m[1minfo     [0m] [1mPip packages installed successfully     [0m [36mreq[0m=[35me94a5c3b[0m
[2m12:24:40[0m [[32m[1minfo     [0m] [1mGetting challenge status: id=5aca38ee-8029-495c-84ce-1dfb51bbf54d[0m [36mreq[0m=[35m79c416f9[0m
[2m12:24:40[0m [[32m[1minfo     [0m] [1mrequest_finished                        [0m [36mduration[0m=[35m0.005[0m [36mmethod[0m=[35mGET[0m [36mpath[0m=[35m/api/v1/challenges/5aca38ee-8029-495c-84ce-1dfb51bbf54d[0m [36mreq[0m=[35m79c416f9[0m [36mrequest_id[0m=[35m79c416f9-fdb6-458f-a6bf-e2735198a7d7[0m [36mstatus[0m=[35m200[0m
[2m12:24:45[0m [[32m[1minfo     [0m] [1mGetting challenge status: id=5aca38ee-8029-495c-84ce-1dfb51bbf54d[0m [36mreq[0m=[35m21299e3b[0m
[2m12:24:45[0m [[32m[1minfo     [0m] [1mrequest_finished                        [0m [36mduration[0m=[35m0.004[0m [36mmethod[0m=[35mGET[0m [36mpath[0m=[35m/api/v1/challenges/5aca38ee-8029-495c-84ce-1dfb51bbf54d[0m [36mreq[0m=[35m21299e3b[0m [36mrequest_id[0m=[35m21299e3b-c022-4983-aaf6-66bc455b8ffc[0m [36mstatus[0m=[35m200[0m
[2m12:24:50[0m [[32m[1minfo     [0m] [1mGetting challenge status: id=5aca38ee-8029-495c-84ce-1dfb51bbf54d[0m [36mreq[0m=[35m1e88b73d[0m
[2m12:24:50[0m [[32m[1minfo     [0m] [1mrequest_finished                        [0m [36mduration[0m=[35m0.005[0m [36mmethod[0m=[35mGET[0m [36mpath[0m=[35m/api/v1/challenges/5aca38ee-8029-495c-84ce-1dfb51bbf54d[0m [36mreq[0m=[35m1e88b73d[0m [36mrequest_id[0m=[35m1e88b73d-0d5c-4cfe-bd47-5530d39dc975[0m [36mstatus[0m=[35m200[0m
[2m12:24:55[0m [[32m[1minfo     [0m] [1mGetting challenge status: id=5aca38ee-8029-495c-84ce-1dfb51bbf54d[0m [36mreq[0m=[35m6d0ea4fb[0m
[2m12:24:55[0m [[32m[1minfo     [0m] [1mrequest_finished                        [0m [36mduration[0m=[35m0.01[0m [36mmethod[0m=[35mGET[0m [36mpath[0m=[35m/api/v1/challenges/5aca38ee-8029-495c-84ce-1dfb51bbf54d[0m [36mreq[0m=[35m6d0ea4fb[0m [36mrequest_id[0m=[35m6d0ea4fb-9a8d-4864-b749-5f62e9f9feca[0m [36mstatus[0m=[35m200[0m
[2m12:25:00[0m [[32m[1minfo     [0m] [1mGetting challenge status: id=5aca38ee-8029-495c-84ce-1dfb51bbf54d[0m [36mreq[0m=[35m9cc0cc83[0m
[2m12:25:00[0m [[32m[1minfo     [0m] [1mrequest_finished                        [0m [36mduration[0m=[35m0.018[0m [36mmethod[0m=[35mGET[0m [36mpath[0m=[35m/api/v1/challenges/5aca38ee-8029-495c-84ce-1dfb51bbf54d[0m [36mreq[0m=[35m9cc0cc83[0m [36mrequest_id[0m=[35m9cc0cc83-8ed2-4377-b911-fdc48d1013c5[0m [36mstatus[0m=[35m200[0m
[2m12:25:05[0m [[32m[1minfo     [0m] [1mGetting challenge status: id=5aca38ee-8029-495c-84ce-1dfb51bbf54d[0m [36mreq[0m=[35mdb756d09[0m
[2m12:25:05[0m [[32m[1minfo     [0m] [1mrequest_finished                        [0m [36mduration[0m=[35m0.004[0m [36mmethod[0m=[35mGET[0m [36mpath[0m=[35m/api/v1/challenges/5aca38ee-8029-495c-84ce-1dfb51bbf54d[0m [36mreq[0m=[35mdb756d09[0m [36mrequest_id[0m=[35mdb756d09-bb9e-4e83-a1e6-f31035e79a0e[0m [36mstatus[0m=[35m200[0m
[2m12:25:10[0m [[32m[1minfo     [0m] [1mGetting challenge status: id=5aca38ee-8029-495c-84ce-1dfb51bbf54d[0m [36mreq[0m=[35md3de61d4[0m
[2m12:25:10[0m [[32m[1minfo     [0m] [1mrequest_finished                        [0m [36mduration[0m=[35m0.006[0m [36mmethod[0m=[35mGET[0m [36mpath[0m=[35m/api/v1/challenges/5aca38ee-8029-495c-84ce-1dfb51bbf54d[0m [36mreq[0m=[35md3de61d4[0m [36mrequest_id[0m=[35md3de61d4-d564-4a58-9e2c-6e80af4e31c9[0m [36mstatus[0m=[35m200[0m
[2m12:25:15[0m [[32m[1minfo     [0m] [1mGetting challenge status: id=5aca38ee-8029-495c-84ce-1dfb51bbf54d[0m [36mreq[0m=[35m5f5d3279[0m
[2m12:25:15[0m [[32m[1minfo     [0m] [1mrequest_finished                        [0m [36mduration[0m=[35m0.006[0m [36mmethod[0m=[35mGET[0m [36mpath[0m=[35m/api/v1/challenges/5aca38ee-8029-495c-84ce-1dfb51bbf54d[0m [36mreq[0m=[35m5f5d3279[0m [36mrequest_id[0m=[35m5f5d3279-04f9-4fb9-8a60-616b400b2900[0m [36mstatus[0m=[35m200[0m
[2m12:25:20[0m [[32m[1minfo     [0m] [1mGetting challenge status: id=5aca38ee-8029-495c-84ce-1dfb51bbf54d[0m [36mreq[0m=[35m8a6a683a[0m
[2m12:25:20[0m [[32m[1minfo     [0m] [1mrequest_finished                        [0m [36mduration[0m=[35m0.005[0m [36mmethod[0m=[35mGET[0m [36mpath[0m=[35m/api/v1/challenges/5aca38ee-8029-495c-84ce-1dfb51bbf54d[0m [36mreq[0m=[35m8a6a683a[0m [36mrequest_id[0m=[35m8a6a683a-9854-4789-b947-824f407f2cb2[0m [36mstatus[0m=[35m200[0m
[2m12:25:25[0m [[32m[1minfo     [0m] [1mGetting challenge status: id=5aca38ee-8029-495c-84ce-1dfb51bbf54d[0m [36mreq[0m=[35m2ce9c8c9[0m
[2m12:25:25[0m [[32m[1minfo     [0m] [1mrequest_finished                        [0m [36mduration[0m=[35m0.006[0m [36mmethod[0m=[35mGET[0m [36mpath[0m=[35m/api/v1/challenges/5aca38ee-8029-495c-84ce-1dfb51bbf54d[0m [36mreq[0m=[35m2ce9c8c9[0m [36mrequest_id[0m=[35m2ce9c8c9-b65a-4ea0-a617-2c8ec6f929f3[0m [36mstatus[0m=[35m200[0m
[2m12:25:30[0m [[32m[1minfo     [0m] [1mGetting challenge status: id=5aca38ee-8029-495c-84ce-1dfb51bbf54d[0m [36mreq[0m=[35m6c519f59[0m
[2m12:25:30[0m [[32m[1minfo     [0m] [1mrequest_finished                        [0m [36mduration[0m=[35m0.018[0m [36mmethod[0m=[35mGET[0m [36mpath[0m=[35m/api/v1/challenges/5aca38ee-8029-495c-84ce-1dfb51bbf54d[0m [36mreq[0m=[35m6c519f59[0m [36mrequest_id[0m=[35m6c519f59-2203-43d3-843b-c0547f5320fc[0m [36mstatus[0m=[35m200[0m
[2m12:25:35[0m [[32m[1minfo     [0m] [1mGetting challenge status: id=5aca38ee-8029-495c-84ce-1dfb51bbf54d[0m [36mreq[0m=[35m9501dd60[0m
[2m12:25:35[0m [[32m[1minfo     [0m] [1mrequest_finished                        [0m [36mduration[0m=[35m0.005[0m [36mmethod[0m=[35mGET[0m [36mpath[0m=[35m/api/v1/challenges/5aca38ee-8029-495c-84ce-1dfb51bbf54d[0m [36mreq[0m=[35m9501dd60[0m [36mrequest_id[0m=[35m9501dd60-9fb8-404e-be64-f97f7b79155f[0m [36mstatus[0m=[35m200[0m
[2m12:25:40[0m [[32m[1minfo     [0m] [1mGetting challenge status: id=5aca38ee-8029-495c-84ce-1dfb51bbf54d[0m [36mreq[0m=[35m321396a7[0m
[2m12:25:40[0m [[32m[1minfo     [0m] [1mrequest_finished                        [0m [36mduration[0m=[35m0.004[0m [36mmethod[0m=[35mGET[0m [36mpath[0m=[35m/api/v1/challenges/5aca38ee-8029-495c-84ce-1dfb51bbf54d[0m [36mreq[0m=[35m321396a7[0m [36mrequest_id[0m=[35m321396a7-34e0-47ed-9802-81373df99cce[0m [36mstatus[0m=[35m200[0m
[2m12:25:45[0m [[32m[1minfo     [0m] [1mGetting challenge status: id=5aca38ee-8029-495c-84ce-1dfb51bbf54d[0m [36mreq[0m=[35m0a198abb[0m
[2m12:25:45[0m [[32m[1minfo     [0m] [1mrequest_finished                        [0m [36mduration[0m=[35m0.005[0m [36mmethod[0m=[35mGET[0m [36mpath[0m=[35m/api/v1/challenges/5aca38ee-8029-495c-84ce-1dfb51bbf54d[0m [36mreq[0m=[35m0a198abb[0m [36mrequest_id[0m=[35m0a198abb-5869-4405-b79d-c6bfb0f79746[0m [36mstatus[0m=[35m200[0m
[2m12:25:50[0m [[32m[1minfo     [0m] [1mGetting challenge status: id=5aca38ee-8029-495c-84ce-1dfb51bbf54d[0m [36mreq[0m=[35mfa002215[0m
[2m12:25:50[0m [[32m[1minfo     [0m] [1mrequest_finished                        [0m [36mduration[0m=[35m0.007[0m [36mmethod[0m=[35mGET[0m [36mpath[0m=[35m/api/v1/challenges/5aca38ee-8029-495c-84ce-1dfb51bbf54d[0m [36mreq[0m=[35mfa002215[0m [36mrequest_id[0m=[35mfa002215-6932-4865-82c8-88d05678cce3[0m [36mstatus[0m=[35m200[0m
[2m12:25:55[0m [[32m[1minfo     [0m] [1mGetting challenge status: id=5aca38ee-8029-495c-84ce-1dfb51bbf54d[0m [36mreq[0m=[35m72c26a98[0m
[2m12:25:55[0m [[32m[1minfo     [0m] [1mrequest_finished                        [0m [36mduration[0m=[35m0.008[0m [36mmethod[0m=[35mGET[0m [36mpath[0m=[35m/api/v1/challenges/5aca38ee-8029-495c-84ce-1dfb51bbf54d[0m [36mreq[0m=[35m72c26a98[0m [36mrequest_id[0m=[35m72c26a98-c195-48ad-b513-ad6435e5108a[0m [36mstatus[0m=[35m200[0m
[2m12:26:00[0m [[32m[1minfo     [0m] [1mGetting challenge status: id=5aca38ee-8029-495c-84ce-1dfb51bbf54d[0m [36mreq[0m=[35m451e2f7c[0m
[2m12:26:00[0m [[32m[1minfo     [0m] [1mrequest_finished                        [0m [36mduration[0m=[35m0.012[0m [36mmethod[0m=[35mGET[0m [36mpath[0m=[35m/api/v1/challenges/5aca38ee-8029-495c-84ce-1dfb51bbf54d[0m [36mreq[0m=[35m451e2f7c[0m [36mrequest_id[0m=[35m451e2f7c-4925-4f37-9707-8495158f9436[0m [36mstatus[0m=[35m200[0m
[2m12:26:05[0m [[32m[1minfo     [0m] [1mGetting challenge status: id=5aca38ee-8029-495c-84ce-1dfb51bbf54d[0m [36mreq[0m=[35m1dd14905[0m
[2m12:26:05[0m [[32m[1minfo     [0m] [1mrequest_finished                        [0m [36mduration[0m=[35m0.006[0m [36mmethod[0m=[35mGET[0m [36mpath[0m=[35m/api/v1/challenges/5aca38ee-8029-495c-84ce-1dfb51bbf54d[0m [36mreq[0m=[35m1dd14905[0m [36mrequest_id[0m=[35m1dd14905-d678-4cd5-8fa9-1fca16f22042[0m [36mstatus[0m=[35m200[0m
[2m12:26:10[0m [[32m[1minfo     [0m] [1mGetting challenge status: id=5aca38ee-8029-495c-84ce-1dfb51bbf54d[0m [36mreq[0m=[35m7afe0e55[0m
[2m12:26:10[0m [[32m[1minfo     [0m] [1mrequest_finished                        [0m [36mduration[0m=[35m0.007[0m [36mmethod[0m=[35mGET[0m [36mpath[0m=[35m/api/v1/challenges/5aca38ee-8029-495c-84ce-1dfb51bbf54d[0m [36mreq[0m=[35m7afe0e55[0m [36mrequest_id[0m=[35m7afe0e55-3e37-42d1-893e-520abba81296[0m [36mstatus[0m=[35m200[0m
[2m12:26:15[0m [[32m[1minfo     [0m] [1mGetting challenge status: id=5aca38ee-8029-495c-84ce-1dfb51bbf54d[0m [36mreq[0m=[35m5555d2ad[0m
[2m12:26:15[0m [[32m[1minfo     [0m] [1mrequest_finished                        [0m [36mduration[0m=[35m0.006[0m [36mmethod[0m=[35mGET[0m [36mpath[0m=[35m/api/v1/challenges/5aca38ee-8029-495c-84ce-1dfb51bbf54d[0m [36mreq[0m=[35m5555d2ad[0m [36mrequest_id[0m=[35m5555d2ad-08a0-43e3-b426-ae63b44f75ce[0m [36mstatus[0m=[35m200[0m
[2m12:26:20[0m [[32m[1minfo     [0m] [1mGetting challenge status: id=5aca38ee-8029-495c-84ce-1dfb51bbf54d[0m [36mreq[0m=[35m8bf8e8a4[0m
[2m12:26:20[0m [[32m[1minfo     [0m] [1mrequest_finished                        [0m [36mduration[0m=[35m0.004[0m [36mmethod[0m=[35mGET[0m [36mpath[0m=[35m/api/v1/challenges/5aca38ee-8029-495c-84ce-1dfb51bbf54d[0m [36mreq[0m=[35m8bf8e8a4[0m [36mrequest_id[0m=[35m8bf8e8a4-d910-4212-bb11-f35b38f47c7d[0m [36mstatus[0m=[35m200[0m
[2m12:26:25[0m [[32m[1minfo     [0m] [1mGetting challenge status: id=5aca38ee-8029-495c-84ce-1dfb51bbf54d[0m [36mreq[0m=[35mcf12810e[0m
[2m12:26:25[0m [[32m[1minfo     [0m] [1mrequest_finished                        [0m [36mduration[0m=[35m0.008[0m [36mmethod[0m=[35mGET[0m [36mpath[0m=[35m/api/v1/challenges/5aca38ee-8029-495c-84ce-1dfb51bbf54d[0m [36mreq[0m=[35mcf12810e[0m [36mrequest_id[0m=[35mcf12810e-e1c6-44d7-ad11-0665e263fd98[0m [36mstatus[0m=[35m200[0m
[2m12:26:30[0m [[32m[1minfo     [0m] [1mGetting challenge status: id=5aca38ee-8029-495c-84ce-1dfb51bbf54d[0m [36mreq[0m=[35m8663d662[0m
[2m12:26:30[0m [[32m[1minfo     [0m] [1mrequest_finished                        [0m [36mduration[0m=[35m0.013[0m [36mmethod[0m=[35mGET[0m [36mpath[0m=[35m/api/v1/challenges/5aca38ee-8029-495c-84ce-1dfb51bbf54d[0m [36mreq[0m=[35m8663d662[0m [36mrequest_id[0m=[35m8663d662-afe5-43e2-93f0-9768b77c04d3[0m [36mstatus[0m=[35m200[0m
[2m12:26:35[0m [[32m[1minfo     [0m] [1mGetting challenge status: id=5aca38ee-8029-495c-84ce-1dfb51bbf54d[0m [36mreq[0m=[35mf9d8409c[0m
[2m12:26:35[0m [[32m[1minfo     [0m] [1mrequest_finished                        [0m [36mduration[0m=[35m0.01[0m [36mmethod[0m=[35mGET[0m [36mpath[0m=[35m/api/v1/challenges/5aca38ee-8029-495c-84ce-1dfb51bbf54d[0m [36mreq[0m=[35mf9d8409c[0m [36mrequest_id[0m=[35mf9d8409c-1cab-4fcd-b864-7dbd2c83a249[0m [36mstatus[0m=[35m200[0m
[2m12:26:40[0m [[32m[1minfo     [0m] [1mGetting challenge status: id=5aca38ee-8029-495c-84ce-1dfb51bbf54d[0m [36mreq[0m=[35mcede0a7e[0m
[2m12:26:40[0m [[32m[1minfo     [0m] [1mrequest_finished                        [0m [36mduration[0m=[35m0.005[0m [36mmethod[0m=[35mGET[0m [36mpath[0m=[35m/api/v1/challenges/5aca38ee-8029-495c-84ce-1dfb51bbf54d[0m [36mreq[0m=[35mcede0a7e[0m [36mrequest_id[0m=[35mcede0a7e-d5a5-489e-976b-efa60bfac554[0m [36mstatus[0m=[35m200[0m
[2m12:26:45[0m [[32m[1minfo     [0m] [1mGetting challenge status: id=5aca38ee-8029-495c-84ce-1dfb51bbf54d[0m [36mreq[0m=[35ma558bf58[0m
[2m12:26:45[0m [[32m[1minfo     [0m] [1mrequest_finished                        [0m [36mduration[0m=[35m0.003[0m [36mmethod[0m=[35mGET[0m [36mpath[0m=[35m/api/v1/challenges/5aca38ee-8029-495c-84ce-1dfb51bbf54d[0m [36mreq[0m=[35ma558bf58[0m [36mrequest_id[0m=[35ma558bf58-a6d7-4be3-af2a-c3c534777624[0m [36mstatus[0m=[35m200[0m
[2m12:26:50[0m [[32m[1minfo     [0m] [1mGetting challenge status: id=5aca38ee-8029-495c-84ce-1dfb51bbf54d[0m [36mreq[0m=[35mc901269e[0m
[2m12:26:50[0m [[32m[1minfo     [0m] [1mrequest_finished                        [0m [36mduration[0m=[35m0.006[0m [36mmethod[0m=[35mGET[0m [36mpath[0m=[35m/api/v1/challenges/5aca38ee-8029-495c-84ce-1dfb51bbf54d[0m [36mreq[0m=[35mc901269e[0m [36mrequest_id[0m=[35mc901269e-d31e-424f-9f4b-ac3df9733dcc[0m [36mstatus[0m=[35m200[0m
[2m12:26:55[0m [[32m[1minfo     [0m] [1mGetting challenge status: id=5aca38ee-8029-495c-84ce-1dfb51bbf54d[0m [36mreq[0m=[35mbbec1744[0m
[2m12:26:55[0m [[32m[1minfo     [0m] [1mrequest_finished                        [0m [36mduration[0m=[35m0.009[0m [36mmethod[0m=[35mGET[0m [36mpath[0m=[35m/api/v1/challenges/5aca38ee-8029-495c-84ce-1dfb51bbf54d[0m [36mreq[0m=[35mbbec1744[0m [36mrequest_id[0m=[35mbbec1744-35d0-472d-a593-b4dd4e9c93e9[0m [36mstatus[0m=[35m200[0m
[2m12:27:00[0m [[32m[1minfo     [0m] [1mGetting challenge status: id=5aca38ee-8029-495c-84ce-1dfb51bbf54d[0m [36mreq[0m=[35m0bca9d9e[0m
[2m12:27:00[0m [[32m[1minfo     [0m] [1mrequest_finished                        [0m [36mduration[0m=[35m0.017[0m [36mmethod[0m=[35mGET[0m [36mpath[0m=[35m/api/v1/challenges/5aca38ee-8029-495c-84ce-1dfb51bbf54d[0m [36mreq[0m=[35m0bca9d9e[0m [36mrequest_id[0m=[35m0bca9d9e-eba3-4307-a141-18e20b2b46bd[0m [36mstatus[0m=[35m200[0m
[2m12:27:05[0m [[32m[1minfo     [0m] [1mGetting challenge status: id=5aca38ee-8029-495c-84ce-1dfb51bbf54d[0m [36mreq[0m=[35m2a08dca9[0m
[2m12:27:05[0m [[32m[1minfo     [0m] [1mrequest_finished                        [0m [36mduration[0m=[35m0.004[0m [36mmethod[0m=[35mGET[0m [36mpath[0m=[35m/api/v1/challenges/5aca38ee-8029-495c-84ce-1dfb51bbf54d[0m [36mreq[0m=[35m2a08dca9[0m [36mrequest_id[0m=[35m2a08dca9-dcab-44a3-a42d-7ef84d8c9007[0m [36mstatus[0m=[35m200[0m
[2m12:27:05[0m [[32m[1minfo     [0m] [1mSandbox execution complete: success=True, time=240920ms, cached=False[0m [36mreq[0m=[35me94a5c3b[0m
[2m12:27:10[0m [[32m[1minfo     [0m] [1mGetting challenge status: id=5aca38ee-8029-495c-84ce-1dfb51bbf54d[0m [36mreq[0m=[35m89b316a0[0m
[2m12:27:10[0m [[32m[1minfo     [0m] [1mrequest_finished                        [0m [36mduration[0m=[35m0.01[0m [36mmethod[0m=[35mGET[0m [36mpath[0m=[35m/api/v1/challenges/5aca38ee-8029-495c-84ce-1dfb51bbf54d[0m [36mreq[0m=[35m89b316a0[0m [36mrequest_id[0m=[35m89b316a0-ac20-40ab-aab5-eee2e989c90c[0m [36mstatus[0m=[35m200[0m
[2m12:27:11[0m [[32m[1minfo     [0m] [1mTranskription erfolgreich: 1186 Zeichen [0m [36mreq[0m=[35me94a5c3b[0m
[2m12:27:11[0m [[32m[1minfo     [0m] [1mLoading topology from database...       [0m [36mreq[0m=[35me94a5c3b[0m
[2m12:27:11[0m [[32m[1minfo     [0m] [1mMapped 13 skill entries to 13 capabilities[0m [36mreq[0m=[35me94a5c3b[0m
[2m12:27:11[0m [[32m[1minfo     [0m] [1mTopology validated: 11 agents in 5 waves[0m [36mreq[0m=[35me94a5c3b[0m
[2m12:27:11[0m [[32m[1minfo     [0m] [1mLoaded 13 skills for topology           [0m [36mreq[0m=[35me94a5c3b[0m
[2m12:27:11[0m [[32m[1minfo     [0m] [1mTopology loaded: 11 agents, 5 waves     [0m [36mreq[0m=[35me94a5c3b[0m
[2m12:27:11[0m [[32m[1minfo     [0m] [1mShared memory initialized with Qdrant   [0m [36mreq[0m=[35me94a5c3b[0m
[2m12:27:11[0m [[32m[1minfo     [0m] [1mHybridOrchestrator initialized          [0m [36mreq[0m=[35me94a5c3b[0m
[2m12:27:11[0m [[32m[1minfo     [0m] [1mStarting execution: 9ace95b5-0412-4b41-bd37-1f043f5a9310[0m [36mreq[0m=[35me94a5c3b[0m
[2m12:27:11[0m [[32m[1minfo     [0m] [1mLoading topology from database...       [0m [36mreq[0m=[35me94a5c3b[0m
[2m12:27:11[0m [[32m[1minfo     [0m] [1mMapped 13 skill entries to 13 capabilities[0m [36mreq[0m=[35me94a5c3b[0m
[2m12:27:11[0m [[32m[1minfo     [0m] [1mTopology validated: 11 agents in 5 waves[0m [36mreq[0m=[35me94a5c3b[0m
[2m12:27:11[0m [[32m[1minfo     [0m] [1mLoaded 13 skills for topology           [0m [36mreq[0m=[35me94a5c3b[0m
[2m12:27:11[0m [[32m[1minfo     [0m] [1mTopology loaded: 11 agents, 5 waves     [0m [36mreq[0m=[35me94a5c3b[0m
[2m12:27:11[0m [[32m[1minfo     [0m] [1mDocker client connected successfully    [0m [36mreq[0m=[35me94a5c3b[0m
[2m12:27:11[0m [[32m[1minfo     [0m] [1mCreated DynamicSandbox executor (Docker-based, unrestricted)[0m [36mreq[0m=[35me94a5c3b[0m
[2m12:27:11[0m [[33m[1mwarning  [0m] [1mCould not create intervention orchestrator for self-healing: create_intervention_orchestrator() got an unexpected keyword argument 'db'[0m [36mreq[0m=[35me94a5c3b[0m
[2m12:27:11[0m [[32m[1minfo     [0m] [1mExecuting wave 1/5: ['05bebe15-b46f-4b91-96e3-a50f6cf9e68d', '90c17f3b-7f91-4174-b3ac-b59a51feb378', '65ad3c5c-f66c-49a0-a7cd-4b9ebc6142b9', '073d766c-ed4f-4519-8e36-8c9631e97c67'][0m [36mreq[0m=[35me94a5c3b[0m
[2m12:27:11[0m [[32m[1minfo     [0m] [1mExecuting agent: transcript_analyzer (05bebe15-b46f-4b91-96e3-a50f6cf9e68d)[0m [36mreq[0m=[35me94a5c3b[0m
[2m12:27:11[0m [[32m[1minfo     [0m] [1mExecuting agent: product_owner (90c17f3b-7f91-4174-b3ac-b59a51feb378)[0m [36mreq[0m=[35me94a5c3b[0m
[2m12:27:11[0m [[33m[1mwarning  [0m] [1mAgent product_owner expected artifacts ['analysis_findings'] but none found in pool[0m [36mreq[0m=[35me94a5c3b[0m
[2m12:27:11[0m [[32m[1minfo     [0m] [1mExecuting agent: quality_judge (65ad3c5c-f66c-49a0-a7cd-4b9ebc6142b9)[0m [36mreq[0m=[35me94a5c3b[0m
[2m12:27:11[0m [[33m[1mwarning  [0m] [1mAgent quality_judge expected artifacts ['ab_test_samples'] but none found in pool[0m [36mreq[0m=[35me94a5c3b[0m
[2m12:27:11[0m [[32m[1minfo     [0m] [1mExecuting agent: execution_analyzer (073d766c-ed4f-4519-8e36-8c9631e97c67)[0m [36mreq[0m=[35me94a5c3b[0m
[2m12:27:11[0m [[33m[1mwarning  [0m] [1mAgent execution_analyzer expected artifacts ['execution_telemetry'] but none found in pool[0m [36mreq[0m=[35me94a5c3b[0m
[2m12:27:12[0m [[32m[1minfo     [0m] [1mshared_memory_metrics agent=transcript_analyzer facts_kept=5 facts_total=8 hypotheses=0 relations=0 approx_tokens=2389 query_chars=3075[0m [36mreq[0m=[35me94a5c3b[0m
[2m12:27:12[0m [[32m[1minfo     [0m] [1mAgent execution_analyzer returned final answer after 0 tool calls[0m [36mreq[0m=[35me94a5c3b[0m
[2m12:27:13[0m [[32m[1minfo     [0m] [1mAgent quality_judge returned final answer after 0 tool calls[0m [36mreq[0m=[35me94a5c3b[0m
[2m12:27:13[0m [[32m[1minfo     [0m] [1mAgent product_owner returned final answer after 0 tool calls[0m [36mreq[0m=[35me94a5c3b[0m
[2m12:27:13[0m [[32m[1minfo     [0m] [1mAgent quality_judge completed           [0m [36mreq[0m=[35me94a5c3b[0m
[2m12:27:13[0m [[32m[1minfo     [0m] [1mAgent execution_analyzer completed      [0m [36mreq[0m=[35me94a5c3b[0m
[2m12:27:13[0m [[32m[1minfo     [0m] [1mAgent product_owner completed           [0m [36mreq[0m=[35me94a5c3b[0m
[2m12:27:15[0m [[32m[1minfo     [0m] [1mGetting challenge status: id=5aca38ee-8029-495c-84ce-1dfb51bbf54d[0m [36mreq[0m=[35m3a4572eb[0m
[2m12:27:15[0m [[32m[1minfo     [0m] [1mrequest_finished                        [0m [36mduration[0m=[35m0.017[0m [36mmethod[0m=[35mGET[0m [36mpath[0m=[35m/api/v1/challenges/5aca38ee-8029-495c-84ce-1dfb51bbf54d[0m [36mreq[0m=[35m3a4572eb[0m [36mrequest_id[0m=[35m3a4572eb-e7f8-44e1-809e-6c435681558f[0m [36mstatus[0m=[35m200[0m
[2m12:27:18[0m [[32m[1minfo     [0m] [1mAgent transcript_analyzer returned final answer after 0 tool calls[0m [36mreq[0m=[35me94a5c3b[0m
[2m12:27:18[0m [[32m[1minfo     [0m] [1mAgent transcript_analyzer completed     [0m [36mreq[0m=[35me94a5c3b[0m
[2m12:27:18[0m [[32m[1minfo     [0m] [1mWave 1 agent 'transcript_analyzer' completed: success=True, skipped=False, result_len=1890[0m [36mreq[0m=[35me94a5c3b[0m
[2m12:27:18[0m [[32m[1minfo     [0m] [1mWave 1 agent 'product_owner' completed: success=True, skipped=False, result_len=265[0m [36mreq[0m=[35me94a5c3b[0m
[2m12:27:18[0m [[32m[1minfo     [0m] [1mWave 1 agent 'quality_judge' completed: success=True, skipped=False, result_len=180[0m [36mreq[0m=[35me94a5c3b[0m
[2m12:27:18[0m [[32m[1minfo     [0m] [1mWave 1 agent 'execution_analyzer' completed: success=True, skipped=False, result_len=185[0m [36mreq[0m=[35me94a5c3b[0m
[2m12:27:18[0m [[32m[1minfo     [0m] [1mExecuting wave 2/5: ['49898ec1-10da-4a11-8457-1358d844c805', '07f8b963-9d7c-4232-ba20-52aa8d850e1d'][0m [36mreq[0m=[35me94a5c3b[0m
[2m12:27:18[0m [[32m[1minfo     [0m] [1mExecuting agent: context_retriever (49898ec1-10da-4a11-8457-1358d844c805)[0m [36mreq[0m=[35me94a5c3b[0m
[2m12:27:18[0m [[32m[1minfo     [0m] [1mExecuting agent: control_agent (07f8b963-9d7c-4232-ba20-52aa8d850e1d)[0m [36mreq[0m=[35me94a5c3b[0m
[2m12:27:19[0m [[32m[1minfo     [0m] [1mAgent control_agent returned final answer after 0 tool calls[0m [36mreq[0m=[35me94a5c3b[0m
[2m12:27:19[0m [[32m[1minfo     [0m] [1mAgent control_agent completed           [0m [36mreq[0m=[35me94a5c3b[0m
[2m12:27:19[0m [[32m[1minfo     [0m] [1mTool call 1/5: skill_connect_to_postgresql_database[0m [36mreq[0m=[35me94a5c3b[0m
[2m12:27:19[0m [[32m[1minfo     [0m] [1mStarting sandbox execution: pip=['psycopg2-binary>=2.9.0', 'psycopg2-binary'], apt=[], input_files=[][0m [36mreq[0m=[35me94a5c3b[0m
[2m12:27:19[0m [[32m[1minfo     [0m] [1mFound cached image: lumari-sandbox:custom-b45b88ad (usage=14)[0m [36mreq[0m=[35me94a5c3b[0m
[2m12:27:19[0m [[32m[1minfo     [0m] [1mUsing cached image: lumari-sandbox:custom-b45b88ad[0m [36mreq[0m=[35me94a5c3b[0m
[2m12:27:20[0m [[32m[1minfo     [0m] [1mSandbox execution complete: success=True, time=351ms, cached=True[0m [36mreq[0m=[35me94a5c3b[0m
[2m12:27:20[0m [[32m[1minfo     [0m] [1mGetting challenge status: id=5aca38ee-8029-495c-84ce-1dfb51bbf54d[0m [36mreq[0m=[35m4d26fc0c[0m
[2m12:27:20[0m [[32m[1minfo     [0m] [1mrequest_finished                        [0m [36mduration[0m=[35m0.011[0m [36mmethod[0m=[35mGET[0m [36mpath[0m=[35m/api/v1/challenges/5aca38ee-8029-495c-84ce-1dfb51bbf54d[0m [36mreq[0m=[35m4d26fc0c[0m [36mrequest_id[0m=[35m4d26fc0c-da5f-42fe-8dda-84c74186d183[0m [36mstatus[0m=[35m200[0m
[2m12:27:25[0m [[32m[1minfo     [0m] [1mGetting challenge status: id=5aca38ee-8029-495c-84ce-1dfb51bbf54d[0m [36mreq[0m=[35mff86eddb[0m
[2m12:27:25[0m [[32m[1minfo     [0m] [1mrequest_finished                        [0m [36mduration[0m=[35m0.005[0m [36mmethod[0m=[35mGET[0m [36mpath[0m=[35m/api/v1/challenges/5aca38ee-8029-495c-84ce-1dfb51bbf54d[0m [36mreq[0m=[35mff86eddb[0m [36mrequest_id[0m=[35mff86eddb-3a65-453a-a5e0-aabba1c0c535[0m [36mstatus[0m=[35m200[0m
[2m12:27:27[0m [[32m[1minfo     [0m] [1mAgent context_retriever returned final answer after 1 tool calls[0m [36mreq[0m=[35me94a5c3b[0m
[2m12:27:28[0m [[32m[1minfo     [0m] [1mAgent context_retriever completed       [0m [36mreq[0m=[35me94a5c3b[0m
[2m12:27:28[0m [[32m[1minfo     [0m] [1mWave 2 agent 'context_retriever' completed: success=True, skipped=False, result_len=1365[0m [36mreq[0m=[35me94a5c3b[0m
[2m12:27:28[0m [[32m[1minfo     [0m] [1mWave 2 agent 'control_agent' completed: success=True, skipped=False, result_len=152[0m [36mreq[0m=[35me94a5c3b[0m
[2m12:27:28[0m [[32m[1minfo     [0m] [1mExecuting wave 3/5: ['f54aabd1-ca21-4768-b12e-ccf5ca95d0da', 'a676e764-25ce-41cf-95d1-b838c8e6804d', 'd01ede79-d82b-465b-ae42-d1a7a2ec4188'][0m [36mreq[0m=[35me94a5c3b[0m
[2m12:27:28[0m [[32m[1minfo     [0m] [1mExecuting agent: report_generator (f54aabd1-ca21-4768-b12e-ccf5ca95d0da)[0m [36mreq[0m=[35me94a5c3b[0m
[2m12:27:28[0m [[32m[1minfo     [0m] [1mExecuting agent: prompt_engineer (a676e764-25ce-41cf-95d1-b838c8e6804d)[0m [36mreq[0m=[35me94a5c3b[0m
[2m12:27:28[0m [[32m[1minfo     [0m] [1mExecuting agent: tool_builder (d01ede79-d82b-465b-ae42-d1a7a2ec4188)[0m [36mreq[0m=[35me94a5c3b[0m
[2m12:27:30[0m [[32m[1minfo     [0m] [1mAgent prompt_engineer returned final answer after 0 tool calls[0m [36mreq[0m=[35me94a5c3b[0m
[2m12:27:30[0m [[32m[1minfo     [0m] [1mGetting challenge status: id=5aca38ee-8029-495c-84ce-1dfb51bbf54d[0m [36mreq[0m=[35m5bb19d50[0m
[2m12:27:30[0m [[32m[1minfo     [0m] [1mrequest_finished                        [0m [36mduration[0m=[35m0.005[0m [36mmethod[0m=[35mGET[0m [36mpath[0m=[35m/api/v1/challenges/5aca38ee-8029-495c-84ce-1dfb51bbf54d[0m [36mreq[0m=[35m5bb19d50[0m [36mrequest_id[0m=[35m5bb19d50-bd44-427b-a369-b65b92aaaefc[0m [36mstatus[0m=[35m200[0m
[2m12:27:30[0m [[32m[1minfo     [0m] [1mAgent prompt_engineer completed         [0m [36mreq[0m=[35me94a5c3b[0m
[2m12:27:31[0m [[32m[1minfo     [0m] [1mAgent report_generator returned final answer after 0 tool calls[0m [36mreq[0m=[35me94a5c3b[0m
[2m12:27:32[0m [[32m[1minfo     [0m] [1mAgent report_generator completed        [0m [36mreq[0m=[35me94a5c3b[0m
[2m12:27:32[0m [[32m[1minfo     [0m] [1mAgent tool_builder returned final answer after 0 tool calls[0m [36mreq[0m=[35me94a5c3b[0m
[2m12:27:32[0m [[32m[1minfo     [0m] [1mAgent tool_builder completed            [0m [36mreq[0m=[35me94a5c3b[0m
[2m12:27:32[0m [[32m[1minfo     [0m] [1mWave 3 agent 'report_generator' completed: success=True, skipped=False, result_len=2087[0m [36mreq[0m=[35me94a5c3b[0m
[2m12:27:32[0m [[32m[1minfo     [0m] [1mWave 3 agent 'prompt_engineer' completed: success=True, skipped=False, result_len=1905[0m [36mreq[0m=[35me94a5c3b[0m
[2m12:27:32[0m [[32m[1minfo     [0m] [1mWave 3 agent 'tool_builder' completed: success=True, skipped=False, result_len=259[0m [36mreq[0m=[35me94a5c3b[0m
[2m12:27:32[0m [[32m[1minfo     [0m] [1mExecuting wave 4/5: ['85860279-90e3-4984-b25d-af840d3dca9b'][0m [36mreq[0m=[35me94a5c3b[0m
[2m12:27:32[0m [[32m[1minfo     [0m] [1mExecuting agent: quality_validator (85860279-90e3-4984-b25d-af840d3dca9b)[0m [36mreq[0m=[35me94a5c3b[0m
[2m12:27:33[0m [[32m[1minfo     [0m] [1mAgent quality_validator returned final answer after 0 tool calls[0m [36mreq[0m=[35me94a5c3b[0m
[2m12:27:34[0m [[32m[1minfo     [0m] [1mAgent quality_validator completed       [0m [36mreq[0m=[35me94a5c3b[0m
[2m12:27:34[0m [[32m[1minfo     [0m] [1mWave 4 agent 'quality_validator' completed: success=True, skipped=False, result_len=428[0m [36mreq[0m=[35me94a5c3b[0m
[2m12:27:34[0m [[32m[1minfo     [0m] [1mExecuting wave 5/5: ['bbd241f8-1df0-49f4-950a-dc61efa2c950'][0m [36mreq[0m=[35me94a5c3b[0m
[2m12:27:34[0m [[32m[1minfo     [0m] [1mExecuting agent: report_finalizer (bbd241f8-1df0-49f4-950a-dc61efa2c950)[0m [36mreq[0m=[35me94a5c3b[0m
[2m12:27:35[0m [[32m[1minfo     [0m] [1mGetting challenge status: id=5aca38ee-8029-495c-84ce-1dfb51bbf54d[0m [36mreq[0m=[35mdc457a4a[0m
[2m12:27:35[0m [[32m[1minfo     [0m] [1mrequest_finished                        [0m [36mduration[0m=[35m0.008[0m [36mmethod[0m=[35mGET[0m [36mpath[0m=[35m/api/v1/challenges/5aca38ee-8029-495c-84ce-1dfb51bbf54d[0m [36mreq[0m=[35mdc457a4a[0m [36mrequest_id[0m=[35mdc457a4a-ac98-4a39-a5bd-c987f4c8dfc9[0m [36mstatus[0m=[35m200[0m
[2m12:27:36[0m [[32m[1minfo     [0m] [1mAgent report_finalizer returned final answer after 0 tool calls[0m [36mreq[0m=[35me94a5c3b[0m
[2m12:27:37[0m [[32m[1minfo     [0m] [1mAgent report_finalizer completed        [0m [36mreq[0m=[35me94a5c3b[0m
[2m12:27:37[0m [[32m[1minfo     [0m] [1mWave 5 agent 'report_finalizer' completed: success=True, skipped=False, result_len=2104[0m [36mreq[0m=[35me94a5c3b[0m
[2m12:27:37[0m [[32m[1minfo     [0m] [1mArtifact pool cleared: 11 artifacts discarded[0m [36mreq[0m=[35me94a5c3b[0m
[2m12:27:37[0m [[32m[1minfo     [0m] [1mPersisted 1 facts to shared memory for execution 9ace95b5-0412-4b41-bd37-1f043f5a9310[0m [36mreq[0m=[35me94a5c3b[0m
[2m12:27:37[0m [[32m[1minfo     [0m] [1mStarting telemetry for agent=05bebe15..., execution=9ace95b5...[0m [36mreq[0m=[35me94a5c3b[0m
[2m12:27:37[0m [[33m[1mwarning  [0m] [1mTelemetrie-Bridge fehlgeschlagen: 1 validation error for ExecutionTelemetryCreate
outcome
  Input should be 'success', 'error', 'timeout' or 'cancelled' [type=literal_error, input_value='running', input_type=str]
    For further information visit https://errors.pydantic.dev/2.11/v/literal_error[0m [36mreq[0m=[35me94a5c3b[0m
[2m12:27:37[0m [[32m[1minfo     [0m] [1mConfigured epicbox profile: image=lumari-sandbox:latest, limits={'cputime': 5, 'realtime': 10, 'memory': 128, 'processes': 1}[0m [36mreq[0m=[35me94a5c3b[0m
[2m12:27:37[0m [[32m[1minfo     [0m] [1mStarting analysis pipeline for execution_id=9ace95b5...[0m [36mreq[0m=[35me94a5c3b[0m
[2m12:27:37[0m [[32m[1minfo     [0m] [1mExecution completed: challenge_id=5aca38ee-8029-495c-84ce-1dfb51bbf54d, success=True[0m [36mreq[0m=[35me94a5c3b[0m
[2m12:27:37[0m [[33m[1mwarning  [0m] [1mNo telemetry found for execution 9ace95b5-0412-4b41-bd37-1f043f5a9310[0m [36mreq[0m=[35me94a5c3b[0m
[2m12:27:40[0m [[32m[1minfo     [0m] [1mGetting challenge status: id=5aca38ee-8029-495c-84ce-1dfb51bbf54d[0m [36mreq[0m=[35mdefb95f7[0m
[2m12:27:40[0m [[32m[1minfo     [0m] [1mrequest_finished                        [0m [36mduration[0m=[35m0.013[0m [36mmethod[0m=[35mGET[0m [36mpath[0m=[35m/api/v1/challenges/5aca38ee-8029-495c-84ce-1dfb51bbf54d[0m [36mreq[0m=[35mdefb95f7[0m [36mrequest_id[0m=[35mdefb95f7-2da1-4a0e-8990-56e09506a45a[0m [36mstatus[0m=[35m200[0m
[2m12:27:40[0m [[32m[1minfo     [0m] [1mGetting challenge results: id=5aca38ee-8029-495c-84ce-1dfb51bbf54d[0m [36mreq[0m=[35m2b094a72[0m
[2m12:27:40[0m [[32m[1minfo     [0m] [1mrequest_finished                        [0m [36mduration[0m=[35m0.008[0m [36mmethod[0m=[35mGET[0m [36mpath[0m=[35m/api/v1/challenges/5aca38ee-8029-495c-84ce-1dfb51bbf54d/results[0m [36mreq[0m=[35m2b094a72[0m [36mrequest_id[0m=[35m2b094a72-ff69-4c34-857f-cba3d0d639c3[0m [36mstatus[0m=[35m200[0m
[2m12:27:43[0m [[32m[1minfo     [0m] [1mFile upload: begehung_maengel_20251022.opus, size=306911, type=audio/opus[0m [36mreq[0m=[35m6f8284c7[0m
[2m12:27:43[0m [[32m[1minfo     [0m] [1mSaved binary file to: /Users/patrick/Documents/Uni/master_project/backend/app/api/v1/endpoints/../../../uploads/60074ca5-1c75-4cf1-8b65-c90ce4b97e75.opus[0m [36mreq[0m=[35m6f8284c7[0m
[2m12:27:43[0m [[32m[1minfo     [0m] [1mAudio transcription skill available: skill_audio_transcription — will transcribe in background[0m [36mreq[0m=[35m6f8284c7[0m
[2m12:27:43[0m [[32m[1minfo     [0m] [1mFile upload: begehung_maengel_20251022.opus -> challenge_id=2d9f8f66-15b6-471c-a783-8b8c8c90a5ad, gaps=0, route=execute[0m [36mreq[0m=[35m6f8284c7[0m
[2m12:27:43[0m [[32m[1minfo     [0m] [1mrequest_finished                        [0m [36mduration[0m=[35m0.033[0m [36mmethod[0m=[35mPOST[0m [36mpath[0m=[35m/api/v1/challenges/upload[0m [36mreq[0m=[35m6f8284c7[0m [36mrequest_id[0m=[35m6f8284c7-6d54-490e-a902-bbbdb8d62ddd[0m [36mstatus[0m=[35m200[0m
[2m12:27:43[0m [[32m[1minfo     [0m] [1mExecuting challenge: id=2d9f8f66-15b6-471c-a783-8b8c8c90a5ad[0m [36mreq[0m=[35m987360b7[0m
[2m12:27:43[0m [[32m[1minfo     [0m] [1mrequest_finished                        [0m [36mduration[0m=[35m0.007[0m [36mmethod[0m=[35mPOST[0m [36mpath[0m=[35m/api/v1/challenges/2d9f8f66-15b6-471c-a783-8b8c8c90a5ad/execute[0m [36mreq[0m=[35m987360b7[0m [36mrequest_id[0m=[35m987360b7-3c23-480e-96c7-b3b7e6b3c50b[0m [36mstatus[0m=[35m200[0m
[2m12:27:43[0m [[32m[1minfo     [0m] [1mStarting background execution: challenge_id=2d9f8f66-15b6-471c-a783-8b8c8c90a5ad[0m [36mreq[0m=[35m987360b7[0m
[2m12:27:43[0m [[32m[1minfo     [0m] [1mTranskribiere Audio vor Execution: /Users/patrick/Documents/Uni/master_project/backend/app/api/v1/endpoints/../../../uploads/60074ca5-1c75-4cf1-8b65-c90ce4b97e75.opus mit Skill skill_audio_transcription[0m [36mreq[0m=[35m987360b7[0m
[2m12:27:43[0m [[32m[1minfo     [0m] [1mStarting sandbox execution: pip=['openai-whisper'], apt=['ffmpeg'], input_files=['60074ca5-1c75-4cf1-8b65-c90ce4b97e75.opus'][0m [36mreq[0m=[35m987360b7[0m
[2m12:27:43[0m [[32m[1minfo     [0m] [1mDocker client connected successfully    [0m [36mreq[0m=[35m987360b7[0m
[2m12:27:43[0m [[32m[1minfo     [0m] [1mInstalling system packages: ffmpeg      [0m [36mreq[0m=[35m987360b7[0m
[2m12:27:48[0m [[32m[1minfo     [0m] [1mGetting challenge status: id=2d9f8f66-15b6-471c-a783-8b8c8c90a5ad[0m [36mreq[0m=[35m3419e008[0m
[2m12:27:48[0m [[32m[1minfo     [0m] [1mrequest_finished                        [0m [36mduration[0m=[35m0.004[0m [36mmethod[0m=[35mGET[0m [36mpath[0m=[35m/api/v1/challenges/2d9f8f66-15b6-471c-a783-8b8c8c90a5ad[0m [36mreq[0m=[35m3419e008[0m [36mrequest_id[0m=[35m3419e008-be0f-4238-b1cd-770a0e343ab2[0m [36mstatus[0m=[35m200[0m
[2m12:27:53[0m [[32m[1minfo     [0m] [1mGetting challenge status: id=2d9f8f66-15b6-471c-a783-8b8c8c90a5ad[0m [36mreq[0m=[35m684d5ee9[0m
[2m12:27:53[0m [[32m[1minfo     [0m] [1mrequest_finished                        [0m [36mduration[0m=[35m0.008[0m [36mmethod[0m=[35mGET[0m [36mpath[0m=[35m/api/v1/challenges/2d9f8f66-15b6-471c-a783-8b8c8c90a5ad[0m [36mreq[0m=[35m684d5ee9[0m [36mrequest_id[0m=[35m684d5ee9-2de0-4b8f-82a3-0a159ff48162[0m [36mstatus[0m=[35m200[0m
[2m12:27:58[0m [[32m[1minfo     [0m] [1mGetting challenge status: id=2d9f8f66-15b6-471c-a783-8b8c8c90a5ad[0m [36mreq[0m=[35ma0924a4d[0m
[2m12:27:58[0m [[32m[1minfo     [0m] [1mrequest_finished                        [0m [36mduration[0m=[35m0.011[0m [36mmethod[0m=[35mGET[0m [36mpath[0m=[35m/api/v1/challenges/2d9f8f66-15b6-471c-a783-8b8c8c90a5ad[0m [36mreq[0m=[35ma0924a4d[0m [36mrequest_id[0m=[35ma0924a4d-726c-4bf0-bea2-446a12eb13dc[0m [36mstatus[0m=[35m200[0m
[2m12:28:03[0m [[32m[1minfo     [0m] [1mGetting challenge status: id=2d9f8f66-15b6-471c-a783-8b8c8c90a5ad[0m [36mreq[0m=[35mf78ecc83[0m
[2m12:28:03[0m [[32m[1minfo     [0m] [1mrequest_finished                        [0m [36mduration[0m=[35m0.003[0m [36mmethod[0m=[35mGET[0m [36mpath[0m=[35m/api/v1/challenges/2d9f8f66-15b6-471c-a783-8b8c8c90a5ad[0m [36mreq[0m=[35mf78ecc83[0m [36mrequest_id[0m=[35mf78ecc83-7a1e-4d7f-96c0-e0f2b61fb71b[0m [36mstatus[0m=[35m200[0m
[2m12:28:08[0m [[32m[1minfo     [0m] [1mGetting challenge status: id=2d9f8f66-15b6-471c-a783-8b8c8c90a5ad[0m [36mreq[0m=[35m789d8b44[0m
[2m12:28:08[0m [[32m[1minfo     [0m] [1mrequest_finished                        [0m [36mduration[0m=[35m0.004[0m [36mmethod[0m=[35mGET[0m [36mpath[0m=[35m/api/v1/challenges/2d9f8f66-15b6-471c-a783-8b8c8c90a5ad[0m [36mreq[0m=[35m789d8b44[0m [36mrequest_id[0m=[35m789d8b44-19cb-4978-aab5-13c5b3044bd4[0m [36mstatus[0m=[35m200[0m
[2m12:28:13[0m [[32m[1minfo     [0m] [1mGetting challenge status: id=2d9f8f66-15b6-471c-a783-8b8c8c90a5ad[0m [36mreq[0m=[35m72768a6d[0m
[2m12:28:13[0m [[32m[1minfo     [0m] [1mrequest_finished                        [0m [36mduration[0m=[35m0.007[0m [36mmethod[0m=[35mGET[0m [36mpath[0m=[35m/api/v1/challenges/2d9f8f66-15b6-471c-a783-8b8c8c90a5ad[0m [36mreq[0m=[35m72768a6d[0m [36mrequest_id[0m=[35m72768a6d-5d73-414d-83bf-dbe364cc5d79[0m [36mstatus[0m=[35m200[0m
[2m12:28:18[0m [[32m[1minfo     [0m] [1mGetting challenge status: id=2d9f8f66-15b6-471c-a783-8b8c8c90a5ad[0m [36mreq[0m=[35m7de4f6c3[0m
[2m12:28:18[0m [[32m[1minfo     [0m] [1mrequest_finished                        [0m [36mduration[0m=[35m0.005[0m [36mmethod[0m=[35mGET[0m [36mpath[0m=[35m/api/v1/challenges/2d9f8f66-15b6-471c-a783-8b8c8c90a5ad[0m [36mreq[0m=[35m7de4f6c3[0m [36mrequest_id[0m=[35m7de4f6c3-c7d5-4d5b-83d6-a115b22ae48b[0m [36mstatus[0m=[35m200[0m
[2m12:28:23[0m [[32m[1minfo     [0m] [1mSystem packages installed successfully: ffmpeg[0m [36mreq[0m=[35m987360b7[0m
[2m12:28:23[0m [[32m[1minfo     [0m] [1mInstalling pip packages: "openai-whisper"[0m [36mreq[0m=[35m987360b7[0m
[2m12:28:23[0m [[32m[1minfo     [0m] [1mGetting challenge status: id=2d9f8f66-15b6-471c-a783-8b8c8c90a5ad[0m [36mreq[0m=[35ma6652de5[0m
[2m12:28:23[0m [[32m[1minfo     [0m] [1mrequest_finished                        [0m [36mduration[0m=[35m0.004[0m [36mmethod[0m=[35mGET[0m [36mpath[0m=[35m/api/v1/challenges/2d9f8f66-15b6-471c-a783-8b8c8c90a5ad[0m [36mreq[0m=[35ma6652de5[0m [36mrequest_id[0m=[35ma6652de5-7324-4f63-bf46-186d5c31e8fe[0m [36mstatus[0m=[35m200[0m
[2m12:28:28[0m [[32m[1minfo     [0m] [1mGetting challenge status: id=2d9f8f66-15b6-471c-a783-8b8c8c90a5ad[0m [36mreq[0m=[35m748dfeee[0m
[2m12:28:28[0m [[32m[1minfo     [0m] [1mrequest_finished                        [0m [36mduration[0m=[35m0.005[0m [36mmethod[0m=[35mGET[0m [36mpath[0m=[35m/api/v1/challenges/2d9f8f66-15b6-471c-a783-8b8c8c90a5ad[0m [36mreq[0m=[35m748dfeee[0m [36mrequest_id[0m=[35m748dfeee-fd70-498c-89e0-f45bb3cbb1b2[0m [36mstatus[0m=[35m200[0m
[2m12:28:33[0m [[32m[1minfo     [0m] [1mGetting challenge status: id=2d9f8f66-15b6-471c-a783-8b8c8c90a5ad[0m [36mreq[0m=[35mfde79803[0m
[2m12:28:33[0m [[32m[1minfo     [0m] [1mrequest_finished                        [0m [36mduration[0m=[35m0.01[0m [36mmethod[0m=[35mGET[0m [36mpath[0m=[35m/api/v1/challenges/2d9f8f66-15b6-471c-a783-8b8c8c90a5ad[0m [36mreq[0m=[35mfde79803[0m [36mrequest_id[0m=[35mfde79803-2de3-45f5-90b7-0cddddd721dc[0m [36mstatus[0m=[35m200[0m
[2m12:28:38[0m [[32m[1minfo     [0m] [1mGetting challenge status: id=2d9f8f66-15b6-471c-a783-8b8c8c90a5ad[0m [36mreq[0m=[35m8ed104dd[0m
[2m12:28:38[0m [[32m[1minfo     [0m] [1mrequest_finished                        [0m [36mduration[0m=[35m0.023[0m [36mmethod[0m=[35mGET[0m [36mpath[0m=[35m/api/v1/challenges/2d9f8f66-15b6-471c-a783-8b8c8c90a5ad[0m [36mreq[0m=[35m8ed104dd[0m [36mrequest_id[0m=[35m8ed104dd-2fc4-449e-8993-3f570deeeb93[0m [36mstatus[0m=[35m200[0m
[2m12:28:43[0m [[32m[1minfo     [0m] [1mGetting challenge status: id=2d9f8f66-15b6-471c-a783-8b8c8c90a5ad[0m [36mreq[0m=[35m471b6fd5[0m
[2m12:28:43[0m [[32m[1minfo     [0m] [1mrequest_finished                        [0m [36mduration[0m=[35m0.005[0m [36mmethod[0m=[35mGET[0m [36mpath[0m=[35m/api/v1/challenges/2d9f8f66-15b6-471c-a783-8b8c8c90a5ad[0m [36mreq[0m=[35m471b6fd5[0m [36mrequest_id[0m=[35m471b6fd5-22e3-4015-b964-1377649728ff[0m [36mstatus[0m=[35m200[0m
[2m12:28:48[0m [[32m[1minfo     [0m] [1mGetting challenge status: id=2d9f8f66-15b6-471c-a783-8b8c8c90a5ad[0m [36mreq[0m=[35ma8ddabb6[0m
[2m12:28:48[0m [[32m[1minfo     [0m] [1mrequest_finished                        [0m [36mduration[0m=[35m0.004[0m [36mmethod[0m=[35mGET[0m [36mpath[0m=[35m/api/v1/challenges/2d9f8f66-15b6-471c-a783-8b8c8c90a5ad[0m [36mreq[0m=[35ma8ddabb6[0m [36mrequest_id[0m=[35ma8ddabb6-9ab1-4c01-8f12-4ada5527d83c[0m [36mstatus[0m=[35m200[0m
[2m12:28:53[0m [[32m[1minfo     [0m] [1mGetting challenge status: id=2d9f8f66-15b6-471c-a783-8b8c8c90a5ad[0m [36mreq[0m=[35m4ffb510d[0m
[2m12:28:53[0m [[32m[1minfo     [0m] [1mrequest_finished                        [0m [36mduration[0m=[35m0.008[0m [36mmethod[0m=[35mGET[0m [36mpath[0m=[35m/api/v1/challenges/2d9f8f66-15b6-471c-a783-8b8c8c90a5ad[0m [36mreq[0m=[35m4ffb510d[0m [36mrequest_id[0m=[35m4ffb510d-9e5f-4420-a54b-366a2bca4b2a[0m [36mstatus[0m=[35m200[0m
[2m12:28:58[0m [[32m[1minfo     [0m] [1mGetting challenge status: id=2d9f8f66-15b6-471c-a783-8b8c8c90a5ad[0m [36mreq[0m=[35me16b2b4b[0m
[2m12:28:58[0m [[32m[1minfo     [0m] [1mrequest_finished                        [0m [36mduration[0m=[35m0.032[0m [36mmethod[0m=[35mGET[0m [36mpath[0m=[35m/api/v1/challenges/2d9f8f66-15b6-471c-a783-8b8c8c90a5ad[0m [36mreq[0m=[35me16b2b4b[0m [36mrequest_id[0m=[35me16b2b4b-a9af-4b8f-91e5-3eb0523f842f[0m [36mstatus[0m=[35m200[0m
[2m12:29:03[0m [[32m[1minfo     [0m] [1mGetting challenge status: id=2d9f8f66-15b6-471c-a783-8b8c8c90a5ad[0m [36mreq[0m=[35md6a6910c[0m
[2m12:29:03[0m [[32m[1minfo     [0m] [1mrequest_finished                        [0m [36mduration[0m=[35m0.012[0m [36mmethod[0m=[35mGET[0m [36mpath[0m=[35m/api/v1/challenges/2d9f8f66-15b6-471c-a783-8b8c8c90a5ad[0m [36mreq[0m=[35md6a6910c[0m [36mrequest_id[0m=[35md6a6910c-e40d-4e22-9057-c3c53a1cc378[0m [36mstatus[0m=[35m200[0m
[2m12:29:08[0m [[32m[1minfo     [0m] [1mGetting challenge status: id=2d9f8f66-15b6-471c-a783-8b8c8c90a5ad[0m [36mreq[0m=[35m91d7ff44[0m
[2m12:29:08[0m [[32m[1minfo     [0m] [1mrequest_finished                        [0m [36mduration[0m=[35m0.007[0m [36mmethod[0m=[35mGET[0m [36mpath[0m=[35m/api/v1/challenges/2d9f8f66-15b6-471c-a783-8b8c8c90a5ad[0m [36mreq[0m=[35m91d7ff44[0m [36mrequest_id[0m=[35m91d7ff44-edfb-4cae-9b5b-3a2f99cbe8b8[0m [36mstatus[0m=[35m200[0m
[2m12:29:13[0m [[32m[1minfo     [0m] [1mGetting challenge status: id=2d9f8f66-15b6-471c-a783-8b8c8c90a5ad[0m [36mreq[0m=[35mcb318c3c[0m
[2m12:29:13[0m [[32m[1minfo     [0m] [1mrequest_finished                        [0m [36mduration[0m=[35m0.014[0m [36mmethod[0m=[35mGET[0m [36mpath[0m=[35m/api/v1/challenges/2d9f8f66-15b6-471c-a783-8b8c8c90a5ad[0m [36mreq[0m=[35mcb318c3c[0m [36mrequest_id[0m=[35mcb318c3c-c80e-402b-9729-df81f6e127e8[0m [36mstatus[0m=[35m200[0m
[2m12:29:18[0m [[32m[1minfo     [0m] [1mGetting challenge status: id=2d9f8f66-15b6-471c-a783-8b8c8c90a5ad[0m [36mreq[0m=[35m73e058b7[0m
[2m12:29:18[0m [[32m[1minfo     [0m] [1mrequest_finished                        [0m [36mduration[0m=[35m0.006[0m [36mmethod[0m=[35mGET[0m [36mpath[0m=[35m/api/v1/challenges/2d9f8f66-15b6-471c-a783-8b8c8c90a5ad[0m [36mreq[0m=[35m73e058b7[0m [36mrequest_id[0m=[35m73e058b7-56c9-455b-925c-dceae98c85f8[0m [36mstatus[0m=[35m200[0m
[2m12:29:21[0m [[32m[1minfo     [0m] [1mPip packages installed successfully     [0m [36mreq[0m=[35m987360b7[0m
[2m12:29:23[0m [[32m[1minfo     [0m] [1mGetting challenge status: id=2d9f8f66-15b6-471c-a783-8b8c8c90a5ad[0m [36mreq[0m=[35m59958110[0m
[2m12:29:23[0m [[32m[1minfo     [0m] [1mrequest_finished                        [0m [36mduration[0m=[35m0.005[0m [36mmethod[0m=[35mGET[0m [36mpath[0m=[35m/api/v1/challenges/2d9f8f66-15b6-471c-a783-8b8c8c90a5ad[0m [36mreq[0m=[35m59958110[0m [36mrequest_id[0m=[35m59958110-3dff-4217-ab47-9a6435725c44[0m [36mstatus[0m=[35m200[0m
[2m12:29:28[0m [[32m[1minfo     [0m] [1mGetting challenge status: id=2d9f8f66-15b6-471c-a783-8b8c8c90a5ad[0m [36mreq[0m=[35md7d370ca[0m
[2m12:29:28[0m [[32m[1minfo     [0m] [1mrequest_finished                        [0m [36mduration[0m=[35m0.008[0m [36mmethod[0m=[35mGET[0m [36mpath[0m=[35m/api/v1/challenges/2d9f8f66-15b6-471c-a783-8b8c8c90a5ad[0m [36mreq[0m=[35md7d370ca[0m [36mrequest_id[0m=[35md7d370ca-f842-41d3-a815-633a7bd4ff6a[0m [36mstatus[0m=[35m200[0m
[2m12:29:33[0m [[32m[1minfo     [0m] [1mGetting challenge status: id=2d9f8f66-15b6-471c-a783-8b8c8c90a5ad[0m [36mreq[0m=[35m7686508e[0m
[2m12:29:33[0m [[32m[1minfo     [0m] [1mrequest_finished                        [0m [36mduration[0m=[35m0.009[0m [36mmethod[0m=[35mGET[0m [36mpath[0m=[35m/api/v1/challenges/2d9f8f66-15b6-471c-a783-8b8c8c90a5ad[0m [36mreq[0m=[35m7686508e[0m [36mrequest_id[0m=[35m7686508e-09b4-4838-bee4-9eab08c823e0[0m [36mstatus[0m=[35m200[0m
[2m12:29:38[0m [[32m[1minfo     [0m] [1mGetting challenge status: id=2d9f8f66-15b6-471c-a783-8b8c8c90a5ad[0m [36mreq[0m=[35m914318cc[0m
[2m12:29:38[0m [[32m[1minfo     [0m] [1mrequest_finished                        [0m [36mduration[0m=[35m0.008[0m [36mmethod[0m=[35mGET[0m [36mpath[0m=[35m/api/v1/challenges/2d9f8f66-15b6-471c-a783-8b8c8c90a5ad[0m [36mreq[0m=[35m914318cc[0m [36mrequest_id[0m=[35m914318cc-80ea-4e99-82c5-0977aa3da1ca[0m [36mstatus[0m=[35m200[0m
[2m12:29:43[0m [[32m[1minfo     [0m] [1mGetting challenge status: id=2d9f8f66-15b6-471c-a783-8b8c8c90a5ad[0m [36mreq[0m=[35m4cad5a6e[0m
[2m12:29:43[0m [[32m[1minfo     [0m] [1mrequest_finished                        [0m [36mduration[0m=[35m0.011[0m [36mmethod[0m=[35mGET[0m [36mpath[0m=[35m/api/v1/challenges/2d9f8f66-15b6-471c-a783-8b8c8c90a5ad[0m [36mreq[0m=[35m4cad5a6e[0m [36mrequest_id[0m=[35m4cad5a6e-5d6f-41f0-99e3-d9c9cb20b34c[0m [36mstatus[0m=[35m200[0m
[2m12:29:48[0m [[32m[1minfo     [0m] [1mGetting challenge status: id=2d9f8f66-15b6-471c-a783-8b8c8c90a5ad[0m [36mreq[0m=[35mb1d07eef[0m
[2m12:29:48[0m [[32m[1minfo     [0m] [1mrequest_finished                        [0m [36mduration[0m=[35m0.027[0m [36mmethod[0m=[35mGET[0m [36mpath[0m=[35m/api/v1/challenges/2d9f8f66-15b6-471c-a783-8b8c8c90a5ad[0m [36mreq[0m=[35mb1d07eef[0m [36mrequest_id[0m=[35mb1d07eef-236e-461f-afe9-1098e609977b[0m [36mstatus[0m=[35m200[0m
[2m12:29:53[0m [[32m[1minfo     [0m] [1mGetting challenge status: id=2d9f8f66-15b6-471c-a783-8b8c8c90a5ad[0m [36mreq[0m=[35m9837ca31[0m
[2m12:29:53[0m [[32m[1minfo     [0m] [1mrequest_finished                        [0m [36mduration[0m=[35m0.033[0m [36mmethod[0m=[35mGET[0m [36mpath[0m=[35m/api/v1/challenges/2d9f8f66-15b6-471c-a783-8b8c8c90a5ad[0m [36mreq[0m=[35m9837ca31[0m [36mrequest_id[0m=[35m9837ca31-d30c-446d-bb10-ad4fd79c951c[0m [36mstatus[0m=[35m200[0m
[2m12:29:58[0m [[32m[1minfo     [0m] [1mGetting challenge status: id=2d9f8f66-15b6-471c-a783-8b8c8c90a5ad[0m [36mreq[0m=[35m7888f96e[0m
[2m12:29:58[0m [[32m[1minfo     [0m] [1mrequest_finished                        [0m [36mduration[0m=[35m0.012[0m [36mmethod[0m=[35mGET[0m [36mpath[0m=[35m/api/v1/challenges/2d9f8f66-15b6-471c-a783-8b8c8c90a5ad[0m [36mreq[0m=[35m7888f96e[0m [36mrequest_id[0m=[35m7888f96e-fc76-44d5-9c51-2a5c98dcb1b7[0m [36mstatus[0m=[35m200[0m
[2m12:30:03[0m [[32m[1minfo     [0m] [1mGetting challenge status: id=2d9f8f66-15b6-471c-a783-8b8c8c90a5ad[0m [36mreq[0m=[35mc4cd4709[0m
[2m12:30:03[0m [[32m[1minfo     [0m] [1mrequest_finished                        [0m [36mduration[0m=[35m0.007[0m [36mmethod[0m=[35mGET[0m [36mpath[0m=[35m/api/v1/challenges/2d9f8f66-15b6-471c-a783-8b8c8c90a5ad[0m [36mreq[0m=[35mc4cd4709[0m [36mrequest_id[0m=[35mc4cd4709-b886-442a-b8ec-35a52935e176[0m [36mstatus[0m=[35m200[0m
[2m12:30:08[0m [[32m[1minfo     [0m] [1mGetting challenge status: id=2d9f8f66-15b6-471c-a783-8b8c8c90a5ad[0m [36mreq[0m=[35m9c49b3b1[0m
[2m12:30:08[0m [[32m[1minfo     [0m] [1mrequest_finished                        [0m [36mduration[0m=[35m0.008[0m [36mmethod[0m=[35mGET[0m [36mpath[0m=[35m/api/v1/challenges/2d9f8f66-15b6-471c-a783-8b8c8c90a5ad[0m [36mreq[0m=[35m9c49b3b1[0m [36mrequest_id[0m=[35m9c49b3b1-66bb-4e21-8783-94ee06b0ebcf[0m [36mstatus[0m=[35m200[0m
[2m12:30:13[0m [[32m[1minfo     [0m] [1mGetting challenge status: id=2d9f8f66-15b6-471c-a783-8b8c8c90a5ad[0m [36mreq[0m=[35m0b6dd588[0m
[2m12:30:13[0m [[32m[1minfo     [0m] [1mrequest_finished                        [0m [36mduration[0m=[35m0.008[0m [36mmethod[0m=[35mGET[0m [36mpath[0m=[35m/api/v1/challenges/2d9f8f66-15b6-471c-a783-8b8c8c90a5ad[0m [36mreq[0m=[35m0b6dd588[0m [36mrequest_id[0m=[35m0b6dd588-3b17-4347-b534-c17ee25e7460[0m [36mstatus[0m=[35m200[0m
[2m12:30:18[0m [[32m[1minfo     [0m] [1mGetting challenge status: id=2d9f8f66-15b6-471c-a783-8b8c8c90a5ad[0m [36mreq[0m=[35m0fef8662[0m
[2m12:30:18[0m [[32m[1minfo     [0m] [1mrequest_finished                        [0m [36mduration[0m=[35m0.028[0m [36mmethod[0m=[35mGET[0m [36mpath[0m=[35m/api/v1/challenges/2d9f8f66-15b6-471c-a783-8b8c8c90a5ad[0m [36mreq[0m=[35m0fef8662[0m [36mrequest_id[0m=[35m0fef8662-6269-4a65-8e2d-4de4b42da052[0m [36mstatus[0m=[35m200[0m
[2m12:30:23[0m [[32m[1minfo     [0m] [1mGetting challenge status: id=2d9f8f66-15b6-471c-a783-8b8c8c90a5ad[0m [36mreq[0m=[35m2b578341[0m
[2m12:30:23[0m [[32m[1minfo     [0m] [1mrequest_finished                        [0m [36mduration[0m=[35m0.022[0m [36mmethod[0m=[35mGET[0m [36mpath[0m=[35m/api/v1/challenges/2d9f8f66-15b6-471c-a783-8b8c8c90a5ad[0m [36mreq[0m=[35m2b578341[0m [36mrequest_id[0m=[35m2b578341-b240-4835-a683-45197a3e9a56[0m [36mstatus[0m=[35m200[0m
[2m12:30:28[0m [[32m[1minfo     [0m] [1mGetting challenge status: id=2d9f8f66-15b6-471c-a783-8b8c8c90a5ad[0m [36mreq[0m=[35mdff85d57[0m
[2m12:30:28[0m [[32m[1minfo     [0m] [1mrequest_finished                        [0m [36mduration[0m=[35m0.007[0m [36mmethod[0m=[35mGET[0m [36mpath[0m=[35m/api/v1/challenges/2d9f8f66-15b6-471c-a783-8b8c8c90a5ad[0m [36mreq[0m=[35mdff85d57[0m [36mrequest_id[0m=[35mdff85d57-aaaa-425d-9a80-255a8999b193[0m [36mstatus[0m=[35m200[0m
[2m12:30:33[0m [[32m[1minfo     [0m] [1mGetting challenge status: id=2d9f8f66-15b6-471c-a783-8b8c8c90a5ad[0m [36mreq[0m=[35m19f426c2[0m
[2m12:30:33[0m [[32m[1minfo     [0m] [1mrequest_finished                        [0m [36mduration[0m=[35m0.008[0m [36mmethod[0m=[35mGET[0m [36mpath[0m=[35m/api/v1/challenges/2d9f8f66-15b6-471c-a783-8b8c8c90a5ad[0m [36mreq[0m=[35m19f426c2[0m [36mrequest_id[0m=[35m19f426c2-1a93-46fb-8d26-89cccd19d156[0m [36mstatus[0m=[35m200[0m
[2m12:30:38[0m [[32m[1minfo     [0m] [1mGetting challenge status: id=2d9f8f66-15b6-471c-a783-8b8c8c90a5ad[0m [36mreq[0m=[35mf081482e[0m
[2m12:30:38[0m [[32m[1minfo     [0m] [1mrequest_finished                        [0m [36mduration[0m=[35m0.006[0m [36mmethod[0m=[35mGET[0m [36mpath[0m=[35m/api/v1/challenges/2d9f8f66-15b6-471c-a783-8b8c8c90a5ad[0m [36mreq[0m=[35mf081482e[0m [36mrequest_id[0m=[35mf081482e-edfa-4093-9693-7c1d1bbe2f96[0m [36mstatus[0m=[35m200[0m
[2m12:30:43[0m [[32m[1minfo     [0m] [1mGetting challenge status: id=2d9f8f66-15b6-471c-a783-8b8c8c90a5ad[0m [36mreq[0m=[35me77b5df6[0m
[2m12:30:43[0m [[32m[1minfo     [0m] [1mrequest_finished                        [0m [36mduration[0m=[35m0.005[0m [36mmethod[0m=[35mGET[0m [36mpath[0m=[35m/api/v1/challenges/2d9f8f66-15b6-471c-a783-8b8c8c90a5ad[0m [36mreq[0m=[35me77b5df6[0m [36mrequest_id[0m=[35me77b5df6-0f88-4bef-9ed3-5fb46b16beb2[0m [36mstatus[0m=[35m200[0m
[2m12:30:48[0m [[32m[1minfo     [0m] [1mGetting challenge status: id=2d9f8f66-15b6-471c-a783-8b8c8c90a5ad[0m [36mreq[0m=[35m47ce567b[0m
[2m12:30:48[0m [[32m[1minfo     [0m] [1mrequest_finished                        [0m [36mduration[0m=[35m0.015[0m [36mmethod[0m=[35mGET[0m [36mpath[0m=[35m/api/v1/challenges/2d9f8f66-15b6-471c-a783-8b8c8c90a5ad[0m [36mreq[0m=[35m47ce567b[0m [36mrequest_id[0m=[35m47ce567b-982f-4ccc-8e6c-91353857524e[0m [36mstatus[0m=[35m200[0m
[2m12:30:53[0m [[32m[1minfo     [0m] [1mGetting challenge status: id=2d9f8f66-15b6-471c-a783-8b8c8c90a5ad[0m [36mreq[0m=[35m9b3f052e[0m
[2m12:30:53[0m [[32m[1minfo     [0m] [1mrequest_finished                        [0m [36mduration[0m=[35m0.006[0m [36mmethod[0m=[35mGET[0m [36mpath[0m=[35m/api/v1/challenges/2d9f8f66-15b6-471c-a783-8b8c8c90a5ad[0m [36mreq[0m=[35m9b3f052e[0m [36mrequest_id[0m=[35m9b3f052e-308f-4c79-960f-19591e364bd3[0m [36mstatus[0m=[35m200[0m
[2m12:30:58[0m [[32m[1minfo     [0m] [1mGetting challenge status: id=2d9f8f66-15b6-471c-a783-8b8c8c90a5ad[0m [36mreq[0m=[35m6819089c[0m
[2m12:30:58[0m [[32m[1minfo     [0m] [1mrequest_finished                        [0m [36mduration[0m=[35m0.005[0m [36mmethod[0m=[35mGET[0m [36mpath[0m=[35m/api/v1/challenges/2d9f8f66-15b6-471c-a783-8b8c8c90a5ad[0m [36mreq[0m=[35m6819089c[0m [36mrequest_id[0m=[35m6819089c-19ef-430f-9247-6148128a4249[0m [36mstatus[0m=[35m200[0m
[2m12:31:03[0m [[32m[1minfo     [0m] [1mGetting challenge status: id=2d9f8f66-15b6-471c-a783-8b8c8c90a5ad[0m [36mreq[0m=[35md82d9dc6[0m
[2m12:31:04[0m [[32m[1minfo     [0m] [1mrequest_finished                        [0m [36mduration[0m=[35m0.018[0m [36mmethod[0m=[35mGET[0m [36mpath[0m=[35m/api/v1/challenges/2d9f8f66-15b6-471c-a783-8b8c8c90a5ad[0m [36mreq[0m=[35md82d9dc6[0m [36mrequest_id[0m=[35md82d9dc6-2263-40bf-aaf4-ebfde10fe245[0m [36mstatus[0m=[35m200[0m
[2m12:31:09[0m [[32m[1minfo     [0m] [1mGetting challenge status: id=2d9f8f66-15b6-471c-a783-8b8c8c90a5ad[0m [36mreq[0m=[35ma0e52fbf[0m
[2m12:31:09[0m [[32m[1minfo     [0m] [1mrequest_finished                        [0m [36mduration[0m=[35m0.021[0m [36mmethod[0m=[35mGET[0m [36mpath[0m=[35m/api/v1/challenges/2d9f8f66-15b6-471c-a783-8b8c8c90a5ad[0m [36mreq[0m=[35ma0e52fbf[0m [36mrequest_id[0m=[35ma0e52fbf-4f8c-4808-8376-714b648a0c28[0m [36mstatus[0m=[35m200[0m
[2m12:31:14[0m [[32m[1minfo     [0m] [1mGetting challenge status: id=2d9f8f66-15b6-471c-a783-8b8c8c90a5ad[0m [36mreq[0m=[35m58d4208d[0m
[2m12:31:14[0m [[32m[1minfo     [0m] [1mrequest_finished                        [0m [36mduration[0m=[35m0.007[0m [36mmethod[0m=[35mGET[0m [36mpath[0m=[35m/api/v1/challenges/2d9f8f66-15b6-471c-a783-8b8c8c90a5ad[0m [36mreq[0m=[35m58d4208d[0m [36mrequest_id[0m=[35m58d4208d-1031-48a2-86b3-188f835dc033[0m [36mstatus[0m=[35m200[0m
[2m12:31:19[0m [[32m[1minfo     [0m] [1mGetting challenge status: id=2d9f8f66-15b6-471c-a783-8b8c8c90a5ad[0m [36mreq[0m=[35m5d0bc93f[0m
[2m12:31:19[0m [[32m[1minfo     [0m] [1mrequest_finished                        [0m [36mduration[0m=[35m0.01[0m [36mmethod[0m=[35mGET[0m [36mpath[0m=[35m/api/v1/challenges/2d9f8f66-15b6-471c-a783-8b8c8c90a5ad[0m [36mreq[0m=[35m5d0bc93f[0m [36mrequest_id[0m=[35m5d0bc93f-a087-4461-9db1-ed9838e5abf9[0m [36mstatus[0m=[35m200[0m
[2m12:31:24[0m [[32m[1minfo     [0m] [1mGetting challenge status: id=2d9f8f66-15b6-471c-a783-8b8c8c90a5ad[0m [36mreq[0m=[35m64e4ffde[0m
[2m12:31:24[0m [[32m[1minfo     [0m] [1mrequest_finished                        [0m [36mduration[0m=[35m0.015[0m [36mmethod[0m=[35mGET[0m [36mpath[0m=[35m/api/v1/challenges/2d9f8f66-15b6-471c-a783-8b8c8c90a5ad[0m [36mreq[0m=[35m64e4ffde[0m [36mrequest_id[0m=[35m64e4ffde-fc56-48de-988b-b2da3e361dde[0m [36mstatus[0m=[35m200[0m
[2m12:31:29[0m [[32m[1minfo     [0m] [1mGetting challenge status: id=2d9f8f66-15b6-471c-a783-8b8c8c90a5ad[0m [36mreq[0m=[35m8078222b[0m
[2m12:31:29[0m [[32m[1minfo     [0m] [1mrequest_finished                        [0m [36mduration[0m=[35m0.012[0m [36mmethod[0m=[35mGET[0m [36mpath[0m=[35m/api/v1/challenges/2d9f8f66-15b6-471c-a783-8b8c8c90a5ad[0m [36mreq[0m=[35m8078222b[0m [36mrequest_id[0m=[35m8078222b-ff0f-4353-b51a-3ede7417d314[0m [36mstatus[0m=[35m200[0m
[2m12:31:34[0m [[32m[1minfo     [0m] [1mGetting challenge status: id=2d9f8f66-15b6-471c-a783-8b8c8c90a5ad[0m [36mreq[0m=[35mda3ec0ad[0m
[2m12:31:34[0m [[32m[1minfo     [0m] [1mrequest_finished                        [0m [36mduration[0m=[35m0.011[0m [36mmethod[0m=[35mGET[0m [36mpath[0m=[35m/api/v1/challenges/2d9f8f66-15b6-471c-a783-8b8c8c90a5ad[0m [36mreq[0m=[35mda3ec0ad[0m [36mrequest_id[0m=[35mda3ec0ad-0200-44ab-ae5c-4cae7fd430ef[0m [36mstatus[0m=[35m200[0m
[2m12:31:39[0m [[32m[1minfo     [0m] [1mGetting challenge status: id=2d9f8f66-15b6-471c-a783-8b8c8c90a5ad[0m [36mreq[0m=[35mec67b02e[0m
[2m12:31:39[0m [[32m[1minfo     [0m] [1mrequest_finished                        [0m [36mduration[0m=[35m0.012[0m [36mmethod[0m=[35mGET[0m [36mpath[0m=[35m/api/v1/challenges/2d9f8f66-15b6-471c-a783-8b8c8c90a5ad[0m [36mreq[0m=[35mec67b02e[0m [36mrequest_id[0m=[35mec67b02e-5796-4b2f-8db9-054bd7fc1cb5[0m [36mstatus[0m=[35m200[0m
[2m12:31:44[0m [[32m[1minfo     [0m] [1mGetting challenge status: id=2d9f8f66-15b6-471c-a783-8b8c8c90a5ad[0m [36mreq[0m=[35m85f48fd9[0m
[2m12:31:44[0m [[32m[1minfo     [0m] [1mrequest_finished                        [0m [36mduration[0m=[35m0.009[0m [36mmethod[0m=[35mGET[0m [36mpath[0m=[35m/api/v1/challenges/2d9f8f66-15b6-471c-a783-8b8c8c90a5ad[0m [36mreq[0m=[35m85f48fd9[0m [36mrequest_id[0m=[35m85f48fd9-6d39-4173-ad11-b1208b9a4788[0m [36mstatus[0m=[35m200[0m
[2m12:31:49[0m [[32m[1minfo     [0m] [1mGetting challenge status: id=2d9f8f66-15b6-471c-a783-8b8c8c90a5ad[0m [36mreq[0m=[35m99208950[0m
[2m12:31:49[0m [[32m[1minfo     [0m] [1mrequest_finished                        [0m [36mduration[0m=[35m0.03[0m [36mmethod[0m=[35mGET[0m [36mpath[0m=[35m/api/v1/challenges/2d9f8f66-15b6-471c-a783-8b8c8c90a5ad[0m [36mreq[0m=[35m99208950[0m [36mrequest_id[0m=[35m99208950-a1ac-41dc-8784-1ca04a8ae770[0m [36mstatus[0m=[35m200[0m
[2m12:31:54[0m [[32m[1minfo     [0m] [1mGetting challenge status: id=2d9f8f66-15b6-471c-a783-8b8c8c90a5ad[0m [36mreq[0m=[35mde811fa7[0m
[2m12:31:54[0m [[32m[1minfo     [0m] [1mrequest_finished                        [0m [36mduration[0m=[35m0.017[0m [36mmethod[0m=[35mGET[0m [36mpath[0m=[35m/api/v1/challenges/2d9f8f66-15b6-471c-a783-8b8c8c90a5ad[0m [36mreq[0m=[35mde811fa7[0m [36mrequest_id[0m=[35mde811fa7-7275-420b-b54e-dc38ab0512bb[0m [36mstatus[0m=[35m200[0m
[2m12:31:59[0m [[32m[1minfo     [0m] [1mGetting challenge status: id=2d9f8f66-15b6-471c-a783-8b8c8c90a5ad[0m [36mreq[0m=[35m371704e7[0m
[2m12:31:59[0m [[32m[1minfo     [0m] [1mrequest_finished                        [0m [36mduration[0m=[35m0.023[0m [36mmethod[0m=[35mGET[0m [36mpath[0m=[35m/api/v1/challenges/2d9f8f66-15b6-471c-a783-8b8c8c90a5ad[0m [36mreq[0m=[35m371704e7[0m [36mrequest_id[0m=[35m371704e7-03d5-40af-a7c1-a006e62644ba[0m [36mstatus[0m=[35m200[0m
[2m12:32:04[0m [[32m[1minfo     [0m] [1mGetting challenge status: id=2d9f8f66-15b6-471c-a783-8b8c8c90a5ad[0m [36mreq[0m=[35m8f9e16e3[0m
[2m12:32:04[0m [[32m[1minfo     [0m] [1mrequest_finished                        [0m [36mduration[0m=[35m0.009[0m [36mmethod[0m=[35mGET[0m [36mpath[0m=[35m/api/v1/challenges/2d9f8f66-15b6-471c-a783-8b8c8c90a5ad[0m [36mreq[0m=[35m8f9e16e3[0m [36mrequest_id[0m=[35m8f9e16e3-94fc-4d40-bfbb-b15887cffffc[0m [36mstatus[0m=[35m200[0m
[2m12:32:09[0m [[32m[1minfo     [0m] [1mGetting challenge status: id=2d9f8f66-15b6-471c-a783-8b8c8c90a5ad[0m [36mreq[0m=[35m929d6cc3[0m
[2m12:32:09[0m [[32m[1minfo     [0m] [1mrequest_finished                        [0m [36mduration[0m=[35m0.026[0m [36mmethod[0m=[35mGET[0m [36mpath[0m=[35m/api/v1/challenges/2d9f8f66-15b6-471c-a783-8b8c8c90a5ad[0m [36mreq[0m=[35m929d6cc3[0m [36mrequest_id[0m=[35m929d6cc3-c299-4bfc-8d70-aed1ddb9b09e[0m [36mstatus[0m=[35m200[0m
[2m12:32:14[0m [[32m[1minfo     [0m] [1mGetting challenge status: id=2d9f8f66-15b6-471c-a783-8b8c8c90a5ad[0m [36mreq[0m=[35m2d5b407a[0m
[2m12:32:14[0m [[32m[1minfo     [0m] [1mrequest_finished                        [0m [36mduration[0m=[35m0.021[0m [36mmethod[0m=[35mGET[0m [36mpath[0m=[35m/api/v1/challenges/2d9f8f66-15b6-471c-a783-8b8c8c90a5ad[0m [36mreq[0m=[35m2d5b407a[0m [36mrequest_id[0m=[35m2d5b407a-9b72-481a-a43b-7fcb596f392b[0m [36mstatus[0m=[35m200[0m
[2m12:32:19[0m [[32m[1minfo     [0m] [1mGetting challenge status: id=2d9f8f66-15b6-471c-a783-8b8c8c90a5ad[0m [36mreq[0m=[35m5c6421b3[0m
[2m12:32:19[0m [[32m[1minfo     [0m] [1mrequest_finished                        [0m [36mduration[0m=[35m0.008[0m [36mmethod[0m=[35mGET[0m [36mpath[0m=[35m/api/v1/challenges/2d9f8f66-15b6-471c-a783-8b8c8c90a5ad[0m [36mreq[0m=[35m5c6421b3[0m [36mrequest_id[0m=[35m5c6421b3-ab83-4b2f-9538-822a19cad37a[0m [36mstatus[0m=[35m200[0m
[2m12:32:24[0m [[32m[1minfo     [0m] [1mGetting challenge status: id=2d9f8f66-15b6-471c-a783-8b8c8c90a5ad[0m [36mreq[0m=[35mae863c3e[0m
[2m12:32:24[0m [[32m[1minfo     [0m] [1mrequest_finished                        [0m [36mduration[0m=[35m0.01[0m [36mmethod[0m=[35mGET[0m [36mpath[0m=[35m/api/v1/challenges/2d9f8f66-15b6-471c-a783-8b8c8c90a5ad[0m [36mreq[0m=[35mae863c3e[0m [36mrequest_id[0m=[35mae863c3e-4e9e-4812-93ab-f3c487ddecae[0m [36mstatus[0m=[35m200[0m
[2m12:32:29[0m [[32m[1minfo     [0m] [1mGetting challenge status: id=2d9f8f66-15b6-471c-a783-8b8c8c90a5ad[0m [36mreq[0m=[35m6b893ab9[0m
[2m12:32:29[0m [[32m[1minfo     [0m] [1mrequest_finished                        [0m [36mduration[0m=[35m0.012[0m [36mmethod[0m=[35mGET[0m [36mpath[0m=[35m/api/v1/challenges/2d9f8f66-15b6-471c-a783-8b8c8c90a5ad[0m [36mreq[0m=[35m6b893ab9[0m [36mrequest_id[0m=[35m6b893ab9-4998-4ab9-89cf-a1a98bd70818[0m [36mstatus[0m=[35m200[0m
[2m12:32:34[0m [[32m[1minfo     [0m] [1mGetting challenge status: id=2d9f8f66-15b6-471c-a783-8b8c8c90a5ad[0m [36mreq[0m=[35m3a815564[0m
[2m12:32:34[0m [[32m[1minfo     [0m] [1mrequest_finished                        [0m [36mduration[0m=[35m0.005[0m [36mmethod[0m=[35mGET[0m [36mpath[0m=[35m/api/v1/challenges/2d9f8f66-15b6-471c-a783-8b8c8c90a5ad[0m [36mreq[0m=[35m3a815564[0m [36mrequest_id[0m=[35m3a815564-e304-4a85-8574-ec113355b079[0m [36mstatus[0m=[35m200[0m
[2m12:32:39[0m [[32m[1minfo     [0m] [1mGetting challenge status: id=2d9f8f66-15b6-471c-a783-8b8c8c90a5ad[0m [36mreq[0m=[35m46bf1e68[0m
[2m12:32:39[0m [[32m[1minfo     [0m] [1mrequest_finished                        [0m [36mduration[0m=[35m0.006[0m [36mmethod[0m=[35mGET[0m [36mpath[0m=[35m/api/v1/challenges/2d9f8f66-15b6-471c-a783-8b8c8c90a5ad[0m [36mreq[0m=[35m46bf1e68[0m [36mrequest_id[0m=[35m46bf1e68-0f9b-43a7-93c3-2289da04bc02[0m [36mstatus[0m=[35m200[0m
[2m12:32:44[0m [[32m[1minfo     [0m] [1mGetting challenge status: id=2d9f8f66-15b6-471c-a783-8b8c8c90a5ad[0m [36mreq[0m=[35mcf300aa8[0m
[2m12:32:44[0m [[32m[1minfo     [0m] [1mrequest_finished                        [0m [36mduration[0m=[35m0.005[0m [36mmethod[0m=[35mGET[0m [36mpath[0m=[35m/api/v1/challenges/2d9f8f66-15b6-471c-a783-8b8c8c90a5ad[0m [36mreq[0m=[35mcf300aa8[0m [36mrequest_id[0m=[35mcf300aa8-eac4-48ac-8f1b-602cc1da1121[0m [36mstatus[0m=[35m200[0m
[2m12:32:49[0m [[32m[1minfo     [0m] [1mGetting challenge status: id=2d9f8f66-15b6-471c-a783-8b8c8c90a5ad[0m [36mreq[0m=[35m7c163af3[0m
[2m12:32:49[0m [[32m[1minfo     [0m] [1mrequest_finished                        [0m [36mduration[0m=[35m0.008[0m [36mmethod[0m=[35mGET[0m [36mpath[0m=[35m/api/v1/challenges/2d9f8f66-15b6-471c-a783-8b8c8c90a5ad[0m [36mreq[0m=[35m7c163af3[0m [36mrequest_id[0m=[35m7c163af3-c635-4665-847d-4bcf9dd9b80d[0m [36mstatus[0m=[35m200[0m
[2m12:32:54[0m [[32m[1minfo     [0m] [1mGetting challenge status: id=2d9f8f66-15b6-471c-a783-8b8c8c90a5ad[0m [36mreq[0m=[35md45871e6[0m
[2m12:32:54[0m [[32m[1minfo     [0m] [1mrequest_finished                        [0m [36mduration[0m=[35m0.007[0m [36mmethod[0m=[35mGET[0m [36mpath[0m=[35m/api/v1/challenges/2d9f8f66-15b6-471c-a783-8b8c8c90a5ad[0m [36mreq[0m=[35md45871e6[0m [36mrequest_id[0m=[35md45871e6-43e2-48c8-9afb-27b416a2ee35[0m [36mstatus[0m=[35m200[0m
[2m12:32:59[0m [[32m[1minfo     [0m] [1mGetting challenge status: id=2d9f8f66-15b6-471c-a783-8b8c8c90a5ad[0m [36mreq[0m=[35mb1feeff3[0m
[2m12:32:59[0m [[32m[1minfo     [0m] [1mrequest_finished                        [0m [36mduration[0m=[35m0.015[0m [36mmethod[0m=[35mGET[0m [36mpath[0m=[35m/api/v1/challenges/2d9f8f66-15b6-471c-a783-8b8c8c90a5ad[0m [36mreq[0m=[35mb1feeff3[0m [36mrequest_id[0m=[35mb1feeff3-47b7-46cf-85a1-a4ea51f81d43[0m [36mstatus[0m=[35m200[0m
[2m12:33:04[0m [[32m[1minfo     [0m] [1mGetting challenge status: id=2d9f8f66-15b6-471c-a783-8b8c8c90a5ad[0m [36mreq[0m=[35me77ccc76[0m
[2m12:33:04[0m [[32m[1minfo     [0m] [1mrequest_finished                        [0m [36mduration[0m=[35m0.02[0m [36mmethod[0m=[35mGET[0m [36mpath[0m=[35m/api/v1/challenges/2d9f8f66-15b6-471c-a783-8b8c8c90a5ad[0m [36mreq[0m=[35me77ccc76[0m [36mrequest_id[0m=[35me77ccc76-1bea-41b0-a04e-f5d2fba51544[0m [36mstatus[0m=[35m200[0m
[2m12:33:09[0m [[32m[1minfo     [0m] [1mGetting challenge status: id=2d9f8f66-15b6-471c-a783-8b8c8c90a5ad[0m [36mreq[0m=[35md8682d36[0m
[2m12:33:09[0m [[32m[1minfo     [0m] [1mrequest_finished                        [0m [36mduration[0m=[35m0.007[0m [36mmethod[0m=[35mGET[0m [36mpath[0m=[35m/api/v1/challenges/2d9f8f66-15b6-471c-a783-8b8c8c90a5ad[0m [36mreq[0m=[35md8682d36[0m [36mrequest_id[0m=[35md8682d36-7f5b-42a0-975d-c2b03f09a2bc[0m [36mstatus[0m=[35m200[0m
[2m12:33:14[0m [[32m[1minfo     [0m] [1mGetting challenge status: id=2d9f8f66-15b6-471c-a783-8b8c8c90a5ad[0m [36mreq[0m=[35mb1497419[0m
[2m12:33:14[0m [[32m[1minfo     [0m] [1mrequest_finished                        [0m [36mduration[0m=[35m0.007[0m [36mmethod[0m=[35mGET[0m [36mpath[0m=[35m/api/v1/challenges/2d9f8f66-15b6-471c-a783-8b8c8c90a5ad[0m [36mreq[0m=[35mb1497419[0m [36mrequest_id[0m=[35mb1497419-94e5-4f68-87b2-a69213779ec1[0m [36mstatus[0m=[35m200[0m
[2m12:33:19[0m [[32m[1minfo     [0m] [1mGetting challenge status: id=2d9f8f66-15b6-471c-a783-8b8c8c90a5ad[0m [36mreq[0m=[35m596896f0[0m
[2m12:33:19[0m [[32m[1minfo     [0m] [1mrequest_finished                        [0m [36mduration[0m=[35m0.006[0m [36mmethod[0m=[35mGET[0m [36mpath[0m=[35m/api/v1/challenges/2d9f8f66-15b6-471c-a783-8b8c8c90a5ad[0m [36mreq[0m=[35m596896f0[0m [36mrequest_id[0m=[35m596896f0-8bf0-49b1-9c65-7566d9a4a566[0m [36mstatus[0m=[35m200[0m
[2m12:33:24[0m [[32m[1minfo     [0m] [1mGetting challenge status: id=2d9f8f66-15b6-471c-a783-8b8c8c90a5ad[0m [36mreq[0m=[35m036be5e9[0m
[2m12:33:24[0m [[32m[1minfo     [0m] [1mrequest_finished                        [0m [36mduration[0m=[35m0.018[0m [36mmethod[0m=[35mGET[0m [36mpath[0m=[35m/api/v1/challenges/2d9f8f66-15b6-471c-a783-8b8c8c90a5ad[0m [36mreq[0m=[35m036be5e9[0m [36mrequest_id[0m=[35m036be5e9-1d5c-4af1-8f26-b7d78877e214[0m [36mstatus[0m=[35m200[0m
[2m12:33:29[0m [[32m[1minfo     [0m] [1mGetting challenge status: id=2d9f8f66-15b6-471c-a783-8b8c8c90a5ad[0m [36mreq[0m=[35m77f3abeb[0m
[2m12:33:29[0m [[32m[1minfo     [0m] [1mrequest_finished                        [0m [36mduration[0m=[35m0.027[0m [36mmethod[0m=[35mGET[0m [36mpath[0m=[35m/api/v1/challenges/2d9f8f66-15b6-471c-a783-8b8c8c90a5ad[0m [36mreq[0m=[35m77f3abeb[0m [36mrequest_id[0m=[35m77f3abeb-eaf6-4075-b528-134900fc1835[0m [36mstatus[0m=[35m200[0m
[2m12:33:35[0m [[32m[1minfo     [0m] [1mGetting challenge status: id=2d9f8f66-15b6-471c-a783-8b8c8c90a5ad[0m [36mreq[0m=[35m9fa59f5d[0m
[2m12:33:35[0m [[32m[1minfo     [0m] [1mrequest_finished                        [0m [36mduration[0m=[35m0.824[0m [36mmethod[0m=[35mGET[0m [36mpath[0m=[35m/api/v1/challenges/2d9f8f66-15b6-471c-a783-8b8c8c90a5ad[0m [36mreq[0m=[35m9fa59f5d[0m [36mrequest_id[0m=[35m9fa59f5d-0ab7-4116-858d-10fe31423d55[0m [36mstatus[0m=[35m200[0m
[2m12:33:42[0m [[32m[1minfo     [0m] [1mGetting challenge status: id=2d9f8f66-15b6-471c-a783-8b8c8c90a5ad[0m [36mreq[0m=[35m1b1aab67[0m
[2m12:33:43[0m [[32m[1minfo     [0m] [1mrequest_finished                        [0m [36mduration[0m=[35m1.124[0m [36mmethod[0m=[35mGET[0m [36mpath[0m=[35m/api/v1/challenges/2d9f8f66-15b6-471c-a783-8b8c8c90a5ad[0m [36mreq[0m=[35m1b1aab67[0m [36mrequest_id[0m=[35m1b1aab67-2546-4754-8277-53939e200b8a[0m [36mstatus[0m=[35m200[0m
[2m12:33:49[0m [[32m[1minfo     [0m] [1mGetting challenge status: id=2d9f8f66-15b6-471c-a783-8b8c8c90a5ad[0m [36mreq[0m=[35mcdedf1aa[0m
[2m12:33:49[0m [[32m[1minfo     [0m] [1mrequest_finished                        [0m [36mduration[0m=[35m0.016[0m [36mmethod[0m=[35mGET[0m [36mpath[0m=[35m/api/v1/challenges/2d9f8f66-15b6-471c-a783-8b8c8c90a5ad[0m [36mreq[0m=[35mcdedf1aa[0m [36mrequest_id[0m=[35mcdedf1aa-207c-489b-b2de-51c1acebdf16[0m [36mstatus[0m=[35m200[0m
[2m12:33:54[0m [[32m[1minfo     [0m] [1mGetting challenge status: id=2d9f8f66-15b6-471c-a783-8b8c8c90a5ad[0m [36mreq[0m=[35mf398ef4f[0m
[2m12:33:54[0m [[32m[1minfo     [0m] [1mrequest_finished                        [0m [36mduration[0m=[35m0.02[0m [36mmethod[0m=[35mGET[0m [36mpath[0m=[35m/api/v1/challenges/2d9f8f66-15b6-471c-a783-8b8c8c90a5ad[0m [36mreq[0m=[35mf398ef4f[0m [36mrequest_id[0m=[35mf398ef4f-2270-4a02-8f1c-74c09b992ef1[0m [36mstatus[0m=[35m200[0m
[2m12:33:57[0m [[32m[1minfo     [0m] [1mSandbox execution complete: success=True, time=374629ms, cached=False[0m [36mreq[0m=[35m987360b7[0m
[2m12:33:59[0m [[32m[1minfo     [0m] [1mGetting challenge status: id=2d9f8f66-15b6-471c-a783-8b8c8c90a5ad[0m [36mreq[0m=[35m5331b0dc[0m
[2m12:33:59[0m [[32m[1minfo     [0m] [1mrequest_finished                        [0m [36mduration[0m=[35m0.026[0m [36mmethod[0m=[35mGET[0m [36mpath[0m=[35m/api/v1/challenges/2d9f8f66-15b6-471c-a783-8b8c8c90a5ad[0m [36mreq[0m=[35m5331b0dc[0m [36mrequest_id[0m=[35m5331b0dc-8fa6-4d7d-b08d-704e71377ce6[0m [36mstatus[0m=[35m200[0m
[2m12:34:04[0m [[32m[1minfo     [0m] [1mTranskription erfolgreich: 1701 Zeichen [0m [36mreq[0m=[35m987360b7[0m
[2m12:34:04[0m [[32m[1minfo     [0m] [1mLoading topology from database...       [0m [36mreq[0m=[35m987360b7[0m
[2m12:34:04[0m [[32m[1minfo     [0m] [1mMapped 13 skill entries to 13 capabilities[0m [36mreq[0m=[35m987360b7[0m
[2m12:34:04[0m [[32m[1minfo     [0m] [1mTopology validated: 11 agents in 5 waves[0m [36mreq[0m=[35m987360b7[0m
[2m12:34:04[0m [[32m[1minfo     [0m] [1mLoaded 13 skills for topology           [0m [36mreq[0m=[35m987360b7[0m
[2m12:34:04[0m [[32m[1minfo     [0m] [1mTopology loaded: 11 agents, 5 waves     [0m [36mreq[0m=[35m987360b7[0m
[2m12:34:04[0m [[32m[1minfo     [0m] [1mShared memory initialized with Qdrant   [0m [36mreq[0m=[35m987360b7[0m
[2m12:34:04[0m [[32m[1minfo     [0m] [1mHybridOrchestrator initialized          [0m [36mreq[0m=[35m987360b7[0m
[2m12:34:04[0m [[32m[1minfo     [0m] [1mStarting execution: de89616f-d25d-488e-9e2e-4a4435636dfb[0m [36mreq[0m=[35m987360b7[0m
[2m12:34:04[0m [[32m[1minfo     [0m] [1mGetting challenge status: id=2d9f8f66-15b6-471c-a783-8b8c8c90a5ad[0m [36mreq[0m=[35m2e1dc2e2[0m
[2m12:34:04[0m [[32m[1minfo     [0m] [1mrequest_finished                        [0m [36mduration[0m=[35m0.01[0m [36mmethod[0m=[35mGET[0m [36mpath[0m=[35m/api/v1/challenges/2d9f8f66-15b6-471c-a783-8b8c8c90a5ad[0m [36mreq[0m=[35m2e1dc2e2[0m [36mrequest_id[0m=[35m2e1dc2e2-8544-45b3-a112-d367d348de48[0m [36mstatus[0m=[35m200[0m
[2m12:34:04[0m [[32m[1minfo     [0m] [1mLoading topology from database...       [0m [36mreq[0m=[35m987360b7[0m
[2m12:34:04[0m [[32m[1minfo     [0m] [1mMapped 13 skill entries to 13 capabilities[0m [36mreq[0m=[35m987360b7[0m
[2m12:34:04[0m [[32m[1minfo     [0m] [1mTopology validated: 11 agents in 5 waves[0m [36mreq[0m=[35m987360b7[0m
[2m12:34:04[0m [[32m[1minfo     [0m] [1mLoaded 13 skills for topology           [0m [36mreq[0m=[35m987360b7[0m
[2m12:34:04[0m [[32m[1minfo     [0m] [1mTopology loaded: 11 agents, 5 waves     [0m [36mreq[0m=[35m987360b7[0m
[2m12:34:04[0m [[32m[1minfo     [0m] [1mDocker client connected successfully    [0m [36mreq[0m=[35m987360b7[0m
[2m12:34:04[0m [[32m[1minfo     [0m] [1mCreated DynamicSandbox executor (Docker-based, unrestricted)[0m [36mreq[0m=[35m987360b7[0m
[2m12:34:04[0m [[33m[1mwarning  [0m] [1mCould not create intervention orchestrator for self-healing: create_intervention_orchestrator() got an unexpected keyword argument 'db'[0m [36mreq[0m=[35m987360b7[0m
[2m12:34:04[0m [[32m[1minfo     [0m] [1mExecuting wave 1/5: ['05bebe15-b46f-4b91-96e3-a50f6cf9e68d', '90c17f3b-7f91-4174-b3ac-b59a51feb378', '65ad3c5c-f66c-49a0-a7cd-4b9ebc6142b9', '073d766c-ed4f-4519-8e36-8c9631e97c67'][0m [36mreq[0m=[35m987360b7[0m
[2m12:34:04[0m [[32m[1minfo     [0m] [1mExecuting agent: transcript_analyzer (05bebe15-b46f-4b91-96e3-a50f6cf9e68d)[0m [36mreq[0m=[35m987360b7[0m
[2m12:34:04[0m [[32m[1minfo     [0m] [1mExecuting agent: product_owner (90c17f3b-7f91-4174-b3ac-b59a51feb378)[0m [36mreq[0m=[35m987360b7[0m
[2m12:34:04[0m [[33m[1mwarning  [0m] [1mAgent product_owner expected artifacts ['analysis_findings'] but none found in pool[0m [36mreq[0m=[35m987360b7[0m
[2m12:34:04[0m [[32m[1minfo     [0m] [1mExecuting agent: quality_judge (65ad3c5c-f66c-49a0-a7cd-4b9ebc6142b9)[0m [36mreq[0m=[35m987360b7[0m
[2m12:34:04[0m [[33m[1mwarning  [0m] [1mAgent quality_judge expected artifacts ['ab_test_samples'] but none found in pool[0m [36mreq[0m=[35m987360b7[0m
[2m12:34:04[0m [[32m[1minfo     [0m] [1mExecuting agent: execution_analyzer (073d766c-ed4f-4519-8e36-8c9631e97c67)[0m [36mreq[0m=[35m987360b7[0m
[2m12:34:04[0m [[33m[1mwarning  [0m] [1mAgent execution_analyzer expected artifacts ['execution_telemetry'] but none found in pool[0m [36mreq[0m=[35m987360b7[0m
[2m12:34:06[0m [[32m[1minfo     [0m] [1mAgent quality_judge returned final answer after 0 tool calls[0m [36mreq[0m=[35m987360b7[0m
[2m12:34:06[0m [[32m[1minfo     [0m] [1mAgent product_owner returned final answer after 0 tool calls[0m [36mreq[0m=[35m987360b7[0m
[2m12:34:06[0m [[32m[1minfo     [0m] [1mshared_memory_metrics agent=transcript_analyzer facts_kept=5 facts_total=8 hypotheses=0 relations=0 approx_tokens=2389 query_chars=3075[0m [36mreq[0m=[35m987360b7[0m
[2m12:34:06[0m [[32m[1minfo     [0m] [1mAgent product_owner completed           [0m [36mreq[0m=[35m987360b7[0m
[2m12:34:06[0m [[32m[1minfo     [0m] [1mAgent quality_judge completed           [0m [36mreq[0m=[35m987360b7[0m
[2m12:34:07[0m [[32m[1minfo     [0m] [1mAgent execution_analyzer returned final answer after 0 tool calls[0m [36mreq[0m=[35m987360b7[0m
[2m12:34:07[0m [[32m[1minfo     [0m] [1mAgent execution_analyzer completed      [0m [36mreq[0m=[35m987360b7[0m
[2m12:34:09[0m [[32m[1minfo     [0m] [1mGetting challenge status: id=2d9f8f66-15b6-471c-a783-8b8c8c90a5ad[0m [36mreq[0m=[35mbd80a41c[0m
[2m12:34:09[0m [[32m[1minfo     [0m] [1mrequest_finished                        [0m [36mduration[0m=[35m0.01[0m [36mmethod[0m=[35mGET[0m [36mpath[0m=[35m/api/v1/challenges/2d9f8f66-15b6-471c-a783-8b8c8c90a5ad[0m [36mreq[0m=[35mbd80a41c[0m [36mrequest_id[0m=[35mbd80a41c-c640-4137-8030-a0c17b9b2d9c[0m [36mstatus[0m=[35m200[0m
[2m12:34:12[0m [[32m[1minfo     [0m] [1mAgent transcript_analyzer returned final answer after 0 tool calls[0m [36mreq[0m=[35m987360b7[0m
[2m12:34:12[0m [[32m[1minfo     [0m] [1mAgent transcript_analyzer completed     [0m [36mreq[0m=[35m987360b7[0m
[2m12:34:12[0m [[32m[1minfo     [0m] [1mWave 1 agent 'transcript_analyzer' completed: success=True, skipped=False, result_len=2133[0m [36mreq[0m=[35m987360b7[0m
[2m12:34:12[0m [[32m[1minfo     [0m] [1mWave 1 agent 'product_owner' completed: success=True, skipped=False, result_len=238[0m [36mreq[0m=[35m987360b7[0m
[2m12:34:12[0m [[32m[1minfo     [0m] [1mWave 1 agent 'quality_judge' completed: success=True, skipped=False, result_len=191[0m [36mreq[0m=[35m987360b7[0m
[2m12:34:12[0m [[32m[1minfo     [0m] [1mWave 1 agent 'execution_analyzer' completed: success=True, skipped=False, result_len=169[0m [36mreq[0m=[35m987360b7[0m
[2m12:34:12[0m [[32m[1minfo     [0m] [1mExecuting wave 2/5: ['49898ec1-10da-4a11-8457-1358d844c805', '07f8b963-9d7c-4232-ba20-52aa8d850e1d'][0m [36mreq[0m=[35m987360b7[0m
[2m12:34:12[0m [[32m[1minfo     [0m] [1mExecuting agent: context_retriever (49898ec1-10da-4a11-8457-1358d844c805)[0m [36mreq[0m=[35m987360b7[0m
[2m12:34:12[0m [[32m[1minfo     [0m] [1mExecuting agent: control_agent (07f8b963-9d7c-4232-ba20-52aa8d850e1d)[0m [36mreq[0m=[35m987360b7[0m
[2m12:34:14[0m [[32m[1minfo     [0m] [1mAgent control_agent returned final answer after 0 tool calls[0m [36mreq[0m=[35m987360b7[0m
[2m12:34:14[0m [[32m[1minfo     [0m] [1mTool call 1/5: skill_connect_to_postgresql_database[0m [36mreq[0m=[35m987360b7[0m
[2m12:34:14[0m [[32m[1minfo     [0m] [1mStarting sandbox execution: pip=['psycopg2-binary>=2.9.0', 'psycopg2-binary'], apt=[], input_files=[][0m [36mreq[0m=[35m987360b7[0m
[2m12:34:14[0m [[32m[1minfo     [0m] [1mFound cached image: lumari-sandbox:custom-b45b88ad (usage=15)[0m [36mreq[0m=[35m987360b7[0m
[2m12:34:14[0m [[32m[1minfo     [0m] [1mUsing cached image: lumari-sandbox:custom-b45b88ad[0m [36mreq[0m=[35m987360b7[0m
[2m12:34:14[0m [[32m[1minfo     [0m] [1mAgent control_agent completed           [0m [36mreq[0m=[35m987360b7[0m
[2m12:34:14[0m [[32m[1minfo     [0m] [1mGetting challenge status: id=2d9f8f66-15b6-471c-a783-8b8c8c90a5ad[0m [36mreq[0m=[35m40c5505d[0m
[2m12:34:14[0m [[32m[1minfo     [0m] [1mrequest_finished                        [0m [36mduration[0m=[35m0.016[0m [36mmethod[0m=[35mGET[0m [36mpath[0m=[35m/api/v1/challenges/2d9f8f66-15b6-471c-a783-8b8c8c90a5ad[0m [36mreq[0m=[35m40c5505d[0m [36mrequest_id[0m=[35m40c5505d-bc42-4178-97cb-dcce70d7f08c[0m [36mstatus[0m=[35m200[0m
[2m12:34:14[0m [[32m[1minfo     [0m] [1mSandbox execution complete: success=True, time=776ms, cached=True[0m [36mreq[0m=[35m987360b7[0m
[2m12:34:19[0m [[32m[1minfo     [0m] [1mGetting challenge status: id=2d9f8f66-15b6-471c-a783-8b8c8c90a5ad[0m [36mreq[0m=[35m4da313f7[0m
[2m12:34:19[0m [[32m[1minfo     [0m] [1mrequest_finished                        [0m [36mduration[0m=[35m0.01[0m [36mmethod[0m=[35mGET[0m [36mpath[0m=[35m/api/v1/challenges/2d9f8f66-15b6-471c-a783-8b8c8c90a5ad[0m [36mreq[0m=[35m4da313f7[0m [36mrequest_id[0m=[35m4da313f7-7100-4d3d-9047-2db1f88db321[0m [36mstatus[0m=[35m200[0m
[2m12:34:21[0m [[32m[1minfo     [0m] [1mAgent context_retriever returned final answer after 1 tool calls[0m [36mreq[0m=[35m987360b7[0m
[2m12:34:22[0m [[32m[1minfo     [0m] [1mAgent context_retriever completed       [0m [36mreq[0m=[35m987360b7[0m
[2m12:34:22[0m [[32m[1minfo     [0m] [1mWave 2 agent 'context_retriever' completed: success=True, skipped=False, result_len=825[0m [36mreq[0m=[35m987360b7[0m
[2m12:34:22[0m [[32m[1minfo     [0m] [1mWave 2 agent 'control_agent' completed: success=True, skipped=False, result_len=157[0m [36mreq[0m=[35m987360b7[0m
[2m12:34:22[0m [[32m[1minfo     [0m] [1mExecuting wave 3/5: ['f54aabd1-ca21-4768-b12e-ccf5ca95d0da', 'a676e764-25ce-41cf-95d1-b838c8e6804d', 'd01ede79-d82b-465b-ae42-d1a7a2ec4188'][0m [36mreq[0m=[35m987360b7[0m
[2m12:34:22[0m [[32m[1minfo     [0m] [1mExecuting agent: report_generator (f54aabd1-ca21-4768-b12e-ccf5ca95d0da)[0m [36mreq[0m=[35m987360b7[0m
[2m12:34:22[0m [[32m[1minfo     [0m] [1mExecuting agent: prompt_engineer (a676e764-25ce-41cf-95d1-b838c8e6804d)[0m [36mreq[0m=[35m987360b7[0m
[2m12:34:22[0m [[32m[1minfo     [0m] [1mExecuting agent: tool_builder (d01ede79-d82b-465b-ae42-d1a7a2ec4188)[0m [36mreq[0m=[35m987360b7[0m
[2m12:34:24[0m [[32m[1minfo     [0m] [1mGetting challenge status: id=2d9f8f66-15b6-471c-a783-8b8c8c90a5ad[0m [36mreq[0m=[35mb7098895[0m
[2m12:34:24[0m [[32m[1minfo     [0m] [1mrequest_finished                        [0m [36mduration[0m=[35m0.009[0m [36mmethod[0m=[35mGET[0m [36mpath[0m=[35m/api/v1/challenges/2d9f8f66-15b6-471c-a783-8b8c8c90a5ad[0m [36mreq[0m=[35mb7098895[0m [36mrequest_id[0m=[35mb7098895-c558-42f1-aa96-30654d51a739[0m [36mstatus[0m=[35m200[0m
[2m12:34:25[0m [[32m[1minfo     [0m] [1mAgent prompt_engineer returned final answer after 0 tool calls[0m [36mreq[0m=[35m987360b7[0m
[2m12:34:25[0m [[32m[1minfo     [0m] [1mAgent report_generator returned final answer after 0 tool calls[0m [36mreq[0m=[35m987360b7[0m
[2m12:34:25[0m [[32m[1minfo     [0m] [1mAgent prompt_engineer completed         [0m [36mreq[0m=[35m987360b7[0m
[2m12:34:25[0m [[32m[1minfo     [0m] [1mAgent report_generator completed        [0m [36mreq[0m=[35m987360b7[0m
[2m12:34:28[0m [[32m[1minfo     [0m] [1mAgent tool_builder returned final answer after 0 tool calls[0m [36mreq[0m=[35m987360b7[0m
[2m12:34:28[0m [[32m[1minfo     [0m] [1mAgent tool_builder completed            [0m [36mreq[0m=[35m987360b7[0m
[2m12:34:28[0m [[32m[1minfo     [0m] [1mWave 3 agent 'report_generator' completed: success=True, skipped=False, result_len=2381[0m [36mreq[0m=[35m987360b7[0m
[2m12:34:28[0m [[32m[1minfo     [0m] [1mWave 3 agent 'prompt_engineer' completed: success=True, skipped=False, result_len=1775[0m [36mreq[0m=[35m987360b7[0m
[2m12:34:28[0m [[32m[1minfo     [0m] [1mWave 3 agent 'tool_builder' completed: success=True, skipped=False, result_len=173[0m [36mreq[0m=[35m987360b7[0m
[2m12:34:28[0m [[32m[1minfo     [0m] [1mExecuting wave 4/5: ['85860279-90e3-4984-b25d-af840d3dca9b'][0m [36mreq[0m=[35m987360b7[0m
[2m12:34:28[0m [[32m[1minfo     [0m] [1mExecuting agent: quality_validator (85860279-90e3-4984-b25d-af840d3dca9b)[0m [36mreq[0m=[35m987360b7[0m
[2m12:34:29[0m [[32m[1minfo     [0m] [1mAgent quality_validator returned final answer after 0 tool calls[0m [36mreq[0m=[35m987360b7[0m
[2m12:34:29[0m [[32m[1minfo     [0m] [1mGetting challenge status: id=2d9f8f66-15b6-471c-a783-8b8c8c90a5ad[0m [36mreq[0m=[35m53cdd4ff[0m
[2m12:34:29[0m [[32m[1minfo     [0m] [1mrequest_finished                        [0m [36mduration[0m=[35m0.009[0m [36mmethod[0m=[35mGET[0m [36mpath[0m=[35m/api/v1/challenges/2d9f8f66-15b6-471c-a783-8b8c8c90a5ad[0m [36mreq[0m=[35m53cdd4ff[0m [36mrequest_id[0m=[35m53cdd4ff-4da8-4522-b72f-b2c134446b4a[0m [36mstatus[0m=[35m200[0m
[2m12:34:29[0m [[32m[1minfo     [0m] [1mAgent quality_validator completed       [0m [36mreq[0m=[35m987360b7[0m
[2m12:34:29[0m [[32m[1minfo     [0m] [1mWave 4 agent 'quality_validator' completed: success=True, skipped=False, result_len=172[0m [36mreq[0m=[35m987360b7[0m
[2m12:34:29[0m [[32m[1minfo     [0m] [1mExecuting wave 5/5: ['bbd241f8-1df0-49f4-950a-dc61efa2c950'][0m [36mreq[0m=[35m987360b7[0m
[2m12:34:29[0m [[32m[1minfo     [0m] [1mExecuting agent: report_finalizer (bbd241f8-1df0-49f4-950a-dc61efa2c950)[0m [36mreq[0m=[35m987360b7[0m
[2m12:34:32[0m [[32m[1minfo     [0m] [1mAgent report_finalizer returned final answer after 0 tool calls[0m [36mreq[0m=[35m987360b7[0m
[2m12:34:33[0m [[32m[1minfo     [0m] [1mAgent report_finalizer completed        [0m [36mreq[0m=[35m987360b7[0m
[2m12:34:33[0m [[32m[1minfo     [0m] [1mWave 5 agent 'report_finalizer' completed: success=True, skipped=False, result_len=2077[0m [36mreq[0m=[35m987360b7[0m
[2m12:34:33[0m [[32m[1minfo     [0m] [1mArtifact pool cleared: 11 artifacts discarded[0m [36mreq[0m=[35m987360b7[0m
[2m12:34:33[0m [[32m[1minfo     [0m] [1mPersisted 1 facts to shared memory for execution de89616f-d25d-488e-9e2e-4a4435636dfb[0m [36mreq[0m=[35m987360b7[0m
[2m12:34:33[0m [[32m[1minfo     [0m] [1mStarting telemetry for agent=05bebe15..., execution=de89616f...[0m [36mreq[0m=[35m987360b7[0m
[2m12:34:33[0m [[33m[1mwarning  [0m] [1mTelemetrie-Bridge fehlgeschlagen: 1 validation error for ExecutionTelemetryCreate
outcome
  Input should be 'success', 'error', 'timeout' or 'cancelled' [type=literal_error, input_value='running', input_type=str]
    For further information visit https://errors.pydantic.dev/2.11/v/literal_error[0m [36mreq[0m=[35m987360b7[0m
[2m12:34:33[0m [[32m[1minfo     [0m] [1mConfigured epicbox profile: image=lumari-sandbox:latest, limits={'cputime': 5, 'realtime': 10, 'memory': 128, 'processes': 1}[0m [36mreq[0m=[35m987360b7[0m
[2m12:34:33[0m [[32m[1minfo     [0m] [1mStarting analysis pipeline for execution_id=de89616f...[0m [36mreq[0m=[35m987360b7[0m
[2m12:34:33[0m [[33m[1mwarning  [0m] [1mNo telemetry found for execution de89616f-d25d-488e-9e2e-4a4435636dfb[0m [36mreq[0m=[35m987360b7[0m
[2m12:34:33[0m [[32m[1minfo     [0m] [1mExecution completed: challenge_id=2d9f8f66-15b6-471c-a783-8b8c8c90a5ad, success=True[0m [36mreq[0m=[35m987360b7[0m
[2m12:34:34[0m [[32m[1minfo     [0m] [1mGetting challenge status: id=2d9f8f66-15b6-471c-a783-8b8c8c90a5ad[0m [36mreq[0m=[35mad696285[0m
[2m12:34:34[0m [[32m[1minfo     [0m] [1mrequest_finished                        [0m [36mduration[0m=[35m0.008[0m [36mmethod[0m=[35mGET[0m [36mpath[0m=[35m/api/v1/challenges/2d9f8f66-15b6-471c-a783-8b8c8c90a5ad[0m [36mreq[0m=[35mad696285[0m [36mrequest_id[0m=[35mad696285-c12f-4441-b56b-eb520a4a3564[0m [36mstatus[0m=[35m200[0m
[2m12:34:34[0m [[32m[1minfo     [0m] [1mGetting challenge results: id=2d9f8f66-15b6-471c-a783-8b8c8c90a5ad[0m [36mreq[0m=[35m4de4f023[0m
[2m12:34:34[0m [[32m[1minfo     [0m] [1mrequest_finished                        [0m [36mduration[0m=[35m0.009[0m [36mmethod[0m=[35mGET[0m [36mpath[0m=[35m/api/v1/challenges/2d9f8f66-15b6-471c-a783-8b8c8c90a5ad/results[0m [36mreq[0m=[35m4de4f023[0m [36mrequest_id[0m=[35m4de4f023-fe5c-47ce-89e9-ab71955c84cf[0m [36mstatus[0m=[35m200[0m
[2m12:34:37[0m [[32m[1minfo     [0m] [1mFile upload: bauleitungssitzung_20251028.opus, size=371346, type=audio/opus[0m [36mreq[0m=[35m22fb5304[0m
[2m12:34:37[0m [[32m[1minfo     [0m] [1mSaved binary file to: /Users/patrick/Documents/Uni/master_project/backend/app/api/v1/endpoints/../../../uploads/85238562-195f-4fd0-ab6e-0699eabbcc4f.opus[0m [36mreq[0m=[35m22fb5304[0m
[2m12:34:37[0m [[32m[1minfo     [0m] [1mAudio transcription skill available: skill_audio_transcription — will transcribe in background[0m [36mreq[0m=[35m22fb5304[0m
[2m12:34:37[0m [[32m[1minfo     [0m] [1mFile upload: bauleitungssitzung_20251028.opus -> challenge_id=6371f966-0c6e-4759-805c-3568401353f2, gaps=0, route=execute[0m [36mreq[0m=[35m22fb5304[0m
[2m12:34:37[0m [[32m[1minfo     [0m] [1mrequest_finished                        [0m [36mduration[0m=[35m0.045[0m [36mmethod[0m=[35mPOST[0m [36mpath[0m=[35m/api/v1/challenges/upload[0m [36mreq[0m=[35m22fb5304[0m [36mrequest_id[0m=[35m22fb5304-0229-44ab-94b4-ce644723390e[0m [36mstatus[0m=[35m200[0m
[2m12:34:37[0m [[32m[1minfo     [0m] [1mExecuting challenge: id=6371f966-0c6e-4759-805c-3568401353f2[0m [36mreq[0m=[35m9ba4f21d[0m
[2m12:34:37[0m [[32m[1minfo     [0m] [1mrequest_finished                        [0m [36mduration[0m=[35m0.004[0m [36mmethod[0m=[35mPOST[0m [36mpath[0m=[35m/api/v1/challenges/6371f966-0c6e-4759-805c-3568401353f2/execute[0m [36mreq[0m=[35m9ba4f21d[0m [36mrequest_id[0m=[35m9ba4f21d-4dc8-4c31-9115-dc46aee7073a[0m [36mstatus[0m=[35m200[0m
[2m12:34:37[0m [[32m[1minfo     [0m] [1mStarting background execution: challenge_id=6371f966-0c6e-4759-805c-3568401353f2[0m [36mreq[0m=[35m9ba4f21d[0m
[2m12:34:37[0m [[32m[1minfo     [0m] [1mTranskribiere Audio vor Execution: /Users/patrick/Documents/Uni/master_project/backend/app/api/v1/endpoints/../../../uploads/85238562-195f-4fd0-ab6e-0699eabbcc4f.opus mit Skill skill_audio_transcription[0m [36mreq[0m=[35m9ba4f21d[0m
[2m12:34:37[0m [[32m[1minfo     [0m] [1mStarting sandbox execution: pip=['openai-whisper'], apt=['ffmpeg'], input_files=['85238562-195f-4fd0-ab6e-0699eabbcc4f.opus'][0m [36mreq[0m=[35m9ba4f21d[0m
[2m12:34:37[0m [[32m[1minfo     [0m] [1mDocker client connected successfully    [0m [36mreq[0m=[35m9ba4f21d[0m
[2m12:34:37[0m [[32m[1minfo     [0m] [1mInstalling system packages: ffmpeg      [0m [36mreq[0m=[35m9ba4f21d[0m
[2m12:34:42[0m [[32m[1minfo     [0m] [1mGetting challenge status: id=6371f966-0c6e-4759-805c-3568401353f2[0m [36mreq[0m=[35ma0ec18ca[0m
[2m12:34:42[0m [[32m[1minfo     [0m] [1mrequest_finished                        [0m [36mduration[0m=[35m0.006[0m [36mmethod[0m=[35mGET[0m [36mpath[0m=[35m/api/v1/challenges/6371f966-0c6e-4759-805c-3568401353f2[0m [36mreq[0m=[35ma0ec18ca[0m [36mrequest_id[0m=[35ma0ec18ca-d42b-435d-97ad-624165a45dbe[0m [36mstatus[0m=[35m200[0m
[2m12:34:47[0m [[32m[1minfo     [0m] [1mGetting challenge status: id=6371f966-0c6e-4759-805c-3568401353f2[0m [36mreq[0m=[35m8e64cd66[0m
[2m12:34:47[0m [[32m[1minfo     [0m] [1mrequest_finished                        [0m [36mduration[0m=[35m0.006[0m [36mmethod[0m=[35mGET[0m [36mpath[0m=[35m/api/v1/challenges/6371f966-0c6e-4759-805c-3568401353f2[0m [36mreq[0m=[35m8e64cd66[0m [36mrequest_id[0m=[35m8e64cd66-84ac-4e4f-bc77-e9250222c615[0m [36mstatus[0m=[35m200[0m
[2m12:34:52[0m [[32m[1minfo     [0m] [1mGetting challenge status: id=6371f966-0c6e-4759-805c-3568401353f2[0m [36mreq[0m=[35ma4a86696[0m
[2m12:34:52[0m [[32m[1minfo     [0m] [1mrequest_finished                        [0m [36mduration[0m=[35m0.016[0m [36mmethod[0m=[35mGET[0m [36mpath[0m=[35m/api/v1/challenges/6371f966-0c6e-4759-805c-3568401353f2[0m [36mreq[0m=[35ma4a86696[0m [36mrequest_id[0m=[35ma4a86696-a3b3-46bc-9fcd-54e3d91db374[0m [36mstatus[0m=[35m200[0m
[2m12:34:57[0m [[32m[1minfo     [0m] [1mGetting challenge status: id=6371f966-0c6e-4759-805c-3568401353f2[0m [36mreq[0m=[35mf8faeb77[0m
[2m12:34:57[0m [[32m[1minfo     [0m] [1mrequest_finished                        [0m [36mduration[0m=[35m0.588[0m [36mmethod[0m=[35mGET[0m [36mpath[0m=[35m/api/v1/challenges/6371f966-0c6e-4759-805c-3568401353f2[0m [36mreq[0m=[35mf8faeb77[0m [36mrequest_id[0m=[35mf8faeb77-1fd4-4792-9432-170510e40a71[0m [36mstatus[0m=[35m200[0m
[2m12:35:02[0m [[32m[1minfo     [0m] [1mGetting challenge status: id=6371f966-0c6e-4759-805c-3568401353f2[0m [36mreq[0m=[35m6c0aed93[0m
[2m12:35:02[0m [[32m[1minfo     [0m] [1mrequest_finished                        [0m [36mduration[0m=[35m0.019[0m [36mmethod[0m=[35mGET[0m [36mpath[0m=[35m/api/v1/challenges/6371f966-0c6e-4759-805c-3568401353f2[0m [36mreq[0m=[35m6c0aed93[0m [36mrequest_id[0m=[35m6c0aed93-2c45-44bc-84ab-3012e64b2cfb[0m [36mstatus[0m=[35m200[0m
[2m12:35:07[0m [[32m[1minfo     [0m] [1mGetting challenge status: id=6371f966-0c6e-4759-805c-3568401353f2[0m [36mreq[0m=[35mf8418822[0m
[2m12:35:07[0m [[32m[1minfo     [0m] [1mrequest_finished                        [0m [36mduration[0m=[35m0.036[0m [36mmethod[0m=[35mGET[0m [36mpath[0m=[35m/api/v1/challenges/6371f966-0c6e-4759-805c-3568401353f2[0m [36mreq[0m=[35mf8418822[0m [36mrequest_id[0m=[35mf8418822-69d0-48be-9a08-efae75926c58[0m [36mstatus[0m=[35m200[0m
[2m12:35:12[0m [[32m[1minfo     [0m] [1mGetting challenge status: id=6371f966-0c6e-4759-805c-3568401353f2[0m [36mreq[0m=[35md3d7fa20[0m
[2m12:35:12[0m [[32m[1minfo     [0m] [1mrequest_finished                        [0m [36mduration[0m=[35m0.005[0m [36mmethod[0m=[35mGET[0m [36mpath[0m=[35m/api/v1/challenges/6371f966-0c6e-4759-805c-3568401353f2[0m [36mreq[0m=[35md3d7fa20[0m [36mrequest_id[0m=[35md3d7fa20-e1f2-47ac-962e-af725c79a845[0m [36mstatus[0m=[35m200[0m
[2m12:35:17[0m [[32m[1minfo     [0m] [1mGetting challenge status: id=6371f966-0c6e-4759-805c-3568401353f2[0m [36mreq[0m=[35m3dd93f67[0m
[2m12:35:17[0m [[32m[1minfo     [0m] [1mrequest_finished                        [0m [36mduration[0m=[35m0.021[0m [36mmethod[0m=[35mGET[0m [36mpath[0m=[35m/api/v1/challenges/6371f966-0c6e-4759-805c-3568401353f2[0m [36mreq[0m=[35m3dd93f67[0m [36mrequest_id[0m=[35m3dd93f67-3836-42b8-a925-01655737bff4[0m [36mstatus[0m=[35m200[0m
[2m12:35:22[0m [[32m[1minfo     [0m] [1mGetting challenge status: id=6371f966-0c6e-4759-805c-3568401353f2[0m [36mreq[0m=[35meb2902da[0m
[2m12:35:22[0m [[32m[1minfo     [0m] [1mrequest_finished                        [0m [36mduration[0m=[35m0.009[0m [36mmethod[0m=[35mGET[0m [36mpath[0m=[35m/api/v1/challenges/6371f966-0c6e-4759-805c-3568401353f2[0m [36mreq[0m=[35meb2902da[0m [36mrequest_id[0m=[35meb2902da-33c9-46de-9399-b28ffcd80604[0m [36mstatus[0m=[35m200[0m
[2m12:35:27[0m [[32m[1minfo     [0m] [1mGetting challenge status: id=6371f966-0c6e-4759-805c-3568401353f2[0m [36mreq[0m=[35m333a4e49[0m
[2m12:35:27[0m [[32m[1minfo     [0m] [1mrequest_finished                        [0m [36mduration[0m=[35m0.009[0m [36mmethod[0m=[35mGET[0m [36mpath[0m=[35m/api/v1/challenges/6371f966-0c6e-4759-805c-3568401353f2[0m [36mreq[0m=[35m333a4e49[0m [36mrequest_id[0m=[35m333a4e49-79f6-44d1-8d7c-c8b0a1b31b27[0m [36mstatus[0m=[35m200[0m
[2m12:35:29[0m [[32m[1minfo     [0m] [1mSystem packages installed successfully: ffmpeg[0m [36mreq[0m=[35m9ba4f21d[0m
[2m12:35:29[0m [[32m[1minfo     [0m] [1mInstalling pip packages: "openai-whisper"[0m [36mreq[0m=[35m9ba4f21d[0m
[2m12:35:32[0m [[32m[1minfo     [0m] [1mGetting challenge status: id=6371f966-0c6e-4759-805c-3568401353f2[0m [36mreq[0m=[35mf9c0cd8a[0m
[2m12:35:32[0m [[32m[1minfo     [0m] [1mrequest_finished                        [0m [36mduration[0m=[35m0.011[0m [36mmethod[0m=[35mGET[0m [36mpath[0m=[35m/api/v1/challenges/6371f966-0c6e-4759-805c-3568401353f2[0m [36mreq[0m=[35mf9c0cd8a[0m [36mrequest_id[0m=[35mf9c0cd8a-7c09-493d-9bac-267014b925e4[0m [36mstatus[0m=[35m200[0m
[2m12:35:37[0m [[32m[1minfo     [0m] [1mGetting challenge status: id=6371f966-0c6e-4759-805c-3568401353f2[0m [36mreq[0m=[35mafe36609[0m
[2m12:35:37[0m [[32m[1minfo     [0m] [1mrequest_finished                        [0m [36mduration[0m=[35m0.02[0m [36mmethod[0m=[35mGET[0m [36mpath[0m=[35m/api/v1/challenges/6371f966-0c6e-4759-805c-3568401353f2[0m [36mreq[0m=[35mafe36609[0m [36mrequest_id[0m=[35mafe36609-82ae-4e09-9fdf-84ef383a545c[0m [36mstatus[0m=[35m200[0m
[2m12:35:42[0m [[32m[1minfo     [0m] [1mGetting challenge status: id=6371f966-0c6e-4759-805c-3568401353f2[0m [36mreq[0m=[35m230b1713[0m
[2m12:35:42[0m [[32m[1minfo     [0m] [1mrequest_finished                        [0m [36mduration[0m=[35m0.007[0m [36mmethod[0m=[35mGET[0m [36mpath[0m=[35m/api/v1/challenges/6371f966-0c6e-4759-805c-3568401353f2[0m [36mreq[0m=[35m230b1713[0m [36mrequest_id[0m=[35m230b1713-02f2-4203-8870-17134fe28f9f[0m [36mstatus[0m=[35m200[0m
[2m12:35:48[0m [[32m[1minfo     [0m] [1mGetting challenge status: id=6371f966-0c6e-4759-805c-3568401353f2[0m [36mreq[0m=[35m9df4b16e[0m
[2m12:35:48[0m [[32m[1minfo     [0m] [1mrequest_finished                        [0m [36mduration[0m=[35m0.015[0m [36mmethod[0m=[35mGET[0m [36mpath[0m=[35m/api/v1/challenges/6371f966-0c6e-4759-805c-3568401353f2[0m [36mreq[0m=[35m9df4b16e[0m [36mrequest_id[0m=[35m9df4b16e-d9df-4c2a-b953-8855ddcb8196[0m [36mstatus[0m=[35m200[0m
[2m12:35:53[0m [[32m[1minfo     [0m] [1mGetting challenge status: id=6371f966-0c6e-4759-805c-3568401353f2[0m [36mreq[0m=[35mb412ab3b[0m
[2m12:35:53[0m [[32m[1minfo     [0m] [1mrequest_finished                        [0m [36mduration[0m=[35m0.014[0m [36mmethod[0m=[35mGET[0m [36mpath[0m=[35m/api/v1/challenges/6371f966-0c6e-4759-805c-3568401353f2[0m [36mreq[0m=[35mb412ab3b[0m [36mrequest_id[0m=[35mb412ab3b-48e2-4b08-a160-d4cfb1af6e1a[0m [36mstatus[0m=[35m200[0m
[2m12:35:58[0m [[32m[1minfo     [0m] [1mGetting challenge status: id=6371f966-0c6e-4759-805c-3568401353f2[0m [36mreq[0m=[35mf7299cca[0m
[2m12:35:58[0m [[32m[1minfo     [0m] [1mrequest_finished                        [0m [36mduration[0m=[35m0.005[0m [36mmethod[0m=[35mGET[0m [36mpath[0m=[35m/api/v1/challenges/6371f966-0c6e-4759-805c-3568401353f2[0m [36mreq[0m=[35mf7299cca[0m [36mrequest_id[0m=[35mf7299cca-3792-4e3c-ac70-a940d3a7e438[0m [36mstatus[0m=[35m200[0m
[2m12:36:03[0m [[32m[1minfo     [0m] [1mGetting challenge status: id=6371f966-0c6e-4759-805c-3568401353f2[0m [36mreq[0m=[35m27b2c400[0m
[2m12:36:03[0m [[32m[1minfo     [0m] [1mrequest_finished                        [0m [36mduration[0m=[35m0.008[0m [36mmethod[0m=[35mGET[0m [36mpath[0m=[35m/api/v1/challenges/6371f966-0c6e-4759-805c-3568401353f2[0m [36mreq[0m=[35m27b2c400[0m [36mrequest_id[0m=[35m27b2c400-de86-4e26-b0e6-6a225693c005[0m [36mstatus[0m=[35m200[0m
[2m12:36:08[0m [[32m[1minfo     [0m] [1mGetting challenge status: id=6371f966-0c6e-4759-805c-3568401353f2[0m [36mreq[0m=[35m21d9dc42[0m
[2m12:36:08[0m [[32m[1minfo     [0m] [1mrequest_finished                        [0m [36mduration[0m=[35m0.018[0m [36mmethod[0m=[35mGET[0m [36mpath[0m=[35m/api/v1/challenges/6371f966-0c6e-4759-805c-3568401353f2[0m [36mreq[0m=[35m21d9dc42[0m [36mrequest_id[0m=[35m21d9dc42-7a1c-47a5-9238-29d025f43861[0m [36mstatus[0m=[35m200[0m
[2m12:36:13[0m [[32m[1minfo     [0m] [1mGetting challenge status: id=6371f966-0c6e-4759-805c-3568401353f2[0m [36mreq[0m=[35m9bc930f1[0m
[2m12:36:13[0m [[32m[1minfo     [0m] [1mrequest_finished                        [0m [36mduration[0m=[35m0.008[0m [36mmethod[0m=[35mGET[0m [36mpath[0m=[35m/api/v1/challenges/6371f966-0c6e-4759-805c-3568401353f2[0m [36mreq[0m=[35m9bc930f1[0m [36mrequest_id[0m=[35m9bc930f1-7237-46e5-92af-daa0e773059a[0m [36mstatus[0m=[35m200[0m
[2m12:36:18[0m [[32m[1minfo     [0m] [1mGetting challenge status: id=6371f966-0c6e-4759-805c-3568401353f2[0m [36mreq[0m=[35mec8b81c1[0m
[2m12:36:18[0m [[32m[1minfo     [0m] [1mrequest_finished                        [0m [36mduration[0m=[35m0.02[0m [36mmethod[0m=[35mGET[0m [36mpath[0m=[35m/api/v1/challenges/6371f966-0c6e-4759-805c-3568401353f2[0m [36mreq[0m=[35mec8b81c1[0m [36mrequest_id[0m=[35mec8b81c1-999e-4809-b961-fc4d6a6c3973[0m [36mstatus[0m=[35m200[0m
[2m12:36:23[0m [[32m[1minfo     [0m] [1mGetting challenge status: id=6371f966-0c6e-4759-805c-3568401353f2[0m [36mreq[0m=[35m68d1f892[0m
[2m12:36:23[0m [[32m[1minfo     [0m] [1mrequest_finished                        [0m [36mduration[0m=[35m0.006[0m [36mmethod[0m=[35mGET[0m [36mpath[0m=[35m/api/v1/challenges/6371f966-0c6e-4759-805c-3568401353f2[0m [36mreq[0m=[35m68d1f892[0m [36mrequest_id[0m=[35m68d1f892-8828-49d1-8e3e-b6303360fcb5[0m [36mstatus[0m=[35m200[0m
[2m12:36:28[0m [[32m[1minfo     [0m] [1mGetting challenge status: id=6371f966-0c6e-4759-805c-3568401353f2[0m [36mreq[0m=[35ma29b77a7[0m
[2m12:36:28[0m [[32m[1minfo     [0m] [1mrequest_finished                        [0m [36mduration[0m=[35m0.007[0m [36mmethod[0m=[35mGET[0m [36mpath[0m=[35m/api/v1/challenges/6371f966-0c6e-4759-805c-3568401353f2[0m [36mreq[0m=[35ma29b77a7[0m [36mrequest_id[0m=[35ma29b77a7-099e-4e78-b959-6e5696de169b[0m [36mstatus[0m=[35m200[0m
[2m12:36:33[0m [[32m[1minfo     [0m] [1mGetting challenge status: id=6371f966-0c6e-4759-805c-3568401353f2[0m [36mreq[0m=[35m460511c4[0m
[2m12:36:33[0m [[32m[1minfo     [0m] [1mrequest_finished                        [0m [36mduration[0m=[35m0.012[0m [36mmethod[0m=[35mGET[0m [36mpath[0m=[35m/api/v1/challenges/6371f966-0c6e-4759-805c-3568401353f2[0m [36mreq[0m=[35m460511c4[0m [36mrequest_id[0m=[35m460511c4-0c98-4324-9fe0-32dc68a3dd30[0m [36mstatus[0m=[35m200[0m
[2m12:36:36[0m [[32m[1minfo     [0m] [1mPip packages installed successfully     [0m [36mreq[0m=[35m9ba4f21d[0m
[2m12:36:38[0m [[32m[1minfo     [0m] [1mGetting challenge status: id=6371f966-0c6e-4759-805c-3568401353f2[0m [36mreq[0m=[35m1447efe1[0m
[2m12:36:38[0m [[32m[1minfo     [0m] [1mrequest_finished                        [0m [36mduration[0m=[35m0.004[0m [36mmethod[0m=[35mGET[0m [36mpath[0m=[35m/api/v1/challenges/6371f966-0c6e-4759-805c-3568401353f2[0m [36mreq[0m=[35m1447efe1[0m [36mrequest_id[0m=[35m1447efe1-27f1-48c0-b183-99688797007a[0m [36mstatus[0m=[35m200[0m
[2m12:36:43[0m [[32m[1minfo     [0m] [1mGetting challenge status: id=6371f966-0c6e-4759-805c-3568401353f2[0m [36mreq[0m=[35m8a873ca6[0m
[2m12:36:43[0m [[32m[1minfo     [0m] [1mrequest_finished                        [0m [36mduration[0m=[35m0.006[0m [36mmethod[0m=[35mGET[0m [36mpath[0m=[35m/api/v1/challenges/6371f966-0c6e-4759-805c-3568401353f2[0m [36mreq[0m=[35m8a873ca6[0m [36mrequest_id[0m=[35m8a873ca6-cf49-4ad7-8e19-749b5b344e01[0m [36mstatus[0m=[35m200[0m
[2m12:36:48[0m [[32m[1minfo     [0m] [1mGetting challenge status: id=6371f966-0c6e-4759-805c-3568401353f2[0m [36mreq[0m=[35m4bb9e819[0m
[2m12:36:48[0m [[32m[1minfo     [0m] [1mrequest_finished                        [0m [36mduration[0m=[35m0.028[0m [36mmethod[0m=[35mGET[0m [36mpath[0m=[35m/api/v1/challenges/6371f966-0c6e-4759-805c-3568401353f2[0m [36mreq[0m=[35m4bb9e819[0m [36mrequest_id[0m=[35m4bb9e819-b4b9-4a9b-995e-fae685ab098b[0m [36mstatus[0m=[35m200[0m
[2m12:36:53[0m [[32m[1minfo     [0m] [1mGetting challenge status: id=6371f966-0c6e-4759-805c-3568401353f2[0m [36mreq[0m=[35ma8ee987c[0m
[2m12:36:53[0m [[32m[1minfo     [0m] [1mrequest_finished                        [0m [36mduration[0m=[35m0.006[0m [36mmethod[0m=[35mGET[0m [36mpath[0m=[35m/api/v1/challenges/6371f966-0c6e-4759-805c-3568401353f2[0m [36mreq[0m=[35ma8ee987c[0m [36mrequest_id[0m=[35ma8ee987c-6489-4a71-9919-717643a27f3d[0m [36mstatus[0m=[35m200[0m
[2m12:36:58[0m [[32m[1minfo     [0m] [1mGetting challenge status: id=6371f966-0c6e-4759-805c-3568401353f2[0m [36mreq[0m=[35ma60eed57[0m
[2m12:36:58[0m [[32m[1minfo     [0m] [1mrequest_finished                        [0m [36mduration[0m=[35m0.013[0m [36mmethod[0m=[35mGET[0m [36mpath[0m=[35m/api/v1/challenges/6371f966-0c6e-4759-805c-3568401353f2[0m [36mreq[0m=[35ma60eed57[0m [36mrequest_id[0m=[35ma60eed57-a9ca-4bbd-b6ea-0134af4fdc6a[0m [36mstatus[0m=[35m200[0m
[2m12:37:03[0m [[32m[1minfo     [0m] [1mGetting challenge status: id=6371f966-0c6e-4759-805c-3568401353f2[0m [36mreq[0m=[35md30c1003[0m
[2m12:37:03[0m [[32m[1minfo     [0m] [1mrequest_finished                        [0m [36mduration[0m=[35m0.014[0m [36mmethod[0m=[35mGET[0m [36mpath[0m=[35m/api/v1/challenges/6371f966-0c6e-4759-805c-3568401353f2[0m [36mreq[0m=[35md30c1003[0m [36mrequest_id[0m=[35md30c1003-9987-4147-89fa-8287ecd07622[0m [36mstatus[0m=[35m200[0m
[2m12:37:08[0m [[32m[1minfo     [0m] [1mGetting challenge status: id=6371f966-0c6e-4759-805c-3568401353f2[0m [36mreq[0m=[35me7b48f39[0m
[2m12:37:08[0m [[32m[1minfo     [0m] [1mrequest_finished                        [0m [36mduration[0m=[35m0.006[0m [36mmethod[0m=[35mGET[0m [36mpath[0m=[35m/api/v1/challenges/6371f966-0c6e-4759-805c-3568401353f2[0m [36mreq[0m=[35me7b48f39[0m [36mrequest_id[0m=[35me7b48f39-5877-4df0-b5f1-d5a50a95db79[0m [36mstatus[0m=[35m200[0m
[2m12:37:13[0m [[32m[1minfo     [0m] [1mGetting challenge status: id=6371f966-0c6e-4759-805c-3568401353f2[0m [36mreq[0m=[35m43c11cd7[0m
[2m12:37:13[0m [[32m[1minfo     [0m] [1mrequest_finished                        [0m [36mduration[0m=[35m0.006[0m [36mmethod[0m=[35mGET[0m [36mpath[0m=[35m/api/v1/challenges/6371f966-0c6e-4759-805c-3568401353f2[0m [36mreq[0m=[35m43c11cd7[0m [36mrequest_id[0m=[35m43c11cd7-9b02-4b61-b6ed-c39b5927a678[0m [36mstatus[0m=[35m200[0m
[2m12:37:18[0m [[32m[1minfo     [0m] [1mGetting challenge status: id=6371f966-0c6e-4759-805c-3568401353f2[0m [36mreq[0m=[35m6ea78116[0m
[2m12:37:18[0m [[32m[1minfo     [0m] [1mrequest_finished                        [0m [36mduration[0m=[35m0.008[0m [36mmethod[0m=[35mGET[0m [36mpath[0m=[35m/api/v1/challenges/6371f966-0c6e-4759-805c-3568401353f2[0m [36mreq[0m=[35m6ea78116[0m [36mrequest_id[0m=[35m6ea78116-af60-498d-851a-744dd1145f22[0m [36mstatus[0m=[35m200[0m
[2m12:37:23[0m [[32m[1minfo     [0m] [1mGetting challenge status: id=6371f966-0c6e-4759-805c-3568401353f2[0m [36mreq[0m=[35m84efcd23[0m
[2m12:37:23[0m [[32m[1minfo     [0m] [1mrequest_finished                        [0m [36mduration[0m=[35m0.005[0m [36mmethod[0m=[35mGET[0m [36mpath[0m=[35m/api/v1/challenges/6371f966-0c6e-4759-805c-3568401353f2[0m [36mreq[0m=[35m84efcd23[0m [36mrequest_id[0m=[35m84efcd23-fd35-4dff-a1ad-7175b64246e9[0m [36mstatus[0m=[35m200[0m
[2m12:37:28[0m [[32m[1minfo     [0m] [1mGetting challenge status: id=6371f966-0c6e-4759-805c-3568401353f2[0m [36mreq[0m=[35m7962b2ab[0m
[2m12:37:28[0m [[32m[1minfo     [0m] [1mrequest_finished                        [0m [36mduration[0m=[35m0.005[0m [36mmethod[0m=[35mGET[0m [36mpath[0m=[35m/api/v1/challenges/6371f966-0c6e-4759-805c-3568401353f2[0m [36mreq[0m=[35m7962b2ab[0m [36mrequest_id[0m=[35m7962b2ab-e181-4faf-a363-36e8eed17426[0m [36mstatus[0m=[35m200[0m
[2m12:37:33[0m [[32m[1minfo     [0m] [1mGetting challenge status: id=6371f966-0c6e-4759-805c-3568401353f2[0m [36mreq[0m=[35m5aaf1151[0m
[2m12:37:33[0m [[32m[1minfo     [0m] [1mrequest_finished                        [0m [36mduration[0m=[35m0.009[0m [36mmethod[0m=[35mGET[0m [36mpath[0m=[35m/api/v1/challenges/6371f966-0c6e-4759-805c-3568401353f2[0m [36mreq[0m=[35m5aaf1151[0m [36mrequest_id[0m=[35m5aaf1151-fe52-48d7-b06d-673aa887d71f[0m [36mstatus[0m=[35m200[0m
[2m12:37:38[0m [[32m[1minfo     [0m] [1mGetting challenge status: id=6371f966-0c6e-4759-805c-3568401353f2[0m [36mreq[0m=[35m8195cd1a[0m
[2m12:37:38[0m [[32m[1minfo     [0m] [1mrequest_finished                        [0m [36mduration[0m=[35m0.015[0m [36mmethod[0m=[35mGET[0m [36mpath[0m=[35m/api/v1/challenges/6371f966-0c6e-4759-805c-3568401353f2[0m [36mreq[0m=[35m8195cd1a[0m [36mrequest_id[0m=[35m8195cd1a-bd68-489d-8773-1d25a86670aa[0m [36mstatus[0m=[35m200[0m
[2m12:37:43[0m [[32m[1minfo     [0m] [1mGetting challenge status: id=6371f966-0c6e-4759-805c-3568401353f2[0m [36mreq[0m=[35m43aea1ba[0m
[2m12:37:43[0m [[32m[1minfo     [0m] [1mrequest_finished                        [0m [36mduration[0m=[35m0.006[0m [36mmethod[0m=[35mGET[0m [36mpath[0m=[35m/api/v1/challenges/6371f966-0c6e-4759-805c-3568401353f2[0m [36mreq[0m=[35m43aea1ba[0m [36mrequest_id[0m=[35m43aea1ba-a53c-4bc4-96df-b1e72c763fe1[0m [36mstatus[0m=[35m200[0m
[2m12:37:48[0m [[32m[1minfo     [0m] [1mGetting challenge status: id=6371f966-0c6e-4759-805c-3568401353f2[0m [36mreq[0m=[35m6833f004[0m
[2m12:37:48[0m [[32m[1minfo     [0m] [1mrequest_finished                        [0m [36mduration[0m=[35m0.016[0m [36mmethod[0m=[35mGET[0m [36mpath[0m=[35m/api/v1/challenges/6371f966-0c6e-4759-805c-3568401353f2[0m [36mreq[0m=[35m6833f004[0m [36mrequest_id[0m=[35m6833f004-f030-405e-8154-0e7ce250a036[0m [36mstatus[0m=[35m200[0m
[2m12:37:53[0m [[32m[1minfo     [0m] [1mGetting challenge status: id=6371f966-0c6e-4759-805c-3568401353f2[0m [36mreq[0m=[35m5428fe52[0m
[2m12:37:53[0m [[32m[1minfo     [0m] [1mrequest_finished                        [0m [36mduration[0m=[35m0.009[0m [36mmethod[0m=[35mGET[0m [36mpath[0m=[35m/api/v1/challenges/6371f966-0c6e-4759-805c-3568401353f2[0m [36mreq[0m=[35m5428fe52[0m [36mrequest_id[0m=[35m5428fe52-2eb8-4968-9d0e-a204935ca05d[0m [36mstatus[0m=[35m200[0m
[2m12:37:58[0m [[32m[1minfo     [0m] [1mGetting challenge status: id=6371f966-0c6e-4759-805c-3568401353f2[0m [36mreq[0m=[35m8b3689b2[0m
[2m12:37:58[0m [[32m[1minfo     [0m] [1mrequest_finished                        [0m [36mduration[0m=[35m0.016[0m [36mmethod[0m=[35mGET[0m [36mpath[0m=[35m/api/v1/challenges/6371f966-0c6e-4759-805c-3568401353f2[0m [36mreq[0m=[35m8b3689b2[0m [36mrequest_id[0m=[35m8b3689b2-8ebd-4a30-80ad-a723301aad73[0m [36mstatus[0m=[35m200[0m
[2m12:38:03[0m [[32m[1minfo     [0m] [1mGetting challenge status: id=6371f966-0c6e-4759-805c-3568401353f2[0m [36mreq[0m=[35mcb5b0057[0m
[2m12:38:03[0m [[32m[1minfo     [0m] [1mrequest_finished                        [0m [36mduration[0m=[35m0.008[0m [36mmethod[0m=[35mGET[0m [36mpath[0m=[35m/api/v1/challenges/6371f966-0c6e-4759-805c-3568401353f2[0m [36mreq[0m=[35mcb5b0057[0m [36mrequest_id[0m=[35mcb5b0057-a699-442b-b399-f1b736564f41[0m [36mstatus[0m=[35m200[0m
[2m12:38:08[0m [[32m[1minfo     [0m] [1mGetting challenge status: id=6371f966-0c6e-4759-805c-3568401353f2[0m [36mreq[0m=[35m28560be7[0m
[2m12:38:08[0m [[32m[1minfo     [0m] [1mrequest_finished                        [0m [36mduration[0m=[35m0.009[0m [36mmethod[0m=[35mGET[0m [36mpath[0m=[35m/api/v1/challenges/6371f966-0c6e-4759-805c-3568401353f2[0m [36mreq[0m=[35m28560be7[0m [36mrequest_id[0m=[35m28560be7-3b66-42f8-81ca-f239ca4a6e80[0m [36mstatus[0m=[35m200[0m
[2m12:38:13[0m [[32m[1minfo     [0m] [1mGetting challenge status: id=6371f966-0c6e-4759-805c-3568401353f2[0m [36mreq[0m=[35m12d50aa8[0m
[2m12:38:13[0m [[32m[1minfo     [0m] [1mrequest_finished                        [0m [36mduration[0m=[35m0.018[0m [36mmethod[0m=[35mGET[0m [36mpath[0m=[35m/api/v1/challenges/6371f966-0c6e-4759-805c-3568401353f2[0m [36mreq[0m=[35m12d50aa8[0m [36mrequest_id[0m=[35m12d50aa8-1bad-4af1-812b-8ffc050d0fb9[0m [36mstatus[0m=[35m200[0m
[2m12:38:18[0m [[32m[1minfo     [0m] [1mGetting challenge status: id=6371f966-0c6e-4759-805c-3568401353f2[0m [36mreq[0m=[35mb609abba[0m
[2m12:38:18[0m [[32m[1minfo     [0m] [1mrequest_finished                        [0m [36mduration[0m=[35m0.081[0m [36mmethod[0m=[35mGET[0m [36mpath[0m=[35m/api/v1/challenges/6371f966-0c6e-4759-805c-3568401353f2[0m [36mreq[0m=[35mb609abba[0m [36mrequest_id[0m=[35mb609abba-5f41-4b47-a14c-15da68d253d9[0m [36mstatus[0m=[35m200[0m
[2m12:38:23[0m [[32m[1minfo     [0m] [1mGetting challenge status: id=6371f966-0c6e-4759-805c-3568401353f2[0m [36mreq[0m=[35m1dfbde88[0m
[2m12:38:23[0m [[32m[1minfo     [0m] [1mrequest_finished                        [0m [36mduration[0m=[35m0.008[0m [36mmethod[0m=[35mGET[0m [36mpath[0m=[35m/api/v1/challenges/6371f966-0c6e-4759-805c-3568401353f2[0m [36mreq[0m=[35m1dfbde88[0m [36mrequest_id[0m=[35m1dfbde88-393c-4fe4-ba8b-b7924e562000[0m [36mstatus[0m=[35m200[0m
[2m12:38:28[0m [[32m[1minfo     [0m] [1mGetting challenge status: id=6371f966-0c6e-4759-805c-3568401353f2[0m [36mreq[0m=[35m79014247[0m
[2m12:38:28[0m [[32m[1minfo     [0m] [1mrequest_finished                        [0m [36mduration[0m=[35m0.016[0m [36mmethod[0m=[35mGET[0m [36mpath[0m=[35m/api/v1/challenges/6371f966-0c6e-4759-805c-3568401353f2[0m [36mreq[0m=[35m79014247[0m [36mrequest_id[0m=[35m79014247-9270-48fb-9d83-c8f5d3ace8f3[0m [36mstatus[0m=[35m200[0m
[2m12:38:33[0m [[32m[1minfo     [0m] [1mGetting challenge status: id=6371f966-0c6e-4759-805c-3568401353f2[0m [36mreq[0m=[35me07482db[0m
[2m12:38:34[0m [[32m[1minfo     [0m] [1mrequest_finished                        [0m [36mduration[0m=[35m0.028[0m [36mmethod[0m=[35mGET[0m [36mpath[0m=[35m/api/v1/challenges/6371f966-0c6e-4759-805c-3568401353f2[0m [36mreq[0m=[35me07482db[0m [36mrequest_id[0m=[35me07482db-3deb-4f99-9ad0-3ed153893749[0m [36mstatus[0m=[35m200[0m
[2m12:38:39[0m [[32m[1minfo     [0m] [1mGetting challenge status: id=6371f966-0c6e-4759-805c-3568401353f2[0m [36mreq[0m=[35md4fd1f5e[0m
[2m12:38:39[0m [[32m[1minfo     [0m] [1mrequest_finished                        [0m [36mduration[0m=[35m0.005[0m [36mmethod[0m=[35mGET[0m [36mpath[0m=[35m/api/v1/challenges/6371f966-0c6e-4759-805c-3568401353f2[0m [36mreq[0m=[35md4fd1f5e[0m [36mrequest_id[0m=[35md4fd1f5e-2352-4115-968c-136d5226849b[0m [36mstatus[0m=[35m200[0m
[2m12:38:44[0m [[32m[1minfo     [0m] [1mGetting challenge status: id=6371f966-0c6e-4759-805c-3568401353f2[0m [36mreq[0m=[35m20ccad4b[0m
[2m12:38:44[0m [[32m[1minfo     [0m] [1mrequest_finished                        [0m [36mduration[0m=[35m0.029[0m [36mmethod[0m=[35mGET[0m [36mpath[0m=[35m/api/v1/challenges/6371f966-0c6e-4759-805c-3568401353f2[0m [36mreq[0m=[35m20ccad4b[0m [36mrequest_id[0m=[35m20ccad4b-1c7f-42a3-aaf2-d3343c3c9290[0m [36mstatus[0m=[35m200[0m
[2m12:38:49[0m [[32m[1minfo     [0m] [1mGetting challenge status: id=6371f966-0c6e-4759-805c-3568401353f2[0m [36mreq[0m=[35md4bf9eb9[0m
[2m12:38:49[0m [[32m[1minfo     [0m] [1mrequest_finished                        [0m [36mduration[0m=[35m0.01[0m [36mmethod[0m=[35mGET[0m [36mpath[0m=[35m/api/v1/challenges/6371f966-0c6e-4759-805c-3568401353f2[0m [36mreq[0m=[35md4bf9eb9[0m [36mrequest_id[0m=[35md4bf9eb9-f55d-4d4c-acbf-6cb80dbbac0e[0m [36mstatus[0m=[35m200[0m
[2m12:38:54[0m [[32m[1minfo     [0m] [1mGetting challenge status: id=6371f966-0c6e-4759-805c-3568401353f2[0m [36mreq[0m=[35m439a198b[0m
[2m12:38:54[0m [[32m[1minfo     [0m] [1mrequest_finished                        [0m [36mduration[0m=[35m0.133[0m [36mmethod[0m=[35mGET[0m [36mpath[0m=[35m/api/v1/challenges/6371f966-0c6e-4759-805c-3568401353f2[0m [36mreq[0m=[35m439a198b[0m [36mrequest_id[0m=[35m439a198b-b5b2-42a4-8bad-131d75ada1a9[0m [36mstatus[0m=[35m200[0m
[2m12:38:59[0m [[32m[1minfo     [0m] [1mGetting challenge status: id=6371f966-0c6e-4759-805c-3568401353f2[0m [36mreq[0m=[35mb8bfde03[0m
[2m12:38:59[0m [[32m[1minfo     [0m] [1mrequest_finished                        [0m [36mduration[0m=[35m0.023[0m [36mmethod[0m=[35mGET[0m [36mpath[0m=[35m/api/v1/challenges/6371f966-0c6e-4759-805c-3568401353f2[0m [36mreq[0m=[35mb8bfde03[0m [36mrequest_id[0m=[35mb8bfde03-98ad-431e-ab91-32fce6241d43[0m [36mstatus[0m=[35m200[0m
[2m12:39:04[0m [[32m[1minfo     [0m] [1mGetting challenge status: id=6371f966-0c6e-4759-805c-3568401353f2[0m [36mreq[0m=[35m7d44d504[0m
[2m12:39:04[0m [[32m[1minfo     [0m] [1mrequest_finished                        [0m [36mduration[0m=[35m0.03[0m [36mmethod[0m=[35mGET[0m [36mpath[0m=[35m/api/v1/challenges/6371f966-0c6e-4759-805c-3568401353f2[0m [36mreq[0m=[35m7d44d504[0m [36mrequest_id[0m=[35m7d44d504-4169-4fdb-8722-015db9b2b7df[0m [36mstatus[0m=[35m200[0m
[2m12:39:09[0m [[32m[1minfo     [0m] [1mGetting challenge status: id=6371f966-0c6e-4759-805c-3568401353f2[0m [36mreq[0m=[35meb88d481[0m
[2m12:39:09[0m [[32m[1minfo     [0m] [1mrequest_finished                        [0m [36mduration[0m=[35m0.032[0m [36mmethod[0m=[35mGET[0m [36mpath[0m=[35m/api/v1/challenges/6371f966-0c6e-4759-805c-3568401353f2[0m [36mreq[0m=[35meb88d481[0m [36mrequest_id[0m=[35meb88d481-d885-4327-99b1-6c86422dbceb[0m [36mstatus[0m=[35m200[0m
[2m12:39:14[0m [[32m[1minfo     [0m] [1mGetting challenge status: id=6371f966-0c6e-4759-805c-3568401353f2[0m [36mreq[0m=[35me4233786[0m
[2m12:39:14[0m [[32m[1minfo     [0m] [1mrequest_finished                        [0m [36mduration[0m=[35m0.027[0m [36mmethod[0m=[35mGET[0m [36mpath[0m=[35m/api/v1/challenges/6371f966-0c6e-4759-805c-3568401353f2[0m [36mreq[0m=[35me4233786[0m [36mrequest_id[0m=[35me4233786-2e2b-4d2a-8fc0-c91133921d7c[0m [36mstatus[0m=[35m200[0m
[2m12:39:19[0m [[32m[1minfo     [0m] [1mGetting challenge status: id=6371f966-0c6e-4759-805c-3568401353f2[0m [36mreq[0m=[35mafb783a7[0m
[2m12:39:19[0m [[32m[1minfo     [0m] [1mrequest_finished                        [0m [36mduration[0m=[35m0.013[0m [36mmethod[0m=[35mGET[0m [36mpath[0m=[35m/api/v1/challenges/6371f966-0c6e-4759-805c-3568401353f2[0m [36mreq[0m=[35mafb783a7[0m [36mrequest_id[0m=[35mafb783a7-8789-4169-ae28-515fad3c33ca[0m [36mstatus[0m=[35m200[0m
[2m12:39:24[0m [[32m[1minfo     [0m] [1mGetting challenge status: id=6371f966-0c6e-4759-805c-3568401353f2[0m [36mreq[0m=[35mb5dd796c[0m
[2m12:39:24[0m [[32m[1minfo     [0m] [1mrequest_finished                        [0m [36mduration[0m=[35m0.008[0m [36mmethod[0m=[35mGET[0m [36mpath[0m=[35m/api/v1/challenges/6371f966-0c6e-4759-805c-3568401353f2[0m [36mreq[0m=[35mb5dd796c[0m [36mrequest_id[0m=[35mb5dd796c-ccd1-4deb-99a4-79451c77b326[0m [36mstatus[0m=[35m200[0m
[2m12:39:29[0m [[32m[1minfo     [0m] [1mGetting challenge status: id=6371f966-0c6e-4759-805c-3568401353f2[0m [36mreq[0m=[35m80c36022[0m
[2m12:39:29[0m [[32m[1minfo     [0m] [1mrequest_finished                        [0m [36mduration[0m=[35m0.013[0m [36mmethod[0m=[35mGET[0m [36mpath[0m=[35m/api/v1/challenges/6371f966-0c6e-4759-805c-3568401353f2[0m [36mreq[0m=[35m80c36022[0m [36mrequest_id[0m=[35m80c36022-941a-4f74-b861-160948cd7074[0m [36mstatus[0m=[35m200[0m
[2m12:39:34[0m [[32m[1minfo     [0m] [1mGetting challenge status: id=6371f966-0c6e-4759-805c-3568401353f2[0m [36mreq[0m=[35m051cfe85[0m
[2m12:39:34[0m [[32m[1minfo     [0m] [1mrequest_finished                        [0m [36mduration[0m=[35m0.018[0m [36mmethod[0m=[35mGET[0m [36mpath[0m=[35m/api/v1/challenges/6371f966-0c6e-4759-805c-3568401353f2[0m [36mreq[0m=[35m051cfe85[0m [36mrequest_id[0m=[35m051cfe85-480c-4426-8a9c-d8f4f2515243[0m [36mstatus[0m=[35m200[0m
[2m12:39:39[0m [[32m[1minfo     [0m] [1mGetting challenge status: id=6371f966-0c6e-4759-805c-3568401353f2[0m [36mreq[0m=[35m72a7f090[0m
[2m12:39:39[0m [[32m[1minfo     [0m] [1mrequest_finished                        [0m [36mduration[0m=[35m0.009[0m [36mmethod[0m=[35mGET[0m [36mpath[0m=[35m/api/v1/challenges/6371f966-0c6e-4759-805c-3568401353f2[0m [36mreq[0m=[35m72a7f090[0m [36mrequest_id[0m=[35m72a7f090-7378-437d-8c90-408dac9360ab[0m [36mstatus[0m=[35m200[0m
[2m12:39:44[0m [[32m[1minfo     [0m] [1mGetting challenge status: id=6371f966-0c6e-4759-805c-3568401353f2[0m [36mreq[0m=[35mc6988205[0m
[2m12:39:44[0m [[32m[1minfo     [0m] [1mrequest_finished                        [0m [36mduration[0m=[35m0.007[0m [36mmethod[0m=[35mGET[0m [36mpath[0m=[35m/api/v1/challenges/6371f966-0c6e-4759-805c-3568401353f2[0m [36mreq[0m=[35mc6988205[0m [36mrequest_id[0m=[35mc6988205-84fa-4bb4-b1ff-6b7b2e5609cd[0m [36mstatus[0m=[35m200[0m
[2m12:39:50[0m [[32m[1minfo     [0m] [1mGetting challenge status: id=6371f966-0c6e-4759-805c-3568401353f2[0m [36mreq[0m=[35m285eafc3[0m
[2m12:39:50[0m [[32m[1minfo     [0m] [1mrequest_finished                        [0m [36mduration[0m=[35m0.006[0m [36mmethod[0m=[35mGET[0m [36mpath[0m=[35m/api/v1/challenges/6371f966-0c6e-4759-805c-3568401353f2[0m [36mreq[0m=[35m285eafc3[0m [36mrequest_id[0m=[35m285eafc3-0e04-42d8-8dd6-556196f24cf9[0m [36mstatus[0m=[35m200[0m
[2m12:39:55[0m [[32m[1minfo     [0m] [1mGetting challenge status: id=6371f966-0c6e-4759-805c-3568401353f2[0m [36mreq[0m=[35m3ed366ce[0m
[2m12:39:55[0m [[32m[1minfo     [0m] [1mrequest_finished                        [0m [36mduration[0m=[35m0.012[0m [36mmethod[0m=[35mGET[0m [36mpath[0m=[35m/api/v1/challenges/6371f966-0c6e-4759-805c-3568401353f2[0m [36mreq[0m=[35m3ed366ce[0m [36mrequest_id[0m=[35m3ed366ce-3095-417f-917a-669dff0e5f49[0m [36mstatus[0m=[35m200[0m
[2m12:40:00[0m [[32m[1minfo     [0m] [1mGetting challenge status: id=6371f966-0c6e-4759-805c-3568401353f2[0m [36mreq[0m=[35m8c7a04d0[0m
[2m12:40:00[0m [[32m[1minfo     [0m] [1mrequest_finished                        [0m [36mduration[0m=[35m0.009[0m [36mmethod[0m=[35mGET[0m [36mpath[0m=[35m/api/v1/challenges/6371f966-0c6e-4759-805c-3568401353f2[0m [36mreq[0m=[35m8c7a04d0[0m [36mrequest_id[0m=[35m8c7a04d0-81ab-4674-aed0-441d5bb94ad0[0m [36mstatus[0m=[35m200[0m
[2m12:40:05[0m [[32m[1minfo     [0m] [1mGetting challenge status: id=6371f966-0c6e-4759-805c-3568401353f2[0m [36mreq[0m=[35md22d8779[0m
[2m12:40:05[0m [[32m[1minfo     [0m] [1mrequest_finished                        [0m [36mduration[0m=[35m0.012[0m [36mmethod[0m=[35mGET[0m [36mpath[0m=[35m/api/v1/challenges/6371f966-0c6e-4759-805c-3568401353f2[0m [36mreq[0m=[35md22d8779[0m [36mrequest_id[0m=[35md22d8779-7dae-462b-b1e4-c79c5c8a3fd5[0m [36mstatus[0m=[35m200[0m
[2m12:40:10[0m [[32m[1minfo     [0m] [1mGetting challenge status: id=6371f966-0c6e-4759-805c-3568401353f2[0m [36mreq[0m=[35mb2717964[0m
[2m12:40:10[0m [[32m[1minfo     [0m] [1mrequest_finished                        [0m [36mduration[0m=[35m0.013[0m [36mmethod[0m=[35mGET[0m [36mpath[0m=[35m/api/v1/challenges/6371f966-0c6e-4759-805c-3568401353f2[0m [36mreq[0m=[35mb2717964[0m [36mrequest_id[0m=[35mb2717964-2f88-4c08-88da-59b1bcd9be74[0m [36mstatus[0m=[35m200[0m
[2m12:40:15[0m [[32m[1minfo     [0m] [1mGetting challenge status: id=6371f966-0c6e-4759-805c-3568401353f2[0m [36mreq[0m=[35m5f61c0d6[0m
[2m12:40:15[0m [[32m[1minfo     [0m] [1mrequest_finished                        [0m [36mduration[0m=[35m0.012[0m [36mmethod[0m=[35mGET[0m [36mpath[0m=[35m/api/v1/challenges/6371f966-0c6e-4759-805c-3568401353f2[0m [36mreq[0m=[35m5f61c0d6[0m [36mrequest_id[0m=[35m5f61c0d6-0dfd-405c-afc4-60d80a380ff5[0m [36mstatus[0m=[35m200[0m
[2m12:40:20[0m [[32m[1minfo     [0m] [1mGetting challenge status: id=6371f966-0c6e-4759-805c-3568401353f2[0m [36mreq[0m=[35mcf24b387[0m
[2m12:40:20[0m [[32m[1minfo     [0m] [1mrequest_finished                        [0m [36mduration[0m=[35m0.008[0m [36mmethod[0m=[35mGET[0m [36mpath[0m=[35m/api/v1/challenges/6371f966-0c6e-4759-805c-3568401353f2[0m [36mreq[0m=[35mcf24b387[0m [36mrequest_id[0m=[35mcf24b387-4eaa-43ea-9f62-b401f3630579[0m [36mstatus[0m=[35m200[0m
[2m12:40:25[0m [[32m[1minfo     [0m] [1mGetting challenge status: id=6371f966-0c6e-4759-805c-3568401353f2[0m [36mreq[0m=[35mae425f45[0m
[2m12:40:25[0m [[32m[1minfo     [0m] [1mrequest_finished                        [0m [36mduration[0m=[35m0.017[0m [36mmethod[0m=[35mGET[0m [36mpath[0m=[35m/api/v1/challenges/6371f966-0c6e-4759-805c-3568401353f2[0m [36mreq[0m=[35mae425f45[0m [36mrequest_id[0m=[35mae425f45-f784-4b54-8aaa-941e43310e13[0m [36mstatus[0m=[35m200[0m
[2m12:40:30[0m [[32m[1minfo     [0m] [1mGetting challenge status: id=6371f966-0c6e-4759-805c-3568401353f2[0m [36mreq[0m=[35mb924fbd9[0m
[2m12:40:30[0m [[32m[1minfo     [0m] [1mrequest_finished                        [0m [36mduration[0m=[35m0.03[0m [36mmethod[0m=[35mGET[0m [36mpath[0m=[35m/api/v1/challenges/6371f966-0c6e-4759-805c-3568401353f2[0m [36mreq[0m=[35mb924fbd9[0m [36mrequest_id[0m=[35mb924fbd9-304b-41d2-9c30-54cf86134141[0m [36mstatus[0m=[35m200[0m
[2m12:40:35[0m [[32m[1minfo     [0m] [1mGetting challenge status: id=6371f966-0c6e-4759-805c-3568401353f2[0m [36mreq[0m=[35m72410c28[0m
[2m12:40:35[0m [[32m[1minfo     [0m] [1mrequest_finished                        [0m [36mduration[0m=[35m0.016[0m [36mmethod[0m=[35mGET[0m [36mpath[0m=[35m/api/v1/challenges/6371f966-0c6e-4759-805c-3568401353f2[0m [36mreq[0m=[35m72410c28[0m [36mrequest_id[0m=[35m72410c28-2f97-44a8-b03d-a77958a9e47e[0m [36mstatus[0m=[35m200[0m
[2m12:40:40[0m [[32m[1minfo     [0m] [1mGetting challenge status: id=6371f966-0c6e-4759-805c-3568401353f2[0m [36mreq[0m=[35mafb98b19[0m
[2m12:40:40[0m [[32m[1minfo     [0m] [1mrequest_finished                        [0m [36mduration[0m=[35m0.02[0m [36mmethod[0m=[35mGET[0m [36mpath[0m=[35m/api/v1/challenges/6371f966-0c6e-4759-805c-3568401353f2[0m [36mreq[0m=[35mafb98b19[0m [36mrequest_id[0m=[35mafb98b19-60e6-48a8-b4b8-8dcfaf152570[0m [36mstatus[0m=[35m200[0m
[2m12:40:45[0m [[32m[1minfo     [0m] [1mGetting challenge status: id=6371f966-0c6e-4759-805c-3568401353f2[0m [36mreq[0m=[35mf892ee1b[0m
[2m12:40:45[0m [[32m[1minfo     [0m] [1mrequest_finished                        [0m [36mduration[0m=[35m0.006[0m [36mmethod[0m=[35mGET[0m [36mpath[0m=[35m/api/v1/challenges/6371f966-0c6e-4759-805c-3568401353f2[0m [36mreq[0m=[35mf892ee1b[0m [36mrequest_id[0m=[35mf892ee1b-ef5a-4cfb-ae95-b09bf2175f25[0m [36mstatus[0m=[35m200[0m
[2m12:40:50[0m [[32m[1minfo     [0m] [1mGetting challenge status: id=6371f966-0c6e-4759-805c-3568401353f2[0m [36mreq[0m=[35ma618b098[0m
[2m12:40:50[0m [[32m[1minfo     [0m] [1mrequest_finished                        [0m [36mduration[0m=[35m0.018[0m [36mmethod[0m=[35mGET[0m [36mpath[0m=[35m/api/v1/challenges/6371f966-0c6e-4759-805c-3568401353f2[0m [36mreq[0m=[35ma618b098[0m [36mrequest_id[0m=[35ma618b098-f071-49e3-8e1e-9060604c46bf[0m [36mstatus[0m=[35m200[0m
[2m12:40:55[0m [[32m[1minfo     [0m] [1mGetting challenge status: id=6371f966-0c6e-4759-805c-3568401353f2[0m [36mreq[0m=[35m3eae91c0[0m
[2m12:40:55[0m [[32m[1minfo     [0m] [1mrequest_finished                        [0m [36mduration[0m=[35m0.006[0m [36mmethod[0m=[35mGET[0m [36mpath[0m=[35m/api/v1/challenges/6371f966-0c6e-4759-805c-3568401353f2[0m [36mreq[0m=[35m3eae91c0[0m [36mrequest_id[0m=[35m3eae91c0-2ed2-484f-9f14-7881e49d197b[0m [36mstatus[0m=[35m200[0m
[2m12:41:00[0m [[32m[1minfo     [0m] [1mGetting challenge status: id=6371f966-0c6e-4759-805c-3568401353f2[0m [36mreq[0m=[35me3bb9fb7[0m
[2m12:41:00[0m [[32m[1minfo     [0m] [1mrequest_finished                        [0m [36mduration[0m=[35m0.014[0m [36mmethod[0m=[35mGET[0m [36mpath[0m=[35m/api/v1/challenges/6371f966-0c6e-4759-805c-3568401353f2[0m [36mreq[0m=[35me3bb9fb7[0m [36mrequest_id[0m=[35me3bb9fb7-b862-403d-bb2e-c77109b604c1[0m [36mstatus[0m=[35m200[0m
[2m12:41:05[0m [[32m[1minfo     [0m] [1mGetting challenge status: id=6371f966-0c6e-4759-805c-3568401353f2[0m [36mreq[0m=[35m41228965[0m
[2m12:41:05[0m [[32m[1minfo     [0m] [1mrequest_finished                        [0m [36mduration[0m=[35m0.031[0m [36mmethod[0m=[35mGET[0m [36mpath[0m=[35m/api/v1/challenges/6371f966-0c6e-4759-805c-3568401353f2[0m [36mreq[0m=[35m41228965[0m [36mrequest_id[0m=[35m41228965-35d7-406a-b649-93fac4f35ef6[0m [36mstatus[0m=[35m200[0m
[2m12:41:10[0m [[32m[1minfo     [0m] [1mGetting challenge status: id=6371f966-0c6e-4759-805c-3568401353f2[0m [36mreq[0m=[35md9580a77[0m
[2m12:41:10[0m [[32m[1minfo     [0m] [1mrequest_finished                        [0m [36mduration[0m=[35m0.027[0m [36mmethod[0m=[35mGET[0m [36mpath[0m=[35m/api/v1/challenges/6371f966-0c6e-4759-805c-3568401353f2[0m [36mreq[0m=[35md9580a77[0m [36mrequest_id[0m=[35md9580a77-8a39-41a9-ab1f-34c19d5571f8[0m [36mstatus[0m=[35m200[0m
[2m12:41:15[0m [[32m[1minfo     [0m] [1mGetting challenge status: id=6371f966-0c6e-4759-805c-3568401353f2[0m [36mreq[0m=[35mf22ff12d[0m
[2m12:41:15[0m [[32m[1minfo     [0m] [1mrequest_finished                        [0m [36mduration[0m=[35m0.007[0m [36mmethod[0m=[35mGET[0m [36mpath[0m=[35m/api/v1/challenges/6371f966-0c6e-4759-805c-3568401353f2[0m [36mreq[0m=[35mf22ff12d[0m [36mrequest_id[0m=[35mf22ff12d-7bec-49d3-ac7c-feb8abf9e123[0m [36mstatus[0m=[35m200[0m
[2m12:41:20[0m [[32m[1minfo     [0m] [1mGetting challenge status: id=6371f966-0c6e-4759-805c-3568401353f2[0m [36mreq[0m=[35m0dc777a5[0m
[2m12:41:20[0m [[32m[1minfo     [0m] [1mrequest_finished                        [0m [36mduration[0m=[35m0.017[0m [36mmethod[0m=[35mGET[0m [36mpath[0m=[35m/api/v1/challenges/6371f966-0c6e-4759-805c-3568401353f2[0m [36mreq[0m=[35m0dc777a5[0m [36mrequest_id[0m=[35m0dc777a5-5622-47c3-bf98-8486b54ea458[0m [36mstatus[0m=[35m200[0m
[2m12:41:25[0m [[32m[1minfo     [0m] [1mGetting challenge status: id=6371f966-0c6e-4759-805c-3568401353f2[0m [36mreq[0m=[35m736580ac[0m
[2m12:41:25[0m [[32m[1minfo     [0m] [1mrequest_finished                        [0m [36mduration[0m=[35m0.008[0m [36mmethod[0m=[35mGET[0m [36mpath[0m=[35m/api/v1/challenges/6371f966-0c6e-4759-805c-3568401353f2[0m [36mreq[0m=[35m736580ac[0m [36mrequest_id[0m=[35m736580ac-b175-4747-8d9b-45c54648d582[0m [36mstatus[0m=[35m200[0m
[2m12:41:30[0m [[32m[1minfo     [0m] [1mGetting challenge status: id=6371f966-0c6e-4759-805c-3568401353f2[0m [36mreq[0m=[35ma61a555b[0m
[2m12:41:30[0m [[32m[1minfo     [0m] [1mrequest_finished                        [0m [36mduration[0m=[35m0.009[0m [36mmethod[0m=[35mGET[0m [36mpath[0m=[35m/api/v1/challenges/6371f966-0c6e-4759-805c-3568401353f2[0m [36mreq[0m=[35ma61a555b[0m [36mrequest_id[0m=[35ma61a555b-7666-4a22-a2af-83751e98857b[0m [36mstatus[0m=[35m200[0m
[2m12:41:35[0m [[32m[1minfo     [0m] [1mGetting challenge status: id=6371f966-0c6e-4759-805c-3568401353f2[0m [36mreq[0m=[35mfa13e89b[0m
[2m12:41:35[0m [[32m[1minfo     [0m] [1mrequest_finished                        [0m [36mduration[0m=[35m0.023[0m [36mmethod[0m=[35mGET[0m [36mpath[0m=[35m/api/v1/challenges/6371f966-0c6e-4759-805c-3568401353f2[0m [36mreq[0m=[35mfa13e89b[0m [36mrequest_id[0m=[35mfa13e89b-3d8e-418f-b038-4c7874138352[0m [36mstatus[0m=[35m200[0m
[2m12:41:40[0m [[32m[1minfo     [0m] [1mGetting challenge status: id=6371f966-0c6e-4759-805c-3568401353f2[0m [36mreq[0m=[35mc80d4d2f[0m
[2m12:41:40[0m [[32m[1minfo     [0m] [1mrequest_finished                        [0m [36mduration[0m=[35m0.01[0m [36mmethod[0m=[35mGET[0m [36mpath[0m=[35m/api/v1/challenges/6371f966-0c6e-4759-805c-3568401353f2[0m [36mreq[0m=[35mc80d4d2f[0m [36mrequest_id[0m=[35mc80d4d2f-3e80-4d9d-a9b7-b03bb8157099[0m [36mstatus[0m=[35m200[0m
[2m12:41:45[0m [[32m[1minfo     [0m] [1mGetting challenge status: id=6371f966-0c6e-4759-805c-3568401353f2[0m [36mreq[0m=[35m47d07286[0m
[2m12:41:45[0m [[32m[1minfo     [0m] [1mrequest_finished                        [0m [36mduration[0m=[35m0.008[0m [36mmethod[0m=[35mGET[0m [36mpath[0m=[35m/api/v1/challenges/6371f966-0c6e-4759-805c-3568401353f2[0m [36mreq[0m=[35m47d07286[0m [36mrequest_id[0m=[35m47d07286-c00d-46ef-8cfd-1f69f8cb50a1[0m [36mstatus[0m=[35m200[0m
[2m12:41:50[0m [[32m[1minfo     [0m] [1mGetting challenge status: id=6371f966-0c6e-4759-805c-3568401353f2[0m [36mreq[0m=[35me1228556[0m
[2m12:41:50[0m [[32m[1minfo     [0m] [1mrequest_finished                        [0m [36mduration[0m=[35m0.008[0m [36mmethod[0m=[35mGET[0m [36mpath[0m=[35m/api/v1/challenges/6371f966-0c6e-4759-805c-3568401353f2[0m [36mreq[0m=[35me1228556[0m [36mrequest_id[0m=[35me1228556-4f34-4e25-a3ee-3337779f082e[0m [36mstatus[0m=[35m200[0m
[2m12:41:55[0m [[32m[1minfo     [0m] [1mGetting challenge status: id=6371f966-0c6e-4759-805c-3568401353f2[0m [36mreq[0m=[35mad22e87e[0m
[2m12:41:55[0m [[32m[1minfo     [0m] [1mrequest_finished                        [0m [36mduration[0m=[35m0.021[0m [36mmethod[0m=[35mGET[0m [36mpath[0m=[35m/api/v1/challenges/6371f966-0c6e-4759-805c-3568401353f2[0m [36mreq[0m=[35mad22e87e[0m [36mrequest_id[0m=[35mad22e87e-a82c-4ee3-97d5-a5f330d73fbd[0m [36mstatus[0m=[35m200[0m
[2m12:42:00[0m [[32m[1minfo     [0m] [1mGetting challenge status: id=6371f966-0c6e-4759-805c-3568401353f2[0m [36mreq[0m=[35mf3041e45[0m
[2m12:42:00[0m [[32m[1minfo     [0m] [1mrequest_finished                        [0m [36mduration[0m=[35m0.009[0m [36mmethod[0m=[35mGET[0m [36mpath[0m=[35m/api/v1/challenges/6371f966-0c6e-4759-805c-3568401353f2[0m [36mreq[0m=[35mf3041e45[0m [36mrequest_id[0m=[35mf3041e45-b9cf-43e4-839b-78ec890bc9a3[0m [36mstatus[0m=[35m200[0m
[2m12:42:05[0m [[32m[1minfo     [0m] [1mGetting challenge status: id=6371f966-0c6e-4759-805c-3568401353f2[0m [36mreq[0m=[35mfb2b450b[0m
[2m12:42:05[0m [[32m[1minfo     [0m] [1mrequest_finished                        [0m [36mduration[0m=[35m0.007[0m [36mmethod[0m=[35mGET[0m [36mpath[0m=[35m/api/v1/challenges/6371f966-0c6e-4759-805c-3568401353f2[0m [36mreq[0m=[35mfb2b450b[0m [36mrequest_id[0m=[35mfb2b450b-f176-424f-939f-4df65f846f9d[0m [36mstatus[0m=[35m200[0m
[2m12:42:10[0m [[32m[1minfo     [0m] [1mGetting challenge status: id=6371f966-0c6e-4759-805c-3568401353f2[0m [36mreq[0m=[35meec9f296[0m
[2m12:42:10[0m [[32m[1minfo     [0m] [1mrequest_finished                        [0m [36mduration[0m=[35m0.007[0m [36mmethod[0m=[35mGET[0m [36mpath[0m=[35m/api/v1/challenges/6371f966-0c6e-4759-805c-3568401353f2[0m [36mreq[0m=[35meec9f296[0m [36mrequest_id[0m=[35meec9f296-b9db-49fb-8068-319893934845[0m [36mstatus[0m=[35m200[0m
[2m12:42:15[0m [[32m[1minfo     [0m] [1mGetting challenge status: id=6371f966-0c6e-4759-805c-3568401353f2[0m [36mreq[0m=[35m5536cc45[0m
[2m12:42:15[0m [[32m[1minfo     [0m] [1mrequest_finished                        [0m [36mduration[0m=[35m0.01[0m [36mmethod[0m=[35mGET[0m [36mpath[0m=[35m/api/v1/challenges/6371f966-0c6e-4759-805c-3568401353f2[0m [36mreq[0m=[35m5536cc45[0m [36mrequest_id[0m=[35m5536cc45-b556-438d-be7a-f97813d945e8[0m [36mstatus[0m=[35m200[0m
[2m12:42:20[0m [[32m[1minfo     [0m] [1mGetting challenge status: id=6371f966-0c6e-4759-805c-3568401353f2[0m [36mreq[0m=[35m285e31fe[0m
[2m12:42:20[0m [[32m[1minfo     [0m] [1mrequest_finished                        [0m [36mduration[0m=[35m0.009[0m [36mmethod[0m=[35mGET[0m [36mpath[0m=[35m/api/v1/challenges/6371f966-0c6e-4759-805c-3568401353f2[0m [36mreq[0m=[35m285e31fe[0m [36mrequest_id[0m=[35m285e31fe-e93f-45e0-bea7-0bb2854ac046[0m [36mstatus[0m=[35m200[0m
[2m12:42:25[0m [[32m[1minfo     [0m] [1mGetting challenge status: id=6371f966-0c6e-4759-805c-3568401353f2[0m [36mreq[0m=[35mdf92323e[0m
[2m12:42:25[0m [[32m[1minfo     [0m] [1mrequest_finished                        [0m [36mduration[0m=[35m0.005[0m [36mmethod[0m=[35mGET[0m [36mpath[0m=[35m/api/v1/challenges/6371f966-0c6e-4759-805c-3568401353f2[0m [36mreq[0m=[35mdf92323e[0m [36mrequest_id[0m=[35mdf92323e-4635-4015-8c65-89520ca150a3[0m [36mstatus[0m=[35m200[0m
[2m12:42:30[0m [[32m[1minfo     [0m] [1mGetting challenge status: id=6371f966-0c6e-4759-805c-3568401353f2[0m [36mreq[0m=[35ma19315f5[0m
[2m12:42:30[0m [[32m[1minfo     [0m] [1mrequest_finished                        [0m [36mduration[0m=[35m0.018[0m [36mmethod[0m=[35mGET[0m [36mpath[0m=[35m/api/v1/challenges/6371f966-0c6e-4759-805c-3568401353f2[0m [36mreq[0m=[35ma19315f5[0m [36mrequest_id[0m=[35ma19315f5-9a95-409a-806d-fff4633a0677[0m [36mstatus[0m=[35m200[0m
[2m12:42:35[0m [[32m[1minfo     [0m] [1mGetting challenge status: id=6371f966-0c6e-4759-805c-3568401353f2[0m [36mreq[0m=[35me46026a2[0m
[2m12:42:35[0m [[32m[1minfo     [0m] [1mrequest_finished                        [0m [36mduration[0m=[35m0.046[0m [36mmethod[0m=[35mGET[0m [36mpath[0m=[35m/api/v1/challenges/6371f966-0c6e-4759-805c-3568401353f2[0m [36mreq[0m=[35me46026a2[0m [36mrequest_id[0m=[35me46026a2-f009-4df7-b8e4-40415773891d[0m [36mstatus[0m=[35m200[0m
[2m12:42:41[0m [[32m[1minfo     [0m] [1mGetting challenge status: id=6371f966-0c6e-4759-805c-3568401353f2[0m [36mreq[0m=[35m80ee250a[0m
[2m12:42:41[0m [[32m[1minfo     [0m] [1mrequest_finished                        [0m [36mduration[0m=[35m0.013[0m [36mmethod[0m=[35mGET[0m [36mpath[0m=[35m/api/v1/challenges/6371f966-0c6e-4759-805c-3568401353f2[0m [36mreq[0m=[35m80ee250a[0m [36mrequest_id[0m=[35m80ee250a-2984-4ef3-80ae-fe62466897d8[0m [36mstatus[0m=[35m200[0m
[2m12:42:46[0m [[32m[1minfo     [0m] [1mGetting challenge status: id=6371f966-0c6e-4759-805c-3568401353f2[0m [36mreq[0m=[35m73edeea2[0m
[2m12:42:46[0m [[32m[1minfo     [0m] [1mrequest_finished                        [0m [36mduration[0m=[35m0.026[0m [36mmethod[0m=[35mGET[0m [36mpath[0m=[35m/api/v1/challenges/6371f966-0c6e-4759-805c-3568401353f2[0m [36mreq[0m=[35m73edeea2[0m [36mrequest_id[0m=[35m73edeea2-fdfa-410d-8e3e-5928bd9700e7[0m [36mstatus[0m=[35m200[0m
[2m12:42:51[0m [[32m[1minfo     [0m] [1mGetting challenge status: id=6371f966-0c6e-4759-805c-3568401353f2[0m [36mreq[0m=[35m5e8dd14d[0m
[2m12:42:51[0m [[32m[1minfo     [0m] [1mrequest_finished                        [0m [36mduration[0m=[35m0.008[0m [36mmethod[0m=[35mGET[0m [36mpath[0m=[35m/api/v1/challenges/6371f966-0c6e-4759-805c-3568401353f2[0m [36mreq[0m=[35m5e8dd14d[0m [36mrequest_id[0m=[35m5e8dd14d-771c-4e7d-b2c6-fe901c2e361e[0m [36mstatus[0m=[35m200[0m
[2m12:42:56[0m [[32m[1minfo     [0m] [1mGetting challenge status: id=6371f966-0c6e-4759-805c-3568401353f2[0m [36mreq[0m=[35m34931fad[0m
[2m12:42:56[0m [[32m[1minfo     [0m] [1mrequest_finished                        [0m [36mduration[0m=[35m0.041[0m [36mmethod[0m=[35mGET[0m [36mpath[0m=[35m/api/v1/challenges/6371f966-0c6e-4759-805c-3568401353f2[0m [36mreq[0m=[35m34931fad[0m [36mrequest_id[0m=[35m34931fad-1f66-4b43-9dd7-f6f9bab36c62[0m [36mstatus[0m=[35m200[0m
[2m12:43:01[0m [[32m[1minfo     [0m] [1mGetting challenge status: id=6371f966-0c6e-4759-805c-3568401353f2[0m [36mreq[0m=[35mc307b56e[0m
[2m12:43:01[0m [[32m[1minfo     [0m] [1mrequest_finished                        [0m [36mduration[0m=[35m0.016[0m [36mmethod[0m=[35mGET[0m [36mpath[0m=[35m/api/v1/challenges/6371f966-0c6e-4759-805c-3568401353f2[0m [36mreq[0m=[35mc307b56e[0m [36mrequest_id[0m=[35mc307b56e-a366-40d9-b5f7-6964e14d54e1[0m [36mstatus[0m=[35m200[0m
[2m12:43:06[0m [[32m[1minfo     [0m] [1mGetting challenge status: id=6371f966-0c6e-4759-805c-3568401353f2[0m [36mreq[0m=[35m89e935b8[0m
[2m12:43:06[0m [[32m[1minfo     [0m] [1mrequest_finished                        [0m [36mduration[0m=[35m0.023[0m [36mmethod[0m=[35mGET[0m [36mpath[0m=[35m/api/v1/challenges/6371f966-0c6e-4759-805c-3568401353f2[0m [36mreq[0m=[35m89e935b8[0m [36mrequest_id[0m=[35m89e935b8-31f2-4628-8aa1-86378856e902[0m [36mstatus[0m=[35m200[0m
[2m12:43:10[0m [[32m[1minfo     [0m] [1mSandbox execution complete: success=True, time=513321ms, cached=False[0m [36mreq[0m=[35m9ba4f21d[0m
[2m12:43:11[0m [[32m[1minfo     [0m] [1mGetting challenge status: id=6371f966-0c6e-4759-805c-3568401353f2[0m [36mreq[0m=[35m8e129c5b[0m
[2m12:43:11[0m [[32m[1minfo     [0m] [1mrequest_finished                        [0m [36mduration[0m=[35m0.015[0m [36mmethod[0m=[35mGET[0m [36mpath[0m=[35m/api/v1/challenges/6371f966-0c6e-4759-805c-3568401353f2[0m [36mreq[0m=[35m8e129c5b[0m [36mrequest_id[0m=[35m8e129c5b-abde-4149-83e2-407d6397c47e[0m [36mstatus[0m=[35m200[0m
[2m12:43:16[0m [[32m[1minfo     [0m] [1mGetting challenge status: id=6371f966-0c6e-4759-805c-3568401353f2[0m [36mreq[0m=[35m8d32be40[0m
[2m12:43:16[0m [[32m[1minfo     [0m] [1mrequest_finished                        [0m [36mduration[0m=[35m0.011[0m [36mmethod[0m=[35mGET[0m [36mpath[0m=[35m/api/v1/challenges/6371f966-0c6e-4759-805c-3568401353f2[0m [36mreq[0m=[35m8d32be40[0m [36mrequest_id[0m=[35m8d32be40-2120-4938-a74c-5834d0124f4f[0m [36mstatus[0m=[35m200[0m
[2m12:43:17[0m [[32m[1minfo     [0m] [1mTranskription erfolgreich: 2397 Zeichen [0m [36mreq[0m=[35m9ba4f21d[0m
[2m12:43:17[0m [[32m[1minfo     [0m] [1mLoading topology from database...       [0m [36mreq[0m=[35m9ba4f21d[0m
[2m12:43:17[0m [[32m[1minfo     [0m] [1mMapped 13 skill entries to 13 capabilities[0m [36mreq[0m=[35m9ba4f21d[0m
[2m12:43:17[0m [[32m[1minfo     [0m] [1mTopology validated: 11 agents in 5 waves[0m [36mreq[0m=[35m9ba4f21d[0m
[2m12:43:17[0m [[32m[1minfo     [0m] [1mLoaded 13 skills for topology           [0m [36mreq[0m=[35m9ba4f21d[0m
[2m12:43:17[0m [[32m[1minfo     [0m] [1mTopology loaded: 11 agents, 5 waves     [0m [36mreq[0m=[35m9ba4f21d[0m
[2m12:43:18[0m [[32m[1minfo     [0m] [1mShared memory initialized with Qdrant   [0m [36mreq[0m=[35m9ba4f21d[0m
[2m12:43:18[0m [[32m[1minfo     [0m] [1mHybridOrchestrator initialized          [0m [36mreq[0m=[35m9ba4f21d[0m
[2m12:43:18[0m [[32m[1minfo     [0m] [1mStarting execution: d301ce2c-b8d4-469b-a3fb-cfe447571bfa[0m [36mreq[0m=[35m9ba4f21d[0m
[2m12:43:18[0m [[32m[1minfo     [0m] [1mLoading topology from database...       [0m [36mreq[0m=[35m9ba4f21d[0m
[2m12:43:18[0m [[32m[1minfo     [0m] [1mMapped 13 skill entries to 13 capabilities[0m [36mreq[0m=[35m9ba4f21d[0m
[2m12:43:18[0m [[32m[1minfo     [0m] [1mTopology validated: 11 agents in 5 waves[0m [36mreq[0m=[35m9ba4f21d[0m
[2m12:43:18[0m [[32m[1minfo     [0m] [1mLoaded 13 skills for topology           [0m [36mreq[0m=[35m9ba4f21d[0m
[2m12:43:18[0m [[32m[1minfo     [0m] [1mTopology loaded: 11 agents, 5 waves     [0m [36mreq[0m=[35m9ba4f21d[0m
[2m12:43:18[0m [[32m[1minfo     [0m] [1mDocker client connected successfully    [0m [36mreq[0m=[35m9ba4f21d[0m
[2m12:43:18[0m [[32m[1minfo     [0m] [1mCreated DynamicSandbox executor (Docker-based, unrestricted)[0m [36mreq[0m=[35m9ba4f21d[0m
[2m12:43:18[0m [[33m[1mwarning  [0m] [1mCould not create intervention orchestrator for self-healing: create_intervention_orchestrator() got an unexpected keyword argument 'db'[0m [36mreq[0m=[35m9ba4f21d[0m
[2m12:43:18[0m [[32m[1minfo     [0m] [1mExecuting wave 1/5: ['05bebe15-b46f-4b91-96e3-a50f6cf9e68d', '90c17f3b-7f91-4174-b3ac-b59a51feb378', '65ad3c5c-f66c-49a0-a7cd-4b9ebc6142b9', '073d766c-ed4f-4519-8e36-8c9631e97c67'][0m [36mreq[0m=[35m9ba4f21d[0m
[2m12:43:18[0m [[32m[1minfo     [0m] [1mExecuting agent: transcript_analyzer (05bebe15-b46f-4b91-96e3-a50f6cf9e68d)[0m [36mreq[0m=[35m9ba4f21d[0m
[2m12:43:18[0m [[32m[1minfo     [0m] [1mExecuting agent: product_owner (90c17f3b-7f91-4174-b3ac-b59a51feb378)[0m [36mreq[0m=[35m9ba4f21d[0m
[2m12:43:18[0m [[33m[1mwarning  [0m] [1mAgent product_owner expected artifacts ['analysis_findings'] but none found in pool[0m [36mreq[0m=[35m9ba4f21d[0m
[2m12:43:18[0m [[32m[1minfo     [0m] [1mExecuting agent: quality_judge (65ad3c5c-f66c-49a0-a7cd-4b9ebc6142b9)[0m [36mreq[0m=[35m9ba4f21d[0m
[2m12:43:18[0m [[33m[1mwarning  [0m] [1mAgent quality_judge expected artifacts ['ab_test_samples'] but none found in pool[0m [36mreq[0m=[35m9ba4f21d[0m
[2m12:43:18[0m [[32m[1minfo     [0m] [1mExecuting agent: execution_analyzer (073d766c-ed4f-4519-8e36-8c9631e97c67)[0m [36mreq[0m=[35m9ba4f21d[0m
[2m12:43:18[0m [[33m[1mwarning  [0m] [1mAgent execution_analyzer expected artifacts ['execution_telemetry'] but none found in pool[0m [36mreq[0m=[35m9ba4f21d[0m
[2m12:43:19[0m [[32m[1minfo     [0m] [1mAgent execution_analyzer returned final answer after 0 tool calls[0m [36mreq[0m=[35m9ba4f21d[0m
[2m12:43:19[0m [[32m[1minfo     [0m] [1mAgent product_owner returned final answer after 0 tool calls[0m [36mreq[0m=[35m9ba4f21d[0m
[2m12:43:19[0m [[32m[1minfo     [0m] [1mAgent quality_judge returned final answer after 0 tool calls[0m [36mreq[0m=[35m9ba4f21d[0m
[2m12:43:20[0m [[32m[1minfo     [0m] [1mAgent quality_judge completed           [0m [36mreq[0m=[35m9ba4f21d[0m
[2m12:43:20[0m [[32m[1minfo     [0m] [1mAgent execution_analyzer completed      [0m [36mreq[0m=[35m9ba4f21d[0m
[2m12:43:20[0m [[32m[1minfo     [0m] [1mAgent product_owner completed           [0m [36mreq[0m=[35m9ba4f21d[0m
[2m12:43:20[0m [[32m[1minfo     [0m] [1mshared_memory_metrics agent=transcript_analyzer facts_kept=5 facts_total=8 hypotheses=0 relations=0 approx_tokens=2389 query_chars=3075[0m [36mreq[0m=[35m9ba4f21d[0m
[2m12:43:21[0m [[32m[1minfo     [0m] [1mGetting challenge status: id=6371f966-0c6e-4759-805c-3568401353f2[0m [36mreq[0m=[35m341fc470[0m
[2m12:43:21[0m [[32m[1minfo     [0m] [1mrequest_finished                        [0m [36mduration[0m=[35m0.007[0m [36mmethod[0m=[35mGET[0m [36mpath[0m=[35m/api/v1/challenges/6371f966-0c6e-4759-805c-3568401353f2[0m [36mreq[0m=[35m341fc470[0m [36mrequest_id[0m=[35m341fc470-4f26-40a2-a677-9958c784aa15[0m [36mstatus[0m=[35m200[0m
[2m12:43:26[0m [[32m[1minfo     [0m] [1mGetting challenge status: id=6371f966-0c6e-4759-805c-3568401353f2[0m [36mreq[0m=[35mba39ca16[0m
[2m12:43:26[0m [[32m[1minfo     [0m] [1mrequest_finished                        [0m [36mduration[0m=[35m0.021[0m [36mmethod[0m=[35mGET[0m [36mpath[0m=[35m/api/v1/challenges/6371f966-0c6e-4759-805c-3568401353f2[0m [36mreq[0m=[35mba39ca16[0m [36mrequest_id[0m=[35mba39ca16-f32b-428b-b882-239c18ec3de1[0m [36mstatus[0m=[35m200[0m
[2m12:43:27[0m [[32m[1minfo     [0m] [1mAgent transcript_analyzer returned final answer after 0 tool calls[0m [36mreq[0m=[35m9ba4f21d[0m
[2m12:43:27[0m [[32m[1minfo     [0m] [1mAgent transcript_analyzer completed     [0m [36mreq[0m=[35m9ba4f21d[0m
[2m12:43:27[0m [[32m[1minfo     [0m] [1mWave 1 agent 'transcript_analyzer' completed: success=True, skipped=False, result_len=2569[0m [36mreq[0m=[35m9ba4f21d[0m
[2m12:43:27[0m [[32m[1minfo     [0m] [1mWave 1 agent 'product_owner' completed: success=True, skipped=False, result_len=255[0m [36mreq[0m=[35m9ba4f21d[0m
[2m12:43:27[0m [[32m[1minfo     [0m] [1mWave 1 agent 'quality_judge' completed: success=True, skipped=False, result_len=168[0m [36mreq[0m=[35m9ba4f21d[0m
[2m12:43:27[0m [[32m[1minfo     [0m] [1mWave 1 agent 'execution_analyzer' completed: success=True, skipped=False, result_len=237[0m [36mreq[0m=[35m9ba4f21d[0m
[2m12:43:27[0m [[32m[1minfo     [0m] [1mExecuting wave 2/5: ['49898ec1-10da-4a11-8457-1358d844c805', '07f8b963-9d7c-4232-ba20-52aa8d850e1d'][0m [36mreq[0m=[35m9ba4f21d[0m
[2m12:43:27[0m [[32m[1minfo     [0m] [1mExecuting agent: context_retriever (49898ec1-10da-4a11-8457-1358d844c805)[0m [36mreq[0m=[35m9ba4f21d[0m
[2m12:43:27[0m [[32m[1minfo     [0m] [1mExecuting agent: control_agent (07f8b963-9d7c-4232-ba20-52aa8d850e1d)[0m [36mreq[0m=[35m9ba4f21d[0m
[2m12:43:28[0m [[32m[1minfo     [0m] [1mAgent control_agent returned final answer after 0 tool calls[0m [36mreq[0m=[35m9ba4f21d[0m
[2m12:43:28[0m [[32m[1minfo     [0m] [1mAgent control_agent completed           [0m [36mreq[0m=[35m9ba4f21d[0m
[2m12:43:28[0m [[32m[1minfo     [0m] [1mTool call 1/5: skill_connect_to_postgresql_database[0m [36mreq[0m=[35m9ba4f21d[0m
[2m12:43:28[0m [[32m[1minfo     [0m] [1mStarting sandbox execution: pip=['psycopg2-binary>=2.9.0', 'psycopg2-binary'], apt=[], input_files=[][0m [36mreq[0m=[35m9ba4f21d[0m
[2m12:43:28[0m [[32m[1minfo     [0m] [1mFound cached image: lumari-sandbox:custom-b45b88ad (usage=16)[0m [36mreq[0m=[35m9ba4f21d[0m
[2m12:43:28[0m [[32m[1minfo     [0m] [1mUsing cached image: lumari-sandbox:custom-b45b88ad[0m [36mreq[0m=[35m9ba4f21d[0m
[2m12:43:29[0m [[32m[1minfo     [0m] [1mSandbox execution complete: success=True, time=975ms, cached=True[0m [36mreq[0m=[35m9ba4f21d[0m
[2m12:43:31[0m [[32m[1minfo     [0m] [1mGetting challenge status: id=6371f966-0c6e-4759-805c-3568401353f2[0m [36mreq[0m=[35m515385ea[0m
[2m12:43:31[0m [[32m[1minfo     [0m] [1mrequest_finished                        [0m [36mduration[0m=[35m0.027[0m [36mmethod[0m=[35mGET[0m [36mpath[0m=[35m/api/v1/challenges/6371f966-0c6e-4759-805c-3568401353f2[0m [36mreq[0m=[35m515385ea[0m [36mrequest_id[0m=[35m515385ea-9f55-4717-8109-68bac63ab1d0[0m [36mstatus[0m=[35m200[0m
[2m12:43:36[0m [[32m[1minfo     [0m] [1mGetting challenge status: id=6371f966-0c6e-4759-805c-3568401353f2[0m [36mreq[0m=[35m7937a0f3[0m
[2m12:43:36[0m [[32m[1minfo     [0m] [1mrequest_finished                        [0m [36mduration[0m=[35m0.02[0m [36mmethod[0m=[35mGET[0m [36mpath[0m=[35m/api/v1/challenges/6371f966-0c6e-4759-805c-3568401353f2[0m [36mreq[0m=[35m7937a0f3[0m [36mrequest_id[0m=[35m7937a0f3-c474-4c1e-aa16-5b0ea011a5e9[0m [36mstatus[0m=[35m200[0m
[2m12:43:37[0m [[32m[1minfo     [0m] [1mAgent context_retriever returned final answer after 1 tool calls[0m [36mreq[0m=[35m9ba4f21d[0m
[2m12:43:38[0m [[32m[1minfo     [0m] [1mAgent context_retriever completed       [0m [36mreq[0m=[35m9ba4f21d[0m
[2m12:43:38[0m [[32m[1minfo     [0m] [1mWave 2 agent 'context_retriever' completed: success=True, skipped=False, result_len=1485[0m [36mreq[0m=[35m9ba4f21d[0m
[2m12:43:38[0m [[32m[1minfo     [0m] [1mWave 2 agent 'control_agent' completed: success=True, skipped=False, result_len=122[0m [36mreq[0m=[35m9ba4f21d[0m
[2m12:43:38[0m [[32m[1minfo     [0m] [1mExecuting wave 3/5: ['f54aabd1-ca21-4768-b12e-ccf5ca95d0da', 'a676e764-25ce-41cf-95d1-b838c8e6804d', 'd01ede79-d82b-465b-ae42-d1a7a2ec4188'][0m [36mreq[0m=[35m9ba4f21d[0m
[2m12:43:38[0m [[32m[1minfo     [0m] [1mExecuting agent: report_generator (f54aabd1-ca21-4768-b12e-ccf5ca95d0da)[0m [36mreq[0m=[35m9ba4f21d[0m
[2m12:43:38[0m [[32m[1minfo     [0m] [1mExecuting agent: prompt_engineer (a676e764-25ce-41cf-95d1-b838c8e6804d)[0m [36mreq[0m=[35m9ba4f21d[0m
[2m12:43:38[0m [[32m[1minfo     [0m] [1mExecuting agent: tool_builder (d01ede79-d82b-465b-ae42-d1a7a2ec4188)[0m [36mreq[0m=[35m9ba4f21d[0m
[2m12:43:40[0m [[32m[1minfo     [0m] [1mAgent prompt_engineer returned final answer after 0 tool calls[0m [36mreq[0m=[35m9ba4f21d[0m
[2m12:43:41[0m [[32m[1minfo     [0m] [1mAgent prompt_engineer completed         [0m [36mreq[0m=[35m9ba4f21d[0m
[2m12:43:41[0m [[32m[1minfo     [0m] [1mGetting challenge status: id=6371f966-0c6e-4759-805c-3568401353f2[0m [36mreq[0m=[35me99a468f[0m
[2m12:43:41[0m [[32m[1minfo     [0m] [1mrequest_finished                        [0m [36mduration[0m=[35m0.02[0m [36mmethod[0m=[35mGET[0m [36mpath[0m=[35m/api/v1/challenges/6371f966-0c6e-4759-805c-3568401353f2[0m [36mreq[0m=[35me99a468f[0m [36mrequest_id[0m=[35me99a468f-5f54-4adb-9e7c-040067de48af[0m [36mstatus[0m=[35m200[0m
[2m12:43:41[0m [[32m[1minfo     [0m] [1mAgent report_generator returned final answer after 0 tool calls[0m [36mreq[0m=[35m9ba4f21d[0m
[2m12:43:42[0m [[32m[1minfo     [0m] [1mAgent report_generator completed        [0m [36mreq[0m=[35m9ba4f21d[0m
[2m12:43:46[0m [[32m[1minfo     [0m] [1mAgent tool_builder returned final answer after 0 tool calls[0m [36mreq[0m=[35m9ba4f21d[0m
[2m12:43:46[0m [[32m[1minfo     [0m] [1mGetting challenge status: id=6371f966-0c6e-4759-805c-3568401353f2[0m [36mreq[0m=[35m0246b00a[0m
[2m12:43:46[0m [[32m[1minfo     [0m] [1mrequest_finished                        [0m [36mduration[0m=[35m0.006[0m [36mmethod[0m=[35mGET[0m [36mpath[0m=[35m/api/v1/challenges/6371f966-0c6e-4759-805c-3568401353f2[0m [36mreq[0m=[35m0246b00a[0m [36mrequest_id[0m=[35m0246b00a-f0a2-4799-971b-423f84649685[0m [36mstatus[0m=[35m200[0m
[2m12:43:46[0m [[32m[1minfo     [0m] [1mAgent tool_builder completed            [0m [36mreq[0m=[35m9ba4f21d[0m
[2m12:43:46[0m [[32m[1minfo     [0m] [1mWave 3 agent 'report_generator' completed: success=True, skipped=False, result_len=2357[0m [36mreq[0m=[35m9ba4f21d[0m
[2m12:43:46[0m [[32m[1minfo     [0m] [1mWave 3 agent 'prompt_engineer' completed: success=True, skipped=False, result_len=1727[0m [36mreq[0m=[35m9ba4f21d[0m
[2m12:43:46[0m [[32m[1minfo     [0m] [1mWave 3 agent 'tool_builder' completed: success=True, skipped=False, result_len=4008[0m [36mreq[0m=[35m9ba4f21d[0m
[2m12:43:46[0m [[32m[1minfo     [0m] [1mExecuting wave 4/5: ['85860279-90e3-4984-b25d-af840d3dca9b'][0m [36mreq[0m=[35m9ba4f21d[0m
[2m12:43:46[0m [[32m[1minfo     [0m] [1mExecuting agent: quality_validator (85860279-90e3-4984-b25d-af840d3dca9b)[0m [36mreq[0m=[35m9ba4f21d[0m
[2m12:43:47[0m [[32m[1minfo     [0m] [1mAgent quality_validator returned final answer after 0 tool calls[0m [36mreq[0m=[35m9ba4f21d[0m
[2m12:43:47[0m [[32m[1minfo     [0m] [1mAgent quality_validator completed       [0m [36mreq[0m=[35m9ba4f21d[0m
[2m12:43:47[0m [[32m[1minfo     [0m] [1mWave 4 agent 'quality_validator' completed: success=True, skipped=False, result_len=172[0m [36mreq[0m=[35m9ba4f21d[0m
[2m12:43:47[0m [[32m[1minfo     [0m] [1mExecuting wave 5/5: ['bbd241f8-1df0-49f4-950a-dc61efa2c950'][0m [36mreq[0m=[35m9ba4f21d[0m
[2m12:43:47[0m [[32m[1minfo     [0m] [1mExecuting agent: report_finalizer (bbd241f8-1df0-49f4-950a-dc61efa2c950)[0m [36mreq[0m=[35m9ba4f21d[0m
[2m12:43:50[0m [[32m[1minfo     [0m] [1mAgent report_finalizer returned final answer after 0 tool calls[0m [36mreq[0m=[35m9ba4f21d[0m
[2m12:43:50[0m [[32m[1minfo     [0m] [1mAgent report_finalizer completed        [0m [36mreq[0m=[35m9ba4f21d[0m
[2m12:43:50[0m [[32m[1minfo     [0m] [1mWave 5 agent 'report_finalizer' completed: success=True, skipped=False, result_len=1871[0m [36mreq[0m=[35m9ba4f21d[0m
[2m12:43:50[0m [[32m[1minfo     [0m] [1mArtifact pool cleared: 11 artifacts discarded[0m [36mreq[0m=[35m9ba4f21d[0m
[2m12:43:50[0m [[32m[1minfo     [0m] [1mPersisted 1 facts to shared memory for execution d301ce2c-b8d4-469b-a3fb-cfe447571bfa[0m [36mreq[0m=[35m9ba4f21d[0m
[2m12:43:50[0m [[32m[1minfo     [0m] [1mStarting telemetry for agent=05bebe15..., execution=d301ce2c...[0m [36mreq[0m=[35m9ba4f21d[0m
[2m12:43:50[0m [[33m[1mwarning  [0m] [1mTelemetrie-Bridge fehlgeschlagen: 1 validation error for ExecutionTelemetryCreate
outcome
  Input should be 'success', 'error', 'timeout' or 'cancelled' [type=literal_error, input_value='running', input_type=str]
    For further information visit https://errors.pydantic.dev/2.11/v/literal_error[0m [36mreq[0m=[35m9ba4f21d[0m
[2m12:43:50[0m [[32m[1minfo     [0m] [1mConfigured epicbox profile: image=lumari-sandbox:latest, limits={'cputime': 5, 'realtime': 10, 'memory': 128, 'processes': 1}[0m [36mreq[0m=[35m9ba4f21d[0m
[2m12:43:50[0m [[32m[1minfo     [0m] [1mStarting analysis pipeline for execution_id=d301ce2c...[0m [36mreq[0m=[35m9ba4f21d[0m
[2m12:43:50[0m [[33m[1mwarning  [0m] [1mNo telemetry found for execution d301ce2c-b8d4-469b-a3fb-cfe447571bfa[0m [36mreq[0m=[35m9ba4f21d[0m
[2m12:43:51[0m [[32m[1minfo     [0m] [1mExecution completed: challenge_id=6371f966-0c6e-4759-805c-3568401353f2, success=True[0m [36mreq[0m=[35m9ba4f21d[0m
[2m12:43:51[0m [[32m[1minfo     [0m] [1mGetting challenge status: id=6371f966-0c6e-4759-805c-3568401353f2[0m [36mreq[0m=[35md9da0052[0m
[2m12:43:51[0m [[32m[1minfo     [0m] [1mrequest_finished                        [0m [36mduration[0m=[35m0.008[0m [36mmethod[0m=[35mGET[0m [36mpath[0m=[35m/api/v1/challenges/6371f966-0c6e-4759-805c-3568401353f2[0m [36mreq[0m=[35md9da0052[0m [36mrequest_id[0m=[35md9da0052-95ee-41bc-a969-c420fa2db13d[0m [36mstatus[0m=[35m200[0m
[2m12:43:51[0m [[32m[1minfo     [0m] [1mGetting challenge results: id=6371f966-0c6e-4759-805c-3568401353f2[0m [36mreq[0m=[35mbe5ea08f[0m
[2m12:43:51[0m [[32m[1minfo     [0m] [1mrequest_finished                        [0m [36mduration[0m=[35m0.007[0m [36mmethod[0m=[35mGET[0m [36mpath[0m=[35m/api/v1/challenges/6371f966-0c6e-4759-805c-3568401353f2/results[0m [36mreq[0m=[35mbe5ea08f[0m [36mrequest_id[0m=[35mbe5ea08f-0da1-4e94-a660-535b7ab67fa2[0m [36mstatus[0m=[35m200[0m
[2m12:43:53[0m [[32m[1minfo     [0m] [1mFile upload: telefonat_statiker_20251030.opus, size=162031, type=audio/opus[0m [36mreq[0m=[35m37e99ae6[0m
[2m12:43:53[0m [[32m[1minfo     [0m] [1mSaved binary file to: /Users/patrick/Documents/Uni/master_project/backend/app/api/v1/endpoints/../../../uploads/02ccb345-602f-41c1-9e68-d796d2f8f933.opus[0m [36mreq[0m=[35m37e99ae6[0m
[2m12:43:53[0m [[32m[1minfo     [0m] [1mAudio transcription skill available: skill_audio_transcription — will transcribe in background[0m [36mreq[0m=[35m37e99ae6[0m
[2m12:43:53[0m [[32m[1minfo     [0m] [1mFile upload: telefonat_statiker_20251030.opus -> challenge_id=ab7e5605-ba95-4506-ac81-42acd006b526, gaps=0, route=execute[0m [36mreq[0m=[35m37e99ae6[0m
[2m12:43:53[0m [[32m[1minfo     [0m] [1mrequest_finished                        [0m [36mduration[0m=[35m0.056[0m [36mmethod[0m=[35mPOST[0m [36mpath[0m=[35m/api/v1/challenges/upload[0m [36mreq[0m=[35m37e99ae6[0m [36mrequest_id[0m=[35m37e99ae6-53e7-4b43-b731-e030cfaa6417[0m [36mstatus[0m=[35m200[0m
[2m12:43:53[0m [[32m[1minfo     [0m] [1mExecuting challenge: id=ab7e5605-ba95-4506-ac81-42acd006b526[0m [36mreq[0m=[35m45ba9f75[0m
[2m12:43:53[0m [[32m[1minfo     [0m] [1mrequest_finished                        [0m [36mduration[0m=[35m0.012[0m [36mmethod[0m=[35mPOST[0m [36mpath[0m=[35m/api/v1/challenges/ab7e5605-ba95-4506-ac81-42acd006b526/execute[0m [36mreq[0m=[35m45ba9f75[0m [36mrequest_id[0m=[35m45ba9f75-324b-491a-a2ba-555fce08a786[0m [36mstatus[0m=[35m200[0m
[2m12:43:53[0m [[32m[1minfo     [0m] [1mStarting background execution: challenge_id=ab7e5605-ba95-4506-ac81-42acd006b526[0m [36mreq[0m=[35m45ba9f75[0m
[2m12:43:53[0m [[32m[1minfo     [0m] [1mTranskribiere Audio vor Execution: /Users/patrick/Documents/Uni/master_project/backend/app/api/v1/endpoints/../../../uploads/02ccb345-602f-41c1-9e68-d796d2f8f933.opus mit Skill skill_audio_transcription[0m [36mreq[0m=[35m45ba9f75[0m
[2m12:43:53[0m [[32m[1minfo     [0m] [1mStarting sandbox execution: pip=['openai-whisper'], apt=['ffmpeg'], input_files=['02ccb345-602f-41c1-9e68-d796d2f8f933.opus'][0m [36mreq[0m=[35m45ba9f75[0m
[2m12:43:53[0m [[32m[1minfo     [0m] [1mDocker client connected successfully    [0m [36mreq[0m=[35m45ba9f75[0m
[2m12:43:54[0m [[32m[1minfo     [0m] [1mInstalling system packages: ffmpeg      [0m [36mreq[0m=[35m45ba9f75[0m
[2m12:43:58[0m [[32m[1minfo     [0m] [1mGetting challenge status: id=ab7e5605-ba95-4506-ac81-42acd006b526[0m [36mreq[0m=[35m1a18226f[0m
[2m12:43:58[0m [[32m[1minfo     [0m] [1mrequest_finished                        [0m [36mduration[0m=[35m0.031[0m [36mmethod[0m=[35mGET[0m [36mpath[0m=[35m/api/v1/challenges/ab7e5605-ba95-4506-ac81-42acd006b526[0m [36mreq[0m=[35m1a18226f[0m [36mrequest_id[0m=[35m1a18226f-6f98-400b-968a-5b4ba4503a2e[0m [36mstatus[0m=[35m200[0m
[2m12:44:03[0m [[32m[1minfo     [0m] [1mGetting challenge status: id=ab7e5605-ba95-4506-ac81-42acd006b526[0m [36mreq[0m=[35m49bb0f18[0m
[2m12:44:03[0m [[32m[1minfo     [0m] [1mrequest_finished                        [0m [36mduration[0m=[35m0.015[0m [36mmethod[0m=[35mGET[0m [36mpath[0m=[35m/api/v1/challenges/ab7e5605-ba95-4506-ac81-42acd006b526[0m [36mreq[0m=[35m49bb0f18[0m [36mrequest_id[0m=[35m49bb0f18-665b-46d7-85cd-8cba1c5ab275[0m [36mstatus[0m=[35m200[0m
[2m12:44:08[0m [[32m[1minfo     [0m] [1mGetting challenge status: id=ab7e5605-ba95-4506-ac81-42acd006b526[0m [36mreq[0m=[35m7cdb826c[0m
[2m12:44:08[0m [[32m[1minfo     [0m] [1mrequest_finished                        [0m [36mduration[0m=[35m0.028[0m [36mmethod[0m=[35mGET[0m [36mpath[0m=[35m/api/v1/challenges/ab7e5605-ba95-4506-ac81-42acd006b526[0m [36mreq[0m=[35m7cdb826c[0m [36mrequest_id[0m=[35m7cdb826c-b2a1-48ee-95d1-376645285c1a[0m [36mstatus[0m=[35m200[0m
[2m12:44:13[0m [[32m[1minfo     [0m] [1mGetting challenge status: id=ab7e5605-ba95-4506-ac81-42acd006b526[0m [36mreq[0m=[35mca1c9ba7[0m
[2m12:44:13[0m [[32m[1minfo     [0m] [1mrequest_finished                        [0m [36mduration[0m=[35m0.005[0m [36mmethod[0m=[35mGET[0m [36mpath[0m=[35m/api/v1/challenges/ab7e5605-ba95-4506-ac81-42acd006b526[0m [36mreq[0m=[35mca1c9ba7[0m [36mrequest_id[0m=[35mca1c9ba7-ccdf-4f96-b577-fe56d56bb230[0m [36mstatus[0m=[35m200[0m
[2m12:44:18[0m [[32m[1minfo     [0m] [1mGetting challenge status: id=ab7e5605-ba95-4506-ac81-42acd006b526[0m [36mreq[0m=[35m9ec9cdfd[0m
[2m12:44:18[0m [[32m[1minfo     [0m] [1mrequest_finished                        [0m [36mduration[0m=[35m0.02[0m [36mmethod[0m=[35mGET[0m [36mpath[0m=[35m/api/v1/challenges/ab7e5605-ba95-4506-ac81-42acd006b526[0m [36mreq[0m=[35m9ec9cdfd[0m [36mrequest_id[0m=[35m9ec9cdfd-6c19-43fe-b8cd-d0c326a6cee9[0m [36mstatus[0m=[35m200[0m
[2m12:44:23[0m [[32m[1minfo     [0m] [1mGetting challenge status: id=ab7e5605-ba95-4506-ac81-42acd006b526[0m [36mreq[0m=[35m85794f81[0m
[2m12:44:23[0m [[32m[1minfo     [0m] [1mrequest_finished                        [0m [36mduration[0m=[35m0.006[0m [36mmethod[0m=[35mGET[0m [36mpath[0m=[35m/api/v1/challenges/ab7e5605-ba95-4506-ac81-42acd006b526[0m [36mreq[0m=[35m85794f81[0m [36mrequest_id[0m=[35m85794f81-5854-412a-ac89-349f52d48314[0m [36mstatus[0m=[35m200[0m
[2m12:44:28[0m [[32m[1minfo     [0m] [1mGetting challenge status: id=ab7e5605-ba95-4506-ac81-42acd006b526[0m [36mreq[0m=[35m31eea0b3[0m
[2m12:44:28[0m [[32m[1minfo     [0m] [1mrequest_finished                        [0m [36mduration[0m=[35m0.012[0m [36mmethod[0m=[35mGET[0m [36mpath[0m=[35m/api/v1/challenges/ab7e5605-ba95-4506-ac81-42acd006b526[0m [36mreq[0m=[35m31eea0b3[0m [36mrequest_id[0m=[35m31eea0b3-8e75-4d5e-8046-779c9f0608b2[0m [36mstatus[0m=[35m200[0m
[2m12:44:33[0m [[32m[1minfo     [0m] [1mGetting challenge status: id=ab7e5605-ba95-4506-ac81-42acd006b526[0m [36mreq[0m=[35m51c4f5de[0m
[2m12:44:33[0m [[32m[1minfo     [0m] [1mrequest_finished                        [0m [36mduration[0m=[35m0.01[0m [36mmethod[0m=[35mGET[0m [36mpath[0m=[35m/api/v1/challenges/ab7e5605-ba95-4506-ac81-42acd006b526[0m [36mreq[0m=[35m51c4f5de[0m [36mrequest_id[0m=[35m51c4f5de-0357-4d11-afae-0e156d313c08[0m [36mstatus[0m=[35m200[0m
[2m12:44:38[0m [[32m[1minfo     [0m] [1mGetting challenge status: id=ab7e5605-ba95-4506-ac81-42acd006b526[0m [36mreq[0m=[35md07a4c76[0m
[2m12:44:38[0m [[32m[1minfo     [0m] [1mrequest_finished                        [0m [36mduration[0m=[35m0.015[0m [36mmethod[0m=[35mGET[0m [36mpath[0m=[35m/api/v1/challenges/ab7e5605-ba95-4506-ac81-42acd006b526[0m [36mreq[0m=[35md07a4c76[0m [36mrequest_id[0m=[35md07a4c76-42c7-4bdd-9f3f-7462b6030f0d[0m [36mstatus[0m=[35m200[0m
[2m12:44:43[0m [[32m[1minfo     [0m] [1mGetting challenge status: id=ab7e5605-ba95-4506-ac81-42acd006b526[0m [36mreq[0m=[35mc57c4d5b[0m
[2m12:44:43[0m [[32m[1minfo     [0m] [1mrequest_finished                        [0m [36mduration[0m=[35m0.006[0m [36mmethod[0m=[35mGET[0m [36mpath[0m=[35m/api/v1/challenges/ab7e5605-ba95-4506-ac81-42acd006b526[0m [36mreq[0m=[35mc57c4d5b[0m [36mrequest_id[0m=[35mc57c4d5b-c3ed-4525-b8ea-43b634a483b9[0m [36mstatus[0m=[35m200[0m
[2m12:44:47[0m [[32m[1minfo     [0m] [1mSystem packages installed successfully: ffmpeg[0m [36mreq[0m=[35m45ba9f75[0m
[2m12:44:47[0m [[32m[1minfo     [0m] [1mInstalling pip packages: "openai-whisper"[0m [36mreq[0m=[35m45ba9f75[0m
[2m12:44:48[0m [[32m[1minfo     [0m] [1mGetting challenge status: id=ab7e5605-ba95-4506-ac81-42acd006b526[0m [36mreq[0m=[35m24a041d1[0m
[2m12:44:48[0m [[32m[1minfo     [0m] [1mrequest_finished                        [0m [36mduration[0m=[35m0.005[0m [36mmethod[0m=[35mGET[0m [36mpath[0m=[35m/api/v1/challenges/ab7e5605-ba95-4506-ac81-42acd006b526[0m [36mreq[0m=[35m24a041d1[0m [36mrequest_id[0m=[35m24a041d1-f5c9-43d2-8e3e-a26f9fdc639e[0m [36mstatus[0m=[35m200[0m
[2m12:44:53[0m [[32m[1minfo     [0m] [1mGetting challenge status: id=ab7e5605-ba95-4506-ac81-42acd006b526[0m [36mreq[0m=[35m9ad15842[0m
[2m12:44:54[0m [[32m[1minfo     [0m] [1mrequest_finished                        [0m [36mduration[0m=[35m0.029[0m [36mmethod[0m=[35mGET[0m [36mpath[0m=[35m/api/v1/challenges/ab7e5605-ba95-4506-ac81-42acd006b526[0m [36mreq[0m=[35m9ad15842[0m [36mrequest_id[0m=[35m9ad15842-72b2-4da6-88aa-f6cc3c45aa95[0m [36mstatus[0m=[35m200[0m
[2m12:44:59[0m [[32m[1minfo     [0m] [1mGetting challenge status: id=ab7e5605-ba95-4506-ac81-42acd006b526[0m [36mreq[0m=[35mb4525416[0m
[2m12:44:59[0m [[32m[1minfo     [0m] [1mrequest_finished                        [0m [36mduration[0m=[35m0.008[0m [36mmethod[0m=[35mGET[0m [36mpath[0m=[35m/api/v1/challenges/ab7e5605-ba95-4506-ac81-42acd006b526[0m [36mreq[0m=[35mb4525416[0m [36mrequest_id[0m=[35mb4525416-2fb3-4479-af31-b15f7e19acff[0m [36mstatus[0m=[35m200[0m
[2m12:45:04[0m [[32m[1minfo     [0m] [1mGetting challenge status: id=ab7e5605-ba95-4506-ac81-42acd006b526[0m [36mreq[0m=[35md09b96ec[0m
[2m12:45:04[0m [[32m[1minfo     [0m] [1mrequest_finished                        [0m [36mduration[0m=[35m0.023[0m [36mmethod[0m=[35mGET[0m [36mpath[0m=[35m/api/v1/challenges/ab7e5605-ba95-4506-ac81-42acd006b526[0m [36mreq[0m=[35md09b96ec[0m [36mrequest_id[0m=[35md09b96ec-d8bf-4ad4-80d1-6c14e4804668[0m [36mstatus[0m=[35m200[0m
[2m12:45:09[0m [[32m[1minfo     [0m] [1mGetting challenge status: id=ab7e5605-ba95-4506-ac81-42acd006b526[0m [36mreq[0m=[35m1553c55d[0m
[2m12:45:09[0m [[32m[1minfo     [0m] [1mrequest_finished                        [0m [36mduration[0m=[35m0.013[0m [36mmethod[0m=[35mGET[0m [36mpath[0m=[35m/api/v1/challenges/ab7e5605-ba95-4506-ac81-42acd006b526[0m [36mreq[0m=[35m1553c55d[0m [36mrequest_id[0m=[35m1553c55d-3a83-40dc-99b8-ca8ccbea1648[0m [36mstatus[0m=[35m200[0m
[2m12:45:14[0m [[32m[1minfo     [0m] [1mGetting challenge status: id=ab7e5605-ba95-4506-ac81-42acd006b526[0m [36mreq[0m=[35m27db37a4[0m
[2m12:45:14[0m [[32m[1minfo     [0m] [1mrequest_finished                        [0m [36mduration[0m=[35m0.104[0m [36mmethod[0m=[35mGET[0m [36mpath[0m=[35m/api/v1/challenges/ab7e5605-ba95-4506-ac81-42acd006b526[0m [36mreq[0m=[35m27db37a4[0m [36mrequest_id[0m=[35m27db37a4-ab5c-4fe5-8a1d-3d6983943f95[0m [36mstatus[0m=[35m200[0m
[2m12:45:19[0m [[32m[1minfo     [0m] [1mGetting challenge status: id=ab7e5605-ba95-4506-ac81-42acd006b526[0m [36mreq[0m=[35m979fe069[0m
[2m12:45:19[0m [[32m[1minfo     [0m] [1mrequest_finished                        [0m [36mduration[0m=[35m0.031[0m [36mmethod[0m=[35mGET[0m [36mpath[0m=[35m/api/v1/challenges/ab7e5605-ba95-4506-ac81-42acd006b526[0m [36mreq[0m=[35m979fe069[0m [36mrequest_id[0m=[35m979fe069-9918-4d66-ae1d-909b38b52422[0m [36mstatus[0m=[35m200[0m
[2m12:45:24[0m [[32m[1minfo     [0m] [1mGetting challenge status: id=ab7e5605-ba95-4506-ac81-42acd006b526[0m [36mreq[0m=[35m2d65b22d[0m
[2m12:45:24[0m [[32m[1minfo     [0m] [1mrequest_finished                        [0m [36mduration[0m=[35m0.041[0m [36mmethod[0m=[35mGET[0m [36mpath[0m=[35m/api/v1/challenges/ab7e5605-ba95-4506-ac81-42acd006b526[0m [36mreq[0m=[35m2d65b22d[0m [36mrequest_id[0m=[35m2d65b22d-c098-4242-af25-8874310c5c04[0m [36mstatus[0m=[35m200[0m
[2m12:45:29[0m [[32m[1minfo     [0m] [1mGetting challenge status: id=ab7e5605-ba95-4506-ac81-42acd006b526[0m [36mreq[0m=[35m8b2c6f73[0m
[2m12:45:29[0m [[32m[1minfo     [0m] [1mrequest_finished                        [0m [36mduration[0m=[35m0.033[0m [36mmethod[0m=[35mGET[0m [36mpath[0m=[35m/api/v1/challenges/ab7e5605-ba95-4506-ac81-42acd006b526[0m [36mreq[0m=[35m8b2c6f73[0m [36mrequest_id[0m=[35m8b2c6f73-2be2-4e67-b854-0708da623e47[0m [36mstatus[0m=[35m200[0m
[2m12:45:34[0m [[32m[1minfo     [0m] [1mGetting challenge status: id=ab7e5605-ba95-4506-ac81-42acd006b526[0m [36mreq[0m=[35m4138309f[0m
[2m12:45:34[0m [[32m[1minfo     [0m] [1mrequest_finished                        [0m [36mduration[0m=[35m0.027[0m [36mmethod[0m=[35mGET[0m [36mpath[0m=[35m/api/v1/challenges/ab7e5605-ba95-4506-ac81-42acd006b526[0m [36mreq[0m=[35m4138309f[0m [36mrequest_id[0m=[35m4138309f-0e5b-4871-8ace-7c57871a0303[0m [36mstatus[0m=[35m200[0m
[2m12:45:39[0m [[32m[1minfo     [0m] [1mGetting challenge status: id=ab7e5605-ba95-4506-ac81-42acd006b526[0m [36mreq[0m=[35mbbef895d[0m
[2m12:45:39[0m [[32m[1minfo     [0m] [1mrequest_finished                        [0m [36mduration[0m=[35m0.036[0m [36mmethod[0m=[35mGET[0m [36mpath[0m=[35m/api/v1/challenges/ab7e5605-ba95-4506-ac81-42acd006b526[0m [36mreq[0m=[35mbbef895d[0m [36mrequest_id[0m=[35mbbef895d-b6e5-4307-a44e-66d0bffe4cae[0m [36mstatus[0m=[35m200[0m
[2m12:45:44[0m [[32m[1minfo     [0m] [1mGetting challenge status: id=ab7e5605-ba95-4506-ac81-42acd006b526[0m [36mreq[0m=[35m1ace73dc[0m
[2m12:45:44[0m [[32m[1minfo     [0m] [1mrequest_finished                        [0m [36mduration[0m=[35m0.029[0m [36mmethod[0m=[35mGET[0m [36mpath[0m=[35m/api/v1/challenges/ab7e5605-ba95-4506-ac81-42acd006b526[0m [36mreq[0m=[35m1ace73dc[0m [36mrequest_id[0m=[35m1ace73dc-7f3c-4375-853d-a5274029d870[0m [36mstatus[0m=[35m200[0m
[2m12:45:49[0m [[32m[1minfo     [0m] [1mGetting challenge status: id=ab7e5605-ba95-4506-ac81-42acd006b526[0m [36mreq[0m=[35m343a4088[0m
[2m12:45:49[0m [[32m[1minfo     [0m] [1mrequest_finished                        [0m [36mduration[0m=[35m0.042[0m [36mmethod[0m=[35mGET[0m [36mpath[0m=[35m/api/v1/challenges/ab7e5605-ba95-4506-ac81-42acd006b526[0m [36mreq[0m=[35m343a4088[0m [36mrequest_id[0m=[35m343a4088-17ed-4b76-b5ec-9f018f993f63[0m [36mstatus[0m=[35m200[0m
[2m12:45:54[0m [[32m[1minfo     [0m] [1mGetting challenge status: id=ab7e5605-ba95-4506-ac81-42acd006b526[0m [36mreq[0m=[35m7bbdb273[0m
[2m12:45:54[0m [[32m[1minfo     [0m] [1mrequest_finished                        [0m [36mduration[0m=[35m0.028[0m [36mmethod[0m=[35mGET[0m [36mpath[0m=[35m/api/v1/challenges/ab7e5605-ba95-4506-ac81-42acd006b526[0m [36mreq[0m=[35m7bbdb273[0m [36mrequest_id[0m=[35m7bbdb273-dc4f-423e-ad4c-567477d67fc4[0m [36mstatus[0m=[35m200[0m
[2m12:46:00[0m [[32m[1minfo     [0m] [1mGetting challenge status: id=ab7e5605-ba95-4506-ac81-42acd006b526[0m [36mreq[0m=[35m82452acc[0m
[2m12:46:00[0m [[32m[1minfo     [0m] [1mrequest_finished                        [0m [36mduration[0m=[35m0.231[0m [36mmethod[0m=[35mGET[0m [36mpath[0m=[35m/api/v1/challenges/ab7e5605-ba95-4506-ac81-42acd006b526[0m [36mreq[0m=[35m82452acc[0m [36mrequest_id[0m=[35m82452acc-56bc-4c29-95d4-f3ba1c812c81[0m [36mstatus[0m=[35m200[0m
[2m12:46:05[0m [[32m[1minfo     [0m] [1mGetting challenge status: id=ab7e5605-ba95-4506-ac81-42acd006b526[0m [36mreq[0m=[35mfc7b1420[0m
[2m12:46:05[0m [[32m[1minfo     [0m] [1mrequest_finished                        [0m [36mduration[0m=[35m0.041[0m [36mmethod[0m=[35mGET[0m [36mpath[0m=[35m/api/v1/challenges/ab7e5605-ba95-4506-ac81-42acd006b526[0m [36mreq[0m=[35mfc7b1420[0m [36mrequest_id[0m=[35mfc7b1420-3064-458c-bd17-6481a84bb582[0m [36mstatus[0m=[35m200[0m
[2m12:46:10[0m [[32m[1minfo     [0m] [1mGetting challenge status: id=ab7e5605-ba95-4506-ac81-42acd006b526[0m [36mreq[0m=[35m963ebb90[0m
[2m12:46:10[0m [[32m[1minfo     [0m] [1mrequest_finished                        [0m [36mduration[0m=[35m0.023[0m [36mmethod[0m=[35mGET[0m [36mpath[0m=[35m/api/v1/challenges/ab7e5605-ba95-4506-ac81-42acd006b526[0m [36mreq[0m=[35m963ebb90[0m [36mrequest_id[0m=[35m963ebb90-24f8-4d3f-9d21-3bcf1780df17[0m [36mstatus[0m=[35m200[0m
[2m12:46:15[0m [[32m[1minfo     [0m] [1mGetting challenge status: id=ab7e5605-ba95-4506-ac81-42acd006b526[0m [36mreq[0m=[35m6e3b73aa[0m
[2m12:46:15[0m [[32m[1minfo     [0m] [1mrequest_finished                        [0m [36mduration[0m=[35m0.006[0m [36mmethod[0m=[35mGET[0m [36mpath[0m=[35m/api/v1/challenges/ab7e5605-ba95-4506-ac81-42acd006b526[0m [36mreq[0m=[35m6e3b73aa[0m [36mrequest_id[0m=[35m6e3b73aa-ef5e-4630-b607-eb415abd880b[0m [36mstatus[0m=[35m200[0m
[2m12:46:15[0m [[32m[1minfo     [0m] [1mPip packages installed successfully     [0m [36mreq[0m=[35m45ba9f75[0m
[2m12:46:20[0m [[32m[1minfo     [0m] [1mGetting challenge status: id=ab7e5605-ba95-4506-ac81-42acd006b526[0m [36mreq[0m=[35m92aeb536[0m
[2m12:46:20[0m [[32m[1minfo     [0m] [1mrequest_finished                        [0m [36mduration[0m=[35m0.007[0m [36mmethod[0m=[35mGET[0m [36mpath[0m=[35m/api/v1/challenges/ab7e5605-ba95-4506-ac81-42acd006b526[0m [36mreq[0m=[35m92aeb536[0m [36mrequest_id[0m=[35m92aeb536-67e5-437d-a13d-62d90cd53b16[0m [36mstatus[0m=[35m200[0m
[2m12:46:25[0m [[32m[1minfo     [0m] [1mGetting challenge status: id=ab7e5605-ba95-4506-ac81-42acd006b526[0m [36mreq[0m=[35me0e21587[0m
[2m12:46:25[0m [[32m[1minfo     [0m] [1mrequest_finished                        [0m [36mduration[0m=[35m0.004[0m [36mmethod[0m=[35mGET[0m [36mpath[0m=[35m/api/v1/challenges/ab7e5605-ba95-4506-ac81-42acd006b526[0m [36mreq[0m=[35me0e21587[0m [36mrequest_id[0m=[35me0e21587-11be-4ad0-b8fe-24f3fef4e706[0m [36mstatus[0m=[35m200[0m
[2m12:46:30[0m [[32m[1minfo     [0m] [1mGetting challenge status: id=ab7e5605-ba95-4506-ac81-42acd006b526[0m [36mreq[0m=[35m2442f0e8[0m
[2m12:46:30[0m [[32m[1minfo     [0m] [1mrequest_finished                        [0m [36mduration[0m=[35m0.012[0m [36mmethod[0m=[35mGET[0m [36mpath[0m=[35m/api/v1/challenges/ab7e5605-ba95-4506-ac81-42acd006b526[0m [36mreq[0m=[35m2442f0e8[0m [36mrequest_id[0m=[35m2442f0e8-e7cb-4c45-a007-8cf20a20ace4[0m [36mstatus[0m=[35m200[0m
[2m12:46:35[0m [[32m[1minfo     [0m] [1mGetting challenge status: id=ab7e5605-ba95-4506-ac81-42acd006b526[0m [36mreq[0m=[35mff557047[0m
[2m12:46:35[0m [[32m[1minfo     [0m] [1mrequest_finished                        [0m [36mduration[0m=[35m0.007[0m [36mmethod[0m=[35mGET[0m [36mpath[0m=[35m/api/v1/challenges/ab7e5605-ba95-4506-ac81-42acd006b526[0m [36mreq[0m=[35mff557047[0m [36mrequest_id[0m=[35mff557047-70b2-4e7e-b3b4-0b79ee95bcca[0m [36mstatus[0m=[35m200[0m
[2m12:46:40[0m [[32m[1minfo     [0m] [1mGetting challenge status: id=ab7e5605-ba95-4506-ac81-42acd006b526[0m [36mreq[0m=[35m3cadc6f6[0m
[2m12:46:40[0m [[32m[1minfo     [0m] [1mrequest_finished                        [0m [36mduration[0m=[35m0.012[0m [36mmethod[0m=[35mGET[0m [36mpath[0m=[35m/api/v1/challenges/ab7e5605-ba95-4506-ac81-42acd006b526[0m [36mreq[0m=[35m3cadc6f6[0m [36mrequest_id[0m=[35m3cadc6f6-a550-4885-9bb5-5e78558950b9[0m [36mstatus[0m=[35m200[0m
[2m12:46:45[0m [[32m[1minfo     [0m] [1mGetting challenge status: id=ab7e5605-ba95-4506-ac81-42acd006b526[0m [36mreq[0m=[35mdb68f30a[0m
[2m12:46:45[0m [[32m[1minfo     [0m] [1mrequest_finished                        [0m [36mduration[0m=[35m0.006[0m [36mmethod[0m=[35mGET[0m [36mpath[0m=[35m/api/v1/challenges/ab7e5605-ba95-4506-ac81-42acd006b526[0m [36mreq[0m=[35mdb68f30a[0m [36mrequest_id[0m=[35mdb68f30a-d407-4deb-beef-dd1a279a663e[0m [36mstatus[0m=[35m200[0m
[2m12:46:50[0m [[32m[1minfo     [0m] [1mGetting challenge status: id=ab7e5605-ba95-4506-ac81-42acd006b526[0m [36mreq[0m=[35m59e6f078[0m
[2m12:46:50[0m [[32m[1minfo     [0m] [1mrequest_finished                        [0m [36mduration[0m=[35m0.011[0m [36mmethod[0m=[35mGET[0m [36mpath[0m=[35m/api/v1/challenges/ab7e5605-ba95-4506-ac81-42acd006b526[0m [36mreq[0m=[35m59e6f078[0m [36mrequest_id[0m=[35m59e6f078-ae7d-4f3c-a064-2c1283f618ba[0m [36mstatus[0m=[35m200[0m
[2m12:46:55[0m [[32m[1minfo     [0m] [1mGetting challenge status: id=ab7e5605-ba95-4506-ac81-42acd006b526[0m [36mreq[0m=[35macadd5bb[0m
[2m12:46:55[0m [[32m[1minfo     [0m] [1mrequest_finished                        [0m [36mduration[0m=[35m0.007[0m [36mmethod[0m=[35mGET[0m [36mpath[0m=[35m/api/v1/challenges/ab7e5605-ba95-4506-ac81-42acd006b526[0m [36mreq[0m=[35macadd5bb[0m [36mrequest_id[0m=[35macadd5bb-e7dc-4ac1-891b-4bc0d0ed9775[0m [36mstatus[0m=[35m200[0m
[2m12:47:00[0m [[32m[1minfo     [0m] [1mGetting challenge status: id=ab7e5605-ba95-4506-ac81-42acd006b526[0m [36mreq[0m=[35mecd1d3d9[0m
[2m12:47:00[0m [[32m[1minfo     [0m] [1mrequest_finished                        [0m [36mduration[0m=[35m0.006[0m [36mmethod[0m=[35mGET[0m [36mpath[0m=[35m/api/v1/challenges/ab7e5605-ba95-4506-ac81-42acd006b526[0m [36mreq[0m=[35mecd1d3d9[0m [36mrequest_id[0m=[35mecd1d3d9-0a35-4360-8253-6eb46de5c388[0m [36mstatus[0m=[35m200[0m
[2m12:47:05[0m [[32m[1minfo     [0m] [1mGetting challenge status: id=ab7e5605-ba95-4506-ac81-42acd006b526[0m [36mreq[0m=[35m78dd4229[0m
[2m12:47:05[0m [[32m[1minfo     [0m] [1mrequest_finished                        [0m [36mduration[0m=[35m0.01[0m [36mmethod[0m=[35mGET[0m [36mpath[0m=[35m/api/v1/challenges/ab7e5605-ba95-4506-ac81-42acd006b526[0m [36mreq[0m=[35m78dd4229[0m [36mrequest_id[0m=[35m78dd4229-36a3-4da2-8662-3504ff918711[0m [36mstatus[0m=[35m200[0m
[2m12:47:10[0m [[32m[1minfo     [0m] [1mGetting challenge status: id=ab7e5605-ba95-4506-ac81-42acd006b526[0m [36mreq[0m=[35m1db347c3[0m
[2m12:47:10[0m [[32m[1minfo     [0m] [1mrequest_finished                        [0m [36mduration[0m=[35m0.007[0m [36mmethod[0m=[35mGET[0m [36mpath[0m=[35m/api/v1/challenges/ab7e5605-ba95-4506-ac81-42acd006b526[0m [36mreq[0m=[35m1db347c3[0m [36mrequest_id[0m=[35m1db347c3-2175-4607-8609-8e3dba4aa935[0m [36mstatus[0m=[35m200[0m
[2m12:47:15[0m [[32m[1minfo     [0m] [1mGetting challenge status: id=ab7e5605-ba95-4506-ac81-42acd006b526[0m [36mreq[0m=[35mc31826e2[0m
[2m12:47:15[0m [[32m[1minfo     [0m] [1mrequest_finished                        [0m [36mduration[0m=[35m0.031[0m [36mmethod[0m=[35mGET[0m [36mpath[0m=[35m/api/v1/challenges/ab7e5605-ba95-4506-ac81-42acd006b526[0m [36mreq[0m=[35mc31826e2[0m [36mrequest_id[0m=[35mc31826e2-f2c2-4020-87ab-cb9d085316a6[0m [36mstatus[0m=[35m200[0m
[2m12:47:20[0m [[32m[1minfo     [0m] [1mGetting challenge status: id=ab7e5605-ba95-4506-ac81-42acd006b526[0m [36mreq[0m=[35m9b329ef6[0m
[2m12:47:20[0m [[32m[1minfo     [0m] [1mrequest_finished                        [0m [36mduration[0m=[35m0.013[0m [36mmethod[0m=[35mGET[0m [36mpath[0m=[35m/api/v1/challenges/ab7e5605-ba95-4506-ac81-42acd006b526[0m [36mreq[0m=[35m9b329ef6[0m [36mrequest_id[0m=[35m9b329ef6-14e7-4795-92a7-a3ac3a8c8dee[0m [36mstatus[0m=[35m200[0m
[2m12:47:25[0m [[32m[1minfo     [0m] [1mGetting challenge status: id=ab7e5605-ba95-4506-ac81-42acd006b526[0m [36mreq[0m=[35m1bd63dc6[0m
[2m12:47:25[0m [[32m[1minfo     [0m] [1mrequest_finished                        [0m [36mduration[0m=[35m0.01[0m [36mmethod[0m=[35mGET[0m [36mpath[0m=[35m/api/v1/challenges/ab7e5605-ba95-4506-ac81-42acd006b526[0m [36mreq[0m=[35m1bd63dc6[0m [36mrequest_id[0m=[35m1bd63dc6-4e93-47a9-b59b-cfbfa64f3947[0m [36mstatus[0m=[35m200[0m
[2m12:47:30[0m [[32m[1minfo     [0m] [1mGetting challenge status: id=ab7e5605-ba95-4506-ac81-42acd006b526[0m [36mreq[0m=[35ma663201a[0m
[2m12:47:30[0m [[32m[1minfo     [0m] [1mrequest_finished                        [0m [36mduration[0m=[35m0.007[0m [36mmethod[0m=[35mGET[0m [36mpath[0m=[35m/api/v1/challenges/ab7e5605-ba95-4506-ac81-42acd006b526[0m [36mreq[0m=[35ma663201a[0m [36mrequest_id[0m=[35ma663201a-5d8b-4ec3-a2e2-984518980485[0m [36mstatus[0m=[35m200[0m
[2m12:47:35[0m [[32m[1minfo     [0m] [1mGetting challenge status: id=ab7e5605-ba95-4506-ac81-42acd006b526[0m [36mreq[0m=[35mf21f7996[0m
[2m12:47:35[0m [[32m[1minfo     [0m] [1mrequest_finished                        [0m [36mduration[0m=[35m0.022[0m [36mmethod[0m=[35mGET[0m [36mpath[0m=[35m/api/v1/challenges/ab7e5605-ba95-4506-ac81-42acd006b526[0m [36mreq[0m=[35mf21f7996[0m [36mrequest_id[0m=[35mf21f7996-4994-421b-b1ba-603e2950e63a[0m [36mstatus[0m=[35m200[0m
[2m12:47:40[0m [[32m[1minfo     [0m] [1mGetting challenge status: id=ab7e5605-ba95-4506-ac81-42acd006b526[0m [36mreq[0m=[35m5687c69c[0m
[2m12:47:40[0m [[32m[1minfo     [0m] [1mrequest_finished                        [0m [36mduration[0m=[35m0.032[0m [36mmethod[0m=[35mGET[0m [36mpath[0m=[35m/api/v1/challenges/ab7e5605-ba95-4506-ac81-42acd006b526[0m [36mreq[0m=[35m5687c69c[0m [36mrequest_id[0m=[35m5687c69c-f2f2-49e9-b807-67baa87187ef[0m [36mstatus[0m=[35m200[0m
[2m12:47:45[0m [[32m[1minfo     [0m] [1mGetting challenge status: id=ab7e5605-ba95-4506-ac81-42acd006b526[0m [36mreq[0m=[35m4ae3f6eb[0m
[2m12:47:45[0m [[32m[1minfo     [0m] [1mrequest_finished                        [0m [36mduration[0m=[35m0.009[0m [36mmethod[0m=[35mGET[0m [36mpath[0m=[35m/api/v1/challenges/ab7e5605-ba95-4506-ac81-42acd006b526[0m [36mreq[0m=[35m4ae3f6eb[0m [36mrequest_id[0m=[35m4ae3f6eb-73b3-4918-9573-67b07e0700ae[0m [36mstatus[0m=[35m200[0m
[2m12:47:50[0m [[32m[1minfo     [0m] [1mGetting challenge status: id=ab7e5605-ba95-4506-ac81-42acd006b526[0m [36mreq[0m=[35md8815ddd[0m
[2m12:47:50[0m [[32m[1minfo     [0m] [1mrequest_finished                        [0m [36mduration[0m=[35m0.078[0m [36mmethod[0m=[35mGET[0m [36mpath[0m=[35m/api/v1/challenges/ab7e5605-ba95-4506-ac81-42acd006b526[0m [36mreq[0m=[35md8815ddd[0m [36mrequest_id[0m=[35md8815ddd-19c8-419f-b97a-a2cd46dd9454[0m [36mstatus[0m=[35m200[0m
[2m12:47:55[0m [[32m[1minfo     [0m] [1mGetting challenge status: id=ab7e5605-ba95-4506-ac81-42acd006b526[0m [36mreq[0m=[35ma7ca4077[0m
[2m12:47:56[0m [[32m[1minfo     [0m] [1mrequest_finished                        [0m [36mduration[0m=[35m0.02[0m [36mmethod[0m=[35mGET[0m [36mpath[0m=[35m/api/v1/challenges/ab7e5605-ba95-4506-ac81-42acd006b526[0m [36mreq[0m=[35ma7ca4077[0m [36mrequest_id[0m=[35ma7ca4077-bbb3-4afc-b992-4cbd1ef80aa8[0m [36mstatus[0m=[35m200[0m
[2m12:48:01[0m [[32m[1minfo     [0m] [1mGetting challenge status: id=ab7e5605-ba95-4506-ac81-42acd006b526[0m [36mreq[0m=[35m88d9e0b9[0m
[2m12:48:01[0m [[32m[1minfo     [0m] [1mrequest_finished                        [0m [36mduration[0m=[35m0.01[0m [36mmethod[0m=[35mGET[0m [36mpath[0m=[35m/api/v1/challenges/ab7e5605-ba95-4506-ac81-42acd006b526[0m [36mreq[0m=[35m88d9e0b9[0m [36mrequest_id[0m=[35m88d9e0b9-7418-46ec-9fdf-16240737a110[0m [36mstatus[0m=[35m200[0m
[2m12:48:06[0m [[32m[1minfo     [0m] [1mGetting challenge status: id=ab7e5605-ba95-4506-ac81-42acd006b526[0m [36mreq[0m=[35m2c263a74[0m
[2m12:48:06[0m [[32m[1minfo     [0m] [1mrequest_finished                        [0m [36mduration[0m=[35m0.022[0m [36mmethod[0m=[35mGET[0m [36mpath[0m=[35m/api/v1/challenges/ab7e5605-ba95-4506-ac81-42acd006b526[0m [36mreq[0m=[35m2c263a74[0m [36mrequest_id[0m=[35m2c263a74-889b-494b-ac71-e007e0086994[0m [36mstatus[0m=[35m200[0m
[2m12:48:11[0m [[32m[1minfo     [0m] [1mGetting challenge status: id=ab7e5605-ba95-4506-ac81-42acd006b526[0m [36mreq[0m=[35m14133d0c[0m
[2m12:48:11[0m [[32m[1minfo     [0m] [1mrequest_finished                        [0m [36mduration[0m=[35m0.008[0m [36mmethod[0m=[35mGET[0m [36mpath[0m=[35m/api/v1/challenges/ab7e5605-ba95-4506-ac81-42acd006b526[0m [36mreq[0m=[35m14133d0c[0m [36mrequest_id[0m=[35m14133d0c-5a38-4b3d-930c-52d2d428cf77[0m [36mstatus[0m=[35m200[0m
[2m12:48:16[0m [[32m[1minfo     [0m] [1mGetting challenge status: id=ab7e5605-ba95-4506-ac81-42acd006b526[0m [36mreq[0m=[35m2c680545[0m
[2m12:48:16[0m [[32m[1minfo     [0m] [1mrequest_finished                        [0m [36mduration[0m=[35m0.033[0m [36mmethod[0m=[35mGET[0m [36mpath[0m=[35m/api/v1/challenges/ab7e5605-ba95-4506-ac81-42acd006b526[0m [36mreq[0m=[35m2c680545[0m [36mrequest_id[0m=[35m2c680545-03ff-4fd7-b4d7-0ce3e9d7b67d[0m [36mstatus[0m=[35m200[0m
[2m12:48:21[0m [[32m[1minfo     [0m] [1mGetting challenge status: id=ab7e5605-ba95-4506-ac81-42acd006b526[0m [36mreq[0m=[35m70488f6e[0m
[2m12:48:21[0m [[32m[1minfo     [0m] [1mrequest_finished                        [0m [36mduration[0m=[35m0.012[0m [36mmethod[0m=[35mGET[0m [36mpath[0m=[35m/api/v1/challenges/ab7e5605-ba95-4506-ac81-42acd006b526[0m [36mreq[0m=[35m70488f6e[0m [36mrequest_id[0m=[35m70488f6e-16ca-4d0f-9782-98c708e6ae89[0m [36mstatus[0m=[35m200[0m
[2m12:48:26[0m [[32m[1minfo     [0m] [1mGetting challenge status: id=ab7e5605-ba95-4506-ac81-42acd006b526[0m [36mreq[0m=[35ma634c662[0m
[2m12:48:26[0m [[32m[1minfo     [0m] [1mrequest_finished                        [0m [36mduration[0m=[35m0.005[0m [36mmethod[0m=[35mGET[0m [36mpath[0m=[35m/api/v1/challenges/ab7e5605-ba95-4506-ac81-42acd006b526[0m [36mreq[0m=[35ma634c662[0m [36mrequest_id[0m=[35ma634c662-730a-48f9-9bd0-61a24debf06a[0m [36mstatus[0m=[35m200[0m
[2m12:48:31[0m [[32m[1minfo     [0m] [1mGetting challenge status: id=ab7e5605-ba95-4506-ac81-42acd006b526[0m [36mreq[0m=[35mf9c3b1f3[0m
[2m12:48:31[0m [[32m[1minfo     [0m] [1mrequest_finished                        [0m [36mduration[0m=[35m0.006[0m [36mmethod[0m=[35mGET[0m [36mpath[0m=[35m/api/v1/challenges/ab7e5605-ba95-4506-ac81-42acd006b526[0m [36mreq[0m=[35mf9c3b1f3[0m [36mrequest_id[0m=[35mf9c3b1f3-06df-4fe0-ab52-9bb9e6e4faf9[0m [36mstatus[0m=[35m200[0m
[2m12:48:36[0m [[32m[1minfo     [0m] [1mGetting challenge status: id=ab7e5605-ba95-4506-ac81-42acd006b526[0m [36mreq[0m=[35m25672544[0m
[2m12:48:36[0m [[32m[1minfo     [0m] [1mrequest_finished                        [0m [36mduration[0m=[35m0.012[0m [36mmethod[0m=[35mGET[0m [36mpath[0m=[35m/api/v1/challenges/ab7e5605-ba95-4506-ac81-42acd006b526[0m [36mreq[0m=[35m25672544[0m [36mrequest_id[0m=[35m25672544-ba8b-4384-a1ef-4a4eed24d1be[0m [36mstatus[0m=[35m200[0m
[2m12:48:41[0m [[32m[1minfo     [0m] [1mGetting challenge status: id=ab7e5605-ba95-4506-ac81-42acd006b526[0m [36mreq[0m=[35m9f030703[0m
[2m12:48:41[0m [[32m[1minfo     [0m] [1mrequest_finished                        [0m [36mduration[0m=[35m0.054[0m [36mmethod[0m=[35mGET[0m [36mpath[0m=[35m/api/v1/challenges/ab7e5605-ba95-4506-ac81-42acd006b526[0m [36mreq[0m=[35m9f030703[0m [36mrequest_id[0m=[35m9f030703-9b86-426b-8a2d-cfff596c6335[0m [36mstatus[0m=[35m200[0m
[2m12:48:46[0m [[32m[1minfo     [0m] [1mGetting challenge status: id=ab7e5605-ba95-4506-ac81-42acd006b526[0m [36mreq[0m=[35m54bafbbc[0m
[2m12:48:46[0m [[32m[1minfo     [0m] [1mrequest_finished                        [0m [36mduration[0m=[35m0.012[0m [36mmethod[0m=[35mGET[0m [36mpath[0m=[35m/api/v1/challenges/ab7e5605-ba95-4506-ac81-42acd006b526[0m [36mreq[0m=[35m54bafbbc[0m [36mrequest_id[0m=[35m54bafbbc-3b48-4b22-8882-4bc2d3be095e[0m [36mstatus[0m=[35m200[0m
[2m12:48:51[0m [[32m[1minfo     [0m] [1mGetting challenge status: id=ab7e5605-ba95-4506-ac81-42acd006b526[0m [36mreq[0m=[35m8d9714b8[0m
[2m12:48:51[0m [[32m[1minfo     [0m] [1mrequest_finished                        [0m [36mduration[0m=[35m0.004[0m [36mmethod[0m=[35mGET[0m [36mpath[0m=[35m/api/v1/challenges/ab7e5605-ba95-4506-ac81-42acd006b526[0m [36mreq[0m=[35m8d9714b8[0m [36mrequest_id[0m=[35m8d9714b8-6ae6-4222-837e-6e24aac47dcf[0m [36mstatus[0m=[35m200[0m
[2m12:48:56[0m [[32m[1minfo     [0m] [1mGetting challenge status: id=ab7e5605-ba95-4506-ac81-42acd006b526[0m [36mreq[0m=[35m1b50f7bf[0m
[2m12:48:56[0m [[32m[1minfo     [0m] [1mrequest_finished                        [0m [36mduration[0m=[35m0.017[0m [36mmethod[0m=[35mGET[0m [36mpath[0m=[35m/api/v1/challenges/ab7e5605-ba95-4506-ac81-42acd006b526[0m [36mreq[0m=[35m1b50f7bf[0m [36mrequest_id[0m=[35m1b50f7bf-9082-464c-8172-320c23dc78ae[0m [36mstatus[0m=[35m200[0m
[2m12:49:01[0m [[32m[1minfo     [0m] [1mGetting challenge status: id=ab7e5605-ba95-4506-ac81-42acd006b526[0m [36mreq[0m=[35m547b9dd4[0m
[2m12:49:01[0m [[32m[1minfo     [0m] [1mrequest_finished                        [0m [36mduration[0m=[35m0.009[0m [36mmethod[0m=[35mGET[0m [36mpath[0m=[35m/api/v1/challenges/ab7e5605-ba95-4506-ac81-42acd006b526[0m [36mreq[0m=[35m547b9dd4[0m [36mrequest_id[0m=[35m547b9dd4-aa1e-42ea-af85-612a3099298b[0m [36mstatus[0m=[35m200[0m
[2m12:49:06[0m [[32m[1minfo     [0m] [1mGetting challenge status: id=ab7e5605-ba95-4506-ac81-42acd006b526[0m [36mreq[0m=[35md140f091[0m
[2m12:49:06[0m [[32m[1minfo     [0m] [1mrequest_finished                        [0m [36mduration[0m=[35m0.009[0m [36mmethod[0m=[35mGET[0m [36mpath[0m=[35m/api/v1/challenges/ab7e5605-ba95-4506-ac81-42acd006b526[0m [36mreq[0m=[35md140f091[0m [36mrequest_id[0m=[35md140f091-fe06-4cdc-ae7d-7115b6ebe49c[0m [36mstatus[0m=[35m200[0m
[2m12:49:11[0m [[32m[1minfo     [0m] [1mGetting challenge status: id=ab7e5605-ba95-4506-ac81-42acd006b526[0m [36mreq[0m=[35m55b3069a[0m
[2m12:49:11[0m [[32m[1minfo     [0m] [1mrequest_finished                        [0m [36mduration[0m=[35m0.006[0m [36mmethod[0m=[35mGET[0m [36mpath[0m=[35m/api/v1/challenges/ab7e5605-ba95-4506-ac81-42acd006b526[0m [36mreq[0m=[35m55b3069a[0m [36mrequest_id[0m=[35m55b3069a-2f39-4807-b0fe-2cc5053d8b16[0m [36mstatus[0m=[35m200[0m
[2m12:49:16[0m [[32m[1minfo     [0m] [1mGetting challenge status: id=ab7e5605-ba95-4506-ac81-42acd006b526[0m [36mreq[0m=[35m73bbf11b[0m
[2m12:49:16[0m [[32m[1minfo     [0m] [1mrequest_finished                        [0m [36mduration[0m=[35m0.006[0m [36mmethod[0m=[35mGET[0m [36mpath[0m=[35m/api/v1/challenges/ab7e5605-ba95-4506-ac81-42acd006b526[0m [36mreq[0m=[35m73bbf11b[0m [36mrequest_id[0m=[35m73bbf11b-beff-4832-b5a9-593bbdf3b42c[0m [36mstatus[0m=[35m200[0m
[2m12:49:17[0m [[32m[1minfo     [0m] [1mSandbox execution complete: success=True, time=323370ms, cached=False[0m [36mreq[0m=[35m45ba9f75[0m
[2m12:49:21[0m [[32m[1minfo     [0m] [1mGetting challenge status: id=ab7e5605-ba95-4506-ac81-42acd006b526[0m [36mreq[0m=[35md57ec4cb[0m
[2m12:49:21[0m [[32m[1minfo     [0m] [1mrequest_finished                        [0m [36mduration[0m=[35m0.026[0m [36mmethod[0m=[35mGET[0m [36mpath[0m=[35m/api/v1/challenges/ab7e5605-ba95-4506-ac81-42acd006b526[0m [36mreq[0m=[35md57ec4cb[0m [36mrequest_id[0m=[35md57ec4cb-7649-4bbb-a5db-8e32b40dd742[0m [36mstatus[0m=[35m200[0m
[2m12:49:23[0m [[32m[1minfo     [0m] [1mTranskription erfolgreich: 1087 Zeichen [0m [36mreq[0m=[35m45ba9f75[0m
[2m12:49:24[0m [[32m[1minfo     [0m] [1mLoading topology from database...       [0m [36mreq[0m=[35m45ba9f75[0m
[2m12:49:24[0m [[32m[1minfo     [0m] [1mMapped 13 skill entries to 13 capabilities[0m [36mreq[0m=[35m45ba9f75[0m
[2m12:49:24[0m [[32m[1minfo     [0m] [1mTopology validated: 11 agents in 5 waves[0m [36mreq[0m=[35m45ba9f75[0m
[2m12:49:24[0m [[32m[1minfo     [0m] [1mLoaded 13 skills for topology           [0m [36mreq[0m=[35m45ba9f75[0m
[2m12:49:24[0m [[32m[1minfo     [0m] [1mTopology loaded: 11 agents, 5 waves     [0m [36mreq[0m=[35m45ba9f75[0m
[2m12:49:24[0m [[32m[1minfo     [0m] [1mShared memory initialized with Qdrant   [0m [36mreq[0m=[35m45ba9f75[0m
[2m12:49:24[0m [[32m[1minfo     [0m] [1mHybridOrchestrator initialized          [0m [36mreq[0m=[35m45ba9f75[0m
[2m12:49:24[0m [[32m[1minfo     [0m] [1mStarting execution: 3777e712-918e-4bb0-ad1c-232c3b87d81a[0m [36mreq[0m=[35m45ba9f75[0m
[2m12:49:24[0m [[32m[1minfo     [0m] [1mLoading topology from database...       [0m [36mreq[0m=[35m45ba9f75[0m
[2m12:49:24[0m [[32m[1minfo     [0m] [1mMapped 13 skill entries to 13 capabilities[0m [36mreq[0m=[35m45ba9f75[0m
[2m12:49:24[0m [[32m[1minfo     [0m] [1mTopology validated: 11 agents in 5 waves[0m [36mreq[0m=[35m45ba9f75[0m
[2m12:49:24[0m [[32m[1minfo     [0m] [1mLoaded 13 skills for topology           [0m [36mreq[0m=[35m45ba9f75[0m
[2m12:49:24[0m [[32m[1minfo     [0m] [1mTopology loaded: 11 agents, 5 waves     [0m [36mreq[0m=[35m45ba9f75[0m
[2m12:49:24[0m [[32m[1minfo     [0m] [1mDocker client connected successfully    [0m [36mreq[0m=[35m45ba9f75[0m
[2m12:49:24[0m [[32m[1minfo     [0m] [1mCreated DynamicSandbox executor (Docker-based, unrestricted)[0m [36mreq[0m=[35m45ba9f75[0m
[2m12:49:24[0m [[33m[1mwarning  [0m] [1mCould not create intervention orchestrator for self-healing: create_intervention_orchestrator() got an unexpected keyword argument 'db'[0m [36mreq[0m=[35m45ba9f75[0m
[2m12:49:24[0m [[32m[1minfo     [0m] [1mExecuting wave 1/5: ['05bebe15-b46f-4b91-96e3-a50f6cf9e68d', '90c17f3b-7f91-4174-b3ac-b59a51feb378', '65ad3c5c-f66c-49a0-a7cd-4b9ebc6142b9', '073d766c-ed4f-4519-8e36-8c9631e97c67'][0m [36mreq[0m=[35m45ba9f75[0m
[2m12:49:24[0m [[32m[1minfo     [0m] [1mExecuting agent: transcript_analyzer (05bebe15-b46f-4b91-96e3-a50f6cf9e68d)[0m [36mreq[0m=[35m45ba9f75[0m
[2m12:49:24[0m [[32m[1minfo     [0m] [1mExecuting agent: product_owner (90c17f3b-7f91-4174-b3ac-b59a51feb378)[0m [36mreq[0m=[35m45ba9f75[0m
[2m12:49:24[0m [[33m[1mwarning  [0m] [1mAgent product_owner expected artifacts ['analysis_findings'] but none found in pool[0m [36mreq[0m=[35m45ba9f75[0m
[2m12:49:24[0m [[32m[1minfo     [0m] [1mExecuting agent: quality_judge (65ad3c5c-f66c-49a0-a7cd-4b9ebc6142b9)[0m [36mreq[0m=[35m45ba9f75[0m
[2m12:49:24[0m [[33m[1mwarning  [0m] [1mAgent quality_judge expected artifacts ['ab_test_samples'] but none found in pool[0m [36mreq[0m=[35m45ba9f75[0m
[2m12:49:24[0m [[32m[1minfo     [0m] [1mExecuting agent: execution_analyzer (073d766c-ed4f-4519-8e36-8c9631e97c67)[0m [36mreq[0m=[35m45ba9f75[0m
[2m12:49:24[0m [[33m[1mwarning  [0m] [1mAgent execution_analyzer expected artifacts ['execution_telemetry'] but none found in pool[0m [36mreq[0m=[35m45ba9f75[0m
[2m12:49:25[0m [[32m[1minfo     [0m] [1mAgent quality_judge returned final answer after 0 tool calls[0m [36mreq[0m=[35m45ba9f75[0m
[2m12:49:25[0m [[32m[1minfo     [0m] [1mAgent execution_analyzer returned final answer after 0 tool calls[0m [36mreq[0m=[35m45ba9f75[0m
[2m12:49:25[0m [[32m[1minfo     [0m] [1mAgent product_owner returned final answer after 0 tool calls[0m [36mreq[0m=[35m45ba9f75[0m
[2m12:49:26[0m [[32m[1minfo     [0m] [1mshared_memory_metrics agent=transcript_analyzer facts_kept=5 facts_total=8 hypotheses=0 relations=0 approx_tokens=2389 query_chars=3075[0m [36mreq[0m=[35m45ba9f75[0m
[2m12:49:26[0m [[32m[1minfo     [0m] [1mAgent product_owner completed           [0m [36mreq[0m=[35m45ba9f75[0m
[2m12:49:26[0m [[32m[1minfo     [0m] [1mAgent quality_judge completed           [0m [36mreq[0m=[35m45ba9f75[0m
[2m12:49:26[0m [[32m[1minfo     [0m] [1mAgent execution_analyzer completed      [0m [36mreq[0m=[35m45ba9f75[0m
[2m12:49:26[0m [[32m[1minfo     [0m] [1mGetting challenge status: id=ab7e5605-ba95-4506-ac81-42acd006b526[0m [36mreq[0m=[35m12748b3b[0m
[2m12:49:26[0m [[32m[1minfo     [0m] [1mrequest_finished                        [0m [36mduration[0m=[35m0.004[0m [36mmethod[0m=[35mGET[0m [36mpath[0m=[35m/api/v1/challenges/ab7e5605-ba95-4506-ac81-42acd006b526[0m [36mreq[0m=[35m12748b3b[0m [36mrequest_id[0m=[35m12748b3b-b780-4ae9-a1e6-e1bf8b1ae8ef[0m [36mstatus[0m=[35m200[0m
[2m12:49:31[0m [[32m[1minfo     [0m] [1mAgent transcript_analyzer returned final answer after 0 tool calls[0m [36mreq[0m=[35m45ba9f75[0m
[2m12:49:31[0m [[32m[1minfo     [0m] [1mGetting challenge status: id=ab7e5605-ba95-4506-ac81-42acd006b526[0m [36mreq[0m=[35mfc776267[0m
[2m12:49:31[0m [[32m[1minfo     [0m] [1mrequest_finished                        [0m [36mduration[0m=[35m0.019[0m [36mmethod[0m=[35mGET[0m [36mpath[0m=[35m/api/v1/challenges/ab7e5605-ba95-4506-ac81-42acd006b526[0m [36mreq[0m=[35mfc776267[0m [36mrequest_id[0m=[35mfc776267-4bb0-4057-b262-e53b7fca7165[0m [36mstatus[0m=[35m200[0m
[2m12:49:31[0m [[32m[1minfo     [0m] [1mAgent transcript_analyzer completed     [0m [36mreq[0m=[35m45ba9f75[0m
[2m12:49:31[0m [[32m[1minfo     [0m] [1mWave 1 agent 'transcript_analyzer' completed: success=True, skipped=False, result_len=1695[0m [36mreq[0m=[35m45ba9f75[0m
[2m12:49:31[0m [[32m[1minfo     [0m] [1mWave 1 agent 'product_owner' completed: success=True, skipped=False, result_len=243[0m [36mreq[0m=[35m45ba9f75[0m
[2m12:49:31[0m [[32m[1minfo     [0m] [1mWave 1 agent 'quality_judge' completed: success=True, skipped=False, result_len=188[0m [36mreq[0m=[35m45ba9f75[0m
[2m12:49:31[0m [[32m[1minfo     [0m] [1mWave 1 agent 'execution_analyzer' completed: success=True, skipped=False, result_len=228[0m [36mreq[0m=[35m45ba9f75[0m
[2m12:49:31[0m [[32m[1minfo     [0m] [1mExecuting wave 2/5: ['49898ec1-10da-4a11-8457-1358d844c805', '07f8b963-9d7c-4232-ba20-52aa8d850e1d'][0m [36mreq[0m=[35m45ba9f75[0m
[2m12:49:31[0m [[32m[1minfo     [0m] [1mExecuting agent: context_retriever (49898ec1-10da-4a11-8457-1358d844c805)[0m [36mreq[0m=[35m45ba9f75[0m
[2m12:49:31[0m [[32m[1minfo     [0m] [1mExecuting agent: control_agent (07f8b963-9d7c-4232-ba20-52aa8d850e1d)[0m [36mreq[0m=[35m45ba9f75[0m
[2m12:49:32[0m [[32m[1minfo     [0m] [1mAgent control_agent returned final answer after 0 tool calls[0m [36mreq[0m=[35m45ba9f75[0m
[2m12:49:32[0m [[32m[1minfo     [0m] [1mAgent control_agent completed           [0m [36mreq[0m=[35m45ba9f75[0m
[2m12:49:32[0m [[32m[1minfo     [0m] [1mTool call 1/5: skill_connect_to_postgresql_database[0m [36mreq[0m=[35m45ba9f75[0m
[2m12:49:32[0m [[32m[1minfo     [0m] [1mStarting sandbox execution: pip=['psycopg2-binary>=2.9.0', 'psycopg2-binary'], apt=[], input_files=[][0m [36mreq[0m=[35m45ba9f75[0m
[2m12:49:32[0m [[32m[1minfo     [0m] [1mFound cached image: lumari-sandbox:custom-b45b88ad (usage=17)[0m [36mreq[0m=[35m45ba9f75[0m
[2m12:49:32[0m [[32m[1minfo     [0m] [1mUsing cached image: lumari-sandbox:custom-b45b88ad[0m [36mreq[0m=[35m45ba9f75[0m
[2m12:49:34[0m [[32m[1minfo     [0m] [1mSandbox execution complete: success=True, time=1232ms, cached=True[0m [36mreq[0m=[35m45ba9f75[0m
[2m12:49:36[0m [[32m[1minfo     [0m] [1mGetting challenge status: id=ab7e5605-ba95-4506-ac81-42acd006b526[0m [36mreq[0m=[35m62e11ac0[0m
[2m12:49:36[0m [[32m[1minfo     [0m] [1mrequest_finished                        [0m [36mduration[0m=[35m0.012[0m [36mmethod[0m=[35mGET[0m [36mpath[0m=[35m/api/v1/challenges/ab7e5605-ba95-4506-ac81-42acd006b526[0m [36mreq[0m=[35m62e11ac0[0m [36mrequest_id[0m=[35m62e11ac0-3a41-4807-a3dd-f4e1c11adb74[0m [36mstatus[0m=[35m200[0m
[2m12:49:41[0m [[32m[1minfo     [0m] [1mAgent context_retriever returned final answer after 1 tool calls[0m [36mreq[0m=[35m45ba9f75[0m
[2m12:49:41[0m [[32m[1minfo     [0m] [1mGetting challenge status: id=ab7e5605-ba95-4506-ac81-42acd006b526[0m [36mreq[0m=[35me8f2752a[0m
[2m12:49:41[0m [[32m[1minfo     [0m] [1mrequest_finished                        [0m [36mduration[0m=[35m0.02[0m [36mmethod[0m=[35mGET[0m [36mpath[0m=[35m/api/v1/challenges/ab7e5605-ba95-4506-ac81-42acd006b526[0m [36mreq[0m=[35me8f2752a[0m [36mrequest_id[0m=[35me8f2752a-9545-47bd-8ed2-53d1da41be4d[0m [36mstatus[0m=[35m200[0m
[2m12:49:41[0m [[32m[1minfo     [0m] [1mAgent context_retriever completed       [0m [36mreq[0m=[35m45ba9f75[0m
[2m12:49:41[0m [[32m[1minfo     [0m] [1mWave 2 agent 'context_retriever' completed: success=True, skipped=False, result_len=739[0m [36mreq[0m=[35m45ba9f75[0m
[2m12:49:41[0m [[32m[1minfo     [0m] [1mWave 2 agent 'control_agent' completed: success=True, skipped=False, result_len=146[0m [36mreq[0m=[35m45ba9f75[0m
[2m12:49:41[0m [[32m[1minfo     [0m] [1mExecuting wave 3/5: ['f54aabd1-ca21-4768-b12e-ccf5ca95d0da', 'a676e764-25ce-41cf-95d1-b838c8e6804d', 'd01ede79-d82b-465b-ae42-d1a7a2ec4188'][0m [36mreq[0m=[35m45ba9f75[0m
[2m12:49:41[0m [[32m[1minfo     [0m] [1mExecuting agent: report_generator (f54aabd1-ca21-4768-b12e-ccf5ca95d0da)[0m [36mreq[0m=[35m45ba9f75[0m
[2m12:49:41[0m [[32m[1minfo     [0m] [1mExecuting agent: prompt_engineer (a676e764-25ce-41cf-95d1-b838c8e6804d)[0m [36mreq[0m=[35m45ba9f75[0m
[2m12:49:41[0m [[32m[1minfo     [0m] [1mExecuting agent: tool_builder (d01ede79-d82b-465b-ae42-d1a7a2ec4188)[0m [36mreq[0m=[35m45ba9f75[0m
[2m12:49:44[0m [[32m[1minfo     [0m] [1mAgent prompt_engineer returned final answer after 0 tool calls[0m [36mreq[0m=[35m45ba9f75[0m
[2m12:49:44[0m [[32m[1minfo     [0m] [1mAgent report_generator returned final answer after 0 tool calls[0m [36mreq[0m=[35m45ba9f75[0m
[2m12:49:44[0m [[32m[1minfo     [0m] [1mAgent prompt_engineer completed         [0m [36mreq[0m=[35m45ba9f75[0m
[2m12:49:44[0m [[32m[1minfo     [0m] [1mAgent report_generator completed        [0m [36mreq[0m=[35m45ba9f75[0m
[2m12:49:46[0m [[32m[1minfo     [0m] [1mGetting challenge status: id=ab7e5605-ba95-4506-ac81-42acd006b526[0m [36mreq[0m=[35mfabafc1f[0m
[2m12:49:46[0m [[32m[1minfo     [0m] [1mrequest_finished                        [0m [36mduration[0m=[35m0.014[0m [36mmethod[0m=[35mGET[0m [36mpath[0m=[35m/api/v1/challenges/ab7e5605-ba95-4506-ac81-42acd006b526[0m [36mreq[0m=[35mfabafc1f[0m [36mrequest_id[0m=[35mfabafc1f-9333-4855-b8c4-65cf41f3260b[0m [36mstatus[0m=[35m200[0m
[2m12:49:48[0m [[32m[1minfo     [0m] [1mAgent tool_builder returned final answer after 0 tool calls[0m [36mreq[0m=[35m45ba9f75[0m
[2m12:49:48[0m [[32m[1minfo     [0m] [1mAgent tool_builder completed            [0m [36mreq[0m=[35m45ba9f75[0m
[2m12:49:48[0m [[32m[1minfo     [0m] [1mWave 3 agent 'report_generator' completed: success=True, skipped=False, result_len=1872[0m [36mreq[0m=[35m45ba9f75[0m
[2m12:49:48[0m [[32m[1minfo     [0m] [1mWave 3 agent 'prompt_engineer' completed: success=True, skipped=False, result_len=1717[0m [36mreq[0m=[35m45ba9f75[0m
[2m12:49:48[0m [[32m[1minfo     [0m] [1mWave 3 agent 'tool_builder' completed: success=True, skipped=False, result_len=234[0m [36mreq[0m=[35m45ba9f75[0m
[2m12:49:48[0m [[32m[1minfo     [0m] [1mExecuting wave 4/5: ['85860279-90e3-4984-b25d-af840d3dca9b'][0m [36mreq[0m=[35m45ba9f75[0m
[2m12:49:48[0m [[32m[1minfo     [0m] [1mExecuting agent: quality_validator (85860279-90e3-4984-b25d-af840d3dca9b)[0m [36mreq[0m=[35m45ba9f75[0m
[2m12:49:49[0m [[32m[1minfo     [0m] [1mAgent quality_validator returned final answer after 0 tool calls[0m [36mreq[0m=[35m45ba9f75[0m
[2m12:49:49[0m [[32m[1minfo     [0m] [1mAgent quality_validator completed       [0m [36mreq[0m=[35m45ba9f75[0m
[2m12:49:49[0m [[32m[1minfo     [0m] [1mWave 4 agent 'quality_validator' completed: success=True, skipped=False, result_len=199[0m [36mreq[0m=[35m45ba9f75[0m
[2m12:49:49[0m [[32m[1minfo     [0m] [1mExecuting wave 5/5: ['bbd241f8-1df0-49f4-950a-dc61efa2c950'][0m [36mreq[0m=[35m45ba9f75[0m
[2m12:49:49[0m [[32m[1minfo     [0m] [1mExecuting agent: report_finalizer (bbd241f8-1df0-49f4-950a-dc61efa2c950)[0m [36mreq[0m=[35m45ba9f75[0m
[2m12:49:51[0m [[32m[1minfo     [0m] [1mGetting challenge status: id=ab7e5605-ba95-4506-ac81-42acd006b526[0m [36mreq[0m=[35m49478286[0m
[2m12:49:51[0m [[32m[1minfo     [0m] [1mrequest_finished                        [0m [36mduration[0m=[35m0.016[0m [36mmethod[0m=[35mGET[0m [36mpath[0m=[35m/api/v1/challenges/ab7e5605-ba95-4506-ac81-42acd006b526[0m [36mreq[0m=[35m49478286[0m [36mrequest_id[0m=[35m49478286-8066-4129-9226-bbb97cac3a34[0m [36mstatus[0m=[35m200[0m
[2m12:49:52[0m [[32m[1minfo     [0m] [1mAgent report_finalizer returned final answer after 0 tool calls[0m [36mreq[0m=[35m45ba9f75[0m
[2m12:49:53[0m [[32m[1minfo     [0m] [1mAgent report_finalizer completed        [0m [36mreq[0m=[35m45ba9f75[0m
[2m12:49:53[0m [[32m[1minfo     [0m] [1mWave 5 agent 'report_finalizer' completed: success=True, skipped=False, result_len=2005[0m [36mreq[0m=[35m45ba9f75[0m
[2m12:49:53[0m [[32m[1minfo     [0m] [1mArtifact pool cleared: 11 artifacts discarded[0m [36mreq[0m=[35m45ba9f75[0m
[2m12:49:53[0m [[32m[1minfo     [0m] [1mPersisted 1 facts to shared memory for execution 3777e712-918e-4bb0-ad1c-232c3b87d81a[0m [36mreq[0m=[35m45ba9f75[0m
[2m12:49:53[0m [[32m[1minfo     [0m] [1mStarting telemetry for agent=05bebe15..., execution=3777e712...[0m [36mreq[0m=[35m45ba9f75[0m
[2m12:49:53[0m [[33m[1mwarning  [0m] [1mTelemetrie-Bridge fehlgeschlagen: 1 validation error for ExecutionTelemetryCreate
outcome
  Input should be 'success', 'error', 'timeout' or 'cancelled' [type=literal_error, input_value='running', input_type=str]
    For further information visit https://errors.pydantic.dev/2.11/v/literal_error[0m [36mreq[0m=[35m45ba9f75[0m
[2m12:49:53[0m [[32m[1minfo     [0m] [1mConfigured epicbox profile: image=lumari-sandbox:latest, limits={'cputime': 5, 'realtime': 10, 'memory': 128, 'processes': 1}[0m [36mreq[0m=[35m45ba9f75[0m
[2m12:49:53[0m [[32m[1minfo     [0m] [1mStarting analysis pipeline for execution_id=3777e712...[0m [36mreq[0m=[35m45ba9f75[0m
[2m12:49:53[0m [[33m[1mwarning  [0m] [1mNo telemetry found for execution 3777e712-918e-4bb0-ad1c-232c3b87d81a[0m [36mreq[0m=[35m45ba9f75[0m
[2m12:49:53[0m [[32m[1minfo     [0m] [1mExecution completed: challenge_id=ab7e5605-ba95-4506-ac81-42acd006b526, success=True[0m [36mreq[0m=[35m45ba9f75[0m
[2m12:49:56[0m [[32m[1minfo     [0m] [1mGetting challenge status: id=ab7e5605-ba95-4506-ac81-42acd006b526[0m [36mreq[0m=[35mc86e2238[0m
[2m12:49:56[0m [[32m[1minfo     [0m] [1mrequest_finished                        [0m [36mduration[0m=[35m0.011[0m [36mmethod[0m=[35mGET[0m [36mpath[0m=[35m/api/v1/challenges/ab7e5605-ba95-4506-ac81-42acd006b526[0m [36mreq[0m=[35mc86e2238[0m [36mrequest_id[0m=[35mc86e2238-82ad-4fcf-9980-3cda75a38b23[0m [36mstatus[0m=[35m200[0m
[2m12:49:56[0m [[32m[1minfo     [0m] [1mGetting challenge results: id=ab7e5605-ba95-4506-ac81-42acd006b526[0m [36mreq[0m=[35md7f8fe84[0m
[2m12:49:56[0m [[32m[1minfo     [0m] [1mrequest_finished                        [0m [36mduration[0m=[35m0.012[0m [36mmethod[0m=[35mGET[0m [36mpath[0m=[35m/api/v1/challenges/ab7e5605-ba95-4506-ac81-42acd006b526/results[0m [36mreq[0m=[35md7f8fe84[0m [36mrequest_id[0m=[35md7f8fe84-768b-4844-91fa-64c4e82c330b[0m [36mstatus[0m=[35m200[0m
[2m12:50:01[0m [[32m[1minfo     [0m] [1mFile upload: sicherheitsbericht_20251105.opus, size=318785, type=audio/opus[0m [36mreq[0m=[35m13aa86d0[0m
[2m12:50:01[0m [[32m[1minfo     [0m] [1mSaved binary file to: /Users/patrick/Documents/Uni/master_project/backend/app/api/v1/endpoints/../../../uploads/36dfbd31-160f-48ad-b19e-709e04adbd7b.opus[0m [36mreq[0m=[35m13aa86d0[0m
[2m12:50:01[0m [[32m[1minfo     [0m] [1mAudio transcription skill available: skill_audio_transcription — will transcribe in background[0m [36mreq[0m=[35m13aa86d0[0m
[2m12:50:01[0m [[32m[1minfo     [0m] [1mFile upload: sicherheitsbericht_20251105.opus -> challenge_id=89ba8c07-6cd4-4c69-bb1d-422a52ce2393, gaps=0, route=execute[0m [36mreq[0m=[35m13aa86d0[0m
[2m12:50:01[0m [[32m[1minfo     [0m] [1mrequest_finished                        [0m [36mduration[0m=[35m0.084[0m [36mmethod[0m=[35mPOST[0m [36mpath[0m=[35m/api/v1/challenges/upload[0m [36mreq[0m=[35m13aa86d0[0m [36mrequest_id[0m=[35m13aa86d0-f551-4c22-8a15-ba5bc68adee0[0m [36mstatus[0m=[35m200[0m
[2m12:50:01[0m [[32m[1minfo     [0m] [1mExecuting challenge: id=89ba8c07-6cd4-4c69-bb1d-422a52ce2393[0m [36mreq[0m=[35mf20e3f65[0m
[2m12:50:01[0m [[32m[1minfo     [0m] [1mrequest_finished                        [0m [36mduration[0m=[35m0.011[0m [36mmethod[0m=[35mPOST[0m [36mpath[0m=[35m/api/v1/challenges/89ba8c07-6cd4-4c69-bb1d-422a52ce2393/execute[0m [36mreq[0m=[35mf20e3f65[0m [36mrequest_id[0m=[35mf20e3f65-2970-4634-bc2b-55a8f9dab9a7[0m [36mstatus[0m=[35m200[0m
[2m12:50:01[0m [[32m[1minfo     [0m] [1mStarting background execution: challenge_id=89ba8c07-6cd4-4c69-bb1d-422a52ce2393[0m [36mreq[0m=[35mf20e3f65[0m
[2m12:50:01[0m [[32m[1minfo     [0m] [1mTranskribiere Audio vor Execution: /Users/patrick/Documents/Uni/master_project/backend/app/api/v1/endpoints/../../../uploads/36dfbd31-160f-48ad-b19e-709e04adbd7b.opus mit Skill skill_audio_transcription[0m [36mreq[0m=[35mf20e3f65[0m
[2m12:50:01[0m [[32m[1minfo     [0m] [1mStarting sandbox execution: pip=['openai-whisper'], apt=['ffmpeg'], input_files=['36dfbd31-160f-48ad-b19e-709e04adbd7b.opus'][0m [36mreq[0m=[35mf20e3f65[0m
[2m12:50:01[0m [[32m[1minfo     [0m] [1mDocker client connected successfully    [0m [36mreq[0m=[35mf20e3f65[0m
[2m12:50:01[0m [[32m[1minfo     [0m] [1mInstalling system packages: ffmpeg      [0m [36mreq[0m=[35mf20e3f65[0m
[2m12:50:06[0m [[32m[1minfo     [0m] [1mGetting challenge status: id=89ba8c07-6cd4-4c69-bb1d-422a52ce2393[0m [36mreq[0m=[35mb270796d[0m
[2m12:50:06[0m [[32m[1minfo     [0m] [1mrequest_finished                        [0m [36mduration[0m=[35m0.008[0m [36mmethod[0m=[35mGET[0m [36mpath[0m=[35m/api/v1/challenges/89ba8c07-6cd4-4c69-bb1d-422a52ce2393[0m [36mreq[0m=[35mb270796d[0m [36mrequest_id[0m=[35mb270796d-37f1-48ab-bebb-da4e2cdc09cc[0m [36mstatus[0m=[35m200[0m
[2m12:50:11[0m [[32m[1minfo     [0m] [1mGetting challenge status: id=89ba8c07-6cd4-4c69-bb1d-422a52ce2393[0m [36mreq[0m=[35m616a1a60[0m
[2m12:50:11[0m [[32m[1minfo     [0m] [1mrequest_finished                        [0m [36mduration[0m=[35m0.005[0m [36mmethod[0m=[35mGET[0m [36mpath[0m=[35m/api/v1/challenges/89ba8c07-6cd4-4c69-bb1d-422a52ce2393[0m [36mreq[0m=[35m616a1a60[0m [36mrequest_id[0m=[35m616a1a60-befa-473d-8167-22dbea888a98[0m [36mstatus[0m=[35m200[0m
[2m12:50:16[0m [[32m[1minfo     [0m] [1mGetting challenge status: id=89ba8c07-6cd4-4c69-bb1d-422a52ce2393[0m [36mreq[0m=[35mde7e6f0d[0m
[2m12:50:16[0m [[32m[1minfo     [0m] [1mrequest_finished                        [0m [36mduration[0m=[35m0.023[0m [36mmethod[0m=[35mGET[0m [36mpath[0m=[35m/api/v1/challenges/89ba8c07-6cd4-4c69-bb1d-422a52ce2393[0m [36mreq[0m=[35mde7e6f0d[0m [36mrequest_id[0m=[35mde7e6f0d-b6ec-4a5d-a42f-a7fa1f9d232c[0m [36mstatus[0m=[35m200[0m
[2m12:50:21[0m [[32m[1minfo     [0m] [1mGetting challenge status: id=89ba8c07-6cd4-4c69-bb1d-422a52ce2393[0m [36mreq[0m=[35md4225dca[0m
[2m12:50:21[0m [[32m[1minfo     [0m] [1mrequest_finished                        [0m [36mduration[0m=[35m0.01[0m [36mmethod[0m=[35mGET[0m [36mpath[0m=[35m/api/v1/challenges/89ba8c07-6cd4-4c69-bb1d-422a52ce2393[0m [36mreq[0m=[35md4225dca[0m [36mrequest_id[0m=[35md4225dca-9e90-40c4-a5cc-7ed6ab3b42cd[0m [36mstatus[0m=[35m200[0m
[2m12:50:26[0m [[32m[1minfo     [0m] [1mGetting challenge status: id=89ba8c07-6cd4-4c69-bb1d-422a52ce2393[0m [36mreq[0m=[35mea70ee1c[0m
[2m12:50:26[0m [[32m[1minfo     [0m] [1mrequest_finished                        [0m [36mduration[0m=[35m0.019[0m [36mmethod[0m=[35mGET[0m [36mpath[0m=[35m/api/v1/challenges/89ba8c07-6cd4-4c69-bb1d-422a52ce2393[0m [36mreq[0m=[35mea70ee1c[0m [36mrequest_id[0m=[35mea70ee1c-6e4c-45f6-af71-516ffa208973[0m [36mstatus[0m=[35m200[0m
[2m12:50:31[0m [[32m[1minfo     [0m] [1mGetting challenge status: id=89ba8c07-6cd4-4c69-bb1d-422a52ce2393[0m [36mreq[0m=[35mf2a79c8c[0m
[2m12:50:31[0m [[32m[1minfo     [0m] [1mrequest_finished                        [0m [36mduration[0m=[35m0.022[0m [36mmethod[0m=[35mGET[0m [36mpath[0m=[35m/api/v1/challenges/89ba8c07-6cd4-4c69-bb1d-422a52ce2393[0m [36mreq[0m=[35mf2a79c8c[0m [36mrequest_id[0m=[35mf2a79c8c-5e56-44c5-80e5-405cd866ea77[0m [36mstatus[0m=[35m200[0m
[2m12:50:36[0m [[32m[1minfo     [0m] [1mGetting challenge status: id=89ba8c07-6cd4-4c69-bb1d-422a52ce2393[0m [36mreq[0m=[35mf8d6a30d[0m
[2m12:50:36[0m [[32m[1minfo     [0m] [1mrequest_finished                        [0m [36mduration[0m=[35m0.012[0m [36mmethod[0m=[35mGET[0m [36mpath[0m=[35m/api/v1/challenges/89ba8c07-6cd4-4c69-bb1d-422a52ce2393[0m [36mreq[0m=[35mf8d6a30d[0m [36mrequest_id[0m=[35mf8d6a30d-914e-4adf-a0e9-37ddea24418c[0m [36mstatus[0m=[35m200[0m
[2m12:50:41[0m [[32m[1minfo     [0m] [1mGetting challenge status: id=89ba8c07-6cd4-4c69-bb1d-422a52ce2393[0m [36mreq[0m=[35m70916b08[0m
[2m12:50:41[0m [[32m[1minfo     [0m] [1mrequest_finished                        [0m [36mduration[0m=[35m0.021[0m [36mmethod[0m=[35mGET[0m [36mpath[0m=[35m/api/v1/challenges/89ba8c07-6cd4-4c69-bb1d-422a52ce2393[0m [36mreq[0m=[35m70916b08[0m [36mrequest_id[0m=[35m70916b08-9585-4ce2-88f8-71ce5ba3f7f9[0m [36mstatus[0m=[35m200[0m
[2m12:50:46[0m [[32m[1minfo     [0m] [1mGetting challenge status: id=89ba8c07-6cd4-4c69-bb1d-422a52ce2393[0m [36mreq[0m=[35mac5b409c[0m
[2m12:50:46[0m [[32m[1minfo     [0m] [1mrequest_finished                        [0m [36mduration[0m=[35m0.03[0m [36mmethod[0m=[35mGET[0m [36mpath[0m=[35m/api/v1/challenges/89ba8c07-6cd4-4c69-bb1d-422a52ce2393[0m [36mreq[0m=[35mac5b409c[0m [36mrequest_id[0m=[35mac5b409c-e203-44b7-9c19-66dabc05e28f[0m [36mstatus[0m=[35m200[0m
[2m12:50:50[0m [[32m[1minfo     [0m] [1mSystem packages installed successfully: ffmpeg[0m [36mreq[0m=[35mf20e3f65[0m
[2m12:50:50[0m [[32m[1minfo     [0m] [1mInstalling pip packages: "openai-whisper"[0m [36mreq[0m=[35mf20e3f65[0m
[2m12:50:51[0m [[32m[1minfo     [0m] [1mGetting challenge status: id=89ba8c07-6cd4-4c69-bb1d-422a52ce2393[0m [36mreq[0m=[35m1897b687[0m
[2m12:50:51[0m [[32m[1minfo     [0m] [1mrequest_finished                        [0m [36mduration[0m=[35m0.013[0m [36mmethod[0m=[35mGET[0m [36mpath[0m=[35m/api/v1/challenges/89ba8c07-6cd4-4c69-bb1d-422a52ce2393[0m [36mreq[0m=[35m1897b687[0m [36mrequest_id[0m=[35m1897b687-9a41-49e1-aff8-5f4aeba45e7e[0m [36mstatus[0m=[35m200[0m
[2m12:50:56[0m [[32m[1minfo     [0m] [1mGetting challenge status: id=89ba8c07-6cd4-4c69-bb1d-422a52ce2393[0m [36mreq[0m=[35m5cfce9d6[0m
[2m12:50:56[0m [[32m[1minfo     [0m] [1mrequest_finished                        [0m [36mduration[0m=[35m0.029[0m [36mmethod[0m=[35mGET[0m [36mpath[0m=[35m/api/v1/challenges/89ba8c07-6cd4-4c69-bb1d-422a52ce2393[0m [36mreq[0m=[35m5cfce9d6[0m [36mrequest_id[0m=[35m5cfce9d6-cb99-4555-8419-6e28a41ec314[0m [36mstatus[0m=[35m200[0m
[2m12:51:01[0m [[32m[1minfo     [0m] [1mGetting challenge status: id=89ba8c07-6cd4-4c69-bb1d-422a52ce2393[0m [36mreq[0m=[35m7b727d05[0m
[2m12:51:01[0m [[32m[1minfo     [0m] [1mrequest_finished                        [0m [36mduration[0m=[35m0.044[0m [36mmethod[0m=[35mGET[0m [36mpath[0m=[35m/api/v1/challenges/89ba8c07-6cd4-4c69-bb1d-422a52ce2393[0m [36mreq[0m=[35m7b727d05[0m [36mrequest_id[0m=[35m7b727d05-767c-4b04-8c6f-cf0f25ee4278[0m [36mstatus[0m=[35m200[0m
[2m12:51:06[0m [[32m[1minfo     [0m] [1mGetting challenge status: id=89ba8c07-6cd4-4c69-bb1d-422a52ce2393[0m [36mreq[0m=[35m2e47a89a[0m
[2m12:51:06[0m [[32m[1minfo     [0m] [1mrequest_finished                        [0m [36mduration[0m=[35m0.023[0m [36mmethod[0m=[35mGET[0m [36mpath[0m=[35m/api/v1/challenges/89ba8c07-6cd4-4c69-bb1d-422a52ce2393[0m [36mreq[0m=[35m2e47a89a[0m [36mrequest_id[0m=[35m2e47a89a-11d8-47c9-8ecf-4b0afb6305ba[0m [36mstatus[0m=[35m200[0m
[2m12:51:11[0m [[32m[1minfo     [0m] [1mGetting challenge status: id=89ba8c07-6cd4-4c69-bb1d-422a52ce2393[0m [36mreq[0m=[35m2dbcc4a6[0m
[2m12:51:11[0m [[32m[1minfo     [0m] [1mrequest_finished                        [0m [36mduration[0m=[35m0.04[0m [36mmethod[0m=[35mGET[0m [36mpath[0m=[35m/api/v1/challenges/89ba8c07-6cd4-4c69-bb1d-422a52ce2393[0m [36mreq[0m=[35m2dbcc4a6[0m [36mrequest_id[0m=[35m2dbcc4a6-7503-4e9a-9f5c-6749f8c47ee4[0m [36mstatus[0m=[35m200[0m
[2m12:51:16[0m [[32m[1minfo     [0m] [1mGetting challenge status: id=89ba8c07-6cd4-4c69-bb1d-422a52ce2393[0m [36mreq[0m=[35mef60a650[0m
[2m12:51:16[0m [[32m[1minfo     [0m] [1mrequest_finished                        [0m [36mduration[0m=[35m0.019[0m [36mmethod[0m=[35mGET[0m [36mpath[0m=[35m/api/v1/challenges/89ba8c07-6cd4-4c69-bb1d-422a52ce2393[0m [36mreq[0m=[35mef60a650[0m [36mrequest_id[0m=[35mef60a650-258b-40d7-b25c-d24c4b1cd0de[0m [36mstatus[0m=[35m200[0m
[2m12:51:21[0m [[32m[1minfo     [0m] [1mGetting challenge status: id=89ba8c07-6cd4-4c69-bb1d-422a52ce2393[0m [36mreq[0m=[35m9e57f65b[0m
[2m12:51:21[0m [[32m[1minfo     [0m] [1mrequest_finished                        [0m [36mduration[0m=[35m0.008[0m [36mmethod[0m=[35mGET[0m [36mpath[0m=[35m/api/v1/challenges/89ba8c07-6cd4-4c69-bb1d-422a52ce2393[0m [36mreq[0m=[35m9e57f65b[0m [36mrequest_id[0m=[35m9e57f65b-2bbb-419d-aea9-7efe8138f9bf[0m [36mstatus[0m=[35m200[0m
[2m12:51:26[0m [[32m[1minfo     [0m] [1mGetting challenge status: id=89ba8c07-6cd4-4c69-bb1d-422a52ce2393[0m [36mreq[0m=[35mb728e3bc[0m
[2m12:51:26[0m [[32m[1minfo     [0m] [1mrequest_finished                        [0m [36mduration[0m=[35m0.005[0m [36mmethod[0m=[35mGET[0m [36mpath[0m=[35m/api/v1/challenges/89ba8c07-6cd4-4c69-bb1d-422a52ce2393[0m [36mreq[0m=[35mb728e3bc[0m [36mrequest_id[0m=[35mb728e3bc-bbf0-40a9-a756-ed9896a61354[0m [36mstatus[0m=[35m200[0m
[2m12:51:31[0m [[32m[1minfo     [0m] [1mGetting challenge status: id=89ba8c07-6cd4-4c69-bb1d-422a52ce2393[0m [36mreq[0m=[35m316e8749[0m
[2m12:51:31[0m [[32m[1minfo     [0m] [1mrequest_finished                        [0m [36mduration[0m=[35m0.029[0m [36mmethod[0m=[35mGET[0m [36mpath[0m=[35m/api/v1/challenges/89ba8c07-6cd4-4c69-bb1d-422a52ce2393[0m [36mreq[0m=[35m316e8749[0m [36mrequest_id[0m=[35m316e8749-4bcb-46c5-b4c5-93a847c398dd[0m [36mstatus[0m=[35m200[0m
[2m12:51:36[0m [[32m[1minfo     [0m] [1mGetting challenge status: id=89ba8c07-6cd4-4c69-bb1d-422a52ce2393[0m [36mreq[0m=[35m4de95868[0m
[2m12:51:36[0m [[32m[1minfo     [0m] [1mrequest_finished                        [0m [36mduration[0m=[35m0.022[0m [36mmethod[0m=[35mGET[0m [36mpath[0m=[35m/api/v1/challenges/89ba8c07-6cd4-4c69-bb1d-422a52ce2393[0m [36mreq[0m=[35m4de95868[0m [36mrequest_id[0m=[35m4de95868-ac43-457f-9d6d-184c40f9df9e[0m [36mstatus[0m=[35m200[0m
[2m12:51:41[0m [[32m[1minfo     [0m] [1mGetting challenge status: id=89ba8c07-6cd4-4c69-bb1d-422a52ce2393[0m [36mreq[0m=[35mcc14b60d[0m
[2m12:51:41[0m [[32m[1minfo     [0m] [1mrequest_finished                        [0m [36mduration[0m=[35m0.013[0m [36mmethod[0m=[35mGET[0m [36mpath[0m=[35m/api/v1/challenges/89ba8c07-6cd4-4c69-bb1d-422a52ce2393[0m [36mreq[0m=[35mcc14b60d[0m [36mrequest_id[0m=[35mcc14b60d-251c-4239-84e1-dfd318340224[0m [36mstatus[0m=[35m200[0m
[2m12:51:46[0m [[32m[1minfo     [0m] [1mGetting challenge status: id=89ba8c07-6cd4-4c69-bb1d-422a52ce2393[0m [36mreq[0m=[35m6adf3bbf[0m
[2m12:51:46[0m [[32m[1minfo     [0m] [1mrequest_finished                        [0m [36mduration[0m=[35m0.015[0m [36mmethod[0m=[35mGET[0m [36mpath[0m=[35m/api/v1/challenges/89ba8c07-6cd4-4c69-bb1d-422a52ce2393[0m [36mreq[0m=[35m6adf3bbf[0m [36mrequest_id[0m=[35m6adf3bbf-ef44-40fd-9815-8a1809f4b573[0m [36mstatus[0m=[35m200[0m
[2m12:51:51[0m [[32m[1minfo     [0m] [1mGetting challenge status: id=89ba8c07-6cd4-4c69-bb1d-422a52ce2393[0m [36mreq[0m=[35m12373099[0m
[2m12:51:51[0m [[32m[1minfo     [0m] [1mrequest_finished                        [0m [36mduration[0m=[35m0.043[0m [36mmethod[0m=[35mGET[0m [36mpath[0m=[35m/api/v1/challenges/89ba8c07-6cd4-4c69-bb1d-422a52ce2393[0m [36mreq[0m=[35m12373099[0m [36mrequest_id[0m=[35m12373099-8d01-41f4-a257-9afde3f8d405[0m [36mstatus[0m=[35m200[0m
[2m12:51:56[0m [[32m[1minfo     [0m] [1mGetting challenge status: id=89ba8c07-6cd4-4c69-bb1d-422a52ce2393[0m [36mreq[0m=[35m0f2d5fea[0m
[2m12:51:56[0m [[32m[1minfo     [0m] [1mrequest_finished                        [0m [36mduration[0m=[35m0.007[0m [36mmethod[0m=[35mGET[0m [36mpath[0m=[35m/api/v1/challenges/89ba8c07-6cd4-4c69-bb1d-422a52ce2393[0m [36mreq[0m=[35m0f2d5fea[0m [36mrequest_id[0m=[35m0f2d5fea-05cd-4cc0-934d-dff0b209c71e[0m [36mstatus[0m=[35m200[0m
[2m12:52:01[0m [[32m[1minfo     [0m] [1mPip packages installed successfully     [0m [36mreq[0m=[35mf20e3f65[0m
[2m12:52:02[0m [[32m[1minfo     [0m] [1mGetting challenge status: id=89ba8c07-6cd4-4c69-bb1d-422a52ce2393[0m [36mreq[0m=[35m5a21929c[0m
[2m12:52:02[0m [[32m[1minfo     [0m] [1mrequest_finished                        [0m [36mduration[0m=[35m0.006[0m [36mmethod[0m=[35mGET[0m [36mpath[0m=[35m/api/v1/challenges/89ba8c07-6cd4-4c69-bb1d-422a52ce2393[0m [36mreq[0m=[35m5a21929c[0m [36mrequest_id[0m=[35m5a21929c-a3ec-404c-bbb7-75e2f40d8787[0m [36mstatus[0m=[35m200[0m
[2m12:52:07[0m [[32m[1minfo     [0m] [1mGetting challenge status: id=89ba8c07-6cd4-4c69-bb1d-422a52ce2393[0m [36mreq[0m=[35m7d477528[0m
[2m12:52:07[0m [[32m[1minfo     [0m] [1mrequest_finished                        [0m [36mduration[0m=[35m0.035[0m [36mmethod[0m=[35mGET[0m [36mpath[0m=[35m/api/v1/challenges/89ba8c07-6cd4-4c69-bb1d-422a52ce2393[0m [36mreq[0m=[35m7d477528[0m [36mrequest_id[0m=[35m7d477528-98d8-4308-b5c7-d2ad82e07a39[0m [36mstatus[0m=[35m200[0m
[2m12:52:12[0m [[32m[1minfo     [0m] [1mGetting challenge status: id=89ba8c07-6cd4-4c69-bb1d-422a52ce2393[0m [36mreq[0m=[35m48b6bea5[0m
[2m12:52:12[0m [[32m[1minfo     [0m] [1mrequest_finished                        [0m [36mduration[0m=[35m0.008[0m [36mmethod[0m=[35mGET[0m [36mpath[0m=[35m/api/v1/challenges/89ba8c07-6cd4-4c69-bb1d-422a52ce2393[0m [36mreq[0m=[35m48b6bea5[0m [36mrequest_id[0m=[35m48b6bea5-3103-4b2c-b7b8-89430418baa1[0m [36mstatus[0m=[35m200[0m
[2m12:52:17[0m [[32m[1minfo     [0m] [1mGetting challenge status: id=89ba8c07-6cd4-4c69-bb1d-422a52ce2393[0m [36mreq[0m=[35me5705890[0m
[2m12:52:17[0m [[32m[1minfo     [0m] [1mrequest_finished                        [0m [36mduration[0m=[35m0.007[0m [36mmethod[0m=[35mGET[0m [36mpath[0m=[35m/api/v1/challenges/89ba8c07-6cd4-4c69-bb1d-422a52ce2393[0m [36mreq[0m=[35me5705890[0m [36mrequest_id[0m=[35me5705890-6315-4843-9ead-37ba2240dc6d[0m [36mstatus[0m=[35m200[0m
[2m12:52:22[0m [[32m[1minfo     [0m] [1mGetting challenge status: id=89ba8c07-6cd4-4c69-bb1d-422a52ce2393[0m [36mreq[0m=[35mb47210e0[0m
[2m12:52:22[0m [[32m[1minfo     [0m] [1mrequest_finished                        [0m [36mduration[0m=[35m0.018[0m [36mmethod[0m=[35mGET[0m [36mpath[0m=[35m/api/v1/challenges/89ba8c07-6cd4-4c69-bb1d-422a52ce2393[0m [36mreq[0m=[35mb47210e0[0m [36mrequest_id[0m=[35mb47210e0-67f5-4f7a-86dd-38a99b6b42a4[0m [36mstatus[0m=[35m200[0m
[2m12:52:27[0m [[32m[1minfo     [0m] [1mGetting challenge status: id=89ba8c07-6cd4-4c69-bb1d-422a52ce2393[0m [36mreq[0m=[35md0df8e22[0m
[2m12:52:27[0m [[32m[1minfo     [0m] [1mrequest_finished                        [0m [36mduration[0m=[35m0.01[0m [36mmethod[0m=[35mGET[0m [36mpath[0m=[35m/api/v1/challenges/89ba8c07-6cd4-4c69-bb1d-422a52ce2393[0m [36mreq[0m=[35md0df8e22[0m [36mrequest_id[0m=[35md0df8e22-ab5b-41a3-8c4e-f496e5f45d6b[0m [36mstatus[0m=[35m200[0m
[2m12:52:32[0m [[32m[1minfo     [0m] [1mGetting challenge status: id=89ba8c07-6cd4-4c69-bb1d-422a52ce2393[0m [36mreq[0m=[35m71e0e3a6[0m
[2m12:52:32[0m [[32m[1minfo     [0m] [1mrequest_finished                        [0m [36mduration[0m=[35m0.01[0m [36mmethod[0m=[35mGET[0m [36mpath[0m=[35m/api/v1/challenges/89ba8c07-6cd4-4c69-bb1d-422a52ce2393[0m [36mreq[0m=[35m71e0e3a6[0m [36mrequest_id[0m=[35m71e0e3a6-b92d-4a9d-988a-0b7a78bb7019[0m [36mstatus[0m=[35m200[0m
[2m12:52:37[0m [[32m[1minfo     [0m] [1mGetting challenge status: id=89ba8c07-6cd4-4c69-bb1d-422a52ce2393[0m [36mreq[0m=[35m2f7022f9[0m
[2m12:52:37[0m [[32m[1minfo     [0m] [1mrequest_finished                        [0m [36mduration[0m=[35m0.007[0m [36mmethod[0m=[35mGET[0m [36mpath[0m=[35m/api/v1/challenges/89ba8c07-6cd4-4c69-bb1d-422a52ce2393[0m [36mreq[0m=[35m2f7022f9[0m [36mrequest_id[0m=[35m2f7022f9-8a6b-45e2-bd8a-f86cde8673de[0m [36mstatus[0m=[35m200[0m
[2m12:52:42[0m [[32m[1minfo     [0m] [1mGetting challenge status: id=89ba8c07-6cd4-4c69-bb1d-422a52ce2393[0m [36mreq[0m=[35m4251ec2b[0m
[2m12:52:42[0m [[32m[1minfo     [0m] [1mrequest_finished                        [0m [36mduration[0m=[35m0.019[0m [36mmethod[0m=[35mGET[0m [36mpath[0m=[35m/api/v1/challenges/89ba8c07-6cd4-4c69-bb1d-422a52ce2393[0m [36mreq[0m=[35m4251ec2b[0m [36mrequest_id[0m=[35m4251ec2b-eebb-4603-be37-b2a490d27912[0m [36mstatus[0m=[35m200[0m
[2m12:52:47[0m [[32m[1minfo     [0m] [1mGetting challenge status: id=89ba8c07-6cd4-4c69-bb1d-422a52ce2393[0m [36mreq[0m=[35mcb647072[0m
[2m12:52:47[0m [[32m[1minfo     [0m] [1mrequest_finished                        [0m [36mduration[0m=[35m0.011[0m [36mmethod[0m=[35mGET[0m [36mpath[0m=[35m/api/v1/challenges/89ba8c07-6cd4-4c69-bb1d-422a52ce2393[0m [36mreq[0m=[35mcb647072[0m [36mrequest_id[0m=[35mcb647072-9780-4efd-812f-6dbde1205063[0m [36mstatus[0m=[35m200[0m
[2m12:52:52[0m [[32m[1minfo     [0m] [1mGetting challenge status: id=89ba8c07-6cd4-4c69-bb1d-422a52ce2393[0m [36mreq[0m=[35m9dc5def9[0m
[2m12:52:52[0m [[32m[1minfo     [0m] [1mrequest_finished                        [0m [36mduration[0m=[35m0.01[0m [36mmethod[0m=[35mGET[0m [36mpath[0m=[35m/api/v1/challenges/89ba8c07-6cd4-4c69-bb1d-422a52ce2393[0m [36mreq[0m=[35m9dc5def9[0m [36mrequest_id[0m=[35m9dc5def9-0963-4428-b821-e0abd1de6551[0m [36mstatus[0m=[35m200[0m
[2m12:52:57[0m [[32m[1minfo     [0m] [1mGetting challenge status: id=89ba8c07-6cd4-4c69-bb1d-422a52ce2393[0m [36mreq[0m=[35m6510a272[0m
[2m12:52:57[0m [[32m[1minfo     [0m] [1mrequest_finished                        [0m [36mduration[0m=[35m0.013[0m [36mmethod[0m=[35mGET[0m [36mpath[0m=[35m/api/v1/challenges/89ba8c07-6cd4-4c69-bb1d-422a52ce2393[0m [36mreq[0m=[35m6510a272[0m [36mrequest_id[0m=[35m6510a272-b3f1-47c1-8753-4e335107715d[0m [36mstatus[0m=[35m200[0m
[2m12:53:02[0m [[32m[1minfo     [0m] [1mGetting challenge status: id=89ba8c07-6cd4-4c69-bb1d-422a52ce2393[0m [36mreq[0m=[35me1d82df5[0m
[2m12:53:02[0m [[32m[1minfo     [0m] [1mrequest_finished                        [0m [36mduration[0m=[35m0.006[0m [36mmethod[0m=[35mGET[0m [36mpath[0m=[35m/api/v1/challenges/89ba8c07-6cd4-4c69-bb1d-422a52ce2393[0m [36mreq[0m=[35me1d82df5[0m [36mrequest_id[0m=[35me1d82df5-71dc-4e20-a7bb-0fbb1d0523eb[0m [36mstatus[0m=[35m200[0m
[2m12:53:07[0m [[32m[1minfo     [0m] [1mGetting challenge status: id=89ba8c07-6cd4-4c69-bb1d-422a52ce2393[0m [36mreq[0m=[35m92ac6a91[0m
[2m12:53:07[0m [[32m[1minfo     [0m] [1mrequest_finished                        [0m [36mduration[0m=[35m0.022[0m [36mmethod[0m=[35mGET[0m [36mpath[0m=[35m/api/v1/challenges/89ba8c07-6cd4-4c69-bb1d-422a52ce2393[0m [36mreq[0m=[35m92ac6a91[0m [36mrequest_id[0m=[35m92ac6a91-0dd2-4bb6-8d01-a33ebf286217[0m [36mstatus[0m=[35m200[0m
[2m12:53:12[0m [[32m[1minfo     [0m] [1mGetting challenge status: id=89ba8c07-6cd4-4c69-bb1d-422a52ce2393[0m [36mreq[0m=[35m94e88537[0m
[2m12:53:12[0m [[32m[1minfo     [0m] [1mrequest_finished                        [0m [36mduration[0m=[35m0.007[0m [36mmethod[0m=[35mGET[0m [36mpath[0m=[35m/api/v1/challenges/89ba8c07-6cd4-4c69-bb1d-422a52ce2393[0m [36mreq[0m=[35m94e88537[0m [36mrequest_id[0m=[35m94e88537-2274-48b1-bda0-520f2ef8b6fb[0m [36mstatus[0m=[35m200[0m
[2m12:53:17[0m [[32m[1minfo     [0m] [1mGetting challenge status: id=89ba8c07-6cd4-4c69-bb1d-422a52ce2393[0m [36mreq[0m=[35mf21ddc7b[0m
[2m12:53:17[0m [[32m[1minfo     [0m] [1mrequest_finished                        [0m [36mduration[0m=[35m0.006[0m [36mmethod[0m=[35mGET[0m [36mpath[0m=[35m/api/v1/challenges/89ba8c07-6cd4-4c69-bb1d-422a52ce2393[0m [36mreq[0m=[35mf21ddc7b[0m [36mrequest_id[0m=[35mf21ddc7b-5a20-4b69-8cb1-73ddd2875afc[0m [36mstatus[0m=[35m200[0m
[2m12:53:22[0m [[32m[1minfo     [0m] [1mGetting challenge status: id=89ba8c07-6cd4-4c69-bb1d-422a52ce2393[0m [36mreq[0m=[35ma991ad48[0m
[2m12:53:22[0m [[32m[1minfo     [0m] [1mrequest_finished                        [0m [36mduration[0m=[35m0.01[0m [36mmethod[0m=[35mGET[0m [36mpath[0m=[35m/api/v1/challenges/89ba8c07-6cd4-4c69-bb1d-422a52ce2393[0m [36mreq[0m=[35ma991ad48[0m [36mrequest_id[0m=[35ma991ad48-2b7a-4fd1-8c7a-37f560ff0696[0m [36mstatus[0m=[35m200[0m
[2m12:53:27[0m [[32m[1minfo     [0m] [1mGetting challenge status: id=89ba8c07-6cd4-4c69-bb1d-422a52ce2393[0m [36mreq[0m=[35macae39a9[0m
[2m12:53:27[0m [[32m[1minfo     [0m] [1mrequest_finished                        [0m [36mduration[0m=[35m0.007[0m [36mmethod[0m=[35mGET[0m [36mpath[0m=[35m/api/v1/challenges/89ba8c07-6cd4-4c69-bb1d-422a52ce2393[0m [36mreq[0m=[35macae39a9[0m [36mrequest_id[0m=[35macae39a9-183c-406c-9e5f-7cf1c0b76fef[0m [36mstatus[0m=[35m200[0m
[2m12:53:32[0m [[32m[1minfo     [0m] [1mGetting challenge status: id=89ba8c07-6cd4-4c69-bb1d-422a52ce2393[0m [36mreq[0m=[35m67fd213f[0m
[2m12:53:32[0m [[32m[1minfo     [0m] [1mrequest_finished                        [0m [36mduration[0m=[35m0.016[0m [36mmethod[0m=[35mGET[0m [36mpath[0m=[35m/api/v1/challenges/89ba8c07-6cd4-4c69-bb1d-422a52ce2393[0m [36mreq[0m=[35m67fd213f[0m [36mrequest_id[0m=[35m67fd213f-7400-45cc-9f2d-b6e8500eb6eb[0m [36mstatus[0m=[35m200[0m
[2m12:53:37[0m [[32m[1minfo     [0m] [1mGetting challenge status: id=89ba8c07-6cd4-4c69-bb1d-422a52ce2393[0m [36mreq[0m=[35md7c86bce[0m
[2m12:53:37[0m [[32m[1minfo     [0m] [1mrequest_finished                        [0m [36mduration[0m=[35m0.01[0m [36mmethod[0m=[35mGET[0m [36mpath[0m=[35m/api/v1/challenges/89ba8c07-6cd4-4c69-bb1d-422a52ce2393[0m [36mreq[0m=[35md7c86bce[0m [36mrequest_id[0m=[35md7c86bce-24e3-418f-8636-fa15578150ad[0m [36mstatus[0m=[35m200[0m
[2m12:53:42[0m [[32m[1minfo     [0m] [1mGetting challenge status: id=89ba8c07-6cd4-4c69-bb1d-422a52ce2393[0m [36mreq[0m=[35m289c7607[0m
[2m12:53:42[0m [[32m[1minfo     [0m] [1mrequest_finished                        [0m [36mduration[0m=[35m0.01[0m [36mmethod[0m=[35mGET[0m [36mpath[0m=[35m/api/v1/challenges/89ba8c07-6cd4-4c69-bb1d-422a52ce2393[0m [36mreq[0m=[35m289c7607[0m [36mrequest_id[0m=[35m289c7607-72d6-4dd9-a28b-4cac763f0010[0m [36mstatus[0m=[35m200[0m
[2m12:53:47[0m [[32m[1minfo     [0m] [1mGetting challenge status: id=89ba8c07-6cd4-4c69-bb1d-422a52ce2393[0m [36mreq[0m=[35m88975fc9[0m
[2m12:53:47[0m [[32m[1minfo     [0m] [1mrequest_finished                        [0m [36mduration[0m=[35m0.008[0m [36mmethod[0m=[35mGET[0m [36mpath[0m=[35m/api/v1/challenges/89ba8c07-6cd4-4c69-bb1d-422a52ce2393[0m [36mreq[0m=[35m88975fc9[0m [36mrequest_id[0m=[35m88975fc9-1d27-4715-b806-94d8b09818b6[0m [36mstatus[0m=[35m200[0m
[2m12:53:52[0m [[32m[1minfo     [0m] [1mGetting challenge status: id=89ba8c07-6cd4-4c69-bb1d-422a52ce2393[0m [36mreq[0m=[35m09b61779[0m
[2m12:53:52[0m [[32m[1minfo     [0m] [1mrequest_finished                        [0m [36mduration[0m=[35m0.005[0m [36mmethod[0m=[35mGET[0m [36mpath[0m=[35m/api/v1/challenges/89ba8c07-6cd4-4c69-bb1d-422a52ce2393[0m [36mreq[0m=[35m09b61779[0m [36mrequest_id[0m=[35m09b61779-6091-477f-9917-7a99d0e73324[0m [36mstatus[0m=[35m200[0m
[2m12:53:57[0m [[32m[1minfo     [0m] [1mGetting challenge status: id=89ba8c07-6cd4-4c69-bb1d-422a52ce2393[0m [36mreq[0m=[35m217503e6[0m
[2m12:53:57[0m [[32m[1minfo     [0m] [1mrequest_finished                        [0m [36mduration[0m=[35m0.011[0m [36mmethod[0m=[35mGET[0m [36mpath[0m=[35m/api/v1/challenges/89ba8c07-6cd4-4c69-bb1d-422a52ce2393[0m [36mreq[0m=[35m217503e6[0m [36mrequest_id[0m=[35m217503e6-4c4d-40e5-87c1-acfd9da73e28[0m [36mstatus[0m=[35m200[0m
[2m12:54:02[0m [[32m[1minfo     [0m] [1mGetting challenge status: id=89ba8c07-6cd4-4c69-bb1d-422a52ce2393[0m [36mreq[0m=[35m1184326c[0m
[2m12:54:02[0m [[32m[1minfo     [0m] [1mrequest_finished                        [0m [36mduration[0m=[35m0.009[0m [36mmethod[0m=[35mGET[0m [36mpath[0m=[35m/api/v1/challenges/89ba8c07-6cd4-4c69-bb1d-422a52ce2393[0m [36mreq[0m=[35m1184326c[0m [36mrequest_id[0m=[35m1184326c-4073-4dbe-88a2-ed4aa5be2edb[0m [36mstatus[0m=[35m200[0m
[2m12:54:07[0m [[32m[1minfo     [0m] [1mGetting challenge status: id=89ba8c07-6cd4-4c69-bb1d-422a52ce2393[0m [36mreq[0m=[35m2e24810f[0m
[2m12:54:07[0m [[32m[1minfo     [0m] [1mrequest_finished                        [0m [36mduration[0m=[35m0.015[0m [36mmethod[0m=[35mGET[0m [36mpath[0m=[35m/api/v1/challenges/89ba8c07-6cd4-4c69-bb1d-422a52ce2393[0m [36mreq[0m=[35m2e24810f[0m [36mrequest_id[0m=[35m2e24810f-42f8-4b2e-964a-5ba0dc0aa1ad[0m [36mstatus[0m=[35m200[0m
[2m12:54:12[0m [[32m[1minfo     [0m] [1mGetting challenge status: id=89ba8c07-6cd4-4c69-bb1d-422a52ce2393[0m [36mreq[0m=[35mbd655da9[0m
[2m12:54:12[0m [[32m[1minfo     [0m] [1mrequest_finished                        [0m [36mduration[0m=[35m0.008[0m [36mmethod[0m=[35mGET[0m [36mpath[0m=[35m/api/v1/challenges/89ba8c07-6cd4-4c69-bb1d-422a52ce2393[0m [36mreq[0m=[35mbd655da9[0m [36mrequest_id[0m=[35mbd655da9-6b50-4324-a200-fb7a996c6e4f[0m [36mstatus[0m=[35m200[0m
[2m12:54:17[0m [[32m[1minfo     [0m] [1mGetting challenge status: id=89ba8c07-6cd4-4c69-bb1d-422a52ce2393[0m [36mreq[0m=[35mb49e25d3[0m
[2m12:54:17[0m [[32m[1minfo     [0m] [1mrequest_finished                        [0m [36mduration[0m=[35m0.021[0m [36mmethod[0m=[35mGET[0m [36mpath[0m=[35m/api/v1/challenges/89ba8c07-6cd4-4c69-bb1d-422a52ce2393[0m [36mreq[0m=[35mb49e25d3[0m [36mrequest_id[0m=[35mb49e25d3-33d8-4119-9685-cc9b1d4c1f62[0m [36mstatus[0m=[35m200[0m
[2m12:54:22[0m [[32m[1minfo     [0m] [1mGetting challenge status: id=89ba8c07-6cd4-4c69-bb1d-422a52ce2393[0m [36mreq[0m=[35m2a39c2a3[0m
[2m12:54:22[0m [[32m[1minfo     [0m] [1mrequest_finished                        [0m [36mduration[0m=[35m0.019[0m [36mmethod[0m=[35mGET[0m [36mpath[0m=[35m/api/v1/challenges/89ba8c07-6cd4-4c69-bb1d-422a52ce2393[0m [36mreq[0m=[35m2a39c2a3[0m [36mrequest_id[0m=[35m2a39c2a3-1f93-435e-9120-7909eb875a46[0m [36mstatus[0m=[35m200[0m
[2m12:54:27[0m [[32m[1minfo     [0m] [1mGetting challenge status: id=89ba8c07-6cd4-4c69-bb1d-422a52ce2393[0m [36mreq[0m=[35m6ef355fe[0m
[2m12:54:27[0m [[32m[1minfo     [0m] [1mrequest_finished                        [0m [36mduration[0m=[35m0.012[0m [36mmethod[0m=[35mGET[0m [36mpath[0m=[35m/api/v1/challenges/89ba8c07-6cd4-4c69-bb1d-422a52ce2393[0m [36mreq[0m=[35m6ef355fe[0m [36mrequest_id[0m=[35m6ef355fe-c37c-4f9a-b321-0d529f02a0c5[0m [36mstatus[0m=[35m200[0m
[2m12:54:32[0m [[32m[1minfo     [0m] [1mGetting challenge status: id=89ba8c07-6cd4-4c69-bb1d-422a52ce2393[0m [36mreq[0m=[35m9f4eed13[0m
[2m12:54:32[0m [[32m[1minfo     [0m] [1mrequest_finished                        [0m [36mduration[0m=[35m0.006[0m [36mmethod[0m=[35mGET[0m [36mpath[0m=[35m/api/v1/challenges/89ba8c07-6cd4-4c69-bb1d-422a52ce2393[0m [36mreq[0m=[35m9f4eed13[0m [36mrequest_id[0m=[35m9f4eed13-4b33-4fc0-8ca6-9aa2976b10a1[0m [36mstatus[0m=[35m200[0m
[2m12:54:37[0m [[32m[1minfo     [0m] [1mGetting challenge status: id=89ba8c07-6cd4-4c69-bb1d-422a52ce2393[0m [36mreq[0m=[35m8a72fd50[0m
[2m12:54:37[0m [[32m[1minfo     [0m] [1mrequest_finished                        [0m [36mduration[0m=[35m0.023[0m [36mmethod[0m=[35mGET[0m [36mpath[0m=[35m/api/v1/challenges/89ba8c07-6cd4-4c69-bb1d-422a52ce2393[0m [36mreq[0m=[35m8a72fd50[0m [36mrequest_id[0m=[35m8a72fd50-fa23-4ce8-b674-1e2753c263e6[0m [36mstatus[0m=[35m200[0m
[2m12:54:42[0m [[32m[1minfo     [0m] [1mGetting challenge status: id=89ba8c07-6cd4-4c69-bb1d-422a52ce2393[0m [36mreq[0m=[35m36a0109f[0m
[2m12:54:42[0m [[32m[1minfo     [0m] [1mrequest_finished                        [0m [36mduration[0m=[35m0.009[0m [36mmethod[0m=[35mGET[0m [36mpath[0m=[35m/api/v1/challenges/89ba8c07-6cd4-4c69-bb1d-422a52ce2393[0m [36mreq[0m=[35m36a0109f[0m [36mrequest_id[0m=[35m36a0109f-64da-402d-ba19-de2c47cfd3c1[0m [36mstatus[0m=[35m200[0m
[2m12:54:47[0m [[32m[1minfo     [0m] [1mGetting challenge status: id=89ba8c07-6cd4-4c69-bb1d-422a52ce2393[0m [36mreq[0m=[35m08068331[0m
[2m12:54:47[0m [[32m[1minfo     [0m] [1mrequest_finished                        [0m [36mduration[0m=[35m0.007[0m [36mmethod[0m=[35mGET[0m [36mpath[0m=[35m/api/v1/challenges/89ba8c07-6cd4-4c69-bb1d-422a52ce2393[0m [36mreq[0m=[35m08068331[0m [36mrequest_id[0m=[35m08068331-1c11-4f55-8109-66e695512a73[0m [36mstatus[0m=[35m200[0m
[2m12:54:52[0m [[32m[1minfo     [0m] [1mGetting challenge status: id=89ba8c07-6cd4-4c69-bb1d-422a52ce2393[0m [36mreq[0m=[35m00736c48[0m
[2m12:54:52[0m [[32m[1minfo     [0m] [1mrequest_finished                        [0m [36mduration[0m=[35m0.005[0m [36mmethod[0m=[35mGET[0m [36mpath[0m=[35m/api/v1/challenges/89ba8c07-6cd4-4c69-bb1d-422a52ce2393[0m [36mreq[0m=[35m00736c48[0m [36mrequest_id[0m=[35m00736c48-a10f-4308-ad72-fdce51d4f547[0m [36mstatus[0m=[35m200[0m
[2m12:54:57[0m [[32m[1minfo     [0m] [1mGetting challenge status: id=89ba8c07-6cd4-4c69-bb1d-422a52ce2393[0m [36mreq[0m=[35m187ebaac[0m
[2m12:54:57[0m [[32m[1minfo     [0m] [1mrequest_finished                        [0m [36mduration[0m=[35m0.021[0m [36mmethod[0m=[35mGET[0m [36mpath[0m=[35m/api/v1/challenges/89ba8c07-6cd4-4c69-bb1d-422a52ce2393[0m [36mreq[0m=[35m187ebaac[0m [36mrequest_id[0m=[35m187ebaac-1501-4a34-9df2-b7193646605b[0m [36mstatus[0m=[35m200[0m
[2m12:55:02[0m [[32m[1minfo     [0m] [1mGetting challenge status: id=89ba8c07-6cd4-4c69-bb1d-422a52ce2393[0m [36mreq[0m=[35me54724e8[0m
[2m12:55:02[0m [[32m[1minfo     [0m] [1mrequest_finished                        [0m [36mduration[0m=[35m0.009[0m [36mmethod[0m=[35mGET[0m [36mpath[0m=[35m/api/v1/challenges/89ba8c07-6cd4-4c69-bb1d-422a52ce2393[0m [36mreq[0m=[35me54724e8[0m [36mrequest_id[0m=[35me54724e8-01ad-4e6c-ba76-55b5df5434ec[0m [36mstatus[0m=[35m200[0m
[2m12:55:07[0m [[32m[1minfo     [0m] [1mGetting challenge status: id=89ba8c07-6cd4-4c69-bb1d-422a52ce2393[0m [36mreq[0m=[35m79f5dadb[0m
[2m12:55:07[0m [[32m[1minfo     [0m] [1mrequest_finished                        [0m [36mduration[0m=[35m0.013[0m [36mmethod[0m=[35mGET[0m [36mpath[0m=[35m/api/v1/challenges/89ba8c07-6cd4-4c69-bb1d-422a52ce2393[0m [36mreq[0m=[35m79f5dadb[0m [36mrequest_id[0m=[35m79f5dadb-af5b-4fec-a4f9-9dcec324b2de[0m [36mstatus[0m=[35m200[0m
[2m12:55:12[0m [[32m[1minfo     [0m] [1mGetting challenge status: id=89ba8c07-6cd4-4c69-bb1d-422a52ce2393[0m [36mreq[0m=[35mf1a097b0[0m
[2m12:55:12[0m [[32m[1minfo     [0m] [1mrequest_finished                        [0m [36mduration[0m=[35m0.019[0m [36mmethod[0m=[35mGET[0m [36mpath[0m=[35m/api/v1/challenges/89ba8c07-6cd4-4c69-bb1d-422a52ce2393[0m [36mreq[0m=[35mf1a097b0[0m [36mrequest_id[0m=[35mf1a097b0-2524-4dec-b5b4-f8aba62c90ed[0m [36mstatus[0m=[35m200[0m
[2m12:55:17[0m [[32m[1minfo     [0m] [1mGetting challenge status: id=89ba8c07-6cd4-4c69-bb1d-422a52ce2393[0m [36mreq[0m=[35me75a46f7[0m
[2m12:55:17[0m [[32m[1minfo     [0m] [1mrequest_finished                        [0m [36mduration[0m=[35m0.016[0m [36mmethod[0m=[35mGET[0m [36mpath[0m=[35m/api/v1/challenges/89ba8c07-6cd4-4c69-bb1d-422a52ce2393[0m [36mreq[0m=[35me75a46f7[0m [36mrequest_id[0m=[35me75a46f7-44c1-4de5-b0e4-d142a2f7b45f[0m [36mstatus[0m=[35m200[0m
[2m12:55:22[0m [[32m[1minfo     [0m] [1mGetting challenge status: id=89ba8c07-6cd4-4c69-bb1d-422a52ce2393[0m [36mreq[0m=[35m5980d82a[0m
[2m12:55:22[0m [[32m[1minfo     [0m] [1mrequest_finished                        [0m [36mduration[0m=[35m0.005[0m [36mmethod[0m=[35mGET[0m [36mpath[0m=[35m/api/v1/challenges/89ba8c07-6cd4-4c69-bb1d-422a52ce2393[0m [36mreq[0m=[35m5980d82a[0m [36mrequest_id[0m=[35m5980d82a-39da-4b2b-8b34-143b7f5b1521[0m [36mstatus[0m=[35m200[0m
[2m12:55:27[0m [[32m[1minfo     [0m] [1mGetting challenge status: id=89ba8c07-6cd4-4c69-bb1d-422a52ce2393[0m [36mreq[0m=[35m843e6ee2[0m
[2m12:55:28[0m [[32m[1minfo     [0m] [1mrequest_finished                        [0m [36mduration[0m=[35m0.021[0m [36mmethod[0m=[35mGET[0m [36mpath[0m=[35m/api/v1/challenges/89ba8c07-6cd4-4c69-bb1d-422a52ce2393[0m [36mreq[0m=[35m843e6ee2[0m [36mrequest_id[0m=[35m843e6ee2-c93c-4359-af95-ec960f3fc3b9[0m [36mstatus[0m=[35m200[0m
[2m12:55:33[0m [[32m[1minfo     [0m] [1mGetting challenge status: id=89ba8c07-6cd4-4c69-bb1d-422a52ce2393[0m [36mreq[0m=[35ma34a52d8[0m
[2m12:55:33[0m [[32m[1minfo     [0m] [1mrequest_finished                        [0m [36mduration[0m=[35m0.015[0m [36mmethod[0m=[35mGET[0m [36mpath[0m=[35m/api/v1/challenges/89ba8c07-6cd4-4c69-bb1d-422a52ce2393[0m [36mreq[0m=[35ma34a52d8[0m [36mrequest_id[0m=[35ma34a52d8-8a22-429f-97af-58e7bf8c4908[0m [36mstatus[0m=[35m200[0m
[2m12:55:38[0m [[32m[1minfo     [0m] [1mGetting challenge status: id=89ba8c07-6cd4-4c69-bb1d-422a52ce2393[0m [36mreq[0m=[35md7aeb140[0m
[2m12:55:38[0m [[32m[1minfo     [0m] [1mrequest_finished                        [0m [36mduration[0m=[35m0.016[0m [36mmethod[0m=[35mGET[0m [36mpath[0m=[35m/api/v1/challenges/89ba8c07-6cd4-4c69-bb1d-422a52ce2393[0m [36mreq[0m=[35md7aeb140[0m [36mrequest_id[0m=[35md7aeb140-f746-4915-8598-ec75d2418fd2[0m [36mstatus[0m=[35m200[0m
[2m12:55:43[0m [[32m[1minfo     [0m] [1mGetting challenge status: id=89ba8c07-6cd4-4c69-bb1d-422a52ce2393[0m [36mreq[0m=[35md8ca84c8[0m
[2m12:55:43[0m [[32m[1minfo     [0m] [1mrequest_finished                        [0m [36mduration[0m=[35m0.008[0m [36mmethod[0m=[35mGET[0m [36mpath[0m=[35m/api/v1/challenges/89ba8c07-6cd4-4c69-bb1d-422a52ce2393[0m [36mreq[0m=[35md8ca84c8[0m [36mrequest_id[0m=[35md8ca84c8-471f-4924-a0fb-33a16308bf2d[0m [36mstatus[0m=[35m200[0m
[2m12:55:48[0m [[32m[1minfo     [0m] [1mGetting challenge status: id=89ba8c07-6cd4-4c69-bb1d-422a52ce2393[0m [36mreq[0m=[35m7748d17e[0m
[2m12:55:48[0m [[32m[1minfo     [0m] [1mrequest_finished                        [0m [36mduration[0m=[35m0.022[0m [36mmethod[0m=[35mGET[0m [36mpath[0m=[35m/api/v1/challenges/89ba8c07-6cd4-4c69-bb1d-422a52ce2393[0m [36mreq[0m=[35m7748d17e[0m [36mrequest_id[0m=[35m7748d17e-58a5-4fbd-9cf0-af077586676c[0m [36mstatus[0m=[35m200[0m
[2m12:55:53[0m [[32m[1minfo     [0m] [1mGetting challenge status: id=89ba8c07-6cd4-4c69-bb1d-422a52ce2393[0m [36mreq[0m=[35m74b26734[0m
[2m12:55:53[0m [[32m[1minfo     [0m] [1mrequest_finished                        [0m [36mduration[0m=[35m0.015[0m [36mmethod[0m=[35mGET[0m [36mpath[0m=[35m/api/v1/challenges/89ba8c07-6cd4-4c69-bb1d-422a52ce2393[0m [36mreq[0m=[35m74b26734[0m [36mrequest_id[0m=[35m74b26734-7978-463d-9e42-80a4719b275c[0m [36mstatus[0m=[35m200[0m
[2m12:55:58[0m [[32m[1minfo     [0m] [1mGetting challenge status: id=89ba8c07-6cd4-4c69-bb1d-422a52ce2393[0m [36mreq[0m=[35m5d909f57[0m
[2m12:55:58[0m [[32m[1minfo     [0m] [1mrequest_finished                        [0m [36mduration[0m=[35m0.015[0m [36mmethod[0m=[35mGET[0m [36mpath[0m=[35m/api/v1/challenges/89ba8c07-6cd4-4c69-bb1d-422a52ce2393[0m [36mreq[0m=[35m5d909f57[0m [36mrequest_id[0m=[35m5d909f57-1413-40a4-8da3-8247b75cf1ed[0m [36mstatus[0m=[35m200[0m
[2m12:56:03[0m [[32m[1minfo     [0m] [1mGetting challenge status: id=89ba8c07-6cd4-4c69-bb1d-422a52ce2393[0m [36mreq[0m=[35m08171d0e[0m
[2m12:56:03[0m [[32m[1minfo     [0m] [1mrequest_finished                        [0m [36mduration[0m=[35m0.085[0m [36mmethod[0m=[35mGET[0m [36mpath[0m=[35m/api/v1/challenges/89ba8c07-6cd4-4c69-bb1d-422a52ce2393[0m [36mreq[0m=[35m08171d0e[0m [36mrequest_id[0m=[35m08171d0e-7b16-4d3d-b0b2-cc08295db4bf[0m [36mstatus[0m=[35m200[0m
[2m12:56:08[0m [[32m[1minfo     [0m] [1mGetting challenge status: id=89ba8c07-6cd4-4c69-bb1d-422a52ce2393[0m [36mreq[0m=[35mc2fec869[0m
[2m12:56:08[0m [[32m[1minfo     [0m] [1mrequest_finished                        [0m [36mduration[0m=[35m0.017[0m [36mmethod[0m=[35mGET[0m [36mpath[0m=[35m/api/v1/challenges/89ba8c07-6cd4-4c69-bb1d-422a52ce2393[0m [36mreq[0m=[35mc2fec869[0m [36mrequest_id[0m=[35mc2fec869-c06c-4502-aac4-85234eabc285[0m [36mstatus[0m=[35m200[0m
[2m12:56:13[0m [[32m[1minfo     [0m] [1mGetting challenge status: id=89ba8c07-6cd4-4c69-bb1d-422a52ce2393[0m [36mreq[0m=[35m1440001e[0m
[2m12:56:13[0m [[32m[1minfo     [0m] [1mrequest_finished                        [0m [36mduration[0m=[35m0.006[0m [36mmethod[0m=[35mGET[0m [36mpath[0m=[35m/api/v1/challenges/89ba8c07-6cd4-4c69-bb1d-422a52ce2393[0m [36mreq[0m=[35m1440001e[0m [36mrequest_id[0m=[35m1440001e-4abf-4cb3-8f4c-ebf602e504cc[0m [36mstatus[0m=[35m200[0m
[2m12:56:18[0m [[32m[1minfo     [0m] [1mGetting challenge status: id=89ba8c07-6cd4-4c69-bb1d-422a52ce2393[0m [36mreq[0m=[35m8c86844c[0m
[2m12:56:18[0m [[32m[1minfo     [0m] [1mrequest_finished                        [0m [36mduration[0m=[35m0.006[0m [36mmethod[0m=[35mGET[0m [36mpath[0m=[35m/api/v1/challenges/89ba8c07-6cd4-4c69-bb1d-422a52ce2393[0m [36mreq[0m=[35m8c86844c[0m [36mrequest_id[0m=[35m8c86844c-d401-45ac-8f80-acf427c6efc5[0m [36mstatus[0m=[35m200[0m
[2m12:56:23[0m [[32m[1minfo     [0m] [1mGetting challenge status: id=89ba8c07-6cd4-4c69-bb1d-422a52ce2393[0m [36mreq[0m=[35m6d1e3af1[0m
[2m12:56:23[0m [[32m[1minfo     [0m] [1mrequest_finished                        [0m [36mduration[0m=[35m0.005[0m [36mmethod[0m=[35mGET[0m [36mpath[0m=[35m/api/v1/challenges/89ba8c07-6cd4-4c69-bb1d-422a52ce2393[0m [36mreq[0m=[35m6d1e3af1[0m [36mrequest_id[0m=[35m6d1e3af1-c758-4f5e-90ad-ab858b040aa0[0m [36mstatus[0m=[35m200[0m
[2m12:56:28[0m [[32m[1minfo     [0m] [1mGetting challenge status: id=89ba8c07-6cd4-4c69-bb1d-422a52ce2393[0m [36mreq[0m=[35m8ad4d02b[0m
[2m12:56:28[0m [[32m[1minfo     [0m] [1mrequest_finished                        [0m [36mduration[0m=[35m0.005[0m [36mmethod[0m=[35mGET[0m [36mpath[0m=[35m/api/v1/challenges/89ba8c07-6cd4-4c69-bb1d-422a52ce2393[0m [36mreq[0m=[35m8ad4d02b[0m [36mrequest_id[0m=[35m8ad4d02b-5f0b-4edc-bd7c-47bd1dbc0f1e[0m [36mstatus[0m=[35m200[0m
[2m12:56:33[0m [[32m[1minfo     [0m] [1mGetting challenge status: id=89ba8c07-6cd4-4c69-bb1d-422a52ce2393[0m [36mreq[0m=[35mf14b53ae[0m
[2m12:56:33[0m [[32m[1minfo     [0m] [1mrequest_finished                        [0m [36mduration[0m=[35m0.007[0m [36mmethod[0m=[35mGET[0m [36mpath[0m=[35m/api/v1/challenges/89ba8c07-6cd4-4c69-bb1d-422a52ce2393[0m [36mreq[0m=[35mf14b53ae[0m [36mrequest_id[0m=[35mf14b53ae-c93e-49ad-bf70-f1bda9a7eaa1[0m [36mstatus[0m=[35m200[0m
[2m12:56:38[0m [[32m[1minfo     [0m] [1mGetting challenge status: id=89ba8c07-6cd4-4c69-bb1d-422a52ce2393[0m [36mreq[0m=[35m86800e65[0m
[2m12:56:38[0m [[32m[1minfo     [0m] [1mrequest_finished                        [0m [36mduration[0m=[35m0.026[0m [36mmethod[0m=[35mGET[0m [36mpath[0m=[35m/api/v1/challenges/89ba8c07-6cd4-4c69-bb1d-422a52ce2393[0m [36mreq[0m=[35m86800e65[0m [36mrequest_id[0m=[35m86800e65-d50f-41c1-86f2-695a06541f2b[0m [36mstatus[0m=[35m200[0m
[2m12:56:43[0m [[32m[1minfo     [0m] [1mGetting challenge status: id=89ba8c07-6cd4-4c69-bb1d-422a52ce2393[0m [36mreq[0m=[35m209a9313[0m
[2m12:56:43[0m [[32m[1minfo     [0m] [1mrequest_finished                        [0m [36mduration[0m=[35m0.012[0m [36mmethod[0m=[35mGET[0m [36mpath[0m=[35m/api/v1/challenges/89ba8c07-6cd4-4c69-bb1d-422a52ce2393[0m [36mreq[0m=[35m209a9313[0m [36mrequest_id[0m=[35m209a9313-2604-4c59-a856-7f99c71e644e[0m [36mstatus[0m=[35m200[0m
[2m12:56:48[0m [[32m[1minfo     [0m] [1mGetting challenge status: id=89ba8c07-6cd4-4c69-bb1d-422a52ce2393[0m [36mreq[0m=[35m9e7a4688[0m
[2m12:56:48[0m [[32m[1minfo     [0m] [1mrequest_finished                        [0m [36mduration[0m=[35m0.015[0m [36mmethod[0m=[35mGET[0m [36mpath[0m=[35m/api/v1/challenges/89ba8c07-6cd4-4c69-bb1d-422a52ce2393[0m [36mreq[0m=[35m9e7a4688[0m [36mrequest_id[0m=[35m9e7a4688-6b42-47f0-8fe5-b2b9be6ff4cf[0m [36mstatus[0m=[35m200[0m
[2m12:56:50[0m [[32m[1minfo     [0m] [1mSandbox execution complete: success=True, time=409195ms, cached=False[0m [36mreq[0m=[35mf20e3f65[0m
[2m12:56:53[0m [[32m[1minfo     [0m] [1mGetting challenge status: id=89ba8c07-6cd4-4c69-bb1d-422a52ce2393[0m [36mreq[0m=[35me3fff045[0m
[2m12:56:53[0m [[32m[1minfo     [0m] [1mrequest_finished                        [0m [36mduration[0m=[35m0.025[0m [36mmethod[0m=[35mGET[0m [36mpath[0m=[35m/api/v1/challenges/89ba8c07-6cd4-4c69-bb1d-422a52ce2393[0m [36mreq[0m=[35me3fff045[0m [36mrequest_id[0m=[35me3fff045-6e18-4cf1-b1fd-0c6f4b0711c0[0m [36mstatus[0m=[35m200[0m
[2m12:56:56[0m [[32m[1minfo     [0m] [1mTranskription erfolgreich: 1990 Zeichen [0m [36mreq[0m=[35mf20e3f65[0m
[2m12:56:56[0m [[32m[1minfo     [0m] [1mLoading topology from database...       [0m [36mreq[0m=[35mf20e3f65[0m
[2m12:56:56[0m [[32m[1minfo     [0m] [1mMapped 13 skill entries to 13 capabilities[0m [36mreq[0m=[35mf20e3f65[0m
[2m12:56:56[0m [[32m[1minfo     [0m] [1mTopology validated: 11 agents in 5 waves[0m [36mreq[0m=[35mf20e3f65[0m
[2m12:56:56[0m [[32m[1minfo     [0m] [1mLoaded 13 skills for topology           [0m [36mreq[0m=[35mf20e3f65[0m
[2m12:56:56[0m [[32m[1minfo     [0m] [1mTopology loaded: 11 agents, 5 waves     [0m [36mreq[0m=[35mf20e3f65[0m
[2m12:56:57[0m [[32m[1minfo     [0m] [1mShared memory initialized with Qdrant   [0m [36mreq[0m=[35mf20e3f65[0m
[2m12:56:57[0m [[32m[1minfo     [0m] [1mHybridOrchestrator initialized          [0m [36mreq[0m=[35mf20e3f65[0m
[2m12:56:57[0m [[32m[1minfo     [0m] [1mStarting execution: 36f0e97b-7e64-4b71-bb36-6d7c19ccb5f7[0m [36mreq[0m=[35mf20e3f65[0m
[2m12:56:57[0m [[32m[1minfo     [0m] [1mLoading topology from database...       [0m [36mreq[0m=[35mf20e3f65[0m
[2m12:56:57[0m [[32m[1minfo     [0m] [1mMapped 13 skill entries to 13 capabilities[0m [36mreq[0m=[35mf20e3f65[0m
[2m12:56:57[0m [[32m[1minfo     [0m] [1mTopology validated: 11 agents in 5 waves[0m [36mreq[0m=[35mf20e3f65[0m
[2m12:56:57[0m [[32m[1minfo     [0m] [1mLoaded 13 skills for topology           [0m [36mreq[0m=[35mf20e3f65[0m
[2m12:56:57[0m [[32m[1minfo     [0m] [1mTopology loaded: 11 agents, 5 waves     [0m [36mreq[0m=[35mf20e3f65[0m
[2m12:56:57[0m [[32m[1minfo     [0m] [1mDocker client connected successfully    [0m [36mreq[0m=[35mf20e3f65[0m
[2m12:56:57[0m [[32m[1minfo     [0m] [1mCreated DynamicSandbox executor (Docker-based, unrestricted)[0m [36mreq[0m=[35mf20e3f65[0m
[2m12:56:57[0m [[33m[1mwarning  [0m] [1mCould not create intervention orchestrator for self-healing: create_intervention_orchestrator() got an unexpected keyword argument 'db'[0m [36mreq[0m=[35mf20e3f65[0m
[2m12:56:57[0m [[32m[1minfo     [0m] [1mExecuting wave 1/5: ['05bebe15-b46f-4b91-96e3-a50f6cf9e68d', '90c17f3b-7f91-4174-b3ac-b59a51feb378', '65ad3c5c-f66c-49a0-a7cd-4b9ebc6142b9', '073d766c-ed4f-4519-8e36-8c9631e97c67'][0m [36mreq[0m=[35mf20e3f65[0m
[2m12:56:57[0m [[32m[1minfo     [0m] [1mExecuting agent: transcript_analyzer (05bebe15-b46f-4b91-96e3-a50f6cf9e68d)[0m [36mreq[0m=[35mf20e3f65[0m
[2m12:56:57[0m [[32m[1minfo     [0m] [1mExecuting agent: product_owner (90c17f3b-7f91-4174-b3ac-b59a51feb378)[0m [36mreq[0m=[35mf20e3f65[0m
[2m12:56:57[0m [[33m[1mwarning  [0m] [1mAgent product_owner expected artifacts ['analysis_findings'] but none found in pool[0m [36mreq[0m=[35mf20e3f65[0m
[2m12:56:57[0m [[32m[1minfo     [0m] [1mExecuting agent: quality_judge (65ad3c5c-f66c-49a0-a7cd-4b9ebc6142b9)[0m [36mreq[0m=[35mf20e3f65[0m
[2m12:56:57[0m [[33m[1mwarning  [0m] [1mAgent quality_judge expected artifacts ['ab_test_samples'] but none found in pool[0m [36mreq[0m=[35mf20e3f65[0m
[2m12:56:57[0m [[32m[1minfo     [0m] [1mExecuting agent: execution_analyzer (073d766c-ed4f-4519-8e36-8c9631e97c67)[0m [36mreq[0m=[35mf20e3f65[0m
[2m12:56:57[0m [[33m[1mwarning  [0m] [1mAgent execution_analyzer expected artifacts ['execution_telemetry'] but none found in pool[0m [36mreq[0m=[35mf20e3f65[0m
[2m12:56:58[0m [[32m[1minfo     [0m] [1mAgent execution_analyzer returned final answer after 0 tool calls[0m [36mreq[0m=[35mf20e3f65[0m
[2m12:56:58[0m [[32m[1minfo     [0m] [1mAgent quality_judge returned final answer after 0 tool calls[0m [36mreq[0m=[35mf20e3f65[0m
[2m12:56:58[0m [[32m[1minfo     [0m] [1mGetting challenge status: id=89ba8c07-6cd4-4c69-bb1d-422a52ce2393[0m [36mreq[0m=[35ma944fe0a[0m
[2m12:56:58[0m [[32m[1minfo     [0m] [1mrequest_finished                        [0m [36mduration[0m=[35m0.017[0m [36mmethod[0m=[35mGET[0m [36mpath[0m=[35m/api/v1/challenges/89ba8c07-6cd4-4c69-bb1d-422a52ce2393[0m [36mreq[0m=[35ma944fe0a[0m [36mrequest_id[0m=[35ma944fe0a-b9ce-46ed-adb0-0d3c013571a7[0m [36mstatus[0m=[35m200[0m
[2m12:56:58[0m [[32m[1minfo     [0m] [1mshared_memory_metrics agent=transcript_analyzer facts_kept=5 facts_total=8 hypotheses=0 relations=0 approx_tokens=2389 query_chars=3075[0m [36mreq[0m=[35mf20e3f65[0m
[2m12:56:58[0m [[32m[1minfo     [0m] [1mAgent product_owner returned final answer after 0 tool calls[0m [36mreq[0m=[35mf20e3f65[0m
[2m12:56:58[0m [[32m[1minfo     [0m] [1mAgent execution_analyzer completed      [0m [36mreq[0m=[35mf20e3f65[0m
[2m12:56:58[0m [[32m[1minfo     [0m] [1mAgent quality_judge completed           [0m [36mreq[0m=[35mf20e3f65[0m
[2m12:56:58[0m [[32m[1minfo     [0m] [1mAgent product_owner completed           [0m [36mreq[0m=[35mf20e3f65[0m
[2m12:57:03[0m [[32m[1minfo     [0m] [1mGetting challenge status: id=89ba8c07-6cd4-4c69-bb1d-422a52ce2393[0m [36mreq[0m=[35m0e66a507[0m
[2m12:57:03[0m [[32m[1minfo     [0m] [1mrequest_finished                        [0m [36mduration[0m=[35m0.004[0m [36mmethod[0m=[35mGET[0m [36mpath[0m=[35m/api/v1/challenges/89ba8c07-6cd4-4c69-bb1d-422a52ce2393[0m [36mreq[0m=[35m0e66a507[0m [36mrequest_id[0m=[35m0e66a507-b330-4674-a4b1-8c9e134b3f5e[0m [36mstatus[0m=[35m200[0m
[2m12:57:05[0m [[32m[1minfo     [0m] [1mAgent transcript_analyzer returned final answer after 0 tool calls[0m [36mreq[0m=[35mf20e3f65[0m
[2m12:57:06[0m [[32m[1minfo     [0m] [1mAgent transcript_analyzer completed     [0m [36mreq[0m=[35mf20e3f65[0m
[2m12:57:06[0m [[32m[1minfo     [0m] [1mWave 1 agent 'transcript_analyzer' completed: success=True, skipped=False, result_len=1927[0m [36mreq[0m=[35mf20e3f65[0m
[2m12:57:06[0m [[32m[1minfo     [0m] [1mWave 1 agent 'product_owner' completed: success=True, skipped=False, result_len=434[0m [36mreq[0m=[35mf20e3f65[0m
[2m12:57:06[0m [[32m[1minfo     [0m] [1mWave 1 agent 'quality_judge' completed: success=True, skipped=False, result_len=183[0m [36mreq[0m=[35mf20e3f65[0m
[2m12:57:06[0m [[32m[1minfo     [0m] [1mWave 1 agent 'execution_analyzer' completed: success=True, skipped=False, result_len=189[0m [36mreq[0m=[35mf20e3f65[0m
[2m12:57:06[0m [[32m[1minfo     [0m] [1mExecuting wave 2/5: ['49898ec1-10da-4a11-8457-1358d844c805', '07f8b963-9d7c-4232-ba20-52aa8d850e1d'][0m [36mreq[0m=[35mf20e3f65[0m
[2m12:57:06[0m [[32m[1minfo     [0m] [1mExecuting agent: context_retriever (49898ec1-10da-4a11-8457-1358d844c805)[0m [36mreq[0m=[35mf20e3f65[0m
[2m12:57:06[0m [[32m[1minfo     [0m] [1mExecuting agent: control_agent (07f8b963-9d7c-4232-ba20-52aa8d850e1d)[0m [36mreq[0m=[35mf20e3f65[0m
[2m12:57:07[0m [[32m[1minfo     [0m] [1mTool call 1/5: skill_connect_to_postgresql_database[0m [36mreq[0m=[35mf20e3f65[0m
[2m12:57:07[0m [[32m[1minfo     [0m] [1mStarting sandbox execution: pip=['psycopg2-binary>=2.9.0', 'psycopg2-binary'], apt=[], input_files=[][0m [36mreq[0m=[35mf20e3f65[0m
[2m12:57:07[0m [[32m[1minfo     [0m] [1mAgent control_agent returned final answer after 0 tool calls[0m [36mreq[0m=[35mf20e3f65[0m
[2m12:57:07[0m [[32m[1minfo     [0m] [1mFound cached image: lumari-sandbox:custom-b45b88ad (usage=18)[0m [36mreq[0m=[35mf20e3f65[0m
[2m12:57:07[0m [[32m[1minfo     [0m] [1mUsing cached image: lumari-sandbox:custom-b45b88ad[0m [36mreq[0m=[35mf20e3f65[0m
[2m12:57:07[0m [[32m[1minfo     [0m] [1mAgent control_agent completed           [0m [36mreq[0m=[35mf20e3f65[0m
[2m12:57:07[0m [[32m[1minfo     [0m] [1mSandbox execution complete: success=True, time=756ms, cached=True[0m [36mreq[0m=[35mf20e3f65[0m
[2m12:57:08[0m [[32m[1minfo     [0m] [1mGetting challenge status: id=89ba8c07-6cd4-4c69-bb1d-422a52ce2393[0m [36mreq[0m=[35mbb573391[0m
[2m12:57:08[0m [[32m[1minfo     [0m] [1mrequest_finished                        [0m [36mduration[0m=[35m0.009[0m [36mmethod[0m=[35mGET[0m [36mpath[0m=[35m/api/v1/challenges/89ba8c07-6cd4-4c69-bb1d-422a52ce2393[0m [36mreq[0m=[35mbb573391[0m [36mrequest_id[0m=[35mbb573391-e3b7-4942-bc15-e78b2c3bdd3e[0m [36mstatus[0m=[35m200[0m
[2m12:57:13[0m [[32m[1minfo     [0m] [1mGetting challenge status: id=89ba8c07-6cd4-4c69-bb1d-422a52ce2393[0m [36mreq[0m=[35m07f616f6[0m
[2m12:57:13[0m [[32m[1minfo     [0m] [1mrequest_finished                        [0m [36mduration[0m=[35m0.029[0m [36mmethod[0m=[35mGET[0m [36mpath[0m=[35m/api/v1/challenges/89ba8c07-6cd4-4c69-bb1d-422a52ce2393[0m [36mreq[0m=[35m07f616f6[0m [36mrequest_id[0m=[35m07f616f6-b9c2-499c-b365-a8ec79b15e04[0m [36mstatus[0m=[35m200[0m
[2m12:57:15[0m [[32m[1minfo     [0m] [1mAgent context_retriever returned final answer after 1 tool calls[0m [36mreq[0m=[35mf20e3f65[0m
[2m12:57:15[0m [[32m[1minfo     [0m] [1mAgent context_retriever completed       [0m [36mreq[0m=[35mf20e3f65[0m
[2m12:57:15[0m [[32m[1minfo     [0m] [1mWave 2 agent 'context_retriever' completed: success=True, skipped=False, result_len=1160[0m [36mreq[0m=[35mf20e3f65[0m
[2m12:57:15[0m [[32m[1minfo     [0m] [1mWave 2 agent 'control_agent' completed: success=True, skipped=False, result_len=152[0m [36mreq[0m=[35mf20e3f65[0m
[2m12:57:15[0m [[32m[1minfo     [0m] [1mExecuting wave 3/5: ['f54aabd1-ca21-4768-b12e-ccf5ca95d0da', 'a676e764-25ce-41cf-95d1-b838c8e6804d', 'd01ede79-d82b-465b-ae42-d1a7a2ec4188'][0m [36mreq[0m=[35mf20e3f65[0m
[2m12:57:15[0m [[32m[1minfo     [0m] [1mExecuting agent: report_generator (f54aabd1-ca21-4768-b12e-ccf5ca95d0da)[0m [36mreq[0m=[35mf20e3f65[0m
[2m12:57:15[0m [[32m[1minfo     [0m] [1mExecuting agent: prompt_engineer (a676e764-25ce-41cf-95d1-b838c8e6804d)[0m [36mreq[0m=[35mf20e3f65[0m
[2m12:57:15[0m [[32m[1minfo     [0m] [1mExecuting agent: tool_builder (d01ede79-d82b-465b-ae42-d1a7a2ec4188)[0m [36mreq[0m=[35mf20e3f65[0m
[2m12:57:18[0m [[32m[1minfo     [0m] [1mAgent prompt_engineer returned final answer after 0 tool calls[0m [36mreq[0m=[35mf20e3f65[0m
[2m12:57:18[0m [[32m[1minfo     [0m] [1mAgent prompt_engineer completed         [0m [36mreq[0m=[35mf20e3f65[0m
[2m12:57:18[0m [[32m[1minfo     [0m] [1mGetting challenge status: id=89ba8c07-6cd4-4c69-bb1d-422a52ce2393[0m [36mreq[0m=[35m021f03ec[0m
[2m12:57:18[0m [[32m[1minfo     [0m] [1mrequest_finished                        [0m [36mduration[0m=[35m0.003[0m [36mmethod[0m=[35mGET[0m [36mpath[0m=[35m/api/v1/challenges/89ba8c07-6cd4-4c69-bb1d-422a52ce2393[0m [36mreq[0m=[35m021f03ec[0m [36mrequest_id[0m=[35m021f03ec-3019-4434-ba5c-077f5d75f294[0m [36mstatus[0m=[35m200[0m
[2m12:57:19[0m [[32m[1minfo     [0m] [1mAgent report_generator returned final answer after 0 tool calls[0m [36mreq[0m=[35mf20e3f65[0m
[2m12:57:19[0m [[32m[1minfo     [0m] [1mAgent report_generator completed        [0m [36mreq[0m=[35mf20e3f65[0m
[2m12:57:23[0m [[32m[1minfo     [0m] [1mAgent tool_builder returned final answer after 0 tool calls[0m [36mreq[0m=[35mf20e3f65[0m
[2m12:57:23[0m [[32m[1minfo     [0m] [1mAgent tool_builder completed            [0m [36mreq[0m=[35mf20e3f65[0m
[2m12:57:23[0m [[32m[1minfo     [0m] [1mWave 3 agent 'report_generator' completed: success=True, skipped=False, result_len=2392[0m [36mreq[0m=[35mf20e3f65[0m
[2m12:57:23[0m [[32m[1minfo     [0m] [1mWave 3 agent 'prompt_engineer' completed: success=True, skipped=False, result_len=1806[0m [36mreq[0m=[35mf20e3f65[0m
[2m12:57:23[0m [[32m[1minfo     [0m] [1mWave 3 agent 'tool_builder' completed: success=True, skipped=False, result_len=253[0m [36mreq[0m=[35mf20e3f65[0m
[2m12:57:23[0m [[32m[1minfo     [0m] [1mExecuting wave 4/5: ['85860279-90e3-4984-b25d-af840d3dca9b'][0m [36mreq[0m=[35mf20e3f65[0m
[2m12:57:23[0m [[32m[1minfo     [0m] [1mExecuting agent: quality_validator (85860279-90e3-4984-b25d-af840d3dca9b)[0m [36mreq[0m=[35mf20e3f65[0m
[2m12:57:23[0m [[32m[1minfo     [0m] [1mGetting challenge status: id=89ba8c07-6cd4-4c69-bb1d-422a52ce2393[0m [36mreq[0m=[35m20fdece0[0m
[2m12:57:23[0m [[32m[1minfo     [0m] [1mrequest_finished                        [0m [36mduration[0m=[35m0.008[0m [36mmethod[0m=[35mGET[0m [36mpath[0m=[35m/api/v1/challenges/89ba8c07-6cd4-4c69-bb1d-422a52ce2393[0m [36mreq[0m=[35m20fdece0[0m [36mrequest_id[0m=[35m20fdece0-685f-4bce-975c-adc238160a43[0m [36mstatus[0m=[35m200[0m
[2m12:57:24[0m [[32m[1minfo     [0m] [1mAgent quality_validator returned final answer after 0 tool calls[0m [36mreq[0m=[35mf20e3f65[0m
[2m12:57:24[0m [[32m[1minfo     [0m] [1mAgent quality_validator completed       [0m [36mreq[0m=[35mf20e3f65[0m
[2m12:57:24[0m [[32m[1minfo     [0m] [1mWave 4 agent 'quality_validator' completed: success=True, skipped=False, result_len=191[0m [36mreq[0m=[35mf20e3f65[0m
[2m12:57:24[0m [[32m[1minfo     [0m] [1mExecuting wave 5/5: ['bbd241f8-1df0-49f4-950a-dc61efa2c950'][0m [36mreq[0m=[35mf20e3f65[0m
[2m12:57:24[0m [[32m[1minfo     [0m] [1mExecuting agent: report_finalizer (bbd241f8-1df0-49f4-950a-dc61efa2c950)[0m [36mreq[0m=[35mf20e3f65[0m
[2m12:57:27[0m [[32m[1minfo     [0m] [1mAgent report_finalizer returned final answer after 0 tool calls[0m [36mreq[0m=[35mf20e3f65[0m
[2m12:57:28[0m [[32m[1minfo     [0m] [1mAgent report_finalizer completed        [0m [36mreq[0m=[35mf20e3f65[0m
[2m12:57:28[0m [[32m[1minfo     [0m] [1mWave 5 agent 'report_finalizer' completed: success=True, skipped=False, result_len=2604[0m [36mreq[0m=[35mf20e3f65[0m
[2m12:57:28[0m [[32m[1minfo     [0m] [1mArtifact pool cleared: 11 artifacts discarded[0m [36mreq[0m=[35mf20e3f65[0m
[2m12:57:28[0m [[32m[1minfo     [0m] [1mPersisted 1 facts to shared memory for execution 36f0e97b-7e64-4b71-bb36-6d7c19ccb5f7[0m [36mreq[0m=[35mf20e3f65[0m
[2m12:57:28[0m [[32m[1minfo     [0m] [1mStarting telemetry for agent=05bebe15..., execution=36f0e97b...[0m [36mreq[0m=[35mf20e3f65[0m
[2m12:57:28[0m [[33m[1mwarning  [0m] [1mTelemetrie-Bridge fehlgeschlagen: 1 validation error for ExecutionTelemetryCreate
outcome
  Input should be 'success', 'error', 'timeout' or 'cancelled' [type=literal_error, input_value='running', input_type=str]
    For further information visit https://errors.pydantic.dev/2.11/v/literal_error[0m [36mreq[0m=[35mf20e3f65[0m
[2m12:57:28[0m [[32m[1minfo     [0m] [1mConfigured epicbox profile: image=lumari-sandbox:latest, limits={'cputime': 5, 'realtime': 10, 'memory': 128, 'processes': 1}[0m [36mreq[0m=[35mf20e3f65[0m
[2m12:57:28[0m [[32m[1minfo     [0m] [1mStarting analysis pipeline for execution_id=36f0e97b...[0m [36mreq[0m=[35mf20e3f65[0m
[2m12:57:28[0m [[32m[1minfo     [0m] [1mExecution completed: challenge_id=89ba8c07-6cd4-4c69-bb1d-422a52ce2393, success=True[0m [36mreq[0m=[35mf20e3f65[0m
[2m12:57:28[0m [[33m[1mwarning  [0m] [1mNo telemetry found for execution 36f0e97b-7e64-4b71-bb36-6d7c19ccb5f7[0m [36mreq[0m=[35mf20e3f65[0m
[2m12:57:28[0m [[32m[1minfo     [0m] [1mGetting challenge status: id=89ba8c07-6cd4-4c69-bb1d-422a52ce2393[0m [36mreq[0m=[35m198871af[0m
[2m12:57:28[0m [[32m[1minfo     [0m] [1mrequest_finished                        [0m [36mduration[0m=[35m0.004[0m [36mmethod[0m=[35mGET[0m [36mpath[0m=[35m/api/v1/challenges/89ba8c07-6cd4-4c69-bb1d-422a52ce2393[0m [36mreq[0m=[35m198871af[0m [36mrequest_id[0m=[35m198871af-cfe0-47c1-acfe-41aac32daae9[0m [36mstatus[0m=[35m200[0m
[2m12:57:28[0m [[32m[1minfo     [0m] [1mGetting challenge results: id=89ba8c07-6cd4-4c69-bb1d-422a52ce2393[0m [36mreq[0m=[35m0a8cf340[0m
[2m12:57:28[0m [[32m[1minfo     [0m] [1mrequest_finished                        [0m [36mduration[0m=[35m0.005[0m [36mmethod[0m=[35mGET[0m [36mpath[0m=[35m/api/v1/challenges/89ba8c07-6cd4-4c69-bb1d-422a52ce2393/results[0m [36mreq[0m=[35m0a8cf340[0m [36mrequest_id[0m=[35m0a8cf340-0d6b-4502-afb6-bbcc18d013e4[0m [36mstatus[0m=[35m200[0m
WARNING:  WatchFiles detected changes in 'app/prompts/skill_team_prompts.py'. Reloading...
[2m13:18:53[0m [[32m[1minfo     [0m] [1mShutting down                           [0m
[2m13:18:53[0m [[32m[1minfo     [0m] [1mWaiting for application shutdown.       [0m
[2m13:18:53[0m [[32m[1minfo     [0m] [1mShutting down OpenTelemetry provider    [0m
[2m13:18:53[0m [[32m[1minfo     [0m] [1mOpenTelemetry provider shutdown complete[0m
[2m13:18:53[0m [[32m[1minfo     [0m] [1mOpenTelemetry shutdown complete         [0m
[2m13:18:53[0m [[32m[1minfo     [0m] [1mApplication shutdown complete.          [0m
[2m13:18:53[0m [[32m[1minfo     [0m] [1mFinished server process [25675]         [0m
[2m13:18:58[0m [[32m[1minfo     [0m] [1mStarted server process [27234]          [0m
[2m13:18:58[0m [[32m[1minfo     [0m] [1mWaiting for application startup.        [0m
[2m13:18:58[0m [[32m[1minfo     [0m] [1mDatabase already initialized (30 tables)[0m
[2m13:18:58[0m [[32m[1minfo     [0m] [1mSetting up OpenTelemetry for lumari-backend v0.1.0[0m
[2m13:18:58[0m [[32m[1minfo     [0m] [1mConsole span exporter enabled           [0m
[2m13:18:58[0m [[32m[1minfo     [0m] [1mFastAPI instrumentation complete        [0m
[2m13:18:58[0m [[32m[1minfo     [0m] [1mOpenTelemetry instrumentation initialized[0m
[2m13:18:58[0m [[32m[1minfo     [0m] [1mBackfilling applicability for 1 skills...[0m
[2m13:18:59[0m [[32m[1minfo     [0m] [1m  skill_connect_to_postgresql_database: applicability set[0m
[2m13:18:59[0m [[32m[1minfo     [0m] [1mApplicability backfill complete         [0m
[2m13:18:59[0m [[32m[1minfo     [0m] [1mApplication startup complete.           [0m
