INFO:     Will watch for changes in these directories: ['/Users/patrick/Documents/Uni/master_project/backend']
INFO:     Uvicorn running on http://127.0.0.1:8000 (Press CTRL+C to quit)
INFO:     Started reloader process [22299] using WatchFiles
[2m07:48:34[0m [[32m[1minfo     [0m] [1mStarted server process [22305]          [0m
[2m07:48:34[0m [[32m[1minfo     [0m] [1mWaiting for application startup.        [0m
[2m07:48:34[0m [[32m[1minfo     [0m] [1mDatabase already initialized (33 tables)[0m
[2m07:48:34[0m [[32m[1minfo     [0m] [1mSetting up OpenTelemetry for lumari-backend v0.1.0[0m
[2m07:48:34[0m [[32m[1minfo     [0m] [1mConsole span exporter enabled           [0m
[2m07:48:34[0m [[32m[1minfo     [0m] [1mFastAPI instrumentation complete        [0m
[2m07:48:34[0m [[32m[1minfo     [0m] [1mOpenTelemetry instrumentation initialized[0m
[2m07:48:34[0m [[32m[1minfo     [0m] [1mApplication startup complete.           [0m
[2m07:51:24[0m [[32m[1minfo     [0m] [1mrequest_finished                        [0m [36mduration[0m=[35m0.002[0m [36mmethod[0m=[35mGET[0m [36mpath[0m=[35m/api/v1/challenges/[0m [36mreq[0m=[35m0989de63[0m [36mrequest_id[0m=[35m0989de63-a92a-44a4-8771-8ae5cb592c05[0m [36mstatus[0m=[35m307[0m
[2m07:51:42[0m [[32m[1minfo     [0m] [1mUpdating user settings: auto_apply=True [0m [36mreq[0m=[35m1d02eb82[0m
[2m07:51:42[0m [[32m[1minfo     [0m] [1mUpdated settings for user default: auto_apply=True[0m [36mreq[0m=[35m1d02eb82[0m
[2m07:51:42[0m [[32m[1minfo     [0m] [1mrequest_finished                        [0m [36mduration[0m=[35m0.033[0m [36mmethod[0m=[35mPUT[0m [36mpath[0m=[35m/api/v1/challenges/settings/user[0m [36mreq[0m=[35m1d02eb82[0m [36mrequest_id[0m=[35m1d02eb82-8ce5-4ffa-87bb-d2a951921453[0m [36mstatus[0m=[35m200[0m
[2m07:51:42[0m [[32m[1minfo     [0m] [1mDirect challenge analysis: execution_id=a462adc6-b932-4f1c-bb19-7c7ce822d9b4[0m [36mreq[0m=[35mb2c98f7c[0m
/Users/patrick/Documents/Uni/master_project/backend/app/orchestration/analysis/orchestrator.py:309: UserWarning: Qdrant client version 1.16.1 is incompatible with server version 1.18.0. Major versions should match and minor version difference must not exceed 1. Set check_compatibility=False to skip version check.
  qdrant_client = QdrantClient(url=qdrant_url)
[2m07:51:45[0m [[32m[1minfo     [0m] [1mPre-execution analysis starting for execution a462adc6-b932-4f1c-bb19-7c7ce822d9b4[0m [36mreq[0m=[35mb2c98f7c[0m
[2m07:51:45[0m [[32m[1minfo     [0m] [1mAnalyzing challenge for execution a462adc6-b932-4f1c-bb19-7c7ce822d9b4[0m [36mreq[0m=[35mb2c98f7c[0m
[2m07:51:45[0m [[32m[1minfo     [0m] [1mLoading topology from database...       [0m [36mreq[0m=[35mb2c98f7c[0m
[2m07:51:45[0m [[32m[1minfo     [0m] [1mTopology validated: 11 agents in 5 waves[0m [36mreq[0m=[35mb2c98f7c[0m
[2m07:51:45[0m [[32m[1minfo     [0m] [1mTopology loaded: 11 agents, 5 waves     [0m [36mreq[0m=[35mb2c98f7c[0m

[1;31mGive Feedback / Get Help: https://github.com/BerriAI/litellm/issues/new[0m
LiteLLM.Info: If you need to debug this error, use `litellm._turn_on_debug()'.

[2m07:51:46[0m [[32m[1minfo     [0m] [1mLLM extracted 6 capabilities: 3 execution, 3 knowledge[0m [36mreq[0m=[35mb2c98f7c[0m
[2m07:51:46[0m [[32m[1minfo     [0m] [1mExtracted 6 required capabilities       [0m [36mreq[0m=[35mb2c98f7c[0m
[2m07:51:46[0m [[32m[1minfo     [0m] [1mLoading embedding model: BAAI/bge-base-en-v1.5[0m
Fetching 5 files:   0%|          | 0/5 [00:00<?, ?it/s]Warning: You are sending unauthenticated requests to the HF Hub. Please set a HF_TOKEN to enable higher rate limits and faster downloads.
[2m07:51:48[0m [[33m[1mwarning  [0m] [1mWarning: You are sending unauthenticated requests to the HF Hub. Please set a HF_TOKEN to enable higher rate limits and faster downloads.[0m
Fetching 5 files:  20%|██        | 1/5 [00:00<00:01,  2.47it/s]Fetching 5 files:  40%|████      | 2/5 [00:08<00:15,  5.12s/it]Fetching 5 files: 100%|██████████| 5/5 [00:08<00:00,  1.76s/it]
[2m07:51:57[0m [[32m[1minfo     [0m] [1mEmbedding model loaded                  [0m
[2m07:51:57[0m [[32m[1minfo     [0m] [1mAssessment complete: CANNOT_DO (6 gaps, 5 suggestions)[0m [36mreq[0m=[35mb2c98f7c[0m
[2m07:51:57[0m [[32m[1minfo     [0m] [1mASSESSMENT_LOG execution_id=a462adc6-b932-4f1c-bb19-7c7ce822d9b4 confidence=CANNOT_DO gaps=6 route=developer_team duration_ms=12245[0m [36mreq[0m=[35mb2c98f7c[0m
[2m07:51:57[0m [[32m[1minfo     [0m] [1mPre-execution analysis complete: CANNOT_DO -> route: developer_team[0m [36mreq[0m=[35mb2c98f7c[0m
[2m07:51:57[0m [[32m[1minfo     [0m] [1mOrchestrator analysis complete: confidence=CANNOT_DO, route=developer_team[0m [36mreq[0m=[35mb2c98f7c[0m
[2m07:51:57[0m [[32m[1minfo     [0m] [1m0 gaps already satisfied, 6 remaining   [0m [36mreq[0m=[35mb2c98f7c[0m
[2m07:51:57[0m [[32m[1minfo     [0m] [1mGenerated build plan for challenge a5126e6a-9689-4a5c-ae34-e96767004b2b: 6 items, 6 critical[0m [36mreq[0m=[35mb2c98f7c[0m
[2m07:51:57[0m [[32m[1minfo     [0m] [1mrequest_finished                        [0m [36mduration[0m=[35m14.985[0m [36mmethod[0m=[35mPOST[0m [36mpath[0m=[35m/api/v1/challenges/analyze[0m [36mreq[0m=[35mb2c98f7c[0m [36mrequest_id[0m=[35mb2c98f7c-894b-44ab-ba17-057afbc6879c[0m [36mstatus[0m=[35m200[0m
[2m07:51:57[0m [[32m[1minfo     [0m] [1mStarting capability building: challenge_id=a5126e6a-9689-4a5c-ae34-e96767004b2b[0m [36mreq[0m=[35mb2c98f7c[0m
/Users/patrick/Documents/Uni/master_project/backend/app/orchestration/intervention/orchestrator.py:629: UserWarning: Qdrant client version 1.16.1 is incompatible with server version 1.18.0. Major versions should match and minor version difference must not exceed 1. Set check_compatibility=False to skip version check.
  qdrant_client = QdrantClient(url=qdrant_url)
[2m07:51:57[0m [[32m[1minfo     [0m] [1mLoading topology from database...       [0m [36mreq[0m=[35mb2c98f7c[0m
[2m07:51:57[0m [[32m[1minfo     [0m] [1mTopology validated: 11 agents in 5 waves[0m [36mreq[0m=[35mb2c98f7c[0m
[2m07:51:57[0m [[32m[1minfo     [0m] [1mTopology loaded: 11 agents, 5 waves     [0m [36mreq[0m=[35mb2c98f7c[0m
[2m07:51:57[0m [[32m[1minfo     [0m] [1mRuntimeAgentRegistry initialized with max_concurrent=5[0m [36mreq[0m=[35mb2c98f7c[0m
[2m07:51:57[0m [[32m[1minfo     [0m] [1mProcessing blocked challenge: id=a5126e6a..., attempt=1/5[0m [36mreq[0m=[35mb2c98f7c[0m
[2m07:51:57[0m [[32m[1minfo     [0m] [1mCreated gap plan: id=7dcff140..., challenge=a5126e6a..., gaps=6, cycle=1[0m [36mreq[0m=[35mb2c98f7c[0m
[2m07:51:57[0m [[32m[1minfo     [0m] [1mCreated gap plan: 7dcff140..., cycle=1, gaps=6[0m [36mreq[0m=[35mb2c98f7c[0m
[2m07:51:57[0m [[32m[1minfo     [0m] [1mStarted gap plan: 7dcff140...           [0m [36mreq[0m=[35mb2c98f7c[0m
[2m07:51:57[0m [[32m[1minfo     [0m] [1mExecuting gap plan: 7dcff140..., total_gaps=6, cycle=1[0m [36mreq[0m=[35mb2c98f7c[0m
[2m07:51:57[0m [[32m[1minfo     [0m] [1mProcessing gap: 6dae7b1f... type=missing_skill, capability=connect to PostgreSQL database, severity=critical[0m [36mreq[0m=[35mb2c98f7c[0m
[2m07:51:57[0m [[32m[1minfo     [0m] [1mStrategy proposed for connect to PostgreSQL database: direct (confidence=0.5)[0m [36mreq[0m=[35mb2c98f7c[0m
[2m07:51:57[0m [[32m[1minfo     [0m] [1mBuilding capability: gap_type=missing_skill, severity=critical, attempt=1, approach=direct[0m [36mreq[0m=[35mb2c98f7c[0m
[2m07:51:57[0m [[32m[1minfo     [0m] [1mUsing Skill Team for capability: connect to PostgreSQL database[0m [36mreq[0m=[35mb2c98f7c[0m
[2m07:51:57[0m [[32m[1minfo     [0m] [1mStarting team-based skill development for: connect to PostgreSQL database[0m [36mreq[0m=[35mb2c98f7c[0m
[2m07:51:57[0m [[32m[1minfo     [0m] [1mResearching capability: connect to PostgreSQL database[0m [36mreq[0m=[35mb2c98f7c[0m
[2m07:51:58[0m [[32m[1minfo     [0m] [1mresponse: https://en.wikipedia.org/w/api.php?action=opensearch&profile=fuzzy&limit=1&search=python%20connect%20to%20PostgreSQL%20database%20implementation%20example%20code 200[0m
[2m07:51:58[0m [[32m[1minfo     [0m] [1mresponse: https://grokipedia.com/api/typeahead?query=python+connect+to+PostgreSQL+database+implementation+example+code&limit=1 200[0m
[2m07:51:58[0m [[32m[1minfo     [0m] [1mresponse: https://www.google.com/search?q=python+connect+to+PostgreSQL+database+implementation+example+code&filter=1&start=0&hl=en-US&lr=lang_en&cr=countryUS 200[0m
[2m07:51:58[0m [[32m[1minfo     [0m] [1mresponse: https://html.duckduckgo.com/html/ 202[0m
[2m07:51:59[0m [[32m[1minfo     [0m] [1mresponse: https://yandex.com/search/site/?text=python+connect+to+PostgreSQL+database+implementation+example+code&web=1&searchid=8604413 200[0m
[2m07:51:59[0m [[32m[1minfo     [0m] [1mWeb search for 'python connect to PostgreSQL database implementation example' returned 5 results[0m [36mreq[0m=[35mb2c98f7c[0m
[2m07:52:03[0m [[32m[1minfo     [0m] [1mSummarized 5 sources into 3237 chars    [0m [36mreq[0m=[35mb2c98f7c[0m
[2m07:52:03[0m [[32m[1minfo     [0m] [1mResearch complete for connect to PostgreSQL database: pip=['psycopg2-binary'], examples=1[0m [36mreq[0m=[35mb2c98f7c[0m
[2m07:52:03[0m [[32m[1minfo     [0m] [1mResearch complete: 1 packages found     [0m [36mreq[0m=[35mb2c98f7c[0m
[2m07:52:06[0m [[32m[1minfo     [0m] [1mArchitecture complete: 1 test cases defined[0m [36mreq[0m=[35mb2c98f7c[0m
[2m07:52:06[0m [[32m[1minfo     [0m] [1mSession start: iteration=1/10, pip=1, apt=0[0m [36mreq[0m=[35mb2c98f7c[0m
[2m07:52:06[0m [[32m[1minfo     [0m] [1mDocker client connected successfully    [0m [36mreq[0m=[35mb2c98f7c[0m
[2m07:52:06[0m [[32m[1minfo     [0m] [1mSession container created: 1276b98929ef [0m [36mreq[0m=[35mb2c98f7c[0m
[2m07:52:06[0m [[32m[1minfo     [0m] [1mInstalling pip packages: "psycopg2-binary"[0m [36mreq[0m=[35mb2c98f7c[0m
[2m07:52:07[0m [[32m[1minfo     [0m] [1mGetting challenge status: id=a5126e6a-9689-4a5c-ae34-e96767004b2b[0m [36mreq[0m=[35md3dca49e[0m
[2m07:52:07[0m [[32m[1minfo     [0m] [1mrequest_finished                        [0m [36mduration[0m=[35m0.007[0m [36mmethod[0m=[35mGET[0m [36mpath[0m=[35m/api/v1/challenges/a5126e6a-9689-4a5c-ae34-e96767004b2b[0m [36mreq[0m=[35md3dca49e[0m [36mrequest_id[0m=[35md3dca49e-893d-4eba-b9aa-472583e0e6e1[0m [36mstatus[0m=[35m200[0m
[2m07:52:08[0m [[32m[1minfo     [0m] [1mPip packages installed successfully     [0m [36mreq[0m=[35mb2c98f7c[0m
[2m07:52:08[0m [[32m[1minfo     [0m] [1mImplementation iteration 1/10           [0m [36mreq[0m=[35mb2c98f7c[0m
[2m07:52:10[0m [[32m[1minfo     [0m] [1mImplementation erfolgreich nach 1 Iterationen[0m [36mreq[0m=[35mb2c98f7c[0m
[2m07:52:15[0m [[32m[1minfo     [0m] [1mReview iteration 1/2                    [0m [36mreq[0m=[35mb2c98f7c[0m
[2m07:52:17[0m [[32m[1minfo     [0m] [1mGetting challenge status: id=a5126e6a-9689-4a5c-ae34-e96767004b2b[0m [36mreq[0m=[35m7a7c2797[0m
[2m07:52:17[0m [[32m[1minfo     [0m] [1mrequest_finished                        [0m [36mduration[0m=[35m0.02[0m [36mmethod[0m=[35mGET[0m [36mpath[0m=[35m/api/v1/challenges/a5126e6a-9689-4a5c-ae34-e96767004b2b[0m [36mreq[0m=[35m7a7c2797[0m [36mrequest_id[0m=[35m7a7c2797-2a14-48de-bd48-813f1030dabc[0m [36mstatus[0m=[35m200[0m
[2m07:52:19[0m [[32m[1minfo     [0m] [1mStarting sandbox execution: pip=['psycopg2-binary'], apt=[], input_files=[][0m [36mreq[0m=[35mb2c98f7c[0m
[2m07:52:20[0m [[32m[1minfo     [0m] [1mInstalling pip packages: "psycopg2-binary"[0m [36mreq[0m=[35mb2c98f7c[0m
[2m07:52:21[0m [[32m[1minfo     [0m] [1mPip packages installed successfully     [0m [36mreq[0m=[35mb2c98f7c[0m
[2m07:52:21[0m [[32m[1minfo     [0m] [1mSandbox execution complete: success=True, time=1724ms, cached=False[0m [36mreq[0m=[35mb2c98f7c[0m
[2m07:52:26[0m [[32m[1minfo     [0m] [1mReview iteration 2/2                    [0m [36mreq[0m=[35mb2c98f7c[0m
[2m07:52:27[0m [[32m[1minfo     [0m] [1mGetting challenge status: id=a5126e6a-9689-4a5c-ae34-e96767004b2b[0m [36mreq[0m=[35ma4cc8cc9[0m
[2m07:52:27[0m [[32m[1minfo     [0m] [1mrequest_finished                        [0m [36mduration[0m=[35m0.012[0m [36mmethod[0m=[35mGET[0m [36mpath[0m=[35m/api/v1/challenges/a5126e6a-9689-4a5c-ae34-e96767004b2b[0m [36mreq[0m=[35ma4cc8cc9[0m [36mrequest_id[0m=[35ma4cc8cc9-c7a0-4164-a928-c42e6344d5e7[0m [36mstatus[0m=[35m200[0m
[2m07:52:29[0m [[33m[1mwarning  [0m] [1mReview-Iterationen erschöpft, akzeptiere pre-review Code[0m [36mreq[0m=[35mb2c98f7c[0m
[2m07:52:29[0m [[32m[1minfo     [0m] [1mStarting sandbox execution: pip=['psycopg2-binary'], apt=[], input_files=[][0m [36mreq[0m=[35mb2c98f7c[0m
[2m07:52:29[0m [[32m[1minfo     [0m] [1mInstalling pip packages: "psycopg2-binary"[0m [36mreq[0m=[35mb2c98f7c[0m
[2m07:52:31[0m [[32m[1minfo     [0m] [1mPip packages installed successfully     [0m [36mreq[0m=[35mb2c98f7c[0m
[2m07:52:31[0m [[32m[1minfo     [0m] [1mSandbox execution complete: success=True, time=1604ms, cached=False[0m [36mreq[0m=[35mb2c98f7c[0m
[2m07:52:36[0m [[32m[1minfo     [0m] [1mCreated new skill: b1d15bc2-72b2-4494-b2d9-2ccf4a1562df[0m [36mreq[0m=[35mb2c98f7c[0m
[2m07:52:36[0m [[32m[1minfo     [0m] [1mRecorded build attempt: capability=connect to PostgreSQL database, success=True, error_type=None[0m [36mreq[0m=[35mb2c98f7c[0m
[2m07:52:36[0m [[32m[1minfo     [0m] [1mSkill development complete: skill_connect_to_postgresql_database in 38831ms[0m [36mreq[0m=[35mb2c98f7c[0m
[2m07:52:36[0m [[32m[1minfo     [0m] [1mSkill Team built skill: skill_connect_to_postgresql_database, duration=38.9s[0m [36mreq[0m=[35mb2c98f7c[0m
[2m07:52:36[0m [[32m[1minfo     [0m] [1mAgent 'transcript_analyzer' already has capability 'connect to PostgreSQL database'[0m [36mreq[0m=[35mb2c98f7c[0m
[2m07:52:36[0m [[32m[1minfo     [0m] [1mCreated skill binding: skill=b1d15bc2..., agent=75fb97b8..., capability='connect to PostgreSQL database'[0m [36mreq[0m=[35mb2c98f7c[0m
[2m07:52:36[0m [[32m[1minfo     [0m] [1mInjecting skill b1d15bc2... with plan: target_agent=2c860d4d..., rationale=The context_retriever is the most appropriate agent for fetching structured data from external databases to inform subsequent analysis and reporting tasks.[0m [36mreq[0m=[35mb2c98f7c[0m
[2m07:52:36[0m [[32m[1minfo     [0m] [1mCreated skill binding: skill=b1d15bc2... -> agent=2c860d4d...[0m [36mreq[0m=[35mb2c98f7c[0m
[2m07:52:36[0m [[32m[1minfo     [0m] [1mLoading topology from database...       [0m [36mreq[0m=[35mb2c98f7c[0m
[2m07:52:36[0m [[32m[1minfo     [0m] [1mMapped 1 skill entries to 1 capabilities[0m [36mreq[0m=[35mb2c98f7c[0m
[2m07:52:36[0m [[32m[1minfo     [0m] [1mTopology validated: 11 agents in 5 waves[0m [36mreq[0m=[35mb2c98f7c[0m
[2m07:52:36[0m [[32m[1minfo     [0m] [1mLoaded 1 skills for topology            [0m [36mreq[0m=[35mb2c98f7c[0m
[2m07:52:36[0m [[32m[1minfo     [0m] [1mTopology loaded: 11 agents, 5 waves     [0m [36mreq[0m=[35mb2c98f7c[0m
[2m07:52:36[0m [[32m[1minfo     [0m] [1mPlan-based injection complete: skill=b1d15bc2... -> agent=context_retriever[0m [36mreq[0m=[35mb2c98f7c[0m
[2m07:52:36[0m [[32m[1minfo     [0m] [1mRecorded build attempt: capability=connect to PostgreSQL database, success=True, error_type=None[0m [36mreq[0m=[35mb2c98f7c[0m
[2m07:52:36[0m [[32m[1minfo     [0m] [1mGap completed: 6dae7b1f... -> skill/b1d15bc2...[0m [36mreq[0m=[35mb2c98f7c[0m
[2m07:52:36[0m [[32m[1minfo     [0m] [1mProcessing gap: cdb0e0e2... type=missing_skill, capability=execute SQL queries to retrieve project and construction data, severity=critical[0m [36mreq[0m=[35mb2c98f7c[0m
[2m07:52:36[0m [[32m[1minfo     [0m] [1mStrategy proposed for execute SQL queries to retrieve project and construction data: direct (confidence=0.5)[0m [36mreq[0m=[35mb2c98f7c[0m
[2m07:52:36[0m [[32m[1minfo     [0m] [1mBuilding capability: gap_type=missing_skill, severity=critical, attempt=1, approach=direct[0m [36mreq[0m=[35mb2c98f7c[0m
[2m07:52:36[0m [[32m[1minfo     [0m] [1mUsing Skill Team for capability: execute SQL queries to retrieve project and construction data[0m [36mreq[0m=[35mb2c98f7c[0m
[2m07:52:36[0m [[32m[1minfo     [0m] [1mStarting team-based skill development for: execute SQL queries to retrieve project and construction data[0m [36mreq[0m=[35mb2c98f7c[0m
[2m07:52:36[0m [[32m[1minfo     [0m] [1mResearching capability: execute SQL queries to retrieve project and construction data[0m [36mreq[0m=[35mb2c98f7c[0m
[2m07:52:37[0m [[32m[1minfo     [0m] [1mresponse: https://grokipedia.com/api/typeahead?query=python+execute+SQL+queries+to+retrieve+project+and+construction+data+implementation+example+code&limit=1 200[0m
[2m07:52:37[0m [[32m[1minfo     [0m] [1mresponse: https://en.wikipedia.org/w/api.php?action=opensearch&profile=fuzzy&limit=1&search=python%20execute%20SQL%20queries%20to%20retrieve%20project%20and%20construction%20data%20implementation%20example%20code 200[0m
[2m07:52:37[0m [[32m[1minfo     [0m] [1mresponse: https://search.yahoo.com/search;_ylt=zyyptbv6yDi3qoMF6lNZGBvw;_ylu=QJSf4RVxVbF-I2ngBxpJlwoj8UAHoJ31b63fB94YKsSLiqM?p=python+execute+SQL+queries+to+retrieve+project+and+construction+data+implementation+example+code 200[0m
[2m07:52:37[0m [[32m[1minfo     [0m] [1mGetting challenge status: id=a5126e6a-9689-4a5c-ae34-e96767004b2b[0m [36mreq[0m=[35m3c79c66f[0m
[2m07:52:37[0m [[32m[1minfo     [0m] [1mrequest_finished                        [0m [36mduration[0m=[35m0.039[0m [36mmethod[0m=[35mGET[0m [36mpath[0m=[35m/api/v1/challenges/a5126e6a-9689-4a5c-ae34-e96767004b2b[0m [36mreq[0m=[35m3c79c66f[0m [36mrequest_id[0m=[35m3c79c66f-06a6-46ca-800e-e24a6b95fce6[0m [36mstatus[0m=[35m200[0m
[2m07:52:38[0m [[32m[1minfo     [0m] [1mWeb search for 'python execute SQL queries to retrieve project and construct' returned 5 results[0m [36mreq[0m=[35mb2c98f7c[0m
[2m07:52:41[0m [[32m[1minfo     [0m] [1mSummarized 6 sources into 3039 chars    [0m [36mreq[0m=[35mb2c98f7c[0m
[2m07:52:41[0m [[32m[1minfo     [0m] [1mResearch complete for execute SQL queries to retrieve project and construction data: pip=[], examples=1[0m [36mreq[0m=[35mb2c98f7c[0m
[2m07:52:41[0m [[32m[1minfo     [0m] [1mResearch complete: 0 packages found     [0m [36mreq[0m=[35mb2c98f7c[0m
[2m07:52:44[0m [[32m[1minfo     [0m] [1mArchitecture complete: 2 test cases defined[0m [36mreq[0m=[35mb2c98f7c[0m
[2m07:52:44[0m [[32m[1minfo     [0m] [1mSession start: iteration=1/10, pip=0, apt=1[0m [36mreq[0m=[35mb2c98f7c[0m
[2m07:52:45[0m [[32m[1minfo     [0m] [1mSession container created: ead1862493a5 [0m [36mreq[0m=[35mb2c98f7c[0m
[2m07:52:45[0m [[32m[1minfo     [0m] [1mInstalling system packages: libpq-dev   [0m [36mreq[0m=[35mb2c98f7c[0m
[2m07:52:47[0m [[32m[1minfo     [0m] [1mGetting challenge status: id=a5126e6a-9689-4a5c-ae34-e96767004b2b[0m [36mreq[0m=[35me6aff4d5[0m
[2m07:52:47[0m [[32m[1minfo     [0m] [1mrequest_finished                        [0m [36mduration[0m=[35m0.005[0m [36mmethod[0m=[35mGET[0m [36mpath[0m=[35m/api/v1/challenges/a5126e6a-9689-4a5c-ae34-e96767004b2b[0m [36mreq[0m=[35me6aff4d5[0m [36mrequest_id[0m=[35me6aff4d5-fbb4-4a4f-9869-421ef897bf6d[0m [36mstatus[0m=[35m200[0m
[2m07:52:49[0m [[32m[1minfo     [0m] [1mSystem packages installed successfully: libpq-dev[0m [36mreq[0m=[35mb2c98f7c[0m
[2m07:52:49[0m [[32m[1minfo     [0m] [1mImplementation iteration 1/10           [0m [36mreq[0m=[35mb2c98f7c[0m
[2m07:52:51[0m [[32m[1minfo     [0m] [1mProaktiv erkannte neue Packages: ['psycopg2-binary'][0m [36mreq[0m=[35mb2c98f7c[0m
[2m07:52:56[0m [[32m[1minfo     [0m] [1mSession start: iteration=2/10, pip=1, apt=1[0m [36mreq[0m=[35mb2c98f7c[0m
[2m07:52:57[0m [[32m[1minfo     [0m] [1mSession container created: c00178ae15b2 [0m [36mreq[0m=[35mb2c98f7c[0m
[2m07:52:57[0m [[32m[1minfo     [0m] [1mInstalling system packages: libpq-dev   [0m [36mreq[0m=[35mb2c98f7c[0m
[2m07:52:57[0m [[32m[1minfo     [0m] [1mGetting challenge status: id=a5126e6a-9689-4a5c-ae34-e96767004b2b[0m [36mreq[0m=[35m0cf5128f[0m
[2m07:52:57[0m [[32m[1minfo     [0m] [1mrequest_finished                        [0m [36mduration[0m=[35m0.007[0m [36mmethod[0m=[35mGET[0m [36mpath[0m=[35m/api/v1/challenges/a5126e6a-9689-4a5c-ae34-e96767004b2b[0m [36mreq[0m=[35m0cf5128f[0m [36mrequest_id[0m=[35m0cf5128f-f5c0-4bcd-8391-382b9bee46ea[0m [36mstatus[0m=[35m200[0m
[2m07:53:02[0m [[32m[1minfo     [0m] [1mSystem packages installed successfully: libpq-dev[0m [36mreq[0m=[35mb2c98f7c[0m
[2m07:53:02[0m [[32m[1minfo     [0m] [1mInstalling pip packages: "psycopg2-binary"[0m [36mreq[0m=[35mb2c98f7c[0m
[2m07:53:03[0m [[32m[1minfo     [0m] [1mPip packages installed successfully     [0m [36mreq[0m=[35mb2c98f7c[0m
[2m07:53:03[0m [[32m[1minfo     [0m] [1mImplementation iteration 2/10           [0m [36mreq[0m=[35mb2c98f7c[0m
[2m07:53:03[0m [[32m[1minfo     [0m] [1mImplementation erfolgreich nach 2 Iterationen[0m [36mreq[0m=[35mb2c98f7c[0m
[2m07:53:07[0m [[32m[1minfo     [0m] [1mGetting challenge status: id=a5126e6a-9689-4a5c-ae34-e96767004b2b[0m [36mreq[0m=[35mf0671462[0m
[2m07:53:07[0m [[32m[1minfo     [0m] [1mrequest_finished                        [0m [36mduration[0m=[35m0.015[0m [36mmethod[0m=[35mGET[0m [36mpath[0m=[35m/api/v1/challenges/a5126e6a-9689-4a5c-ae34-e96767004b2b[0m [36mreq[0m=[35mf0671462[0m [36mrequest_id[0m=[35mf0671462-0321-435e-bbc4-abbdb7180b71[0m [36mstatus[0m=[35m200[0m
[2m07:53:08[0m [[32m[1minfo     [0m] [1mReview iteration 1/2                    [0m [36mreq[0m=[35mb2c98f7c[0m
[2m07:53:12[0m [[32m[1minfo     [0m] [1mStarting sandbox execution: pip=['psycopg2-binary'], apt=['libpq-dev'], input_files=[][0m [36mreq[0m=[35mb2c98f7c[0m
[2m07:53:12[0m [[32m[1minfo     [0m] [1mInstalling system packages: libpq-dev   [0m [36mreq[0m=[35mb2c98f7c[0m
[2m07:53:17[0m [[32m[1minfo     [0m] [1mGetting challenge status: id=a5126e6a-9689-4a5c-ae34-e96767004b2b[0m [36mreq[0m=[35m9ce8c59d[0m
[2m07:53:17[0m [[32m[1minfo     [0m] [1mrequest_finished                        [0m [36mduration[0m=[35m0.012[0m [36mmethod[0m=[35mGET[0m [36mpath[0m=[35m/api/v1/challenges/a5126e6a-9689-4a5c-ae34-e96767004b2b[0m [36mreq[0m=[35m9ce8c59d[0m [36mrequest_id[0m=[35m9ce8c59d-cc12-4580-922c-d9bdd012147c[0m [36mstatus[0m=[35m200[0m
[2m07:53:18[0m [[32m[1minfo     [0m] [1mSystem packages installed successfully: libpq-dev[0m [36mreq[0m=[35mb2c98f7c[0m
[2m07:53:18[0m [[32m[1minfo     [0m] [1mInstalling pip packages: "psycopg2-binary"[0m [36mreq[0m=[35mb2c98f7c[0m
[2m07:53:19[0m [[32m[1minfo     [0m] [1mPip packages installed successfully     [0m [36mreq[0m=[35mb2c98f7c[0m
[2m07:53:19[0m [[32m[1minfo     [0m] [1mSandbox execution complete: success=True, time=7142ms, cached=False[0m [36mreq[0m=[35mb2c98f7c[0m
[2m07:53:25[0m [[32m[1minfo     [0m] [1mReview iteration 2/2                    [0m [36mreq[0m=[35mb2c98f7c[0m
[2m07:53:27[0m [[32m[1minfo     [0m] [1mGetting challenge status: id=a5126e6a-9689-4a5c-ae34-e96767004b2b[0m [36mreq[0m=[35mf96c1051[0m
[2m07:53:27[0m [[32m[1minfo     [0m] [1mrequest_finished                        [0m [36mduration[0m=[35m0.018[0m [36mmethod[0m=[35mGET[0m [36mpath[0m=[35m/api/v1/challenges/a5126e6a-9689-4a5c-ae34-e96767004b2b[0m [36mreq[0m=[35mf96c1051[0m [36mrequest_id[0m=[35mf96c1051-aaa1-4b80-9a35-c60efdb35ef7[0m [36mstatus[0m=[35m200[0m
[2m07:53:27[0m [[33m[1mwarning  [0m] [1mReview-Iterationen erschöpft, akzeptiere pre-review Code[0m [36mreq[0m=[35mb2c98f7c[0m
[2m07:53:27[0m [[32m[1minfo     [0m] [1mStarting sandbox execution: pip=['psycopg2-binary'], apt=['libpq-dev'], input_files=[][0m [36mreq[0m=[35mb2c98f7c[0m
[2m07:53:28[0m [[32m[1minfo     [0m] [1mInstalling system packages: libpq-dev   [0m [36mreq[0m=[35mb2c98f7c[0m
[2m07:53:32[0m [[32m[1minfo     [0m] [1mSystem packages installed successfully: libpq-dev[0m [36mreq[0m=[35mb2c98f7c[0m
[2m07:53:32[0m [[32m[1minfo     [0m] [1mInstalling pip packages: "psycopg2-binary"[0m [36mreq[0m=[35mb2c98f7c[0m
[2m07:53:33[0m [[32m[1minfo     [0m] [1mPip packages installed successfully     [0m [36mreq[0m=[35mb2c98f7c[0m
[2m07:53:34[0m [[32m[1minfo     [0m] [1mSandbox execution complete: success=True, time=6128ms, cached=False[0m [36mreq[0m=[35mb2c98f7c[0m
[2m07:53:38[0m [[32m[1minfo     [0m] [1mGetting challenge status: id=a5126e6a-9689-4a5c-ae34-e96767004b2b[0m [36mreq[0m=[35m93a1ff6d[0m
[2m07:53:38[0m [[32m[1minfo     [0m] [1mrequest_finished                        [0m [36mduration[0m=[35m0.023[0m [36mmethod[0m=[35mGET[0m [36mpath[0m=[35m/api/v1/challenges/a5126e6a-9689-4a5c-ae34-e96767004b2b[0m [36mreq[0m=[35m93a1ff6d[0m [36mrequest_id[0m=[35m93a1ff6d-5c2e-43a5-8ed4-17e26a1ef6a9[0m [36mstatus[0m=[35m200[0m
[2m07:53:39[0m [[32m[1minfo     [0m] [1mCreated new skill: 168d9551-8a1c-4aeb-9868-5c46778932d1[0m [36mreq[0m=[35mb2c98f7c[0m
[2m07:53:39[0m [[32m[1minfo     [0m] [1mRecorded build attempt: capability=execute SQL queries to retrieve project and construction data, success=True, error_type=None[0m [36mreq[0m=[35mb2c98f7c[0m
[2m07:53:39[0m [[32m[1minfo     [0m] [1mSkill development complete: skill_execute_sql_queries_to_retrieve_project_and_construction_data in 62568ms[0m [36mreq[0m=[35mb2c98f7c[0m
[2m07:53:39[0m [[32m[1minfo     [0m] [1mSkill Team built skill: skill_execute_sql_queries_to_retrieve_project_and_construction_data, duration=62.6s[0m [36mreq[0m=[35mb2c98f7c[0m
[2m07:53:39[0m [[32m[1minfo     [0m] [1mAgent 'transcript_analyzer' already has capability 'execute SQL queries to retrieve project and construction data'[0m [36mreq[0m=[35mb2c98f7c[0m
[2m07:53:39[0m [[32m[1minfo     [0m] [1mCreated skill binding: skill=168d9551..., agent=75fb97b8..., capability='execute SQL queries to retrieve project and construction data'[0m [36mreq[0m=[35mb2c98f7c[0m
[2m07:53:39[0m [[32m[1minfo     [0m] [1mInjecting skill 168d9551... with plan: target_agent=2c860d4d..., rationale=The context_retriever is the ideal agent for fetching structured data from external databases to provide the necessary context for reports and analysis.[0m [36mreq[0m=[35mb2c98f7c[0m
[2m07:53:39[0m [[32m[1minfo     [0m] [1mCreated skill binding: skill=168d9551... -> agent=2c860d4d...[0m [36mreq[0m=[35mb2c98f7c[0m
[2m07:53:39[0m [[32m[1minfo     [0m] [1mLoading topology from database...       [0m [36mreq[0m=[35mb2c98f7c[0m
[2m07:53:39[0m [[32m[1minfo     [0m] [1mMapped 2 skill entries to 2 capabilities[0m [36mreq[0m=[35mb2c98f7c[0m
[2m07:53:39[0m [[32m[1minfo     [0m] [1mTopology validated: 11 agents in 5 waves[0m [36mreq[0m=[35mb2c98f7c[0m
[2m07:53:39[0m [[32m[1minfo     [0m] [1mLoaded 2 skills for topology            [0m [36mreq[0m=[35mb2c98f7c[0m
[2m07:53:39[0m [[32m[1minfo     [0m] [1mTopology loaded: 11 agents, 5 waves     [0m [36mreq[0m=[35mb2c98f7c[0m
[2m07:53:39[0m [[32m[1minfo     [0m] [1mPlan-based injection complete: skill=168d9551... -> agent=context_retriever[0m [36mreq[0m=[35mb2c98f7c[0m
[2m07:53:39[0m [[32m[1minfo     [0m] [1mRecorded build attempt: capability=execute SQL queries to retrieve project and construction data, success=True, error_type=None[0m [36mreq[0m=[35mb2c98f7c[0m
[2m07:53:39[0m [[32m[1minfo     [0m] [1mGap completed: cdb0e0e2... -> skill/168d9551...[0m [36mreq[0m=[35mb2c98f7c[0m
[2m07:53:39[0m [[32m[1minfo     [0m] [1mProcessing gap: 330b0ea9... type=missing_skill, capability=analyze database schema and table relationships, severity=critical[0m [36mreq[0m=[35mb2c98f7c[0m
[2m07:53:39[0m [[32m[1minfo     [0m] [1mStrategy proposed for analyze database schema and table relationships: direct (confidence=0.5)[0m [36mreq[0m=[35mb2c98f7c[0m
[2m07:53:39[0m [[32m[1minfo     [0m] [1mBuilding capability: gap_type=missing_skill, severity=critical, attempt=1, approach=direct[0m [36mreq[0m=[35mb2c98f7c[0m
[2m07:53:39[0m [[32m[1minfo     [0m] [1mUsing Skill Team for capability: analyze database schema and table relationships[0m [36mreq[0m=[35mb2c98f7c[0m
[2m07:53:39[0m [[32m[1minfo     [0m] [1mStarting team-based skill development for: analyze database schema and table relationships[0m [36mreq[0m=[35mb2c98f7c[0m
[2m07:53:39[0m [[32m[1minfo     [0m] [1mResearching capability: analyze database schema and table relationships[0m [36mreq[0m=[35mb2c98f7c[0m
[2m07:53:39[0m [[32m[1minfo     [0m] [1mresponse: https://en.wikipedia.org/w/api.php?action=opensearch&profile=fuzzy&limit=1&search=python%20analyze%20database%20schema%20and%20table%20relationships%20implementation%20example%20code 200[0m
[2m07:53:40[0m [[32m[1minfo     [0m] [1mresponse: https://grokipedia.com/api/typeahead?query=python+analyze+database+schema+and+table+relationships+implementation+example+code&limit=1 200[0m
[2m07:53:40[0m [[32m[1minfo     [0m] [1mresponse: https://html.duckduckgo.com/html/ 202[0m
[2m07:53:40[0m [[32m[1minfo     [0m] [1mresponse: https://www.google.com/search?q=python+analyze+database+schema+and+table+relationships+implementation+example+code&filter=1&start=0&hl=en-US&lr=lang_en&cr=countryUS 200[0m
[2m07:53:40[0m [[32m[1minfo     [0m] [1mresponse: https://search.yahoo.com/search;_ylt=QNNQTPwDjJ3M03gU8JGCzy7x;_ylu=ycs5JPaW--gnm7HiJbodgCtgYKPjrKrDf6iCg0JpGpZIn-U?p=python+analyze+database+schema+and+table+relationships+implementation+example+code 200[0m
[2m07:53:42[0m [[32m[1minfo     [0m] [1mresponse: https://www.mojeek.com/search?q=python+analyze+database+schema+and+table+relationships+implementation+example+code 200[0m
[2m07:53:42[0m [[32m[1minfo     [0m] [1mWeb search for 'python analyze database schema and table relationships imple' returned 5 results[0m [36mreq[0m=[35mb2c98f7c[0m
[2m07:53:48[0m [[32m[1minfo     [0m] [1mGetting challenge status: id=a5126e6a-9689-4a5c-ae34-e96767004b2b[0m [36mreq[0m=[35m29a43e91[0m
[2m07:53:48[0m [[32m[1minfo     [0m] [1mrequest_finished                        [0m [36mduration[0m=[35m0.02[0m [36mmethod[0m=[35mGET[0m [36mpath[0m=[35m/api/v1/challenges/a5126e6a-9689-4a5c-ae34-e96767004b2b[0m [36mreq[0m=[35m29a43e91[0m [36mrequest_id[0m=[35m29a43e91-642c-4ea8-b024-0992cd3e1337[0m [36mstatus[0m=[35m200[0m
[2m07:53:50[0m [[32m[1minfo     [0m] [1mSummarized 5 sources into 3210 chars    [0m [36mreq[0m=[35mb2c98f7c[0m
[2m07:53:50[0m [[32m[1minfo     [0m] [1mResearch complete for analyze database schema and table relationships: pip=['psycopg2-binary'], examples=1[0m [36mreq[0m=[35mb2c98f7c[0m
[2m07:53:50[0m [[32m[1minfo     [0m] [1mResearch complete: 1 packages found     [0m [36mreq[0m=[35mb2c98f7c[0m
[2m07:53:53[0m [[32m[1minfo     [0m] [1mArchitecture complete: 2 test cases defined[0m [36mreq[0m=[35mb2c98f7c[0m
[2m07:53:53[0m [[32m[1minfo     [0m] [1mSession start: iteration=1/10, pip=1, apt=0[0m [36mreq[0m=[35mb2c98f7c[0m
[2m07:53:53[0m [[32m[1minfo     [0m] [1mSession container created: 3fea2fda689f [0m [36mreq[0m=[35mb2c98f7c[0m
[2m07:53:53[0m [[32m[1minfo     [0m] [1mInstalling pip packages: "psycopg2-binary"[0m [36mreq[0m=[35mb2c98f7c[0m
[2m07:53:54[0m [[32m[1minfo     [0m] [1mPip packages installed successfully     [0m [36mreq[0m=[35mb2c98f7c[0m
[2m07:53:54[0m [[32m[1minfo     [0m] [1mImplementation iteration 1/10           [0m [36mreq[0m=[35mb2c98f7c[0m
[2m07:53:57[0m [[32m[1minfo     [0m] [1mProaktiv erkannte neue Packages: ['sqlalchemy'][0m [36mreq[0m=[35mb2c98f7c[0m
[2m07:53:58[0m [[32m[1minfo     [0m] [1mGetting challenge status: id=a5126e6a-9689-4a5c-ae34-e96767004b2b[0m [36mreq[0m=[35m221f6df7[0m
[2m07:53:58[0m [[32m[1minfo     [0m] [1mrequest_finished                        [0m [36mduration[0m=[35m0.011[0m [36mmethod[0m=[35mGET[0m [36mpath[0m=[35m/api/v1/challenges/a5126e6a-9689-4a5c-ae34-e96767004b2b[0m [36mreq[0m=[35m221f6df7[0m [36mrequest_id[0m=[35m221f6df7-8313-4824-b14c-02c25cfb7034[0m [36mstatus[0m=[35m200[0m
[2m07:54:02[0m [[32m[1minfo     [0m] [1mSession start: iteration=2/10, pip=2, apt=0[0m [36mreq[0m=[35mb2c98f7c[0m
[2m07:54:02[0m [[32m[1minfo     [0m] [1mSession container created: ecd888b59e7c [0m [36mreq[0m=[35mb2c98f7c[0m
[2m07:54:02[0m [[32m[1minfo     [0m] [1mInstalling pip packages: "psycopg2-binary" "sqlalchemy"[0m [36mreq[0m=[35mb2c98f7c[0m
[2m07:54:05[0m [[32m[1minfo     [0m] [1mPip packages installed successfully     [0m [36mreq[0m=[35mb2c98f7c[0m
[2m07:54:05[0m [[32m[1minfo     [0m] [1mImplementation iteration 2/10           [0m [36mreq[0m=[35mb2c98f7c[0m
[2m07:54:05[0m [[32m[1minfo     [0m] [1mImplementation erfolgreich nach 2 Iterationen[0m [36mreq[0m=[35mb2c98f7c[0m
[2m07:54:08[0m [[32m[1minfo     [0m] [1mGetting challenge status: id=a5126e6a-9689-4a5c-ae34-e96767004b2b[0m [36mreq[0m=[35m336fada5[0m
[2m07:54:08[0m [[32m[1minfo     [0m] [1mrequest_finished                        [0m [36mduration[0m=[35m0.011[0m [36mmethod[0m=[35mGET[0m [36mpath[0m=[35m/api/v1/challenges/a5126e6a-9689-4a5c-ae34-e96767004b2b[0m [36mreq[0m=[35m336fada5[0m [36mrequest_id[0m=[35m336fada5-d6c8-4d0e-91da-0d39461de934[0m [36mstatus[0m=[35m200[0m
[2m07:54:11[0m [[32m[1minfo     [0m] [1mReview iteration 1/2                    [0m [36mreq[0m=[35mb2c98f7c[0m
[2m07:54:16[0m [[32m[1minfo     [0m] [1mStarting sandbox execution: pip=['psycopg2-binary', 'sqlalchemy'], apt=[], input_files=[][0m [36mreq[0m=[35mb2c98f7c[0m
[2m07:54:16[0m [[32m[1minfo     [0m] [1mInstalling pip packages: "psycopg2-binary" "sqlalchemy"[0m [36mreq[0m=[35mb2c98f7c[0m
[2m07:54:18[0m [[32m[1minfo     [0m] [1mGetting challenge status: id=a5126e6a-9689-4a5c-ae34-e96767004b2b[0m [36mreq[0m=[35m60e64155[0m
[2m07:54:18[0m [[32m[1minfo     [0m] [1mrequest_finished                        [0m [36mduration[0m=[35m0.01[0m [36mmethod[0m=[35mGET[0m [36mpath[0m=[35m/api/v1/challenges/a5126e6a-9689-4a5c-ae34-e96767004b2b[0m [36mreq[0m=[35m60e64155[0m [36mrequest_id[0m=[35m60e64155-6b40-4ae1-8122-c4508a0762fb[0m [36mstatus[0m=[35m200[0m
[2m07:54:19[0m [[32m[1minfo     [0m] [1mPip packages installed successfully     [0m [36mreq[0m=[35mb2c98f7c[0m
[2m07:54:19[0m [[32m[1minfo     [0m] [1mSandbox execution complete: success=True, time=3211ms, cached=False[0m [36mreq[0m=[35mb2c98f7c[0m
[2m07:54:24[0m [[32m[1minfo     [0m] [1mReview iteration 2/2                    [0m [36mreq[0m=[35mb2c98f7c[0m
[2m07:54:27[0m [[32m[1minfo     [0m] [1mStarting sandbox execution: pip=['psycopg2-binary', 'sqlalchemy'], apt=[], input_files=[][0m [36mreq[0m=[35mb2c98f7c[0m
[2m07:54:27[0m [[32m[1minfo     [0m] [1mInstalling pip packages: "psycopg2-binary" "sqlalchemy"[0m [36mreq[0m=[35mb2c98f7c[0m
[2m07:54:28[0m [[32m[1minfo     [0m] [1mGetting challenge status: id=a5126e6a-9689-4a5c-ae34-e96767004b2b[0m [36mreq[0m=[35mbf8d9555[0m
[2m07:54:28[0m [[32m[1minfo     [0m] [1mrequest_finished                        [0m [36mduration[0m=[35m0.006[0m [36mmethod[0m=[35mGET[0m [36mpath[0m=[35m/api/v1/challenges/a5126e6a-9689-4a5c-ae34-e96767004b2b[0m [36mreq[0m=[35mbf8d9555[0m [36mrequest_id[0m=[35mbf8d9555-8a5e-4472-8236-12106a9b0f55[0m [36mstatus[0m=[35m200[0m
[2m07:54:30[0m [[32m[1minfo     [0m] [1mPip packages installed successfully     [0m [36mreq[0m=[35mb2c98f7c[0m
[2m07:54:30[0m [[32m[1minfo     [0m] [1mSandbox execution complete: success=True, time=3335ms, cached=False[0m [36mreq[0m=[35mb2c98f7c[0m
[2m07:54:35[0m [[32m[1minfo     [0m] [1mCreated new skill: eb88b186-ddf6-4ca8-9ab9-5f188d2af86c[0m [36mreq[0m=[35mb2c98f7c[0m
[2m07:54:35[0m [[32m[1minfo     [0m] [1mRecorded build attempt: capability=analyze database schema and table relationships, success=True, error_type=None[0m [36mreq[0m=[35mb2c98f7c[0m
[2m07:54:35[0m [[32m[1minfo     [0m] [1mSkill development complete: skill_analyze_database_schema_and_table_relationships in 56246ms[0m [36mreq[0m=[35mb2c98f7c[0m
[2m07:54:35[0m [[32m[1minfo     [0m] [1mSkill Team built skill: skill_analyze_database_schema_and_table_relationships, duration=56.3s[0m [36mreq[0m=[35mb2c98f7c[0m
[2m07:54:35[0m [[32m[1minfo     [0m] [1mAgent 'transcript_analyzer' already has capability 'analyze database schema and table relationships'[0m [36mreq[0m=[35mb2c98f7c[0m
[2m07:54:35[0m [[32m[1minfo     [0m] [1mCreated skill binding: skill=eb88b186..., agent=75fb97b8..., capability='analyze database schema and table relationships'[0m [36mreq[0m=[35mb2c98f7c[0m
[2m07:54:35[0m [[32m[1minfo     [0m] [1mInjecting skill eb88b186... with plan: target_agent=2c860d4d..., rationale=The context_retriever is the ideal agent for extracting and structuring metadata from external systems (databases) to provide the necessary context for subsequent report generation.[0m [36mreq[0m=[35mb2c98f7c[0m
[2m07:54:35[0m [[32m[1minfo     [0m] [1mCreated skill binding: skill=eb88b186... -> agent=2c860d4d...[0m [36mreq[0m=[35mb2c98f7c[0m
[2m07:54:36[0m [[32m[1minfo     [0m] [1mLoading topology from database...       [0m [36mreq[0m=[35mb2c98f7c[0m
[2m07:54:36[0m [[32m[1minfo     [0m] [1mMapped 3 skill entries to 3 capabilities[0m [36mreq[0m=[35mb2c98f7c[0m
[2m07:54:36[0m [[32m[1minfo     [0m] [1mTopology validated: 11 agents in 5 waves[0m [36mreq[0m=[35mb2c98f7c[0m
[2m07:54:36[0m [[32m[1minfo     [0m] [1mLoaded 3 skills for topology            [0m [36mreq[0m=[35mb2c98f7c[0m
[2m07:54:36[0m [[32m[1minfo     [0m] [1mTopology loaded: 11 agents, 5 waves     [0m [36mreq[0m=[35mb2c98f7c[0m
[2m07:54:36[0m [[32m[1minfo     [0m] [1mPlan-based injection complete: skill=eb88b186... -> agent=context_retriever[0m [36mreq[0m=[35mb2c98f7c[0m
[2m07:54:36[0m [[32m[1minfo     [0m] [1mRecorded build attempt: capability=analyze database schema and table relationships, success=True, error_type=None[0m [36mreq[0m=[35mb2c98f7c[0m
[2m07:54:36[0m [[32m[1minfo     [0m] [1mGap completed: 330b0ea9... -> skill/eb88b186...[0m [36mreq[0m=[35mb2c98f7c[0m
[2m07:54:36[0m [[32m[1minfo     [0m] [1mProcessing gap: cbb276b3... type=missing_skill, capability=calculate construction progress, budget variances, and defect statistics, severity=critical[0m [36mreq[0m=[35mb2c98f7c[0m
[2m07:54:36[0m [[32m[1minfo     [0m] [1mStrategy proposed for calculate construction progress, budget variances, and defect statistics: direct (confidence=0.5)[0m [36mreq[0m=[35mb2c98f7c[0m
[2m07:54:36[0m [[32m[1minfo     [0m] [1mBuilding capability: gap_type=missing_skill, severity=critical, attempt=1, approach=direct[0m [36mreq[0m=[35mb2c98f7c[0m
[2m07:54:36[0m [[32m[1minfo     [0m] [1mUsing Skill Team for capability: calculate construction progress, budget variances, and defect statistics[0m [36mreq[0m=[35mb2c98f7c[0m
[2m07:54:36[0m [[32m[1minfo     [0m] [1mStarting team-based skill development for: calculate construction progress, budget variances, and defect statistics[0m [36mreq[0m=[35mb2c98f7c[0m
[2m07:54:36[0m [[32m[1minfo     [0m] [1mResearching capability: calculate construction progress, budget variances, and defect statistics[0m [36mreq[0m=[35mb2c98f7c[0m
[2m07:54:36[0m [[32m[1minfo     [0m] [1mresponse: https://en.wikipedia.org/w/api.php?action=opensearch&profile=fuzzy&limit=1&search=python%20calculate%20construction%20progress%2C%20budget%20variances%2C%20and%20defect%20statistics%20implementation%20example%20code 200[0m
[2m07:54:36[0m [[32m[1minfo     [0m] [1mresponse: https://grokipedia.com/api/typeahead?query=python+calculate+construction+progress%2C+budget+variances%2C+and+defect+statistics+implementation+example+code&limit=1 200[0m
[2m07:54:36[0m [[32m[1minfo     [0m] [1mresponse: https://html.duckduckgo.com/html/ 202[0m
[2m07:54:37[0m [[32m[1minfo     [0m] [1mresponse: https://yandex.com/search/site/?text=python+calculate+construction+progress%2C+budget+variances%2C+and+defect+statistics+implementation+example+code&web=1&searchid=5933738 200[0m
[2m07:54:37[0m [[32m[1minfo     [0m] [1mWeb search for 'python calculate construction progress, budget variances, an' returned 5 results[0m [36mreq[0m=[35mb2c98f7c[0m
[2m07:54:38[0m [[32m[1minfo     [0m] [1mGetting challenge status: id=a5126e6a-9689-4a5c-ae34-e96767004b2b[0m [36mreq[0m=[35m900372ae[0m
[2m07:54:38[0m [[32m[1minfo     [0m] [1mrequest_finished                        [0m [36mduration[0m=[35m0.008[0m [36mmethod[0m=[35mGET[0m [36mpath[0m=[35m/api/v1/challenges/a5126e6a-9689-4a5c-ae34-e96767004b2b[0m [36mreq[0m=[35m900372ae[0m [36mrequest_id[0m=[35m900372ae-0fff-4b62-9199-b0f2b0a562db[0m [36mstatus[0m=[35m200[0m
[2m07:54:41[0m [[32m[1minfo     [0m] [1mSummarized 5 sources into 2721 chars    [0m [36mreq[0m=[35mb2c98f7c[0m
[2m07:54:41[0m [[32m[1minfo     [0m] [1mResearch complete for calculate construction progress, budget variances, and defect statistics: pip=[], examples=1[0m [36mreq[0m=[35mb2c98f7c[0m
[2m07:54:41[0m [[32m[1minfo     [0m] [1mResearch complete: 0 packages found     [0m [36mreq[0m=[35mb2c98f7c[0m
[2m07:54:44[0m [[33m[1mwarning  [0m] [1mFailed to parse architecture: Expecting value: line 58 column 41 (char 1990)[0m [36mreq[0m=[35mb2c98f7c[0m
[2m07:54:44[0m [[32m[1minfo     [0m] [1mArchitecture complete: 1 test cases defined[0m [36mreq[0m=[35mb2c98f7c[0m
[2m07:54:44[0m [[32m[1minfo     [0m] [1mSession start: iteration=1/10, pip=0, apt=0[0m [36mreq[0m=[35mb2c98f7c[0m
[2m07:54:44[0m [[32m[1minfo     [0m] [1mSession container created: c9309057e459 [0m [36mreq[0m=[35mb2c98f7c[0m
[2m07:54:44[0m [[32m[1minfo     [0m] [1mImplementation iteration 1/10           [0m [36mreq[0m=[35mb2c98f7c[0m
[2m07:54:47[0m [[32m[1minfo     [0m] [1mImplementation erfolgreich nach 1 Iterationen[0m [36mreq[0m=[35mb2c98f7c[0m
[2m07:54:48[0m [[32m[1minfo     [0m] [1mGetting challenge status: id=a5126e6a-9689-4a5c-ae34-e96767004b2b[0m [36mreq[0m=[35me28511e0[0m
[2m07:54:48[0m [[32m[1minfo     [0m] [1mrequest_finished                        [0m [36mduration[0m=[35m0.008[0m [36mmethod[0m=[35mGET[0m [36mpath[0m=[35m/api/v1/challenges/a5126e6a-9689-4a5c-ae34-e96767004b2b[0m [36mreq[0m=[35me28511e0[0m [36mrequest_id[0m=[35me28511e0-3ceb-499c-9944-4d69a34bcf2d[0m [36mstatus[0m=[35m200[0m
[2m07:54:52[0m [[32m[1minfo     [0m] [1mReview iteration 1/2                    [0m [36mreq[0m=[35mb2c98f7c[0m
[2m07:54:54[0m [[32m[1minfo     [0m] [1mStarting sandbox execution: pip=[], apt=[], input_files=[][0m [36mreq[0m=[35mb2c98f7c[0m
[2m07:54:55[0m [[32m[1minfo     [0m] [1mSandbox execution complete: success=True, time=430ms, cached=False[0m [36mreq[0m=[35mb2c98f7c[0m
[2m07:54:58[0m [[32m[1minfo     [0m] [1mGetting challenge status: id=a5126e6a-9689-4a5c-ae34-e96767004b2b[0m [36mreq[0m=[35m096df5cf[0m
[2m07:54:58[0m [[32m[1minfo     [0m] [1mrequest_finished                        [0m [36mduration[0m=[35m0.016[0m [36mmethod[0m=[35mGET[0m [36mpath[0m=[35m/api/v1/challenges/a5126e6a-9689-4a5c-ae34-e96767004b2b[0m [36mreq[0m=[35m096df5cf[0m [36mrequest_id[0m=[35m096df5cf-d974-4937-9210-1eed9a554826[0m [36mstatus[0m=[35m200[0m
[2m07:55:00[0m [[32m[1minfo     [0m] [1mCreated new skill: 5aa63f5c-ff38-4de0-8ec9-6fb9016d462b[0m [36mreq[0m=[35mb2c98f7c[0m
[2m07:55:00[0m [[32m[1minfo     [0m] [1mRecorded build attempt: capability=calculate construction progress, budget variances, and defect statistics, success=True, error_type=None[0m [36mreq[0m=[35mb2c98f7c[0m
[2m07:55:00[0m [[32m[1minfo     [0m] [1mSkill development complete: skill_calculate_construction_progress,_budget_variances,_and_defect_statistics in 24059ms[0m [36mreq[0m=[35mb2c98f7c[0m
[2m07:55:00[0m [[32m[1minfo     [0m] [1mSkill Team built skill: skill_calculate_construction_progress,_budget_variances,_and_defect_statistics, duration=24.1s[0m [36mreq[0m=[35mb2c98f7c[0m
[2m07:55:00[0m [[32m[1minfo     [0m] [1mAgent 'transcript_analyzer' already has capability 'calculate construction progress, budget variances, and defect statistics'[0m [36mreq[0m=[35mb2c98f7c[0m
[2m07:55:00[0m [[32m[1minfo     [0m] [1mCreated skill binding: skill=5aa63f5c..., agent=75fb97b8..., capability='calculate construction progress, budget variances, and defect statistics'[0m [36mreq[0m=[35mb2c98f7c[0m
[2m07:55:00[0m [[32m[1minfo     [0m] [1mInjecting capability: type=skill, id=5aa63f5c...[0m [36mreq[0m=[35mb2c98f7c[0m
[2m07:55:00[0m [[32m[1minfo     [0m] [1mLoading topology from database...       [0m [36mreq[0m=[35mb2c98f7c[0m
[2m07:55:00[0m [[32m[1minfo     [0m] [1mMapped 4 skill entries to 4 capabilities[0m [36mreq[0m=[35mb2c98f7c[0m
[2m07:55:00[0m [[32m[1minfo     [0m] [1mTopology validated: 11 agents in 5 waves[0m [36mreq[0m=[35mb2c98f7c[0m
[2m07:55:00[0m [[32m[1minfo     [0m] [1mLoaded 4 skills for topology            [0m [36mreq[0m=[35mb2c98f7c[0m
[2m07:55:00[0m [[32m[1minfo     [0m] [1mTopology loaded: 11 agents, 5 waves     [0m [36mreq[0m=[35mb2c98f7c[0m
[2m07:55:00[0m [[32m[1minfo     [0m] [1mCapability injected successfully: skill/5aa63f5c...[0m [36mreq[0m=[35mb2c98f7c[0m
[2m07:55:00[0m [[32m[1minfo     [0m] [1mRecorded build attempt: capability=calculate construction progress, budget variances, and defect statistics, success=True, error_type=None[0m [36mreq[0m=[35mb2c98f7c[0m
[2m07:55:00[0m [[32m[1minfo     [0m] [1mGap completed: cbb276b3... -> skill/5aa63f5c...[0m [36mreq[0m=[35mb2c98f7c[0m
[2m07:55:00[0m [[32m[1minfo     [0m] [1mProcessing gap: 61fd3463... type=missing_skill, capability=write a comprehensive construction progress report, severity=critical[0m [36mreq[0m=[35mb2c98f7c[0m
[2m07:55:00[0m [[32m[1minfo     [0m] [1mStrategy proposed for write a comprehensive construction progress report: direct (confidence=0.5)[0m [36mreq[0m=[35mb2c98f7c[0m
[2m07:55:00[0m [[32m[1minfo     [0m] [1mBuilding capability: gap_type=missing_skill, severity=critical, attempt=1, approach=direct[0m [36mreq[0m=[35mb2c98f7c[0m
[2m07:55:00[0m [[32m[1minfo     [0m] [1mUsing Skill Team for capability: write a comprehensive construction progress report[0m [36mreq[0m=[35mb2c98f7c[0m
[2m07:55:00[0m [[32m[1minfo     [0m] [1mStarting team-based skill development for: write a comprehensive construction progress report[0m [36mreq[0m=[35mb2c98f7c[0m
[2m07:55:00[0m [[32m[1minfo     [0m] [1mResearching capability: write a comprehensive construction progress report[0m [36mreq[0m=[35mb2c98f7c[0m
[2m07:55:00[0m [[32m[1minfo     [0m] [1mresponse: https://en.wikipedia.org/w/api.php?action=opensearch&profile=fuzzy&limit=1&search=python%20write%20a%20comprehensive%20construction%20progress%20report%20implementation%20example%20code 200[0m
[2m07:55:00[0m [[32m[1minfo     [0m] [1mresponse: https://grokipedia.com/api/typeahead?query=python+write+a+comprehensive+construction+progress+report+implementation+example+code&limit=1 200[0m
[2m07:55:01[0m [[32m[1minfo     [0m] [1mresponse: https://www.mojeek.com/search?q=python+write+a+comprehensive+construction+progress+report+implementation+example+code 200[0m
[2m07:55:01[0m [[32m[1minfo     [0m] [1mWeb search for 'python write a comprehensive construction progress report im' returned 5 results[0m [36mreq[0m=[35mb2c98f7c[0m
[2m07:55:08[0m [[32m[1minfo     [0m] [1mGetting challenge status: id=a5126e6a-9689-4a5c-ae34-e96767004b2b[0m [36mreq[0m=[35mf91d4daf[0m
[2m07:55:08[0m [[32m[1minfo     [0m] [1mrequest_finished                        [0m [36mduration[0m=[35m0.009[0m [36mmethod[0m=[35mGET[0m [36mpath[0m=[35m/api/v1/challenges/a5126e6a-9689-4a5c-ae34-e96767004b2b[0m [36mreq[0m=[35mf91d4daf[0m [36mrequest_id[0m=[35mf91d4daf-d71c-48e9-9ec8-f79bc5f74891[0m [36mstatus[0m=[35m200[0m
[2m07:55:08[0m [[32m[1minfo     [0m] [1mSummarized 6 sources into 2963 chars    [0m [36mreq[0m=[35mb2c98f7c[0m
[2m07:55:08[0m [[32m[1minfo     [0m] [1mResearch complete for write a comprehensive construction progress report: pip=[], examples=1[0m [36mreq[0m=[35mb2c98f7c[0m
[2m07:55:08[0m [[32m[1minfo     [0m] [1mResearch complete: 0 packages found     [0m [36mreq[0m=[35mb2c98f7c[0m
[2m07:55:11[0m [[32m[1minfo     [0m] [1mArchitecture complete: 1 test cases defined[0m [36mreq[0m=[35mb2c98f7c[0m
[2m07:55:11[0m [[32m[1minfo     [0m] [1mSession start: iteration=1/10, pip=0, apt=1[0m [36mreq[0m=[35mb2c98f7c[0m
[2m07:55:11[0m [[32m[1minfo     [0m] [1mSession container created: a6f7b36e238f [0m [36mreq[0m=[35mb2c98f7c[0m
[2m07:55:11[0m [[32m[1minfo     [0m] [1mInstalling system packages: libpq-dev   [0m [36mreq[0m=[35mb2c98f7c[0m
[2m07:55:16[0m [[32m[1minfo     [0m] [1mSystem packages installed successfully: libpq-dev[0m [36mreq[0m=[35mb2c98f7c[0m
[2m07:55:16[0m [[32m[1minfo     [0m] [1mImplementation iteration 1/10           [0m [36mreq[0m=[35mb2c98f7c[0m
[2m07:55:18[0m [[32m[1minfo     [0m] [1mGetting challenge status: id=a5126e6a-9689-4a5c-ae34-e96767004b2b[0m [36mreq[0m=[35md02d0a7a[0m
[2m07:55:18[0m [[32m[1minfo     [0m] [1mrequest_finished                        [0m [36mduration[0m=[35m0.014[0m [36mmethod[0m=[35mGET[0m [36mpath[0m=[35m/api/v1/challenges/a5126e6a-9689-4a5c-ae34-e96767004b2b[0m [36mreq[0m=[35md02d0a7a[0m [36mrequest_id[0m=[35md02d0a7a-e498-4a5c-b86e-b19bbf81f9b9[0m [36mstatus[0m=[35m200[0m
[2m07:55:18[0m [[32m[1minfo     [0m] [1mProaktiv erkannte neue Packages: ['sqlalchemy', 'openai'][0m [36mreq[0m=[35mb2c98f7c[0m
[2m07:55:24[0m [[32m[1minfo     [0m] [1mSession start: iteration=2/10, pip=2, apt=1[0m [36mreq[0m=[35mb2c98f7c[0m
[2m07:55:24[0m [[32m[1minfo     [0m] [1mSession container created: 0a2077362d2b [0m [36mreq[0m=[35mb2c98f7c[0m
[2m07:55:24[0m [[32m[1minfo     [0m] [1mInstalling system packages: libpq-dev   [0m [36mreq[0m=[35mb2c98f7c[0m
[2m07:55:28[0m [[32m[1minfo     [0m] [1mGetting challenge status: id=a5126e6a-9689-4a5c-ae34-e96767004b2b[0m [36mreq[0m=[35mfe848f2e[0m
[2m07:55:28[0m [[32m[1minfo     [0m] [1mrequest_finished                        [0m [36mduration[0m=[35m0.014[0m [36mmethod[0m=[35mGET[0m [36mpath[0m=[35m/api/v1/challenges/a5126e6a-9689-4a5c-ae34-e96767004b2b[0m [36mreq[0m=[35mfe848f2e[0m [36mrequest_id[0m=[35mfe848f2e-2356-45ca-9be6-645410686eaf[0m [36mstatus[0m=[35m200[0m
[2m07:55:29[0m [[32m[1minfo     [0m] [1mSystem packages installed successfully: libpq-dev[0m [36mreq[0m=[35mb2c98f7c[0m
[2m07:55:29[0m [[32m[1minfo     [0m] [1mInstalling pip packages: "sqlalchemy" "openai"[0m [36mreq[0m=[35mb2c98f7c[0m
[2m07:55:34[0m [[32m[1minfo     [0m] [1mPip packages installed successfully     [0m [36mreq[0m=[35mb2c98f7c[0m
[2m07:55:34[0m [[32m[1minfo     [0m] [1mImplementation iteration 2/10           [0m [36mreq[0m=[35mb2c98f7c[0m
[2m07:55:35[0m [[33m[1mwarning  [0m] [1mCode execution failed (exit=1): Testing with input: {'db_connection_string': 'postgresql://lumari:lumari_dev@lumari-postgres:5432/lumari', 'openai_api_key': 'sk-test-key'}
Result: {'success': False, 'error': "Failed to generate report: No module named 'psycopg2'"}
TEST FAILED: Failed to generate report: No module named 'psycopg2'
[0m [36mreq[0m=[35mb2c98f7c[0m
[2m07:55:35[0m [[32m[1minfo     [0m] [1mRecorded build attempt: capability=write a comprehensive construction progress report, success=False, error_type=ErrorType.RUNTIME_ERROR[0m [36mreq[0m=[35mb2c98f7c[0m
[2m07:55:37[0m [[32m[1minfo     [0m] [1mDebug [LOGIC_ERROR]: produced fixed code (2871 chars)[0m [36mreq[0m=[35mb2c98f7c[0m
[2m07:55:37[0m [[32m[1minfo     [0m] [1mImplementation iteration 3/10           [0m [36mreq[0m=[35mb2c98f7c[0m
[2m07:55:38[0m [[33m[1mwarning  [0m] [1mCode execution failed (exit=1): Testing with input: {'db_connection_string': 'postgresql://lumari:lumari_dev@lumari-postgres:5432/lumari', 'openai_api_key': 'sk-test-key'}
Result: {'success': False, 'error': 'Failed to generate report: Database driver (psycopg2) is missing. Please install it.'}
TEST FAILED: Failed to generate report: Database driver (psycopg2) is missing. Please install it.
[0m [36mreq[0m=[35mb2c98f7c[0m
[2m07:55:38[0m [[32m[1minfo     [0m] [1mRecorded build attempt: capability=write a comprehensive construction progress report, success=False, error_type=ErrorType.RUNTIME_ERROR[0m [36mreq[0m=[35mb2c98f7c[0m
[2m07:55:38[0m [[32m[1minfo     [0m] [1mGetting challenge status: id=a5126e6a-9689-4a5c-ae34-e96767004b2b[0m [36mreq[0m=[35m09a702e8[0m
[2m07:55:38[0m [[32m[1minfo     [0m] [1mrequest_finished                        [0m [36mduration[0m=[35m0.004[0m [36mmethod[0m=[35mGET[0m [36mpath[0m=[35m/api/v1/challenges/a5126e6a-9689-4a5c-ae34-e96767004b2b[0m [36mreq[0m=[35m09a702e8[0m [36mrequest_id[0m=[35m09a702e8-864c-4d24-9e3e-89387fff7226[0m [36mstatus[0m=[35m200[0m
[2m07:55:41[0m [[32m[1minfo     [0m] [1mDebug [LOGIC_ERROR]: produced fixed code (2982 chars)[0m [36mreq[0m=[35mb2c98f7c[0m
[2m07:55:41[0m [[32m[1minfo     [0m] [1mImplementation iteration 4/10           [0m [36mreq[0m=[35mb2c98f7c[0m
[2m07:55:41[0m [[33m[1mwarning  [0m] [1mCode execution failed (exit=1): Testing with input: {'db_connection_string': 'postgresql://lumari:lumari_dev@lumari-postgres:5432/lumari', 'openai_api_key': 'sk-test-key'}
Result: {'success': False, 'error': "Failed to generate report: No module named 'pg8000'"}
TEST FAILED: Failed to generate report: No module named 'pg8000'
[0m [36mreq[0m=[35mb2c98f7c[0m
[2m07:55:41[0m [[32m[1minfo     [0m] [1mRecorded build attempt: capability=write a comprehensive construction progress report, success=False, error_type=ErrorType.RUNTIME_ERROR[0m [36mreq[0m=[35mb2c98f7c[0m
[2m07:55:41[0m [[33m[1mwarning  [0m] [1mApproach-Switch: sqlalchemy scheitert wiederholt[0m [36mreq[0m=[35mb2c98f7c[0m
[2m07:55:43[0m [[32m[1minfo     [0m] [1mDebug [LOGIC_ERROR]: produced fixed code (2706 chars)[0m [36mreq[0m=[35mb2c98f7c[0m
[2m07:55:48[0m [[32m[1minfo     [0m] [1mGetting challenge status: id=a5126e6a-9689-4a5c-ae34-e96767004b2b[0m [36mreq[0m=[35m22588cbe[0m
[2m07:55:48[0m [[32m[1minfo     [0m] [1mrequest_finished                        [0m [36mduration[0m=[35m0.019[0m [36mmethod[0m=[35mGET[0m [36mpath[0m=[35m/api/v1/challenges/a5126e6a-9689-4a5c-ae34-e96767004b2b[0m [36mreq[0m=[35m22588cbe[0m [36mrequest_id[0m=[35m22588cbe-a7aa-4c83-bdc0-e5638627b645[0m [36mstatus[0m=[35m200[0m
[2m07:55:49[0m [[32m[1minfo     [0m] [1mSession start: iteration=5/10, pip=1, apt=1[0m [36mreq[0m=[35mb2c98f7c[0m
[2m07:55:49[0m [[32m[1minfo     [0m] [1mSession container created: 29739fe537b8 [0m [36mreq[0m=[35mb2c98f7c[0m
[2m07:55:49[0m [[32m[1minfo     [0m] [1mInstalling system packages: libpq-dev   [0m [36mreq[0m=[35mb2c98f7c[0m
[2m07:55:54[0m [[32m[1minfo     [0m] [1mSystem packages installed successfully: libpq-dev[0m [36mreq[0m=[35mb2c98f7c[0m
[2m07:55:54[0m [[32m[1minfo     [0m] [1mInstalling pip packages: "openai"       [0m [36mreq[0m=[35mb2c98f7c[0m
[2m07:55:58[0m [[32m[1minfo     [0m] [1mPip packages installed successfully     [0m [36mreq[0m=[35mb2c98f7c[0m
[2m07:55:58[0m [[32m[1minfo     [0m] [1mImplementation iteration 5/10           [0m [36mreq[0m=[35mb2c98f7c[0m
[2m07:55:58[0m [[32m[1minfo     [0m] [1mProaktiv erkannte neue Packages: ['sqlalchemy'][0m [36mreq[0m=[35mb2c98f7c[0m
[2m07:55:58[0m [[32m[1minfo     [0m] [1mGetting challenge status: id=a5126e6a-9689-4a5c-ae34-e96767004b2b[0m [36mreq[0m=[35m365650a2[0m
[2m07:55:58[0m [[32m[1minfo     [0m] [1mrequest_finished                        [0m [36mduration[0m=[35m0.008[0m [36mmethod[0m=[35mGET[0m [36mpath[0m=[35m/api/v1/challenges/a5126e6a-9689-4a5c-ae34-e96767004b2b[0m [36mreq[0m=[35m365650a2[0m [36mrequest_id[0m=[35m365650a2-96bc-417e-8ced-dc102d90def9[0m [36mstatus[0m=[35m200[0m
[2m07:56:03[0m [[32m[1minfo     [0m] [1mSession start: iteration=6/10, pip=2, apt=1[0m [36mreq[0m=[35mb2c98f7c[0m
[2m07:56:03[0m [[32m[1minfo     [0m] [1mSession container created: b397c828932b [0m [36mreq[0m=[35mb2c98f7c[0m
[2m07:56:03[0m [[32m[1minfo     [0m] [1mInstalling system packages: libpq-dev   [0m [36mreq[0m=[35mb2c98f7c[0m
[2m07:56:08[0m [[32m[1minfo     [0m] [1mSystem packages installed successfully: libpq-dev[0m [36mreq[0m=[35mb2c98f7c[0m
[2m07:56:08[0m [[32m[1minfo     [0m] [1mInstalling pip packages: "openai" "sqlalchemy"[0m [36mreq[0m=[35mb2c98f7c[0m
[2m07:56:08[0m [[32m[1minfo     [0m] [1mGetting challenge status: id=a5126e6a-9689-4a5c-ae34-e96767004b2b[0m [36mreq[0m=[35mc6edcdf3[0m
[2m07:56:08[0m [[32m[1minfo     [0m] [1mrequest_finished                        [0m [36mduration[0m=[35m0.004[0m [36mmethod[0m=[35mGET[0m [36mpath[0m=[35m/api/v1/challenges/a5126e6a-9689-4a5c-ae34-e96767004b2b[0m [36mreq[0m=[35mc6edcdf3[0m [36mrequest_id[0m=[35mc6edcdf3-aca9-4833-8720-202d7c89f178[0m [36mstatus[0m=[35m200[0m
[2m07:56:13[0m [[32m[1minfo     [0m] [1mPip packages installed successfully     [0m [36mreq[0m=[35mb2c98f7c[0m
[2m07:56:13[0m [[32m[1minfo     [0m] [1mImplementation iteration 6/10           [0m [36mreq[0m=[35mb2c98f7c[0m
[2m07:56:13[0m [[33m[1mwarning  [0m] [1mCode execution failed (exit=1): Testing with input: {'db_connection_string': 'postgresql://lumari:lumari_dev@lumari-postgres:5432/lumari', 'openai_api_key': 'sk-test-key'}
Result: {'success': False, 'error': "Failed to generate report: No module named 'psycopg2'"}
TEST FAILED: Failed to generate report: No module named 'psycopg2'
[0m [36mreq[0m=[35mb2c98f7c[0m
[2m07:56:13[0m [[32m[1minfo     [0m] [1mRecorded build attempt: capability=write a comprehensive construction progress report, success=False, error_type=ErrorType.RUNTIME_ERROR[0m [36mreq[0m=[35mb2c98f7c[0m
[2m07:56:13[0m [[33m[1mwarning  [0m] [1mApproach-Switch: sqlalchemy scheitert wiederholt[0m [36mreq[0m=[35mb2c98f7c[0m
[2m07:56:15[0m [[32m[1minfo     [0m] [1mDebug [LOGIC_ERROR]: produced fixed code (2739 chars)[0m [36mreq[0m=[35mb2c98f7c[0m
[2m07:56:18[0m [[32m[1minfo     [0m] [1mGetting challenge status: id=a5126e6a-9689-4a5c-ae34-e96767004b2b[0m [36mreq[0m=[35m85389356[0m
[2m07:56:18[0m [[32m[1minfo     [0m] [1mrequest_finished                        [0m [36mduration[0m=[35m0.009[0m [36mmethod[0m=[35mGET[0m [36mpath[0m=[35m/api/v1/challenges/a5126e6a-9689-4a5c-ae34-e96767004b2b[0m [36mreq[0m=[35m85389356[0m [36mrequest_id[0m=[35m85389356-2e0d-4e53-8f24-5373ebd09d1e[0m [36mstatus[0m=[35m200[0m
[2m07:56:21[0m [[32m[1minfo     [0m] [1mSession start: iteration=7/10, pip=1, apt=1[0m [36mreq[0m=[35mb2c98f7c[0m
[2m07:56:21[0m [[32m[1minfo     [0m] [1mSession container created: b948d385637a [0m [36mreq[0m=[35mb2c98f7c[0m
[2m07:56:21[0m [[32m[1minfo     [0m] [1mInstalling system packages: libpq-dev   [0m [36mreq[0m=[35mb2c98f7c[0m
[2m07:56:26[0m [[32m[1minfo     [0m] [1mSystem packages installed successfully: libpq-dev[0m [36mreq[0m=[35mb2c98f7c[0m
[2m07:56:26[0m [[32m[1minfo     [0m] [1mInstalling pip packages: "openai"       [0m [36mreq[0m=[35mb2c98f7c[0m
[2m07:56:28[0m [[32m[1minfo     [0m] [1mGetting challenge status: id=a5126e6a-9689-4a5c-ae34-e96767004b2b[0m [36mreq[0m=[35m2e8adf66[0m
[2m07:56:28[0m [[32m[1minfo     [0m] [1mrequest_finished                        [0m [36mduration[0m=[35m0.02[0m [36mmethod[0m=[35mGET[0m [36mpath[0m=[35m/api/v1/challenges/a5126e6a-9689-4a5c-ae34-e96767004b2b[0m [36mreq[0m=[35m2e8adf66[0m [36mrequest_id[0m=[35m2e8adf66-8d2f-4f85-825e-f9a600f83c67[0m [36mstatus[0m=[35m200[0m
[2m07:56:30[0m [[32m[1minfo     [0m] [1mPip packages installed successfully     [0m [36mreq[0m=[35mb2c98f7c[0m
[2m07:56:30[0m [[32m[1minfo     [0m] [1mImplementation iteration 7/10           [0m [36mreq[0m=[35mb2c98f7c[0m
[2m07:56:30[0m [[32m[1minfo     [0m] [1mProaktiv erkannte neue Packages: ['sqlalchemy'][0m [36mreq[0m=[35mb2c98f7c[0m
[2m07:56:35[0m [[32m[1minfo     [0m] [1mSession start: iteration=8/10, pip=2, apt=1[0m [36mreq[0m=[35mb2c98f7c[0m
[2m07:56:35[0m [[32m[1minfo     [0m] [1mSession container created: 090c2887a79d [0m [36mreq[0m=[35mb2c98f7c[0m
[2m07:56:35[0m [[32m[1minfo     [0m] [1mInstalling system packages: libpq-dev   [0m [36mreq[0m=[35mb2c98f7c[0m
[2m07:56:38[0m [[32m[1minfo     [0m] [1mGetting challenge status: id=a5126e6a-9689-4a5c-ae34-e96767004b2b[0m [36mreq[0m=[35mb5bb0c2a[0m
[2m07:56:38[0m [[32m[1minfo     [0m] [1mrequest_finished                        [0m [36mduration[0m=[35m0.009[0m [36mmethod[0m=[35mGET[0m [36mpath[0m=[35m/api/v1/challenges/a5126e6a-9689-4a5c-ae34-e96767004b2b[0m [36mreq[0m=[35mb5bb0c2a[0m [36mrequest_id[0m=[35mb5bb0c2a-1772-4b00-801f-b40686f430a4[0m [36mstatus[0m=[35m200[0m
[2m07:56:41[0m [[32m[1minfo     [0m] [1mSystem packages installed successfully: libpq-dev[0m [36mreq[0m=[35mb2c98f7c[0m
[2m07:56:41[0m [[32m[1minfo     [0m] [1mInstalling pip packages: "openai" "sqlalchemy"[0m [36mreq[0m=[35mb2c98f7c[0m
[2m07:56:46[0m [[32m[1minfo     [0m] [1mPip packages installed successfully     [0m [36mreq[0m=[35mb2c98f7c[0m
[2m07:56:46[0m [[32m[1minfo     [0m] [1mImplementation iteration 8/10           [0m [36mreq[0m=[35mb2c98f7c[0m
[2m07:56:46[0m [[33m[1mwarning  [0m] [1mCode execution failed (exit=1): Testing with input: {'db_connection_string': 'postgresql://lumari:lumari_dev@lumari-postgres:5432/lumari', 'openai_api_key': 'sk-test-key'}
Result: {'success': False, 'error': "Failed to generate report: No module named 'psycopg2'"}
TEST FAILED: Failed to generate report: No module named 'psycopg2'
[0m [36mreq[0m=[35mb2c98f7c[0m
[2m07:56:46[0m [[32m[1minfo     [0m] [1mRecorded build attempt: capability=write a comprehensive construction progress report, success=False, error_type=ErrorType.RUNTIME_ERROR[0m [36mreq[0m=[35mb2c98f7c[0m
[2m07:56:46[0m [[33m[1mwarning  [0m] [1mApproach-Switch: sqlalchemy scheitert wiederholt[0m [36mreq[0m=[35mb2c98f7c[0m
[2m07:56:48[0m [[32m[1minfo     [0m] [1mGetting challenge status: id=a5126e6a-9689-4a5c-ae34-e96767004b2b[0m [36mreq[0m=[35me1847027[0m
[2m07:56:48[0m [[32m[1minfo     [0m] [1mrequest_finished                        [0m [36mduration[0m=[35m0.01[0m [36mmethod[0m=[35mGET[0m [36mpath[0m=[35m/api/v1/challenges/a5126e6a-9689-4a5c-ae34-e96767004b2b[0m [36mreq[0m=[35me1847027[0m [36mrequest_id[0m=[35me1847027-2286-4dbc-bbaf-df7fea686218[0m [36mstatus[0m=[35m200[0m
[2m07:56:48[0m [[32m[1minfo     [0m] [1mDebug [LOGIC_ERROR]: produced fixed code (2702 chars)[0m [36mreq[0m=[35mb2c98f7c[0m
[2m07:56:54[0m [[32m[1minfo     [0m] [1mSession start: iteration=9/10, pip=1, apt=1[0m [36mreq[0m=[35mb2c98f7c[0m
[2m07:56:54[0m [[32m[1minfo     [0m] [1mSession container created: 7452e21dd7b8 [0m [36mreq[0m=[35mb2c98f7c[0m
[2m07:56:54[0m [[32m[1minfo     [0m] [1mInstalling system packages: libpq-dev   [0m [36mreq[0m=[35mb2c98f7c[0m
[2m07:56:58[0m [[32m[1minfo     [0m] [1mGetting challenge status: id=a5126e6a-9689-4a5c-ae34-e96767004b2b[0m [36mreq[0m=[35ma9048b23[0m
[2m07:56:58[0m [[32m[1minfo     [0m] [1mrequest_finished                        [0m [36mduration[0m=[35m0.004[0m [36mmethod[0m=[35mGET[0m [36mpath[0m=[35m/api/v1/challenges/a5126e6a-9689-4a5c-ae34-e96767004b2b[0m [36mreq[0m=[35ma9048b23[0m [36mrequest_id[0m=[35ma9048b23-b1a9-4b95-8e30-697aa9d8b451[0m [36mstatus[0m=[35m200[0m
[2m07:56:58[0m [[32m[1minfo     [0m] [1mSystem packages installed successfully: libpq-dev[0m [36mreq[0m=[35mb2c98f7c[0m
[2m07:56:58[0m [[32m[1minfo     [0m] [1mInstalling pip packages: "openai"       [0m [36mreq[0m=[35mb2c98f7c[0m
[2m07:57:02[0m [[32m[1minfo     [0m] [1mPip packages installed successfully     [0m [36mreq[0m=[35mb2c98f7c[0m
[2m07:57:02[0m [[32m[1minfo     [0m] [1mImplementation iteration 9/10           [0m [36mreq[0m=[35mb2c98f7c[0m
[2m07:57:02[0m [[32m[1minfo     [0m] [1mProaktiv erkannte neue Packages: ['sqlalchemy'][0m [36mreq[0m=[35mb2c98f7c[0m
[2m07:57:07[0m [[32m[1minfo     [0m] [1mSession start: iteration=10/10, pip=2, apt=1[0m [36mreq[0m=[35mb2c98f7c[0m
[2m07:57:08[0m [[32m[1minfo     [0m] [1mSession container created: 329a09c3ba84 [0m [36mreq[0m=[35mb2c98f7c[0m
[2m07:57:08[0m [[32m[1minfo     [0m] [1mInstalling system packages: libpq-dev   [0m [36mreq[0m=[35mb2c98f7c[0m
[2m07:57:08[0m [[32m[1minfo     [0m] [1mGetting challenge status: id=a5126e6a-9689-4a5c-ae34-e96767004b2b[0m [36mreq[0m=[35mcc15c2af[0m
[2m07:57:08[0m [[32m[1minfo     [0m] [1mrequest_finished                        [0m [36mduration[0m=[35m0.012[0m [36mmethod[0m=[35mGET[0m [36mpath[0m=[35m/api/v1/challenges/a5126e6a-9689-4a5c-ae34-e96767004b2b[0m [36mreq[0m=[35mcc15c2af[0m [36mrequest_id[0m=[35mcc15c2af-9a8c-4cdc-9190-70f169612691[0m [36mstatus[0m=[35m200[0m
[2m07:57:13[0m [[32m[1minfo     [0m] [1mSystem packages installed successfully: libpq-dev[0m [36mreq[0m=[35mb2c98f7c[0m
[2m07:57:13[0m [[32m[1minfo     [0m] [1mInstalling pip packages: "openai" "sqlalchemy"[0m [36mreq[0m=[35mb2c98f7c[0m
[2m07:57:17[0m [[32m[1minfo     [0m] [1mPip packages installed successfully     [0m [36mreq[0m=[35mb2c98f7c[0m
[2m07:57:17[0m [[32m[1minfo     [0m] [1mImplementation iteration 10/10          [0m [36mreq[0m=[35mb2c98f7c[0m
[2m07:57:18[0m [[33m[1mwarning  [0m] [1mCode execution failed (exit=1): Testing with input: {'db_connection_string': 'postgresql://lumari:lumari_dev@lumari-postgres:5432/lumari', 'openai_api_key': 'sk-test-key'}
Result: {'success': False, 'error': "Failed to generate report: No module named 'pg8000'"}
TEST FAILED: Failed to generate report: No module named 'pg8000'
[0m [36mreq[0m=[35mb2c98f7c[0m
[2m07:57:18[0m [[32m[1minfo     [0m] [1mRecorded build attempt: capability=write a comprehensive construction progress report, success=False, error_type=ErrorType.RUNTIME_ERROR[0m [36mreq[0m=[35mb2c98f7c[0m
[2m07:57:18[0m [[33m[1mwarning  [0m] [1mApproach-Switch: sqlalchemy scheitert wiederholt[0m [36mreq[0m=[35mb2c98f7c[0m
[2m07:57:18[0m [[32m[1minfo     [0m] [1mGetting challenge status: id=a5126e6a-9689-4a5c-ae34-e96767004b2b[0m [36mreq[0m=[35m9f096055[0m
[2m07:57:18[0m [[32m[1minfo     [0m] [1mrequest_finished                        [0m [36mduration[0m=[35m0.005[0m [36mmethod[0m=[35mGET[0m [36mpath[0m=[35m/api/v1/challenges/a5126e6a-9689-4a5c-ae34-e96767004b2b[0m [36mreq[0m=[35m9f096055[0m [36mrequest_id[0m=[35m9f096055-714f-49e7-8a59-62adda5957e3[0m [36mstatus[0m=[35m200[0m
[2m07:57:20[0m [[32m[1minfo     [0m] [1mDebug [LOGIC_ERROR]: produced fixed code (2712 chars)[0m [36mreq[0m=[35mb2c98f7c[0m
[2m07:57:25[0m [[33m[1mwarning  [0m] [1mImplementation fehlgeschlagen nach 10 Iterationen[0m [36mreq[0m=[35mb2c98f7c[0m
[2m07:57:25[0m [[33m[1mwarning  [0m] [1mSkill Team failed: phase=TeamRole.IMPLEMENTER, reason=Implementation failed after max iterations[0m [36mreq[0m=[35mb2c98f7c[0m
[2m07:57:25[0m [[32m[1minfo     [0m] [1mRecorded build attempt: capability=write a comprehensive construction progress report, success=False, error_type=ErrorType.RUNTIME_ERROR[0m [36mreq[0m=[35mb2c98f7c[0m
[2m07:57:25[0m [[33m[1mwarning  [0m] [1mGap build failed: 61fd3463... - Implementation failed after max iterations[0m [36mreq[0m=[35mb2c98f7c[0m
[2m07:57:25[0m [[32m[1minfo     [0m] [1mProcessing gap: d0f0f7cd... type=missing_skill, capability=derive risks and recommendations based on project data, severity=critical[0m [36mreq[0m=[35mb2c98f7c[0m
[2m07:57:25[0m [[32m[1minfo     [0m] [1mStrategy proposed for derive risks and recommendations based on project data: direct (confidence=0.5)[0m [36mreq[0m=[35mb2c98f7c[0m
[2m07:57:25[0m [[32m[1minfo     [0m] [1mBuilding capability: gap_type=missing_skill, severity=critical, attempt=1, approach=direct[0m [36mreq[0m=[35mb2c98f7c[0m
[2m07:57:25[0m [[32m[1minfo     [0m] [1mUsing Skill Team for capability: derive risks and recommendations based on project data[0m [36mreq[0m=[35mb2c98f7c[0m
[2m07:57:25[0m [[32m[1minfo     [0m] [1mStarting team-based skill development for: derive risks and recommendations based on project data[0m [36mreq[0m=[35mb2c98f7c[0m
[2m07:57:25[0m [[32m[1minfo     [0m] [1mResearching capability: derive risks and recommendations based on project data[0m [36mreq[0m=[35mb2c98f7c[0m
[2m07:57:26[0m [[32m[1minfo     [0m] [1mresponse: https://grokipedia.com/api/typeahead?query=python+derive+risks+and+recommendations+based+on+project+data+implementation+example+code&limit=1 200[0m
[2m07:57:26[0m [[32m[1minfo     [0m] [1mresponse: https://en.wikipedia.org/w/api.php?action=opensearch&profile=fuzzy&limit=1&search=python%20derive%20risks%20and%20recommendations%20based%20on%20project%20data%20implementation%20example%20code 200[0m
[2m07:57:26[0m [[32m[1minfo     [0m] [1mresponse: https://yandex.com/search/site/?text=python+derive+risks+and+recommendations+based+on+project+data+implementation+example+code&web=1&searchid=8426441 200[0m
[2m07:57:26[0m [[32m[1minfo     [0m] [1mWeb search for 'python derive risks and recommendations based on project dat' returned 5 results[0m [36mreq[0m=[35mb2c98f7c[0m
[2m07:57:28[0m [[32m[1minfo     [0m] [1mGetting challenge status: id=a5126e6a-9689-4a5c-ae34-e96767004b2b[0m [36mreq[0m=[35m2c1acec0[0m
[2m07:57:28[0m [[32m[1minfo     [0m] [1mrequest_finished                        [0m [36mduration[0m=[35m0.013[0m [36mmethod[0m=[35mGET[0m [36mpath[0m=[35m/api/v1/challenges/a5126e6a-9689-4a5c-ae34-e96767004b2b[0m [36mreq[0m=[35m2c1acec0[0m [36mrequest_id[0m=[35m2c1acec0-0451-48f0-b4b1-4b8b06b6f424[0m [36mstatus[0m=[35m200[0m
[2m07:57:30[0m [[32m[1minfo     [0m] [1mSummarized 4 sources into 2575 chars    [0m [36mreq[0m=[35mb2c98f7c[0m
[2m07:57:30[0m [[32m[1minfo     [0m] [1mResearch complete for derive risks and recommendations based on project data: pip=[], examples=1[0m [36mreq[0m=[35mb2c98f7c[0m
[2m07:57:30[0m [[32m[1minfo     [0m] [1mResearch complete: 0 packages found     [0m [36mreq[0m=[35mb2c98f7c[0m
[2m07:57:33[0m [[32m[1minfo     [0m] [1mArchitecture complete: 2 test cases defined[0m [36mreq[0m=[35mb2c98f7c[0m
[2m07:57:33[0m [[32m[1minfo     [0m] [1mSession start: iteration=1/10, pip=0, apt=0[0m [36mreq[0m=[35mb2c98f7c[0m
[2m07:57:34[0m [[32m[1minfo     [0m] [1mSession container created: 5abf0583fc66 [0m [36mreq[0m=[35mb2c98f7c[0m
[2m07:57:34[0m [[32m[1minfo     [0m] [1mImplementation iteration 1/10           [0m [36mreq[0m=[35mb2c98f7c[0m
[2m07:57:36[0m [[32m[1minfo     [0m] [1mImplementation erfolgreich nach 1 Iterationen[0m [36mreq[0m=[35mb2c98f7c[0m
[2m07:57:38[0m [[32m[1minfo     [0m] [1mGetting challenge status: id=a5126e6a-9689-4a5c-ae34-e96767004b2b[0m [36mreq[0m=[35mfced073a[0m
[2m07:57:38[0m [[32m[1minfo     [0m] [1mrequest_finished                        [0m [36mduration[0m=[35m0.01[0m [36mmethod[0m=[35mGET[0m [36mpath[0m=[35m/api/v1/challenges/a5126e6a-9689-4a5c-ae34-e96767004b2b[0m [36mreq[0m=[35mfced073a[0m [36mrequest_id[0m=[35mfced073a-204a-423f-a085-bd2b61cf0a25[0m [36mstatus[0m=[35m200[0m
[2m07:57:41[0m [[32m[1minfo     [0m] [1mReview iteration 1/2                    [0m [36mreq[0m=[35mb2c98f7c[0m
[2m07:57:43[0m [[32m[1minfo     [0m] [1mStarting sandbox execution: pip=[], apt=[], input_files=[][0m [36mreq[0m=[35mb2c98f7c[0m
[2m07:57:43[0m [[32m[1minfo     [0m] [1mSandbox execution complete: success=True, time=361ms, cached=False[0m [36mreq[0m=[35mb2c98f7c[0m
[2m07:57:48[0m [[32m[1minfo     [0m] [1mGetting challenge status: id=a5126e6a-9689-4a5c-ae34-e96767004b2b[0m [36mreq[0m=[35md61389d8[0m
[2m07:57:48[0m [[32m[1minfo     [0m] [1mrequest_finished                        [0m [36mduration[0m=[35m0.009[0m [36mmethod[0m=[35mGET[0m [36mpath[0m=[35m/api/v1/challenges/a5126e6a-9689-4a5c-ae34-e96767004b2b[0m [36mreq[0m=[35md61389d8[0m [36mrequest_id[0m=[35md61389d8-c266-4f6c-a6ec-243d65b7d268[0m [36mstatus[0m=[35m200[0m
[2m07:57:49[0m [[32m[1minfo     [0m] [1mCreated new skill: 9d7ad2ad-6325-4c92-9e81-ae2a2feb86e7[0m [36mreq[0m=[35mb2c98f7c[0m
[2m07:57:49[0m [[32m[1minfo     [0m] [1mRecorded build attempt: capability=derive risks and recommendations based on project data, success=True, error_type=None[0m [36mreq[0m=[35mb2c98f7c[0m
[2m07:57:49[0m [[32m[1minfo     [0m] [1mSkill development complete: skill_derive_risks_and_recommendations_based_on_project_data in 23341ms[0m [36mreq[0m=[35mb2c98f7c[0m
[2m07:57:49[0m [[32m[1minfo     [0m] [1mSkill Team built skill: skill_derive_risks_and_recommendations_based_on_project_data, duration=23.4s[0m [36mreq[0m=[35mb2c98f7c[0m
[2m07:57:49[0m [[32m[1minfo     [0m] [1mAgent 'transcript_analyzer' already has capability 'derive risks and recommendations based on project data'[0m [36mreq[0m=[35mb2c98f7c[0m
[2m07:57:49[0m [[32m[1minfo     [0m] [1mCreated skill binding: skill=9d7ad2ad..., agent=75fb97b8..., capability='derive risks and recommendations based on project data'[0m [36mreq[0m=[35mb2c98f7c[0m
[2m07:57:49[0m [[32m[1minfo     [0m] [1mInjecting skill 9d7ad2ad... with plan: target_agent=a9dc3547..., rationale=The report_generator requires structured risk and recommendation data to synthesize the final construction progress report.[0m [36mreq[0m=[35mb2c98f7c[0m
[2m07:57:49[0m [[32m[1minfo     [0m] [1mCreated skill binding: skill=9d7ad2ad... -> agent=a9dc3547...[0m [36mreq[0m=[35mb2c98f7c[0m
[2m07:57:49[0m [[32m[1minfo     [0m] [1mLoading topology from database...       [0m [36mreq[0m=[35mb2c98f7c[0m
[2m07:57:49[0m [[32m[1minfo     [0m] [1mMapped 5 skill entries to 5 capabilities[0m [36mreq[0m=[35mb2c98f7c[0m
[2m07:57:49[0m [[32m[1minfo     [0m] [1mTopology validated: 11 agents in 5 waves[0m [36mreq[0m=[35mb2c98f7c[0m
[2m07:57:49[0m [[32m[1minfo     [0m] [1mLoaded 5 skills for topology            [0m [36mreq[0m=[35mb2c98f7c[0m
[2m07:57:49[0m [[32m[1minfo     [0m] [1mTopology loaded: 11 agents, 5 waves     [0m [36mreq[0m=[35mb2c98f7c[0m
[2m07:57:49[0m [[32m[1minfo     [0m] [1mPlan-based injection complete: skill=9d7ad2ad... -> agent=report_generator[0m [36mreq[0m=[35mb2c98f7c[0m
[2m07:57:49[0m [[32m[1minfo     [0m] [1mRecorded build attempt: capability=derive risks and recommendations based on project data, success=True, error_type=None[0m [36mreq[0m=[35mb2c98f7c[0m
[2m07:57:49[0m [[32m[1minfo     [0m] [1mGap completed: d0f0f7cd... -> skill/9d7ad2ad...[0m [36mreq[0m=[35mb2c98f7c[0m
[2m07:57:49[0m [[32m[1minfo     [0m] [1mAll gaps processed for plan 7dcff140... [0m [36mreq[0m=[35mb2c98f7c[0m
[2m07:57:49[0m [[32m[1minfo     [0m] [1mCompleted gap plan: 7dcff140..., status=partial, completed=5, failed=1[0m [36mreq[0m=[35mb2c98f7c[0m
[2m07:57:49[0m [[32m[1minfo     [0m] [1mGap plan execution finished: 7dcff140..., completed=5, failed=1, artifacts=5[0m [36mreq[0m=[35mb2c98f7c[0m
[2m07:57:49[0m [[32m[1minfo     [0m] [1mVerifying gap closure after cycle 1, built 5 capabilities[0m [36mreq[0m=[35mb2c98f7c[0m
[2m07:57:49[0m [[32m[1minfo     [0m] [1mGap CLOSED: 'connect to PostgreSQL database' by skill/b1d15bc2...[0m [36mreq[0m=[35mb2c98f7c[0m
[2m07:57:49[0m [[32m[1minfo     [0m] [1mGap CLOSED: 'execute SQL queries to retrieve project and construction data' by skill/168d9551...[0m [36mreq[0m=[35mb2c98f7c[0m
[2m07:57:49[0m [[32m[1minfo     [0m] [1mGap CLOSED: 'analyze database schema and table relationships' by skill/eb88b186...[0m [36mreq[0m=[35mb2c98f7c[0m
[2m07:57:49[0m [[32m[1minfo     [0m] [1mGap CLOSED: 'calculate construction progress, budget variances, and defect statistics' by skill/5aa63f5c...[0m [36mreq[0m=[35mb2c98f7c[0m
[2m07:57:49[0m [[32m[1minfo     [0m] [1mGap OPEN: 'write a comprehensive construction progress report'[0m [36mreq[0m=[35mb2c98f7c[0m
[2m07:57:49[0m [[32m[1minfo     [0m] [1mGap CLOSED: 'derive risks and recommendations based on project data' by skill/9d7ad2ad...[0m [36mreq[0m=[35mb2c98f7c[0m
[2m07:57:49[0m [[32m[1minfo     [0m] [1mPlan verification complete: 7dcff140..., closed=5/6, all_closed=False[0m [36mreq[0m=[35mb2c98f7c[0m
[2m07:57:49[0m [[32m[1minfo     [0m] [1mVerification result: closed=5/6, all_closed=False[0m [36mreq[0m=[35mb2c98f7c[0m
[2m07:57:49[0m [[32m[1minfo     [0m] [1mCreated gap plan: id=2b819494..., challenge=a5126e6a..., gaps=1, cycle=2[0m [36mreq[0m=[35mb2c98f7c[0m
[2m07:57:49[0m [[32m[1minfo     [0m] [1mCreated new cycle 2 with 1 REMAINING gaps (not new ones!) for challenge a5126e6a...[0m [36mreq[0m=[35mb2c98f7c[0m
[2m07:57:49[0m [[32m[1minfo     [0m] [1mCapability building partial: a5126e6a-9689-4a5c-ae34-e96767004b2b, built=5[0m [36mreq[0m=[35mb2c98f7c[0m
[2m07:57:58[0m [[32m[1minfo     [0m] [1mGetting challenge status: id=a5126e6a-9689-4a5c-ae34-e96767004b2b[0m [36mreq[0m=[35m282ee61d[0m
[2m07:57:58[0m [[32m[1minfo     [0m] [1mrequest_finished                        [0m [36mduration[0m=[35m0.036[0m [36mmethod[0m=[35mGET[0m [36mpath[0m=[35m/api/v1/challenges/a5126e6a-9689-4a5c-ae34-e96767004b2b[0m [36mreq[0m=[35m282ee61d[0m [36mrequest_id[0m=[35m282ee61d-8282-44ec-8ba0-517698f54500[0m [36mstatus[0m=[35m200[0m
[2m07:57:58[0m [[32m[1minfo     [0m] [1mExecuting challenge: id=a5126e6a-9689-4a5c-ae34-e96767004b2b[0m [36mreq[0m=[35m8d2e0730[0m
[2m07:57:58[0m [[32m[1minfo     [0m] [1mrequest_finished                        [0m [36mduration[0m=[35m0.012[0m [36mmethod[0m=[35mPOST[0m [36mpath[0m=[35m/api/v1/challenges/a5126e6a-9689-4a5c-ae34-e96767004b2b/execute[0m [36mreq[0m=[35m8d2e0730[0m [36mrequest_id[0m=[35m8d2e0730-c219-4b48-a807-d1f7520123cf[0m [36mstatus[0m=[35m200[0m
[2m07:57:58[0m [[32m[1minfo     [0m] [1mStarting background execution: challenge_id=a5126e6a-9689-4a5c-ae34-e96767004b2b[0m [36mreq[0m=[35m8d2e0730[0m
/Users/patrick/Documents/Uni/master_project/backend/app/api/v1/endpoints/challenges.py:1255: UserWarning: Qdrant client version 1.16.1 is incompatible with server version 1.18.0. Major versions should match and minor version difference must not exceed 1. Set check_compatibility=False to skip version check.
  qdrant_client = QdrantClient(url="http://localhost:6333", timeout=5)
[2m07:57:58[0m [[32m[1minfo     [0m] [1mLoading topology from database...       [0m [36mreq[0m=[35m8d2e0730[0m
[2m07:57:58[0m [[32m[1minfo     [0m] [1mMapped 5 skill entries to 5 capabilities[0m [36mreq[0m=[35m8d2e0730[0m
[2m07:57:58[0m [[32m[1minfo     [0m] [1mTopology validated: 11 agents in 5 waves[0m [36mreq[0m=[35m8d2e0730[0m
[2m07:57:58[0m [[32m[1minfo     [0m] [1mLoaded 5 skills for topology            [0m [36mreq[0m=[35m8d2e0730[0m
[2m07:57:58[0m [[32m[1minfo     [0m] [1mTopology loaded: 11 agents, 5 waves     [0m [36mreq[0m=[35m8d2e0730[0m
/Users/patrick/Documents/Uni/master_project/backend/app/orchestration/orchestrators/hybrid_orchestrator.py:129: UserWarning: Qdrant client version 1.16.1 is incompatible with server version 1.18.0. Major versions should match and minor version difference must not exceed 1. Set check_compatibility=False to skip version check.
  qdrant_client = QdrantClient(url="http://localhost:6333", timeout=5)
[2m07:57:58[0m [[32m[1minfo     [0m] [1mShared memory initialized with Qdrant   [0m [36mreq[0m=[35m8d2e0730[0m
[2m07:57:58[0m [[32m[1minfo     [0m] [1mHybridOrchestrator initialized          [0m [36mreq[0m=[35m8d2e0730[0m
[2m07:57:58[0m [[32m[1minfo     [0m] [1mStarting execution: a462adc6-b932-4f1c-bb19-7c7ce822d9b4[0m [36mreq[0m=[35m8d2e0730[0m
[2m07:58:02[0m [[32m[1minfo     [0m] [1mTeamAssembler meldet Gaps: 1 fehlende Capabilities[0m [36mreq[0m=[35m8d2e0730[0m
[2m07:58:02[0m [[32m[1minfo     [0m] [1mLoading topology from database...       [0m [36mreq[0m=[35m8d2e0730[0m
[2m07:58:02[0m [[32m[1minfo     [0m] [1mMapped 5 skill entries to 5 capabilities[0m [36mreq[0m=[35m8d2e0730[0m
[2m07:58:02[0m [[32m[1minfo     [0m] [1mTopology validated: 11 agents in 5 waves[0m [36mreq[0m=[35m8d2e0730[0m
[2m07:58:02[0m [[32m[1minfo     [0m] [1mLoaded 5 skills for topology            [0m [36mreq[0m=[35m8d2e0730[0m
[2m07:58:02[0m [[32m[1minfo     [0m] [1mTopology loaded: 11 agents, 5 waves     [0m [36mreq[0m=[35m8d2e0730[0m
[2m07:58:02[0m [[32m[1minfo     [0m] [1mRuntimeAgentRegistry initialized with max_concurrent=5[0m [36mreq[0m=[35m8d2e0730[0m
[2m07:58:02[0m [[32m[1minfo     [0m] [1mbuild_on_demand: building skill for 'Direkter SQL-Datenbank-Konnektor (die vorhandenen Agents sind auf Text/Transkripte spezialisiert, die Aufgabe erfordert jedoch eine aktive Datenbankverbindung via Host/Port/Credentials)'[0m [36mreq[0m=[35m8d2e0730[0m
[2m07:58:02[0m [[32m[1minfo     [0m] [1mStarting team-based skill development for: Direkter SQL-Datenbank-Konnektor (die vorhandenen Agents sind auf Text/Transkripte spezialisiert, die Aufgabe erfordert jedoch eine aktive Datenbankverbindung via Host/Port/Credentials)[0m [36mreq[0m=[35m8d2e0730[0m
[2m07:58:02[0m [[32m[1minfo     [0m] [1mResearching capability: Direkter SQL-Datenbank-Konnektor (die vorhandenen Agents sind auf Text/Transkripte spezialisiert, die Aufgabe erfordert jedoch eine aktive Datenbankverbindung via Host/Port/Credentials)[0m [36mreq[0m=[35m8d2e0730[0m
[2m07:58:02[0m [[32m[1minfo     [0m] [1mresponse: https://en.wikipedia.org/w/api.php?action=opensearch&profile=fuzzy&limit=1&search=python%20Direkter%20SQL-Datenbank-Konnektor%20%28die%20vorhandenen%20Agents%20sind%20auf%20Text/Transkripte%20spezialisiert%2C%20die%20Aufgabe%20erfordert%20jedoch%20eine%20aktive%20Datenbankverbindung%20via%20Host/Port/Credentials%29%20implementation%20example%20code 200[0m
[2m07:58:03[0m [[32m[1minfo     [0m] [1mresponse: https://grokipedia.com/api/typeahead?query=python+Direkter+SQL-Datenbank-Konnektor+%28die+vorhandenen+Agents+sind+auf+Text%2FTranskripte+spezialisiert%2C+die+Aufgabe+erfordert+jedoch+eine+aktive+Datenbankverbindung+via+Host%2FPort%2FCredentials%29+implementation+example+code&limit=1 200[0m
[2m07:58:03[0m [[32m[1minfo     [0m] [1mresponse: https://yandex.com/search/site/?text=python+Direkter+SQL-Datenbank-Konnektor+%28die+vorhandenen+Agents+sind+auf+Text%2FTranskripte+spezialisiert%2C+die+Aufgabe+erfordert+jedoch+eine+aktive+Datenbankverbindung+via+Host%2FPort%2FCredentials%29+implementation+example+code&web=1&searchid=5578071 200[0m
[2m07:58:03[0m [[32m[1minfo     [0m] [1mWeb search for 'python Direkter SQL-Datenbank-Konnektor (die vorhandenen Age' returned 5 results[0m [36mreq[0m=[35m8d2e0730[0m
[2m07:58:08[0m [[32m[1minfo     [0m] [1mGetting challenge status: id=a5126e6a-9689-4a5c-ae34-e96767004b2b[0m [36mreq[0m=[35m2aba4198[0m
[2m07:58:08[0m [[32m[1minfo     [0m] [1mrequest_finished                        [0m [36mduration[0m=[35m0.011[0m [36mmethod[0m=[35mGET[0m [36mpath[0m=[35m/api/v1/challenges/a5126e6a-9689-4a5c-ae34-e96767004b2b[0m [36mreq[0m=[35m2aba4198[0m [36mrequest_id[0m=[35m2aba4198-ee2c-4a8a-8d18-f30334a88a7d[0m [36mstatus[0m=[35m200[0m
[2m07:58:10[0m [[32m[1minfo     [0m] [1mSummarized 6 sources into 3334 chars    [0m [36mreq[0m=[35m8d2e0730[0m
[2m07:58:10[0m [[32m[1minfo     [0m] [1mResearch complete for Direkter SQL-Datenbank-Konnektor (die vorhandenen Agents sind auf Text/Transkripte spezialisiert, die Aufgabe erfordert jedoch eine aktive Datenbankverbindung via Host/Port/Credentials): pip=[], examples=1[0m [36mreq[0m=[35m8d2e0730[0m
[2m07:58:10[0m [[32m[1minfo     [0m] [1mResearch complete: 0 packages found     [0m [36mreq[0m=[35m8d2e0730[0m
[2m07:58:13[0m [[32m[1minfo     [0m] [1mArchitecture complete: 1 test cases defined[0m [36mreq[0m=[35m8d2e0730[0m
[2m07:58:13[0m [[32m[1minfo     [0m] [1mSession start: iteration=1/10, pip=0, apt=1[0m [36mreq[0m=[35m8d2e0730[0m
[2m07:58:13[0m [[32m[1minfo     [0m] [1mDocker client connected successfully    [0m [36mreq[0m=[35m8d2e0730[0m
[2m07:58:13[0m [[32m[1minfo     [0m] [1mSession container created: 7308fe18248e [0m [36mreq[0m=[35m8d2e0730[0m
[2m07:58:13[0m [[32m[1minfo     [0m] [1mInstalling system packages: libpq-dev   [0m [36mreq[0m=[35m8d2e0730[0m
[2m07:58:18[0m [[32m[1minfo     [0m] [1mSystem packages installed successfully: libpq-dev[0m [36mreq[0m=[35m8d2e0730[0m
[2m07:58:18[0m [[32m[1minfo     [0m] [1mImplementation iteration 1/10           [0m [36mreq[0m=[35m8d2e0730[0m
[2m07:58:18[0m [[32m[1minfo     [0m] [1mGetting challenge status: id=a5126e6a-9689-4a5c-ae34-e96767004b2b[0m [36mreq[0m=[35mbc4fc466[0m
[2m07:58:18[0m [[32m[1minfo     [0m] [1mrequest_finished                        [0m [36mduration[0m=[35m0.019[0m [36mmethod[0m=[35mGET[0m [36mpath[0m=[35m/api/v1/challenges/a5126e6a-9689-4a5c-ae34-e96767004b2b[0m [36mreq[0m=[35mbc4fc466[0m [36mrequest_id[0m=[35mbc4fc466-e2dd-4ae0-a391-708a8ee2b2a2[0m [36mstatus[0m=[35m200[0m
[2m07:58:20[0m [[32m[1minfo     [0m] [1mProaktiv erkannte neue Packages: ['sqlalchemy'][0m [36mreq[0m=[35m8d2e0730[0m
[2m07:58:25[0m [[32m[1minfo     [0m] [1mSession start: iteration=2/10, pip=1, apt=1[0m [36mreq[0m=[35m8d2e0730[0m
[2m07:58:26[0m [[32m[1minfo     [0m] [1mSession container created: 8f2d3d654371 [0m [36mreq[0m=[35m8d2e0730[0m
[2m07:58:26[0m [[32m[1minfo     [0m] [1mInstalling system packages: libpq-dev   [0m [36mreq[0m=[35m8d2e0730[0m
[2m07:58:28[0m [[32m[1minfo     [0m] [1mGetting challenge status: id=a5126e6a-9689-4a5c-ae34-e96767004b2b[0m [36mreq[0m=[35m69e1fda8[0m
[2m07:58:28[0m [[32m[1minfo     [0m] [1mrequest_finished                        [0m [36mduration[0m=[35m0.015[0m [36mmethod[0m=[35mGET[0m [36mpath[0m=[35m/api/v1/challenges/a5126e6a-9689-4a5c-ae34-e96767004b2b[0m [36mreq[0m=[35m69e1fda8[0m [36mrequest_id[0m=[35m69e1fda8-9cd5-4e62-b5f2-c3b3c8a0dc6c[0m [36mstatus[0m=[35m200[0m
[2m07:58:30[0m [[32m[1minfo     [0m] [1mSystem packages installed successfully: libpq-dev[0m [36mreq[0m=[35m8d2e0730[0m
[2m07:58:30[0m [[32m[1minfo     [0m] [1mInstalling pip packages: "sqlalchemy"   [0m [36mreq[0m=[35m8d2e0730[0m
[2m07:58:33[0m [[32m[1minfo     [0m] [1mPip packages installed successfully     [0m [36mreq[0m=[35m8d2e0730[0m
[2m07:58:33[0m [[32m[1minfo     [0m] [1mImplementation iteration 2/10           [0m [36mreq[0m=[35m8d2e0730[0m
[2m07:58:33[0m [[33m[1mwarning  [0m] [1mCode execution failed (exit=1): Testing with input: {'driver': 'postgresql+psycopg2', 'host': 'lumari-postgres', 'port': 5432, 'database': 'lumari', 'user': 'lumari', 'password': 'lumari_dev', 'query': 'SELECT 1 as test_val'}
Result: {'success': False, 'error': "Unexpected error: No module named 'psycopg2'"}
TEST FAILED: Unexpected error: No module named 'psycopg2'
[0m [36mreq[0m=[35m8d2e0730[0m
[2m07:58:33[0m [[32m[1minfo     [0m] [1mRecorded build attempt: capability=Direkter SQL-Datenbank-Konnektor (die vorhandenen Agents sind auf Text/Transkripte spezialisiert, die Aufgabe erfordert jedoch eine aktive Datenbankverbindung via Host/Port/Credentials), success=False, error_type=ErrorType.RUNTIME_ERROR[0m [36mreq[0m=[35m8d2e0730[0m
[2m07:58:35[0m [[32m[1minfo     [0m] [1mDebug [LOGIC_ERROR]: produced fixed code (2658 chars)[0m [36mreq[0m=[35m8d2e0730[0m
[2m07:58:35[0m [[32m[1minfo     [0m] [1mImplementation iteration 3/10           [0m [36mreq[0m=[35m8d2e0730[0m
[2m07:58:36[0m [[33m[1mwarning  [0m] [1mCode execution failed (exit=1): Collecting psycopg2
  Using cached psycopg2-2.9.12.tar.gz (379 kB)
  Preparing metadata (setup.py): started
  Preparing metadata (setup.py): finished with status 'done'
Building wheels for collected packages: psycopg2
  Building wheel for psycopg2 (setup.py): started
  Building wheel for psycopg2 (setup.py): finished with status 'error'
  error: subprocess-exited-with-error
  
  × python setup.py bdist_wheel did not run successfully.
  │ exit code: 1
  ╰─> [43 lines of output]
      /usr/local/l[0m [36mreq[0m=[35m8d2e0730[0m
[2m07:58:36[0m [[32m[1minfo     [0m] [1mRecorded build attempt: capability=Direkter SQL-Datenbank-Konnektor (die vorhandenen Agents sind auf Text/Transkripte spezialisiert, die Aufgabe erfordert jedoch eine aktive Datenbankverbindung via Host/Port/Credentials), success=False, error_type=ErrorType.RUNTIME_ERROR[0m [36mreq[0m=[35m8d2e0730[0m
[2m07:58:38[0m [[32m[1minfo     [0m] [1mGetting challenge status: id=a5126e6a-9689-4a5c-ae34-e96767004b2b[0m [36mreq[0m=[35mb18bfcee[0m
[2m07:58:38[0m [[32m[1minfo     [0m] [1mrequest_finished                        [0m [36mduration[0m=[35m0.014[0m [36mmethod[0m=[35mGET[0m [36mpath[0m=[35m/api/v1/challenges/a5126e6a-9689-4a5c-ae34-e96767004b2b[0m [36mreq[0m=[35mb18bfcee[0m [36mrequest_id[0m=[35mb18bfcee-1af2-4fd6-80ae-8e416d74f3f2[0m [36mstatus[0m=[35m200[0m
[2m07:58:39[0m [[32m[1minfo     [0m] [1mDebug [LOGIC_ERROR]: produced fixed code (2907 chars)[0m [36mreq[0m=[35m8d2e0730[0m
[2m07:58:39[0m [[32m[1minfo     [0m] [1mImplementation iteration 4/10           [0m [36mreq[0m=[35m8d2e0730[0m
[2m07:58:40[0m [[32m[1minfo     [0m] [1mImplementation erfolgreich nach 4 Iterationen[0m [36mreq[0m=[35m8d2e0730[0m
[2m07:58:45[0m [[32m[1minfo     [0m] [1mReview iteration 1/2                    [0m [36mreq[0m=[35m8d2e0730[0m
[2m07:58:49[0m [[32m[1minfo     [0m] [1mGetting challenge status: id=a5126e6a-9689-4a5c-ae34-e96767004b2b[0m [36mreq[0m=[35mc01d3d40[0m
[2m07:58:49[0m [[32m[1minfo     [0m] [1mrequest_finished                        [0m [36mduration[0m=[35m0.014[0m [36mmethod[0m=[35mGET[0m [36mpath[0m=[35m/api/v1/challenges/a5126e6a-9689-4a5c-ae34-e96767004b2b[0m [36mreq[0m=[35mc01d3d40[0m [36mrequest_id[0m=[35mc01d3d40-ea64-46fc-9667-5e20cb7d6c3c[0m [36mstatus[0m=[35m200[0m
[2m07:58:51[0m [[32m[1minfo     [0m] [1mStarting sandbox execution: pip=['sqlalchemy'], apt=['libpq-dev'], input_files=[][0m [36mreq[0m=[35m8d2e0730[0m
[2m07:58:51[0m [[32m[1minfo     [0m] [1mInstalling system packages: libpq-dev   [0m [36mreq[0m=[35m8d2e0730[0m
[2m07:58:56[0m [[32m[1minfo     [0m] [1mSystem packages installed successfully: libpq-dev[0m [36mreq[0m=[35m8d2e0730[0m
[2m07:58:56[0m [[32m[1minfo     [0m] [1mInstalling pip packages: "sqlalchemy"   [0m [36mreq[0m=[35m8d2e0730[0m
[2m07:58:58[0m [[32m[1minfo     [0m] [1mPip packages installed successfully     [0m [36mreq[0m=[35m8d2e0730[0m
[2m07:58:58[0m [[33m[1mwarning  [0m] [1mCode execution failed (exit=1): Traceback (most recent call last):
  File "/workspace/script.py", line 4, in <module>
    from pydantic import BaseModel, Field, ValidationError
ModuleNotFoundError: No module named 'pydantic'
[0m [36mreq[0m=[35m8d2e0730[0m
[2m07:58:58[0m [[32m[1minfo     [0m] [1mSandbox execution complete: success=False, time=7354ms, cached=False[0m [36mreq[0m=[35m8d2e0730[0m
[2m07:58:59[0m [[32m[1minfo     [0m] [1mGetting challenge status: id=a5126e6a-9689-4a5c-ae34-e96767004b2b[0m [36mreq[0m=[35m148ee73d[0m
[2m07:58:59[0m [[32m[1minfo     [0m] [1mrequest_finished                        [0m [36mduration[0m=[35m0.015[0m [36mmethod[0m=[35mGET[0m [36mpath[0m=[35m/api/v1/challenges/a5126e6a-9689-4a5c-ae34-e96767004b2b[0m [36mreq[0m=[35m148ee73d[0m [36mrequest_id[0m=[35m148ee73d-e59d-43ef-9f80-3e55a2535db9[0m [36mstatus[0m=[35m200[0m
[2m07:59:03[0m [[33m[1mwarning  [0m] [1mRevision broke the code: Traceback (most recent call last):
  File "/workspace/script.py", line 4, in <module>
    from pydantic import BaseModel, Field, ValidationError
ModuleNotFoundError: No module named 'pydantic'
. Reverting to pre-review code.[0m [36mreq[0m=[35m8d2e0730[0m
[2m07:59:03[0m [[32m[1minfo     [0m] [1mStarting sandbox execution: pip=['sqlalchemy'], apt=['libpq-dev'], input_files=[][0m [36mreq[0m=[35m8d2e0730[0m
[2m07:59:04[0m [[32m[1minfo     [0m] [1mInstalling system packages: libpq-dev   [0m [36mreq[0m=[35m8d2e0730[0m
[2m07:59:08[0m [[32m[1minfo     [0m] [1mSystem packages installed successfully: libpq-dev[0m [36mreq[0m=[35m8d2e0730[0m
[2m07:59:08[0m [[32m[1minfo     [0m] [1mInstalling pip packages: "sqlalchemy"   [0m [36mreq[0m=[35m8d2e0730[0m
[2m07:59:09[0m [[32m[1minfo     [0m] [1mGetting challenge status: id=a5126e6a-9689-4a5c-ae34-e96767004b2b[0m [36mreq[0m=[35m6a4852e0[0m
[2m07:59:09[0m [[32m[1minfo     [0m] [1mrequest_finished                        [0m [36mduration[0m=[35m0.005[0m [36mmethod[0m=[35mGET[0m [36mpath[0m=[35m/api/v1/challenges/a5126e6a-9689-4a5c-ae34-e96767004b2b[0m [36mreq[0m=[35m6a4852e0[0m [36mrequest_id[0m=[35m6a4852e0-2b79-4a1f-b586-8cd6cab08b45[0m [36mstatus[0m=[35m200[0m
[2m07:59:11[0m [[32m[1minfo     [0m] [1mPip packages installed successfully     [0m [36mreq[0m=[35m8d2e0730[0m
[2m07:59:12[0m [[32m[1minfo     [0m] [1mSandbox execution complete: success=True, time=8169ms, cached=False[0m [36mreq[0m=[35m8d2e0730[0m
[2m07:59:17[0m [[32m[1minfo     [0m] [1mCreated new skill: 89590f91-a9e3-423b-95d8-9c0fee2b0e97[0m [36mreq[0m=[35m8d2e0730[0m
[2m07:59:17[0m [[32m[1minfo     [0m] [1mRecorded build attempt: capability=Direkter SQL-Datenbank-Konnektor (die vorhandenen Agents sind auf Text/Transkripte spezialisiert, die Aufgabe erfordert jedoch eine aktive Datenbankverbindung via Host/Port/Credentials), success=True, error_type=None[0m [36mreq[0m=[35m8d2e0730[0m
[2m07:59:17[0m [[32m[1minfo     [0m] [1mSkill development complete: skill_direkter_sql_datenbank_konnektor_(die_vorhandenen_agents_sind_auf_text/transkripte_spezialisiert,_die_aufgabe_erfordert_jedoch_eine_aktive_datenbankverbindung_via_host/port/credentials) in 75034ms[0m [36mreq[0m=[35m8d2e0730[0m
[2m07:59:17[0m [[32m[1minfo     [0m] [1mInjecting skill 89590f91... with plan: target_agent=2c860d4d..., rationale=The context_retriever is the most appropriate agent to handle raw data extraction from external structured sources to feed into the broader analysis pipeline.[0m [36mreq[0m=[35m8d2e0730[0m
[2m07:59:17[0m [[32m[1minfo     [0m] [1mCreated skill binding: skill=89590f91... -> agent=2c860d4d...[0m [36mreq[0m=[35m8d2e0730[0m
[2m07:59:17[0m [[32m[1minfo     [0m] [1mLoading topology from database...       [0m [36mreq[0m=[35m8d2e0730[0m
[2m07:59:17[0m [[32m[1minfo     [0m] [1mMapped 6 skill entries to 6 capabilities[0m [36mreq[0m=[35m8d2e0730[0m
[2m07:59:17[0m [[32m[1minfo     [0m] [1mTopology validated: 11 agents in 5 waves[0m [36mreq[0m=[35m8d2e0730[0m
[2m07:59:17[0m [[32m[1minfo     [0m] [1mLoaded 6 skills for topology            [0m [36mreq[0m=[35m8d2e0730[0m
[2m07:59:17[0m [[32m[1minfo     [0m] [1mTopology loaded: 11 agents, 5 waves     [0m [36mreq[0m=[35m8d2e0730[0m
[2m07:59:17[0m [[32m[1minfo     [0m] [1mPlan-based injection complete: skill=89590f91... -> agent=context_retriever[0m [36mreq[0m=[35m8d2e0730[0m
[2m07:59:17[0m [[32m[1minfo     [0m] [1mbuild_on_demand: skill 'skill_direkter_sql_datenbank_konnektor_(die_vorhandenen_agents_sind_auf_text/transkripte_spezialisiert,_die_aufgabe_erfordert_jedoch_eine_aktive_datenbankverbindung_via_host/port/credentials)' built and injected (inject_ok=True, msg=Skill injected and bound to agent 'context_retriever' via architect plan)[0m [36mreq[0m=[35m8d2e0730[0m
[2m07:59:19[0m [[32m[1minfo     [0m] [1mGetting challenge status: id=a5126e6a-9689-4a5c-ae34-e96767004b2b[0m [36mreq[0m=[35me3ab2ab2[0m
[2m07:59:19[0m [[32m[1minfo     [0m] [1mrequest_finished                        [0m [36mduration[0m=[35m0.009[0m [36mmethod[0m=[35mGET[0m [36mpath[0m=[35m/api/v1/challenges/a5126e6a-9689-4a5c-ae34-e96767004b2b[0m [36mreq[0m=[35me3ab2ab2[0m [36mrequest_id[0m=[35me3ab2ab2-4ecc-477f-a510-79d1d96e6a9e[0m [36mstatus[0m=[35m200[0m
[2m07:59:20[0m [[33m[1mwarning  [0m] [1mTeam assembly: Gaps nach Gap-Build noch offen, Fallback[0m [36mreq[0m=[35m8d2e0730[0m
[2m07:59:20[0m [[32m[1minfo     [0m] [1mLoading topology from database...       [0m [36mreq[0m=[35m8d2e0730[0m
[2m07:59:20[0m [[32m[1minfo     [0m] [1mMapped 6 skill entries to 6 capabilities[0m [36mreq[0m=[35m8d2e0730[0m
[2m07:59:20[0m [[32m[1minfo     [0m] [1mTopology validated: 11 agents in 5 waves[0m [36mreq[0m=[35m8d2e0730[0m
[2m07:59:20[0m [[32m[1minfo     [0m] [1mLoaded 6 skills for topology            [0m [36mreq[0m=[35m8d2e0730[0m
[2m07:59:20[0m [[32m[1minfo     [0m] [1mTopology loaded: 11 agents, 5 waves     [0m [36mreq[0m=[35m8d2e0730[0m
[2m07:59:20[0m [[32m[1minfo     [0m] [1mDocker client connected successfully    [0m [36mreq[0m=[35m8d2e0730[0m
[2m07:59:20[0m [[32m[1minfo     [0m] [1mCreated DynamicSandbox executor (Docker-based, unrestricted)[0m [36mreq[0m=[35m8d2e0730[0m
[2m07:59:20[0m [[32m[1minfo     [0m] [1mLoading topology from database...       [0m [36mreq[0m=[35m8d2e0730[0m
[2m07:59:20[0m [[32m[1minfo     [0m] [1mMapped 6 skill entries to 6 capabilities[0m [36mreq[0m=[35m8d2e0730[0m
[2m07:59:20[0m [[32m[1minfo     [0m] [1mTopology validated: 11 agents in 5 waves[0m [36mreq[0m=[35m8d2e0730[0m
[2m07:59:20[0m [[32m[1minfo     [0m] [1mLoaded 6 skills for topology            [0m [36mreq[0m=[35m8d2e0730[0m
[2m07:59:20[0m [[32m[1minfo     [0m] [1mTopology loaded: 11 agents, 5 waves     [0m [36mreq[0m=[35m8d2e0730[0m
[2m07:59:20[0m [[32m[1minfo     [0m] [1mRuntimeAgentRegistry initialized with max_concurrent=5[0m [36mreq[0m=[35m8d2e0730[0m
[2m07:59:20[0m [[32m[1minfo     [0m] [1mExecuting wave 1/5: ['75fb97b8-e608-47c7-a3c2-dcecf5a8643c', '6421b18d-9639-4c9c-a7c1-408a7f3e69bd', 'dbffe628-3ddb-406f-9273-b0cac459f9a7', 'dcda226c-63d4-4f4d-932e-22cd5fb17ab3'][0m [36mreq[0m=[35m8d2e0730[0m
[2m07:59:20[0m [[32m[1minfo     [0m] [1mSkipping dev-team agent 'product_owner' in execution wave[0m [36mreq[0m=[35m8d2e0730[0m
[2m07:59:20[0m [[32m[1minfo     [0m] [1mSkipping dev-team agent 'quality_judge' in execution wave[0m [36mreq[0m=[35m8d2e0730[0m
[2m07:59:20[0m [[32m[1minfo     [0m] [1mSkipping dev-team agent 'execution_analyzer' in execution wave[0m [36mreq[0m=[35m8d2e0730[0m
[2m07:59:20[0m [[32m[1minfo     [0m] [1mExecuting agent: transcript_analyzer (75fb97b8-e608-47c7-a3c2-dcecf5a8643c)[0m [36mreq[0m=[35m8d2e0730[0m
[2m07:59:20[0m [[32m[1minfo     [0m] [1mshared_memory_metrics agent=transcript_analyzer facts_kept=5 facts_total=8 hypotheses=0 relations=0 approx_tokens=1754 query_chars=321[0m [36mreq[0m=[35m8d2e0730[0m
[2m07:59:22[0m [[32m[1minfo     [0m] [1mTool call 1/15: skill_direkter_sql_datenbank_konnektor_(die_vorhandenen_agents_sind_auf_text/transkripte_spezialisiert,_die_aufgabe_erfordert_jedoch_eine_aktive_datenbankverbindung_via_host/port/credentials)[0m [36mreq[0m=[35m8d2e0730[0m
[2m07:59:22[0m [[32m[1minfo     [0m] [1mStarting sandbox execution: pip=['sqlalchemy'], apt=['libpq-dev'], input_files=[][0m [36mreq[0m=[35m8d2e0730[0m
[2m07:59:22[0m [[32m[1minfo     [0m] [1mInstalling system packages: libpq-dev   [0m [36mreq[0m=[35m8d2e0730[0m
[2m07:59:27[0m [[32m[1minfo     [0m] [1mSystem packages installed successfully: libpq-dev[0m [36mreq[0m=[35m8d2e0730[0m
[2m07:59:27[0m [[32m[1minfo     [0m] [1mInstalling pip packages: "sqlalchemy"   [0m [36mreq[0m=[35m8d2e0730[0m
[2m07:59:29[0m [[32m[1minfo     [0m] [1mGetting challenge status: id=a5126e6a-9689-4a5c-ae34-e96767004b2b[0m [36mreq[0m=[35m94af057e[0m
[2m07:59:29[0m [[32m[1minfo     [0m] [1mrequest_finished                        [0m [36mduration[0m=[35m0.006[0m [36mmethod[0m=[35mGET[0m [36mpath[0m=[35m/api/v1/challenges/a5126e6a-9689-4a5c-ae34-e96767004b2b[0m [36mreq[0m=[35m94af057e[0m [36mrequest_id[0m=[35m94af057e-2736-41f4-bd43-2c6d7dac481f[0m [36mstatus[0m=[35m200[0m
[2m07:59:29[0m [[32m[1minfo     [0m] [1mPip packages installed successfully     [0m [36mreq[0m=[35m8d2e0730[0m
[2m07:59:30[0m [[32m[1minfo     [0m] [1mSandbox execution complete: success=True, time=8219ms, cached=False[0m [36mreq[0m=[35m8d2e0730[0m
[2m07:59:30[0m [[32m[1minfo     [0m] [1mCaching container image for future use...[0m [36mreq[0m=[35m8d2e0730[0m
[2m07:59:30[0m [[32m[1minfo     [0m] [1mBuilding image: lumari-sandbox:custom-7ff3900f[0m [36mreq[0m=[35m8d2e0730[0m
[2m07:59:30[0m [[32m[1minfo     [0m] [1m  pip: ['sqlalchemy']                   [0m [36mreq[0m=[35m8d2e0730[0m
[2m07:59:30[0m [[32m[1minfo     [0m] [1m  apt: ['libpq-dev']                    [0m [36mreq[0m=[35m8d2e0730[0m
[2m07:59:30[0m [[32m[1minfo     [0m] [1mImage already exists in Docker: lumari-sandbox:custom-7ff3900f[0m [36mreq[0m=[35m8d2e0730[0m
[2m07:59:36[0m [[32m[1minfo     [0m] [1mTool call 2/15: skill_connect_to_postgresql_database[0m [36mreq[0m=[35m8d2e0730[0m
[2m07:59:36[0m [[32m[1minfo     [0m] [1mStarting sandbox execution: pip=['psycopg2-binary'], apt=[], input_files=[][0m [36mreq[0m=[35m8d2e0730[0m
[2m07:59:36[0m [[32m[1minfo     [0m] [1mFound cached image: lumari-sandbox:custom-c3a5332b (usage=3)[0m [36mreq[0m=[35m8d2e0730[0m
[2m07:59:36[0m [[32m[1minfo     [0m] [1mUsing cached image: lumari-sandbox:custom-c3a5332b[0m [36mreq[0m=[35m8d2e0730[0m
[2m07:59:37[0m [[33m[1mwarning  [0m] [1mCode execution failed (exit=1): Traceback (most recent call last):
  File "/workspace/script.py", line 84, in <module>
    _result = _get_pool(_input)
              ^^^^^^^^^^^^^^^^^
  File "/workspace/script.py", line 15, in _get_pool
    if connection_string not in _connection_pools:
       ^^^^^^^^^^^^^^^^^^^^^^^^^^^^^^^^^^^^^^^^^^
TypeError: unhashable type: 'dict'
[0m [36mreq[0m=[35m8d2e0730[0m
[2m07:59:37[0m [[32m[1minfo     [0m] [1mSandbox execution complete: success=False, time=381ms, cached=True[0m [36mreq[0m=[35m8d2e0730[0m
[2m07:59:39[0m [[32m[1minfo     [0m] [1mGetting challenge status: id=a5126e6a-9689-4a5c-ae34-e96767004b2b[0m [36mreq[0m=[35m12f0245b[0m
[2m07:59:39[0m [[32m[1minfo     [0m] [1mrequest_finished                        [0m [36mduration[0m=[35m0.015[0m [36mmethod[0m=[35mGET[0m [36mpath[0m=[35m/api/v1/challenges/a5126e6a-9689-4a5c-ae34-e96767004b2b[0m [36mreq[0m=[35m12f0245b[0m [36mrequest_id[0m=[35m12f0245b-7c1e-4c0d-aba3-688759684894[0m [36mstatus[0m=[35m200[0m
[2m07:59:44[0m [[32m[1minfo     [0m] [1mAgent transcript_analyzer returned final answer after 2 tool calls[0m [36mreq[0m=[35m8d2e0730[0m
[2m07:59:44[0m [[32m[1minfo     [0m] [1mAgent transcript_analyzer completed     [0m [36mreq[0m=[35m8d2e0730[0m
[2m07:59:44[0m [[32m[1minfo     [0m] [1mWave 1 agent 'transcript_analyzer' completed: success=True, skipped=False, result_len=740[0m [36mreq[0m=[35m8d2e0730[0m
[2m07:59:44[0m [[32m[1minfo     [0m] [1mExecuting wave 2/5: ['2c860d4d-d78f-42c4-80b2-3356f4d2fdad', '5594bd49-fc8c-4507-ba5c-b3db3ffd47a7'][0m [36mreq[0m=[35m8d2e0730[0m
[2m07:59:44[0m [[32m[1minfo     [0m] [1mSkipping dev-team agent 'control_agent' in execution wave[0m [36mreq[0m=[35m8d2e0730[0m
[2m07:59:44[0m [[32m[1minfo     [0m] [1mExecuting agent: context_retriever (2c860d4d-d78f-42c4-80b2-3356f4d2fdad)[0m [36mreq[0m=[35m8d2e0730[0m
[2m07:59:46[0m [[32m[1minfo     [0m] [1mAgent context_retriever returned final answer after 0 tool calls[0m [36mreq[0m=[35m8d2e0730[0m
[2m07:59:47[0m [[32m[1minfo     [0m] [1mAgent context_retriever completed       [0m [36mreq[0m=[35m8d2e0730[0m
[2m07:59:47[0m [[32m[1minfo     [0m] [1mWave 2 agent 'context_retriever' completed: success=True, skipped=False, result_len=642[0m [36mreq[0m=[35m8d2e0730[0m
[2m07:59:47[0m [[32m[1minfo     [0m] [1mExecuting wave 3/5: ['a9dc3547-c07e-42db-adef-e9aed3bdf631', '48e000a4-63e1-4a7a-afa1-91c2f8f3cb40', '7b687fdd-1f6f-429b-8e79-2601f8c0d3e2'][0m [36mreq[0m=[35m8d2e0730[0m
[2m07:59:47[0m [[32m[1minfo     [0m] [1mSkipping dev-team agent 'prompt_engineer' in execution wave[0m [36mreq[0m=[35m8d2e0730[0m
[2m07:59:47[0m [[32m[1minfo     [0m] [1mSkipping dev-team agent 'tool_builder' in execution wave[0m [36mreq[0m=[35m8d2e0730[0m
[2m07:59:47[0m [[32m[1minfo     [0m] [1mExecuting agent: report_generator (a9dc3547-c07e-42db-adef-e9aed3bdf631)[0m [36mreq[0m=[35m8d2e0730[0m
[2m07:59:49[0m [[32m[1minfo     [0m] [1mAgent report_generator returned final answer after 0 tool calls[0m [36mreq[0m=[35m8d2e0730[0m
[2m07:59:49[0m [[32m[1minfo     [0m] [1mGetting challenge status: id=a5126e6a-9689-4a5c-ae34-e96767004b2b[0m [36mreq[0m=[35m6d4ad2bc[0m
[2m07:59:49[0m [[32m[1minfo     [0m] [1mrequest_finished                        [0m [36mduration[0m=[35m0.01[0m [36mmethod[0m=[35mGET[0m [36mpath[0m=[35m/api/v1/challenges/a5126e6a-9689-4a5c-ae34-e96767004b2b[0m [36mreq[0m=[35m6d4ad2bc[0m [36mrequest_id[0m=[35m6d4ad2bc-028c-4303-bef1-8b4cf53afe7a[0m [36mstatus[0m=[35m200[0m
[2m07:59:49[0m [[32m[1minfo     [0m] [1mAgent report_generator completed        [0m [36mreq[0m=[35m8d2e0730[0m
[2m07:59:49[0m [[32m[1minfo     [0m] [1mWave 3 agent 'report_generator' completed: success=True, skipped=False, result_len=1242[0m [36mreq[0m=[35m8d2e0730[0m
[2m07:59:49[0m [[32m[1minfo     [0m] [1mExecuting wave 4/5: ['96c2b0d9-f739-4773-80ed-faa3aa399cff'][0m [36mreq[0m=[35m8d2e0730[0m
[2m07:59:49[0m [[32m[1minfo     [0m] [1mExecuting agent: quality_validator (96c2b0d9-f739-4773-80ed-faa3aa399cff)[0m [36mreq[0m=[35m8d2e0730[0m
[2m07:59:51[0m [[32m[1minfo     [0m] [1mAgent quality_validator returned final answer after 0 tool calls[0m [36mreq[0m=[35m8d2e0730[0m
[2m07:59:51[0m [[32m[1minfo     [0m] [1mAgent quality_validator completed       [0m [36mreq[0m=[35m8d2e0730[0m
[2m07:59:51[0m [[32m[1minfo     [0m] [1mWave 4 agent 'quality_validator' completed: success=True, skipped=False, result_len=499[0m [36mreq[0m=[35m8d2e0730[0m
[2m07:59:51[0m [[32m[1minfo     [0m] [1mExecuting wave 5/5: ['2f49804d-3909-482a-aa2d-2b09912eb1be'][0m [36mreq[0m=[35m8d2e0730[0m
[2m07:59:51[0m [[32m[1minfo     [0m] [1mExecuting agent: report_finalizer (2f49804d-3909-482a-aa2d-2b09912eb1be)[0m [36mreq[0m=[35m8d2e0730[0m
[2m07:59:53[0m [[32m[1minfo     [0m] [1mAgent report_finalizer returned final answer after 0 tool calls[0m [36mreq[0m=[35m8d2e0730[0m
[2m07:59:53[0m [[32m[1minfo     [0m] [1mAgent report_finalizer completed        [0m [36mreq[0m=[35m8d2e0730[0m
[2m07:59:53[0m [[32m[1minfo     [0m] [1mWave 5 agent 'report_finalizer' completed: success=True, skipped=False, result_len=1551[0m [36mreq[0m=[35m8d2e0730[0m
[2m07:59:55[0m [[32m[1minfo     [0m] [1mVerification: score=0.10, action=escalate, round 1[0m [36mreq[0m=[35m8d2e0730[0m
[2m07:59:55[0m [[32m[1minfo     [0m] [1mEskalation: Gap-Building für ['Output ist rein theoretisch / beschreibend'][0m [36mreq[0m=[35m8d2e0730[0m
[2m07:59:55[0m [[32m[1minfo     [0m] [1mLoading topology from database...       [0m [36mreq[0m=[35m8d2e0730[0m
[2m07:59:55[0m [[32m[1minfo     [0m] [1mMapped 6 skill entries to 6 capabilities[0m [36mreq[0m=[35m8d2e0730[0m
[2m07:59:55[0m [[32m[1minfo     [0m] [1mTopology validated: 11 agents in 5 waves[0m [36mreq[0m=[35m8d2e0730[0m
[2m07:59:55[0m [[32m[1minfo     [0m] [1mLoaded 6 skills for topology            [0m [36mreq[0m=[35m8d2e0730[0m
[2m07:59:55[0m [[32m[1minfo     [0m] [1mTopology loaded: 11 agents, 5 waves     [0m [36mreq[0m=[35m8d2e0730[0m
[2m07:59:55[0m [[32m[1minfo     [0m] [1mRuntimeAgentRegistry initialized with max_concurrent=5[0m [36mreq[0m=[35m8d2e0730[0m
[2m07:59:55[0m [[32m[1minfo     [0m] [1mbuild_on_demand: building skill for 'Output ist rein theoretisch / beschreibend'[0m [36mreq[0m=[35m8d2e0730[0m
[2m07:59:55[0m [[32m[1minfo     [0m] [1mStarting team-based skill development for: Output ist rein theoretisch / beschreibend[0m [36mreq[0m=[35m8d2e0730[0m
[2m07:59:55[0m [[32m[1minfo     [0m] [1mResearching capability: Output ist rein theoretisch / beschreibend[0m [36mreq[0m=[35m8d2e0730[0m
[2m07:59:55[0m [[32m[1minfo     [0m] [1mresponse: https://en.wikipedia.org/w/api.php?action=opensearch&profile=fuzzy&limit=1&search=python%20Output%20ist%20rein%20theoretisch%20/%20beschreibend%20implementation%20example%20code 200[0m
[2m07:59:56[0m [[32m[1minfo     [0m] [1mresponse: https://grokipedia.com/api/typeahead?query=python+Output+ist+rein+theoretisch+%2F+beschreibend+implementation+example+code&limit=1 200[0m
[2m07:59:56[0m [[32m[1minfo     [0m] [1mresponse: https://www.google.com/search?q=python+Output+ist+rein+theoretisch+%2F+beschreibend+implementation+example+code&filter=1&start=0&hl=en-US&lr=lang_en&cr=countryUS 200[0m
[2m07:59:57[0m [[32m[1minfo     [0m] [1mresponse: https://search.brave.com/search?q=python+Output+ist+rein+theoretisch+%2F+beschreibend+implementation+example+code&source=web 200[0m
[2m07:59:57[0m [[32m[1minfo     [0m] [1mWeb search for 'python Output ist rein theoretisch / beschreibend implementa' returned 5 results[0m [36mreq[0m=[35m8d2e0730[0m
[2m07:59:59[0m [[32m[1minfo     [0m] [1mGetting challenge status: id=a5126e6a-9689-4a5c-ae34-e96767004b2b[0m [36mreq[0m=[35m6a257a90[0m
[2m07:59:59[0m [[32m[1minfo     [0m] [1mrequest_finished                        [0m [36mduration[0m=[35m0.051[0m [36mmethod[0m=[35mGET[0m [36mpath[0m=[35m/api/v1/challenges/a5126e6a-9689-4a5c-ae34-e96767004b2b[0m [36mreq[0m=[35m6a257a90[0m [36mrequest_id[0m=[35m6a257a90-c462-492d-a4be-f54c3530f74c[0m [36mstatus[0m=[35m200[0m
[2m08:00:01[0m [[32m[1minfo     [0m] [1mSummarized 5 sources into 2795 chars    [0m [36mreq[0m=[35m8d2e0730[0m
[2m08:00:01[0m [[32m[1minfo     [0m] [1mResearch complete for Output ist rein theoretisch / beschreibend: pip=[], examples=1[0m [36mreq[0m=[35m8d2e0730[0m
[2m08:00:01[0m [[32m[1minfo     [0m] [1mResearch complete: 0 packages found     [0m [36mreq[0m=[35m8d2e0730[0m
[2m08:00:03[0m [[32m[1minfo     [0m] [1mArchitecture complete: 2 test cases defined[0m [36mreq[0m=[35m8d2e0730[0m
[2m08:00:03[0m [[32m[1minfo     [0m] [1mSession start: iteration=1/10, pip=0, apt=0[0m [36mreq[0m=[35m8d2e0730[0m
[2m08:00:03[0m [[32m[1minfo     [0m] [1mDocker client connected successfully    [0m [36mreq[0m=[35m8d2e0730[0m
[2m08:00:03[0m [[32m[1minfo     [0m] [1mSession container created: 8eb44d6849d3 [0m [36mreq[0m=[35m8d2e0730[0m
[2m08:00:03[0m [[32m[1minfo     [0m] [1mImplementation iteration 1/10           [0m [36mreq[0m=[35m8d2e0730[0m
[2m08:00:05[0m [[32m[1minfo     [0m] [1mImplementation erfolgreich nach 1 Iterationen[0m [36mreq[0m=[35m8d2e0730[0m
[2m08:00:09[0m [[32m[1minfo     [0m] [1mGetting challenge status: id=a5126e6a-9689-4a5c-ae34-e96767004b2b[0m [36mreq[0m=[35m6474c1c3[0m
[2m08:00:09[0m [[32m[1minfo     [0m] [1mrequest_finished                        [0m [36mduration[0m=[35m0.013[0m [36mmethod[0m=[35mGET[0m [36mpath[0m=[35m/api/v1/challenges/a5126e6a-9689-4a5c-ae34-e96767004b2b[0m [36mreq[0m=[35m6474c1c3[0m [36mrequest_id[0m=[35m6474c1c3-b649-49e5-b062-f71667ba87f7[0m [36mstatus[0m=[35m200[0m
[2m08:00:10[0m [[32m[1minfo     [0m] [1mReview iteration 1/2                    [0m [36mreq[0m=[35m8d2e0730[0m
[2m08:00:15[0m [[32m[1minfo     [0m] [1mStarting sandbox execution: pip=[], apt=[], input_files=[][0m [36mreq[0m=[35m8d2e0730[0m
[2m08:00:15[0m [[33m[1mwarning  [0m] [1mCode execution failed (exit=1): Traceback (most recent call last):
  File "/workspace/script.py", line 1, in <module>
    from pydantic import BaseModel, Field, ValidationError
ModuleNotFoundError: No module named 'pydantic'
[0m [36mreq[0m=[35m8d2e0730[0m
[2m08:00:15[0m [[32m[1minfo     [0m] [1mSandbox execution complete: success=False, time=309ms, cached=False[0m [36mreq[0m=[35m8d2e0730[0m
[2m08:00:19[0m [[32m[1minfo     [0m] [1mGetting challenge status: id=a5126e6a-9689-4a5c-ae34-e96767004b2b[0m [36mreq[0m=[35m57a9fdc8[0m
[2m08:00:19[0m [[32m[1minfo     [0m] [1mrequest_finished                        [0m [36mduration[0m=[35m0.016[0m [36mmethod[0m=[35mGET[0m [36mpath[0m=[35m/api/v1/challenges/a5126e6a-9689-4a5c-ae34-e96767004b2b[0m [36mreq[0m=[35m57a9fdc8[0m [36mrequest_id[0m=[35m57a9fdc8-d4d8-4f3e-9325-2295406eef5d[0m [36mstatus[0m=[35m200[0m
[2m08:00:20[0m [[33m[1mwarning  [0m] [1mRevision broke the code: Traceback (most recent call last):
  File "/workspace/script.py", line 1, in <module>
    from pydantic import BaseModel, Field, ValidationError
ModuleNotFoundError: No module named 'pydantic'
. Reverting to pre-review code.[0m [36mreq[0m=[35m8d2e0730[0m
[2m08:00:20[0m [[32m[1minfo     [0m] [1mStarting sandbox execution: pip=[], apt=[], input_files=[][0m [36mreq[0m=[35m8d2e0730[0m
[2m08:00:21[0m [[32m[1minfo     [0m] [1mSandbox execution complete: success=True, time=380ms, cached=False[0m [36mreq[0m=[35m8d2e0730[0m
[2m08:00:26[0m [[32m[1minfo     [0m] [1mCreated new skill: 949542a0-3790-4166-ac6d-47d4e0b2a224[0m [36mreq[0m=[35m8d2e0730[0m
[2m08:00:26[0m [[32m[1minfo     [0m] [1mRecorded build attempt: capability=Output ist rein theoretisch / beschreibend, success=True, error_type=None[0m [36mreq[0m=[35m8d2e0730[0m
[2m08:00:26[0m [[32m[1minfo     [0m] [1mSkill development complete: skill_output_ist_rein_theoretisch_/_beschreibend in 30950ms[0m [36mreq[0m=[35m8d2e0730[0m
[2m08:00:26[0m [[32m[1minfo     [0m] [1mInjecting skill 949542a0... with plan: target_agent=a9dc3547..., rationale=The report_generator is the ideal agent for transforming raw data into structured, descriptive, and human-readable summaries.[0m [36mreq[0m=[35m8d2e0730[0m
[2m08:00:26[0m [[32m[1minfo     [0m] [1mCreated skill binding: skill=949542a0... -> agent=a9dc3547...[0m [36mreq[0m=[35m8d2e0730[0m
[2m08:00:26[0m [[32m[1minfo     [0m] [1mLoading topology from database...       [0m [36mreq[0m=[35m8d2e0730[0m
[2m08:00:26[0m [[32m[1minfo     [0m] [1mMapped 7 skill entries to 7 capabilities[0m [36mreq[0m=[35m8d2e0730[0m
[2m08:00:26[0m [[32m[1minfo     [0m] [1mTopology validated: 11 agents in 5 waves[0m [36mreq[0m=[35m8d2e0730[0m
[2m08:00:26[0m [[32m[1minfo     [0m] [1mLoaded 7 skills for topology            [0m [36mreq[0m=[35m8d2e0730[0m
[2m08:00:26[0m [[32m[1minfo     [0m] [1mTopology loaded: 11 agents, 5 waves     [0m [36mreq[0m=[35m8d2e0730[0m
[2m08:00:26[0m [[32m[1minfo     [0m] [1mPlan-based injection complete: skill=949542a0... -> agent=report_generator[0m [36mreq[0m=[35m8d2e0730[0m
[2m08:00:26[0m [[32m[1minfo     [0m] [1mbuild_on_demand: skill 'skill_output_ist_rein_theoretisch_/_beschreibend' built and injected (inject_ok=True, msg=Skill injected and bound to agent 'report_generator' via architect plan)[0m [36mreq[0m=[35m8d2e0730[0m
[2m08:00:26[0m [[32m[1minfo     [0m] [1mArtifact pool cleared: 5 artifacts discarded[0m [36mreq[0m=[35m8d2e0730[0m
[2m08:00:29[0m [[32m[1minfo     [0m] [1mGetting challenge status: id=a5126e6a-9689-4a5c-ae34-e96767004b2b[0m [36mreq[0m=[35m4c9e0ad7[0m
[2m08:00:29[0m [[32m[1minfo     [0m] [1mrequest_finished                        [0m [36mduration[0m=[35m0.014[0m [36mmethod[0m=[35mGET[0m [36mpath[0m=[35m/api/v1/challenges/a5126e6a-9689-4a5c-ae34-e96767004b2b[0m [36mreq[0m=[35m4c9e0ad7[0m [36mrequest_id[0m=[35m4c9e0ad7-d6d4-4fc6-9223-e0914c09e9f9[0m [36mstatus[0m=[35m200[0m
[2m08:00:29[0m [[32m[1minfo     [0m] [1mLoading topology from database...       [0m [36mreq[0m=[35m8d2e0730[0m
[2m08:00:29[0m [[32m[1minfo     [0m] [1mMapped 7 skill entries to 7 capabilities[0m [36mreq[0m=[35m8d2e0730[0m
[2m08:00:29[0m [[32m[1minfo     [0m] [1mTopology validated: 11 agents in 5 waves[0m [36mreq[0m=[35m8d2e0730[0m
[2m08:00:29[0m [[32m[1minfo     [0m] [1mLoaded 7 skills for topology            [0m [36mreq[0m=[35m8d2e0730[0m
[2m08:00:29[0m [[32m[1minfo     [0m] [1mTopology loaded: 11 agents, 5 waves     [0m [36mreq[0m=[35m8d2e0730[0m
[2m08:00:29[0m [[32m[1minfo     [0m] [1mSkipping dev-team agent 'product_owner' in execution wave[0m [36mreq[0m=[35m8d2e0730[0m
[2m08:00:29[0m [[32m[1minfo     [0m] [1mSkipping dev-team agent 'quality_judge' in execution wave[0m [36mreq[0m=[35m8d2e0730[0m
[2m08:00:29[0m [[32m[1minfo     [0m] [1mSkipping dev-team agent 'execution_analyzer' in execution wave[0m [36mreq[0m=[35m8d2e0730[0m
[2m08:00:29[0m [[32m[1minfo     [0m] [1mExecuting agent: transcript_analyzer (75fb97b8-e608-47c7-a3c2-dcecf5a8643c)[0m [36mreq[0m=[35m8d2e0730[0m
[2m08:00:30[0m [[32m[1minfo     [0m] [1mshared_memory_metrics agent=transcript_analyzer facts_kept=5 facts_total=8 hypotheses=0 relations=0 approx_tokens=1679 query_chars=364[0m [36mreq[0m=[35m8d2e0730[0m
[2m08:00:31[0m [[32m[1minfo     [0m] [1mTool call 1/15: skill_direkter_sql_datenbank_konnektor_(die_vorhandenen_agents_sind_auf_text/transkripte_spezialisiert,_die_aufgabe_erfordert_jedoch_eine_aktive_datenbankverbindung_via_host/port/credentials)[0m [36mreq[0m=[35m8d2e0730[0m
[2m08:00:31[0m [[32m[1minfo     [0m] [1mStarting sandbox execution: pip=['sqlalchemy'], apt=['libpq-dev'], input_files=[][0m [36mreq[0m=[35m8d2e0730[0m
[2m08:00:31[0m [[32m[1minfo     [0m] [1mFound cached image: lumari-sandbox:custom-7ff3900f (usage=1)[0m [36mreq[0m=[35m8d2e0730[0m
[2m08:00:31[0m [[32m[1minfo     [0m] [1mUsing cached image: lumari-sandbox:custom-7ff3900f[0m [36mreq[0m=[35m8d2e0730[0m
[2m08:00:32[0m [[32m[1minfo     [0m] [1mSandbox execution complete: success=True, time=1010ms, cached=True[0m [36mreq[0m=[35m8d2e0730[0m
[2m08:00:39[0m [[32m[1minfo     [0m] [1mTool call 2/15: skill_output_ist_rein_theoretisch_/_beschreibend[0m [36mreq[0m=[35m8d2e0730[0m
[2m08:00:39[0m [[32m[1minfo     [0m] [1mStarting sandbox execution: pip=[], apt=[], input_files=[][0m [36mreq[0m=[35m8d2e0730[0m
[2m08:00:39[0m [[32m[1minfo     [0m] [1mGetting challenge status: id=a5126e6a-9689-4a5c-ae34-e96767004b2b[0m [36mreq[0m=[35ma641e84c[0m
[2m08:00:39[0m [[32m[1minfo     [0m] [1mrequest_finished                        [0m [36mduration[0m=[35m0.007[0m [36mmethod[0m=[35mGET[0m [36mpath[0m=[35m/api/v1/challenges/a5126e6a-9689-4a5c-ae34-e96767004b2b[0m [36mreq[0m=[35ma641e84c[0m [36mrequest_id[0m=[35ma641e84c-5d1a-4f25-9d19-222691a62bff[0m [36mstatus[0m=[35m200[0m
[2m08:00:39[0m [[32m[1minfo     [0m] [1mSandbox execution complete: success=True, time=411ms, cached=False[0m [36mreq[0m=[35m8d2e0730[0m
[2m08:00:47[0m [[32m[1minfo     [0m] [1mAgent transcript_analyzer returned final answer after 2 tool calls[0m [36mreq[0m=[35m8d2e0730[0m
[2m08:00:47[0m [[32m[1minfo     [0m] [1mAgent transcript_analyzer completed     [0m [36mreq[0m=[35m8d2e0730[0m
[2m08:00:47[0m [[32m[1minfo     [0m] [1mWave 300 agent 'transcript_analyzer' completed: success=True, skipped=False, result_len=1288[0m [36mreq[0m=[35m8d2e0730[0m
[2m08:00:47[0m [[32m[1minfo     [0m] [1mSkipping dev-team agent 'control_agent' in execution wave[0m [36mreq[0m=[35m8d2e0730[0m
[2m08:00:47[0m [[32m[1minfo     [0m] [1mExecuting agent: context_retriever (2c860d4d-d78f-42c4-80b2-3356f4d2fdad)[0m [36mreq[0m=[35m8d2e0730[0m
[2m08:00:48[0m [[32m[1minfo     [0m] [1mTool call 1/15: skill_analyze_database_schema_and_table_relationships[0m [36mreq[0m=[35m8d2e0730[0m
[2m08:00:48[0m [[32m[1minfo     [0m] [1mStarting sandbox execution: pip=['psycopg2-binary', 'sqlalchemy'], apt=[], input_files=[][0m [36mreq[0m=[35m8d2e0730[0m
[2m08:00:49[0m [[32m[1minfo     [0m] [1mInstalling pip packages: "psycopg2-binary" "sqlalchemy"[0m [36mreq[0m=[35m8d2e0730[0m
[2m08:00:49[0m [[32m[1minfo     [0m] [1mGetting challenge status: id=a5126e6a-9689-4a5c-ae34-e96767004b2b[0m [36mreq[0m=[35mca486ecb[0m
[2m08:00:49[0m [[32m[1minfo     [0m] [1mrequest_finished                        [0m [36mduration[0m=[35m0.005[0m [36mmethod[0m=[35mGET[0m [36mpath[0m=[35m/api/v1/challenges/a5126e6a-9689-4a5c-ae34-e96767004b2b[0m [36mreq[0m=[35mca486ecb[0m [36mrequest_id[0m=[35mca486ecb-ff42-4d70-8bc3-11be95d3dd2c[0m [36mstatus[0m=[35m200[0m
[2m08:00:52[0m [[32m[1minfo     [0m] [1mPip packages installed successfully     [0m [36mreq[0m=[35m8d2e0730[0m
[2m08:00:52[0m [[32m[1minfo     [0m] [1mSandbox execution complete: success=True, time=3332ms, cached=False[0m [36mreq[0m=[35m8d2e0730[0m
[2m08:00:52[0m [[32m[1minfo     [0m] [1mCaching container image for future use...[0m [36mreq[0m=[35m8d2e0730[0m
[2m08:00:52[0m [[32m[1minfo     [0m] [1mBuilding image: lumari-sandbox:custom-95cd1c6e[0m [36mreq[0m=[35m8d2e0730[0m
[2m08:00:52[0m [[32m[1minfo     [0m] [1m  pip: ['psycopg2-binary', 'sqlalchemy'][0m [36mreq[0m=[35m8d2e0730[0m
[2m08:00:52[0m [[32m[1minfo     [0m] [1m  apt: []                               [0m [36mreq[0m=[35m8d2e0730[0m
[2m08:00:52[0m [[32m[1minfo     [0m] [1mImage already exists in Docker: lumari-sandbox:custom-95cd1c6e[0m [36mreq[0m=[35m8d2e0730[0m
[2m08:00:58[0m [[32m[1minfo     [0m] [1mTool call 2/15: skill_direkter_sql_datenbank_konnektor_(die_vorhandenen_agents_sind_auf_text/transkripte_spezialisiert,_die_aufgabe_erfordert_jedoch_eine_aktive_datenbankverbindung_via_host/port/credentials)[0m [36mreq[0m=[35m8d2e0730[0m
[2m08:00:58[0m [[32m[1minfo     [0m] [1mStarting sandbox execution: pip=['sqlalchemy'], apt=['libpq-dev'], input_files=[][0m [36mreq[0m=[35m8d2e0730[0m
[2m08:00:58[0m [[32m[1minfo     [0m] [1mFound cached image: lumari-sandbox:custom-7ff3900f (usage=2)[0m [36mreq[0m=[35m8d2e0730[0m
[2m08:00:58[0m [[32m[1minfo     [0m] [1mUsing cached image: lumari-sandbox:custom-7ff3900f[0m [36mreq[0m=[35m8d2e0730[0m
[2m08:00:59[0m [[32m[1minfo     [0m] [1mGetting challenge status: id=a5126e6a-9689-4a5c-ae34-e96767004b2b[0m [36mreq[0m=[35m9fd95ce8[0m
[2m08:00:59[0m [[32m[1minfo     [0m] [1mrequest_finished                        [0m [36mduration[0m=[35m0.005[0m [36mmethod[0m=[35mGET[0m [36mpath[0m=[35m/api/v1/challenges/a5126e6a-9689-4a5c-ae34-e96767004b2b[0m [36mreq[0m=[35m9fd95ce8[0m [36mrequest_id[0m=[35m9fd95ce8-cf7c-4502-996f-b0291c26e2fb[0m [36mstatus[0m=[35m200[0m
[2m08:00:59[0m [[32m[1minfo     [0m] [1mSandbox execution complete: success=True, time=705ms, cached=True[0m [36mreq[0m=[35m8d2e0730[0m
[2m08:01:06[0m [[32m[1minfo     [0m] [1mAgent context_retriever returned final answer after 2 tool calls[0m [36mreq[0m=[35m8d2e0730[0m
[2m08:01:06[0m [[32m[1minfo     [0m] [1mAgent context_retriever completed       [0m [36mreq[0m=[35m8d2e0730[0m
[2m08:01:06[0m [[32m[1minfo     [0m] [1mWave 301 agent 'context_retriever' completed: success=True, skipped=False, result_len=635[0m [36mreq[0m=[35m8d2e0730[0m
[2m08:01:06[0m [[32m[1minfo     [0m] [1mSkipping dev-team agent 'prompt_engineer' in execution wave[0m [36mreq[0m=[35m8d2e0730[0m
[2m08:01:06[0m [[32m[1minfo     [0m] [1mSkipping dev-team agent 'tool_builder' in execution wave[0m [36mreq[0m=[35m8d2e0730[0m
[2m08:01:06[0m [[32m[1minfo     [0m] [1mExecuting agent: report_generator (a9dc3547-c07e-42db-adef-e9aed3bdf631)[0m [36mreq[0m=[35m8d2e0730[0m
[2m08:01:09[0m [[32m[1minfo     [0m] [1mGetting challenge status: id=a5126e6a-9689-4a5c-ae34-e96767004b2b[0m [36mreq[0m=[35m5390cea0[0m
[2m08:01:09[0m [[32m[1minfo     [0m] [1mrequest_finished                        [0m [36mduration[0m=[35m0.016[0m [36mmethod[0m=[35mGET[0m [36mpath[0m=[35m/api/v1/challenges/a5126e6a-9689-4a5c-ae34-e96767004b2b[0m [36mreq[0m=[35m5390cea0[0m [36mrequest_id[0m=[35m5390cea0-40b6-4fec-8bf0-4274231378b6[0m [36mstatus[0m=[35m200[0m
[2m08:01:09[0m [[32m[1minfo     [0m] [1mAgent report_generator returned final answer after 0 tool calls[0m [36mreq[0m=[35m8d2e0730[0m
[2m08:01:09[0m [[32m[1minfo     [0m] [1mAgent report_generator completed        [0m [36mreq[0m=[35m8d2e0730[0m
[2m08:01:09[0m [[32m[1minfo     [0m] [1mWave 302 agent 'report_generator' completed: success=True, skipped=False, result_len=1663[0m [36mreq[0m=[35m8d2e0730[0m
[2m08:01:09[0m [[32m[1minfo     [0m] [1mExecuting agent: quality_validator (96c2b0d9-f739-4773-80ed-faa3aa399cff)[0m [36mreq[0m=[35m8d2e0730[0m
[2m08:01:11[0m [[32m[1minfo     [0m] [1mTool call 1/15: skill_direkter_sql_datenbank_konnektor_(die_vorhandenen_agents_sind_auf_text/transkripte_spezialisiert,_die_aufgabe_erfordert_jedoch_eine_aktive_datenbankverbindung_via_host/port/credentials)[0m [36mreq[0m=[35m8d2e0730[0m
[2m08:01:11[0m [[32m[1minfo     [0m] [1mStarting sandbox execution: pip=['sqlalchemy'], apt=['libpq-dev'], input_files=[][0m [36mreq[0m=[35m8d2e0730[0m
[2m08:01:11[0m [[32m[1minfo     [0m] [1mFound cached image: lumari-sandbox:custom-7ff3900f (usage=3)[0m [36mreq[0m=[35m8d2e0730[0m
[2m08:01:11[0m [[32m[1minfo     [0m] [1mUsing cached image: lumari-sandbox:custom-7ff3900f[0m [36mreq[0m=[35m8d2e0730[0m
[2m08:01:12[0m [[32m[1minfo     [0m] [1mSandbox execution complete: success=True, time=782ms, cached=True[0m [36mreq[0m=[35m8d2e0730[0m
[2m08:01:18[0m [[32m[1minfo     [0m] [1mAgent quality_validator returned final answer after 1 tool calls[0m [36mreq[0m=[35m8d2e0730[0m
[2m08:01:19[0m [[32m[1minfo     [0m] [1mAgent quality_validator completed       [0m [36mreq[0m=[35m8d2e0730[0m
[2m08:01:19[0m [[32m[1minfo     [0m] [1mWave 303 agent 'quality_validator' completed: success=True, skipped=False, result_len=948[0m [36mreq[0m=[35m8d2e0730[0m
[2m08:01:19[0m [[32m[1minfo     [0m] [1mExecuting agent: report_finalizer (2f49804d-3909-482a-aa2d-2b09912eb1be)[0m [36mreq[0m=[35m8d2e0730[0m
[2m08:01:19[0m [[32m[1minfo     [0m] [1mGetting challenge status: id=a5126e6a-9689-4a5c-ae34-e96767004b2b[0m [36mreq[0m=[35m5149e78a[0m
[2m08:01:19[0m [[32m[1minfo     [0m] [1mrequest_finished                        [0m [36mduration[0m=[35m0.014[0m [36mmethod[0m=[35mGET[0m [36mpath[0m=[35m/api/v1/challenges/a5126e6a-9689-4a5c-ae34-e96767004b2b[0m [36mreq[0m=[35m5149e78a[0m [36mrequest_id[0m=[35m5149e78a-8eee-4d22-bdac-4ddb0be4f1e0[0m [36mstatus[0m=[35m200[0m
[2m08:01:21[0m [[32m[1minfo     [0m] [1mAgent report_finalizer returned final answer after 0 tool calls[0m [36mreq[0m=[35m8d2e0730[0m
[2m08:01:22[0m [[32m[1minfo     [0m] [1mAgent report_finalizer completed        [0m [36mreq[0m=[35m8d2e0730[0m
[2m08:01:22[0m [[32m[1minfo     [0m] [1mWave 304 agent 'report_finalizer' completed: success=True, skipped=False, result_len=2266[0m [36mreq[0m=[35m8d2e0730[0m
[2m08:01:23[0m [[32m[1minfo     [0m] [1mScore-Stagnation: 0.10 -> 0.00, Adapt-Loop beendet nach 2 Runden[0m [36mreq[0m=[35m8d2e0730[0m
[2m08:01:23[0m [[32m[1minfo     [0m] [1mArtifact pool cleared: 5 artifacts discarded[0m [36mreq[0m=[35m8d2e0730[0m
[2m08:01:23[0m [[32m[1minfo     [0m] [1mPersisted 1 facts to shared memory for execution a462adc6-b932-4f1c-bb19-7c7ce822d9b4[0m [36mreq[0m=[35m8d2e0730[0m
[2m08:01:23[0m [[32m[1minfo     [0m] [1mStarting telemetry for agent=75fb97b8..., execution=a462adc6...[0m [36mreq[0m=[35m8d2e0730[0m
[2m08:01:23[0m [[32m[1minfo     [0m] [1mCreating telemetry record for agent=75fb97b8..., execution=a462adc6...[0m [36mreq[0m=[35m8d2e0730[0m
[2m08:01:23[0m [[32m[1minfo     [0m] [1mExecution completed: challenge_id=a5126e6a-9689-4a5c-ae34-e96767004b2b, success=True[0m [36mreq[0m=[35m8d2e0730[0m
[2m08:01:23[0m [[32m[1minfo     [0m] [1mCreated telemetry record id=96783399-0a62-47a0-bc87-93b680c07dbd[0m [36mreq[0m=[35m8d2e0730[0m
[2m08:01:23[0m [[32m[1minfo     [0m] [1mStarted telemetry id=96783399-0a62-47a0-bc87-93b680c07dbd, input_hash=4747d40b0b4c9835..., trace_id=None[0m [36mreq[0m=[35m8d2e0730[0m
[2m08:01:23[0m [[32m[1minfo     [0m] [1mCompleting telemetry id=96783399-0a62-47a0-bc87-93b680c07dbd, outcome=success[0m [36mreq[0m=[35m8d2e0730[0m
[2m08:01:23[0m [[32m[1minfo     [0m] [1mUpdating telemetry record id=96783399-0a62-47a0-bc87-93b680c07dbd[0m [36mreq[0m=[35m8d2e0730[0m
[2m08:01:23[0m [[32m[1minfo     [0m] [1mUpdated telemetry record id=96783399-0a62-47a0-bc87-93b680c07dbd, outcome=success[0m [36mreq[0m=[35m8d2e0730[0m
[2m08:01:23[0m [[32m[1minfo     [0m] [1mCompleted telemetry id=96783399-0a62-47a0-bc87-93b680c07dbd, latency=21.55ms, tokens=54616, output_hash=44136fa355b3678a...[0m [36mreq[0m=[35m8d2e0730[0m
[2m08:01:23[0m [[32m[1minfo     [0m] [1mConfigured epicbox profile: image=lumari-sandbox:latest, limits={'cputime': 5, 'realtime': 10, 'memory': 128, 'processes': 1}[0m [36mreq[0m=[35m8d2e0730[0m
[2m08:01:23[0m [[32m[1minfo     [0m] [1mStarting analysis pipeline for execution_id=a462adc6...[0m [36mreq[0m=[35m8d2e0730[0m
[2m08:01:23[0m [[32m[1minfo     [0m] [1mRetrieved telemetry for agent=75fb97b8..., outcome=success[0m [36mreq[0m=[35m8d2e0730[0m
[2m08:01:23[0m [[32m[1minfo     [0m] [1mRetrieved 1 historical executions for pattern context[0m [36mreq[0m=[35m8d2e0730[0m
[2m08:01:23[0m [[32m[1minfo     [0m] [1mAnalyzing execution_id=a462adc6...      [0m [36mreq[0m=[35m8d2e0730[0m
[2m08:01:24[0m [[32m[1minfo     [0m] [1mAnalysis complete: 0 findings for execution_id=a462adc6...[0m [36mreq[0m=[35m8d2e0730[0m
[2m08:01:24[0m [[32m[1minfo     [0m] [1mAnalyzer generated 0 findings: summary='The execution completed successfully with no obser...'[0m [36mreq[0m=[35m8d2e0730[0m
[2m08:01:24[0m [[32m[1minfo     [0m] [1mNo findings generated - pipeline complete[0m [36mreq[0m=[35m8d2e0730[0m
[2m08:01:29[0m [[32m[1minfo     [0m] [1mGetting challenge status: id=a5126e6a-9689-4a5c-ae34-e96767004b2b[0m [36mreq[0m=[35mb1ee55a3[0m
[2m08:01:29[0m [[32m[1minfo     [0m] [1mrequest_finished                        [0m [36mduration[0m=[35m0.02[0m [36mmethod[0m=[35mGET[0m [36mpath[0m=[35m/api/v1/challenges/a5126e6a-9689-4a5c-ae34-e96767004b2b[0m [36mreq[0m=[35mb1ee55a3[0m [36mrequest_id[0m=[35mb1ee55a3-9835-4e4b-a842-85e9fd9db2dd[0m [36mstatus[0m=[35m200[0m
[2m08:01:29[0m [[32m[1minfo     [0m] [1mGetting challenge results: id=a5126e6a-9689-4a5c-ae34-e96767004b2b[0m [36mreq[0m=[35me9560ae2[0m
[2m08:01:29[0m [[32m[1minfo     [0m] [1mrequest_finished                        [0m [36mduration[0m=[35m0.007[0m [36mmethod[0m=[35mGET[0m [36mpath[0m=[35m/api/v1/challenges/a5126e6a-9689-4a5c-ae34-e96767004b2b/results[0m [36mreq[0m=[35me9560ae2[0m [36mrequest_id[0m=[35me9560ae2-3eba-46d0-a88f-419f55bf98ea[0m [36mstatus[0m=[35m200[0m
[2m08:01:32[0m [[32m[1minfo     [0m] [1mDirect challenge analysis: execution_id=8aadd0b9-9e69-4963-b47b-a5dcd094f911[0m [36mreq[0m=[35me28a9bdd[0m
[2m08:01:32[0m [[32m[1minfo     [0m] [1mPre-execution analysis starting for execution 8aadd0b9-9e69-4963-b47b-a5dcd094f911[0m [36mreq[0m=[35me28a9bdd[0m
[2m08:01:32[0m [[32m[1minfo     [0m] [1mAnalyzing challenge for execution 8aadd0b9-9e69-4963-b47b-a5dcd094f911[0m [36mreq[0m=[35me28a9bdd[0m
[2m08:01:32[0m [[32m[1minfo     [0m] [1mLoading topology from database...       [0m [36mreq[0m=[35me28a9bdd[0m
[2m08:01:32[0m [[32m[1minfo     [0m] [1mMapped 7 skill entries to 7 capabilities[0m [36mreq[0m=[35me28a9bdd[0m
[2m08:01:32[0m [[32m[1minfo     [0m] [1mTopology validated: 11 agents in 5 waves[0m [36mreq[0m=[35me28a9bdd[0m
[2m08:01:32[0m [[32m[1minfo     [0m] [1mLoaded 7 skills for topology            [0m [36mreq[0m=[35me28a9bdd[0m
[2m08:01:32[0m [[32m[1minfo     [0m] [1mTopology loaded: 11 agents, 5 waves     [0m [36mreq[0m=[35me28a9bdd[0m
[2m08:01:32[0m [[32m[1minfo     [0m] [1mSkill 'skill_connect_to_postgresql_database' provides affected_capability: 'connect to PostgreSQL database'[0m [36mreq[0m=[35me28a9bdd[0m
[2m08:01:32[0m [[32m[1minfo     [0m] [1mSkill 'skill_execute_sql_queries_to_retrieve_project_and_construction_data' provides affected_capability: 'execute SQL queries to retrieve project and construction data'[0m [36mreq[0m=[35me28a9bdd[0m
[2m08:01:32[0m [[32m[1minfo     [0m] [1mSkill 'skill_analyze_database_schema_and_table_relationships' provides affected_capability: 'analyze database schema and table relationships'[0m [36mreq[0m=[35me28a9bdd[0m
[2m08:01:32[0m [[32m[1minfo     [0m] [1mSkill 'skill_calculate_construction_progress,_budget_variances,_and_defect_statistics' provides affected_capability: 'calculate construction progress, budget variances, and defect statistics'[0m [36mreq[0m=[35me28a9bdd[0m
[2m08:01:32[0m [[32m[1minfo     [0m] [1mSkill 'skill_derive_risks_and_recommendations_based_on_project_data' provides affected_capability: 'derive risks and recommendations based on project data'[0m [36mreq[0m=[35me28a9bdd[0m
[2m08:01:32[0m [[32m[1minfo     [0m] [1mSkill 'skill_direkter_sql_datenbank_konnektor_(die_vorhandenen_agents_sind_auf_text/transkripte_spezialisiert,_die_aufgabe_erfordert_jedoch_eine_aktive_datenbankverbindung_via_host/port/credentials)' provides affected_capability: 'Direkter SQL-Datenbank-Konnektor (die vorhandenen Agents sind auf Text/Transkripte spezialisiert, die Aufgabe erfordert jedoch eine aktive Datenbankverbindung via Host/Port/Credentials)'[0m [36mreq[0m=[35me28a9bdd[0m
[2m08:01:32[0m [[32m[1minfo     [0m] [1mSkill 'skill_output_ist_rein_theoretisch_/_beschreibend' provides affected_capability: 'Output ist rein theoretisch / beschreibend'[0m [36mreq[0m=[35me28a9bdd[0m
[2m08:01:32[0m [[32m[1minfo     [0m] [1mExtracted 7 capabilities from 7 active skills[0m [36mreq[0m=[35me28a9bdd[0m
[2m08:01:33[0m [[32m[1minfo     [0m] [1mLLM extracted 6 capabilities: 4 execution, 2 knowledge[0m [36mreq[0m=[35me28a9bdd[0m
[2m08:01:33[0m [[32m[1minfo     [0m] [1mExtracted 6 required capabilities       [0m [36mreq[0m=[35me28a9bdd[0m
[2m08:01:35[0m [[32m[1minfo     [0m] [1mAssessment complete: MAYBE (3 gaps, 3 suggestions)[0m [36mreq[0m=[35me28a9bdd[0m
[2m08:01:35[0m [[32m[1minfo     [0m] [1mASSESSMENT_LOG execution_id=8aadd0b9-9e69-4963-b47b-a5dcd094f911 confidence=MAYBE gaps=3 route=developer_team duration_ms=3022[0m [36mreq[0m=[35me28a9bdd[0m
[2m08:01:35[0m [[32m[1minfo     [0m] [1mPre-execution analysis complete: MAYBE -> route: developer_team[0m [36mreq[0m=[35me28a9bdd[0m
[2m08:01:35[0m [[32m[1minfo     [0m] [1mOrchestrator analysis complete: confidence=MAYBE, route=developer_team[0m [36mreq[0m=[35me28a9bdd[0m
[2m08:01:35[0m [[32m[1minfo     [0m] [1m0 gaps already satisfied, 3 remaining   [0m [36mreq[0m=[35me28a9bdd[0m
[2m08:01:35[0m [[32m[1minfo     [0m] [1mGenerated build plan for challenge af031e76-2772-4919-96b1-b0e2724bfe6e: 3 items, 1 critical[0m [36mreq[0m=[35me28a9bdd[0m
[2m08:01:35[0m [[32m[1minfo     [0m] [1mrequest_finished                        [0m [36mduration[0m=[35m3.184[0m [36mmethod[0m=[35mPOST[0m [36mpath[0m=[35m/api/v1/challenges/analyze[0m [36mreq[0m=[35me28a9bdd[0m [36mrequest_id[0m=[35me28a9bdd-0210-48b3-8ae4-d681860dcd2e[0m [36mstatus[0m=[35m200[0m
[2m08:01:35[0m [[32m[1minfo     [0m] [1mStarting capability building: challenge_id=af031e76-2772-4919-96b1-b0e2724bfe6e[0m [36mreq[0m=[35me28a9bdd[0m
[2m08:01:35[0m [[32m[1minfo     [0m] [1mLoading topology from database...       [0m [36mreq[0m=[35me28a9bdd[0m
[2m08:01:35[0m [[32m[1minfo     [0m] [1mMapped 7 skill entries to 7 capabilities[0m [36mreq[0m=[35me28a9bdd[0m
[2m08:01:35[0m [[32m[1minfo     [0m] [1mTopology validated: 11 agents in 5 waves[0m [36mreq[0m=[35me28a9bdd[0m
[2m08:01:35[0m [[32m[1minfo     [0m] [1mLoaded 7 skills for topology            [0m [36mreq[0m=[35me28a9bdd[0m
[2m08:01:35[0m [[32m[1minfo     [0m] [1mTopology loaded: 11 agents, 5 waves     [0m [36mreq[0m=[35me28a9bdd[0m
[2m08:01:35[0m [[32m[1minfo     [0m] [1mRuntimeAgentRegistry initialized with max_concurrent=5[0m [36mreq[0m=[35me28a9bdd[0m
[2m08:01:35[0m [[32m[1minfo     [0m] [1mProcessing blocked challenge: id=af031e76..., attempt=1/5[0m [36mreq[0m=[35me28a9bdd[0m
[2m08:01:35[0m [[32m[1minfo     [0m] [1mCreated gap plan: id=bbf9b6ef..., challenge=af031e76..., gaps=3, cycle=1[0m [36mreq[0m=[35me28a9bdd[0m
[2m08:01:35[0m [[32m[1minfo     [0m] [1mCreated gap plan: bbf9b6ef..., cycle=1, gaps=3[0m [36mreq[0m=[35me28a9bdd[0m
[2m08:01:35[0m [[32m[1minfo     [0m] [1mStarted gap plan: bbf9b6ef...           [0m [36mreq[0m=[35me28a9bdd[0m
[2m08:01:35[0m [[32m[1minfo     [0m] [1mExecuting gap plan: bbf9b6ef..., total_gaps=3, cycle=1[0m [36mreq[0m=[35me28a9bdd[0m
[2m08:01:35[0m [[32m[1minfo     [0m] [1mProcessing gap: 57cee272... type=missing_skill, capability=parse and analyze CSV file structures to identify sub-contractors, severity=critical[0m [36mreq[0m=[35me28a9bdd[0m
[2m08:01:35[0m [[32m[1minfo     [0m] [1mStrategy proposed for parse and analyze CSV file structures to identify sub-contractors: direct (confidence=0.5)[0m [36mreq[0m=[35me28a9bdd[0m
[2m08:01:35[0m [[32m[1minfo     [0m] [1mBuilding capability: gap_type=missing_skill, severity=critical, attempt=1, approach=direct[0m [36mreq[0m=[35me28a9bdd[0m
[2m08:01:35[0m [[32m[1minfo     [0m] [1mUsing Skill Team for capability: parse and analyze CSV file structures to identify sub-contractors[0m [36mreq[0m=[35me28a9bdd[0m
[2m08:01:35[0m [[32m[1minfo     [0m] [1mStarting team-based skill development for: parse and analyze CSV file structures to identify sub-contractors[0m [36mreq[0m=[35me28a9bdd[0m
[2m08:01:35[0m [[32m[1minfo     [0m] [1mResearching capability: parse and analyze CSV file structures to identify sub-contractors[0m [36mreq[0m=[35me28a9bdd[0m
[2m08:01:35[0m [[32m[1minfo     [0m] [1mresponse: https://en.wikipedia.org/w/api.php?action=opensearch&profile=fuzzy&limit=1&search=python%20parse%20and%20analyze%20CSV%20file%20structures%20to%20identify%20sub-contractors%20implementation%20example%20code 200[0m
[2m08:01:35[0m [[32m[1minfo     [0m] [1mresponse: https://grokipedia.com/api/typeahead?query=python+parse+and+analyze+CSV+file+structures+to+identify+sub-contractors+implementation+example+code&limit=1 200[0m
[2m08:01:36[0m [[32m[1minfo     [0m] [1mresponse: https://search.brave.com/search?q=python+parse+and+analyze+CSV+file+structures+to+identify+sub-contractors+implementation+example+code&source=web 200[0m
[2m08:01:36[0m [[32m[1minfo     [0m] [1mWeb search for 'python parse and analyze CSV file structures to identify sub' returned 5 results[0m [36mreq[0m=[35me28a9bdd[0m
[2m08:01:41[0m [[32m[1minfo     [0m] [1mSummarized 5 sources into 2736 chars    [0m [36mreq[0m=[35me28a9bdd[0m
[2m08:01:41[0m [[32m[1minfo     [0m] [1mResearch complete for parse and analyze CSV file structures to identify sub-contractors: pip=[], examples=1[0m [36mreq[0m=[35me28a9bdd[0m
[2m08:01:41[0m [[32m[1minfo     [0m] [1mResearch complete: 0 packages found     [0m [36mreq[0m=[35me28a9bdd[0m
[2m08:01:44[0m [[32m[1minfo     [0m] [1mArchitecture complete: 2 test cases defined[0m [36mreq[0m=[35me28a9bdd[0m
[2m08:01:44[0m [[32m[1minfo     [0m] [1mSession start: iteration=1/10, pip=0, apt=0[0m [36mreq[0m=[35me28a9bdd[0m
[2m08:01:44[0m [[32m[1minfo     [0m] [1mDocker client connected successfully    [0m [36mreq[0m=[35me28a9bdd[0m
[2m08:01:44[0m [[32m[1minfo     [0m] [1mSession container created: abc388ad025b [0m [36mreq[0m=[35me28a9bdd[0m
[2m08:01:44[0m [[32m[1minfo     [0m] [1mImplementation iteration 1/10           [0m [36mreq[0m=[35me28a9bdd[0m
[2m08:01:45[0m [[32m[1minfo     [0m] [1mGetting challenge status: id=af031e76-2772-4919-96b1-b0e2724bfe6e[0m [36mreq[0m=[35m03c46e08[0m
[2m08:01:45[0m [[32m[1minfo     [0m] [1mrequest_finished                        [0m [36mduration[0m=[35m0.009[0m [36mmethod[0m=[35mGET[0m [36mpath[0m=[35m/api/v1/challenges/af031e76-2772-4919-96b1-b0e2724bfe6e[0m [36mreq[0m=[35m03c46e08[0m [36mrequest_id[0m=[35m03c46e08-e8c3-43b5-a416-3edaa385a15c[0m [36mstatus[0m=[35m200[0m
[2m08:01:47[0m [[32m[1minfo     [0m] [1mImplementation erfolgreich nach 1 Iterationen[0m [36mreq[0m=[35me28a9bdd[0m
[2m08:01:52[0m [[32m[1minfo     [0m] [1mReview iteration 1/2                    [0m [36mreq[0m=[35me28a9bdd[0m
[2m08:01:55[0m [[32m[1minfo     [0m] [1mGetting challenge status: id=af031e76-2772-4919-96b1-b0e2724bfe6e[0m [36mreq[0m=[35mc2b6d9d2[0m
[2m08:01:55[0m [[32m[1minfo     [0m] [1mrequest_finished                        [0m [36mduration[0m=[35m0.014[0m [36mmethod[0m=[35mGET[0m [36mpath[0m=[35m/api/v1/challenges/af031e76-2772-4919-96b1-b0e2724bfe6e[0m [36mreq[0m=[35mc2b6d9d2[0m [36mrequest_id[0m=[35mc2b6d9d2-6da9-4d3f-8694-c7b5403a9d6a[0m [36mstatus[0m=[35m200[0m
[2m08:01:57[0m [[32m[1minfo     [0m] [1mStarting sandbox execution: pip=[], apt=[], input_files=[][0m [36mreq[0m=[35me28a9bdd[0m
[2m08:01:57[0m [[32m[1minfo     [0m] [1mSandbox execution complete: success=True, time=386ms, cached=False[0m [36mreq[0m=[35me28a9bdd[0m
[2m08:02:03[0m [[32m[1minfo     [0m] [1mReview iteration 2/2                    [0m [36mreq[0m=[35me28a9bdd[0m
[2m08:02:05[0m [[32m[1minfo     [0m] [1mGetting challenge status: id=af031e76-2772-4919-96b1-b0e2724bfe6e[0m [36mreq[0m=[35mb1b71056[0m
[2m08:02:05[0m [[32m[1minfo     [0m] [1mrequest_finished                        [0m [36mduration[0m=[35m0.029[0m [36mmethod[0m=[35mGET[0m [36mpath[0m=[35m/api/v1/challenges/af031e76-2772-4919-96b1-b0e2724bfe6e[0m [36mreq[0m=[35mb1b71056[0m [36mrequest_id[0m=[35mb1b71056-c3cd-4e9c-b4b6-f232e977f0ad[0m [36mstatus[0m=[35m200[0m
[2m08:02:05[0m [[33m[1mwarning  [0m] [1mReview-Iterationen erschöpft, akzeptiere pre-review Code[0m [36mreq[0m=[35me28a9bdd[0m
[2m08:02:05[0m [[32m[1minfo     [0m] [1mStarting sandbox execution: pip=[], apt=[], input_files=[][0m [36mreq[0m=[35me28a9bdd[0m
[2m08:02:06[0m [[32m[1minfo     [0m] [1mSandbox execution complete: success=True, time=447ms, cached=False[0m [36mreq[0m=[35me28a9bdd[0m
[2m08:02:11[0m [[32m[1minfo     [0m] [1mCreated new skill: e024fca3-afb1-40f5-a487-df37aef54a1d[0m [36mreq[0m=[35me28a9bdd[0m
[2m08:02:11[0m [[32m[1minfo     [0m] [1mRecorded build attempt: capability=parse and analyze CSV file structures to identify sub-contractors, success=True, error_type=None[0m [36mreq[0m=[35me28a9bdd[0m
[2m08:02:11[0m [[32m[1minfo     [0m] [1mSkill development complete: skill_parse_and_analyze_csv_file_structures_to_identify_sub_contractors in 35710ms[0m [36mreq[0m=[35me28a9bdd[0m
[2m08:02:11[0m [[32m[1minfo     [0m] [1mSkill Team built skill: skill_parse_and_analyze_csv_file_structures_to_identify_sub_contractors, duration=35.7s[0m [36mreq[0m=[35me28a9bdd[0m
[2m08:02:11[0m [[32m[1minfo     [0m] [1mAgent 'transcript_analyzer' already has capability 'parse and analyze CSV file structures to identify sub-contractors'[0m [36mreq[0m=[35me28a9bdd[0m
[2m08:02:11[0m [[32m[1minfo     [0m] [1mCreated skill binding: skill=e024fca3..., agent=75fb97b8..., capability='parse and analyze CSV file structures to identify sub-contractors'[0m [36mreq[0m=[35me28a9bdd[0m
[2m08:02:11[0m [[32m[1minfo     [0m] [1mInjecting skill e024fca3... with plan: target_agent=75fb97b8..., rationale=The transcript_analyzer is best suited for parsing unstructured or semi-structured data formats (like CSVs) to extract specific entities (sub-contractors) and metadata.[0m [36mreq[0m=[35me28a9bdd[0m
[2m08:02:11[0m [[32m[1minfo     [0m] [1mLoading topology from database...       [0m [36mreq[0m=[35me28a9bdd[0m
[2m08:02:11[0m [[32m[1minfo     [0m] [1mMapped 8 skill entries to 8 capabilities[0m [36mreq[0m=[35me28a9bdd[0m
[2m08:02:11[0m [[32m[1minfo     [0m] [1mTopology validated: 11 agents in 5 waves[0m [36mreq[0m=[35me28a9bdd[0m
[2m08:02:11[0m [[32m[1minfo     [0m] [1mLoaded 8 skills for topology            [0m [36mreq[0m=[35me28a9bdd[0m
[2m08:02:11[0m [[32m[1minfo     [0m] [1mTopology loaded: 11 agents, 5 waves     [0m [36mreq[0m=[35me28a9bdd[0m
[2m08:02:11[0m [[32m[1minfo     [0m] [1mPlan-based injection complete: skill=e024fca3... -> agent=transcript_analyzer[0m [36mreq[0m=[35me28a9bdd[0m
[2m08:02:11[0m [[32m[1minfo     [0m] [1mRecorded build attempt: capability=parse and analyze CSV file structures to identify sub-contractors, success=True, error_type=None[0m [36mreq[0m=[35me28a9bdd[0m
[2m08:02:11[0m [[32m[1minfo     [0m] [1mGap completed: 57cee272... -> skill/e024fca3...[0m [36mreq[0m=[35me28a9bdd[0m
[2m08:02:11[0m [[32m[1minfo     [0m] [1mProcessing gap: f185abef... type=missing_planning_skill, capability=analyze data quality issues and generate a summary report, severity=important[0m [36mreq[0m=[35me28a9bdd[0m
[2m08:02:11[0m [[33m[1mwarning  [0m] [1mUnknown gap type 'missing_planning_skill', using generic builder[0m [36mreq[0m=[35me28a9bdd[0m
[2m08:02:11[0m [[32m[1minfo     [0m] [1mBuilding capability: gap_type=missing_planning_skill, severity=important, attempt=1, approach=direct[0m [36mreq[0m=[35me28a9bdd[0m
[2m08:02:11[0m [[32m[1minfo     [0m] [1mDecomposing task id=8650f698..., files=1[0m [36mreq[0m=[35me28a9bdd[0m
[2m08:02:15[0m [[32m[1minfo     [0m] [1mGetting challenge status: id=af031e76-2772-4919-96b1-b0e2724bfe6e[0m [36mreq[0m=[35m4d63cbfc[0m
[2m08:02:15[0m [[32m[1minfo     [0m] [1mrequest_finished                        [0m [36mduration[0m=[35m0.009[0m [36mmethod[0m=[35mGET[0m [36mpath[0m=[35m/api/v1/challenges/af031e76-2772-4919-96b1-b0e2724bfe6e[0m [36mreq[0m=[35m4d63cbfc[0m [36mrequest_id[0m=[35m4d63cbfc-824b-468f-b161-83dc416756c0[0m [36mstatus[0m=[35m200[0m
[2m08:02:16[0m [[32m[1minfo     [0m] [1mDecomposed task into 3 subtasks, 3 waves[0m [36mreq[0m=[35me28a9bdd[0m
[2m08:02:16[0m [[32m[1minfo     [0m] [1mExecuting wave 1/3, files=['src/schema_definition.py'][0m [36mreq[0m=[35me28a9bdd[0m
[2m08:02:16[0m [[32m[1minfo     [0m] [1mRegistered agent id=9b35c020..., task=8650f698..., file=src/schema_definition.py[0m [36mreq[0m=[35me28a9bdd[0m
[2m08:02:16[0m [[32m[1minfo     [0m] [1mUpdated agent id=9b35c020... status=running[0m [36mreq[0m=[35me28a9bdd[0m
[2m08:02:16[0m [[32m[1minfo     [0m] [1mExecuting agent id=9b35c020..., file=src/schema_definition.py[0m [36mreq[0m=[35me28a9bdd[0m
[2m08:02:19[0m [[32m[1minfo     [0m] [1mAgent completed id=9b35c020..., duration=3.07s[0m [36mreq[0m=[35me28a9bdd[0m
[2m08:02:19[0m [[32m[1minfo     [0m] [1mUpdated agent id=9b35c020... status=completed[0m [36mreq[0m=[35me28a9bdd[0m
[2m08:02:19[0m [[32m[1minfo     [0m] [1mExecuting wave 2/3, files=['src/data_analyzer.py'][0m [36mreq[0m=[35me28a9bdd[0m
[2m08:02:19[0m [[32m[1minfo     [0m] [1mRegistered agent id=11527cd3..., task=8650f698..., file=src/data_analyzer.py[0m [36mreq[0m=[35me28a9bdd[0m
[2m08:02:19[0m [[32m[1minfo     [0m] [1mUpdated agent id=11527cd3... status=running[0m [36mreq[0m=[35me28a9bdd[0m
[2m08:02:19[0m [[32m[1minfo     [0m] [1mExecuting agent id=11527cd3..., file=src/data_analyzer.py[0m [36mreq[0m=[35me28a9bdd[0m
{
    "name": "developer_team.decompose_task",
    "context": {
        "trace_id": "0xc160b245695eb75891e516fd22cff20d",
        "span_id": "0xfa8a1cc9dcf12cde",
        "trace_state": "[]"
    },
    "kind": "SpanKind.INTERNAL",
    "parent_id": "0xdd898ca43dfb5641",
    "start_time": "2026-05-18T08:02:11.442570Z",
    "end_time": "2026-05-18T08:02:16.383331Z",
    "status": {
        "status_code": "UNSET"
    },
    "attributes": {},
    "events": [],
    "links": [],
    "resource": {
        "attributes": {
            "telemetry.sdk.language": "python",
            "telemetry.sdk.name": "opentelemetry",
            "telemetry.sdk.version": "1.40.0",
            "service.name": "lumari-backend",
            "service.version": "0.1.0",
            "service.namespace": "lumari",
            "deployment.environment": "development",
            "telemetry.middleware.version": "1.0.0"
        },
        "schema_url": ""
    }
}
{
    "name": "agent_spawner.spawn_and_execute",
    "context": {
        "trace_id": "0xc160b245695eb75891e516fd22cff20d",
        "span_id": "0x91e054afe900fc8a",
        "trace_state": "[]"
    },
    "kind": "SpanKind.INTERNAL",
    "parent_id": "0x0b4bd2cc99badf9d",
    "start_time": "2026-05-18T08:02:16.384585Z",
    "end_time": "2026-05-18T08:02:19.457559Z",
    "status": {
        "status_code": "UNSET"
    },
    "attributes": {
        "agent.id": "9b35c020-260c-46bf-ac5f-519119ab333b",
        "agent.task_id": "8650f698-c0f5-45bf-82a0-44a6d2a75769",
        "agent.file_path": "src/schema_definition.py",
        "agent.timeout_seconds": 300,
        "agent.registered": true,
        "agent.success": true,
        "agent.duration_seconds": 3.0715179443359375
    },
    "events": [],
    "links": [],
    "resource": {
        "attributes": {
            "telemetry.sdk.language": "python",
            "telemetry.sdk.name": "opentelemetry",
            "telemetry.sdk.version": "1.40.0",
            "service.name": "lumari-backend",
            "service.version": "0.1.0",
            "service.namespace": "lumari",
            "deployment.environment": "development",
            "telemetry.middleware.version": "1.0.0"
        },
        "schema_url": ""
    }
}
{
    "name": "developer_team.execute_wave",
    "context": {
        "trace_id": "0xc160b245695eb75891e516fd22cff20d",
        "span_id": "0x0b4bd2cc99badf9d",
        "trace_state": "[]"
    },
    "kind": "SpanKind.INTERNAL",
    "parent_id": "0xdd898ca43dfb5641",
    "start_time": "2026-05-18T08:02:16.383650Z",
    "end_time": "2026-05-18T08:02:19.458022Z",
    "status": {
        "status_code": "UNSET"
    },
    "attributes": {
        "wave.files": [
            "src/schema_definition.py"
        ]
    },
    "events": [],
    "links": [],
    "resource": {
        "attributes": {
            "telemetry.sdk.language": "python",
            "telemetry.sdk.name": "opentelemetry",
            "telemetry.sdk.version": "1.40.0",
            "service.name": "lumari-backend",
            "service.version": "0.1.0",
            "service.namespace": "lumari",
            "deployment.environment": "development",
            "telemetry.middleware.version": "1.0.0"
        },
        "schema_url": ""
    }
}
[2m08:02:22[0m [[32m[1minfo     [0m] [1mAgent completed id=11527cd3..., duration=3.11s[0m [36mreq[0m=[35me28a9bdd[0m
[2m08:02:22[0m [[32m[1minfo     [0m] [1mUpdated agent id=11527cd3... status=completed[0m [36mreq[0m=[35me28a9bdd[0m
[2m08:02:22[0m [[32m[1minfo     [0m] [1mExecuting wave 3/3, files=['prompts/generated/prompt_analyze_data_quality_issues_and_generate_a_summary_report.txt'][0m [36mreq[0m=[35me28a9bdd[0m
[2m08:02:22[0m [[32m[1minfo     [0m] [1mRegistered agent id=48b1f647..., task=8650f698..., file=prompts/generated/prompt_analyze_data_quality_issues_and_generate_a_summary_report.txt[0m [36mreq[0m=[35me28a9bdd[0m
[2m08:02:22[0m [[32m[1minfo     [0m] [1mUpdated agent id=48b1f647... status=running[0m [36mreq[0m=[35me28a9bdd[0m
[2m08:02:22[0m [[32m[1minfo     [0m] [1mExecuting agent id=48b1f647..., file=prompts/generated/prompt_analyze_data_quality_issues_and_generate_a_summary_report.txt[0m [36mreq[0m=[35me28a9bdd[0m
[2m08:02:24[0m [[32m[1minfo     [0m] [1mAgent completed id=48b1f647..., duration=2.41s[0m [36mreq[0m=[35me28a9bdd[0m
[2m08:02:24[0m [[32m[1minfo     [0m] [1mUpdated agent id=48b1f647... status=completed[0m [36mreq[0m=[35me28a9bdd[0m
[2m08:02:24[0m [[32m[1minfo     [0m] [1mUnregistered agent id=9b35c020...       [0m [36mreq[0m=[35me28a9bdd[0m
[2m08:02:24[0m [[32m[1minfo     [0m] [1mUnregistered agent id=11527cd3...       [0m [36mreq[0m=[35me28a9bdd[0m
[2m08:02:24[0m [[32m[1minfo     [0m] [1mUnregistered agent id=48b1f647...       [0m [36mreq[0m=[35me28a9bdd[0m
[2m08:02:24[0m [[32m[1minfo     [0m] [1mCleaned up 3 agents for task 8650f698...[0m [36mreq[0m=[35me28a9bdd[0m
[2m08:02:25[0m [[32m[1minfo     [0m] [1mBuilt prompt: id=e1872b48..., name=prompt_analyze_data_quality_issues_and_generate_a_summary_report[0m [36mreq[0m=[35me28a9bdd[0m
[2m08:02:25[0m [[32m[1minfo     [0m] [1mInjecting capability: type=prompt, id=e1872b48...[0m [36mreq[0m=[35me28a9bdd[0m
{
    "name": "agent_spawner.spawn_and_execute",
    "context": {
        "trace_id": "0xc160b245695eb75891e516fd22cff20d",
        "span_id": "0xdd5973308c506615",
        "trace_state": "[]"
    },
    "kind": "SpanKind.INTERNAL",
    "parent_id": "0x0b7d6d1a0e61da86",
    "start_time": "2026-05-18T08:02:19.458372Z",
    "end_time": "2026-05-18T08:02:22.566157Z",
    "status": {
        "status_code": "UNSET"
    },
    "attributes": {
        "agent.id": "11527cd3-1013-43c3-9d99-8c7602879119",
        "agent.task_id": "8650f698-c0f5-45bf-82a0-44a6d2a75769",
        "agent.file_path": "src/data_analyzer.py",
        "agent.timeout_seconds": 300,
        "agent.registered": true,
        "agent.success": true,
        "agent.duration_seconds": 3.1067917346954346
    },
    "events": [],
    "links": [],
    "resource": {
        "attributes": {
            "telemetry.sdk.language": "python",
            "telemetry.sdk.name": "opentelemetry",
            "telemetry.sdk.version": "1.40.0",
            "service.name": "lumari-backend",
            "service.version": "0.1.0",
            "service.namespace": "lumari",
            "deployment.environment": "development",
            "telemetry.middleware.version": "1.0.0"
        },
        "schema_url": ""
    }
}
{
    "name": "developer_team.execute_wave",
    "context": {
        "trace_id": "0xc160b245695eb75891e516fd22cff20d",
        "span_id": "0x0b7d6d1a0e61da86",
        "trace_state": "[]"
    },
    "kind": "SpanKind.INTERNAL",
    "parent_id": "0xdd898ca43dfb5641",
    "start_time": "2026-05-18T08:02:19.458196Z",
    "end_time": "2026-05-18T08:02:22.568166Z",
    "status": {
        "status_code": "UNSET"
    },
    "attributes": {
        "wave.files": [
            "src/data_analyzer.py"
        ]
    },
    "events": [],
    "links": [],
    "resource": {
        "attributes": {
            "telemetry.sdk.language": "python",
            "telemetry.sdk.name": "opentelemetry",
            "telemetry.sdk.version": "1.40.0",
            "service.name": "lumari-backend",
            "service.version": "0.1.0",
            "service.namespace": "lumari",
            "deployment.environment": "development",
            "telemetry.middleware.version": "1.0.0"
        },
        "schema_url": ""
    }
}
{
    "name": "agent_spawner.spawn_and_execute",
    "context": {
        "trace_id": "0xc160b245695eb75891e516fd22cff20d",
        "span_id": "0x4711755eed197928",
        "trace_state": "[]"
    },
    "kind": "SpanKind.INTERNAL",
    "parent_id": "0x2a9cd1a9afa099cb",
    "start_time": "2026-05-18T08:02:22.568966Z",
    "end_time": "2026-05-18T08:02:24.983295Z",
    "status": {
        "status_code": "UNSET"
    },
    "attributes": {
        "agent.id": "48b1f647-e007-4248-b174-af0a11489e05",
        "agent.task_id": "8650f698-c0f5-45bf-82a0-44a6d2a75769",
        "agent.file_path": "prompts/generated/prompt_analyze_data_quality_issues_and_generate_a_summary_report.txt",
        "agent.timeout_seconds": 300,
        "agent.registered": true,
        "agent.success": true,
        "agent.duration_seconds": 2.413835048675537
    },
    "events": [],
    "links": [],
    "resource": {
        "attributes": {
            "telemetry.sdk.language": "python",
            "telemetry.sdk.name": "opentelemetry",
            "telemetry.sdk.version": "1.40.0",
            "service.name": "lumari-backend",
            "service.version": "0.1.0",
            "service.namespace": "lumari",
            "deployment.environment": "development",
            "telemetry.middleware.version": "1.0.0"
        },
        "schema_url": ""
    }
}
{
    "name": "developer_team.execute_wave",
    "context": {
        "trace_id": "0xc160b245695eb75891e516fd22cff20d",
        "span_id": "0x2a9cd1a9afa099cb",
        "trace_state": "[]"
    },
    "kind": "SpanKind.INTERNAL",
    "parent_id": "0xdd898ca43dfb5641",
    "start_time": "2026-05-18T08:02:22.568671Z",
    "end_time": "2026-05-18T08:02:24.983690Z",
    "status": {
        "status_code": "UNSET"
    },
    "attributes": {
        "wave.files": [
            "prompts/generated/prompt_analyze_data_quality_issues_and_generate_a_summary_report.txt"
        ]
    },
    "events": [],
    "links": [],
    "resource": {
        "attributes": {
            "telemetry.sdk.language": "python",
            "telemetry.sdk.name": "opentelemetry",
            "telemetry.sdk.version": "1.40.0",
            "service.name": "lumari-backend",
            "service.version": "0.1.0",
            "service.namespace": "lumari",
            "deployment.environment": "development",
            "telemetry.middleware.version": "1.0.0"
        },
        "schema_url": ""
    }
}
{
    "name": "developer_team.execute_complex_task",
    "context": {
        "trace_id": "0xc160b245695eb75891e516fd22cff20d",
        "span_id": "0xdd898ca43dfb5641",
        "trace_state": "[]"
    },
    "kind": "SpanKind.INTERNAL",
    "parent_id": null,
    "start_time": "2026-05-18T08:02:11.442362Z",
    "end_time": "2026-05-18T08:02:24.984057Z",
    "status": {
        "status_code": "UNSET"
    },
    "attributes": {
        "task.id": "8650f698-c0f5-45bf-82a0-44a6d2a75769",
        "task.files_count": 1,
        "task.subtasks_count": 3,
        "task.waves_count": 3,
        "task.files_completed": 3,
        "task.files_failed": 0,
        "task.success": true
    },
    "events": [],
    "links": [],
    "resource": {
        "attributes": {
            "telemetry.sdk.language": "python",
            "telemetry.sdk.name": "opentelemetry",
            "telemetry.sdk.version": "1.40.0",
            "service.name": "lumari-backend",
            "service.version": "0.1.0",
            "service.namespace": "lumari",
            "deployment.environment": "development",
            "telemetry.middleware.version": "1.0.0"
        },
        "schema_url": ""
    }
}
[2m08:02:25[0m [[32m[1minfo     [0m] [1mLoading topology from database...       [0m [36mreq[0m=[35me28a9bdd[0m
[2m08:02:25[0m [[32m[1minfo     [0m] [1mMapped 8 skill entries to 8 capabilities[0m [36mreq[0m=[35me28a9bdd[0m
[2m08:02:25[0m [[32m[1minfo     [0m] [1mTopology validated: 11 agents in 5 waves[0m [36mreq[0m=[35me28a9bdd[0m
[2m08:02:25[0m [[32m[1minfo     [0m] [1mLoaded 8 skills for topology            [0m [36mreq[0m=[35me28a9bdd[0m
[2m08:02:25[0m [[32m[1minfo     [0m] [1mTopology loaded: 11 agents, 5 waves     [0m [36mreq[0m=[35me28a9bdd[0m
[2m08:02:25[0m [[32m[1minfo     [0m] [1mCapability injected successfully: prompt/e1872b48...[0m [36mreq[0m=[35me28a9bdd[0m
[2m08:02:25[0m [[32m[1minfo     [0m] [1mRecorded build attempt: capability=analyze data quality issues and generate a summary report, success=True, error_type=None[0m [36mreq[0m=[35me28a9bdd[0m
[2m08:02:25[0m [[32m[1minfo     [0m] [1mGap completed: f185abef... -> prompt/e1872b48...[0m [36mreq[0m=[35me28a9bdd[0m
[2m08:02:25[0m [[32m[1minfo     [0m] [1mProcessing gap: e866897b... type=missing_planning_skill, capability=draft budget planning recommendations for Q4 based on analytical findings, severity=important[0m [36mreq[0m=[35me28a9bdd[0m
[2m08:02:25[0m [[33m[1mwarning  [0m] [1mUnknown gap type 'missing_planning_skill', using generic builder[0m [36mreq[0m=[35me28a9bdd[0m
[2m08:02:25[0m [[32m[1minfo     [0m] [1mBuilding capability: gap_type=missing_planning_skill, severity=important, attempt=1, approach=direct[0m [36mreq[0m=[35me28a9bdd[0m
[2m08:02:25[0m [[32m[1minfo     [0m] [1mDecomposing task id=ce23fff4..., files=1[0m [36mreq[0m=[35me28a9bdd[0m
[2m08:02:25[0m [[32m[1minfo     [0m] [1mGetting challenge status: id=af031e76-2772-4919-96b1-b0e2724bfe6e[0m [36mreq[0m=[35m0acc04a5[0m
[2m08:02:25[0m [[32m[1minfo     [0m] [1mrequest_finished                        [0m [36mduration[0m=[35m0.014[0m [36mmethod[0m=[35mGET[0m [36mpath[0m=[35m/api/v1/challenges/af031e76-2772-4919-96b1-b0e2724bfe6e[0m [36mreq[0m=[35m0acc04a5[0m [36mrequest_id[0m=[35m0acc04a5-2d02-4aa9-b882-f695dd7c231f[0m [36mstatus[0m=[35m200[0m
[2m08:02:30[0m [[32m[1minfo     [0m] [1mDecomposed task into 3 subtasks, 2 waves[0m [36mreq[0m=[35me28a9bdd[0m
[2m08:02:30[0m [[32m[1minfo     [0m] [1mExecuting wave 1/2, files=['prompts/generated/prompt_draft_budget_planning_recommendations_for_q4_based_on_analytical_findings.txt', 'scripts/analyze_q3_data.py'][0m [36mreq[0m=[35me28a9bdd[0m
[2m08:02:30[0m [[32m[1minfo     [0m] [1mRegistered agent id=abf7aa5b..., task=ce23fff4..., file=prompts/generated/prompt_draft_budget_planning_recommendations_for_q4_based_on_analytical_findings.txt[0m [36mreq[0m=[35me28a9bdd[0m
[2m08:02:30[0m [[32m[1minfo     [0m] [1mUpdated agent id=abf7aa5b... status=running[0m [36mreq[0m=[35me28a9bdd[0m
[2m08:02:30[0m [[32m[1minfo     [0m] [1mExecuting agent id=abf7aa5b..., file=prompts/generated/prompt_draft_budget_planning_recommendations_for_q4_based_on_analytical_findings.txt[0m [36mreq[0m=[35me28a9bdd[0m
[2m08:02:30[0m [[32m[1minfo     [0m] [1mRegistered agent id=028eb290..., task=ce23fff4..., file=scripts/analyze_q3_data.py[0m [36mreq[0m=[35me28a9bdd[0m
[2m08:02:30[0m [[32m[1minfo     [0m] [1mUpdated agent id=028eb290... status=running[0m [36mreq[0m=[35me28a9bdd[0m
[2m08:02:30[0m [[32m[1minfo     [0m] [1mExecuting agent id=028eb290..., file=scripts/analyze_q3_data.py[0m [36mreq[0m=[35me28a9bdd[0m
[2m08:02:33[0m [[32m[1minfo     [0m] [1mAgent completed id=028eb290..., duration=2.30s[0m [36mreq[0m=[35me28a9bdd[0m
[2m08:02:33[0m [[32m[1minfo     [0m] [1mUpdated agent id=028eb290... status=completed[0m [36mreq[0m=[35me28a9bdd[0m
[2m08:02:33[0m [[32m[1minfo     [0m] [1mAgent completed id=abf7aa5b..., duration=2.87s[0m [36mreq[0m=[35me28a9bdd[0m
[2m08:02:33[0m [[32m[1minfo     [0m] [1mUpdated agent id=abf7aa5b... status=completed[0m [36mreq[0m=[35me28a9bdd[0m
[2m08:02:33[0m [[32m[1minfo     [0m] [1mExecuting wave 2/2, files=['scripts/generate_budget_recommendations.py'][0m [36mreq[0m=[35me28a9bdd[0m
[2m08:02:33[0m [[32m[1minfo     [0m] [1mRegistered agent id=3149e3b5..., task=ce23fff4..., file=scripts/generate_budget_recommendations.py[0m [36mreq[0m=[35me28a9bdd[0m
[2m08:02:33[0m [[32m[1minfo     [0m] [1mUpdated agent id=3149e3b5... status=running[0m [36mreq[0m=[35me28a9bdd[0m
[2m08:02:33[0m [[32m[1minfo     [0m] [1mExecuting agent id=3149e3b5..., file=scripts/generate_budget_recommendations.py[0m [36mreq[0m=[35me28a9bdd[0m
{
    "name": "developer_team.decompose_task",
    "context": {
        "trace_id": "0x81fe7684c5c7c73fea9fc36d8bacd9b6",
        "span_id": "0xfc35933f5173c07c",
        "trace_state": "[]"
    },
    "kind": "SpanKind.INTERNAL",
    "parent_id": "0xac6791b6ed6b9e6d",
    "start_time": "2026-05-18T08:02:25.255613Z",
    "end_time": "2026-05-18T08:02:30.717162Z",
    "status": {
        "status_code": "UNSET"
    },
    "attributes": {},
    "events": [],
    "links": [],
    "resource": {
        "attributes": {
            "telemetry.sdk.language": "python",
            "telemetry.sdk.name": "opentelemetry",
            "telemetry.sdk.version": "1.40.0",
            "service.name": "lumari-backend",
            "service.version": "0.1.0",
            "service.namespace": "lumari",
            "deployment.environment": "development",
            "telemetry.middleware.version": "1.0.0"
        },
        "schema_url": ""
    }
}
{
    "name": "agent_spawner.spawn_and_execute",
    "context": {
        "trace_id": "0x81fe7684c5c7c73fea9fc36d8bacd9b6",
        "span_id": "0xcc7931e2d2fa0048",
        "trace_state": "[]"
    },
    "kind": "SpanKind.INTERNAL",
    "parent_id": "0x04f772962c8a9211",
    "start_time": "2026-05-18T08:02:30.945552Z",
    "end_time": "2026-05-18T08:02:33.242105Z",
    "status": {
        "status_code": "UNSET"
    },
    "attributes": {
        "agent.id": "028eb290-c2f1-4cc4-ab34-62f6d0f91597",
        "agent.task_id": "ce23fff4-3300-48c3-953d-8af4265d1273",
        "agent.file_path": "scripts/analyze_q3_data.py",
        "agent.timeout_seconds": 300,
        "agent.registered": true,
        "agent.success": true,
        "agent.duration_seconds": 2.2956278324127197
    },
    "events": [],
    "links": [],
    "resource": {
        "attributes": {
            "telemetry.sdk.language": "python",
            "telemetry.sdk.name": "opentelemetry",
            "telemetry.sdk.version": "1.40.0",
            "service.name": "lumari-backend",
            "service.version": "0.1.0",
            "service.namespace": "lumari",
            "deployment.environment": "development",
            "telemetry.middleware.version": "1.0.0"
        },
        "schema_url": ""
    }
}
{
    "name": "agent_spawner.spawn_and_execute",
    "context": {
        "trace_id": "0x81fe7684c5c7c73fea9fc36d8bacd9b6",
        "span_id": "0xdb37b7a9b9427116",
        "trace_state": "[]"
    },
    "kind": "SpanKind.INTERNAL",
    "parent_id": "0x04f772962c8a9211",
    "start_time": "2026-05-18T08:02:30.717712Z",
    "end_time": "2026-05-18T08:02:33.588695Z",
    "status": {
        "status_code": "UNSET"
    },
    "attributes": {
        "agent.id": "abf7aa5b-aec6-43f2-826d-1c499689b72f",
        "agent.task_id": "ce23fff4-3300-48c3-953d-8af4265d1273",
        "agent.file_path": "prompts/generated/prompt_draft_budget_planning_recommendations_for_q4_based_on_analytical_findings.txt",
        "agent.timeout_seconds": 300,
        "agent.registered": true,
        "agent.success": true,
        "agent.duration_seconds": 2.8698160648345947
    },
    "events": [],
    "links": [],
    "resource": {
        "attributes": {
            "telemetry.sdk.language": "python",
            "telemetry.sdk.name": "opentelemetry",
            "telemetry.sdk.version": "1.40.0",
            "service.name": "lumari-backend",
            "service.version": "0.1.0",
            "service.namespace": "lumari",
            "deployment.environment": "development",
            "telemetry.middleware.version": "1.0.0"
        },
        "schema_url": ""
    }
}
{
    "name": "developer_team.execute_wave",
    "context": {
        "trace_id": "0x81fe7684c5c7c73fea9fc36d8bacd9b6",
        "span_id": "0x04f772962c8a9211",
        "trace_state": "[]"
    },
    "kind": "SpanKind.INTERNAL",
    "parent_id": "0xac6791b6ed6b9e6d",
    "start_time": "2026-05-18T08:02:30.717362Z",
    "end_time": "2026-05-18T08:02:33.588947Z",
    "status": {
        "status_code": "UNSET"
    },
    "attributes": {
        "wave.files": [
            "prompts/generated/prompt_draft_budget_planning_recommendations_for_q4_based_on_analytical_findings.txt",
            "scripts/analyze_q3_data.py"
        ]
    },
    "events": [],
    "links": [],
    "resource": {
        "attributes": {
            "telemetry.sdk.language": "python",
            "telemetry.sdk.name": "opentelemetry",
            "telemetry.sdk.version": "1.40.0",
            "service.name": "lumari-backend",
            "service.version": "0.1.0",
            "service.namespace": "lumari",
            "deployment.environment": "development",
            "telemetry.middleware.version": "1.0.0"
        },
        "schema_url": ""
    }
}
[2m08:02:35[0m [[32m[1minfo     [0m] [1mGetting challenge status: id=af031e76-2772-4919-96b1-b0e2724bfe6e[0m [36mreq[0m=[35m5be4834c[0m
[2m08:02:35[0m [[32m[1minfo     [0m] [1mrequest_finished                        [0m [36mduration[0m=[35m0.021[0m [36mmethod[0m=[35mGET[0m [36mpath[0m=[35m/api/v1/challenges/af031e76-2772-4919-96b1-b0e2724bfe6e[0m [36mreq[0m=[35m5be4834c[0m [36mrequest_id[0m=[35m5be4834c-e156-40b6-8e5b-982860d713da[0m [36mstatus[0m=[35m200[0m
[2m08:02:37[0m [[32m[1minfo     [0m] [1mAgent completed id=3149e3b5..., duration=3.68s[0m [36mreq[0m=[35me28a9bdd[0m
[2m08:02:37[0m [[32m[1minfo     [0m] [1mUpdated agent id=3149e3b5... status=completed[0m [36mreq[0m=[35me28a9bdd[0m
[2m08:02:37[0m [[32m[1minfo     [0m] [1mUnregistered agent id=abf7aa5b...       [0m [36mreq[0m=[35me28a9bdd[0m
[2m08:02:37[0m [[32m[1minfo     [0m] [1mUnregistered agent id=028eb290...       [0m [36mreq[0m=[35me28a9bdd[0m
[2m08:02:37[0m [[32m[1minfo     [0m] [1mUnregistered agent id=3149e3b5...       [0m [36mreq[0m=[35me28a9bdd[0m
[2m08:02:37[0m [[32m[1minfo     [0m] [1mCleaned up 3 agents for task ce23fff4...[0m [36mreq[0m=[35me28a9bdd[0m
[2m08:02:37[0m [[32m[1minfo     [0m] [1mBuilt prompt: id=4008ea36..., name=prompt_draft_budget_planning_recommendations_for_q4_based_on_analytical_findings[0m [36mreq[0m=[35me28a9bdd[0m
[2m08:02:37[0m [[32m[1minfo     [0m] [1mInjecting capability: type=prompt, id=4008ea36...[0m [36mreq[0m=[35me28a9bdd[0m
[2m08:02:37[0m [[32m[1minfo     [0m] [1mLoading topology from database...       [0m [36mreq[0m=[35me28a9bdd[0m
[2m08:02:37[0m [[32m[1minfo     [0m] [1mMapped 8 skill entries to 8 capabilities[0m [36mreq[0m=[35me28a9bdd[0m
[2m08:02:37[0m [[32m[1minfo     [0m] [1mTopology validated: 11 agents in 5 waves[0m [36mreq[0m=[35me28a9bdd[0m
[2m08:02:37[0m [[32m[1minfo     [0m] [1mLoaded 8 skills for topology            [0m [36mreq[0m=[35me28a9bdd[0m
[2m08:02:37[0m [[32m[1minfo     [0m] [1mTopology loaded: 11 agents, 5 waves     [0m [36mreq[0m=[35me28a9bdd[0m
[2m08:02:37[0m [[32m[1minfo     [0m] [1mCapability injected successfully: prompt/4008ea36...[0m [36mreq[0m=[35me28a9bdd[0m
[2m08:02:37[0m [[32m[1minfo     [0m] [1mRecorded build attempt: capability=draft budget planning recommendations for Q4 based on analytical findings, success=True, error_type=None[0m [36mreq[0m=[35me28a9bdd[0m
[2m08:02:37[0m [[32m[1minfo     [0m] [1mGap completed: e866897b... -> prompt/4008ea36...[0m [36mreq[0m=[35me28a9bdd[0m
[2m08:02:37[0m [[32m[1minfo     [0m] [1mAll gaps processed for plan bbf9b6ef... [0m [36mreq[0m=[35me28a9bdd[0m
[2m08:02:37[0m [[32m[1minfo     [0m] [1mCompleted gap plan: bbf9b6ef..., status=completed, completed=3, failed=0[0m [36mreq[0m=[35me28a9bdd[0m
[2m08:02:37[0m [[32m[1minfo     [0m] [1mGap plan execution finished: bbf9b6ef..., completed=3, failed=0, artifacts=3[0m [36mreq[0m=[35me28a9bdd[0m
[2m08:02:37[0m [[32m[1minfo     [0m] [1mVerifying gap closure after cycle 1, built 3 capabilities[0m [36mreq[0m=[35me28a9bdd[0m
[2m08:02:37[0m [[32m[1minfo     [0m] [1mGap CLOSED: 'parse and analyze CSV file structures to identify sub-contractors' by skill/e024fca3...[0m [36mreq[0m=[35me28a9bdd[0m
[2m08:02:37[0m [[32m[1minfo     [0m] [1mGap CLOSED: 'analyze data quality issues and generate a summary report' by prompt/e1872b48...[0m [36mreq[0m=[35me28a9bdd[0m
[2m08:02:37[0m [[32m[1minfo     [0m] [1mGap CLOSED: 'draft budget planning recommendations for Q4 based on analytical findings' by prompt/4008ea36...[0m [36mreq[0m=[35me28a9bdd[0m
[2m08:02:37[0m [[32m[1minfo     [0m] [1mPlan verification complete: bbf9b6ef..., closed=3/3, all_closed=True[0m [36mreq[0m=[35me28a9bdd[0m
[2m08:02:37[0m [[32m[1minfo     [0m] [1mVerification result: closed=3/3, all_closed=True[0m [36mreq[0m=[35me28a9bdd[0m
[2m08:02:37[0m [[32m[1minfo     [0m] [1mChallenge af031e76... RESOLVED          [0m [36mreq[0m=[35me28a9bdd[0m
[2m08:02:37[0m [[32m[1minfo     [0m] [1mUSER_NOTIFICATION: Challenge af031e76... RESOLVED after 1 attempts[0m [36mreq[0m=[35me28a9bdd[0m
[2m08:02:37[0m [[32m[1minfo     [0m] [1mChallenge RESOLVED after cycle 1: af031e76... (all 3 gaps closed)[0m [36mreq[0m=[35me28a9bdd[0m
[2m08:02:37[0m [[32m[1minfo     [0m] [1mCapability building successful: af031e76-2772-4919-96b1-b0e2724bfe6e[0m [36mreq[0m=[35me28a9bdd[0m
{
    "name": "agent_spawner.spawn_and_execute",
    "context": {
        "trace_id": "0x81fe7684c5c7c73fea9fc36d8bacd9b6",
        "span_id": "0x4455ae823f66544a",
        "trace_state": "[]"
    },
    "kind": "SpanKind.INTERNAL",
    "parent_id": "0x55860f3578c0ff51",
    "start_time": "2026-05-18T08:02:33.589487Z",
    "end_time": "2026-05-18T08:02:37.274998Z",
    "status": {
        "status_code": "UNSET"
    },
    "attributes": {
        "agent.id": "3149e3b5-d1ae-4393-966a-cdf37a95e66b",
        "agent.task_id": "ce23fff4-3300-48c3-953d-8af4265d1273",
        "agent.file_path": "scripts/generate_budget_recommendations.py",
        "agent.timeout_seconds": 300,
        "agent.registered": true,
        "agent.success": true,
        "agent.duration_seconds": 3.6840641498565674
    },
    "events": [],
    "links": [],
    "resource": {
        "attributes": {
            "telemetry.sdk.language": "python",
            "telemetry.sdk.name": "opentelemetry",
            "telemetry.sdk.version": "1.40.0",
            "service.name": "lumari-backend",
            "service.version": "0.1.0",
            "service.namespace": "lumari",
            "deployment.environment": "development",
            "telemetry.middleware.version": "1.0.0"
        },
        "schema_url": ""
    }
}
{
    "name": "developer_team.execute_wave",
    "context": {
        "trace_id": "0x81fe7684c5c7c73fea9fc36d8bacd9b6",
        "span_id": "0x55860f3578c0ff51",
        "trace_state": "[]"
    },
    "kind": "SpanKind.INTERNAL",
    "parent_id": "0xac6791b6ed6b9e6d",
    "start_time": "2026-05-18T08:02:33.589193Z",
    "end_time": "2026-05-18T08:02:37.275177Z",
    "status": {
        "status_code": "UNSET"
    },
    "attributes": {
        "wave.files": [
            "scripts/generate_budget_recommendations.py"
        ]
    },
    "events": [],
    "links": [],
    "resource": {
        "attributes": {
            "telemetry.sdk.language": "python",
            "telemetry.sdk.name": "opentelemetry",
            "telemetry.sdk.version": "1.40.0",
            "service.name": "lumari-backend",
            "service.version": "0.1.0",
            "service.namespace": "lumari",
            "deployment.environment": "development",
            "telemetry.middleware.version": "1.0.0"
        },
        "schema_url": ""
    }
}
{
    "name": "developer_team.execute_complex_task",
    "context": {
        "trace_id": "0x81fe7684c5c7c73fea9fc36d8bacd9b6",
        "span_id": "0xac6791b6ed6b9e6d",
        "trace_state": "[]"
    },
    "kind": "SpanKind.INTERNAL",
    "parent_id": null,
    "start_time": "2026-05-18T08:02:25.255392Z",
    "end_time": "2026-05-18T08:02:37.275414Z",
    "status": {
        "status_code": "UNSET"
    },
    "attributes": {
        "task.id": "ce23fff4-3300-48c3-953d-8af4265d1273",
        "task.files_count": 1,
        "task.subtasks_count": 3,
        "task.waves_count": 2,
        "task.files_completed": 3,
        "task.files_failed": 0,
        "task.success": true
    },
    "events": [],
    "links": [],
    "resource": {
        "attributes": {
            "telemetry.sdk.language": "python",
            "telemetry.sdk.name": "opentelemetry",
            "telemetry.sdk.version": "1.40.0",
            "service.name": "lumari-backend",
            "service.version": "0.1.0",
            "service.namespace": "lumari",
            "deployment.environment": "development",
            "telemetry.middleware.version": "1.0.0"
        },
        "schema_url": ""
    }
}
[2m08:02:45[0m [[32m[1minfo     [0m] [1mGetting challenge status: id=af031e76-2772-4919-96b1-b0e2724bfe6e[0m [36mreq[0m=[35m42af9846[0m
[2m08:02:45[0m [[32m[1minfo     [0m] [1mrequest_finished                        [0m [36mduration[0m=[35m0.01[0m [36mmethod[0m=[35mGET[0m [36mpath[0m=[35m/api/v1/challenges/af031e76-2772-4919-96b1-b0e2724bfe6e[0m [36mreq[0m=[35m42af9846[0m [36mrequest_id[0m=[35m42af9846-1602-4c39-bd45-37f54a9016b8[0m [36mstatus[0m=[35m200[0m
[2m08:02:45[0m [[32m[1minfo     [0m] [1mExecuting challenge: id=af031e76-2772-4919-96b1-b0e2724bfe6e[0m [36mreq[0m=[35m70e93474[0m
[2m08:02:45[0m [[32m[1minfo     [0m] [1mrequest_finished                        [0m [36mduration[0m=[35m0.009[0m [36mmethod[0m=[35mPOST[0m [36mpath[0m=[35m/api/v1/challenges/af031e76-2772-4919-96b1-b0e2724bfe6e/execute[0m [36mreq[0m=[35m70e93474[0m [36mrequest_id[0m=[35m70e93474-5a27-4250-954c-3cddf7ef60f3[0m [36mstatus[0m=[35m200[0m
[2m08:02:45[0m [[32m[1minfo     [0m] [1mStarting background execution: challenge_id=af031e76-2772-4919-96b1-b0e2724bfe6e[0m [36mreq[0m=[35m70e93474[0m
/Users/patrick/Documents/Uni/master_project/backend/app/api/v1/endpoints/challenges.py:1255: UserWarning: Qdrant client version 1.16.1 is incompatible with server version 1.18.0. Major versions should match and minor version difference must not exceed 1. Set check_compatibility=False to skip version check.
  qdrant_client = QdrantClient(url="http://localhost:6333", timeout=5)
[2m08:02:45[0m [[32m[1minfo     [0m] [1mLoading topology from database...       [0m [36mreq[0m=[35m70e93474[0m
[2m08:02:45[0m [[32m[1minfo     [0m] [1mMapped 8 skill entries to 8 capabilities[0m [36mreq[0m=[35m70e93474[0m
[2m08:02:45[0m [[32m[1minfo     [0m] [1mTopology validated: 11 agents in 5 waves[0m [36mreq[0m=[35m70e93474[0m
[2m08:02:45[0m [[32m[1minfo     [0m] [1mLoaded 8 skills for topology            [0m [36mreq[0m=[35m70e93474[0m
[2m08:02:45[0m [[32m[1minfo     [0m] [1mTopology loaded: 11 agents, 5 waves     [0m [36mreq[0m=[35m70e93474[0m
/Users/patrick/Documents/Uni/master_project/backend/app/orchestration/orchestrators/hybrid_orchestrator.py:129: UserWarning: Qdrant client version 1.16.1 is incompatible with server version 1.18.0. Major versions should match and minor version difference must not exceed 1. Set check_compatibility=False to skip version check.
  qdrant_client = QdrantClient(url="http://localhost:6333", timeout=5)
[2m08:02:45[0m [[32m[1minfo     [0m] [1mShared memory initialized with Qdrant   [0m [36mreq[0m=[35m70e93474[0m
[2m08:02:45[0m [[32m[1minfo     [0m] [1mHybridOrchestrator initialized          [0m [36mreq[0m=[35m70e93474[0m
[2m08:02:45[0m [[32m[1minfo     [0m] [1mStarting execution: 8aadd0b9-9e69-4963-b47b-a5dcd094f911[0m [36mreq[0m=[35m70e93474[0m
[2m08:02:48[0m [[32m[1minfo     [0m] [1mTeamAssembler meldet Gaps: 2 fehlende Capabilities[0m [36mreq[0m=[35m70e93474[0m
/Users/patrick/Documents/Uni/master_project/backend/app/orchestration/intervention/orchestrator.py:629: UserWarning: Qdrant client version 1.16.1 is incompatible with server version 1.18.0. Major versions should match and minor version difference must not exceed 1. Set check_compatibility=False to skip version check.
  qdrant_client = QdrantClient(url=qdrant_url)
[2m08:02:48[0m [[32m[1minfo     [0m] [1mLoading topology from database...       [0m [36mreq[0m=[35m70e93474[0m
[2m08:02:48[0m [[32m[1minfo     [0m] [1mMapped 8 skill entries to 8 capabilities[0m [36mreq[0m=[35m70e93474[0m
[2m08:02:48[0m [[32m[1minfo     [0m] [1mTopology validated: 11 agents in 5 waves[0m [36mreq[0m=[35m70e93474[0m
[2m08:02:48[0m [[32m[1minfo     [0m] [1mLoaded 8 skills for topology            [0m [36mreq[0m=[35m70e93474[0m
[2m08:02:48[0m [[32m[1minfo     [0m] [1mTopology loaded: 11 agents, 5 waves     [0m [36mreq[0m=[35m70e93474[0m
[2m08:02:48[0m [[32m[1minfo     [0m] [1mRuntimeAgentRegistry initialized with max_concurrent=5[0m [36mreq[0m=[35m70e93474[0m
[2m08:02:48[0m [[32m[1minfo     [0m] [1mbuild_on_demand: building skill for 'Direkte Datenbank-Konnektivität (SQL-Execution-Engine)'[0m [36mreq[0m=[35m70e93474[0m
[2m08:02:48[0m [[32m[1minfo     [0m] [1mStarting team-based skill development for: Direkte Datenbank-Konnektivität (SQL-Execution-Engine)[0m [36mreq[0m=[35m70e93474[0m
[2m08:02:48[0m [[32m[1minfo     [0m] [1mResearching capability: Direkte Datenbank-Konnektivität (SQL-Execution-Engine)[0m [36mreq[0m=[35m70e93474[0m
[2m08:02:49[0m [[32m[1minfo     [0m] [1mresponse: https://grokipedia.com/api/typeahead?query=python+Direkte+Datenbank-Konnektivit%C3%A4t+%28SQL-Execution-Engine%29+implementation+example+code&limit=1 200[0m
[2m08:02:49[0m [[32m[1minfo     [0m] [1mresponse: https://en.wikipedia.org/w/api.php?action=opensearch&profile=fuzzy&limit=1&search=python%20Direkte%20Datenbank-Konnektivit%C3%A4t%20%28SQL-Execution-Engine%29%20implementation%20example%20code 200[0m
[2m08:02:50[0m [[32m[1minfo     [0m] [1mresponse: https://search.brave.com/search?q=python+Direkte+Datenbank-Konnektivit%C3%A4t+%28SQL-Execution-Engine%29+implementation+example+code&source=web 200[0m
[2m08:02:50[0m [[32m[1minfo     [0m] [1mWeb search for 'python Direkte Datenbank-Konnektivität (SQL-Execution-Engine' returned 5 results[0m [36mreq[0m=[35m70e93474[0m
[2m08:02:54[0m [[32m[1minfo     [0m] [1mSummarized 5 sources into 3015 chars    [0m [36mreq[0m=[35m70e93474[0m
[2m08:02:54[0m [[32m[1minfo     [0m] [1mResearch complete for Direkte Datenbank-Konnektivität (SQL-Execution-Engine): pip=[], examples=1[0m [36mreq[0m=[35m70e93474[0m
[2m08:02:54[0m [[32m[1minfo     [0m] [1mResearch complete: 0 packages found     [0m [36mreq[0m=[35m70e93474[0m
[2m08:02:55[0m [[32m[1minfo     [0m] [1mGetting challenge status: id=af031e76-2772-4919-96b1-b0e2724bfe6e[0m [36mreq[0m=[35mbb275f7e[0m
[2m08:02:55[0m [[32m[1minfo     [0m] [1mrequest_finished                        [0m [36mduration[0m=[35m0.02[0m [36mmethod[0m=[35mGET[0m [36mpath[0m=[35m/api/v1/challenges/af031e76-2772-4919-96b1-b0e2724bfe6e[0m [36mreq[0m=[35mbb275f7e[0m [36mrequest_id[0m=[35mbb275f7e-3e50-43b8-9abe-5f5f5f62aaa7[0m [36mstatus[0m=[35m200[0m
[2m08:02:57[0m [[32m[1minfo     [0m] [1mArchitecture complete: 1 test cases defined[0m [36mreq[0m=[35m70e93474[0m
[2m08:02:57[0m [[32m[1minfo     [0m] [1mSession start: iteration=1/10, pip=0, apt=1[0m [36mreq[0m=[35m70e93474[0m
[2m08:02:57[0m [[32m[1minfo     [0m] [1mDocker client connected successfully    [0m [36mreq[0m=[35m70e93474[0m
[2m08:02:57[0m [[32m[1minfo     [0m] [1mSession container created: 0175764c22d9 [0m [36mreq[0m=[35m70e93474[0m
[2m08:02:57[0m [[32m[1minfo     [0m] [1mInstalling system packages: libpq-dev   [0m [36mreq[0m=[35m70e93474[0m
[2m08:03:02[0m [[32m[1minfo     [0m] [1mSystem packages installed successfully: libpq-dev[0m [36mreq[0m=[35m70e93474[0m
[2m08:03:02[0m [[32m[1minfo     [0m] [1mImplementation iteration 1/10           [0m [36mreq[0m=[35m70e93474[0m
[2m08:03:04[0m [[32m[1minfo     [0m] [1mProaktiv erkannte neue Packages: ['mysql', 'psycopg2-binary'][0m [36mreq[0m=[35m70e93474[0m
[2m08:03:05[0m [[32m[1minfo     [0m] [1mGetting challenge status: id=af031e76-2772-4919-96b1-b0e2724bfe6e[0m [36mreq[0m=[35m7c425582[0m
[2m08:03:05[0m [[32m[1minfo     [0m] [1mrequest_finished                        [0m [36mduration[0m=[35m0.025[0m [36mmethod[0m=[35mGET[0m [36mpath[0m=[35m/api/v1/challenges/af031e76-2772-4919-96b1-b0e2724bfe6e[0m [36mreq[0m=[35m7c425582[0m [36mrequest_id[0m=[35m7c425582-f95a-4e9b-b024-76062661a0ae[0m [36mstatus[0m=[35m200[0m
[2m08:03:09[0m [[32m[1minfo     [0m] [1mSession start: iteration=2/10, pip=2, apt=1[0m [36mreq[0m=[35m70e93474[0m
[2m08:03:09[0m [[32m[1minfo     [0m] [1mSession container created: 01c220e60d0e [0m [36mreq[0m=[35m70e93474[0m
[2m08:03:09[0m [[32m[1minfo     [0m] [1mInstalling system packages: libpq-dev   [0m [36mreq[0m=[35m70e93474[0m
[2m08:03:14[0m [[32m[1minfo     [0m] [1mSystem packages installed successfully: libpq-dev[0m [36mreq[0m=[35m70e93474[0m
[2m08:03:14[0m [[32m[1minfo     [0m] [1mInstalling pip packages: "mysql" "psycopg2-binary"[0m [36mreq[0m=[35m70e93474[0m
[2m08:03:15[0m [[32m[1minfo     [0m] [1mGetting challenge status: id=af031e76-2772-4919-96b1-b0e2724bfe6e[0m [36mreq[0m=[35m0097334a[0m
[2m08:03:15[0m [[32m[1minfo     [0m] [1mrequest_finished                        [0m [36mduration[0m=[35m0.007[0m [36mmethod[0m=[35mGET[0m [36mpath[0m=[35m/api/v1/challenges/af031e76-2772-4919-96b1-b0e2724bfe6e[0m [36mreq[0m=[35m0097334a[0m [36mrequest_id[0m=[35m0097334a-b1a5-4d2a-9828-2df41210656d[0m [36mstatus[0m=[35m200[0m
[2m08:03:16[0m [[33m[1mwarning  [0m] [1mpip install failed: Collecting mysql
  Downloading mysql-0.0.3-py3-none-any.whl.metadata (746 bytes)
Collecting psycopg2-binary
  Using cached psycopg2_binary-2.9.12-cp311-cp311-manylinux_2_27_aarch64.manylinux_2_28_aarch64.whl.metadata (4.9 kB)
Collecting mysqlclient (from mysql)
  Downloading mysqlclient-2.2.8.tar.gz (92 kB)
     ━━━━━━━━━━━━━━━━━━━━━━━━━━━━━━━━━━━━━━━━ 92.3/92.3 kB 4.5 MB/s eta 0:00:00
  Installing build dependencies: started
  Installing build dependencies: finished with status 'done'
  Getting requirements to build wheel: started
  Getting requirements to build wheel: finished with status 'error'
  error: subprocess-exited-with-error
  
  × Getting requirements to build wheel did not run successfully.
  │ exit code: 1
  ╰─> [33 lines of output]
      /bin/sh: 1: pkg-config: not found
      /bin/sh: 1: pkg-config: not found
      /bin/sh: 1: pkg-config: not found
      /bin/sh: 1: pkg-config: not found
      Trying pkg-config --exists mysqlclient
      Command 'pkg-config --exists mysqlclient' returned non-zero exit status 127.
      Trying pkg-config --exists mariadb
      Command 'pkg-config --exists mariadb' returned non-zero exit status 127.
      Trying pkg-config --exists libmariadb
      Command 'pkg-config --exists libmariadb' returned non-zero exit status 127.
      Trying pkg-config --exists perconaserverclient
      Command 'pkg-config --exists perconaserverclient' returned non-zero exit status 127.
      Traceback (most recent call last):
        File "/usr/local/lib/python3.11/site-packages/pip/_vendor/pyproject_hooks/_in_process/_in_process.py", line 353, in <module>
          main()
        File "/usr/local/lib/python3.11/site-packages/pip/_vendor/pyproject_hooks/_in_process/_in_process.py", line 335, in main
          json_out['return_val'] = hook(**hook_input['kwargs'])
                                   ^^^^^^^^^^^^^^^^^^^^^^^^^^^^
        File "/usr/local/lib/python3.11/site-packages/pip/_vendor/pyproject_hooks/_in_process/_in_process.py", line 118, in get_requires_for_build_wheel
          return hook(config_settings)
                 ^^^^^^^^^^^^^^^^^^^^^
        File "/tmp/pip-build-env-2or2jhbr/overlay/lib/python3.11/site-packages/setuptools/build_meta.py", line 333, in get_requires_for_build_wheel
          return self._get_build_requires(config_settings, requirements=[])
                 ^^^^^^^^^^^^^^^^^^^^^^^^^^^^^^^^^^^^^^^^^^^^^^^^^^^^^^^^^^
        File "/tmp/pip-build-env-2or2jhbr/overlay/lib/python3.11/site-packages/setuptools/build_meta.py", line 301, in _get_build_requires
          self.run_setup()
        File "/tmp/pip-build-env-2or2jhbr/overlay/lib/python3.11/site-packages/setuptools/build_meta.py", line 317, in run_setup
          exec(code, locals())
        File "<string>", line 156, in <module>
        File "<string>", line 49, in get_config_posix
        File "<string>", line 28, in find_package_name
      Exception: Can not find valid pkg-config name.
      Specify MYSQLCLIENT_CFLAGS and MYSQLCLIENT_LDFLAGS env vars manually
      [end of output]
  
  note: This error originates from a subprocess, and is likely not a problem with pip.
error: subprocess-exited-with-error

× Getting requirements to build wheel did not run successfully.
│ exit code: 1
╰─> See above for output.

note: This error originates from a subprocess, and is likely not a problem with pip.

[notice] A new release of pip is available: 24.0 -> 26.1.1
[notice] To update, run: pip install --upgrade pip
[0m [36mreq[0m=[35m70e93474[0m
/Users/patrick/Documents/Uni/master_project/.venv/lib/python3.13/site-packages/structlog/stdlib.py:1166: UserWarning: Remove `format_exc_info` from your processor chain if you want pretty exceptions.
  ed = p(logger, meth_name, ed)  # type: ignore[arg-type]
[2m08:03:21[0m [[31m[1merror    [0m] [1mSkill development failed: Session pip install failed: Failed to install pip packages: Collecting mysql
  Downloading mysql-0.0.3-py3-none-any.whl.metadata (746 bytes)
Collecting psycopg2-binary
  Using cached psycopg2_binary-2.9.12-cp311-cp311-manylinux_2_27_aarch64.manylinux_2_28_aarch64.whl.metadata (4.9 kB)
Collecting mysqlclient (from mysql)
  Downloading mysqlclient-2.2.8.tar.gz (92 kB)
     ━━━━━━━━━━━━━━━━━━━━━━━━━━━━━━━━━━━━━━━━ 92.3/92.3 kB 4.5 MB/s eta 0:00:00
  Installing build dependencies: started
  Installing build dependencies: finished with status 'done'
  Getting requirements to build wheel: started
  Getting requirements to build wheel: finished with status 'error'
  error: subprocess-exited-with-error
  
  × Getting requirements to build wheel did not run successfully.
  │ exit code: 1
  ╰─> [33 lines of output]
      /bin/sh: 1: pkg-config: not found
      /bin/sh: 1: pkg-config: not found
      /bin/sh: 1: pkg-config: not found
      /bin/sh: 1: pkg-config: not found
      Trying pkg-config --exists mysqlclient
      Command 'pkg-config --exists mysqlclient' returned non-zero exit status 127.
      Trying pkg-config --exists mariadb
      Command 'pkg-config --exists mariadb' returned non-zero exit status 127.
      Trying pkg-config --exists libmariadb
      Command 'pkg-config --exists libmariadb' returned non-zero exit status 127.
      Trying pkg-config --exists perconaserverclient
      Command 'pkg-config --exists perconaserverclient' returned non-zero exit status 127.
      Traceback (most recent call last):
        File "/usr/local/lib/python3.11/site-packages/pip/_vendor/pyproject_hooks/_in_process/_in_process.py", line 353, in <module>
          main()
        File "/usr/local/lib/python3.11/site-packages/pip/_vendor/pyproject_hooks/_in_process/_in_process.py", line 335, in main
          json_out['return_val'] = hook(**hook_input['kwargs'])
                                   ^^^^^^^^^^^^^^^^^^^^^^^^^^^^
        File "/usr/local/lib/python3.11/site-packages/pip/_vendor/pyproject_hooks/_in_process/_in_process.py", line 118, in get_requires_for_build_wheel
          return hook(config_settings)
                 ^^^^^^^^^^^^^^^^^^^^^
        File "/tmp/pip-build-env-2or2jhbr/overlay/lib/python3.11/site-packages/setuptools/build_meta.py", line 333, in get_requires_for_build_wheel
          return self._get_build_requires(config_settings, requirements=[])
                 ^^^^^^^^^^^^^^^^^^^^^^^^^^^^^^^^^^^^^^^^^^^^^^^^^^^^^^^^^^
        File "/tmp/pip-build-env-2or2jhbr/overlay/lib/python3.11/site-packages/setuptools/build_meta.py", line 301, in _get_build_requires
          self.run_setup()
        File "/tmp/pip-build-env-2or2jhbr/overlay/lib/python3.11/site-packages/setuptools/build_meta.py", line 317, in run_setup
          exec(code, locals())
        File "<string>", line 156, in <module>
        File "<string>", line 49, in get_config_posix
        File "<string>", line 28, in find_package_name
      Exception: Can not find valid pkg-config name.
      Specify MYSQLCLIENT_CFLAGS and MYSQLCLIENT_LDFLAGS env vars manually
      [end of output]
  
  note: This error originates from a subprocess, and is likely not a problem with pip.
error: subprocess-exited-with-error

× Getting requirements to build wheel did not run successfully.
│ exit code: 1
╰─> See above for output.

note: This error originates from a subprocess, and is likely not a problem with pip.

[notice] A new release of pip is available: 24.0 -> 26.1.1
[notice] To update, run: pip install --upgrade pip
[0m [36mreq[0m=[35m70e93474[0m
Traceback (most recent call last):
  File "/Users/patrick/Documents/Uni/master_project/backend/app/services/skill_team_orchestrator.py", line 204, in develop_skill
    impl_result = await self._implementation_phase(
                  ^^^^^^^^^^^^^^^^^^^^^^^^^^^^^^^^^
        capability, design, research, input_files
        ^^^^^^^^^^^^^^^^^^^^^^^^^^^^^^^^^^^^^^^^^
    )
    ^
  File "/Users/patrick/Documents/Uni/master_project/backend/app/services/skill_team_orchestrator.py", line 968, in _implementation_phase
    async with self.sandbox.session(
               ~~~~~~~~~~~~~~~~~~~~^
        pip_requirements=current_pip,
        ^^^^^^^^^^^^^^^^^^^^^^^^^^^^^
    ...<2 lines>...
        env_vars=settings.get_sandbox_env_vars(),
        ^^^^^^^^^^^^^^^^^^^^^^^^^^^^^^^^^^^^^^^^^
    ) as session:
    ^
  File "/Users/patrick/Documents/Uni/master_project/backend/app/services/dynamic_sandbox_service.py", line 188, in __aenter__
    raise RuntimeError(f"Session pip install failed: {pip_result.error}")
RuntimeError: Session pip install failed: Failed to install pip packages: Collecting mysql
  Downloading mysql-0.0.3-py3-none-any.whl.metadata (746 bytes)
Collecting psycopg2-binary
  Using cached psycopg2_binary-2.9.12-cp311-cp311-manylinux_2_27_aarch64.manylinux_2_28_aarch64.whl.metadata (4.9 kB)
Collecting mysqlclient (from mysql)
  Downloading mysqlclient-2.2.8.tar.gz (92 kB)
     ━━━━━━━━━━━━━━━━━━━━━━━━━━━━━━━━━━━━━━━━ 92.3/92.3 kB 4.5 MB/s eta 0:00:00
  Installing build dependencies: started
  Installing build dependencies: finished with status 'done'
  Getting requirements to build wheel: started
  Getting requirements to build wheel: finished with status 'error'
  error: subprocess-exited-with-error
  
  × Getting requirements to build wheel did not run successfully.
  │ exit code: 1
  ╰─> [33 lines of output]
      /bin/sh: 1: pkg-config: not found
      /bin/sh: 1: pkg-config: not found
      /bin/sh: 1: pkg-config: not found
      /bin/sh: 1: pkg-config: not found
      Trying pkg-config --exists mysqlclient
      Command 'pkg-config --exists mysqlclient' returned non-zero exit status 127.
      Trying pkg-config --exists mariadb
      Command 'pkg-config --exists mariadb' returned non-zero exit status 127.
      Trying pkg-config --exists libmariadb
      Command 'pkg-config --exists libmariadb' returned non-zero exit status 127.
      Trying pkg-config --exists perconaserverclient
      Command 'pkg-config --exists perconaserverclient' returned non-zero exit status 127.
      Traceback (most recent call last):
        File "/usr/local/lib/python3.11/site-packages/pip/_vendor/pyproject_hooks/_in_process/_in_process.py", line 353, in <module>
          main()
        File "/usr/local/lib/python3.11/site-packages/pip/_vendor/pyproject_hooks/_in_process/_in_process.py", line 335, in main
          json_out['return_val'] = hook(**hook_input['kwargs'])
                                   ^^^^^^^^^^^^^^^^^^^^^^^^^^^^
        File "/usr/local/lib/python3.11/site-packages/pip/_vendor/pyproject_hooks/_in_process/_in_process.py", line 118, in get_requires_for_build_wheel
          return hook(config_settings)
                 ^^^^^^^^^^^^^^^^^^^^^
        File "/tmp/pip-build-env-2or2jhbr/overlay/lib/python3.11/site-packages/setuptools/build_meta.py", line 333, in get_requires_for_build_wheel
          return self._get_build_requires(config_settings, requirements=[])
                 ^^^^^^^^^^^^^^^^^^^^^^^^^^^^^^^^^^^^^^^^^^^^^^^^^^^^^^^^^^
        File "/tmp/pip-build-env-2or2jhbr/overlay/lib/python3.11/site-packages/setuptools/build_meta.py", line 301, in _get_build_requires
          self.run_setup()
        File "/tmp/pip-build-env-2or2jhbr/overlay/lib/python3.11/site-packages/setuptools/build_meta.py", line 317, in run_setup
          exec(code, locals())
        File "<string>", line 156, in <module>
        File "<string>", line 49, in get_config_posix
        File "<string>", line 28, in find_package_name
      Exception: Can not find valid pkg-config name.
      Specify MYSQLCLIENT_CFLAGS and MYSQLCLIENT_LDFLAGS env vars manually
      [end of output]
  
  note: This error originates from a subprocess, and is likely not a problem with pip.
error: subprocess-exited-with-error

× Getting requirements to build wheel did not run successfully.
│ exit code: 1
╰─> See above for output.

note: This error originates from a subprocess, and is likely not a problem with pip.

[notice] A new release of pip is available: 24.0 -> 26.1.1
[notice] To update, run: pip install --upgrade pip

[2m08:03:21[0m [[33m[1mwarning  [0m] [1mbuild_on_demand: failed for 'Direkte Datenbank-Konnektivität (SQL-Execution-Engine)': Session pip install failed: Failed to install pip packages: Collecting mysql
  Downloading mysql-0.0.3-py3-none-any.whl.metadata (746 bytes)
Collecting psycopg2-binary
  Using cached psycopg2_binary-2.9.12-cp311-cp311-manylinux_2_27_aarch64.manylinux_2_28_aarch64.whl.metadata (4.9 kB)
Collecting mysqlclient (from mysql)
  Downloading mysqlclient-2.2.8.tar.gz (92 kB)
     ━━━━━━━━━━━━━━━━━━━━━━━━━━━━━━━━━━━━━━━━ 92.3/92.3 kB 4.5 MB/s eta 0:00:00
  Installing build dependencies: started
  Installing build dependencies: finished with status 'done'
  Getting requirements to build wheel: started
  Getting requirements to build wheel: finished with status 'error'
  error: subprocess-exited-with-error
  
  × Getting requirements to build wheel did not run successfully.
  │ exit code: 1
  ╰─> [33 lines of output]
      /bin/sh: 1: pkg-config: not found
      /bin/sh: 1: pkg-config: not found
      /bin/sh: 1: pkg-config: not found
      /bin/sh: 1: pkg-config: not found
      Trying pkg-config --exists mysqlclient
      Command 'pkg-config --exists mysqlclient' returned non-zero exit status 127.
      Trying pkg-config --exists mariadb
      Command 'pkg-config --exists mariadb' returned non-zero exit status 127.
      Trying pkg-config --exists libmariadb
      Command 'pkg-config --exists libmariadb' returned non-zero exit status 127.
      Trying pkg-config --exists perconaserverclient
      Command 'pkg-config --exists perconaserverclient' returned non-zero exit status 127.
      Traceback (most recent call last):
        File "/usr/local/lib/python3.11/site-packages/pip/_vendor/pyproject_hooks/_in_process/_in_process.py", line 353, in <module>
          main()
        File "/usr/local/lib/python3.11/site-packages/pip/_vendor/pyproject_hooks/_in_process/_in_process.py", line 335, in main
          json_out['return_val'] = hook(**hook_input['kwargs'])
                                   ^^^^^^^^^^^^^^^^^^^^^^^^^^^^
        File "/usr/local/lib/python3.11/site-packages/pip/_vendor/pyproject_hooks/_in_process/_in_process.py", line 118, in get_requires_for_build_wheel
          return hook(config_settings)
                 ^^^^^^^^^^^^^^^^^^^^^
        File "/tmp/pip-build-env-2or2jhbr/overlay/lib/python3.11/site-packages/setuptools/build_meta.py", line 333, in get_requires_for_build_wheel
          return self._get_build_requires(config_settings, requirements=[])
                 ^^^^^^^^^^^^^^^^^^^^^^^^^^^^^^^^^^^^^^^^^^^^^^^^^^^^^^^^^^
        File "/tmp/pip-build-env-2or2jhbr/overlay/lib/python3.11/site-packages/setuptools/build_meta.py", line 301, in _get_build_requires
          self.run_setup()
        File "/tmp/pip-build-env-2or2jhbr/overlay/lib/python3.11/site-packages/setuptools/build_meta.py", line 317, in run_setup
          exec(code, locals())
        File "<string>", line 156, in <module>
        File "<string>", line 49, in get_config_posix
        File "<string>", line 28, in find_package_name
      Exception: Can not find valid pkg-config name.
      Specify MYSQLCLIENT_CFLAGS and MYSQLCLIENT_LDFLAGS env vars manually
      [end of output]
  
  note: This error originates from a subprocess, and is likely not a problem with pip.
error: subprocess-exited-with-error

× Getting requirements to build wheel did not run successfully.
│ exit code: 1
╰─> See above for output.

note: This error originates from a subprocess, and is likely not a problem with pip.

[notice] A new release of pip is available: 24.0 -> 26.1.1
[notice] To update, run: pip install --upgrade pip
[0m [36mreq[0m=[35m70e93474[0m
[2m08:03:21[0m [[32m[1minfo     [0m] [1mbuild_on_demand: building skill for 'Automatisierte Dateisystem-Zugriffsebene für ETL-Batch-Processing'[0m [36mreq[0m=[35m70e93474[0m
[2m08:03:21[0m [[32m[1minfo     [0m] [1mStarting team-based skill development for: Automatisierte Dateisystem-Zugriffsebene für ETL-Batch-Processing[0m [36mreq[0m=[35m70e93474[0m
[2m08:03:21[0m [[32m[1minfo     [0m] [1mResearching capability: Automatisierte Dateisystem-Zugriffsebene für ETL-Batch-Processing[0m [36mreq[0m=[35m70e93474[0m
[2m08:03:22[0m [[32m[1minfo     [0m] [1mresponse: https://en.wikipedia.org/w/api.php?action=opensearch&profile=fuzzy&limit=1&search=python%20Automatisierte%20Dateisystem-Zugriffsebene%20f%C3%BCr%20ETL-Batch-Processing%20implementation%20example%20code 200[0m
[2m08:03:22[0m [[32m[1minfo     [0m] [1mresponse: https://grokipedia.com/api/typeahead?query=python+Automatisierte+Dateisystem-Zugriffsebene+f%C3%BCr+ETL-Batch-Processing+implementation+example+code&limit=1 200[0m
[2m08:03:22[0m [[32m[1minfo     [0m] [1mresponse: https://www.google.com/search?q=python+Automatisierte+Dateisystem-Zugriffsebene+f%C3%BCr+ETL-Batch-Processing+implementation+example+code&filter=1&start=0&hl=en-US&lr=lang_en&cr=countryUS 200[0m
[2m08:03:22[0m [[32m[1minfo     [0m] [1mresponse: https://yandex.com/search/site/?text=python+Automatisierte+Dateisystem-Zugriffsebene+f%C3%BCr+ETL-Batch-Processing+implementation+example+code&web=1&searchid=7189131 200[0m
[2m08:03:22[0m [[32m[1minfo     [0m] [1mWeb search for 'python Automatisierte Dateisystem-Zugriffsebene für ETL-Batc' returned 5 results[0m [36mreq[0m=[35m70e93474[0m
[2m08:03:25[0m [[32m[1minfo     [0m] [1mGetting challenge status: id=af031e76-2772-4919-96b1-b0e2724bfe6e[0m [36mreq[0m=[35me7253dce[0m
[2m08:03:25[0m [[32m[1minfo     [0m] [1mrequest_finished                        [0m [36mduration[0m=[35m0.01[0m [36mmethod[0m=[35mGET[0m [36mpath[0m=[35m/api/v1/challenges/af031e76-2772-4919-96b1-b0e2724bfe6e[0m [36mreq[0m=[35me7253dce[0m [36mrequest_id[0m=[35me7253dce-bbdf-47a9-b3ef-23cdda84da09[0m [36mstatus[0m=[35m200[0m
[2m08:03:27[0m [[32m[1minfo     [0m] [1mSummarized 6 sources into 3303 chars    [0m [36mreq[0m=[35m70e93474[0m
[2m08:03:27[0m [[32m[1minfo     [0m] [1mResearch complete for Automatisierte Dateisystem-Zugriffsebene für ETL-Batch-Processing: pip=[], examples=1[0m [36mreq[0m=[35m70e93474[0m
[2m08:03:27[0m [[32m[1minfo     [0m] [1mResearch complete: 0 packages found     [0m [36mreq[0m=[35m70e93474[0m
[2m08:03:30[0m [[32m[1minfo     [0m] [1mArchitecture complete: 1 test cases defined[0m [36mreq[0m=[35m70e93474[0m
[2m08:03:30[0m [[32m[1minfo     [0m] [1mSession start: iteration=1/10, pip=0, apt=0[0m [36mreq[0m=[35m70e93474[0m
[2m08:03:30[0m [[32m[1minfo     [0m] [1mSession container created: 2ebcb616c182 [0m [36mreq[0m=[35m70e93474[0m
[2m08:03:30[0m [[32m[1minfo     [0m] [1mImplementation iteration 1/10           [0m [36mreq[0m=[35m70e93474[0m
[2m08:03:33[0m [[32m[1minfo     [0m] [1mProaktiv erkannte neue Packages: ['botocore', 'boto3', 'azure'][0m [36mreq[0m=[35m70e93474[0m
[2m08:03:35[0m [[32m[1minfo     [0m] [1mGetting challenge status: id=af031e76-2772-4919-96b1-b0e2724bfe6e[0m [36mreq[0m=[35mf2235ea0[0m
[2m08:03:35[0m [[32m[1minfo     [0m] [1mrequest_finished                        [0m [36mduration[0m=[35m0.016[0m [36mmethod[0m=[35mGET[0m [36mpath[0m=[35m/api/v1/challenges/af031e76-2772-4919-96b1-b0e2724bfe6e[0m [36mreq[0m=[35mf2235ea0[0m [36mrequest_id[0m=[35mf2235ea0-59a2-453f-87d3-89b5803644be[0m [36mstatus[0m=[35m200[0m
[2m08:03:38[0m [[32m[1minfo     [0m] [1mSession start: iteration=2/10, pip=3, apt=0[0m [36mreq[0m=[35m70e93474[0m
[2m08:03:38[0m [[32m[1minfo     [0m] [1mSession container created: e4b843f89e7a [0m [36mreq[0m=[35m70e93474[0m
[2m08:03:38[0m [[32m[1minfo     [0m] [1mInstalling pip packages: "botocore" "boto3" "azure"[0m [36mreq[0m=[35m70e93474[0m
[2m08:03:40[0m [[33m[1mwarning  [0m] [1mpip install failed: Collecting botocore
  Downloading botocore-1.43.9-py3-none-any.whl.metadata (5.6 kB)
Collecting boto3
  Downloading boto3-1.43.9-py3-none-any.whl.metadata (6.6 kB)
Collecting azure
  Downloading azure-5.0.0.zip (4.6 kB)
  Preparing metadata (setup.py): started
  Preparing metadata (setup.py): finished with status 'error'
  error: subprocess-exited-with-error
  
  × python setup.py egg_info did not run successfully.
  │ exit code: 1
  ╰─> [25 lines of output]
      Traceback (most recent call last):
        File "<string>", line 2, in <module>
        File "<pip-setuptools-caller>", line 34, in <module>
        File "/tmp/pip-install-39hvd6hk/azure_64b5064786b1476e92fb29a82b8cca91/setup.py", line 60, in <module>
          raise RuntimeError(message)
      RuntimeError:
      
      Starting with v5.0.0, the 'azure' meta-package is deprecated and cannot be installed anymore.
      Please install the service specific packages prefixed by `azure` needed for your application.
      
      The complete list of available packages can be found at:
      https://aka.ms/azsdk/python/all
      
      Here's a non-exhaustive list of common packages:
      
      -  azure-mgmt-compute (https://pypi.python.org/pypi/azure-mgmt-compute) : Management of Virtual Machines, etc.
      -  azure-mgmt-storage (https://pypi.python.org/pypi/azure-mgmt-storage) : Management of storage accounts.
      -  azure-mgmt-resource (https://pypi.python.org/pypi/azure-mgmt-resource) : Generic package about Azure Resource Management (ARM)
      -  azure-keyvault-secrets (https://pypi.python.org/pypi/azure-keyvault-secrets) : Access to secrets in Key Vault
      -  azure-storage-blob (https://pypi.python.org/pypi/azure-storage-blob) : Access to blobs in storage accounts
      
      A more comprehensive discussion of the rationale for this decision can be found in the following issue:
      https://github.com/Azure/azure-sdk-for-python/issues/10646
      
      
      [end of output]
  
  note: This error originates from a subprocess, and is likely not a problem with pip.
error: metadata-generation-failed

× Encountered error while generating package metadata.
╰─> See above for output.

note: This is an issue with the package mentioned above, not pip.
hint: See above for details.

[notice] A new release of pip is available: 24.0 -> 26.1.1
[notice] To update, run: pip install --upgrade pip
[0m [36mreq[0m=[35m70e93474[0m
[2m08:03:45[0m [[32m[1minfo     [0m] [1mGetting challenge status: id=af031e76-2772-4919-96b1-b0e2724bfe6e[0m [36mreq[0m=[35mfa509f02[0m
[2m08:03:45[0m [[32m[1minfo     [0m] [1mrequest_finished                        [0m [36mduration[0m=[35m0.018[0m [36mmethod[0m=[35mGET[0m [36mpath[0m=[35m/api/v1/challenges/af031e76-2772-4919-96b1-b0e2724bfe6e[0m [36mreq[0m=[35mfa509f02[0m [36mrequest_id[0m=[35mfa509f02-fcb4-4564-be7e-080dc7377720[0m [36mstatus[0m=[35m200[0m
[2m08:03:46[0m [[31m[1merror    [0m] [1mSkill development failed: Session pip install failed: Failed to install pip packages: Collecting botocore
  Downloading botocore-1.43.9-py3-none-any.whl.metadata (5.6 kB)
Collecting boto3
  Downloading boto3-1.43.9-py3-none-any.whl.metadata (6.6 kB)
Collecting azure
  Downloading azure-5.0.0.zip (4.6 kB)
  Preparing metadata (setup.py): started
  Preparing metadata (setup.py): finished with status 'error'
  error: subprocess-exited-with-error
  
  × python setup.py egg_info did not run successfully.
  │ exit code: 1
  ╰─> [25 lines of output]
      Traceback (most recent call last):
        File "<string>", line 2, in <module>
        File "<pip-setuptools-caller>", line 34, in <module>
        File "/tmp/pip-install-39hvd6hk/azure_64b5064786b1476e92fb29a82b8cca91/setup.py", line 60, in <module>
          raise RuntimeError(message)
      RuntimeError:
      
      Starting with v5.0.0, the 'azure' meta-package is deprecated and cannot be installed anymore.
      Please install the service specific packages prefixed by `azure` needed for your application.
      
      The complete list of available packages can be found at:
      https://aka.ms/azsdk/python/all
      
      Here's a non-exhaustive list of common packages:
      
      -  azure-mgmt-compute (https://pypi.python.org/pypi/azure-mgmt-compute) : Management of Virtual Machines, etc.
      -  azure-mgmt-storage (https://pypi.python.org/pypi/azure-mgmt-storage) : Management of storage accounts.
      -  azure-mgmt-resource (https://pypi.python.org/pypi/azure-mgmt-resource) : Generic package about Azure Resource Management (ARM)
      -  azure-keyvault-secrets (https://pypi.python.org/pypi/azure-keyvault-secrets) : Access to secrets in Key Vault
      -  azure-storage-blob (https://pypi.python.org/pypi/azure-storage-blob) : Access to blobs in storage accounts
      
      A more comprehensive discussion of the rationale for this decision can be found in the following issue:
      https://github.com/Azure/azure-sdk-for-python/issues/10646
      
      
      [end of output]
  
  note: This error originates from a subprocess, and is likely not a problem with pip.
error: metadata-generation-failed

× Encountered error while generating package metadata.
╰─> See above for output.

note: This is an issue with the package mentioned above, not pip.
hint: See above for details.

[notice] A new release of pip is available: 24.0 -> 26.1.1
[notice] To update, run: pip install --upgrade pip
[0m [36mreq[0m=[35m70e93474[0m
Traceback (most recent call last):
  File "/Users/patrick/Documents/Uni/master_project/backend/app/services/skill_team_orchestrator.py", line 204, in develop_skill
    impl_result = await self._implementation_phase(
                  ^^^^^^^^^^^^^^^^^^^^^^^^^^^^^^^^^
        capability, design, research, input_files
        ^^^^^^^^^^^^^^^^^^^^^^^^^^^^^^^^^^^^^^^^^
    )
    ^
  File "/Users/patrick/Documents/Uni/master_project/backend/app/services/skill_team_orchestrator.py", line 968, in _implementation_phase
    async with self.sandbox.session(
               ~~~~~~~~~~~~~~~~~~~~^
        pip_requirements=current_pip,
        ^^^^^^^^^^^^^^^^^^^^^^^^^^^^^
    ...<2 lines>...
        env_vars=settings.get_sandbox_env_vars(),
        ^^^^^^^^^^^^^^^^^^^^^^^^^^^^^^^^^^^^^^^^^
    ) as session:
    ^
  File "/Users/patrick/Documents/Uni/master_project/backend/app/services/dynamic_sandbox_service.py", line 188, in __aenter__
    raise RuntimeError(f"Session pip install failed: {pip_result.error}")
RuntimeError: Session pip install failed: Failed to install pip packages: Collecting botocore
  Downloading botocore-1.43.9-py3-none-any.whl.metadata (5.6 kB)
Collecting boto3
  Downloading boto3-1.43.9-py3-none-any.whl.metadata (6.6 kB)
Collecting azure
  Downloading azure-5.0.0.zip (4.6 kB)
  Preparing metadata (setup.py): started
  Preparing metadata (setup.py): finished with status 'error'
  error: subprocess-exited-with-error
  
  × python setup.py egg_info did not run successfully.
  │ exit code: 1
  ╰─> [25 lines of output]
      Traceback (most recent call last):
        File "<string>", line 2, in <module>
        File "<pip-setuptools-caller>", line 34, in <module>
        File "/tmp/pip-install-39hvd6hk/azure_64b5064786b1476e92fb29a82b8cca91/setup.py", line 60, in <module>
          raise RuntimeError(message)
      RuntimeError:
      
      Starting with v5.0.0, the 'azure' meta-package is deprecated and cannot be installed anymore.
      Please install the service specific packages prefixed by `azure` needed for your application.
      
      The complete list of available packages can be found at:
      https://aka.ms/azsdk/python/all
      
      Here's a non-exhaustive list of common packages:
      
      -  azure-mgmt-compute (https://pypi.python.org/pypi/azure-mgmt-compute) : Management of Virtual Machines, etc.
      -  azure-mgmt-storage (https://pypi.python.org/pypi/azure-mgmt-storage) : Management of storage accounts.
      -  azure-mgmt-resource (https://pypi.python.org/pypi/azure-mgmt-resource) : Generic package about Azure Resource Management (ARM)
      -  azure-keyvault-secrets (https://pypi.python.org/pypi/azure-keyvault-secrets) : Access to secrets in Key Vault
      -  azure-storage-blob (https://pypi.python.org/pypi/azure-storage-blob) : Access to blobs in storage accounts
      
      A more comprehensive discussion of the rationale for this decision can be found in the following issue:
      https://github.com/Azure/azure-sdk-for-python/issues/10646
      
      
      [end of output]
  
  note: This error originates from a subprocess, and is likely not a problem with pip.
error: metadata-generation-failed

× Encountered error while generating package metadata.
╰─> See above for output.

note: This is an issue with the package mentioned above, not pip.
hint: See above for details.

[notice] A new release of pip is available: 24.0 -> 26.1.1
[notice] To update, run: pip install --upgrade pip

[2m08:03:46[0m [[33m[1mwarning  [0m] [1mbuild_on_demand: failed for 'Automatisierte Dateisystem-Zugriffsebene für ETL-Batch-Processing': Session pip install failed: Failed to install pip packages: Collecting botocore
  Downloading botocore-1.43.9-py3-none-any.whl.metadata (5.6 kB)
Collecting boto3
  Downloading boto3-1.43.9-py3-none-any.whl.metadata (6.6 kB)
Collecting azure
  Downloading azure-5.0.0.zip (4.6 kB)
  Preparing metadata (setup.py): started
  Preparing metadata (setup.py): finished with status 'error'
  error: subprocess-exited-with-error
  
  × python setup.py egg_info did not run successfully.
  │ exit code: 1
  ╰─> [25 lines of output]
      Traceback (most recent call last):
        File "<string>", line 2, in <module>
        File "<pip-setuptools-caller>", line 34, in <module>
        File "/tmp/pip-install-39hvd6hk/azure_64b5064786b1476e92fb29a82b8cca91/setup.py", line 60, in <module>
          raise RuntimeError(message)
      RuntimeError:
      
      Starting with v5.0.0, the 'azure' meta-package is deprecated and cannot be installed anymore.
      Please install the service specific packages prefixed by `azure` needed for your application.
      
      The complete list of available packages can be found at:
      https://aka.ms/azsdk/python/all
      
      Here's a non-exhaustive list of common packages:
      
      -  azure-mgmt-compute (https://pypi.python.org/pypi/azure-mgmt-compute) : Management of Virtual Machines, etc.
      -  azure-mgmt-storage (https://pypi.python.org/pypi/azure-mgmt-storage) : Management of storage accounts.
      -  azure-mgmt-resource (https://pypi.python.org/pypi/azure-mgmt-resource) : Generic package about Azure Resource Management (ARM)
      -  azure-keyvault-secrets (https://pypi.python.org/pypi/azure-keyvault-secrets) : Access to secrets in Key Vault
      -  azure-storage-blob (https://pypi.python.org/pypi/azure-storage-blob) : Access to blobs in storage accounts
      
      A more comprehensive discussion of the rationale for this decision can be found in the following issue:
      https://github.com/Azure/azure-sdk-for-python/issues/10646
      
      
      [end of output]
  
  note: This error originates from a subprocess, and is likely not a problem with pip.
error: metadata-generation-failed

× Encountered error while generating package metadata.
╰─> See above for output.

note: This is an issue with the package mentioned above, not pip.
hint: See above for details.

[notice] A new release of pip is available: 24.0 -> 26.1.1
[notice] To update, run: pip install --upgrade pip
[0m [36mreq[0m=[35m70e93474[0m
[2m08:03:49[0m [[33m[1mwarning  [0m] [1mTeam assembly: Gaps nach Gap-Build noch offen, Fallback[0m [36mreq[0m=[35m70e93474[0m
[2m08:03:49[0m [[32m[1minfo     [0m] [1mLoading topology from database...       [0m [36mreq[0m=[35m70e93474[0m
[2m08:03:49[0m [[32m[1minfo     [0m] [1mMapped 8 skill entries to 8 capabilities[0m [36mreq[0m=[35m70e93474[0m
[2m08:03:49[0m [[32m[1minfo     [0m] [1mTopology validated: 11 agents in 5 waves[0m [36mreq[0m=[35m70e93474[0m
[2m08:03:49[0m [[32m[1minfo     [0m] [1mLoaded 8 skills for topology            [0m [36mreq[0m=[35m70e93474[0m
[2m08:03:49[0m [[32m[1minfo     [0m] [1mTopology loaded: 11 agents, 5 waves     [0m [36mreq[0m=[35m70e93474[0m
[2m08:03:49[0m [[32m[1minfo     [0m] [1mDocker client connected successfully    [0m [36mreq[0m=[35m70e93474[0m
[2m08:03:49[0m [[32m[1minfo     [0m] [1mCreated DynamicSandbox executor (Docker-based, unrestricted)[0m [36mreq[0m=[35m70e93474[0m
[2m08:03:49[0m [[32m[1minfo     [0m] [1mLoading topology from database...       [0m [36mreq[0m=[35m70e93474[0m
[2m08:03:49[0m [[32m[1minfo     [0m] [1mMapped 8 skill entries to 8 capabilities[0m [36mreq[0m=[35m70e93474[0m
[2m08:03:49[0m [[32m[1minfo     [0m] [1mTopology validated: 11 agents in 5 waves[0m [36mreq[0m=[35m70e93474[0m
[2m08:03:49[0m [[32m[1minfo     [0m] [1mLoaded 8 skills for topology            [0m [36mreq[0m=[35m70e93474[0m
[2m08:03:49[0m [[32m[1minfo     [0m] [1mTopology loaded: 11 agents, 5 waves     [0m [36mreq[0m=[35m70e93474[0m
[2m08:03:49[0m [[32m[1minfo     [0m] [1mRuntimeAgentRegistry initialized with max_concurrent=5[0m [36mreq[0m=[35m70e93474[0m
[2m08:03:49[0m [[32m[1minfo     [0m] [1mExecuting wave 1/5: ['75fb97b8-e608-47c7-a3c2-dcecf5a8643c', '6421b18d-9639-4c9c-a7c1-408a7f3e69bd', 'dbffe628-3ddb-406f-9273-b0cac459f9a7', 'dcda226c-63d4-4f4d-932e-22cd5fb17ab3'][0m [36mreq[0m=[35m70e93474[0m
[2m08:03:49[0m [[32m[1minfo     [0m] [1mSkipping dev-team agent 'product_owner' in execution wave[0m [36mreq[0m=[35m70e93474[0m
[2m08:03:49[0m [[32m[1minfo     [0m] [1mSkipping dev-team agent 'quality_judge' in execution wave[0m [36mreq[0m=[35m70e93474[0m
[2m08:03:49[0m [[32m[1minfo     [0m] [1mSkipping dev-team agent 'execution_analyzer' in execution wave[0m [36mreq[0m=[35m70e93474[0m
[2m08:03:49[0m [[32m[1minfo     [0m] [1mExecuting agent: transcript_analyzer (75fb97b8-e608-47c7-a3c2-dcecf5a8643c)[0m [36mreq[0m=[35m70e93474[0m
[2m08:03:49[0m [[32m[1minfo     [0m] [1mshared_memory_metrics agent=transcript_analyzer facts_kept=5 facts_total=8 hypotheses=0 relations=0 approx_tokens=1334 query_chars=430[0m [36mreq[0m=[35m70e93474[0m
[2m08:03:50[0m [[32m[1minfo     [0m] [1mTool call 1/15: skill_parse_and_analyze_csv_file_structures_to_identify_sub_contractors[0m [36mreq[0m=[35m70e93474[0m
[2m08:03:50[0m [[32m[1minfo     [0m] [1mStarting sandbox execution: pip=[], apt=[], input_files=[][0m [36mreq[0m=[35m70e93474[0m
[2m08:03:51[0m [[32m[1minfo     [0m] [1mSandbox execution complete: success=True, time=423ms, cached=False[0m [36mreq[0m=[35m70e93474[0m
[2m08:03:55[0m [[32m[1minfo     [0m] [1mGetting challenge status: id=af031e76-2772-4919-96b1-b0e2724bfe6e[0m [36mreq[0m=[35m4234191b[0m
[2m08:03:55[0m [[32m[1minfo     [0m] [1mrequest_finished                        [0m [36mduration[0m=[35m0.006[0m [36mmethod[0m=[35mGET[0m [36mpath[0m=[35m/api/v1/challenges/af031e76-2772-4919-96b1-b0e2724bfe6e[0m [36mreq[0m=[35m4234191b[0m [36mrequest_id[0m=[35m4234191b-1b5a-4a11-9033-31b7a9b13905[0m [36mstatus[0m=[35m200[0m
[2m08:03:59[0m [[32m[1minfo     [0m] [1mAgent transcript_analyzer returned final answer after 1 tool calls[0m [36mreq[0m=[35m70e93474[0m
[2m08:03:59[0m [[32m[1minfo     [0m] [1mAgent transcript_analyzer completed     [0m [36mreq[0m=[35m70e93474[0m
[2m08:03:59[0m [[32m[1minfo     [0m] [1mWave 1 agent 'transcript_analyzer' completed: success=True, skipped=False, result_len=1632[0m [36mreq[0m=[35m70e93474[0m
[2m08:03:59[0m [[32m[1minfo     [0m] [1mExecuting wave 2/5: ['2c860d4d-d78f-42c4-80b2-3356f4d2fdad', '5594bd49-fc8c-4507-ba5c-b3db3ffd47a7'][0m [36mreq[0m=[35m70e93474[0m
[2m08:03:59[0m [[32m[1minfo     [0m] [1mSkipping dev-team agent 'control_agent' in execution wave[0m [36mreq[0m=[35m70e93474[0m
[2m08:03:59[0m [[32m[1minfo     [0m] [1mExecuting agent: context_retriever (2c860d4d-d78f-42c4-80b2-3356f4d2fdad)[0m [36mreq[0m=[35m70e93474[0m
[2m08:04:01[0m [[32m[1minfo     [0m] [1mTool call 1/15: skill_direkter_sql_datenbank_konnektor_(die_vorhandenen_agents_sind_auf_text/transkripte_spezialisiert,_die_aufgabe_erfordert_jedoch_eine_aktive_datenbankverbindung_via_host/port/credentials)[0m [36mreq[0m=[35m70e93474[0m
[2m08:04:01[0m [[32m[1minfo     [0m] [1mStarting sandbox execution: pip=['sqlalchemy'], apt=['libpq-dev'], input_files=[][0m [36mreq[0m=[35m70e93474[0m
[2m08:04:01[0m [[32m[1minfo     [0m] [1mFound cached image: lumari-sandbox:custom-7ff3900f (usage=4)[0m [36mreq[0m=[35m70e93474[0m
[2m08:04:01[0m [[32m[1minfo     [0m] [1mUsing cached image: lumari-sandbox:custom-7ff3900f[0m [36mreq[0m=[35m70e93474[0m
[2m08:04:02[0m [[32m[1minfo     [0m] [1mSandbox execution complete: success=True, time=894ms, cached=True[0m [36mreq[0m=[35m70e93474[0m
[2m08:04:05[0m [[32m[1minfo     [0m] [1mGetting challenge status: id=af031e76-2772-4919-96b1-b0e2724bfe6e[0m [36mreq[0m=[35m34a60f02[0m
[2m08:04:05[0m [[32m[1minfo     [0m] [1mrequest_finished                        [0m [36mduration[0m=[35m0.006[0m [36mmethod[0m=[35mGET[0m [36mpath[0m=[35m/api/v1/challenges/af031e76-2772-4919-96b1-b0e2724bfe6e[0m [36mreq[0m=[35m34a60f02[0m [36mrequest_id[0m=[35m34a60f02-7ea5-4f73-bbf0-f4f38764527a[0m [36mstatus[0m=[35m200[0m
[2m08:04:09[0m [[32m[1minfo     [0m] [1mAgent context_retriever returned final answer after 1 tool calls[0m [36mreq[0m=[35m70e93474[0m
[2m08:04:09[0m [[32m[1minfo     [0m] [1mAgent context_retriever completed       [0m [36mreq[0m=[35m70e93474[0m
[2m08:04:09[0m [[32m[1minfo     [0m] [1mWave 2 agent 'context_retriever' completed: success=True, skipped=False, result_len=956[0m [36mreq[0m=[35m70e93474[0m
[2m08:04:09[0m [[32m[1minfo     [0m] [1mExecuting wave 3/5: ['a9dc3547-c07e-42db-adef-e9aed3bdf631', '48e000a4-63e1-4a7a-afa1-91c2f8f3cb40', '7b687fdd-1f6f-429b-8e79-2601f8c0d3e2'][0m [36mreq[0m=[35m70e93474[0m
[2m08:04:09[0m [[32m[1minfo     [0m] [1mSkipping dev-team agent 'prompt_engineer' in execution wave[0m [36mreq[0m=[35m70e93474[0m
[2m08:04:09[0m [[32m[1minfo     [0m] [1mSkipping dev-team agent 'tool_builder' in execution wave[0m [36mreq[0m=[35m70e93474[0m
[2m08:04:09[0m [[32m[1minfo     [0m] [1mExecuting agent: report_generator (a9dc3547-c07e-42db-adef-e9aed3bdf631)[0m [36mreq[0m=[35m70e93474[0m
[2m08:04:13[0m [[32m[1minfo     [0m] [1mAgent report_generator returned final answer after 0 tool calls[0m [36mreq[0m=[35m70e93474[0m
[2m08:04:13[0m [[32m[1minfo     [0m] [1mAgent report_generator completed        [0m [36mreq[0m=[35m70e93474[0m
[2m08:04:13[0m [[32m[1minfo     [0m] [1mWave 3 agent 'report_generator' completed: success=True, skipped=False, result_len=2316[0m [36mreq[0m=[35m70e93474[0m
[2m08:04:13[0m [[32m[1minfo     [0m] [1mExecuting wave 4/5: ['96c2b0d9-f739-4773-80ed-faa3aa399cff'][0m [36mreq[0m=[35m70e93474[0m
[2m08:04:13[0m [[32m[1minfo     [0m] [1mExecuting agent: quality_validator (96c2b0d9-f739-4773-80ed-faa3aa399cff)[0m [36mreq[0m=[35m70e93474[0m
[2m08:04:14[0m [[32m[1minfo     [0m] [1mAgent quality_validator returned final answer after 0 tool calls[0m [36mreq[0m=[35m70e93474[0m
[2m08:04:15[0m [[32m[1minfo     [0m] [1mAgent quality_validator completed       [0m [36mreq[0m=[35m70e93474[0m
[2m08:04:15[0m [[32m[1minfo     [0m] [1mWave 4 agent 'quality_validator' completed: success=True, skipped=False, result_len=562[0m [36mreq[0m=[35m70e93474[0m
[2m08:04:15[0m [[32m[1minfo     [0m] [1mExecuting wave 5/5: ['2f49804d-3909-482a-aa2d-2b09912eb1be'][0m [36mreq[0m=[35m70e93474[0m
[2m08:04:15[0m [[32m[1minfo     [0m] [1mExecuting agent: report_finalizer (2f49804d-3909-482a-aa2d-2b09912eb1be)[0m [36mreq[0m=[35m70e93474[0m
[2m08:04:15[0m [[32m[1minfo     [0m] [1mGetting challenge status: id=af031e76-2772-4919-96b1-b0e2724bfe6e[0m [36mreq[0m=[35mbc16c6a6[0m
[2m08:04:15[0m [[32m[1minfo     [0m] [1mrequest_finished                        [0m [36mduration[0m=[35m0.009[0m [36mmethod[0m=[35mGET[0m [36mpath[0m=[35m/api/v1/challenges/af031e76-2772-4919-96b1-b0e2724bfe6e[0m [36mreq[0m=[35mbc16c6a6[0m [36mrequest_id[0m=[35mbc16c6a6-f47e-4343-8257-35127199900d[0m [36mstatus[0m=[35m200[0m
[2m08:04:18[0m [[32m[1minfo     [0m] [1mAgent report_finalizer returned final answer after 0 tool calls[0m [36mreq[0m=[35m70e93474[0m
[2m08:04:18[0m [[32m[1minfo     [0m] [1mAgent report_finalizer completed        [0m [36mreq[0m=[35m70e93474[0m
[2m08:04:18[0m [[32m[1minfo     [0m] [1mWave 5 agent 'report_finalizer' completed: success=True, skipped=False, result_len=2936[0m [36mreq[0m=[35m70e93474[0m
[2m08:04:20[0m [[32m[1minfo     [0m] [1mVerification: score=0.10, action=escalate, round 1[0m [36mreq[0m=[35m70e93474[0m
[2m08:04:20[0m [[32m[1minfo     [0m] [1mEskalation: Gap-Building für ['Output ist rein theoretisch / beschreibend'][0m [36mreq[0m=[35m70e93474[0m
[2m08:04:20[0m [[32m[1minfo     [0m] [1mLoading topology from database...       [0m [36mreq[0m=[35m70e93474[0m
[2m08:04:20[0m [[32m[1minfo     [0m] [1mMapped 8 skill entries to 8 capabilities[0m [36mreq[0m=[35m70e93474[0m
[2m08:04:20[0m [[32m[1minfo     [0m] [1mTopology validated: 11 agents in 5 waves[0m [36mreq[0m=[35m70e93474[0m
[2m08:04:20[0m [[32m[1minfo     [0m] [1mLoaded 8 skills for topology            [0m [36mreq[0m=[35m70e93474[0m
[2m08:04:20[0m [[32m[1minfo     [0m] [1mTopology loaded: 11 agents, 5 waves     [0m [36mreq[0m=[35m70e93474[0m
[2m08:04:20[0m [[32m[1minfo     [0m] [1mRuntimeAgentRegistry initialized with max_concurrent=5[0m [36mreq[0m=[35m70e93474[0m
[2m08:04:20[0m [[32m[1minfo     [0m] [1mbuild_on_demand: building skill for 'Output ist rein theoretisch / beschreibend'[0m [36mreq[0m=[35m70e93474[0m
[2m08:04:20[0m [[32m[1minfo     [0m] [1mStarting team-based skill development for: Output ist rein theoretisch / beschreibend[0m [36mreq[0m=[35m70e93474[0m
[2m08:04:20[0m [[32m[1minfo     [0m] [1mResearching capability: Output ist rein theoretisch / beschreibend[0m [36mreq[0m=[35m70e93474[0m
[2m08:04:20[0m [[32m[1minfo     [0m] [1mUsing cached research for: Output ist rein theoretisch / beschreibend[0m [36mreq[0m=[35m70e93474[0m
[2m08:04:20[0m [[32m[1minfo     [0m] [1mResearch complete: 0 packages found     [0m [36mreq[0m=[35m70e93474[0m
[2m08:04:23[0m [[32m[1minfo     [0m] [1mArchitecture complete: 2 test cases defined[0m [36mreq[0m=[35m70e93474[0m
[2m08:04:23[0m [[32m[1minfo     [0m] [1mSession start: iteration=1/10, pip=0, apt=0[0m [36mreq[0m=[35m70e93474[0m
[2m08:04:23[0m [[32m[1minfo     [0m] [1mDocker client connected successfully    [0m [36mreq[0m=[35m70e93474[0m
[2m08:04:23[0m [[32m[1minfo     [0m] [1mSession container created: 63a654b67df5 [0m [36mreq[0m=[35m70e93474[0m
[2m08:04:23[0m [[32m[1minfo     [0m] [1mImplementation iteration 1/10           [0m [36mreq[0m=[35m70e93474[0m
[2m08:04:25[0m [[32m[1minfo     [0m] [1mImplementation erfolgreich nach 1 Iterationen[0m [36mreq[0m=[35m70e93474[0m
[2m08:04:25[0m [[32m[1minfo     [0m] [1mGetting challenge status: id=af031e76-2772-4919-96b1-b0e2724bfe6e[0m [36mreq[0m=[35mf547bc9a[0m
[2m08:04:25[0m [[32m[1minfo     [0m] [1mrequest_finished                        [0m [36mduration[0m=[35m0.009[0m [36mmethod[0m=[35mGET[0m [36mpath[0m=[35m/api/v1/challenges/af031e76-2772-4919-96b1-b0e2724bfe6e[0m [36mreq[0m=[35mf547bc9a[0m [36mrequest_id[0m=[35mf547bc9a-8ee4-4a43-baca-d2a68a1aaf25[0m [36mstatus[0m=[35m200[0m
[2m08:04:30[0m [[32m[1minfo     [0m] [1mReview iteration 1/2                    [0m [36mreq[0m=[35m70e93474[0m
[2m08:04:34[0m [[32m[1minfo     [0m] [1mStarting sandbox execution: pip=[], apt=[], input_files=[][0m [36mreq[0m=[35m70e93474[0m
[2m08:04:35[0m [[32m[1minfo     [0m] [1mSandbox execution complete: success=True, time=326ms, cached=False[0m [36mreq[0m=[35m70e93474[0m
[2m08:04:35[0m [[32m[1minfo     [0m] [1mGetting challenge status: id=af031e76-2772-4919-96b1-b0e2724bfe6e[0m [36mreq[0m=[35m1c71d86b[0m
[2m08:04:35[0m [[32m[1minfo     [0m] [1mrequest_finished                        [0m [36mduration[0m=[35m0.017[0m [36mmethod[0m=[35mGET[0m [36mpath[0m=[35m/api/v1/challenges/af031e76-2772-4919-96b1-b0e2724bfe6e[0m [36mreq[0m=[35m1c71d86b[0m [36mrequest_id[0m=[35m1c71d86b-689d-448f-9129-9de31e5de3f0[0m [36mstatus[0m=[35m200[0m
[2m08:04:40[0m [[32m[1minfo     [0m] [1mReview iteration 2/2                    [0m [36mreq[0m=[35m70e93474[0m
[2m08:04:41[0m [[32m[1minfo     [0m] [1mStarting sandbox execution: pip=[], apt=[], input_files=[][0m [36mreq[0m=[35m70e93474[0m
[2m08:04:42[0m [[32m[1minfo     [0m] [1mSandbox execution complete: success=True, time=344ms, cached=False[0m [36mreq[0m=[35m70e93474[0m
[2m08:04:45[0m [[32m[1minfo     [0m] [1mGetting challenge status: id=af031e76-2772-4919-96b1-b0e2724bfe6e[0m [36mreq[0m=[35m47064e35[0m
[2m08:04:45[0m [[32m[1minfo     [0m] [1mrequest_finished                        [0m [36mduration[0m=[35m0.007[0m [36mmethod[0m=[35mGET[0m [36mpath[0m=[35m/api/v1/challenges/af031e76-2772-4919-96b1-b0e2724bfe6e[0m [36mreq[0m=[35m47064e35[0m [36mrequest_id[0m=[35m47064e35-52f0-40f2-991d-0a1efa4a1432[0m [36mstatus[0m=[35m200[0m
[2m08:04:47[0m [[32m[1minfo     [0m] [1mStarting sandbox execution: pip=[], apt=[], input_files=[][0m [36mreq[0m=[35m70e93474[0m
[2m08:04:47[0m [[33m[1mwarning  [0m] [1mCode execution failed (exit=1):   File "/workspace/script.py", line 86
    for key in ["success", "result"]:
    ^^^
SyntaxError: expected 'except' or 'finally' block
[0m [36mreq[0m=[35m70e93474[0m
[2m08:04:47[0m [[32m[1minfo     [0m] [1mSandbox execution complete: success=False, time=307ms, cached=False[0m [36mreq[0m=[35m70e93474[0m
[2m08:04:52[0m [[32m[1minfo     [0m] [1mStarting sandbox execution: pip=[], apt=[], input_files=[][0m [36mreq[0m=[35m70e93474[0m
[2m08:04:53[0m [[33m[1mwarning  [0m] [1mCode execution failed (exit=1):   File "/workspace/script.py", line 86
    for key in ["success", "error"]:
    ^^^
SyntaxError: expected 'except' or 'finally' block
[0m [36mreq[0m=[35m70e93474[0m
[2m08:04:53[0m [[32m[1minfo     [0m] [1mSandbox execution complete: success=False, time=308ms, cached=False[0m [36mreq[0m=[35m70e93474[0m
[2m08:04:55[0m [[32m[1minfo     [0m] [1mGetting challenge status: id=af031e76-2772-4919-96b1-b0e2724bfe6e[0m [36mreq[0m=[35m3dd42a5c[0m
[2m08:04:55[0m [[32m[1minfo     [0m] [1mrequest_finished                        [0m [36mduration[0m=[35m0.006[0m [36mmethod[0m=[35mGET[0m [36mpath[0m=[35m/api/v1/challenges/af031e76-2772-4919-96b1-b0e2724bfe6e[0m [36mreq[0m=[35m3dd42a5c[0m [36mrequest_id[0m=[35m3dd42a5c-8e0f-4267-acc3-d69d9b850a7d[0m [36mstatus[0m=[35m200[0m
[2m08:04:58[0m [[33m[1mwarning  [0m] [1mSkill rejected by parent validation: All 2 tests failed[0m [36mreq[0m=[35m70e93474[0m
[2m08:04:58[0m [[33m[1mwarning  [0m] [1mbuild_on_demand: failed for 'Output ist rein theoretisch / beschreibend': Parent regression: All 2 tests failed[0m [36mreq[0m=[35m70e93474[0m
[2m08:04:58[0m [[32m[1minfo     [0m] [1mArtifact pool cleared: 5 artifacts discarded[0m [36mreq[0m=[35m70e93474[0m
[2m08:05:01[0m [[32m[1minfo     [0m] [1mLoading topology from database...       [0m [36mreq[0m=[35m70e93474[0m
[2m08:05:01[0m [[32m[1minfo     [0m] [1mMapped 8 skill entries to 8 capabilities[0m [36mreq[0m=[35m70e93474[0m
[2m08:05:01[0m [[32m[1minfo     [0m] [1mTopology validated: 11 agents in 5 waves[0m [36mreq[0m=[35m70e93474[0m
[2m08:05:01[0m [[32m[1minfo     [0m] [1mLoaded 8 skills for topology            [0m [36mreq[0m=[35m70e93474[0m
[2m08:05:01[0m [[32m[1minfo     [0m] [1mTopology loaded: 11 agents, 5 waves     [0m [36mreq[0m=[35m70e93474[0m
[2m08:05:01[0m [[32m[1minfo     [0m] [1mSkipping dev-team agent 'product_owner' in execution wave[0m [36mreq[0m=[35m70e93474[0m
[2m08:05:01[0m [[32m[1minfo     [0m] [1mSkipping dev-team agent 'quality_judge' in execution wave[0m [36mreq[0m=[35m70e93474[0m
[2m08:05:01[0m [[32m[1minfo     [0m] [1mSkipping dev-team agent 'execution_analyzer' in execution wave[0m [36mreq[0m=[35m70e93474[0m
[2m08:05:01[0m [[32m[1minfo     [0m] [1mExecuting agent: transcript_analyzer (75fb97b8-e608-47c7-a3c2-dcecf5a8643c)[0m [36mreq[0m=[35m70e93474[0m
[2m08:05:01[0m [[32m[1minfo     [0m] [1mshared_memory_metrics agent=transcript_analyzer facts_kept=5 facts_total=8 hypotheses=0 relations=0 approx_tokens=1334 query_chars=430[0m [36mreq[0m=[35m70e93474[0m
[2m08:05:02[0m [[32m[1minfo     [0m] [1mTool call 1/15: skill_parse_and_analyze_csv_file_structures_to_identify_sub_contractors[0m [36mreq[0m=[35m70e93474[0m
[2m08:05:02[0m [[32m[1minfo     [0m] [1mStarting sandbox execution: pip=[], apt=[], input_files=[][0m [36mreq[0m=[35m70e93474[0m
[2m08:05:03[0m [[32m[1minfo     [0m] [1mSandbox execution complete: success=True, time=396ms, cached=False[0m [36mreq[0m=[35m70e93474[0m
[2m08:05:06[0m [[32m[1minfo     [0m] [1mGetting challenge status: id=af031e76-2772-4919-96b1-b0e2724bfe6e[0m [36mreq[0m=[35m51ab1c65[0m
[2m08:05:06[0m [[32m[1minfo     [0m] [1mrequest_finished                        [0m [36mduration[0m=[35m0.013[0m [36mmethod[0m=[35mGET[0m [36mpath[0m=[35m/api/v1/challenges/af031e76-2772-4919-96b1-b0e2724bfe6e[0m [36mreq[0m=[35m51ab1c65[0m [36mrequest_id[0m=[35m51ab1c65-5d33-4526-bc68-a22a684cd4bf[0m [36mstatus[0m=[35m200[0m
[2m08:05:10[0m [[32m[1minfo     [0m] [1mAgent transcript_analyzer returned final answer after 1 tool calls[0m [36mreq[0m=[35m70e93474[0m
[2m08:05:11[0m [[32m[1minfo     [0m] [1mAgent transcript_analyzer completed     [0m [36mreq[0m=[35m70e93474[0m
[2m08:05:11[0m [[32m[1minfo     [0m] [1mWave 300 agent 'transcript_analyzer' completed: success=True, skipped=False, result_len=1347[0m [36mreq[0m=[35m70e93474[0m
[2m08:05:11[0m [[32m[1minfo     [0m] [1mSkipping dev-team agent 'control_agent' in execution wave[0m [36mreq[0m=[35m70e93474[0m
[2m08:05:11[0m [[32m[1minfo     [0m] [1mExecuting agent: context_retriever (2c860d4d-d78f-42c4-80b2-3356f4d2fdad)[0m [36mreq[0m=[35m70e93474[0m
[2m08:05:11[0m [[32m[1minfo     [0m] [1mTool call 1/15: skill_calculate_construction_progress,_budget_variances,_and_defect_statistics[0m [36mreq[0m=[35m70e93474[0m
[2m08:05:11[0m [[32m[1minfo     [0m] [1mStarting sandbox execution: pip=[], apt=[], input_files=[][0m [36mreq[0m=[35m70e93474[0m
[2m08:05:12[0m [[33m[1mwarning  [0m] [1mCode execution failed (exit=1): Traceback (most recent call last):
  File "/workspace/script.py", line 71, in <module>
    _result = execute(**_input)
              ^^^^^^^^^^^^^^^^^
TypeError: execute() missing 1 required positional argument: 'input_data'
[0m [36mreq[0m=[35m70e93474[0m
[2m08:05:12[0m [[32m[1minfo     [0m] [1mSandbox execution complete: success=False, time=370ms, cached=False[0m [36mreq[0m=[35m70e93474[0m
[2m08:05:16[0m [[32m[1minfo     [0m] [1mGetting challenge status: id=af031e76-2772-4919-96b1-b0e2724bfe6e[0m [36mreq[0m=[35m2d0e876e[0m
[2m08:05:16[0m [[32m[1minfo     [0m] [1mrequest_finished                        [0m [36mduration[0m=[35m0.016[0m [36mmethod[0m=[35mGET[0m [36mpath[0m=[35m/api/v1/challenges/af031e76-2772-4919-96b1-b0e2724bfe6e[0m [36mreq[0m=[35m2d0e876e[0m [36mrequest_id[0m=[35m2d0e876e-796e-4199-9fab-27938ecb8301[0m [36mstatus[0m=[35m200[0m
[2m08:05:18[0m [[32m[1minfo     [0m] [1mTool call 2/15: skill_analyze_database_schema_and_table_relationships[0m [36mreq[0m=[35m70e93474[0m
[2m08:05:18[0m [[32m[1minfo     [0m] [1mStarting sandbox execution: pip=['psycopg2-binary', 'sqlalchemy'], apt=[], input_files=[][0m [36mreq[0m=[35m70e93474[0m
[2m08:05:18[0m [[32m[1minfo     [0m] [1mFound cached image: lumari-sandbox:custom-95cd1c6e (usage=1)[0m [36mreq[0m=[35m70e93474[0m
[2m08:05:18[0m [[32m[1minfo     [0m] [1mUsing cached image: lumari-sandbox:custom-95cd1c6e[0m [36mreq[0m=[35m70e93474[0m
[2m08:05:18[0m [[32m[1minfo     [0m] [1mSandbox execution complete: success=True, time=518ms, cached=True[0m [36mreq[0m=[35m70e93474[0m
[2m08:05:26[0m [[32m[1minfo     [0m] [1mGetting challenge status: id=af031e76-2772-4919-96b1-b0e2724bfe6e[0m [36mreq[0m=[35m22bee81d[0m
[2m08:05:26[0m [[32m[1minfo     [0m] [1mrequest_finished                        [0m [36mduration[0m=[35m0.014[0m [36mmethod[0m=[35mGET[0m [36mpath[0m=[35m/api/v1/challenges/af031e76-2772-4919-96b1-b0e2724bfe6e[0m [36mreq[0m=[35m22bee81d[0m [36mrequest_id[0m=[35m22bee81d-f3fb-452f-9d6d-04121cf879da[0m [36mstatus[0m=[35m200[0m
[2m08:05:26[0m [[32m[1minfo     [0m] [1mAgent context_retriever returned final answer after 2 tool calls[0m [36mreq[0m=[35m70e93474[0m
[2m08:05:26[0m [[32m[1minfo     [0m] [1mAgent context_retriever completed       [0m [36mreq[0m=[35m70e93474[0m
[2m08:05:26[0m [[32m[1minfo     [0m] [1mWave 301 agent 'context_retriever' completed: success=True, skipped=False, result_len=1081[0m [36mreq[0m=[35m70e93474[0m
[2m08:05:26[0m [[32m[1minfo     [0m] [1mSkipping dev-team agent 'prompt_engineer' in execution wave[0m [36mreq[0m=[35m70e93474[0m
[2m08:05:26[0m [[32m[1minfo     [0m] [1mSkipping dev-team agent 'tool_builder' in execution wave[0m [36mreq[0m=[35m70e93474[0m
[2m08:05:26[0m [[32m[1minfo     [0m] [1mExecuting agent: report_generator (a9dc3547-c07e-42db-adef-e9aed3bdf631)[0m [36mreq[0m=[35m70e93474[0m
[2m08:05:29[0m [[32m[1minfo     [0m] [1mAgent report_generator returned final answer after 0 tool calls[0m [36mreq[0m=[35m70e93474[0m
[2m08:05:30[0m [[32m[1minfo     [0m] [1mAgent report_generator completed        [0m [36mreq[0m=[35m70e93474[0m
[2m08:05:30[0m [[32m[1minfo     [0m] [1mWave 302 agent 'report_generator' completed: success=True, skipped=False, result_len=2337[0m [36mreq[0m=[35m70e93474[0m
[2m08:05:30[0m [[32m[1minfo     [0m] [1mExecuting agent: quality_validator (96c2b0d9-f739-4773-80ed-faa3aa399cff)[0m [36mreq[0m=[35m70e93474[0m
[2m08:05:31[0m [[32m[1minfo     [0m] [1mAgent quality_validator returned final answer after 0 tool calls[0m [36mreq[0m=[35m70e93474[0m
[2m08:05:31[0m [[32m[1minfo     [0m] [1mAgent quality_validator completed       [0m [36mreq[0m=[35m70e93474[0m
[2m08:05:31[0m [[32m[1minfo     [0m] [1mWave 303 agent 'quality_validator' completed: success=True, skipped=False, result_len=622[0m [36mreq[0m=[35m70e93474[0m
[2m08:05:31[0m [[32m[1minfo     [0m] [1mExecuting agent: report_finalizer (2f49804d-3909-482a-aa2d-2b09912eb1be)[0m [36mreq[0m=[35m70e93474[0m
[2m08:05:34[0m [[32m[1minfo     [0m] [1mAgent report_finalizer returned final answer after 0 tool calls[0m [36mreq[0m=[35m70e93474[0m
[2m08:05:35[0m [[32m[1minfo     [0m] [1mAgent report_finalizer completed        [0m [36mreq[0m=[35m70e93474[0m
[2m08:05:35[0m [[32m[1minfo     [0m] [1mWave 304 agent 'report_finalizer' completed: success=True, skipped=False, result_len=2864[0m [36mreq[0m=[35m70e93474[0m
[2m08:05:36[0m [[32m[1minfo     [0m] [1mGetting challenge status: id=af031e76-2772-4919-96b1-b0e2724bfe6e[0m [36mreq[0m=[35m0b119441[0m
[2m08:05:36[0m [[32m[1minfo     [0m] [1mrequest_finished                        [0m [36mduration[0m=[35m0.015[0m [36mmethod[0m=[35mGET[0m [36mpath[0m=[35m/api/v1/challenges/af031e76-2772-4919-96b1-b0e2724bfe6e[0m [36mreq[0m=[35m0b119441[0m [36mrequest_id[0m=[35m0b119441-b926-4ffe-8736-2ffff8a4ea8d[0m [36mstatus[0m=[35m200[0m
[2m08:05:36[0m [[32m[1minfo     [0m] [1mScore-Stagnation: 0.10 -> 0.10, Adapt-Loop beendet nach 2 Runden[0m [36mreq[0m=[35m70e93474[0m
[2m08:05:36[0m [[32m[1minfo     [0m] [1mArtifact pool cleared: 5 artifacts discarded[0m [36mreq[0m=[35m70e93474[0m
[2m08:05:36[0m [[32m[1minfo     [0m] [1mPersisted 1 facts to shared memory for execution 8aadd0b9-9e69-4963-b47b-a5dcd094f911[0m [36mreq[0m=[35m70e93474[0m
[2m08:05:36[0m [[32m[1minfo     [0m] [1mStarting telemetry for agent=75fb97b8..., execution=8aadd0b9...[0m [36mreq[0m=[35m70e93474[0m
[2m08:05:36[0m [[32m[1minfo     [0m] [1mCreating telemetry record for agent=75fb97b8..., execution=8aadd0b9...[0m [36mreq[0m=[35m70e93474[0m
[2m08:05:36[0m [[32m[1minfo     [0m] [1mExecution completed: challenge_id=af031e76-2772-4919-96b1-b0e2724bfe6e, success=True[0m [36mreq[0m=[35m70e93474[0m
[2m08:05:36[0m [[32m[1minfo     [0m] [1mCreated telemetry record id=286b8211-26a3-4ebc-b2b7-1fb8b97dd2f0[0m [36mreq[0m=[35m70e93474[0m
[2m08:05:36[0m [[32m[1minfo     [0m] [1mStarted telemetry id=286b8211-26a3-4ebc-b2b7-1fb8b97dd2f0, input_hash=d53aabbf4e5ba5e5..., trace_id=None[0m [36mreq[0m=[35m70e93474[0m
[2m08:05:36[0m [[32m[1minfo     [0m] [1mCompleting telemetry id=286b8211-26a3-4ebc-b2b7-1fb8b97dd2f0, outcome=success[0m [36mreq[0m=[35m70e93474[0m
[2m08:05:36[0m [[32m[1minfo     [0m] [1mUpdating telemetry record id=286b8211-26a3-4ebc-b2b7-1fb8b97dd2f0[0m [36mreq[0m=[35m70e93474[0m
[2m08:05:36[0m [[32m[1minfo     [0m] [1mUpdated telemetry record id=286b8211-26a3-4ebc-b2b7-1fb8b97dd2f0, outcome=success[0m [36mreq[0m=[35m70e93474[0m
[2m08:05:36[0m [[32m[1minfo     [0m] [1mCompleted telemetry id=286b8211-26a3-4ebc-b2b7-1fb8b97dd2f0, latency=11.63ms, tokens=49951, output_hash=44136fa355b3678a...[0m [36mreq[0m=[35m70e93474[0m
[2m08:05:36[0m [[32m[1minfo     [0m] [1mConfigured epicbox profile: image=lumari-sandbox:latest, limits={'cputime': 5, 'realtime': 10, 'memory': 128, 'processes': 1}[0m [36mreq[0m=[35m70e93474[0m
[2m08:05:36[0m [[32m[1minfo     [0m] [1mStarting analysis pipeline for execution_id=8aadd0b9...[0m [36mreq[0m=[35m70e93474[0m
[2m08:05:36[0m [[32m[1minfo     [0m] [1mRetrieved telemetry for agent=75fb97b8..., outcome=success[0m [36mreq[0m=[35m70e93474[0m
[2m08:05:36[0m [[32m[1minfo     [0m] [1mRetrieved 2 historical executions for pattern context[0m [36mreq[0m=[35m70e93474[0m
[2m08:05:36[0m [[32m[1minfo     [0m] [1mAnalyzing execution_id=8aadd0b9...      [0m [36mreq[0m=[35m70e93474[0m
[2m08:05:37[0m [[32m[1minfo     [0m] [1mAnalysis complete: 0 findings for execution_id=8aadd0b9...[0m [36mreq[0m=[35m70e93474[0m
[2m08:05:37[0m [[32m[1minfo     [0m] [1mAnalyzer generated 0 findings: summary='The execution completed successfully with no ident...'[0m [36mreq[0m=[35m70e93474[0m
[2m08:05:37[0m [[32m[1minfo     [0m] [1mNo findings generated - pipeline complete[0m [36mreq[0m=[35m70e93474[0m
[2m08:05:46[0m [[32m[1minfo     [0m] [1mGetting challenge status: id=af031e76-2772-4919-96b1-b0e2724bfe6e[0m [36mreq[0m=[35ma84011f2[0m
[2m08:05:46[0m [[32m[1minfo     [0m] [1mrequest_finished                        [0m [36mduration[0m=[35m0.012[0m [36mmethod[0m=[35mGET[0m [36mpath[0m=[35m/api/v1/challenges/af031e76-2772-4919-96b1-b0e2724bfe6e[0m [36mreq[0m=[35ma84011f2[0m [36mrequest_id[0m=[35ma84011f2-066b-4fda-b1e7-641fb84eb972[0m [36mstatus[0m=[35m200[0m
[2m08:05:46[0m [[32m[1minfo     [0m] [1mGetting challenge results: id=af031e76-2772-4919-96b1-b0e2724bfe6e[0m [36mreq[0m=[35m3070fecd[0m
[2m08:05:46[0m [[32m[1minfo     [0m] [1mrequest_finished                        [0m [36mduration[0m=[35m0.006[0m [36mmethod[0m=[35mGET[0m [36mpath[0m=[35m/api/v1/challenges/af031e76-2772-4919-96b1-b0e2724bfe6e/results[0m [36mreq[0m=[35m3070fecd[0m [36mrequest_id[0m=[35m3070fecd-e78e-48d6-97b9-5d6adc38c5c0[0m [36mstatus[0m=[35m200[0m
[2m08:05:49[0m [[32m[1minfo     [0m] [1mFile upload: tagesbericht_rohbau_20251014.opus, size=205713, type=audio/opus[0m [36mreq[0m=[35m9b56dbf3[0m
[2m08:05:49[0m [[32m[1minfo     [0m] [1mSaved binary file to: /Users/patrick/Documents/Uni/master_project/backend/app/api/v1/endpoints/../../../uploads/8feb8cfb-925d-46d1-bf15-7bf274f3fac4.opus[0m [36mreq[0m=[35m9b56dbf3[0m
[2m08:05:49[0m [[32m[1minfo     [0m] [1mNo working audio transcription skill - will build one autonomously[0m [36mreq[0m=[35m9b56dbf3[0m
[2m08:05:49[0m [[32m[1minfo     [0m] [1mGenerated build plan for challenge 8b7a95ab-0dd1-47af-8c81-2ec1d70cf2ca: 1 items, 1 critical[0m [36mreq[0m=[35m9b56dbf3[0m
[2m08:05:49[0m [[32m[1minfo     [0m] [1mAuto-apply enabled: triggering skill building for 1 gaps[0m [36mreq[0m=[35m9b56dbf3[0m
[2m08:05:49[0m [[32m[1minfo     [0m] [1mFile upload: tagesbericht_rohbau_20251014.opus -> challenge_id=8b7a95ab-0dd1-47af-8c81-2ec1d70cf2ca, gaps=1, route=developer_team[0m [36mreq[0m=[35m9b56dbf3[0m
[2m08:05:49[0m [[32m[1minfo     [0m] [1mrequest_finished                        [0m [36mduration[0m=[35m0.066[0m [36mmethod[0m=[35mPOST[0m [36mpath[0m=[35m/api/v1/challenges/upload[0m [36mreq[0m=[35m9b56dbf3[0m [36mrequest_id[0m=[35m9b56dbf3-95bd-4730-8699-696746ffb2e2[0m [36mstatus[0m=[35m200[0m
[2m08:05:49[0m [[32m[1minfo     [0m] [1mStarting autonomous skill building: challenge_id=8b7a95ab-0dd1-47af-8c81-2ec1d70cf2ca, gaps=1[0m [36mreq[0m=[35m9b56dbf3[0m
[2m08:05:49[0m [[32m[1minfo     [0m] [1mFound uploaded file: /Users/patrick/Documents/Uni/master_project/backend/app/api/v1/endpoints/../../../uploads/8feb8cfb-925d-46d1-bf15-7bf274f3fac4.opus[0m [36mreq[0m=[35m9b56dbf3[0m
[2m08:05:49[0m [[32m[1minfo     [0m] [1mBuilding skill for: audio transcription [0m [36mreq[0m=[35m9b56dbf3[0m
[2m08:05:49[0m [[32m[1minfo     [0m] [1mStarting autonomous skill build for: audio transcription[0m [36mreq[0m=[35m9b56dbf3[0m
[2m08:05:49[0m [[32m[1minfo     [0m] [1mResearching capability: audio transcription[0m [36mreq[0m=[35m9b56dbf3[0m
[2m08:05:51[0m [[32m[1minfo     [0m] [1mResearch result: pip=['faster-whisper', 'pydub', 'openai-whisper', 'ffmpeg-python'], apt=['ffmpeg'][0m [36mreq[0m=[35m9b56dbf3[0m
[2m08:05:51[0m [[32m[1minfo     [0m] [1mResearch complete: 1 examples, packages: ['faster-whisper', 'pydub', 'openai-whisper', 'ffmpeg-python'][0m [36mreq[0m=[35m9b56dbf3[0m
[2m08:05:51[0m [[32m[1minfo     [0m] [1mGenerating skill code for: audio transcription[0m [36mreq[0m=[35m9b56dbf3[0m
[2m08:05:59[0m [[32m[1minfo     [0m] [1mGetting challenge status: id=8b7a95ab-0dd1-47af-8c81-2ec1d70cf2ca[0m [36mreq[0m=[35m375f79f0[0m
[2m08:05:59[0m [[32m[1minfo     [0m] [1mrequest_finished                        [0m [36mduration[0m=[35m0.016[0m [36mmethod[0m=[35mGET[0m [36mpath[0m=[35m/api/v1/challenges/8b7a95ab-0dd1-47af-8c81-2ec1d70cf2ca[0m [36mreq[0m=[35m375f79f0[0m [36mrequest_id[0m=[35m375f79f0-fabd-4147-a53b-59ca1732c214[0m [36mstatus[0m=[35m200[0m
[2m08:06:00[0m [[32m[1minfo     [0m] [1mGenerated skill draft: skill_audio_transcription, pip: ['openai-whisper'], apt: ['ffmpeg'][0m [36mreq[0m=[35m9b56dbf3[0m
[2m08:06:00[0m [[32m[1minfo     [0m] [1mDocker client connected successfully    [0m [36mreq[0m=[35m9b56dbf3[0m
[2m08:06:01[0m [[32m[1minfo     [0m] [1mSession container created: d10d6ec5b715 [0m [36mreq[0m=[35m9b56dbf3[0m
[2m08:06:01[0m [[32m[1minfo     [0m] [1mInstalling system packages: ffmpeg      [0m [36mreq[0m=[35m9b56dbf3[0m
[2m08:06:09[0m [[32m[1minfo     [0m] [1mGetting challenge status: id=8b7a95ab-0dd1-47af-8c81-2ec1d70cf2ca[0m [36mreq[0m=[35md73d8080[0m
[2m08:06:09[0m [[32m[1minfo     [0m] [1mrequest_finished                        [0m [36mduration[0m=[35m0.007[0m [36mmethod[0m=[35mGET[0m [36mpath[0m=[35m/api/v1/challenges/8b7a95ab-0dd1-47af-8c81-2ec1d70cf2ca[0m [36mreq[0m=[35md73d8080[0m [36mrequest_id[0m=[35md73d8080-9825-48bb-a2a6-841b8cbd82c1[0m [36mstatus[0m=[35m200[0m
[2m08:06:19[0m [[32m[1minfo     [0m] [1mGetting challenge status: id=8b7a95ab-0dd1-47af-8c81-2ec1d70cf2ca[0m [36mreq[0m=[35m1b7ca8cf[0m
[2m08:06:19[0m [[32m[1minfo     [0m] [1mrequest_finished                        [0m [36mduration[0m=[35m0.006[0m [36mmethod[0m=[35mGET[0m [36mpath[0m=[35m/api/v1/challenges/8b7a95ab-0dd1-47af-8c81-2ec1d70cf2ca[0m [36mreq[0m=[35m1b7ca8cf[0m [36mrequest_id[0m=[35m1b7ca8cf-c5e3-4079-8669-d33a8f566c1b[0m [36mstatus[0m=[35m200[0m
[2m08:06:29[0m [[32m[1minfo     [0m] [1mGetting challenge status: id=8b7a95ab-0dd1-47af-8c81-2ec1d70cf2ca[0m [36mreq[0m=[35meb26a7c5[0m
[2m08:06:29[0m [[32m[1minfo     [0m] [1mrequest_finished                        [0m [36mduration[0m=[35m0.016[0m [36mmethod[0m=[35mGET[0m [36mpath[0m=[35m/api/v1/challenges/8b7a95ab-0dd1-47af-8c81-2ec1d70cf2ca[0m [36mreq[0m=[35meb26a7c5[0m [36mrequest_id[0m=[35meb26a7c5-2e0f-4c7a-b5ea-63b9d1b8dbd1[0m [36mstatus[0m=[35m200[0m
[2m08:06:39[0m [[32m[1minfo     [0m] [1mGetting challenge status: id=8b7a95ab-0dd1-47af-8c81-2ec1d70cf2ca[0m [36mreq[0m=[35m81b922e1[0m
[2m08:06:39[0m [[32m[1minfo     [0m] [1mrequest_finished                        [0m [36mduration[0m=[35m0.023[0m [36mmethod[0m=[35mGET[0m [36mpath[0m=[35m/api/v1/challenges/8b7a95ab-0dd1-47af-8c81-2ec1d70cf2ca[0m [36mreq[0m=[35m81b922e1[0m [36mrequest_id[0m=[35m81b922e1-7d35-46db-931c-3b8abae4b318[0m [36mstatus[0m=[35m200[0m
[2m08:06:40[0m [[32m[1minfo     [0m] [1mSystem packages installed successfully: ffmpeg[0m [36mreq[0m=[35m9b56dbf3[0m
[2m08:06:40[0m [[32m[1minfo     [0m] [1mInstalling pip packages: "openai-whisper"[0m [36mreq[0m=[35m9b56dbf3[0m
[2m08:06:49[0m [[32m[1minfo     [0m] [1mGetting challenge status: id=8b7a95ab-0dd1-47af-8c81-2ec1d70cf2ca[0m [36mreq[0m=[35m5afec8d7[0m
[2m08:06:49[0m [[32m[1minfo     [0m] [1mrequest_finished                        [0m [36mduration[0m=[35m0.049[0m [36mmethod[0m=[35mGET[0m [36mpath[0m=[35m/api/v1/challenges/8b7a95ab-0dd1-47af-8c81-2ec1d70cf2ca[0m [36mreq[0m=[35m5afec8d7[0m [36mrequest_id[0m=[35m5afec8d7-4b6a-4617-8b8a-d542ba8a688b[0m [36mstatus[0m=[35m200[0m
[2m08:06:59[0m [[32m[1minfo     [0m] [1mGetting challenge status: id=8b7a95ab-0dd1-47af-8c81-2ec1d70cf2ca[0m [36mreq[0m=[35m787a4bc9[0m
[2m08:06:59[0m [[32m[1minfo     [0m] [1mrequest_finished                        [0m [36mduration[0m=[35m0.039[0m [36mmethod[0m=[35mGET[0m [36mpath[0m=[35m/api/v1/challenges/8b7a95ab-0dd1-47af-8c81-2ec1d70cf2ca[0m [36mreq[0m=[35m787a4bc9[0m [36mrequest_id[0m=[35m787a4bc9-58c8-4101-9445-9bc900d38136[0m [36mstatus[0m=[35m200[0m
[2m08:07:09[0m [[32m[1minfo     [0m] [1mGetting challenge status: id=8b7a95ab-0dd1-47af-8c81-2ec1d70cf2ca[0m [36mreq[0m=[35ma58bc95e[0m
[2m08:07:09[0m [[32m[1minfo     [0m] [1mrequest_finished                        [0m [36mduration[0m=[35m0.03[0m [36mmethod[0m=[35mGET[0m [36mpath[0m=[35m/api/v1/challenges/8b7a95ab-0dd1-47af-8c81-2ec1d70cf2ca[0m [36mreq[0m=[35ma58bc95e[0m [36mrequest_id[0m=[35ma58bc95e-6654-4505-858f-6510db8cac44[0m [36mstatus[0m=[35m200[0m
[2m08:07:19[0m [[32m[1minfo     [0m] [1mGetting challenge status: id=8b7a95ab-0dd1-47af-8c81-2ec1d70cf2ca[0m [36mreq[0m=[35m95541e88[0m
[2m08:07:19[0m [[32m[1minfo     [0m] [1mrequest_finished                        [0m [36mduration[0m=[35m0.019[0m [36mmethod[0m=[35mGET[0m [36mpath[0m=[35m/api/v1/challenges/8b7a95ab-0dd1-47af-8c81-2ec1d70cf2ca[0m [36mreq[0m=[35m95541e88[0m [36mrequest_id[0m=[35m95541e88-9650-4049-bb58-f952263b2bfb[0m [36mstatus[0m=[35m200[0m
[2m08:07:29[0m [[32m[1minfo     [0m] [1mGetting challenge status: id=8b7a95ab-0dd1-47af-8c81-2ec1d70cf2ca[0m [36mreq[0m=[35mdf015a16[0m
[2m08:07:29[0m [[32m[1minfo     [0m] [1mrequest_finished                        [0m [36mduration[0m=[35m0.014[0m [36mmethod[0m=[35mGET[0m [36mpath[0m=[35m/api/v1/challenges/8b7a95ab-0dd1-47af-8c81-2ec1d70cf2ca[0m [36mreq[0m=[35mdf015a16[0m [36mrequest_id[0m=[35mdf015a16-cdef-46d5-8b15-1eb9f67778c8[0m [36mstatus[0m=[35m200[0m
[2m08:07:39[0m [[32m[1minfo     [0m] [1mPip packages installed successfully     [0m [36mreq[0m=[35m9b56dbf3[0m
[2m08:07:39[0m [[32m[1minfo     [0m] [1mTesting iteration 1/10                  [0m [36mreq[0m=[35m9b56dbf3[0m
[2m08:07:39[0m [[32m[1minfo     [0m] [1mGetting challenge status: id=8b7a95ab-0dd1-47af-8c81-2ec1d70cf2ca[0m [36mreq[0m=[35me56cd28d[0m
[2m08:07:39[0m [[32m[1minfo     [0m] [1mrequest_finished                        [0m [36mduration[0m=[35m0.014[0m [36mmethod[0m=[35mGET[0m [36mpath[0m=[35m/api/v1/challenges/8b7a95ab-0dd1-47af-8c81-2ec1d70cf2ca[0m [36mreq[0m=[35me56cd28d[0m [36mrequest_id[0m=[35me56cd28d-121d-4e5c-90a5-feae4fbcfd3e[0m [36mstatus[0m=[35m200[0m
[2m08:07:41[0m [[33m[1mwarning  [0m] [1mCode execution failed (exit=1): Testing skill with input: {'file_path': '/workspace/8feb8cfb-925d-46d1-bf15-7bf274f3fac4.opus'}
ERROR: execute() akzeptiert Parameter 'file_path' nicht (Signatur: (input_data: dict) -> dict)
[0m [36mreq[0m=[35m9b56dbf3[0m
[2m08:07:41[0m [[33m[1mwarning  [0m] [1mIteration 1 failed: Testing skill with input: {'file_path': '/workspace/8feb8cfb-925d-46d1-bf15-7bf274f3fac4.opus'}
ERROR: execute() akzeptiert Parameter 'file_path' nicht (Signatur: (input_data: dict) -> dict)
[0m [36mreq[0m=[35m9b56dbf3[0m
[2m08:07:41[0m [[32m[1minfo     [0m] [1mRecorded build attempt: capability=audio transcription, success=False, error_type=ErrorType.RUNTIME_ERROR[0m [36mreq[0m=[35m9b56dbf3[0m
[2m08:07:41[0m [[32m[1minfo     [0m] [1mAttempting to fix skill code based on error (attempt 1)[0m [36mreq[0m=[35m9b56dbf3[0m
[2m08:07:49[0m [[32m[1minfo     [0m] [1mGetting challenge status: id=8b7a95ab-0dd1-47af-8c81-2ec1d70cf2ca[0m [36mreq[0m=[35mdeaf2956[0m
[2m08:07:49[0m [[32m[1minfo     [0m] [1mrequest_finished                        [0m [36mduration[0m=[35m0.007[0m [36mmethod[0m=[35mGET[0m [36mpath[0m=[35m/api/v1/challenges/8b7a95ab-0dd1-47af-8c81-2ec1d70cf2ca[0m [36mreq[0m=[35mdeaf2956[0m [36mrequest_id[0m=[35mdeaf2956-9c81-4396-a38f-ed59595f1022[0m [36mstatus[0m=[35m200[0m
[2m08:07:54[0m [[32m[1minfo     [0m] [1mTesting iteration 2/10                  [0m [36mreq[0m=[35m9b56dbf3[0m
[2m08:07:54[0m [[33m[1mwarning  [0m] [1mCode execution failed (exit=1):   File "/workspace/script.py", line 6
    """
    ^
SyntaxError: unterminated triple-quoted string literal (detected at line 70)
[0m [36mreq[0m=[35m9b56dbf3[0m
[2m08:07:54[0m [[33m[1mwarning  [0m] [1mIteration 2 failed:   File "/workspace/script.py", line 6
    """
    ^
SyntaxError: unterminated triple-quoted string literal (detected at line 70)
[0m [36mreq[0m=[35m9b56dbf3[0m
[2m08:07:54[0m [[32m[1minfo     [0m] [1mRecorded build attempt: capability=audio transcription, success=False, error_type=ErrorType.SYNTAX_ERROR[0m [36mreq[0m=[35m9b56dbf3[0m
[2m08:07:54[0m [[32m[1minfo     [0m] [1mAttempting to fix skill code based on error (attempt 2)[0m [36mreq[0m=[35m9b56dbf3[0m
[2m08:07:59[0m [[32m[1minfo     [0m] [1mGetting challenge status: id=8b7a95ab-0dd1-47af-8c81-2ec1d70cf2ca[0m [36mreq[0m=[35m7eb9edd1[0m
[2m08:07:59[0m [[32m[1minfo     [0m] [1mrequest_finished                        [0m [36mduration[0m=[35m0.006[0m [36mmethod[0m=[35mGET[0m [36mpath[0m=[35m/api/v1/challenges/8b7a95ab-0dd1-47af-8c81-2ec1d70cf2ca[0m [36mreq[0m=[35m7eb9edd1[0m [36mrequest_id[0m=[35m7eb9edd1-a3ee-498e-bacf-ac02ad194540[0m [36mstatus[0m=[35m200[0m
[2m08:08:02[0m [[32m[1minfo     [0m] [1mTesting iteration 3/10                  [0m [36mreq[0m=[35m9b56dbf3[0m
[2m08:08:09[0m [[32m[1minfo     [0m] [1mGetting challenge status: id=8b7a95ab-0dd1-47af-8c81-2ec1d70cf2ca[0m [36mreq[0m=[35m532ef59b[0m
[2m08:08:09[0m [[32m[1minfo     [0m] [1mrequest_finished                        [0m [36mduration[0m=[35m0.045[0m [36mmethod[0m=[35mGET[0m [36mpath[0m=[35m/api/v1/challenges/8b7a95ab-0dd1-47af-8c81-2ec1d70cf2ca[0m [36mreq[0m=[35m532ef59b[0m [36mrequest_id[0m=[35m532ef59b-fc6f-4f50-bfd9-7ce4bde50096[0m [36mstatus[0m=[35m200[0m
[2m08:08:20[0m [[32m[1minfo     [0m] [1mGetting challenge status: id=8b7a95ab-0dd1-47af-8c81-2ec1d70cf2ca[0m [36mreq[0m=[35mfa4b07ed[0m
[2m08:08:20[0m [[32m[1minfo     [0m] [1mrequest_finished                        [0m [36mduration[0m=[35m0.009[0m [36mmethod[0m=[35mGET[0m [36mpath[0m=[35m/api/v1/challenges/8b7a95ab-0dd1-47af-8c81-2ec1d70cf2ca[0m [36mreq[0m=[35mfa4b07ed[0m [36mrequest_id[0m=[35mfa4b07ed-29e5-482c-854f-be171fd37c09[0m [36mstatus[0m=[35m200[0m
[2m08:08:30[0m [[32m[1minfo     [0m] [1mGetting challenge status: id=8b7a95ab-0dd1-47af-8c81-2ec1d70cf2ca[0m [36mreq[0m=[35mc78c4d6a[0m
[2m08:08:30[0m [[32m[1minfo     [0m] [1mrequest_finished                        [0m [36mduration[0m=[35m0.009[0m [36mmethod[0m=[35mGET[0m [36mpath[0m=[35m/api/v1/challenges/8b7a95ab-0dd1-47af-8c81-2ec1d70cf2ca[0m [36mreq[0m=[35mc78c4d6a[0m [36mrequest_id[0m=[35mc78c4d6a-2f64-4595-b027-4d87781cf1d9[0m [36mstatus[0m=[35m200[0m
[2m08:08:40[0m [[32m[1minfo     [0m] [1mGetting challenge status: id=8b7a95ab-0dd1-47af-8c81-2ec1d70cf2ca[0m [36mreq[0m=[35m3d16dbd1[0m
[2m08:08:40[0m [[32m[1minfo     [0m] [1mrequest_finished                        [0m [36mduration[0m=[35m0.009[0m [36mmethod[0m=[35mGET[0m [36mpath[0m=[35m/api/v1/challenges/8b7a95ab-0dd1-47af-8c81-2ec1d70cf2ca[0m [36mreq[0m=[35m3d16dbd1[0m [36mrequest_id[0m=[35m3d16dbd1-9ea5-4416-95c7-22845c6ec3cf[0m [36mstatus[0m=[35m200[0m
[2m08:08:50[0m [[32m[1minfo     [0m] [1mGetting challenge status: id=8b7a95ab-0dd1-47af-8c81-2ec1d70cf2ca[0m [36mreq[0m=[35mdc201501[0m
[2m08:08:50[0m [[32m[1minfo     [0m] [1mrequest_finished                        [0m [36mduration[0m=[35m0.01[0m [36mmethod[0m=[35mGET[0m [36mpath[0m=[35m/api/v1/challenges/8b7a95ab-0dd1-47af-8c81-2ec1d70cf2ca[0m [36mreq[0m=[35mdc201501[0m [36mrequest_id[0m=[35mdc201501-474d-48e4-a801-6b76fda8c11f[0m [36mstatus[0m=[35m200[0m
[2m08:09:00[0m [[32m[1minfo     [0m] [1mGetting challenge status: id=8b7a95ab-0dd1-47af-8c81-2ec1d70cf2ca[0m [36mreq[0m=[35mb51fd524[0m
[2m08:09:00[0m [[32m[1minfo     [0m] [1mrequest_finished                        [0m [36mduration[0m=[35m0.018[0m [36mmethod[0m=[35mGET[0m [36mpath[0m=[35m/api/v1/challenges/8b7a95ab-0dd1-47af-8c81-2ec1d70cf2ca[0m [36mreq[0m=[35mb51fd524[0m [36mrequest_id[0m=[35mb51fd524-8aaa-454a-b3be-92cfdf9ad7d5[0m [36mstatus[0m=[35m200[0m
[2m08:09:10[0m [[32m[1minfo     [0m] [1mGetting challenge status: id=8b7a95ab-0dd1-47af-8c81-2ec1d70cf2ca[0m [36mreq[0m=[35m42131a79[0m
[2m08:09:10[0m [[32m[1minfo     [0m] [1mrequest_finished                        [0m [36mduration[0m=[35m0.009[0m [36mmethod[0m=[35mGET[0m [36mpath[0m=[35m/api/v1/challenges/8b7a95ab-0dd1-47af-8c81-2ec1d70cf2ca[0m [36mreq[0m=[35m42131a79[0m [36mrequest_id[0m=[35m42131a79-72b7-4346-8d65-357e977c6a7d[0m [36mstatus[0m=[35m200[0m
[2m08:09:20[0m [[32m[1minfo     [0m] [1mGetting challenge status: id=8b7a95ab-0dd1-47af-8c81-2ec1d70cf2ca[0m [36mreq[0m=[35m4523e732[0m
[2m08:09:20[0m [[32m[1minfo     [0m] [1mrequest_finished                        [0m [36mduration[0m=[35m0.009[0m [36mmethod[0m=[35mGET[0m [36mpath[0m=[35m/api/v1/challenges/8b7a95ab-0dd1-47af-8c81-2ec1d70cf2ca[0m [36mreq[0m=[35m4523e732[0m [36mrequest_id[0m=[35m4523e732-766f-45f4-879f-c7821334552b[0m [36mstatus[0m=[35m200[0m
[2m08:09:30[0m [[32m[1minfo     [0m] [1mGetting challenge status: id=8b7a95ab-0dd1-47af-8c81-2ec1d70cf2ca[0m [36mreq[0m=[35me4ee6403[0m
[2m08:09:30[0m [[32m[1minfo     [0m] [1mrequest_finished                        [0m [36mduration[0m=[35m0.011[0m [36mmethod[0m=[35mGET[0m [36mpath[0m=[35m/api/v1/challenges/8b7a95ab-0dd1-47af-8c81-2ec1d70cf2ca[0m [36mreq[0m=[35me4ee6403[0m [36mrequest_id[0m=[35me4ee6403-4203-4f42-9739-b059e3a41a70[0m [36mstatus[0m=[35m200[0m
[2m08:09:40[0m [[32m[1minfo     [0m] [1mGetting challenge status: id=8b7a95ab-0dd1-47af-8c81-2ec1d70cf2ca[0m [36mreq[0m=[35m76401a17[0m
[2m08:09:40[0m [[32m[1minfo     [0m] [1mrequest_finished                        [0m [36mduration[0m=[35m0.009[0m [36mmethod[0m=[35mGET[0m [36mpath[0m=[35m/api/v1/challenges/8b7a95ab-0dd1-47af-8c81-2ec1d70cf2ca[0m [36mreq[0m=[35m76401a17[0m [36mrequest_id[0m=[35m76401a17-9d87-4a40-8be4-a07b30ffa52b[0m [36mstatus[0m=[35m200[0m
[2m08:09:50[0m [[32m[1minfo     [0m] [1mGetting challenge status: id=8b7a95ab-0dd1-47af-8c81-2ec1d70cf2ca[0m [36mreq[0m=[35m5fafbc41[0m
[2m08:09:50[0m [[32m[1minfo     [0m] [1mrequest_finished                        [0m [36mduration[0m=[35m0.009[0m [36mmethod[0m=[35mGET[0m [36mpath[0m=[35m/api/v1/challenges/8b7a95ab-0dd1-47af-8c81-2ec1d70cf2ca[0m [36mreq[0m=[35m5fafbc41[0m [36mrequest_id[0m=[35m5fafbc41-a803-4308-a970-e5c5bf2955b5[0m [36mstatus[0m=[35m200[0m
[2m08:10:00[0m [[32m[1minfo     [0m] [1mGetting challenge status: id=8b7a95ab-0dd1-47af-8c81-2ec1d70cf2ca[0m [36mreq[0m=[35m3c79a5b8[0m
[2m08:10:00[0m [[32m[1minfo     [0m] [1mrequest_finished                        [0m [36mduration[0m=[35m0.008[0m [36mmethod[0m=[35mGET[0m [36mpath[0m=[35m/api/v1/challenges/8b7a95ab-0dd1-47af-8c81-2ec1d70cf2ca[0m [36mreq[0m=[35m3c79a5b8[0m [36mrequest_id[0m=[35m3c79a5b8-b803-41c9-aed4-263c29ecad2f[0m [36mstatus[0m=[35m200[0m
[2m08:10:10[0m [[32m[1minfo     [0m] [1mGetting challenge status: id=8b7a95ab-0dd1-47af-8c81-2ec1d70cf2ca[0m [36mreq[0m=[35m5d651b79[0m
[2m08:10:10[0m [[32m[1minfo     [0m] [1mrequest_finished                        [0m [36mduration[0m=[35m0.01[0m [36mmethod[0m=[35mGET[0m [36mpath[0m=[35m/api/v1/challenges/8b7a95ab-0dd1-47af-8c81-2ec1d70cf2ca[0m [36mreq[0m=[35m5d651b79[0m [36mrequest_id[0m=[35m5d651b79-ad2f-446d-8472-7763a9adc853[0m [36mstatus[0m=[35m200[0m
[2m08:10:20[0m [[32m[1minfo     [0m] [1mGetting challenge status: id=8b7a95ab-0dd1-47af-8c81-2ec1d70cf2ca[0m [36mreq[0m=[35m45ea87d6[0m
[2m08:10:20[0m [[32m[1minfo     [0m] [1mrequest_finished                        [0m [36mduration[0m=[35m0.011[0m [36mmethod[0m=[35mGET[0m [36mpath[0m=[35m/api/v1/challenges/8b7a95ab-0dd1-47af-8c81-2ec1d70cf2ca[0m [36mreq[0m=[35m45ea87d6[0m [36mrequest_id[0m=[35m45ea87d6-9090-4495-ad04-990d5c8a2c63[0m [36mstatus[0m=[35m200[0m
[2m08:10:30[0m [[32m[1minfo     [0m] [1mGetting challenge status: id=8b7a95ab-0dd1-47af-8c81-2ec1d70cf2ca[0m [36mreq[0m=[35mbad88b03[0m
[2m08:10:30[0m [[32m[1minfo     [0m] [1mrequest_finished                        [0m [36mduration[0m=[35m0.014[0m [36mmethod[0m=[35mGET[0m [36mpath[0m=[35m/api/v1/challenges/8b7a95ab-0dd1-47af-8c81-2ec1d70cf2ca[0m [36mreq[0m=[35mbad88b03[0m [36mrequest_id[0m=[35mbad88b03-2df5-495d-84ca-cdd78df9ef84[0m [36mstatus[0m=[35m200[0m
[2m08:10:40[0m [[32m[1minfo     [0m] [1mGetting challenge status: id=8b7a95ab-0dd1-47af-8c81-2ec1d70cf2ca[0m [36mreq[0m=[35m8619fc5d[0m
[2m08:10:40[0m [[32m[1minfo     [0m] [1mrequest_finished                        [0m [36mduration[0m=[35m0.012[0m [36mmethod[0m=[35mGET[0m [36mpath[0m=[35m/api/v1/challenges/8b7a95ab-0dd1-47af-8c81-2ec1d70cf2ca[0m [36mreq[0m=[35m8619fc5d[0m [36mrequest_id[0m=[35m8619fc5d-98c1-47c1-aaf5-f310becbd415[0m [36mstatus[0m=[35m200[0m
[2m08:10:47[0m [[32m[1minfo     [0m] [1mSkill test passed on iteration 3        [0m [36mreq[0m=[35m9b56dbf3[0m
[2m08:10:47[0m [[32m[1minfo     [0m] [1mRunning semantic validation...          [0m [36mreq[0m=[35m9b56dbf3[0m
[2m08:10:48[0m [[32m[1minfo     [0m] [1mSemantic validation: passed=True, score=1.00, type_match=True[0m [36mreq[0m=[35m9b56dbf3[0m
[2m08:10:48[0m [[32m[1minfo     [0m] [1mSemantic validation passed: score=1.00  [0m [36mreq[0m=[35m9b56dbf3[0m
[2m08:10:48[0m [[32m[1minfo     [0m] [1mRecorded build attempt: capability=audio transcription, success=True, error_type=None[0m [36mreq[0m=[35m9b56dbf3[0m
[2m08:10:48[0m [[32m[1minfo     [0m] [1mPersisting skill: skill_audio_transcription[0m [36mreq[0m=[35m9b56dbf3[0m
[2m08:10:48[0m [[32m[1minfo     [0m] [1mCreated new skill: a1fee2a9-5879-4bcf-9f97-2c0ce21d4c79[0m [36mreq[0m=[35m9b56dbf3[0m
[2m08:10:50[0m [[32m[1minfo     [0m] [1mGetting challenge status: id=8b7a95ab-0dd1-47af-8c81-2ec1d70cf2ca[0m [36mreq[0m=[35m5db8fb9b[0m
[2m08:10:50[0m [[32m[1minfo     [0m] [1mrequest_finished                        [0m [36mduration[0m=[35m0.018[0m [36mmethod[0m=[35mGET[0m [36mpath[0m=[35m/api/v1/challenges/8b7a95ab-0dd1-47af-8c81-2ec1d70cf2ca[0m [36mreq[0m=[35m5db8fb9b[0m [36mrequest_id[0m=[35m5db8fb9b-a0c8-4c41-8192-d6fa94b696b5[0m [36mstatus[0m=[35m200[0m
[2m08:10:54[0m [[32m[1minfo     [0m] [1mSuccessfully built skill: a1fee2a9-5879-4bcf-9f97-2c0ce21d4c79[0m [36mreq[0m=[35m9b56dbf3[0m
[2m08:10:54[0m [[32m[1minfo     [0m] [1mUsing new skill to process: /Users/patrick/Documents/Uni/master_project/backend/app/api/v1/endpoints/../../../uploads/8feb8cfb-925d-46d1-bf15-7bf274f3fac4.opus[0m [36mreq[0m=[35m9b56dbf3[0m
[2m08:10:54[0m [[32m[1minfo     [0m] [1mStarting sandbox execution: pip=['openai-whisper'], apt=['ffmpeg'], input_files=['8feb8cfb-925d-46d1-bf15-7bf274f3fac4.opus'][0m [36mreq[0m=[35m9b56dbf3[0m
[2m08:10:54[0m [[32m[1minfo     [0m] [1mDocker client connected successfully    [0m [36mreq[0m=[35m9b56dbf3[0m
[2m08:10:54[0m [[32m[1minfo     [0m] [1mInstalling system packages: ffmpeg      [0m [36mreq[0m=[35m9b56dbf3[0m
[2m08:11:00[0m [[32m[1minfo     [0m] [1mGetting challenge status: id=8b7a95ab-0dd1-47af-8c81-2ec1d70cf2ca[0m [36mreq[0m=[35m1381088c[0m
[2m08:11:00[0m [[32m[1minfo     [0m] [1mrequest_finished                        [0m [36mduration[0m=[35m0.01[0m [36mmethod[0m=[35mGET[0m [36mpath[0m=[35m/api/v1/challenges/8b7a95ab-0dd1-47af-8c81-2ec1d70cf2ca[0m [36mreq[0m=[35m1381088c[0m [36mrequest_id[0m=[35m1381088c-3864-4d75-9c32-82eb933ed6ed[0m [36mstatus[0m=[35m200[0m
[2m08:11:10[0m [[32m[1minfo     [0m] [1mGetting challenge status: id=8b7a95ab-0dd1-47af-8c81-2ec1d70cf2ca[0m [36mreq[0m=[35mbc57b398[0m
[2m08:11:10[0m [[32m[1minfo     [0m] [1mrequest_finished                        [0m [36mduration[0m=[35m0.005[0m [36mmethod[0m=[35mGET[0m [36mpath[0m=[35m/api/v1/challenges/8b7a95ab-0dd1-47af-8c81-2ec1d70cf2ca[0m [36mreq[0m=[35mbc57b398[0m [36mrequest_id[0m=[35mbc57b398-af1f-4e4a-b8d6-25c642a1ab7d[0m [36mstatus[0m=[35m200[0m
[2m08:11:20[0m [[32m[1minfo     [0m] [1mGetting challenge status: id=8b7a95ab-0dd1-47af-8c81-2ec1d70cf2ca[0m [36mreq[0m=[35m3889d4da[0m
[2m08:11:20[0m [[32m[1minfo     [0m] [1mrequest_finished                        [0m [36mduration[0m=[35m0.006[0m [36mmethod[0m=[35mGET[0m [36mpath[0m=[35m/api/v1/challenges/8b7a95ab-0dd1-47af-8c81-2ec1d70cf2ca[0m [36mreq[0m=[35m3889d4da[0m [36mrequest_id[0m=[35m3889d4da-45a2-4870-b32d-5610959dc300[0m [36mstatus[0m=[35m200[0m
[2m08:11:30[0m [[32m[1minfo     [0m] [1mGetting challenge status: id=8b7a95ab-0dd1-47af-8c81-2ec1d70cf2ca[0m [36mreq[0m=[35mebb03643[0m
[2m08:11:30[0m [[32m[1minfo     [0m] [1mrequest_finished                        [0m [36mduration[0m=[35m0.005[0m [36mmethod[0m=[35mGET[0m [36mpath[0m=[35m/api/v1/challenges/8b7a95ab-0dd1-47af-8c81-2ec1d70cf2ca[0m [36mreq[0m=[35mebb03643[0m [36mrequest_id[0m=[35mebb03643-31a0-46e4-a5b5-5a6b4a37128a[0m [36mstatus[0m=[35m200[0m
[2m08:11:34[0m [[32m[1minfo     [0m] [1mSystem packages installed successfully: ffmpeg[0m [36mreq[0m=[35m9b56dbf3[0m
[2m08:11:34[0m [[32m[1minfo     [0m] [1mInstalling pip packages: "openai-whisper"[0m [36mreq[0m=[35m9b56dbf3[0m
[2m08:11:40[0m [[32m[1minfo     [0m] [1mGetting challenge status: id=8b7a95ab-0dd1-47af-8c81-2ec1d70cf2ca[0m [36mreq[0m=[35m35755027[0m
[2m08:11:40[0m [[32m[1minfo     [0m] [1mrequest_finished                        [0m [36mduration[0m=[35m0.015[0m [36mmethod[0m=[35mGET[0m [36mpath[0m=[35m/api/v1/challenges/8b7a95ab-0dd1-47af-8c81-2ec1d70cf2ca[0m [36mreq[0m=[35m35755027[0m [36mrequest_id[0m=[35m35755027-0b25-4d0c-bf56-6a18b1b6e0b0[0m [36mstatus[0m=[35m200[0m
[2m08:11:50[0m [[32m[1minfo     [0m] [1mGetting challenge status: id=8b7a95ab-0dd1-47af-8c81-2ec1d70cf2ca[0m [36mreq[0m=[35m0c1c1d2e[0m
[2m08:11:50[0m [[32m[1minfo     [0m] [1mrequest_finished                        [0m [36mduration[0m=[35m0.027[0m [36mmethod[0m=[35mGET[0m [36mpath[0m=[35m/api/v1/challenges/8b7a95ab-0dd1-47af-8c81-2ec1d70cf2ca[0m [36mreq[0m=[35m0c1c1d2e[0m [36mrequest_id[0m=[35m0c1c1d2e-c3c9-4ce6-90e6-ef12ebb0904e[0m [36mstatus[0m=[35m200[0m
[2m08:12:00[0m [[32m[1minfo     [0m] [1mGetting challenge status: id=8b7a95ab-0dd1-47af-8c81-2ec1d70cf2ca[0m [36mreq[0m=[35ma0516512[0m
[2m08:12:00[0m [[32m[1minfo     [0m] [1mrequest_finished                        [0m [36mduration[0m=[35m0.012[0m [36mmethod[0m=[35mGET[0m [36mpath[0m=[35m/api/v1/challenges/8b7a95ab-0dd1-47af-8c81-2ec1d70cf2ca[0m [36mreq[0m=[35ma0516512[0m [36mrequest_id[0m=[35ma0516512-6cbb-4214-ae1b-a3172f2295ed[0m [36mstatus[0m=[35m200[0m
[2m08:12:10[0m [[32m[1minfo     [0m] [1mGetting challenge status: id=8b7a95ab-0dd1-47af-8c81-2ec1d70cf2ca[0m [36mreq[0m=[35m5806135f[0m
[2m08:12:10[0m [[32m[1minfo     [0m] [1mrequest_finished                        [0m [36mduration[0m=[35m0.006[0m [36mmethod[0m=[35mGET[0m [36mpath[0m=[35m/api/v1/challenges/8b7a95ab-0dd1-47af-8c81-2ec1d70cf2ca[0m [36mreq[0m=[35m5806135f[0m [36mrequest_id[0m=[35m5806135f-be86-45d8-89fe-c709843c2f0c[0m [36mstatus[0m=[35m200[0m
[2m08:12:20[0m [[32m[1minfo     [0m] [1mGetting challenge status: id=8b7a95ab-0dd1-47af-8c81-2ec1d70cf2ca[0m [36mreq[0m=[35m3466d7dd[0m
[2m08:12:20[0m [[32m[1minfo     [0m] [1mrequest_finished                        [0m [36mduration[0m=[35m0.011[0m [36mmethod[0m=[35mGET[0m [36mpath[0m=[35m/api/v1/challenges/8b7a95ab-0dd1-47af-8c81-2ec1d70cf2ca[0m [36mreq[0m=[35m3466d7dd[0m [36mrequest_id[0m=[35m3466d7dd-24e8-4509-a5a1-201b348ba2a3[0m [36mstatus[0m=[35m200[0m
[2m08:12:23[0m [[32m[1minfo     [0m] [1mPip packages installed successfully     [0m [36mreq[0m=[35m9b56dbf3[0m
[2m08:12:30[0m [[32m[1minfo     [0m] [1mGetting challenge status: id=8b7a95ab-0dd1-47af-8c81-2ec1d70cf2ca[0m [36mreq[0m=[35m4650d2f2[0m
[2m08:12:30[0m [[32m[1minfo     [0m] [1mrequest_finished                        [0m [36mduration[0m=[35m0.005[0m [36mmethod[0m=[35mGET[0m [36mpath[0m=[35m/api/v1/challenges/8b7a95ab-0dd1-47af-8c81-2ec1d70cf2ca[0m [36mreq[0m=[35m4650d2f2[0m [36mrequest_id[0m=[35m4650d2f2-57c6-41af-9133-dc16d6b52728[0m [36mstatus[0m=[35m200[0m
[2m08:12:40[0m [[32m[1minfo     [0m] [1mGetting challenge status: id=8b7a95ab-0dd1-47af-8c81-2ec1d70cf2ca[0m [36mreq[0m=[35mbb7fa5e7[0m
[2m08:12:40[0m [[32m[1minfo     [0m] [1mrequest_finished                        [0m [36mduration[0m=[35m0.012[0m [36mmethod[0m=[35mGET[0m [36mpath[0m=[35m/api/v1/challenges/8b7a95ab-0dd1-47af-8c81-2ec1d70cf2ca[0m [36mreq[0m=[35mbb7fa5e7[0m [36mrequest_id[0m=[35mbb7fa5e7-e8c3-4aca-871b-063fc95b611e[0m [36mstatus[0m=[35m200[0m
[2m08:12:50[0m [[32m[1minfo     [0m] [1mGetting challenge status: id=8b7a95ab-0dd1-47af-8c81-2ec1d70cf2ca[0m [36mreq[0m=[35mea15d175[0m
[2m08:12:50[0m [[32m[1minfo     [0m] [1mrequest_finished                        [0m [36mduration[0m=[35m0.007[0m [36mmethod[0m=[35mGET[0m [36mpath[0m=[35m/api/v1/challenges/8b7a95ab-0dd1-47af-8c81-2ec1d70cf2ca[0m [36mreq[0m=[35mea15d175[0m [36mrequest_id[0m=[35mea15d175-63a9-4aeb-9885-c4d605746236[0m [36mstatus[0m=[35m200[0m
[2m08:13:00[0m [[32m[1minfo     [0m] [1mGetting challenge status: id=8b7a95ab-0dd1-47af-8c81-2ec1d70cf2ca[0m [36mreq[0m=[35m7c618c60[0m
[2m08:13:00[0m [[32m[1minfo     [0m] [1mrequest_finished                        [0m [36mduration[0m=[35m0.009[0m [36mmethod[0m=[35mGET[0m [36mpath[0m=[35m/api/v1/challenges/8b7a95ab-0dd1-47af-8c81-2ec1d70cf2ca[0m [36mreq[0m=[35m7c618c60[0m [36mrequest_id[0m=[35m7c618c60-739b-4497-972e-b3651ca18e0b[0m [36mstatus[0m=[35m200[0m
[2m08:13:10[0m [[32m[1minfo     [0m] [1mGetting challenge status: id=8b7a95ab-0dd1-47af-8c81-2ec1d70cf2ca[0m [36mreq[0m=[35m2f96e133[0m
[2m08:13:10[0m [[32m[1minfo     [0m] [1mrequest_finished                        [0m [36mduration[0m=[35m0.008[0m [36mmethod[0m=[35mGET[0m [36mpath[0m=[35m/api/v1/challenges/8b7a95ab-0dd1-47af-8c81-2ec1d70cf2ca[0m [36mreq[0m=[35m2f96e133[0m [36mrequest_id[0m=[35m2f96e133-ad06-4878-8a7d-cf28dfbbdf95[0m [36mstatus[0m=[35m200[0m
[2m08:13:20[0m [[32m[1minfo     [0m] [1mGetting challenge status: id=8b7a95ab-0dd1-47af-8c81-2ec1d70cf2ca[0m [36mreq[0m=[35m037f9d49[0m
[2m08:13:20[0m [[32m[1minfo     [0m] [1mrequest_finished                        [0m [36mduration[0m=[35m0.008[0m [36mmethod[0m=[35mGET[0m [36mpath[0m=[35m/api/v1/challenges/8b7a95ab-0dd1-47af-8c81-2ec1d70cf2ca[0m [36mreq[0m=[35m037f9d49[0m [36mrequest_id[0m=[35m037f9d49-1f55-4693-a936-d58c22de259b[0m [36mstatus[0m=[35m200[0m
[2m08:13:30[0m [[32m[1minfo     [0m] [1mGetting challenge status: id=8b7a95ab-0dd1-47af-8c81-2ec1d70cf2ca[0m [36mreq[0m=[35m40bbafe2[0m
[2m08:13:30[0m [[32m[1minfo     [0m] [1mrequest_finished                        [0m [36mduration[0m=[35m0.021[0m [36mmethod[0m=[35mGET[0m [36mpath[0m=[35m/api/v1/challenges/8b7a95ab-0dd1-47af-8c81-2ec1d70cf2ca[0m [36mreq[0m=[35m40bbafe2[0m [36mrequest_id[0m=[35m40bbafe2-a6ab-4cb8-ab80-9bd7d95d3f8f[0m [36mstatus[0m=[35m200[0m
[2m08:13:40[0m [[32m[1minfo     [0m] [1mGetting challenge status: id=8b7a95ab-0dd1-47af-8c81-2ec1d70cf2ca[0m [36mreq[0m=[35md08d9b43[0m
[2m08:13:40[0m [[32m[1minfo     [0m] [1mrequest_finished                        [0m [36mduration[0m=[35m0.011[0m [36mmethod[0m=[35mGET[0m [36mpath[0m=[35m/api/v1/challenges/8b7a95ab-0dd1-47af-8c81-2ec1d70cf2ca[0m [36mreq[0m=[35md08d9b43[0m [36mrequest_id[0m=[35md08d9b43-ccdb-4ab7-81c2-a183d26372db[0m [36mstatus[0m=[35m200[0m
[2m08:13:50[0m [[32m[1minfo     [0m] [1mGetting challenge status: id=8b7a95ab-0dd1-47af-8c81-2ec1d70cf2ca[0m [36mreq[0m=[35m0f387e0f[0m
[2m08:13:50[0m [[32m[1minfo     [0m] [1mrequest_finished                        [0m [36mduration[0m=[35m0.009[0m [36mmethod[0m=[35mGET[0m [36mpath[0m=[35m/api/v1/challenges/8b7a95ab-0dd1-47af-8c81-2ec1d70cf2ca[0m [36mreq[0m=[35m0f387e0f[0m [36mrequest_id[0m=[35m0f387e0f-95d3-400c-be5d-ffcb5cea40d1[0m [36mstatus[0m=[35m200[0m
[2m08:14:00[0m [[32m[1minfo     [0m] [1mGetting challenge status: id=8b7a95ab-0dd1-47af-8c81-2ec1d70cf2ca[0m [36mreq[0m=[35mb2512a21[0m
[2m08:14:00[0m [[32m[1minfo     [0m] [1mrequest_finished                        [0m [36mduration[0m=[35m0.018[0m [36mmethod[0m=[35mGET[0m [36mpath[0m=[35m/api/v1/challenges/8b7a95ab-0dd1-47af-8c81-2ec1d70cf2ca[0m [36mreq[0m=[35mb2512a21[0m [36mrequest_id[0m=[35mb2512a21-ac3b-4642-ac7f-9f6459fc7aab[0m [36mstatus[0m=[35m200[0m
[2m08:14:10[0m [[32m[1minfo     [0m] [1mGetting challenge status: id=8b7a95ab-0dd1-47af-8c81-2ec1d70cf2ca[0m [36mreq[0m=[35m37baabaa[0m
[2m08:14:10[0m [[32m[1minfo     [0m] [1mrequest_finished                        [0m [36mduration[0m=[35m0.007[0m [36mmethod[0m=[35mGET[0m [36mpath[0m=[35m/api/v1/challenges/8b7a95ab-0dd1-47af-8c81-2ec1d70cf2ca[0m [36mreq[0m=[35m37baabaa[0m [36mrequest_id[0m=[35m37baabaa-09f2-45f1-b833-816b9774c3c7[0m [36mstatus[0m=[35m200[0m
[2m08:14:20[0m [[32m[1minfo     [0m] [1mGetting challenge status: id=8b7a95ab-0dd1-47af-8c81-2ec1d70cf2ca[0m [36mreq[0m=[35m5d87bd89[0m
[2m08:14:20[0m [[32m[1minfo     [0m] [1mrequest_finished                        [0m [36mduration[0m=[35m0.008[0m [36mmethod[0m=[35mGET[0m [36mpath[0m=[35m/api/v1/challenges/8b7a95ab-0dd1-47af-8c81-2ec1d70cf2ca[0m [36mreq[0m=[35m5d87bd89[0m [36mrequest_id[0m=[35m5d87bd89-7016-4c64-ac7b-32e8413eaf40[0m [36mstatus[0m=[35m200[0m
[2m08:14:30[0m [[32m[1minfo     [0m] [1mGetting challenge status: id=8b7a95ab-0dd1-47af-8c81-2ec1d70cf2ca[0m [36mreq[0m=[35m708cb522[0m
[2m08:14:30[0m [[32m[1minfo     [0m] [1mrequest_finished                        [0m [36mduration[0m=[35m0.006[0m [36mmethod[0m=[35mGET[0m [36mpath[0m=[35m/api/v1/challenges/8b7a95ab-0dd1-47af-8c81-2ec1d70cf2ca[0m [36mreq[0m=[35m708cb522[0m [36mrequest_id[0m=[35m708cb522-eec9-4871-a1cd-26f1286060c3[0m [36mstatus[0m=[35m200[0m
[2m08:14:40[0m [[32m[1minfo     [0m] [1mGetting challenge status: id=8b7a95ab-0dd1-47af-8c81-2ec1d70cf2ca[0m [36mreq[0m=[35mcab109fc[0m
[2m08:14:40[0m [[32m[1minfo     [0m] [1mrequest_finished                        [0m [36mduration[0m=[35m0.008[0m [36mmethod[0m=[35mGET[0m [36mpath[0m=[35m/api/v1/challenges/8b7a95ab-0dd1-47af-8c81-2ec1d70cf2ca[0m [36mreq[0m=[35mcab109fc[0m [36mrequest_id[0m=[35mcab109fc-3a41-456f-8ceb-c6a9cac4a8e8[0m [36mstatus[0m=[35m200[0m
[2m08:14:50[0m [[32m[1minfo     [0m] [1mGetting challenge status: id=8b7a95ab-0dd1-47af-8c81-2ec1d70cf2ca[0m [36mreq[0m=[35mf1a2c377[0m
[2m08:14:50[0m [[32m[1minfo     [0m] [1mrequest_finished                        [0m [36mduration[0m=[35m0.01[0m [36mmethod[0m=[35mGET[0m [36mpath[0m=[35m/api/v1/challenges/8b7a95ab-0dd1-47af-8c81-2ec1d70cf2ca[0m [36mreq[0m=[35mf1a2c377[0m [36mrequest_id[0m=[35mf1a2c377-e021-48a6-a33d-de15c2df32ed[0m [36mstatus[0m=[35m200[0m
[2m08:15:00[0m [[32m[1minfo     [0m] [1mGetting challenge status: id=8b7a95ab-0dd1-47af-8c81-2ec1d70cf2ca[0m [36mreq[0m=[35m1ab4a8c7[0m
[2m08:15:00[0m [[32m[1minfo     [0m] [1mrequest_finished                        [0m [36mduration[0m=[35m0.009[0m [36mmethod[0m=[35mGET[0m [36mpath[0m=[35m/api/v1/challenges/8b7a95ab-0dd1-47af-8c81-2ec1d70cf2ca[0m [36mreq[0m=[35m1ab4a8c7[0m [36mrequest_id[0m=[35m1ab4a8c7-a6c3-4195-a27b-413cadee7e5d[0m [36mstatus[0m=[35m200[0m
[2m08:15:10[0m [[32m[1minfo     [0m] [1mGetting challenge status: id=8b7a95ab-0dd1-47af-8c81-2ec1d70cf2ca[0m [36mreq[0m=[35mfcc75726[0m
[2m08:15:10[0m [[32m[1minfo     [0m] [1mrequest_finished                        [0m [36mduration[0m=[35m0.007[0m [36mmethod[0m=[35mGET[0m [36mpath[0m=[35m/api/v1/challenges/8b7a95ab-0dd1-47af-8c81-2ec1d70cf2ca[0m [36mreq[0m=[35mfcc75726[0m [36mrequest_id[0m=[35mfcc75726-a1f2-491b-b78d-235ae154269a[0m [36mstatus[0m=[35m200[0m
[2m08:15:11[0m [[32m[1minfo     [0m] [1mSandbox execution complete: success=True, time=257620ms, cached=False[0m [36mreq[0m=[35m9b56dbf3[0m
[2m08:15:11[0m [[32m[1minfo     [0m] [1mCaching container image for future use...[0m [36mreq[0m=[35m9b56dbf3[0m
[2m08:15:11[0m [[32m[1minfo     [0m] [1mBuilding image: lumari-sandbox:audio-55d54d6f[0m [36mreq[0m=[35m9b56dbf3[0m
[2m08:15:11[0m [[32m[1minfo     [0m] [1m  pip: ['openai-whisper']               [0m [36mreq[0m=[35m9b56dbf3[0m
[2m08:15:11[0m [[32m[1minfo     [0m] [1m  apt: ['ffmpeg']                       [0m [36mreq[0m=[35m9b56dbf3[0m
[2m08:15:21[0m [[32m[1minfo     [0m] [1mGetting challenge status: id=8b7a95ab-0dd1-47af-8c81-2ec1d70cf2ca[0m [36mreq[0m=[35m72c10601[0m
[2m08:15:21[0m [[32m[1minfo     [0m] [1mrequest_finished                        [0m [36mduration[0m=[35m0.005[0m [36mmethod[0m=[35mGET[0m [36mpath[0m=[35m/api/v1/challenges/8b7a95ab-0dd1-47af-8c81-2ec1d70cf2ca[0m [36mreq[0m=[35m72c10601[0m [36mrequest_id[0m=[35m72c10601-00f4-48d1-ab39-f6d915a698c5[0m [36mstatus[0m=[35m200[0m
[2m08:15:31[0m [[32m[1minfo     [0m] [1mGetting challenge status: id=8b7a95ab-0dd1-47af-8c81-2ec1d70cf2ca[0m [36mreq[0m=[35ma4bc89ae[0m
[2m08:15:31[0m [[32m[1minfo     [0m] [1mrequest_finished                        [0m [36mduration[0m=[35m0.024[0m [36mmethod[0m=[35mGET[0m [36mpath[0m=[35m/api/v1/challenges/8b7a95ab-0dd1-47af-8c81-2ec1d70cf2ca[0m [36mreq[0m=[35ma4bc89ae[0m [36mrequest_id[0m=[35ma4bc89ae-2cf7-46dd-956a-b277d9eb7482[0m [36mstatus[0m=[35m200[0m
[2m08:15:41[0m [[32m[1minfo     [0m] [1mGetting challenge status: id=8b7a95ab-0dd1-47af-8c81-2ec1d70cf2ca[0m [36mreq[0m=[35m1dbda908[0m
[2m08:15:41[0m [[32m[1minfo     [0m] [1mrequest_finished                        [0m [36mduration[0m=[35m0.014[0m [36mmethod[0m=[35mGET[0m [36mpath[0m=[35m/api/v1/challenges/8b7a95ab-0dd1-47af-8c81-2ec1d70cf2ca[0m [36mreq[0m=[35m1dbda908[0m [36mrequest_id[0m=[35m1dbda908-5ab5-4886-a592-3359d2b5234e[0m [36mstatus[0m=[35m200[0m
[2m08:15:51[0m [[32m[1minfo     [0m] [1mGetting challenge status: id=8b7a95ab-0dd1-47af-8c81-2ec1d70cf2ca[0m [36mreq[0m=[35mfc5c8981[0m
[2m08:15:51[0m [[32m[1minfo     [0m] [1mrequest_finished                        [0m [36mduration[0m=[35m0.008[0m [36mmethod[0m=[35mGET[0m [36mpath[0m=[35m/api/v1/challenges/8b7a95ab-0dd1-47af-8c81-2ec1d70cf2ca[0m [36mreq[0m=[35mfc5c8981[0m [36mrequest_id[0m=[35mfc5c8981-0516-49b9-ae61-24702b0292de[0m [36mstatus[0m=[35m200[0m
[2m08:16:01[0m [[32m[1minfo     [0m] [1mGetting challenge status: id=8b7a95ab-0dd1-47af-8c81-2ec1d70cf2ca[0m [36mreq[0m=[35m50353dcd[0m
[2m08:16:01[0m [[32m[1minfo     [0m] [1mrequest_finished                        [0m [36mduration[0m=[35m0.009[0m [36mmethod[0m=[35mGET[0m [36mpath[0m=[35m/api/v1/challenges/8b7a95ab-0dd1-47af-8c81-2ec1d70cf2ca[0m [36mreq[0m=[35m50353dcd[0m [36mrequest_id[0m=[35m50353dcd-d2c8-4bd7-a159-ede8edc89e36[0m [36mstatus[0m=[35m200[0m
[2m08:16:11[0m [[32m[1minfo     [0m] [1mGetting challenge status: id=8b7a95ab-0dd1-47af-8c81-2ec1d70cf2ca[0m [36mreq[0m=[35m508d3478[0m
[2m08:16:11[0m [[32m[1minfo     [0m] [1mrequest_finished                        [0m [36mduration[0m=[35m0.007[0m [36mmethod[0m=[35mGET[0m [36mpath[0m=[35m/api/v1/challenges/8b7a95ab-0dd1-47af-8c81-2ec1d70cf2ca[0m [36mreq[0m=[35m508d3478[0m [36mrequest_id[0m=[35m508d3478-88e3-4377-a896-7ab04dd6747d[0m [36mstatus[0m=[35m200[0m
[2m08:16:21[0m [[32m[1minfo     [0m] [1mGetting challenge status: id=8b7a95ab-0dd1-47af-8c81-2ec1d70cf2ca[0m [36mreq[0m=[35m5344782c[0m
[2m08:16:21[0m [[32m[1minfo     [0m] [1mrequest_finished                        [0m [36mduration[0m=[35m0.047[0m [36mmethod[0m=[35mGET[0m [36mpath[0m=[35m/api/v1/challenges/8b7a95ab-0dd1-47af-8c81-2ec1d70cf2ca[0m [36mreq[0m=[35m5344782c[0m [36mrequest_id[0m=[35m5344782c-7b6d-471a-8ae7-2c29331565b5[0m [36mstatus[0m=[35m200[0m
[2m08:16:31[0m [[32m[1minfo     [0m] [1mGetting challenge status: id=8b7a95ab-0dd1-47af-8c81-2ec1d70cf2ca[0m [36mreq[0m=[35m8401facd[0m
[2m08:16:31[0m [[32m[1minfo     [0m] [1mrequest_finished                        [0m [36mduration[0m=[35m0.018[0m [36mmethod[0m=[35mGET[0m [36mpath[0m=[35m/api/v1/challenges/8b7a95ab-0dd1-47af-8c81-2ec1d70cf2ca[0m [36mreq[0m=[35m8401facd[0m [36mrequest_id[0m=[35m8401facd-0fac-4375-8b06-a4d3f766fa4c[0m [36mstatus[0m=[35m200[0m
[2m08:16:41[0m [[32m[1minfo     [0m] [1mGetting challenge status: id=8b7a95ab-0dd1-47af-8c81-2ec1d70cf2ca[0m [36mreq[0m=[35mb5900d1b[0m
[2m08:16:41[0m [[32m[1minfo     [0m] [1mrequest_finished                        [0m [36mduration[0m=[35m0.021[0m [36mmethod[0m=[35mGET[0m [36mpath[0m=[35m/api/v1/challenges/8b7a95ab-0dd1-47af-8c81-2ec1d70cf2ca[0m [36mreq[0m=[35mb5900d1b[0m [36mrequest_id[0m=[35mb5900d1b-c6db-4a9b-854d-d352cbaf0723[0m [36mstatus[0m=[35m200[0m
[2m08:16:51[0m [[32m[1minfo     [0m] [1mGetting challenge status: id=8b7a95ab-0dd1-47af-8c81-2ec1d70cf2ca[0m [36mreq[0m=[35m2862895c[0m
[2m08:16:51[0m [[32m[1minfo     [0m] [1mrequest_finished                        [0m [36mduration[0m=[35m0.014[0m [36mmethod[0m=[35mGET[0m [36mpath[0m=[35m/api/v1/challenges/8b7a95ab-0dd1-47af-8c81-2ec1d70cf2ca[0m [36mreq[0m=[35m2862895c[0m [36mrequest_id[0m=[35m2862895c-10a1-479b-bd4f-9fc951746b2b[0m [36mstatus[0m=[35m200[0m
[2m08:17:01[0m [[32m[1minfo     [0m] [1mGetting challenge status: id=8b7a95ab-0dd1-47af-8c81-2ec1d70cf2ca[0m [36mreq[0m=[35mf79500a3[0m
[2m08:17:01[0m [[32m[1minfo     [0m] [1mrequest_finished                        [0m [36mduration[0m=[35m0.017[0m [36mmethod[0m=[35mGET[0m [36mpath[0m=[35m/api/v1/challenges/8b7a95ab-0dd1-47af-8c81-2ec1d70cf2ca[0m [36mreq[0m=[35mf79500a3[0m [36mrequest_id[0m=[35mf79500a3-a2d7-4110-94a9-dc1aa94420e0[0m [36mstatus[0m=[35m200[0m
[2m08:17:11[0m [[32m[1minfo     [0m] [1mGetting challenge status: id=8b7a95ab-0dd1-47af-8c81-2ec1d70cf2ca[0m [36mreq[0m=[35mff5e826c[0m
[2m08:17:11[0m [[32m[1minfo     [0m] [1mrequest_finished                        [0m [36mduration[0m=[35m0.013[0m [36mmethod[0m=[35mGET[0m [36mpath[0m=[35m/api/v1/challenges/8b7a95ab-0dd1-47af-8c81-2ec1d70cf2ca[0m [36mreq[0m=[35mff5e826c[0m [36mrequest_id[0m=[35mff5e826c-4b13-49fb-90db-4080fb2edacd[0m [36mstatus[0m=[35m200[0m
[2m08:17:21[0m [[32m[1minfo     [0m] [1mGetting challenge status: id=8b7a95ab-0dd1-47af-8c81-2ec1d70cf2ca[0m [36mreq[0m=[35m4693c043[0m
[2m08:17:21[0m [[32m[1minfo     [0m] [1mrequest_finished                        [0m [36mduration[0m=[35m0.016[0m [36mmethod[0m=[35mGET[0m [36mpath[0m=[35m/api/v1/challenges/8b7a95ab-0dd1-47af-8c81-2ec1d70cf2ca[0m [36mreq[0m=[35m4693c043[0m [36mrequest_id[0m=[35m4693c043-7f97-4127-abc8-8fdf22086078[0m [36mstatus[0m=[35m200[0m
[2m08:17:31[0m [[32m[1minfo     [0m] [1mGetting challenge status: id=8b7a95ab-0dd1-47af-8c81-2ec1d70cf2ca[0m [36mreq[0m=[35m808bcc76[0m
[2m08:17:31[0m [[32m[1minfo     [0m] [1mrequest_finished                        [0m [36mduration[0m=[35m0.012[0m [36mmethod[0m=[35mGET[0m [36mpath[0m=[35m/api/v1/challenges/8b7a95ab-0dd1-47af-8c81-2ec1d70cf2ca[0m [36mreq[0m=[35m808bcc76[0m [36mrequest_id[0m=[35m808bcc76-8ea2-4dce-b6a2-872b4eaade8d[0m [36mstatus[0m=[35m200[0m
[2m08:17:41[0m [[32m[1minfo     [0m] [1mGetting challenge status: id=8b7a95ab-0dd1-47af-8c81-2ec1d70cf2ca[0m [36mreq[0m=[35m050af7d1[0m
[2m08:17:41[0m [[32m[1minfo     [0m] [1mrequest_finished                        [0m [36mduration[0m=[35m0.01[0m [36mmethod[0m=[35mGET[0m [36mpath[0m=[35m/api/v1/challenges/8b7a95ab-0dd1-47af-8c81-2ec1d70cf2ca[0m [36mreq[0m=[35m050af7d1[0m [36mrequest_id[0m=[35m050af7d1-314b-45b6-b058-3959a8d02df9[0m [36mstatus[0m=[35m200[0m
[2m08:17:51[0m [[32m[1minfo     [0m] [1mGetting challenge status: id=8b7a95ab-0dd1-47af-8c81-2ec1d70cf2ca[0m [36mreq[0m=[35m36620f8c[0m
[2m08:17:51[0m [[32m[1minfo     [0m] [1mrequest_finished                        [0m [36mduration[0m=[35m0.07[0m [36mmethod[0m=[35mGET[0m [36mpath[0m=[35m/api/v1/challenges/8b7a95ab-0dd1-47af-8c81-2ec1d70cf2ca[0m [36mreq[0m=[35m36620f8c[0m [36mrequest_id[0m=[35m36620f8c-b948-48f2-a321-c64e59fa30b1[0m [36mstatus[0m=[35m200[0m
[2m08:18:01[0m [[32m[1minfo     [0m] [1mGetting challenge status: id=8b7a95ab-0dd1-47af-8c81-2ec1d70cf2ca[0m [36mreq[0m=[35m1189c4ca[0m
[2m08:18:01[0m [[32m[1minfo     [0m] [1mrequest_finished                        [0m [36mduration[0m=[35m0.042[0m [36mmethod[0m=[35mGET[0m [36mpath[0m=[35m/api/v1/challenges/8b7a95ab-0dd1-47af-8c81-2ec1d70cf2ca[0m [36mreq[0m=[35m1189c4ca[0m [36mrequest_id[0m=[35m1189c4ca-8263-4882-96fe-b0200c84fda8[0m [36mstatus[0m=[35m200[0m
[2m08:18:11[0m [[32m[1minfo     [0m] [1mGetting challenge status: id=8b7a95ab-0dd1-47af-8c81-2ec1d70cf2ca[0m [36mreq[0m=[35m4f130a9a[0m
[2m08:18:11[0m [[32m[1minfo     [0m] [1mrequest_finished                        [0m [36mduration[0m=[35m0.024[0m [36mmethod[0m=[35mGET[0m [36mpath[0m=[35m/api/v1/challenges/8b7a95ab-0dd1-47af-8c81-2ec1d70cf2ca[0m [36mreq[0m=[35m4f130a9a[0m [36mrequest_id[0m=[35m4f130a9a-5dbd-4397-af38-428181f758b5[0m [36mstatus[0m=[35m200[0m
[2m08:18:21[0m [[32m[1minfo     [0m] [1mGetting challenge status: id=8b7a95ab-0dd1-47af-8c81-2ec1d70cf2ca[0m [36mreq[0m=[35m7873bfc5[0m
[2m08:18:21[0m [[32m[1minfo     [0m] [1mrequest_finished                        [0m [36mduration[0m=[35m0.012[0m [36mmethod[0m=[35mGET[0m [36mpath[0m=[35m/api/v1/challenges/8b7a95ab-0dd1-47af-8c81-2ec1d70cf2ca[0m [36mreq[0m=[35m7873bfc5[0m [36mrequest_id[0m=[35m7873bfc5-2388-4948-bd16-824f17946556[0m [36mstatus[0m=[35m200[0m
[2m08:18:31[0m [[32m[1minfo     [0m] [1mGetting challenge status: id=8b7a95ab-0dd1-47af-8c81-2ec1d70cf2ca[0m [36mreq[0m=[35m7fe9e15e[0m
[2m08:18:31[0m [[32m[1minfo     [0m] [1mrequest_finished                        [0m [36mduration[0m=[35m0.007[0m [36mmethod[0m=[35mGET[0m [36mpath[0m=[35m/api/v1/challenges/8b7a95ab-0dd1-47af-8c81-2ec1d70cf2ca[0m [36mreq[0m=[35m7fe9e15e[0m [36mrequest_id[0m=[35m7fe9e15e-d324-4371-b819-a8a3616afada[0m [36mstatus[0m=[35m200[0m
[2m08:18:41[0m [[32m[1minfo     [0m] [1mGetting challenge status: id=8b7a95ab-0dd1-47af-8c81-2ec1d70cf2ca[0m [36mreq[0m=[35m62d59c01[0m
[2m08:18:41[0m [[32m[1minfo     [0m] [1mrequest_finished                        [0m [36mduration[0m=[35m0.005[0m [36mmethod[0m=[35mGET[0m [36mpath[0m=[35m/api/v1/challenges/8b7a95ab-0dd1-47af-8c81-2ec1d70cf2ca[0m [36mreq[0m=[35m62d59c01[0m [36mrequest_id[0m=[35m62d59c01-e325-48c8-acfa-32f4b9ef0a6b[0m [36mstatus[0m=[35m200[0m
[2m08:18:51[0m [[32m[1minfo     [0m] [1mGetting challenge status: id=8b7a95ab-0dd1-47af-8c81-2ec1d70cf2ca[0m [36mreq[0m=[35mfbfe070f[0m
[2m08:18:51[0m [[32m[1minfo     [0m] [1mrequest_finished                        [0m [36mduration[0m=[35m0.03[0m [36mmethod[0m=[35mGET[0m [36mpath[0m=[35m/api/v1/challenges/8b7a95ab-0dd1-47af-8c81-2ec1d70cf2ca[0m [36mreq[0m=[35mfbfe070f[0m [36mrequest_id[0m=[35mfbfe070f-d20b-4f15-9c6f-68a6ea76c57c[0m [36mstatus[0m=[35m200[0m
[2m08:19:01[0m [[32m[1minfo     [0m] [1mGetting challenge status: id=8b7a95ab-0dd1-47af-8c81-2ec1d70cf2ca[0m [36mreq[0m=[35mb0e1a520[0m
[2m08:19:01[0m [[32m[1minfo     [0m] [1mrequest_finished                        [0m [36mduration[0m=[35m0.009[0m [36mmethod[0m=[35mGET[0m [36mpath[0m=[35m/api/v1/challenges/8b7a95ab-0dd1-47af-8c81-2ec1d70cf2ca[0m [36mreq[0m=[35mb0e1a520[0m [36mrequest_id[0m=[35mb0e1a520-dd8f-4fae-9122-0a3e87a03d94[0m [36mstatus[0m=[35m200[0m
[2m08:19:11[0m [[32m[1minfo     [0m] [1mGetting challenge status: id=8b7a95ab-0dd1-47af-8c81-2ec1d70cf2ca[0m [36mreq[0m=[35m0e48b475[0m
[2m08:19:11[0m [[32m[1minfo     [0m] [1mrequest_finished                        [0m [36mduration[0m=[35m0.007[0m [36mmethod[0m=[35mGET[0m [36mpath[0m=[35m/api/v1/challenges/8b7a95ab-0dd1-47af-8c81-2ec1d70cf2ca[0m [36mreq[0m=[35m0e48b475[0m [36mrequest_id[0m=[35m0e48b475-1a91-412a-ad98-61ef9cc6c091[0m [36mstatus[0m=[35m200[0m
[2m08:19:21[0m [[32m[1minfo     [0m] [1mGetting challenge status: id=8b7a95ab-0dd1-47af-8c81-2ec1d70cf2ca[0m [36mreq[0m=[35md01e10a3[0m
[2m08:19:21[0m [[32m[1minfo     [0m] [1mrequest_finished                        [0m [36mduration[0m=[35m0.021[0m [36mmethod[0m=[35mGET[0m [36mpath[0m=[35m/api/v1/challenges/8b7a95ab-0dd1-47af-8c81-2ec1d70cf2ca[0m [36mreq[0m=[35md01e10a3[0m [36mrequest_id[0m=[35md01e10a3-98db-4f51-b4e7-c91f25ad6580[0m [36mstatus[0m=[35m200[0m
[2m08:19:31[0m [[32m[1minfo     [0m] [1mGetting challenge status: id=8b7a95ab-0dd1-47af-8c81-2ec1d70cf2ca[0m [36mreq[0m=[35mb5753bfd[0m
[2m08:19:31[0m [[32m[1minfo     [0m] [1mrequest_finished                        [0m [36mduration[0m=[35m0.011[0m [36mmethod[0m=[35mGET[0m [36mpath[0m=[35m/api/v1/challenges/8b7a95ab-0dd1-47af-8c81-2ec1d70cf2ca[0m [36mreq[0m=[35mb5753bfd[0m [36mrequest_id[0m=[35mb5753bfd-da7f-446f-82c6-5a39c35a4811[0m [36mstatus[0m=[35m200[0m
[2m08:19:41[0m [[32m[1minfo     [0m] [1mGetting challenge status: id=8b7a95ab-0dd1-47af-8c81-2ec1d70cf2ca[0m [36mreq[0m=[35m774bf4b8[0m
[2m08:19:42[0m [[32m[1minfo     [0m] [1mrequest_finished                        [0m [36mduration[0m=[35m0.017[0m [36mmethod[0m=[35mGET[0m [36mpath[0m=[35m/api/v1/challenges/8b7a95ab-0dd1-47af-8c81-2ec1d70cf2ca[0m [36mreq[0m=[35m774bf4b8[0m [36mrequest_id[0m=[35m774bf4b8-0ab9-4688-846b-e4e8512a668f[0m [36mstatus[0m=[35m200[0m
[2m08:19:52[0m [[32m[1minfo     [0m] [1mGetting challenge status: id=8b7a95ab-0dd1-47af-8c81-2ec1d70cf2ca[0m [36mreq[0m=[35me4b702ee[0m
[2m08:19:52[0m [[32m[1minfo     [0m] [1mrequest_finished                        [0m [36mduration[0m=[35m0.011[0m [36mmethod[0m=[35mGET[0m [36mpath[0m=[35m/api/v1/challenges/8b7a95ab-0dd1-47af-8c81-2ec1d70cf2ca[0m [36mreq[0m=[35me4b702ee[0m [36mrequest_id[0m=[35me4b702ee-2c37-4994-ab96-abe2391adfda[0m [36mstatus[0m=[35m200[0m
[2m08:20:02[0m [[32m[1minfo     [0m] [1mGetting challenge status: id=8b7a95ab-0dd1-47af-8c81-2ec1d70cf2ca[0m [36mreq[0m=[35m7be83061[0m
[2m08:20:02[0m [[32m[1minfo     [0m] [1mrequest_finished                        [0m [36mduration[0m=[35m0.009[0m [36mmethod[0m=[35mGET[0m [36mpath[0m=[35m/api/v1/challenges/8b7a95ab-0dd1-47af-8c81-2ec1d70cf2ca[0m [36mreq[0m=[35m7be83061[0m [36mrequest_id[0m=[35m7be83061-c458-4238-95ff-25db18d30552[0m [36mstatus[0m=[35m200[0m
[2m08:20:12[0m [[32m[1minfo     [0m] [1mGetting challenge status: id=8b7a95ab-0dd1-47af-8c81-2ec1d70cf2ca[0m [36mreq[0m=[35mcce93376[0m
[2m08:20:12[0m [[32m[1minfo     [0m] [1mrequest_finished                        [0m [36mduration[0m=[35m0.007[0m [36mmethod[0m=[35mGET[0m [36mpath[0m=[35m/api/v1/challenges/8b7a95ab-0dd1-47af-8c81-2ec1d70cf2ca[0m [36mreq[0m=[35mcce93376[0m [36mrequest_id[0m=[35mcce93376-393e-4a6f-9199-401fef63a5ff[0m [36mstatus[0m=[35m200[0m
[2m08:20:22[0m [[32m[1minfo     [0m] [1mGetting challenge status: id=8b7a95ab-0dd1-47af-8c81-2ec1d70cf2ca[0m [36mreq[0m=[35m0590070b[0m
[2m08:20:22[0m [[32m[1minfo     [0m] [1mrequest_finished                        [0m [36mduration[0m=[35m0.015[0m [36mmethod[0m=[35mGET[0m [36mpath[0m=[35m/api/v1/challenges/8b7a95ab-0dd1-47af-8c81-2ec1d70cf2ca[0m [36mreq[0m=[35m0590070b[0m [36mrequest_id[0m=[35m0590070b-adea-4eb2-bf0c-04feef129b39[0m [36mstatus[0m=[35m200[0m
[2m08:20:32[0m [[32m[1minfo     [0m] [1mGetting challenge status: id=8b7a95ab-0dd1-47af-8c81-2ec1d70cf2ca[0m [36mreq[0m=[35m869abc75[0m
[2m08:20:32[0m [[32m[1minfo     [0m] [1mrequest_finished                        [0m [36mduration[0m=[35m0.009[0m [36mmethod[0m=[35mGET[0m [36mpath[0m=[35m/api/v1/challenges/8b7a95ab-0dd1-47af-8c81-2ec1d70cf2ca[0m [36mreq[0m=[35m869abc75[0m [36mrequest_id[0m=[35m869abc75-fe67-4c18-bbf0-48cb1e8c4125[0m [36mstatus[0m=[35m200[0m
[2m08:20:42[0m [[32m[1minfo     [0m] [1mGetting challenge status: id=8b7a95ab-0dd1-47af-8c81-2ec1d70cf2ca[0m [36mreq[0m=[35m47af2a90[0m
[2m08:20:42[0m [[32m[1minfo     [0m] [1mrequest_finished                        [0m [36mduration[0m=[35m0.008[0m [36mmethod[0m=[35mGET[0m [36mpath[0m=[35m/api/v1/challenges/8b7a95ab-0dd1-47af-8c81-2ec1d70cf2ca[0m [36mreq[0m=[35m47af2a90[0m [36mrequest_id[0m=[35m47af2a90-43bb-4268-a647-9286e2188fd0[0m [36mstatus[0m=[35m200[0m
[2m08:20:52[0m [[32m[1minfo     [0m] [1mGetting challenge status: id=8b7a95ab-0dd1-47af-8c81-2ec1d70cf2ca[0m [36mreq[0m=[35m6ac80347[0m
[2m08:20:52[0m [[32m[1minfo     [0m] [1mrequest_finished                        [0m [36mduration[0m=[35m0.007[0m [36mmethod[0m=[35mGET[0m [36mpath[0m=[35m/api/v1/challenges/8b7a95ab-0dd1-47af-8c81-2ec1d70cf2ca[0m [36mreq[0m=[35m6ac80347[0m [36mrequest_id[0m=[35m6ac80347-25b1-473d-80a2-aa1fb0e253ed[0m [36mstatus[0m=[35m200[0m
[2m08:21:02[0m [[32m[1minfo     [0m] [1mGetting challenge status: id=8b7a95ab-0dd1-47af-8c81-2ec1d70cf2ca[0m [36mreq[0m=[35m5ff39e3d[0m
[2m08:21:02[0m [[32m[1minfo     [0m] [1mrequest_finished                        [0m [36mduration[0m=[35m0.011[0m [36mmethod[0m=[35mGET[0m [36mpath[0m=[35m/api/v1/challenges/8b7a95ab-0dd1-47af-8c81-2ec1d70cf2ca[0m [36mreq[0m=[35m5ff39e3d[0m [36mrequest_id[0m=[35m5ff39e3d-bc02-4d78-b7ad-7553e81a5c25[0m [36mstatus[0m=[35m200[0m
[2m08:21:12[0m [[32m[1minfo     [0m] [1mGetting challenge status: id=8b7a95ab-0dd1-47af-8c81-2ec1d70cf2ca[0m [36mreq[0m=[35mc0587a0a[0m
[2m08:21:12[0m [[32m[1minfo     [0m] [1mrequest_finished                        [0m [36mduration[0m=[35m0.008[0m [36mmethod[0m=[35mGET[0m [36mpath[0m=[35m/api/v1/challenges/8b7a95ab-0dd1-47af-8c81-2ec1d70cf2ca[0m [36mreq[0m=[35mc0587a0a[0m [36mrequest_id[0m=[35mc0587a0a-0cb4-4613-8d56-42c8bb145534[0m [36mstatus[0m=[35m200[0m
[2m08:21:22[0m [[32m[1minfo     [0m] [1mGetting challenge status: id=8b7a95ab-0dd1-47af-8c81-2ec1d70cf2ca[0m [36mreq[0m=[35mf72ffa95[0m
[2m08:21:22[0m [[32m[1minfo     [0m] [1mrequest_finished                        [0m [36mduration[0m=[35m0.031[0m [36mmethod[0m=[35mGET[0m [36mpath[0m=[35m/api/v1/challenges/8b7a95ab-0dd1-47af-8c81-2ec1d70cf2ca[0m [36mreq[0m=[35mf72ffa95[0m [36mrequest_id[0m=[35mf72ffa95-d6a3-446d-ab76-7eea3fea05fa[0m [36mstatus[0m=[35m200[0m
[2m08:21:32[0m [[32m[1minfo     [0m] [1mGetting challenge status: id=8b7a95ab-0dd1-47af-8c81-2ec1d70cf2ca[0m [36mreq[0m=[35md208233f[0m
[2m08:21:32[0m [[32m[1minfo     [0m] [1mrequest_finished                        [0m [36mduration[0m=[35m0.011[0m [36mmethod[0m=[35mGET[0m [36mpath[0m=[35m/api/v1/challenges/8b7a95ab-0dd1-47af-8c81-2ec1d70cf2ca[0m [36mreq[0m=[35md208233f[0m [36mrequest_id[0m=[35md208233f-5bad-4d47-a7f0-8cf12865609c[0m [36mstatus[0m=[35m200[0m
[2m08:21:42[0m [[32m[1minfo     [0m] [1mGetting challenge status: id=8b7a95ab-0dd1-47af-8c81-2ec1d70cf2ca[0m [36mreq[0m=[35mb109fd1a[0m
[2m08:21:42[0m [[32m[1minfo     [0m] [1mrequest_finished                        [0m [36mduration[0m=[35m0.009[0m [36mmethod[0m=[35mGET[0m [36mpath[0m=[35m/api/v1/challenges/8b7a95ab-0dd1-47af-8c81-2ec1d70cf2ca[0m [36mreq[0m=[35mb109fd1a[0m [36mrequest_id[0m=[35mb109fd1a-6649-4d45-84ee-58ecfc5a4d4f[0m [36mstatus[0m=[35m200[0m
[2m08:21:52[0m [[32m[1minfo     [0m] [1mGetting challenge status: id=8b7a95ab-0dd1-47af-8c81-2ec1d70cf2ca[0m [36mreq[0m=[35mf5e87b34[0m
[2m08:21:52[0m [[32m[1minfo     [0m] [1mrequest_finished                        [0m [36mduration[0m=[35m0.012[0m [36mmethod[0m=[35mGET[0m [36mpath[0m=[35m/api/v1/challenges/8b7a95ab-0dd1-47af-8c81-2ec1d70cf2ca[0m [36mreq[0m=[35mf5e87b34[0m [36mrequest_id[0m=[35mf5e87b34-44eb-4345-914a-ec06cc119990[0m [36mstatus[0m=[35m200[0m
[2m08:22:02[0m [[32m[1minfo     [0m] [1mGetting challenge status: id=8b7a95ab-0dd1-47af-8c81-2ec1d70cf2ca[0m [36mreq[0m=[35m605f072e[0m
[2m08:22:02[0m [[32m[1minfo     [0m] [1mrequest_finished                        [0m [36mduration[0m=[35m0.029[0m [36mmethod[0m=[35mGET[0m [36mpath[0m=[35m/api/v1/challenges/8b7a95ab-0dd1-47af-8c81-2ec1d70cf2ca[0m [36mreq[0m=[35m605f072e[0m [36mrequest_id[0m=[35m605f072e-4315-4948-b4f2-01ddb7bf6d3d[0m [36mstatus[0m=[35m200[0m
[2m08:22:12[0m [[32m[1minfo     [0m] [1mGetting challenge status: id=8b7a95ab-0dd1-47af-8c81-2ec1d70cf2ca[0m [36mreq[0m=[35m5fac2544[0m
[2m08:22:12[0m [[32m[1minfo     [0m] [1mrequest_finished                        [0m [36mduration[0m=[35m0.015[0m [36mmethod[0m=[35mGET[0m [36mpath[0m=[35m/api/v1/challenges/8b7a95ab-0dd1-47af-8c81-2ec1d70cf2ca[0m [36mreq[0m=[35m5fac2544[0m [36mrequest_id[0m=[35m5fac2544-8e6b-44e4-a2f5-52d32bc09c42[0m [36mstatus[0m=[35m200[0m
[2m08:22:13[0m [[32m[1minfo     [0m] [1mImage built successfully: lumari-sandbox:audio-55d54d6f (421182ms)[0m [36mreq[0m=[35m9b56dbf3[0m
[2m08:22:19[0m [[32m[1minfo     [0m] [1mFile processed successfully: {'text': ' Tagesbericht dientstag 14. Oktober. Heute auf der Baustelle Bergstraße 12 in der Neubau-Bohnanlage Wetter war gut, es war trocken heute so um die 15 Grad. Wir waren heute zu 8 auf der Baustelle Robau-Obergeschoss 2 Deckenplatte. Haben heute Morgen mit der Bewährung angefangen unter Unter der Lage ist komplett drin. Stahl BST 500 S, Durchmesser 12 mm, Abstatt 15 cm. Die oberen Lage machen wir morgen, dafür noch die Distanzhalter. Die kommen morgen früh von Müller Stahl. Die haben heute nicht mehr geschafft. Betonieren ist dann für Donnerstag geplant, wenn das Wetter hält. Ich habe bei der Mischanlage schon 20,5 Meter, 10,30, 37 bestellt, wie verzeit ab 7 Uhr. Ach ja, und beim Treppenhaus da ist mir aufgefallen, dass die Aussparen für den Aufzugstach 2 cm zu schmalest. Hab ich mit dem Stadthiker schon geschrieben, der meldet sich morgen. Ist aber kein Schostopper. Können wir nachträglich stemmen, wenn nötig. Morgen kommen auch die Elektriker für die Lehrrohrverlegung in der Ecke. Müssten wir koordinieren, dass wir vor dem Betonieren fertig sind. Hab mit Müller, also Elektromüller, schon telefoniert, der schickt drei Leute ab 6 Uhr 30. Sonst keine besonderen Vorkommisse', 'language': 'de'}[0m [36mreq[0m=[35m9b56dbf3[0m
[2m08:22:19[0m [[32m[1minfo     [0m] [1mAll 1 skills built successfully         [0m [36mreq[0m=[35m9b56dbf3[0m
[2m08:22:19[0m [[32m[1minfo     [0m] [1mSkill building complete: 1 built, 0 failed[0m [36mreq[0m=[35m9b56dbf3[0m
[2m08:22:22[0m [[32m[1minfo     [0m] [1mGetting challenge status: id=8b7a95ab-0dd1-47af-8c81-2ec1d70cf2ca[0m [36mreq[0m=[35m66bd8d4f[0m
[2m08:22:22[0m [[32m[1minfo     [0m] [1mrequest_finished                        [0m [36mduration[0m=[35m0.016[0m [36mmethod[0m=[35mGET[0m [36mpath[0m=[35m/api/v1/challenges/8b7a95ab-0dd1-47af-8c81-2ec1d70cf2ca[0m [36mreq[0m=[35m66bd8d4f[0m [36mrequest_id[0m=[35m66bd8d4f-d6da-44cc-b995-3ef623869022[0m [36mstatus[0m=[35m200[0m
[2m08:22:22[0m [[32m[1minfo     [0m] [1mExecuting challenge: id=8b7a95ab-0dd1-47af-8c81-2ec1d70cf2ca[0m [36mreq[0m=[35m74cc3df7[0m
[2m08:22:22[0m [[32m[1minfo     [0m] [1mrequest_finished                        [0m [36mduration[0m=[35m0.021[0m [36mmethod[0m=[35mPOST[0m [36mpath[0m=[35m/api/v1/challenges/8b7a95ab-0dd1-47af-8c81-2ec1d70cf2ca/execute[0m [36mreq[0m=[35m74cc3df7[0m [36mrequest_id[0m=[35m74cc3df7-b48e-43d5-8af3-fabae82a943f[0m [36mstatus[0m=[35m200[0m
[2m08:22:22[0m [[32m[1minfo     [0m] [1mStarting background execution: challenge_id=8b7a95ab-0dd1-47af-8c81-2ec1d70cf2ca[0m [36mreq[0m=[35m74cc3df7[0m
[2m08:22:22[0m [[32m[1minfo     [0m] [1mLoading topology from database...       [0m [36mreq[0m=[35m74cc3df7[0m
[2m08:22:22[0m [[32m[1minfo     [0m] [1mMapped 9 skill entries to 9 capabilities[0m [36mreq[0m=[35m74cc3df7[0m
[2m08:22:22[0m [[32m[1minfo     [0m] [1mTopology validated: 11 agents in 5 waves[0m [36mreq[0m=[35m74cc3df7[0m
[2m08:22:22[0m [[32m[1minfo     [0m] [1mLoaded 9 skills for topology            [0m [36mreq[0m=[35m74cc3df7[0m
[2m08:22:22[0m [[32m[1minfo     [0m] [1mTopology loaded: 11 agents, 5 waves     [0m [36mreq[0m=[35m74cc3df7[0m
[2m08:22:22[0m [[32m[1minfo     [0m] [1mShared memory initialized with Qdrant   [0m [36mreq[0m=[35m74cc3df7[0m
[2m08:22:22[0m [[32m[1minfo     [0m] [1mHybridOrchestrator initialized          [0m [36mreq[0m=[35m74cc3df7[0m
[2m08:22:22[0m [[32m[1minfo     [0m] [1mStarting execution: 2427c7d9-90a5-4b59-9958-51e3364947de[0m [36mreq[0m=[35m74cc3df7[0m
[2m08:22:27[0m [[32m[1minfo     [0m] [1mTeam assembled: 5 agents, strategy='1. Analyse des Transkripts -> 2. Kontextuelle Anreicherung -> 3. Generierung des Entwurfs -> 4. Validierung gegen das Transkript -> 5. Finalisierung des Berichts.', 5 waves[0m [36mreq[0m=[35m74cc3df7[0m
[2m08:22:27[0m [[32m[1minfo     [0m] [1mMapped 9 skill entries to 9 capabilities[0m [36mreq[0m=[35m74cc3df7[0m
[2m08:22:27[0m [[32m[1minfo     [0m] [1mTopology validated: 5 agents in 5 waves [0m [36mreq[0m=[35m74cc3df7[0m
[2m08:22:27[0m [[32m[1minfo     [0m] [1mLoaded 9 skills for topology            [0m [36mreq[0m=[35m74cc3df7[0m
[2m08:22:27[0m [[32m[1minfo     [0m] [1mDocker client connected successfully    [0m [36mreq[0m=[35m74cc3df7[0m
[2m08:22:27[0m [[32m[1minfo     [0m] [1mCreated DynamicSandbox executor (Docker-based, unrestricted)[0m [36mreq[0m=[35m74cc3df7[0m
[2m08:22:27[0m [[32m[1minfo     [0m] [1mLoading topology from database...       [0m [36mreq[0m=[35m74cc3df7[0m
[2m08:22:27[0m [[32m[1minfo     [0m] [1mMapped 9 skill entries to 9 capabilities[0m [36mreq[0m=[35m74cc3df7[0m
[2m08:22:27[0m [[32m[1minfo     [0m] [1mTopology validated: 11 agents in 5 waves[0m [36mreq[0m=[35m74cc3df7[0m
[2m08:22:27[0m [[32m[1minfo     [0m] [1mLoaded 9 skills for topology            [0m [36mreq[0m=[35m74cc3df7[0m
[2m08:22:27[0m [[32m[1minfo     [0m] [1mTopology loaded: 11 agents, 5 waves     [0m [36mreq[0m=[35m74cc3df7[0m
[2m08:22:27[0m [[32m[1minfo     [0m] [1mRuntimeAgentRegistry initialized with max_concurrent=5[0m [36mreq[0m=[35m74cc3df7[0m
[2m08:22:27[0m [[32m[1minfo     [0m] [1mExecuting wave 1/5: ['75fb97b8-e608-47c7-a3c2-dcecf5a8643c'][0m [36mreq[0m=[35m74cc3df7[0m
[2m08:22:27[0m [[32m[1minfo     [0m] [1mExecuting agent: transcript_analyzer (75fb97b8-e608-47c7-a3c2-dcecf5a8643c)[0m [36mreq[0m=[35m74cc3df7[0m
[2m08:22:27[0m [[32m[1minfo     [0m] [1mshared_memory_metrics agent=transcript_analyzer facts_kept=5 facts_total=8 hypotheses=0 relations=0 approx_tokens=1334 query_chars=450[0m [36mreq[0m=[35m74cc3df7[0m
[2m08:22:32[0m [[32m[1minfo     [0m] [1mGetting challenge status: id=8b7a95ab-0dd1-47af-8c81-2ec1d70cf2ca[0m [36mreq[0m=[35m7577b6fb[0m
[2m08:22:32[0m [[32m[1minfo     [0m] [1mrequest_finished                        [0m [36mduration[0m=[35m0.014[0m [36mmethod[0m=[35mGET[0m [36mpath[0m=[35m/api/v1/challenges/8b7a95ab-0dd1-47af-8c81-2ec1d70cf2ca[0m [36mreq[0m=[35m7577b6fb[0m [36mrequest_id[0m=[35m7577b6fb-e0d7-425a-908a-43c2b000501d[0m [36mstatus[0m=[35m200[0m
[2m08:22:33[0m [[32m[1minfo     [0m] [1mAgent transcript_analyzer returned final answer after 0 tool calls[0m [36mreq[0m=[35m74cc3df7[0m
[2m08:22:34[0m [[32m[1minfo     [0m] [1mAgent transcript_analyzer completed     [0m [36mreq[0m=[35m74cc3df7[0m
[2m08:22:34[0m [[32m[1minfo     [0m] [1mWave 1 agent 'transcript_analyzer' completed: success=True, skipped=False, result_len=2010[0m [36mreq[0m=[35m74cc3df7[0m
[2m08:22:34[0m [[32m[1minfo     [0m] [1mExecuting wave 2/5: ['2c860d4d-d78f-42c4-80b2-3356f4d2fdad'][0m [36mreq[0m=[35m74cc3df7[0m
[2m08:22:34[0m [[32m[1minfo     [0m] [1mExecuting agent: context_retriever (2c860d4d-d78f-42c4-80b2-3356f4d2fdad)[0m [36mreq[0m=[35m74cc3df7[0m
[2m08:22:35[0m [[32m[1minfo     [0m] [1mTool call 1/15: skill_execute_sql_queries_to_retrieve_project_and_construction_data[0m [36mreq[0m=[35m74cc3df7[0m
[2m08:22:35[0m [[32m[1minfo     [0m] [1mStarting sandbox execution: pip=['psycopg2-binary'], apt=['libpq-dev'], input_files=[][0m [36mreq[0m=[35m74cc3df7[0m
[2m08:22:35[0m [[32m[1minfo     [0m] [1mFound cached image: lumari-sandbox:custom-c3a5332b (usage=4)[0m [36mreq[0m=[35m74cc3df7[0m
[2m08:22:35[0m [[32m[1minfo     [0m] [1mUsing cached image: lumari-sandbox:custom-c3a5332b[0m [36mreq[0m=[35m74cc3df7[0m
[2m08:22:35[0m [[32m[1minfo     [0m] [1mSandbox execution complete: success=True, time=451ms, cached=True[0m [36mreq[0m=[35m74cc3df7[0m
[2m08:22:42[0m [[32m[1minfo     [0m] [1mGetting challenge status: id=8b7a95ab-0dd1-47af-8c81-2ec1d70cf2ca[0m [36mreq[0m=[35md08a1f4d[0m
[2m08:22:42[0m [[32m[1minfo     [0m] [1mrequest_finished                        [0m [36mduration[0m=[35m0.015[0m [36mmethod[0m=[35mGET[0m [36mpath[0m=[35m/api/v1/challenges/8b7a95ab-0dd1-47af-8c81-2ec1d70cf2ca[0m [36mreq[0m=[35md08a1f4d[0m [36mrequest_id[0m=[35md08a1f4d-a9a4-4118-af75-02daba1c2bfc[0m [36mstatus[0m=[35m200[0m
[2m08:22:43[0m [[32m[1minfo     [0m] [1mAgent context_retriever returned final answer after 1 tool calls[0m [36mreq[0m=[35m74cc3df7[0m
[2m08:22:43[0m [[32m[1minfo     [0m] [1mAgent context_retriever completed       [0m [36mreq[0m=[35m74cc3df7[0m
[2m08:22:43[0m [[32m[1minfo     [0m] [1mWave 2 agent 'context_retriever' completed: success=True, skipped=False, result_len=893[0m [36mreq[0m=[35m74cc3df7[0m
[2m08:22:43[0m [[32m[1minfo     [0m] [1mExecuting wave 3/5: ['a9dc3547-c07e-42db-adef-e9aed3bdf631'][0m [36mreq[0m=[35m74cc3df7[0m
[2m08:22:43[0m [[32m[1minfo     [0m] [1mExecuting agent: report_generator (a9dc3547-c07e-42db-adef-e9aed3bdf631)[0m [36mreq[0m=[35m74cc3df7[0m
[2m08:22:46[0m [[32m[1minfo     [0m] [1mAgent report_generator returned final answer after 0 tool calls[0m [36mreq[0m=[35m74cc3df7[0m
[2m08:22:46[0m [[32m[1minfo     [0m] [1mAgent report_generator completed        [0m [36mreq[0m=[35m74cc3df7[0m
[2m08:22:46[0m [[32m[1minfo     [0m] [1mWave 3 agent 'report_generator' completed: success=True, skipped=False, result_len=2500[0m [36mreq[0m=[35m74cc3df7[0m
[2m08:22:46[0m [[32m[1minfo     [0m] [1mExecuting wave 4/5: ['96c2b0d9-f739-4773-80ed-faa3aa399cff'][0m [36mreq[0m=[35m74cc3df7[0m
[2m08:22:46[0m [[32m[1minfo     [0m] [1mExecuting agent: quality_validator (96c2b0d9-f739-4773-80ed-faa3aa399cff)[0m [36mreq[0m=[35m74cc3df7[0m
[2m08:22:48[0m [[32m[1minfo     [0m] [1mAgent quality_validator returned final answer after 0 tool calls[0m [36mreq[0m=[35m74cc3df7[0m
[2m08:22:48[0m [[32m[1minfo     [0m] [1mAgent quality_validator completed       [0m [36mreq[0m=[35m74cc3df7[0m
[2m08:22:48[0m [[32m[1minfo     [0m] [1mWave 4 agent 'quality_validator' completed: success=True, skipped=False, result_len=484[0m [36mreq[0m=[35m74cc3df7[0m
[2m08:22:48[0m [[32m[1minfo     [0m] [1mExecuting wave 5/5: ['2f49804d-3909-482a-aa2d-2b09912eb1be'][0m [36mreq[0m=[35m74cc3df7[0m
[2m08:22:48[0m [[32m[1minfo     [0m] [1mExecuting agent: report_finalizer (2f49804d-3909-482a-aa2d-2b09912eb1be)[0m [36mreq[0m=[35m74cc3df7[0m
[2m08:22:52[0m [[32m[1minfo     [0m] [1mAgent report_finalizer returned final answer after 0 tool calls[0m [36mreq[0m=[35m74cc3df7[0m
[2m08:22:52[0m [[32m[1minfo     [0m] [1mAgent report_finalizer completed        [0m [36mreq[0m=[35m74cc3df7[0m
[2m08:22:52[0m [[32m[1minfo     [0m] [1mWave 5 agent 'report_finalizer' completed: success=True, skipped=False, result_len=2978[0m [36mreq[0m=[35m74cc3df7[0m
[2m08:22:52[0m [[32m[1minfo     [0m] [1mGetting challenge status: id=8b7a95ab-0dd1-47af-8c81-2ec1d70cf2ca[0m [36mreq[0m=[35m35916d95[0m
[2m08:22:52[0m [[32m[1minfo     [0m] [1mrequest_finished                        [0m [36mduration[0m=[35m0.02[0m [36mmethod[0m=[35mGET[0m [36mpath[0m=[35m/api/v1/challenges/8b7a95ab-0dd1-47af-8c81-2ec1d70cf2ca[0m [36mreq[0m=[35m35916d95[0m [36mrequest_id[0m=[35m35916d95-0ffd-4520-97ed-a6b99bc7e381[0m [36mstatus[0m=[35m200[0m
[2m08:22:54[0m [[32m[1minfo     [0m] [1mVerification passed (score=0.95)        [0m [36mreq[0m=[35m74cc3df7[0m
[2m08:22:54[0m [[32m[1minfo     [0m] [1mArtifact pool cleared: 5 artifacts discarded[0m [36mreq[0m=[35m74cc3df7[0m
[2m08:22:54[0m [[32m[1minfo     [0m] [1mPersisted 1 facts to shared memory for execution 2427c7d9-90a5-4b59-9958-51e3364947de[0m [36mreq[0m=[35m74cc3df7[0m
[2m08:22:54[0m [[32m[1minfo     [0m] [1mStarting telemetry for agent=75fb97b8..., execution=2427c7d9...[0m [36mreq[0m=[35m74cc3df7[0m
[2m08:22:54[0m [[32m[1minfo     [0m] [1mCreating telemetry record for agent=75fb97b8..., execution=2427c7d9...[0m [36mreq[0m=[35m74cc3df7[0m
[2m08:22:54[0m [[32m[1minfo     [0m] [1mExecution completed: challenge_id=8b7a95ab-0dd1-47af-8c81-2ec1d70cf2ca, success=True[0m [36mreq[0m=[35m74cc3df7[0m
[2m08:22:54[0m [[32m[1minfo     [0m] [1mCreated telemetry record id=24559a1c-2c5f-4cf4-9c93-de2dc5575736[0m [36mreq[0m=[35m74cc3df7[0m
[2m08:22:54[0m [[32m[1minfo     [0m] [1mStarted telemetry id=24559a1c-2c5f-4cf4-9c93-de2dc5575736, input_hash=0ea338b1f089e3ba..., trace_id=None[0m [36mreq[0m=[35m74cc3df7[0m
[2m08:22:54[0m [[32m[1minfo     [0m] [1mCompleting telemetry id=24559a1c-2c5f-4cf4-9c93-de2dc5575736, outcome=success[0m [36mreq[0m=[35m74cc3df7[0m
[2m08:22:54[0m [[32m[1minfo     [0m] [1mUpdating telemetry record id=24559a1c-2c5f-4cf4-9c93-de2dc5575736[0m [36mreq[0m=[35m74cc3df7[0m
[2m08:22:54[0m [[32m[1minfo     [0m] [1mUpdated telemetry record id=24559a1c-2c5f-4cf4-9c93-de2dc5575736, outcome=success[0m [36mreq[0m=[35m74cc3df7[0m
[2m08:22:54[0m [[32m[1minfo     [0m] [1mCompleted telemetry id=24559a1c-2c5f-4cf4-9c93-de2dc5575736, latency=15.32ms, tokens=27733, output_hash=44136fa355b3678a...[0m [36mreq[0m=[35m74cc3df7[0m
[2m08:22:54[0m [[32m[1minfo     [0m] [1mConfigured epicbox profile: image=lumari-sandbox:latest, limits={'cputime': 5, 'realtime': 10, 'memory': 128, 'processes': 1}[0m [36mreq[0m=[35m74cc3df7[0m
[2m08:22:54[0m [[32m[1minfo     [0m] [1mStarting analysis pipeline for execution_id=2427c7d9...[0m [36mreq[0m=[35m74cc3df7[0m
[2m08:22:54[0m [[32m[1minfo     [0m] [1mRetrieved telemetry for agent=75fb97b8..., outcome=success[0m [36mreq[0m=[35m74cc3df7[0m
[2m08:22:54[0m [[32m[1minfo     [0m] [1mRetrieved 3 historical executions for pattern context[0m [36mreq[0m=[35m74cc3df7[0m
[2m08:22:54[0m [[32m[1minfo     [0m] [1mAnalyzing execution_id=2427c7d9...      [0m [36mreq[0m=[35m74cc3df7[0m
[2m08:22:54[0m [[32m[1minfo     [0m] [1mAnalysis complete: 0 findings for execution_id=2427c7d9...[0m [36mreq[0m=[35m74cc3df7[0m
[2m08:22:55[0m [[32m[1minfo     [0m] [1mAnalyzer generated 0 findings: summary='The execution completed successfully with no ident...'[0m [36mreq[0m=[35m74cc3df7[0m
[2m08:22:55[0m [[32m[1minfo     [0m] [1mNo findings generated - pipeline complete[0m [36mreq[0m=[35m74cc3df7[0m
[2m08:23:02[0m [[32m[1minfo     [0m] [1mGetting challenge status: id=8b7a95ab-0dd1-47af-8c81-2ec1d70cf2ca[0m [36mreq[0m=[35md5bf1bdf[0m
[2m08:23:02[0m [[32m[1minfo     [0m] [1mrequest_finished                        [0m [36mduration[0m=[35m0.022[0m [36mmethod[0m=[35mGET[0m [36mpath[0m=[35m/api/v1/challenges/8b7a95ab-0dd1-47af-8c81-2ec1d70cf2ca[0m [36mreq[0m=[35md5bf1bdf[0m [36mrequest_id[0m=[35md5bf1bdf-309b-40d5-ae25-190efeccc687[0m [36mstatus[0m=[35m200[0m
[2m08:23:02[0m [[32m[1minfo     [0m] [1mGetting challenge results: id=8b7a95ab-0dd1-47af-8c81-2ec1d70cf2ca[0m [36mreq[0m=[35m271939c9[0m
[2m08:23:02[0m [[32m[1minfo     [0m] [1mrequest_finished                        [0m [36mduration[0m=[35m0.01[0m [36mmethod[0m=[35mGET[0m [36mpath[0m=[35m/api/v1/challenges/8b7a95ab-0dd1-47af-8c81-2ec1d70cf2ca/results[0m [36mreq[0m=[35m271939c9[0m [36mrequest_id[0m=[35m271939c9-0ed1-408e-9e4b-f8af9e630d8b[0m [36mstatus[0m=[35m200[0m
[2m08:23:05[0m [[32m[1minfo     [0m] [1mFile upload: begehung_maengel_20251022.opus, size=306911, type=audio/opus[0m [36mreq[0m=[35mdb96d2d9[0m
[2m08:23:05[0m [[32m[1minfo     [0m] [1mSaved binary file to: /Users/patrick/Documents/Uni/master_project/backend/app/api/v1/endpoints/../../../uploads/ea13a01a-a944-4d76-ac0e-abbc21eb3f7c.opus[0m [36mreq[0m=[35mdb96d2d9[0m
[2m08:23:05[0m [[32m[1minfo     [0m] [1mAudio transcription skill available: skill_audio_transcription — will transcribe in background[0m [36mreq[0m=[35mdb96d2d9[0m
[2m08:23:05[0m [[32m[1minfo     [0m] [1mFile upload: begehung_maengel_20251022.opus -> challenge_id=e4215c62-2c5d-4db6-a6ee-dbbb1ab985b1, gaps=0, route=execute[0m [36mreq[0m=[35mdb96d2d9[0m
[2m08:23:05[0m [[32m[1minfo     [0m] [1mrequest_finished                        [0m [36mduration[0m=[35m0.047[0m [36mmethod[0m=[35mPOST[0m [36mpath[0m=[35m/api/v1/challenges/upload[0m [36mreq[0m=[35mdb96d2d9[0m [36mrequest_id[0m=[35mdb96d2d9-2562-4193-80cb-df3adfd07cd6[0m [36mstatus[0m=[35m200[0m
[2m08:23:05[0m [[32m[1minfo     [0m] [1mExecuting challenge: id=e4215c62-2c5d-4db6-a6ee-dbbb1ab985b1[0m [36mreq[0m=[35me95ce7a3[0m
[2m08:23:05[0m [[32m[1minfo     [0m] [1mrequest_finished                        [0m [36mduration[0m=[35m0.007[0m [36mmethod[0m=[35mPOST[0m [36mpath[0m=[35m/api/v1/challenges/e4215c62-2c5d-4db6-a6ee-dbbb1ab985b1/execute[0m [36mreq[0m=[35me95ce7a3[0m [36mrequest_id[0m=[35me95ce7a3-ccc9-44bc-af1f-b64e82332491[0m [36mstatus[0m=[35m200[0m
[2m08:23:05[0m [[32m[1minfo     [0m] [1mStarting background execution: challenge_id=e4215c62-2c5d-4db6-a6ee-dbbb1ab985b1[0m [36mreq[0m=[35me95ce7a3[0m
[2m08:23:05[0m [[32m[1minfo     [0m] [1mTranskribiere Audio vor Execution: /Users/patrick/Documents/Uni/master_project/backend/app/api/v1/endpoints/../../../uploads/ea13a01a-a944-4d76-ac0e-abbc21eb3f7c.opus mit Skill skill_audio_transcription[0m [36mreq[0m=[35me95ce7a3[0m
[2m08:23:05[0m [[32m[1minfo     [0m] [1mStarting sandbox execution: pip=['openai-whisper'], apt=['ffmpeg'], input_files=['ea13a01a-a944-4d76-ac0e-abbc21eb3f7c.opus'][0m [36mreq[0m=[35me95ce7a3[0m
[2m08:23:05[0m [[32m[1minfo     [0m] [1mDocker client connected successfully    [0m [36mreq[0m=[35me95ce7a3[0m
[2m08:23:05[0m [[32m[1minfo     [0m] [1mInstalling system packages: ffmpeg      [0m [36mreq[0m=[35me95ce7a3[0m
[2m08:23:15[0m [[32m[1minfo     [0m] [1mGetting challenge status: id=e4215c62-2c5d-4db6-a6ee-dbbb1ab985b1[0m [36mreq[0m=[35m3599f1c2[0m
[2m08:23:15[0m [[32m[1minfo     [0m] [1mrequest_finished                        [0m [36mduration[0m=[35m0.018[0m [36mmethod[0m=[35mGET[0m [36mpath[0m=[35m/api/v1/challenges/e4215c62-2c5d-4db6-a6ee-dbbb1ab985b1[0m [36mreq[0m=[35m3599f1c2[0m [36mrequest_id[0m=[35m3599f1c2-685f-48c0-9136-4a99901899ed[0m [36mstatus[0m=[35m200[0m
[2m08:23:25[0m [[32m[1minfo     [0m] [1mGetting challenge status: id=e4215c62-2c5d-4db6-a6ee-dbbb1ab985b1[0m [36mreq[0m=[35mffca1586[0m
[2m08:23:25[0m [[32m[1minfo     [0m] [1mrequest_finished                        [0m [36mduration[0m=[35m0.006[0m [36mmethod[0m=[35mGET[0m [36mpath[0m=[35m/api/v1/challenges/e4215c62-2c5d-4db6-a6ee-dbbb1ab985b1[0m [36mreq[0m=[35mffca1586[0m [36mrequest_id[0m=[35mffca1586-b7a9-49d0-bbd1-da887a29a79e[0m [36mstatus[0m=[35m200[0m
[2m08:23:35[0m [[32m[1minfo     [0m] [1mGetting challenge status: id=e4215c62-2c5d-4db6-a6ee-dbbb1ab985b1[0m [36mreq[0m=[35m6416d547[0m
[2m08:23:35[0m [[32m[1minfo     [0m] [1mrequest_finished                        [0m [36mduration[0m=[35m0.006[0m [36mmethod[0m=[35mGET[0m [36mpath[0m=[35m/api/v1/challenges/e4215c62-2c5d-4db6-a6ee-dbbb1ab985b1[0m [36mreq[0m=[35m6416d547[0m [36mrequest_id[0m=[35m6416d547-132a-423e-b6d1-176b96fd248b[0m [36mstatus[0m=[35m200[0m
[2m08:23:45[0m [[32m[1minfo     [0m] [1mGetting challenge status: id=e4215c62-2c5d-4db6-a6ee-dbbb1ab985b1[0m [36mreq[0m=[35m35110816[0m
[2m08:23:45[0m [[32m[1minfo     [0m] [1mrequest_finished                        [0m [36mduration[0m=[35m0.019[0m [36mmethod[0m=[35mGET[0m [36mpath[0m=[35m/api/v1/challenges/e4215c62-2c5d-4db6-a6ee-dbbb1ab985b1[0m [36mreq[0m=[35m35110816[0m [36mrequest_id[0m=[35m35110816-7049-4296-823a-c054bd9fec75[0m [36mstatus[0m=[35m200[0m
[2m08:23:50[0m [[32m[1minfo     [0m] [1mSystem packages installed successfully: ffmpeg[0m [36mreq[0m=[35me95ce7a3[0m
[2m08:23:50[0m [[32m[1minfo     [0m] [1mInstalling pip packages: "openai-whisper"[0m [36mreq[0m=[35me95ce7a3[0m
[2m08:23:55[0m [[32m[1minfo     [0m] [1mGetting challenge status: id=e4215c62-2c5d-4db6-a6ee-dbbb1ab985b1[0m [36mreq[0m=[35m488b8e8e[0m
[2m08:23:55[0m [[32m[1minfo     [0m] [1mrequest_finished                        [0m [36mduration[0m=[35m0.013[0m [36mmethod[0m=[35mGET[0m [36mpath[0m=[35m/api/v1/challenges/e4215c62-2c5d-4db6-a6ee-dbbb1ab985b1[0m [36mreq[0m=[35m488b8e8e[0m [36mrequest_id[0m=[35m488b8e8e-fe58-4cf8-94ea-9125393317fa[0m [36mstatus[0m=[35m200[0m
[2m08:24:05[0m [[32m[1minfo     [0m] [1mGetting challenge status: id=e4215c62-2c5d-4db6-a6ee-dbbb1ab985b1[0m [36mreq[0m=[35m0429a897[0m
[2m08:24:05[0m [[32m[1minfo     [0m] [1mrequest_finished                        [0m [36mduration[0m=[35m0.012[0m [36mmethod[0m=[35mGET[0m [36mpath[0m=[35m/api/v1/challenges/e4215c62-2c5d-4db6-a6ee-dbbb1ab985b1[0m [36mreq[0m=[35m0429a897[0m [36mrequest_id[0m=[35m0429a897-8fd1-457e-9369-8f233f41c50b[0m [36mstatus[0m=[35m200[0m
[2m08:24:15[0m [[32m[1minfo     [0m] [1mGetting challenge status: id=e4215c62-2c5d-4db6-a6ee-dbbb1ab985b1[0m [36mreq[0m=[35m78748f6f[0m
[2m08:24:15[0m [[32m[1minfo     [0m] [1mrequest_finished                        [0m [36mduration[0m=[35m0.043[0m [36mmethod[0m=[35mGET[0m [36mpath[0m=[35m/api/v1/challenges/e4215c62-2c5d-4db6-a6ee-dbbb1ab985b1[0m [36mreq[0m=[35m78748f6f[0m [36mrequest_id[0m=[35m78748f6f-e337-483a-aed7-e717a4773631[0m [36mstatus[0m=[35m200[0m
[2m08:24:25[0m [[32m[1minfo     [0m] [1mGetting challenge status: id=e4215c62-2c5d-4db6-a6ee-dbbb1ab985b1[0m [36mreq[0m=[35m049263db[0m
[2m08:24:25[0m [[32m[1minfo     [0m] [1mrequest_finished                        [0m [36mduration[0m=[35m0.012[0m [36mmethod[0m=[35mGET[0m [36mpath[0m=[35m/api/v1/challenges/e4215c62-2c5d-4db6-a6ee-dbbb1ab985b1[0m [36mreq[0m=[35m049263db[0m [36mrequest_id[0m=[35m049263db-756b-4f0c-8b84-aa70bda9b834[0m [36mstatus[0m=[35m200[0m
[2m08:24:35[0m [[32m[1minfo     [0m] [1mGetting challenge status: id=e4215c62-2c5d-4db6-a6ee-dbbb1ab985b1[0m [36mreq[0m=[35m73f72d61[0m
[2m08:24:35[0m [[32m[1minfo     [0m] [1mrequest_finished                        [0m [36mduration[0m=[35m0.034[0m [36mmethod[0m=[35mGET[0m [36mpath[0m=[35m/api/v1/challenges/e4215c62-2c5d-4db6-a6ee-dbbb1ab985b1[0m [36mreq[0m=[35m73f72d61[0m [36mrequest_id[0m=[35m73f72d61-1382-4fb4-a77f-c76f61fbad6b[0m [36mstatus[0m=[35m200[0m
[2m08:24:45[0m [[32m[1minfo     [0m] [1mGetting challenge status: id=e4215c62-2c5d-4db6-a6ee-dbbb1ab985b1[0m [36mreq[0m=[35mc324b9c7[0m
[2m08:24:45[0m [[32m[1minfo     [0m] [1mrequest_finished                        [0m [36mduration[0m=[35m0.017[0m [36mmethod[0m=[35mGET[0m [36mpath[0m=[35m/api/v1/challenges/e4215c62-2c5d-4db6-a6ee-dbbb1ab985b1[0m [36mreq[0m=[35mc324b9c7[0m [36mrequest_id[0m=[35mc324b9c7-ef4f-44b4-8300-b85a102b59e0[0m [36mstatus[0m=[35m200[0m
[2m08:24:53[0m [[32m[1minfo     [0m] [1mPip packages installed successfully     [0m [36mreq[0m=[35me95ce7a3[0m
[2m08:24:55[0m [[32m[1minfo     [0m] [1mGetting challenge status: id=e4215c62-2c5d-4db6-a6ee-dbbb1ab985b1[0m [36mreq[0m=[35mb8cb270f[0m
[2m08:24:55[0m [[32m[1minfo     [0m] [1mrequest_finished                        [0m [36mduration[0m=[35m0.012[0m [36mmethod[0m=[35mGET[0m [36mpath[0m=[35m/api/v1/challenges/e4215c62-2c5d-4db6-a6ee-dbbb1ab985b1[0m [36mreq[0m=[35mb8cb270f[0m [36mrequest_id[0m=[35mb8cb270f-4e7d-4980-afba-19d50f3569e4[0m [36mstatus[0m=[35m200[0m
[2m08:25:05[0m [[32m[1minfo     [0m] [1mGetting challenge status: id=e4215c62-2c5d-4db6-a6ee-dbbb1ab985b1[0m [36mreq[0m=[35m1630efe3[0m
[2m08:25:05[0m [[32m[1minfo     [0m] [1mrequest_finished                        [0m [36mduration[0m=[35m0.006[0m [36mmethod[0m=[35mGET[0m [36mpath[0m=[35m/api/v1/challenges/e4215c62-2c5d-4db6-a6ee-dbbb1ab985b1[0m [36mreq[0m=[35m1630efe3[0m [36mrequest_id[0m=[35m1630efe3-e664-4670-b266-469f05eae0c7[0m [36mstatus[0m=[35m200[0m
[2m08:25:15[0m [[32m[1minfo     [0m] [1mGetting challenge status: id=e4215c62-2c5d-4db6-a6ee-dbbb1ab985b1[0m [36mreq[0m=[35m6fe85f72[0m
[2m08:25:15[0m [[32m[1minfo     [0m] [1mrequest_finished                        [0m [36mduration[0m=[35m0.008[0m [36mmethod[0m=[35mGET[0m [36mpath[0m=[35m/api/v1/challenges/e4215c62-2c5d-4db6-a6ee-dbbb1ab985b1[0m [36mreq[0m=[35m6fe85f72[0m [36mrequest_id[0m=[35m6fe85f72-0c14-48a9-9e75-0d3920a5931b[0m [36mstatus[0m=[35m200[0m
[2m08:25:25[0m [[32m[1minfo     [0m] [1mGetting challenge status: id=e4215c62-2c5d-4db6-a6ee-dbbb1ab985b1[0m [36mreq[0m=[35m7ce13c67[0m
[2m08:25:25[0m [[32m[1minfo     [0m] [1mrequest_finished                        [0m [36mduration[0m=[35m0.01[0m [36mmethod[0m=[35mGET[0m [36mpath[0m=[35m/api/v1/challenges/e4215c62-2c5d-4db6-a6ee-dbbb1ab985b1[0m [36mreq[0m=[35m7ce13c67[0m [36mrequest_id[0m=[35m7ce13c67-539d-455a-9615-5309e385bc70[0m [36mstatus[0m=[35m200[0m
[2m08:25:35[0m [[32m[1minfo     [0m] [1mGetting challenge status: id=e4215c62-2c5d-4db6-a6ee-dbbb1ab985b1[0m [36mreq[0m=[35mbc4ef43b[0m
[2m08:25:35[0m [[32m[1minfo     [0m] [1mrequest_finished                        [0m [36mduration[0m=[35m0.012[0m [36mmethod[0m=[35mGET[0m [36mpath[0m=[35m/api/v1/challenges/e4215c62-2c5d-4db6-a6ee-dbbb1ab985b1[0m [36mreq[0m=[35mbc4ef43b[0m [36mrequest_id[0m=[35mbc4ef43b-d346-4995-9deb-eda5a2aabaa0[0m [36mstatus[0m=[35m200[0m
[2m08:25:45[0m [[32m[1minfo     [0m] [1mGetting challenge status: id=e4215c62-2c5d-4db6-a6ee-dbbb1ab985b1[0m [36mreq[0m=[35m3ac7cc73[0m
[2m08:25:45[0m [[32m[1minfo     [0m] [1mrequest_finished                        [0m [36mduration[0m=[35m0.021[0m [36mmethod[0m=[35mGET[0m [36mpath[0m=[35m/api/v1/challenges/e4215c62-2c5d-4db6-a6ee-dbbb1ab985b1[0m [36mreq[0m=[35m3ac7cc73[0m [36mrequest_id[0m=[35m3ac7cc73-033c-4fda-9913-e5645e9b2331[0m [36mstatus[0m=[35m200[0m
[2m08:25:55[0m [[32m[1minfo     [0m] [1mGetting challenge status: id=e4215c62-2c5d-4db6-a6ee-dbbb1ab985b1[0m [36mreq[0m=[35mf1b7e720[0m
[2m08:25:55[0m [[32m[1minfo     [0m] [1mrequest_finished                        [0m [36mduration[0m=[35m0.007[0m [36mmethod[0m=[35mGET[0m [36mpath[0m=[35m/api/v1/challenges/e4215c62-2c5d-4db6-a6ee-dbbb1ab985b1[0m [36mreq[0m=[35mf1b7e720[0m [36mrequest_id[0m=[35mf1b7e720-9a54-4dbe-8beb-13b142441bbd[0m [36mstatus[0m=[35m200[0m
[2m08:26:05[0m [[32m[1minfo     [0m] [1mGetting challenge status: id=e4215c62-2c5d-4db6-a6ee-dbbb1ab985b1[0m [36mreq[0m=[35m6f581d77[0m
[2m08:26:05[0m [[32m[1minfo     [0m] [1mrequest_finished                        [0m [36mduration[0m=[35m0.008[0m [36mmethod[0m=[35mGET[0m [36mpath[0m=[35m/api/v1/challenges/e4215c62-2c5d-4db6-a6ee-dbbb1ab985b1[0m [36mreq[0m=[35m6f581d77[0m [36mrequest_id[0m=[35m6f581d77-77f9-42f3-b355-33e66bc60a51[0m [36mstatus[0m=[35m200[0m
[2m08:26:15[0m [[32m[1minfo     [0m] [1mGetting challenge status: id=e4215c62-2c5d-4db6-a6ee-dbbb1ab985b1[0m [36mreq[0m=[35m09362581[0m
[2m08:26:15[0m [[32m[1minfo     [0m] [1mrequest_finished                        [0m [36mduration[0m=[35m0.01[0m [36mmethod[0m=[35mGET[0m [36mpath[0m=[35m/api/v1/challenges/e4215c62-2c5d-4db6-a6ee-dbbb1ab985b1[0m [36mreq[0m=[35m09362581[0m [36mrequest_id[0m=[35m09362581-18bc-4983-9026-eaa44c817597[0m [36mstatus[0m=[35m200[0m
[2m08:26:25[0m [[32m[1minfo     [0m] [1mGetting challenge status: id=e4215c62-2c5d-4db6-a6ee-dbbb1ab985b1[0m [36mreq[0m=[35maf22a007[0m
[2m08:26:25[0m [[32m[1minfo     [0m] [1mrequest_finished                        [0m [36mduration[0m=[35m0.013[0m [36mmethod[0m=[35mGET[0m [36mpath[0m=[35m/api/v1/challenges/e4215c62-2c5d-4db6-a6ee-dbbb1ab985b1[0m [36mreq[0m=[35maf22a007[0m [36mrequest_id[0m=[35maf22a007-3d81-4c78-ad7b-01176d54cd1d[0m [36mstatus[0m=[35m200[0m
[2m08:26:35[0m [[32m[1minfo     [0m] [1mGetting challenge status: id=e4215c62-2c5d-4db6-a6ee-dbbb1ab985b1[0m [36mreq[0m=[35m341a2cd5[0m
[2m08:26:35[0m [[32m[1minfo     [0m] [1mrequest_finished                        [0m [36mduration[0m=[35m0.008[0m [36mmethod[0m=[35mGET[0m [36mpath[0m=[35m/api/v1/challenges/e4215c62-2c5d-4db6-a6ee-dbbb1ab985b1[0m [36mreq[0m=[35m341a2cd5[0m [36mrequest_id[0m=[35m341a2cd5-cded-46de-a058-411f5179136f[0m [36mstatus[0m=[35m200[0m
[2m08:26:45[0m [[32m[1minfo     [0m] [1mGetting challenge status: id=e4215c62-2c5d-4db6-a6ee-dbbb1ab985b1[0m [36mreq[0m=[35mfbf751fb[0m
[2m08:26:45[0m [[32m[1minfo     [0m] [1mrequest_finished                        [0m [36mduration[0m=[35m0.008[0m [36mmethod[0m=[35mGET[0m [36mpath[0m=[35m/api/v1/challenges/e4215c62-2c5d-4db6-a6ee-dbbb1ab985b1[0m [36mreq[0m=[35mfbf751fb[0m [36mrequest_id[0m=[35mfbf751fb-0008-45bf-ae11-b50df5773ced[0m [36mstatus[0m=[35m200[0m
[2m08:26:55[0m [[32m[1minfo     [0m] [1mGetting challenge status: id=e4215c62-2c5d-4db6-a6ee-dbbb1ab985b1[0m [36mreq[0m=[35md71b60df[0m
[2m08:26:55[0m [[32m[1minfo     [0m] [1mrequest_finished                        [0m [36mduration[0m=[35m0.009[0m [36mmethod[0m=[35mGET[0m [36mpath[0m=[35m/api/v1/challenges/e4215c62-2c5d-4db6-a6ee-dbbb1ab985b1[0m [36mreq[0m=[35md71b60df[0m [36mrequest_id[0m=[35md71b60df-c832-4fe8-a78b-0b6eb45eff4f[0m [36mstatus[0m=[35m200[0m
[2m08:27:05[0m [[32m[1minfo     [0m] [1mGetting challenge status: id=e4215c62-2c5d-4db6-a6ee-dbbb1ab985b1[0m [36mreq[0m=[35m9b033d3f[0m
[2m08:27:05[0m [[32m[1minfo     [0m] [1mrequest_finished                        [0m [36mduration[0m=[35m0.009[0m [36mmethod[0m=[35mGET[0m [36mpath[0m=[35m/api/v1/challenges/e4215c62-2c5d-4db6-a6ee-dbbb1ab985b1[0m [36mreq[0m=[35m9b033d3f[0m [36mrequest_id[0m=[35m9b033d3f-3921-4e00-a14f-191504b2b956[0m [36mstatus[0m=[35m200[0m
[2m08:27:15[0m [[32m[1minfo     [0m] [1mGetting challenge status: id=e4215c62-2c5d-4db6-a6ee-dbbb1ab985b1[0m [36mreq[0m=[35m34dd22ad[0m
[2m08:27:15[0m [[32m[1minfo     [0m] [1mrequest_finished                        [0m [36mduration[0m=[35m0.014[0m [36mmethod[0m=[35mGET[0m [36mpath[0m=[35m/api/v1/challenges/e4215c62-2c5d-4db6-a6ee-dbbb1ab985b1[0m [36mreq[0m=[35m34dd22ad[0m [36mrequest_id[0m=[35m34dd22ad-e876-4e40-92fa-53ea9f112b80[0m [36mstatus[0m=[35m200[0m
[2m08:27:25[0m [[32m[1minfo     [0m] [1mGetting challenge status: id=e4215c62-2c5d-4db6-a6ee-dbbb1ab985b1[0m [36mreq[0m=[35m30749ef5[0m
[2m08:27:25[0m [[32m[1minfo     [0m] [1mrequest_finished                        [0m [36mduration[0m=[35m0.009[0m [36mmethod[0m=[35mGET[0m [36mpath[0m=[35m/api/v1/challenges/e4215c62-2c5d-4db6-a6ee-dbbb1ab985b1[0m [36mreq[0m=[35m30749ef5[0m [36mrequest_id[0m=[35m30749ef5-ef74-40a4-b7f3-75d35531f07c[0m [36mstatus[0m=[35m200[0m
[2m08:27:35[0m [[32m[1minfo     [0m] [1mGetting challenge status: id=e4215c62-2c5d-4db6-a6ee-dbbb1ab985b1[0m [36mreq[0m=[35m5ecb9610[0m
[2m08:27:35[0m [[32m[1minfo     [0m] [1mrequest_finished                        [0m [36mduration[0m=[35m0.007[0m [36mmethod[0m=[35mGET[0m [36mpath[0m=[35m/api/v1/challenges/e4215c62-2c5d-4db6-a6ee-dbbb1ab985b1[0m [36mreq[0m=[35m5ecb9610[0m [36mrequest_id[0m=[35m5ecb9610-86e8-41a7-96ef-11cdd055b541[0m [36mstatus[0m=[35m200[0m
[2m08:27:45[0m [[32m[1minfo     [0m] [1mGetting challenge status: id=e4215c62-2c5d-4db6-a6ee-dbbb1ab985b1[0m [36mreq[0m=[35maf6ec42c[0m
[2m08:27:45[0m [[32m[1minfo     [0m] [1mrequest_finished                        [0m [36mduration[0m=[35m0.008[0m [36mmethod[0m=[35mGET[0m [36mpath[0m=[35m/api/v1/challenges/e4215c62-2c5d-4db6-a6ee-dbbb1ab985b1[0m [36mreq[0m=[35maf6ec42c[0m [36mrequest_id[0m=[35maf6ec42c-a30e-437e-9041-75aa3a9a003f[0m [36mstatus[0m=[35m200[0m
[2m08:27:55[0m [[32m[1minfo     [0m] [1mGetting challenge status: id=e4215c62-2c5d-4db6-a6ee-dbbb1ab985b1[0m [36mreq[0m=[35m3eadc4c1[0m
[2m08:27:55[0m [[32m[1minfo     [0m] [1mrequest_finished                        [0m [36mduration[0m=[35m0.012[0m [36mmethod[0m=[35mGET[0m [36mpath[0m=[35m/api/v1/challenges/e4215c62-2c5d-4db6-a6ee-dbbb1ab985b1[0m [36mreq[0m=[35m3eadc4c1[0m [36mrequest_id[0m=[35m3eadc4c1-bd06-49ab-b83b-fa7355c598a6[0m [36mstatus[0m=[35m200[0m
[2m08:28:05[0m [[32m[1minfo     [0m] [1mGetting challenge status: id=e4215c62-2c5d-4db6-a6ee-dbbb1ab985b1[0m [36mreq[0m=[35m9bc9c4ee[0m
[2m08:28:06[0m [[32m[1minfo     [0m] [1mrequest_finished                        [0m [36mduration[0m=[35m0.017[0m [36mmethod[0m=[35mGET[0m [36mpath[0m=[35m/api/v1/challenges/e4215c62-2c5d-4db6-a6ee-dbbb1ab985b1[0m [36mreq[0m=[35m9bc9c4ee[0m [36mrequest_id[0m=[35m9bc9c4ee-b65a-4080-a29a-5b440e26095a[0m [36mstatus[0m=[35m200[0m
[2m08:28:16[0m [[32m[1minfo     [0m] [1mGetting challenge status: id=e4215c62-2c5d-4db6-a6ee-dbbb1ab985b1[0m [36mreq[0m=[35m85e9ca4d[0m
[2m08:28:16[0m [[32m[1minfo     [0m] [1mrequest_finished                        [0m [36mduration[0m=[35m0.009[0m [36mmethod[0m=[35mGET[0m [36mpath[0m=[35m/api/v1/challenges/e4215c62-2c5d-4db6-a6ee-dbbb1ab985b1[0m [36mreq[0m=[35m85e9ca4d[0m [36mrequest_id[0m=[35m85e9ca4d-941c-45da-8ea2-4a8560fa67a5[0m [36mstatus[0m=[35m200[0m
[2m08:28:23[0m [[32m[1minfo     [0m] [1mSandbox execution complete: success=True, time=317962ms, cached=False[0m [36mreq[0m=[35me95ce7a3[0m
[2m08:28:26[0m [[32m[1minfo     [0m] [1mGetting challenge status: id=e4215c62-2c5d-4db6-a6ee-dbbb1ab985b1[0m [36mreq[0m=[35m3b47d5e5[0m
[2m08:28:26[0m [[32m[1minfo     [0m] [1mrequest_finished                        [0m [36mduration[0m=[35m0.017[0m [36mmethod[0m=[35mGET[0m [36mpath[0m=[35m/api/v1/challenges/e4215c62-2c5d-4db6-a6ee-dbbb1ab985b1[0m [36mreq[0m=[35m3b47d5e5[0m [36mrequest_id[0m=[35m3b47d5e5-91a4-4491-b160-18798029f0e1[0m [36mstatus[0m=[35m200[0m
[2m08:28:29[0m [[32m[1minfo     [0m] [1mTranskription erfolgreich: 1701 Zeichen [0m [36mreq[0m=[35me95ce7a3[0m
[2m08:28:29[0m [[32m[1minfo     [0m] [1mLoading topology from database...       [0m [36mreq[0m=[35me95ce7a3[0m
[2m08:28:29[0m [[32m[1minfo     [0m] [1mMapped 9 skill entries to 9 capabilities[0m [36mreq[0m=[35me95ce7a3[0m
[2m08:28:29[0m [[32m[1minfo     [0m] [1mTopology validated: 11 agents in 5 waves[0m [36mreq[0m=[35me95ce7a3[0m
[2m08:28:29[0m [[32m[1minfo     [0m] [1mLoaded 9 skills for topology            [0m [36mreq[0m=[35me95ce7a3[0m
[2m08:28:29[0m [[32m[1minfo     [0m] [1mTopology loaded: 11 agents, 5 waves     [0m [36mreq[0m=[35me95ce7a3[0m
[2m08:28:29[0m [[32m[1minfo     [0m] [1mShared memory initialized with Qdrant   [0m [36mreq[0m=[35me95ce7a3[0m
[2m08:28:29[0m [[32m[1minfo     [0m] [1mHybridOrchestrator initialized          [0m [36mreq[0m=[35me95ce7a3[0m
[2m08:28:29[0m [[32m[1minfo     [0m] [1mStarting execution: d07365c1-05d1-451c-b5ea-6d1428f7bf4d[0m [36mreq[0m=[35me95ce7a3[0m
[2m08:28:32[0m [[32m[1minfo     [0m] [1mTeam assembled: 5 agents, strategy='1. Analyse des Transkripts -> 2. Kontextuelle Anreicherung -> 3. Generierung des Entwurfs -> 4. Validierung gegen das Transkript -> 5. Finalisierung des Berichts.', 5 waves[0m [36mreq[0m=[35me95ce7a3[0m
[2m08:28:32[0m [[32m[1minfo     [0m] [1mMapped 9 skill entries to 9 capabilities[0m [36mreq[0m=[35me95ce7a3[0m
[2m08:28:32[0m [[32m[1minfo     [0m] [1mTopology validated: 5 agents in 5 waves [0m [36mreq[0m=[35me95ce7a3[0m
[2m08:28:32[0m [[32m[1minfo     [0m] [1mLoaded 9 skills for topology            [0m [36mreq[0m=[35me95ce7a3[0m
[2m08:28:32[0m [[32m[1minfo     [0m] [1mDocker client connected successfully    [0m [36mreq[0m=[35me95ce7a3[0m
[2m08:28:32[0m [[32m[1minfo     [0m] [1mCreated DynamicSandbox executor (Docker-based, unrestricted)[0m [36mreq[0m=[35me95ce7a3[0m
[2m08:28:32[0m [[32m[1minfo     [0m] [1mLoading topology from database...       [0m [36mreq[0m=[35me95ce7a3[0m
[2m08:28:32[0m [[32m[1minfo     [0m] [1mMapped 9 skill entries to 9 capabilities[0m [36mreq[0m=[35me95ce7a3[0m
[2m08:28:32[0m [[32m[1minfo     [0m] [1mTopology validated: 11 agents in 5 waves[0m [36mreq[0m=[35me95ce7a3[0m
[2m08:28:32[0m [[32m[1minfo     [0m] [1mLoaded 9 skills for topology            [0m [36mreq[0m=[35me95ce7a3[0m
[2m08:28:32[0m [[32m[1minfo     [0m] [1mTopology loaded: 11 agents, 5 waves     [0m [36mreq[0m=[35me95ce7a3[0m
[2m08:28:32[0m [[32m[1minfo     [0m] [1mRuntimeAgentRegistry initialized with max_concurrent=5[0m [36mreq[0m=[35me95ce7a3[0m
[2m08:28:32[0m [[32m[1minfo     [0m] [1mExecuting wave 1/5: ['75fb97b8-e608-47c7-a3c2-dcecf5a8643c'][0m [36mreq[0m=[35me95ce7a3[0m
[2m08:28:32[0m [[32m[1minfo     [0m] [1mExecuting agent: transcript_analyzer (75fb97b8-e608-47c7-a3c2-dcecf5a8643c)[0m [36mreq[0m=[35me95ce7a3[0m
[2m08:28:32[0m [[32m[1minfo     [0m] [1mshared_memory_metrics agent=transcript_analyzer facts_kept=5 facts_total=8 hypotheses=0 relations=0 approx_tokens=1334 query_chars=450[0m [36mreq[0m=[35me95ce7a3[0m
[2m08:28:36[0m [[32m[1minfo     [0m] [1mGetting challenge status: id=e4215c62-2c5d-4db6-a6ee-dbbb1ab985b1[0m [36mreq[0m=[35m54b8c70e[0m
[2m08:28:36[0m [[32m[1minfo     [0m] [1mrequest_finished                        [0m [36mduration[0m=[35m0.012[0m [36mmethod[0m=[35mGET[0m [36mpath[0m=[35m/api/v1/challenges/e4215c62-2c5d-4db6-a6ee-dbbb1ab985b1[0m [36mreq[0m=[35m54b8c70e[0m [36mrequest_id[0m=[35m54b8c70e-d1f0-43b2-8d99-97cfac9cbe11[0m [36mstatus[0m=[35m200[0m
[2m08:28:38[0m [[32m[1minfo     [0m] [1mAgent transcript_analyzer returned final answer after 0 tool calls[0m [36mreq[0m=[35me95ce7a3[0m
[2m08:28:38[0m [[32m[1minfo     [0m] [1mAgent transcript_analyzer completed     [0m [36mreq[0m=[35me95ce7a3[0m
[2m08:28:38[0m [[32m[1minfo     [0m] [1mWave 1 agent 'transcript_analyzer' completed: success=True, skipped=False, result_len=1946[0m [36mreq[0m=[35me95ce7a3[0m
[2m08:28:38[0m [[32m[1minfo     [0m] [1mExecuting wave 2/5: ['2c860d4d-d78f-42c4-80b2-3356f4d2fdad'][0m [36mreq[0m=[35me95ce7a3[0m
[2m08:28:38[0m [[32m[1minfo     [0m] [1mExecuting agent: context_retriever (2c860d4d-d78f-42c4-80b2-3356f4d2fdad)[0m [36mreq[0m=[35me95ce7a3[0m
[2m08:28:39[0m [[32m[1minfo     [0m] [1mTool call 1/15: skill_execute_sql_queries_to_retrieve_project_and_construction_data[0m [36mreq[0m=[35me95ce7a3[0m
[2m08:28:39[0m [[32m[1minfo     [0m] [1mStarting sandbox execution: pip=['psycopg2-binary'], apt=['libpq-dev'], input_files=[][0m [36mreq[0m=[35me95ce7a3[0m
[2m08:28:39[0m [[32m[1minfo     [0m] [1mFound cached image: lumari-sandbox:custom-c3a5332b (usage=5)[0m [36mreq[0m=[35me95ce7a3[0m
[2m08:28:39[0m [[32m[1minfo     [0m] [1mUsing cached image: lumari-sandbox:custom-c3a5332b[0m [36mreq[0m=[35me95ce7a3[0m
[2m08:28:40[0m [[32m[1minfo     [0m] [1mSandbox execution complete: success=True, time=413ms, cached=True[0m [36mreq[0m=[35me95ce7a3[0m
[2m08:28:46[0m [[32m[1minfo     [0m] [1mGetting challenge status: id=e4215c62-2c5d-4db6-a6ee-dbbb1ab985b1[0m [36mreq[0m=[35m0c512d1e[0m
[2m08:28:46[0m [[32m[1minfo     [0m] [1mrequest_finished                        [0m [36mduration[0m=[35m0.014[0m [36mmethod[0m=[35mGET[0m [36mpath[0m=[35m/api/v1/challenges/e4215c62-2c5d-4db6-a6ee-dbbb1ab985b1[0m [36mreq[0m=[35m0c512d1e[0m [36mrequest_id[0m=[35m0c512d1e-b290-4755-824e-52280b5cfe60[0m [36mstatus[0m=[35m200[0m
[2m08:28:47[0m [[32m[1minfo     [0m] [1mTool call 2/15: skill_output_ist_rein_theoretisch_/_beschreibend[0m [36mreq[0m=[35me95ce7a3[0m
[2m08:28:47[0m [[32m[1minfo     [0m] [1mStarting sandbox execution: pip=[], apt=[], input_files=[][0m [36mreq[0m=[35me95ce7a3[0m
[2m08:28:47[0m [[32m[1minfo     [0m] [1mSandbox execution complete: success=True, time=386ms, cached=False[0m [36mreq[0m=[35me95ce7a3[0m
[2m08:28:56[0m [[32m[1minfo     [0m] [1mGetting challenge status: id=e4215c62-2c5d-4db6-a6ee-dbbb1ab985b1[0m [36mreq[0m=[35m16b0838a[0m
[2m08:28:56[0m [[32m[1minfo     [0m] [1mrequest_finished                        [0m [36mduration[0m=[35m0.011[0m [36mmethod[0m=[35mGET[0m [36mpath[0m=[35m/api/v1/challenges/e4215c62-2c5d-4db6-a6ee-dbbb1ab985b1[0m [36mreq[0m=[35m16b0838a[0m [36mrequest_id[0m=[35m16b0838a-34e5-4102-9c4e-6b44fbf0b0b5[0m [36mstatus[0m=[35m200[0m
[2m08:28:56[0m [[32m[1minfo     [0m] [1mAgent context_retriever returned final answer after 2 tool calls[0m [36mreq[0m=[35me95ce7a3[0m
[2m08:28:56[0m [[32m[1minfo     [0m] [1mAgent context_retriever completed       [0m [36mreq[0m=[35me95ce7a3[0m
[2m08:28:56[0m [[32m[1minfo     [0m] [1mWave 2 agent 'context_retriever' completed: success=True, skipped=False, result_len=931[0m [36mreq[0m=[35me95ce7a3[0m
[2m08:28:56[0m [[32m[1minfo     [0m] [1mExecuting wave 3/5: ['a9dc3547-c07e-42db-adef-e9aed3bdf631'][0m [36mreq[0m=[35me95ce7a3[0m
[2m08:28:56[0m [[32m[1minfo     [0m] [1mExecuting agent: report_generator (a9dc3547-c07e-42db-adef-e9aed3bdf631)[0m [36mreq[0m=[35me95ce7a3[0m
[2m08:28:59[0m [[32m[1minfo     [0m] [1mAgent report_generator returned final answer after 0 tool calls[0m [36mreq[0m=[35me95ce7a3[0m
[2m08:29:00[0m [[32m[1minfo     [0m] [1mAgent report_generator completed        [0m [36mreq[0m=[35me95ce7a3[0m
[2m08:29:00[0m [[32m[1minfo     [0m] [1mWave 3 agent 'report_generator' completed: success=True, skipped=False, result_len=2186[0m [36mreq[0m=[35me95ce7a3[0m
[2m08:29:00[0m [[32m[1minfo     [0m] [1mExecuting wave 4/5: ['96c2b0d9-f739-4773-80ed-faa3aa399cff'][0m [36mreq[0m=[35me95ce7a3[0m
[2m08:29:00[0m [[32m[1minfo     [0m] [1mExecuting agent: quality_validator (96c2b0d9-f739-4773-80ed-faa3aa399cff)[0m [36mreq[0m=[35me95ce7a3[0m
[2m08:29:01[0m [[32m[1minfo     [0m] [1mAgent quality_validator returned final answer after 0 tool calls[0m [36mreq[0m=[35me95ce7a3[0m
[2m08:29:01[0m [[32m[1minfo     [0m] [1mAgent quality_validator completed       [0m [36mreq[0m=[35me95ce7a3[0m
[2m08:29:01[0m [[32m[1minfo     [0m] [1mWave 4 agent 'quality_validator' completed: success=True, skipped=False, result_len=647[0m [36mreq[0m=[35me95ce7a3[0m
[2m08:29:01[0m [[32m[1minfo     [0m] [1mExecuting wave 5/5: ['2f49804d-3909-482a-aa2d-2b09912eb1be'][0m [36mreq[0m=[35me95ce7a3[0m
[2m08:29:01[0m [[32m[1minfo     [0m] [1mExecuting agent: report_finalizer (2f49804d-3909-482a-aa2d-2b09912eb1be)[0m [36mreq[0m=[35me95ce7a3[0m
[2m08:29:04[0m [[32m[1minfo     [0m] [1mAgent report_finalizer returned final answer after 0 tool calls[0m [36mreq[0m=[35me95ce7a3[0m
[2m08:29:05[0m [[32m[1minfo     [0m] [1mAgent report_finalizer completed        [0m [36mreq[0m=[35me95ce7a3[0m
[2m08:29:05[0m [[32m[1minfo     [0m] [1mWave 5 agent 'report_finalizer' completed: success=True, skipped=False, result_len=2922[0m [36mreq[0m=[35me95ce7a3[0m
[2m08:29:06[0m [[32m[1minfo     [0m] [1mGetting challenge status: id=e4215c62-2c5d-4db6-a6ee-dbbb1ab985b1[0m [36mreq[0m=[35mf95c2978[0m
[2m08:29:06[0m [[32m[1minfo     [0m] [1mrequest_finished                        [0m [36mduration[0m=[35m0.012[0m [36mmethod[0m=[35mGET[0m [36mpath[0m=[35m/api/v1/challenges/e4215c62-2c5d-4db6-a6ee-dbbb1ab985b1[0m [36mreq[0m=[35mf95c2978[0m [36mrequest_id[0m=[35mf95c2978-c009-4f31-a418-4c3e6c863da8[0m [36mstatus[0m=[35m200[0m
[2m08:29:06[0m [[32m[1minfo     [0m] [1mVerification passed (score=0.95)        [0m [36mreq[0m=[35me95ce7a3[0m
[2m08:29:06[0m [[32m[1minfo     [0m] [1mArtifact pool cleared: 5 artifacts discarded[0m [36mreq[0m=[35me95ce7a3[0m
[2m08:29:06[0m [[32m[1minfo     [0m] [1mPersisted 1 facts to shared memory for execution d07365c1-05d1-451c-b5ea-6d1428f7bf4d[0m [36mreq[0m=[35me95ce7a3[0m
[2m08:29:06[0m [[32m[1minfo     [0m] [1mStarting telemetry for agent=75fb97b8..., execution=d07365c1...[0m [36mreq[0m=[35me95ce7a3[0m
[2m08:29:06[0m [[32m[1minfo     [0m] [1mCreating telemetry record for agent=75fb97b8..., execution=d07365c1...[0m [36mreq[0m=[35me95ce7a3[0m
[2m08:29:06[0m [[32m[1minfo     [0m] [1mExecution completed: challenge_id=e4215c62-2c5d-4db6-a6ee-dbbb1ab985b1, success=True[0m [36mreq[0m=[35me95ce7a3[0m
[2m08:29:06[0m [[32m[1minfo     [0m] [1mCreated telemetry record id=77841de6-df26-4340-ab17-16951f212eab[0m [36mreq[0m=[35me95ce7a3[0m
[2m08:29:06[0m [[32m[1minfo     [0m] [1mStarted telemetry id=77841de6-df26-4340-ab17-16951f212eab, input_hash=edae9a989b075231..., trace_id=None[0m [36mreq[0m=[35me95ce7a3[0m
[2m08:29:06[0m [[32m[1minfo     [0m] [1mCompleting telemetry id=77841de6-df26-4340-ab17-16951f212eab, outcome=success[0m [36mreq[0m=[35me95ce7a3[0m
[2m08:29:06[0m [[32m[1minfo     [0m] [1mUpdating telemetry record id=77841de6-df26-4340-ab17-16951f212eab[0m [36mreq[0m=[35me95ce7a3[0m
[2m08:29:06[0m [[32m[1minfo     [0m] [1mUpdated telemetry record id=77841de6-df26-4340-ab17-16951f212eab, outcome=success[0m [36mreq[0m=[35me95ce7a3[0m
[2m08:29:06[0m [[32m[1minfo     [0m] [1mCompleted telemetry id=77841de6-df26-4340-ab17-16951f212eab, latency=8.13ms, tokens=36203, output_hash=44136fa355b3678a...[0m [36mreq[0m=[35me95ce7a3[0m
[2m08:29:06[0m [[32m[1minfo     [0m] [1mConfigured epicbox profile: image=lumari-sandbox:latest, limits={'cputime': 5, 'realtime': 10, 'memory': 128, 'processes': 1}[0m [36mreq[0m=[35me95ce7a3[0m
[2m08:29:06[0m [[32m[1minfo     [0m] [1mStarting analysis pipeline for execution_id=d07365c1...[0m [36mreq[0m=[35me95ce7a3[0m
[2m08:29:06[0m [[32m[1minfo     [0m] [1mRetrieved telemetry for agent=75fb97b8..., outcome=success[0m [36mreq[0m=[35me95ce7a3[0m
[2m08:29:06[0m [[32m[1minfo     [0m] [1mRetrieved 4 historical executions for pattern context[0m [36mreq[0m=[35me95ce7a3[0m
[2m08:29:06[0m [[32m[1minfo     [0m] [1mAnalyzing execution_id=d07365c1...      [0m [36mreq[0m=[35me95ce7a3[0m
[2m08:29:07[0m [[32m[1minfo     [0m] [1mAnalysis complete: 0 findings for execution_id=d07365c1...[0m [36mreq[0m=[35me95ce7a3[0m
[2m08:29:07[0m [[32m[1minfo     [0m] [1mAnalyzer generated 0 findings: summary='The execution completed successfully with no ident...'[0m [36mreq[0m=[35me95ce7a3[0m
[2m08:29:07[0m [[32m[1minfo     [0m] [1mNo findings generated - pipeline complete[0m [36mreq[0m=[35me95ce7a3[0m
[2m08:29:16[0m [[32m[1minfo     [0m] [1mGetting challenge status: id=e4215c62-2c5d-4db6-a6ee-dbbb1ab985b1[0m [36mreq[0m=[35m351bdb85[0m
[2m08:29:16[0m [[32m[1minfo     [0m] [1mrequest_finished                        [0m [36mduration[0m=[35m0.012[0m [36mmethod[0m=[35mGET[0m [36mpath[0m=[35m/api/v1/challenges/e4215c62-2c5d-4db6-a6ee-dbbb1ab985b1[0m [36mreq[0m=[35m351bdb85[0m [36mrequest_id[0m=[35m351bdb85-4aa2-45e0-b339-803ecc6ee464[0m [36mstatus[0m=[35m200[0m
[2m08:29:16[0m [[32m[1minfo     [0m] [1mGetting challenge results: id=e4215c62-2c5d-4db6-a6ee-dbbb1ab985b1[0m [36mreq[0m=[35m7db33e09[0m
[2m08:29:16[0m [[32m[1minfo     [0m] [1mrequest_finished                        [0m [36mduration[0m=[35m0.009[0m [36mmethod[0m=[35mGET[0m [36mpath[0m=[35m/api/v1/challenges/e4215c62-2c5d-4db6-a6ee-dbbb1ab985b1/results[0m [36mreq[0m=[35m7db33e09[0m [36mrequest_id[0m=[35m7db33e09-61a8-41a8-a02e-51b16280e8d7[0m [36mstatus[0m=[35m200[0m
[2m08:29:18[0m [[32m[1minfo     [0m] [1mFile upload: bauleitungssitzung_20251028.opus, size=371346, type=audio/opus[0m [36mreq[0m=[35mc5f8bb1b[0m
[2m08:29:18[0m [[32m[1minfo     [0m] [1mSaved binary file to: /Users/patrick/Documents/Uni/master_project/backend/app/api/v1/endpoints/../../../uploads/47177caa-bfaa-4691-9bdc-0440aae9d35e.opus[0m [36mreq[0m=[35mc5f8bb1b[0m
[2m08:29:18[0m [[32m[1minfo     [0m] [1mAudio transcription skill available: skill_audio_transcription — will transcribe in background[0m [36mreq[0m=[35mc5f8bb1b[0m
[2m08:29:18[0m [[32m[1minfo     [0m] [1mFile upload: bauleitungssitzung_20251028.opus -> challenge_id=db5027af-7b6f-4c89-ba4d-591c2230ed76, gaps=0, route=execute[0m [36mreq[0m=[35mc5f8bb1b[0m
[2m08:29:18[0m [[32m[1minfo     [0m] [1mrequest_finished                        [0m [36mduration[0m=[35m0.043[0m [36mmethod[0m=[35mPOST[0m [36mpath[0m=[35m/api/v1/challenges/upload[0m [36mreq[0m=[35mc5f8bb1b[0m [36mrequest_id[0m=[35mc5f8bb1b-4c7a-4535-a25f-24575870c8d8[0m [36mstatus[0m=[35m200[0m
[2m08:29:18[0m [[32m[1minfo     [0m] [1mExecuting challenge: id=db5027af-7b6f-4c89-ba4d-591c2230ed76[0m [36mreq[0m=[35mc8818141[0m
[2m08:29:18[0m [[32m[1minfo     [0m] [1mrequest_finished                        [0m [36mduration[0m=[35m0.008[0m [36mmethod[0m=[35mPOST[0m [36mpath[0m=[35m/api/v1/challenges/db5027af-7b6f-4c89-ba4d-591c2230ed76/execute[0m [36mreq[0m=[35mc8818141[0m [36mrequest_id[0m=[35mc8818141-a955-43e0-be89-588a6ce143dc[0m [36mstatus[0m=[35m200[0m
[2m08:29:18[0m [[32m[1minfo     [0m] [1mStarting background execution: challenge_id=db5027af-7b6f-4c89-ba4d-591c2230ed76[0m [36mreq[0m=[35mc8818141[0m
[2m08:29:18[0m [[32m[1minfo     [0m] [1mTranskribiere Audio vor Execution: /Users/patrick/Documents/Uni/master_project/backend/app/api/v1/endpoints/../../../uploads/47177caa-bfaa-4691-9bdc-0440aae9d35e.opus mit Skill skill_audio_transcription[0m [36mreq[0m=[35mc8818141[0m
[2m08:29:18[0m [[32m[1minfo     [0m] [1mStarting sandbox execution: pip=['openai-whisper'], apt=['ffmpeg'], input_files=['47177caa-bfaa-4691-9bdc-0440aae9d35e.opus'][0m [36mreq[0m=[35mc8818141[0m
[2m08:29:18[0m [[32m[1minfo     [0m] [1mDocker client connected successfully    [0m [36mreq[0m=[35mc8818141[0m
[2m08:29:18[0m [[32m[1minfo     [0m] [1mInstalling system packages: ffmpeg      [0m [36mreq[0m=[35mc8818141[0m
[2m08:29:28[0m [[32m[1minfo     [0m] [1mGetting challenge status: id=db5027af-7b6f-4c89-ba4d-591c2230ed76[0m [36mreq[0m=[35me5c30b92[0m
[2m08:29:28[0m [[32m[1minfo     [0m] [1mrequest_finished                        [0m [36mduration[0m=[35m0.006[0m [36mmethod[0m=[35mGET[0m [36mpath[0m=[35m/api/v1/challenges/db5027af-7b6f-4c89-ba4d-591c2230ed76[0m [36mreq[0m=[35me5c30b92[0m [36mrequest_id[0m=[35me5c30b92-dcc3-41e0-8a61-760d6abe66c0[0m [36mstatus[0m=[35m200[0m
[2m08:29:38[0m [[32m[1minfo     [0m] [1mGetting challenge status: id=db5027af-7b6f-4c89-ba4d-591c2230ed76[0m [36mreq[0m=[35m8b9d1fac[0m
[2m08:29:38[0m [[32m[1minfo     [0m] [1mrequest_finished                        [0m [36mduration[0m=[35m0.023[0m [36mmethod[0m=[35mGET[0m [36mpath[0m=[35m/api/v1/challenges/db5027af-7b6f-4c89-ba4d-591c2230ed76[0m [36mreq[0m=[35m8b9d1fac[0m [36mrequest_id[0m=[35m8b9d1fac-ab05-4f50-9b77-1f8daf444b50[0m [36mstatus[0m=[35m200[0m
[2m08:29:48[0m [[32m[1minfo     [0m] [1mGetting challenge status: id=db5027af-7b6f-4c89-ba4d-591c2230ed76[0m [36mreq[0m=[35m007b13fc[0m
[2m08:29:48[0m [[32m[1minfo     [0m] [1mrequest_finished                        [0m [36mduration[0m=[35m0.006[0m [36mmethod[0m=[35mGET[0m [36mpath[0m=[35m/api/v1/challenges/db5027af-7b6f-4c89-ba4d-591c2230ed76[0m [36mreq[0m=[35m007b13fc[0m [36mrequest_id[0m=[35m007b13fc-844f-4ba4-9517-1769eb7a11de[0m [36mstatus[0m=[35m200[0m
[2m08:29:57[0m [[32m[1minfo     [0m] [1mSystem packages installed successfully: ffmpeg[0m [36mreq[0m=[35mc8818141[0m
[2m08:29:57[0m [[32m[1minfo     [0m] [1mInstalling pip packages: "openai-whisper"[0m [36mreq[0m=[35mc8818141[0m
[2m08:29:58[0m [[32m[1minfo     [0m] [1mGetting challenge status: id=db5027af-7b6f-4c89-ba4d-591c2230ed76[0m [36mreq[0m=[35mf67b7030[0m
[2m08:29:58[0m [[32m[1minfo     [0m] [1mrequest_finished                        [0m [36mduration[0m=[35m0.006[0m [36mmethod[0m=[35mGET[0m [36mpath[0m=[35m/api/v1/challenges/db5027af-7b6f-4c89-ba4d-591c2230ed76[0m [36mreq[0m=[35mf67b7030[0m [36mrequest_id[0m=[35mf67b7030-4ba0-4810-b9fc-c3dd09f5d003[0m [36mstatus[0m=[35m200[0m
[2m08:30:08[0m [[32m[1minfo     [0m] [1mGetting challenge status: id=db5027af-7b6f-4c89-ba4d-591c2230ed76[0m [36mreq[0m=[35m52af5b5f[0m
[2m08:30:08[0m [[32m[1minfo     [0m] [1mrequest_finished                        [0m [36mduration[0m=[35m0.012[0m [36mmethod[0m=[35mGET[0m [36mpath[0m=[35m/api/v1/challenges/db5027af-7b6f-4c89-ba4d-591c2230ed76[0m [36mreq[0m=[35m52af5b5f[0m [36mrequest_id[0m=[35m52af5b5f-4a5c-4297-9bc1-930943a2487b[0m [36mstatus[0m=[35m200[0m
[2m08:30:18[0m [[32m[1minfo     [0m] [1mGetting challenge status: id=db5027af-7b6f-4c89-ba4d-591c2230ed76[0m [36mreq[0m=[35m49ceaa13[0m
[2m08:30:18[0m [[32m[1minfo     [0m] [1mrequest_finished                        [0m [36mduration[0m=[35m0.01[0m [36mmethod[0m=[35mGET[0m [36mpath[0m=[35m/api/v1/challenges/db5027af-7b6f-4c89-ba4d-591c2230ed76[0m [36mreq[0m=[35m49ceaa13[0m [36mrequest_id[0m=[35m49ceaa13-dd57-4da3-ab6a-c7f77dbce648[0m [36mstatus[0m=[35m200[0m
[2m08:30:28[0m [[32m[1minfo     [0m] [1mGetting challenge status: id=db5027af-7b6f-4c89-ba4d-591c2230ed76[0m [36mreq[0m=[35m503b0938[0m
[2m08:30:28[0m [[32m[1minfo     [0m] [1mrequest_finished                        [0m [36mduration[0m=[35m0.006[0m [36mmethod[0m=[35mGET[0m [36mpath[0m=[35m/api/v1/challenges/db5027af-7b6f-4c89-ba4d-591c2230ed76[0m [36mreq[0m=[35m503b0938[0m [36mrequest_id[0m=[35m503b0938-5820-4c17-827a-134327926d08[0m [36mstatus[0m=[35m200[0m
[2m08:30:38[0m [[32m[1minfo     [0m] [1mGetting challenge status: id=db5027af-7b6f-4c89-ba4d-591c2230ed76[0m [36mreq[0m=[35mb8a05d56[0m
[2m08:30:38[0m [[32m[1minfo     [0m] [1mrequest_finished                        [0m [36mduration[0m=[35m0.006[0m [36mmethod[0m=[35mGET[0m [36mpath[0m=[35m/api/v1/challenges/db5027af-7b6f-4c89-ba4d-591c2230ed76[0m [36mreq[0m=[35mb8a05d56[0m [36mrequest_id[0m=[35mb8a05d56-baf3-4f62-b4db-f9e69cfe33f3[0m [36mstatus[0m=[35m200[0m
[2m08:30:48[0m [[32m[1minfo     [0m] [1mGetting challenge status: id=db5027af-7b6f-4c89-ba4d-591c2230ed76[0m [36mreq[0m=[35m9d71ab22[0m
[2m08:30:48[0m [[32m[1minfo     [0m] [1mrequest_finished                        [0m [36mduration[0m=[35m0.013[0m [36mmethod[0m=[35mGET[0m [36mpath[0m=[35m/api/v1/challenges/db5027af-7b6f-4c89-ba4d-591c2230ed76[0m [36mreq[0m=[35m9d71ab22[0m [36mrequest_id[0m=[35m9d71ab22-5d32-406a-8444-681df31a5b4c[0m [36mstatus[0m=[35m200[0m
[2m08:30:51[0m [[32m[1minfo     [0m] [1mPip packages installed successfully     [0m [36mreq[0m=[35mc8818141[0m
[2m08:30:58[0m [[32m[1minfo     [0m] [1mGetting challenge status: id=db5027af-7b6f-4c89-ba4d-591c2230ed76[0m [36mreq[0m=[35m408f45b8[0m
[2m08:30:58[0m [[32m[1minfo     [0m] [1mrequest_finished                        [0m [36mduration[0m=[35m0.008[0m [36mmethod[0m=[35mGET[0m [36mpath[0m=[35m/api/v1/challenges/db5027af-7b6f-4c89-ba4d-591c2230ed76[0m [36mreq[0m=[35m408f45b8[0m [36mrequest_id[0m=[35m408f45b8-c989-443e-baab-7d886bd7a5b0[0m [36mstatus[0m=[35m200[0m
[2m08:31:08[0m [[32m[1minfo     [0m] [1mGetting challenge status: id=db5027af-7b6f-4c89-ba4d-591c2230ed76[0m [36mreq[0m=[35m35df74b9[0m
[2m08:31:08[0m [[32m[1minfo     [0m] [1mrequest_finished                        [0m [36mduration[0m=[35m0.007[0m [36mmethod[0m=[35mGET[0m [36mpath[0m=[35m/api/v1/challenges/db5027af-7b6f-4c89-ba4d-591c2230ed76[0m [36mreq[0m=[35m35df74b9[0m [36mrequest_id[0m=[35m35df74b9-e73d-4e77-bd9a-4ed170424730[0m [36mstatus[0m=[35m200[0m
[2m08:31:18[0m [[32m[1minfo     [0m] [1mGetting challenge status: id=db5027af-7b6f-4c89-ba4d-591c2230ed76[0m [36mreq[0m=[35m4afc44da[0m
[2m08:31:18[0m [[32m[1minfo     [0m] [1mrequest_finished                        [0m [36mduration[0m=[35m0.006[0m [36mmethod[0m=[35mGET[0m [36mpath[0m=[35m/api/v1/challenges/db5027af-7b6f-4c89-ba4d-591c2230ed76[0m [36mreq[0m=[35m4afc44da[0m [36mrequest_id[0m=[35m4afc44da-581d-4535-8a4f-e43c980d16f7[0m [36mstatus[0m=[35m200[0m
[2m08:31:28[0m [[32m[1minfo     [0m] [1mGetting challenge status: id=db5027af-7b6f-4c89-ba4d-591c2230ed76[0m [36mreq[0m=[35m521a1259[0m
[2m08:31:28[0m [[32m[1minfo     [0m] [1mrequest_finished                        [0m [36mduration[0m=[35m0.01[0m [36mmethod[0m=[35mGET[0m [36mpath[0m=[35m/api/v1/challenges/db5027af-7b6f-4c89-ba4d-591c2230ed76[0m [36mreq[0m=[35m521a1259[0m [36mrequest_id[0m=[35m521a1259-766a-487b-a438-fb09bf4589e9[0m [36mstatus[0m=[35m200[0m
[2m08:31:38[0m [[32m[1minfo     [0m] [1mGetting challenge status: id=db5027af-7b6f-4c89-ba4d-591c2230ed76[0m [36mreq[0m=[35m3cdfc2b4[0m
[2m08:31:38[0m [[32m[1minfo     [0m] [1mrequest_finished                        [0m [36mduration[0m=[35m0.01[0m [36mmethod[0m=[35mGET[0m [36mpath[0m=[35m/api/v1/challenges/db5027af-7b6f-4c89-ba4d-591c2230ed76[0m [36mreq[0m=[35m3cdfc2b4[0m [36mrequest_id[0m=[35m3cdfc2b4-b1a2-46e2-b62c-88d86d0b6767[0m [36mstatus[0m=[35m200[0m
[2m08:31:48[0m [[32m[1minfo     [0m] [1mGetting challenge status: id=db5027af-7b6f-4c89-ba4d-591c2230ed76[0m [36mreq[0m=[35m49e10097[0m
[2m08:31:48[0m [[32m[1minfo     [0m] [1mrequest_finished                        [0m [36mduration[0m=[35m0.013[0m [36mmethod[0m=[35mGET[0m [36mpath[0m=[35m/api/v1/challenges/db5027af-7b6f-4c89-ba4d-591c2230ed76[0m [36mreq[0m=[35m49e10097[0m [36mrequest_id[0m=[35m49e10097-cadc-46ac-8b2b-bc6ce7adae3b[0m [36mstatus[0m=[35m200[0m
[2m08:31:58[0m [[32m[1minfo     [0m] [1mGetting challenge status: id=db5027af-7b6f-4c89-ba4d-591c2230ed76[0m [36mreq[0m=[35m27470366[0m
[2m08:31:58[0m [[32m[1minfo     [0m] [1mrequest_finished                        [0m [36mduration[0m=[35m0.008[0m [36mmethod[0m=[35mGET[0m [36mpath[0m=[35m/api/v1/challenges/db5027af-7b6f-4c89-ba4d-591c2230ed76[0m [36mreq[0m=[35m27470366[0m [36mrequest_id[0m=[35m27470366-8144-48b6-9bc5-4eec070a0011[0m [36mstatus[0m=[35m200[0m
[2m08:32:08[0m [[32m[1minfo     [0m] [1mGetting challenge status: id=db5027af-7b6f-4c89-ba4d-591c2230ed76[0m [36mreq[0m=[35mae87af3e[0m
[2m08:32:08[0m [[32m[1minfo     [0m] [1mrequest_finished                        [0m [36mduration[0m=[35m0.007[0m [36mmethod[0m=[35mGET[0m [36mpath[0m=[35m/api/v1/challenges/db5027af-7b6f-4c89-ba4d-591c2230ed76[0m [36mreq[0m=[35mae87af3e[0m [36mrequest_id[0m=[35mae87af3e-1275-44ae-adbd-1d7797aa2a67[0m [36mstatus[0m=[35m200[0m
[2m08:32:18[0m [[32m[1minfo     [0m] [1mGetting challenge status: id=db5027af-7b6f-4c89-ba4d-591c2230ed76[0m [36mreq[0m=[35ma38e0f9d[0m
[2m08:32:18[0m [[32m[1minfo     [0m] [1mrequest_finished                        [0m [36mduration[0m=[35m0.025[0m [36mmethod[0m=[35mGET[0m [36mpath[0m=[35m/api/v1/challenges/db5027af-7b6f-4c89-ba4d-591c2230ed76[0m [36mreq[0m=[35ma38e0f9d[0m [36mrequest_id[0m=[35ma38e0f9d-f2ee-4e5c-93a9-29acf11019d9[0m [36mstatus[0m=[35m200[0m
[2m08:32:28[0m [[32m[1minfo     [0m] [1mGetting challenge status: id=db5027af-7b6f-4c89-ba4d-591c2230ed76[0m [36mreq[0m=[35mb28307e9[0m
[2m08:32:28[0m [[32m[1minfo     [0m] [1mrequest_finished                        [0m [36mduration[0m=[35m0.021[0m [36mmethod[0m=[35mGET[0m [36mpath[0m=[35m/api/v1/challenges/db5027af-7b6f-4c89-ba4d-591c2230ed76[0m [36mreq[0m=[35mb28307e9[0m [36mrequest_id[0m=[35mb28307e9-951f-4c8d-9599-ab831c03c65f[0m [36mstatus[0m=[35m200[0m
[2m08:32:38[0m [[32m[1minfo     [0m] [1mGetting challenge status: id=db5027af-7b6f-4c89-ba4d-591c2230ed76[0m [36mreq[0m=[35m5e6fc739[0m
[2m08:32:38[0m [[32m[1minfo     [0m] [1mrequest_finished                        [0m [36mduration[0m=[35m0.02[0m [36mmethod[0m=[35mGET[0m [36mpath[0m=[35m/api/v1/challenges/db5027af-7b6f-4c89-ba4d-591c2230ed76[0m [36mreq[0m=[35m5e6fc739[0m [36mrequest_id[0m=[35m5e6fc739-53b7-4514-962d-ca8bf2b4c648[0m [36mstatus[0m=[35m200[0m
[2m08:32:48[0m [[32m[1minfo     [0m] [1mGetting challenge status: id=db5027af-7b6f-4c89-ba4d-591c2230ed76[0m [36mreq[0m=[35m7ec866c5[0m
[2m08:32:48[0m [[32m[1minfo     [0m] [1mrequest_finished                        [0m [36mduration[0m=[35m0.013[0m [36mmethod[0m=[35mGET[0m [36mpath[0m=[35m/api/v1/challenges/db5027af-7b6f-4c89-ba4d-591c2230ed76[0m [36mreq[0m=[35m7ec866c5[0m [36mrequest_id[0m=[35m7ec866c5-3aee-429d-8ae4-ba4ef82d9b87[0m [36mstatus[0m=[35m200[0m
[2m08:32:58[0m [[32m[1minfo     [0m] [1mGetting challenge status: id=db5027af-7b6f-4c89-ba4d-591c2230ed76[0m [36mreq[0m=[35m5229588b[0m
[2m08:32:58[0m [[32m[1minfo     [0m] [1mrequest_finished                        [0m [36mduration[0m=[35m0.025[0m [36mmethod[0m=[35mGET[0m [36mpath[0m=[35m/api/v1/challenges/db5027af-7b6f-4c89-ba4d-591c2230ed76[0m [36mreq[0m=[35m5229588b[0m [36mrequest_id[0m=[35m5229588b-9693-4965-99af-69535e6c27ae[0m [36mstatus[0m=[35m200[0m
[2m08:33:08[0m [[32m[1minfo     [0m] [1mGetting challenge status: id=db5027af-7b6f-4c89-ba4d-591c2230ed76[0m [36mreq[0m=[35m960eb6c0[0m
[2m08:33:08[0m [[32m[1minfo     [0m] [1mrequest_finished                        [0m [36mduration[0m=[35m0.009[0m [36mmethod[0m=[35mGET[0m [36mpath[0m=[35m/api/v1/challenges/db5027af-7b6f-4c89-ba4d-591c2230ed76[0m [36mreq[0m=[35m960eb6c0[0m [36mrequest_id[0m=[35m960eb6c0-13da-4a7b-974e-0656f183dd87[0m [36mstatus[0m=[35m200[0m
[2m08:33:18[0m [[32m[1minfo     [0m] [1mGetting challenge status: id=db5027af-7b6f-4c89-ba4d-591c2230ed76[0m [36mreq[0m=[35m7b97b890[0m
[2m08:33:18[0m [[32m[1minfo     [0m] [1mrequest_finished                        [0m [36mduration[0m=[35m0.013[0m [36mmethod[0m=[35mGET[0m [36mpath[0m=[35m/api/v1/challenges/db5027af-7b6f-4c89-ba4d-591c2230ed76[0m [36mreq[0m=[35m7b97b890[0m [36mrequest_id[0m=[35m7b97b890-8a46-489b-b38a-3dc0badfea09[0m [36mstatus[0m=[35m200[0m
[2m08:33:28[0m [[32m[1minfo     [0m] [1mGetting challenge status: id=db5027af-7b6f-4c89-ba4d-591c2230ed76[0m [36mreq[0m=[35mfb1b643a[0m
[2m08:33:28[0m [[32m[1minfo     [0m] [1mrequest_finished                        [0m [36mduration[0m=[35m0.007[0m [36mmethod[0m=[35mGET[0m [36mpath[0m=[35m/api/v1/challenges/db5027af-7b6f-4c89-ba4d-591c2230ed76[0m [36mreq[0m=[35mfb1b643a[0m [36mrequest_id[0m=[35mfb1b643a-9dd4-4f2c-afaf-ce535ff44a47[0m [36mstatus[0m=[35m200[0m
[2m08:33:38[0m [[32m[1minfo     [0m] [1mGetting challenge status: id=db5027af-7b6f-4c89-ba4d-591c2230ed76[0m [36mreq[0m=[35m636e3c4a[0m
[2m08:33:38[0m [[32m[1minfo     [0m] [1mrequest_finished                        [0m [36mduration[0m=[35m0.015[0m [36mmethod[0m=[35mGET[0m [36mpath[0m=[35m/api/v1/challenges/db5027af-7b6f-4c89-ba4d-591c2230ed76[0m [36mreq[0m=[35m636e3c4a[0m [36mrequest_id[0m=[35m636e3c4a-3dd0-422f-8c0f-98adb3ce8c29[0m [36mstatus[0m=[35m200[0m
[2m08:33:48[0m [[32m[1minfo     [0m] [1mGetting challenge status: id=db5027af-7b6f-4c89-ba4d-591c2230ed76[0m [36mreq[0m=[35mdf30491e[0m
[2m08:33:48[0m [[32m[1minfo     [0m] [1mrequest_finished                        [0m [36mduration[0m=[35m0.008[0m [36mmethod[0m=[35mGET[0m [36mpath[0m=[35m/api/v1/challenges/db5027af-7b6f-4c89-ba4d-591c2230ed76[0m [36mreq[0m=[35mdf30491e[0m [36mrequest_id[0m=[35mdf30491e-1295-4d65-aed9-ed34386f6325[0m [36mstatus[0m=[35m200[0m
[2m08:33:58[0m [[32m[1minfo     [0m] [1mGetting challenge status: id=db5027af-7b6f-4c89-ba4d-591c2230ed76[0m [36mreq[0m=[35mbaeaf46e[0m
[2m08:33:58[0m [[32m[1minfo     [0m] [1mrequest_finished                        [0m [36mduration[0m=[35m0.008[0m [36mmethod[0m=[35mGET[0m [36mpath[0m=[35m/api/v1/challenges/db5027af-7b6f-4c89-ba4d-591c2230ed76[0m [36mreq[0m=[35mbaeaf46e[0m [36mrequest_id[0m=[35mbaeaf46e-cb83-4055-b615-ca2437c32f82[0m [36mstatus[0m=[35m200[0m
[2m08:34:08[0m [[32m[1minfo     [0m] [1mGetting challenge status: id=db5027af-7b6f-4c89-ba4d-591c2230ed76[0m [36mreq[0m=[35m14f9e22d[0m
[2m08:34:09[0m [[32m[1minfo     [0m] [1mrequest_finished                        [0m [36mduration[0m=[35m0.006[0m [36mmethod[0m=[35mGET[0m [36mpath[0m=[35m/api/v1/challenges/db5027af-7b6f-4c89-ba4d-591c2230ed76[0m [36mreq[0m=[35m14f9e22d[0m [36mrequest_id[0m=[35m14f9e22d-893c-4a7b-a989-6cc586e401fe[0m [36mstatus[0m=[35m200[0m
[2m08:34:19[0m [[32m[1minfo     [0m] [1mGetting challenge status: id=db5027af-7b6f-4c89-ba4d-591c2230ed76[0m [36mreq[0m=[35m015da454[0m
[2m08:34:19[0m [[32m[1minfo     [0m] [1mrequest_finished                        [0m [36mduration[0m=[35m0.024[0m [36mmethod[0m=[35mGET[0m [36mpath[0m=[35m/api/v1/challenges/db5027af-7b6f-4c89-ba4d-591c2230ed76[0m [36mreq[0m=[35m015da454[0m [36mrequest_id[0m=[35m015da454-4cfc-4ed7-be2f-6bafd652c107[0m [36mstatus[0m=[35m200[0m
[2m08:34:29[0m [[32m[1minfo     [0m] [1mGetting challenge status: id=db5027af-7b6f-4c89-ba4d-591c2230ed76[0m [36mreq[0m=[35mdb352366[0m
[2m08:34:29[0m [[32m[1minfo     [0m] [1mrequest_finished                        [0m [36mduration[0m=[35m0.012[0m [36mmethod[0m=[35mGET[0m [36mpath[0m=[35m/api/v1/challenges/db5027af-7b6f-4c89-ba4d-591c2230ed76[0m [36mreq[0m=[35mdb352366[0m [36mrequest_id[0m=[35mdb352366-98b1-46bf-872c-d679eb7bf27b[0m [36mstatus[0m=[35m200[0m
[2m08:34:39[0m [[32m[1minfo     [0m] [1mGetting challenge status: id=db5027af-7b6f-4c89-ba4d-591c2230ed76[0m [36mreq[0m=[35m61598ea6[0m
[2m08:34:39[0m [[32m[1minfo     [0m] [1mrequest_finished                        [0m [36mduration[0m=[35m0.009[0m [36mmethod[0m=[35mGET[0m [36mpath[0m=[35m/api/v1/challenges/db5027af-7b6f-4c89-ba4d-591c2230ed76[0m [36mreq[0m=[35m61598ea6[0m [36mrequest_id[0m=[35m61598ea6-78f3-4e98-b6ea-c0e255953700[0m [36mstatus[0m=[35m200[0m
[2m08:34:49[0m [[32m[1minfo     [0m] [1mGetting challenge status: id=db5027af-7b6f-4c89-ba4d-591c2230ed76[0m [36mreq[0m=[35m131e6bea[0m
[2m08:34:49[0m [[32m[1minfo     [0m] [1mrequest_finished                        [0m [36mduration[0m=[35m0.023[0m [36mmethod[0m=[35mGET[0m [36mpath[0m=[35m/api/v1/challenges/db5027af-7b6f-4c89-ba4d-591c2230ed76[0m [36mreq[0m=[35m131e6bea[0m [36mrequest_id[0m=[35m131e6bea-3c53-457d-b242-5e2ff8d1471f[0m [36mstatus[0m=[35m200[0m
[2m08:34:59[0m [[32m[1minfo     [0m] [1mGetting challenge status: id=db5027af-7b6f-4c89-ba4d-591c2230ed76[0m [36mreq[0m=[35m4b55ad8d[0m
[2m08:34:59[0m [[32m[1minfo     [0m] [1mrequest_finished                        [0m [36mduration[0m=[35m0.008[0m [36mmethod[0m=[35mGET[0m [36mpath[0m=[35m/api/v1/challenges/db5027af-7b6f-4c89-ba4d-591c2230ed76[0m [36mreq[0m=[35m4b55ad8d[0m [36mrequest_id[0m=[35m4b55ad8d-609f-4775-a152-c28c0e051b70[0m [36mstatus[0m=[35m200[0m
[2m08:35:09[0m [[32m[1minfo     [0m] [1mGetting challenge status: id=db5027af-7b6f-4c89-ba4d-591c2230ed76[0m [36mreq[0m=[35mdc4c8626[0m
[2m08:35:09[0m [[32m[1minfo     [0m] [1mrequest_finished                        [0m [36mduration[0m=[35m0.005[0m [36mmethod[0m=[35mGET[0m [36mpath[0m=[35m/api/v1/challenges/db5027af-7b6f-4c89-ba4d-591c2230ed76[0m [36mreq[0m=[35mdc4c8626[0m [36mrequest_id[0m=[35mdc4c8626-86eb-4bc0-8f07-af2589957550[0m [36mstatus[0m=[35m200[0m
[2m08:35:19[0m [[32m[1minfo     [0m] [1mGetting challenge status: id=db5027af-7b6f-4c89-ba4d-591c2230ed76[0m [36mreq[0m=[35mc841f258[0m
[2m08:35:19[0m [[32m[1minfo     [0m] [1mrequest_finished                        [0m [36mduration[0m=[35m0.01[0m [36mmethod[0m=[35mGET[0m [36mpath[0m=[35m/api/v1/challenges/db5027af-7b6f-4c89-ba4d-591c2230ed76[0m [36mreq[0m=[35mc841f258[0m [36mrequest_id[0m=[35mc841f258-3e0f-464e-b8e6-7c4484f9db64[0m [36mstatus[0m=[35m200[0m
[2m08:35:29[0m [[32m[1minfo     [0m] [1mGetting challenge status: id=db5027af-7b6f-4c89-ba4d-591c2230ed76[0m [36mreq[0m=[35m01cdc91d[0m
[2m08:35:29[0m [[32m[1minfo     [0m] [1mrequest_finished                        [0m [36mduration[0m=[35m0.012[0m [36mmethod[0m=[35mGET[0m [36mpath[0m=[35m/api/v1/challenges/db5027af-7b6f-4c89-ba4d-591c2230ed76[0m [36mreq[0m=[35m01cdc91d[0m [36mrequest_id[0m=[35m01cdc91d-e144-4c42-b635-64d6a1442882[0m [36mstatus[0m=[35m200[0m
[2m08:35:39[0m [[32m[1minfo     [0m] [1mGetting challenge status: id=db5027af-7b6f-4c89-ba4d-591c2230ed76[0m [36mreq[0m=[35m0e19be85[0m
[2m08:35:39[0m [[32m[1minfo     [0m] [1mrequest_finished                        [0m [36mduration[0m=[35m0.011[0m [36mmethod[0m=[35mGET[0m [36mpath[0m=[35m/api/v1/challenges/db5027af-7b6f-4c89-ba4d-591c2230ed76[0m [36mreq[0m=[35m0e19be85[0m [36mrequest_id[0m=[35m0e19be85-9f8d-44f9-82ab-e5bfc139f824[0m [36mstatus[0m=[35m200[0m
[2m08:35:49[0m [[32m[1minfo     [0m] [1mGetting challenge status: id=db5027af-7b6f-4c89-ba4d-591c2230ed76[0m [36mreq[0m=[35m3f345c52[0m
[2m08:35:49[0m [[32m[1minfo     [0m] [1mrequest_finished                        [0m [36mduration[0m=[35m0.039[0m [36mmethod[0m=[35mGET[0m [36mpath[0m=[35m/api/v1/challenges/db5027af-7b6f-4c89-ba4d-591c2230ed76[0m [36mreq[0m=[35m3f345c52[0m [36mrequest_id[0m=[35m3f345c52-d57c-4ca1-98b2-df8a095cf167[0m [36mstatus[0m=[35m200[0m
[2m08:35:59[0m [[32m[1minfo     [0m] [1mGetting challenge status: id=db5027af-7b6f-4c89-ba4d-591c2230ed76[0m [36mreq[0m=[35ma9df6d9c[0m
[2m08:35:59[0m [[32m[1minfo     [0m] [1mrequest_finished                        [0m [36mduration[0m=[35m0.031[0m [36mmethod[0m=[35mGET[0m [36mpath[0m=[35m/api/v1/challenges/db5027af-7b6f-4c89-ba4d-591c2230ed76[0m [36mreq[0m=[35ma9df6d9c[0m [36mrequest_id[0m=[35ma9df6d9c-f0f4-4163-8ad3-f82e401e4813[0m [36mstatus[0m=[35m200[0m
[2m08:36:09[0m [[32m[1minfo     [0m] [1mGetting challenge status: id=db5027af-7b6f-4c89-ba4d-591c2230ed76[0m [36mreq[0m=[35mcc51d4d1[0m
[2m08:36:09[0m [[32m[1minfo     [0m] [1mrequest_finished                        [0m [36mduration[0m=[35m0.009[0m [36mmethod[0m=[35mGET[0m [36mpath[0m=[35m/api/v1/challenges/db5027af-7b6f-4c89-ba4d-591c2230ed76[0m [36mreq[0m=[35mcc51d4d1[0m [36mrequest_id[0m=[35mcc51d4d1-b078-47b3-b7c8-a5a2fa2c57a3[0m [36mstatus[0m=[35m200[0m
[2m08:36:14[0m [[32m[1minfo     [0m] [1mSandbox execution complete: success=True, time=416451ms, cached=False[0m [36mreq[0m=[35mc8818141[0m
[2m08:36:19[0m [[32m[1minfo     [0m] [1mGetting challenge status: id=db5027af-7b6f-4c89-ba4d-591c2230ed76[0m [36mreq[0m=[35me115b0a0[0m
[2m08:36:19[0m [[32m[1minfo     [0m] [1mrequest_finished                        [0m [36mduration[0m=[35m0.01[0m [36mmethod[0m=[35mGET[0m [36mpath[0m=[35m/api/v1/challenges/db5027af-7b6f-4c89-ba4d-591c2230ed76[0m [36mreq[0m=[35me115b0a0[0m [36mrequest_id[0m=[35me115b0a0-0f3d-4a18-9eaa-be0d6556ec39[0m [36mstatus[0m=[35m200[0m
[2m08:36:20[0m [[32m[1minfo     [0m] [1mTranskription erfolgreich: 2397 Zeichen [0m [36mreq[0m=[35mc8818141[0m
[2m08:36:20[0m [[32m[1minfo     [0m] [1mLoading topology from database...       [0m [36mreq[0m=[35mc8818141[0m
[2m08:36:20[0m [[32m[1minfo     [0m] [1mMapped 9 skill entries to 9 capabilities[0m [36mreq[0m=[35mc8818141[0m
[2m08:36:20[0m [[32m[1minfo     [0m] [1mTopology validated: 11 agents in 5 waves[0m [36mreq[0m=[35mc8818141[0m
[2m08:36:20[0m [[32m[1minfo     [0m] [1mLoaded 9 skills for topology            [0m [36mreq[0m=[35mc8818141[0m
[2m08:36:20[0m [[32m[1minfo     [0m] [1mTopology loaded: 11 agents, 5 waves     [0m [36mreq[0m=[35mc8818141[0m
[2m08:36:20[0m [[32m[1minfo     [0m] [1mShared memory initialized with Qdrant   [0m [36mreq[0m=[35mc8818141[0m
[2m08:36:20[0m [[32m[1minfo     [0m] [1mHybridOrchestrator initialized          [0m [36mreq[0m=[35mc8818141[0m
[2m08:36:20[0m [[32m[1minfo     [0m] [1mStarting execution: 28a79dbe-5583-428c-8b58-d5b6dddb38d5[0m [36mreq[0m=[35mc8818141[0m
[2m08:36:23[0m [[32m[1minfo     [0m] [1mTeam assembled: 5 agents, strategy='1. Analyse des Transkripts -> 2. Kontextuelle Anreicherung -> 3. Generierung des Entwurfs -> 4. Validierung gegen das Transkript -> 5. Finalisierung des Berichts.', 5 waves[0m [36mreq[0m=[35mc8818141[0m
[2m08:36:23[0m [[32m[1minfo     [0m] [1mMapped 9 skill entries to 9 capabilities[0m [36mreq[0m=[35mc8818141[0m
[2m08:36:23[0m [[32m[1minfo     [0m] [1mTopology validated: 5 agents in 5 waves [0m [36mreq[0m=[35mc8818141[0m
[2m08:36:23[0m [[32m[1minfo     [0m] [1mLoaded 9 skills for topology            [0m [36mreq[0m=[35mc8818141[0m
[2m08:36:23[0m [[32m[1minfo     [0m] [1mDocker client connected successfully    [0m [36mreq[0m=[35mc8818141[0m
[2m08:36:23[0m [[32m[1minfo     [0m] [1mCreated DynamicSandbox executor (Docker-based, unrestricted)[0m [36mreq[0m=[35mc8818141[0m
[2m08:36:23[0m [[32m[1minfo     [0m] [1mLoading topology from database...       [0m [36mreq[0m=[35mc8818141[0m
[2m08:36:23[0m [[32m[1minfo     [0m] [1mMapped 9 skill entries to 9 capabilities[0m [36mreq[0m=[35mc8818141[0m
[2m08:36:23[0m [[32m[1minfo     [0m] [1mTopology validated: 11 agents in 5 waves[0m [36mreq[0m=[35mc8818141[0m
[2m08:36:23[0m [[32m[1minfo     [0m] [1mLoaded 9 skills for topology            [0m [36mreq[0m=[35mc8818141[0m
[2m08:36:23[0m [[32m[1minfo     [0m] [1mTopology loaded: 11 agents, 5 waves     [0m [36mreq[0m=[35mc8818141[0m
[2m08:36:23[0m [[32m[1minfo     [0m] [1mRuntimeAgentRegistry initialized with max_concurrent=5[0m [36mreq[0m=[35mc8818141[0m
[2m08:36:23[0m [[32m[1minfo     [0m] [1mExecuting wave 1/5: ['75fb97b8-e608-47c7-a3c2-dcecf5a8643c'][0m [36mreq[0m=[35mc8818141[0m
[2m08:36:23[0m [[32m[1minfo     [0m] [1mExecuting agent: transcript_analyzer (75fb97b8-e608-47c7-a3c2-dcecf5a8643c)[0m [36mreq[0m=[35mc8818141[0m
[2m08:36:23[0m [[32m[1minfo     [0m] [1mshared_memory_metrics agent=transcript_analyzer facts_kept=5 facts_total=8 hypotheses=0 relations=0 approx_tokens=1334 query_chars=450[0m [36mreq[0m=[35mc8818141[0m
[2m08:36:29[0m [[32m[1minfo     [0m] [1mGetting challenge status: id=db5027af-7b6f-4c89-ba4d-591c2230ed76[0m [36mreq[0m=[35m4858ef98[0m
[2m08:36:29[0m [[32m[1minfo     [0m] [1mrequest_finished                        [0m [36mduration[0m=[35m0.013[0m [36mmethod[0m=[35mGET[0m [36mpath[0m=[35m/api/v1/challenges/db5027af-7b6f-4c89-ba4d-591c2230ed76[0m [36mreq[0m=[35m4858ef98[0m [36mrequest_id[0m=[35m4858ef98-41d2-4e92-a8bf-1040b7f4b824[0m [36mstatus[0m=[35m200[0m
[2m08:36:32[0m [[32m[1minfo     [0m] [1mAgent transcript_analyzer returned final answer after 0 tool calls[0m [36mreq[0m=[35mc8818141[0m
[2m08:36:33[0m [[32m[1minfo     [0m] [1mAgent transcript_analyzer completed     [0m [36mreq[0m=[35mc8818141[0m
[2m08:36:33[0m [[32m[1minfo     [0m] [1mWave 1 agent 'transcript_analyzer' completed: success=True, skipped=False, result_len=1759[0m [36mreq[0m=[35mc8818141[0m
[2m08:36:33[0m [[32m[1minfo     [0m] [1mExecuting wave 2/5: ['2c860d4d-d78f-42c4-80b2-3356f4d2fdad'][0m [36mreq[0m=[35mc8818141[0m
[2m08:36:33[0m [[32m[1minfo     [0m] [1mExecuting agent: context_retriever (2c860d4d-d78f-42c4-80b2-3356f4d2fdad)[0m [36mreq[0m=[35mc8818141[0m
[2m08:36:34[0m [[32m[1minfo     [0m] [1mTool call 1/15: skill_execute_sql_queries_to_retrieve_project_and_construction_data[0m [36mreq[0m=[35mc8818141[0m
[2m08:36:34[0m [[32m[1minfo     [0m] [1mStarting sandbox execution: pip=['psycopg2-binary'], apt=['libpq-dev'], input_files=[][0m [36mreq[0m=[35mc8818141[0m
[2m08:36:34[0m [[32m[1minfo     [0m] [1mFound cached image: lumari-sandbox:custom-c3a5332b (usage=6)[0m [36mreq[0m=[35mc8818141[0m
[2m08:36:34[0m [[32m[1minfo     [0m] [1mUsing cached image: lumari-sandbox:custom-c3a5332b[0m [36mreq[0m=[35mc8818141[0m
[2m08:36:34[0m [[32m[1minfo     [0m] [1mSandbox execution complete: success=True, time=448ms, cached=True[0m [36mreq[0m=[35mc8818141[0m
[2m08:36:39[0m [[32m[1minfo     [0m] [1mGetting challenge status: id=db5027af-7b6f-4c89-ba4d-591c2230ed76[0m [36mreq[0m=[35m34848f8f[0m
[2m08:36:39[0m [[32m[1minfo     [0m] [1mrequest_finished                        [0m [36mduration[0m=[35m0.008[0m [36mmethod[0m=[35mGET[0m [36mpath[0m=[35m/api/v1/challenges/db5027af-7b6f-4c89-ba4d-591c2230ed76[0m [36mreq[0m=[35m34848f8f[0m [36mrequest_id[0m=[35m34848f8f-e9ab-4560-860b-8cc84dfd71e7[0m [36mstatus[0m=[35m200[0m
[2m08:36:42[0m [[32m[1minfo     [0m] [1mAgent context_retriever returned final answer after 1 tool calls[0m [36mreq[0m=[35mc8818141[0m
[2m08:36:42[0m [[32m[1minfo     [0m] [1mAgent context_retriever completed       [0m [36mreq[0m=[35mc8818141[0m
[2m08:36:42[0m [[32m[1minfo     [0m] [1mWave 2 agent 'context_retriever' completed: success=True, skipped=False, result_len=1480[0m [36mreq[0m=[35mc8818141[0m
[2m08:36:42[0m [[32m[1minfo     [0m] [1mExecuting wave 3/5: ['a9dc3547-c07e-42db-adef-e9aed3bdf631'][0m [36mreq[0m=[35mc8818141[0m
[2m08:36:42[0m [[32m[1minfo     [0m] [1mExecuting agent: report_generator (a9dc3547-c07e-42db-adef-e9aed3bdf631)[0m [36mreq[0m=[35mc8818141[0m
[2m08:36:45[0m [[32m[1minfo     [0m] [1mAgent report_generator returned final answer after 0 tool calls[0m [36mreq[0m=[35mc8818141[0m
[2m08:36:46[0m [[32m[1minfo     [0m] [1mAgent report_generator completed        [0m [36mreq[0m=[35mc8818141[0m
[2m08:36:46[0m [[32m[1minfo     [0m] [1mWave 3 agent 'report_generator' completed: success=True, skipped=False, result_len=2012[0m [36mreq[0m=[35mc8818141[0m
[2m08:36:46[0m [[32m[1minfo     [0m] [1mExecuting wave 4/5: ['96c2b0d9-f739-4773-80ed-faa3aa399cff'][0m [36mreq[0m=[35mc8818141[0m
[2m08:36:46[0m [[32m[1minfo     [0m] [1mExecuting agent: quality_validator (96c2b0d9-f739-4773-80ed-faa3aa399cff)[0m [36mreq[0m=[35mc8818141[0m
[2m08:36:47[0m [[32m[1minfo     [0m] [1mAgent quality_validator returned final answer after 0 tool calls[0m [36mreq[0m=[35mc8818141[0m
[2m08:36:47[0m [[32m[1minfo     [0m] [1mAgent quality_validator completed       [0m [36mreq[0m=[35mc8818141[0m
[2m08:36:47[0m [[32m[1minfo     [0m] [1mWave 4 agent 'quality_validator' completed: success=True, skipped=False, result_len=497[0m [36mreq[0m=[35mc8818141[0m
[2m08:36:47[0m [[32m[1minfo     [0m] [1mExecuting wave 5/5: ['2f49804d-3909-482a-aa2d-2b09912eb1be'][0m [36mreq[0m=[35mc8818141[0m
[2m08:36:47[0m [[32m[1minfo     [0m] [1mExecuting agent: report_finalizer (2f49804d-3909-482a-aa2d-2b09912eb1be)[0m [36mreq[0m=[35mc8818141[0m
[2m08:36:49[0m [[32m[1minfo     [0m] [1mGetting challenge status: id=db5027af-7b6f-4c89-ba4d-591c2230ed76[0m [36mreq[0m=[35m53e37e81[0m
[2m08:36:49[0m [[32m[1minfo     [0m] [1mrequest_finished                        [0m [36mduration[0m=[35m0.01[0m [36mmethod[0m=[35mGET[0m [36mpath[0m=[35m/api/v1/challenges/db5027af-7b6f-4c89-ba4d-591c2230ed76[0m [36mreq[0m=[35m53e37e81[0m [36mrequest_id[0m=[35m53e37e81-9db9-4aaf-86af-d9d52a673f2e[0m [36mstatus[0m=[35m200[0m
[2m08:36:50[0m [[32m[1minfo     [0m] [1mAgent report_finalizer returned final answer after 0 tool calls[0m [36mreq[0m=[35mc8818141[0m
[2m08:36:50[0m [[32m[1minfo     [0m] [1mAgent report_finalizer completed        [0m [36mreq[0m=[35mc8818141[0m
[2m08:36:50[0m [[32m[1minfo     [0m] [1mWave 5 agent 'report_finalizer' completed: success=True, skipped=False, result_len=2546[0m [36mreq[0m=[35mc8818141[0m
[2m08:36:51[0m [[32m[1minfo     [0m] [1mVerification passed (score=1.00)        [0m [36mreq[0m=[35mc8818141[0m
[2m08:36:51[0m [[32m[1minfo     [0m] [1mArtifact pool cleared: 5 artifacts discarded[0m [36mreq[0m=[35mc8818141[0m
[2m08:36:51[0m [[32m[1minfo     [0m] [1mPersisted 1 facts to shared memory for execution 28a79dbe-5583-428c-8b58-d5b6dddb38d5[0m [36mreq[0m=[35mc8818141[0m
[2m08:36:51[0m [[32m[1minfo     [0m] [1mStarting telemetry for agent=75fb97b8..., execution=28a79dbe...[0m [36mreq[0m=[35mc8818141[0m
[2m08:36:51[0m [[32m[1minfo     [0m] [1mCreating telemetry record for agent=75fb97b8..., execution=28a79dbe...[0m [36mreq[0m=[35mc8818141[0m
[2m08:36:51[0m [[32m[1minfo     [0m] [1mExecution completed: challenge_id=db5027af-7b6f-4c89-ba4d-591c2230ed76, success=True[0m [36mreq[0m=[35mc8818141[0m
[2m08:36:51[0m [[32m[1minfo     [0m] [1mCreated telemetry record id=78a072e9-3e77-45b0-9f38-1d9607a63b7a[0m [36mreq[0m=[35mc8818141[0m
[2m08:36:51[0m [[32m[1minfo     [0m] [1mStarted telemetry id=78a072e9-3e77-45b0-9f38-1d9607a63b7a, input_hash=145f28e47b1ee4ce..., trace_id=None[0m [36mreq[0m=[35mc8818141[0m
[2m08:36:51[0m [[32m[1minfo     [0m] [1mCompleting telemetry id=78a072e9-3e77-45b0-9f38-1d9607a63b7a, outcome=success[0m [36mreq[0m=[35mc8818141[0m
[2m08:36:51[0m [[32m[1minfo     [0m] [1mUpdating telemetry record id=78a072e9-3e77-45b0-9f38-1d9607a63b7a[0m [36mreq[0m=[35mc8818141[0m
[2m08:36:51[0m [[32m[1minfo     [0m] [1mUpdated telemetry record id=78a072e9-3e77-45b0-9f38-1d9607a63b7a, outcome=success[0m [36mreq[0m=[35mc8818141[0m
[2m08:36:51[0m [[32m[1minfo     [0m] [1mCompleted telemetry id=78a072e9-3e77-45b0-9f38-1d9607a63b7a, latency=12.92ms, tokens=28807, output_hash=44136fa355b3678a...[0m [36mreq[0m=[35mc8818141[0m
[2m08:36:51[0m [[32m[1minfo     [0m] [1mConfigured epicbox profile: image=lumari-sandbox:latest, limits={'cputime': 5, 'realtime': 10, 'memory': 128, 'processes': 1}[0m [36mreq[0m=[35mc8818141[0m
[2m08:36:51[0m [[32m[1minfo     [0m] [1mStarting analysis pipeline for execution_id=28a79dbe...[0m [36mreq[0m=[35mc8818141[0m
[2m08:36:51[0m [[32m[1minfo     [0m] [1mRetrieved telemetry for agent=75fb97b8..., outcome=success[0m [36mreq[0m=[35mc8818141[0m
[2m08:36:51[0m [[32m[1minfo     [0m] [1mRetrieved 5 historical executions for pattern context[0m [36mreq[0m=[35mc8818141[0m
[2m08:36:51[0m [[32m[1minfo     [0m] [1mAnalyzing execution_id=28a79dbe...      [0m [36mreq[0m=[35mc8818141[0m
[2m08:36:52[0m [[32m[1minfo     [0m] [1mAnalysis complete: 0 findings for execution_id=28a79dbe...[0m [36mreq[0m=[35mc8818141[0m
[2m08:36:52[0m [[32m[1minfo     [0m] [1mAnalyzer generated 0 findings: summary='The execution completed successfully with no ident...'[0m [36mreq[0m=[35mc8818141[0m
[2m08:36:52[0m [[32m[1minfo     [0m] [1mNo findings generated - pipeline complete[0m [36mreq[0m=[35mc8818141[0m
[2m08:36:59[0m [[32m[1minfo     [0m] [1mGetting challenge status: id=db5027af-7b6f-4c89-ba4d-591c2230ed76[0m [36mreq[0m=[35mb961e769[0m
[2m08:36:59[0m [[32m[1minfo     [0m] [1mrequest_finished                        [0m [36mduration[0m=[35m0.011[0m [36mmethod[0m=[35mGET[0m [36mpath[0m=[35m/api/v1/challenges/db5027af-7b6f-4c89-ba4d-591c2230ed76[0m [36mreq[0m=[35mb961e769[0m [36mrequest_id[0m=[35mb961e769-b703-48b4-82ae-0f9efc2aafe4[0m [36mstatus[0m=[35m200[0m
[2m08:36:59[0m [[32m[1minfo     [0m] [1mGetting challenge results: id=db5027af-7b6f-4c89-ba4d-591c2230ed76[0m [36mreq[0m=[35m9b843f6d[0m
[2m08:36:59[0m [[32m[1minfo     [0m] [1mrequest_finished                        [0m [36mduration[0m=[35m0.008[0m [36mmethod[0m=[35mGET[0m [36mpath[0m=[35m/api/v1/challenges/db5027af-7b6f-4c89-ba4d-591c2230ed76/results[0m [36mreq[0m=[35m9b843f6d[0m [36mrequest_id[0m=[35m9b843f6d-a883-452a-91cf-5cea18a887a7[0m [36mstatus[0m=[35m200[0m
[2m08:37:01[0m [[32m[1minfo     [0m] [1mFile upload: telefonat_statiker_20251030.opus, size=162031, type=audio/opus[0m [36mreq[0m=[35m1a142474[0m
[2m08:37:01[0m [[32m[1minfo     [0m] [1mSaved binary file to: /Users/patrick/Documents/Uni/master_project/backend/app/api/v1/endpoints/../../../uploads/71c5493b-67b4-495e-8372-ae4495adf45d.opus[0m [36mreq[0m=[35m1a142474[0m
[2m08:37:01[0m [[32m[1minfo     [0m] [1mAudio transcription skill available: skill_audio_transcription — will transcribe in background[0m [36mreq[0m=[35m1a142474[0m
[2m08:37:01[0m [[32m[1minfo     [0m] [1mFile upload: telefonat_statiker_20251030.opus -> challenge_id=d26c4fa3-df29-49ea-8aef-4b4fdff2c1d0, gaps=0, route=execute[0m [36mreq[0m=[35m1a142474[0m
[2m08:37:01[0m [[32m[1minfo     [0m] [1mrequest_finished                        [0m [36mduration[0m=[35m0.045[0m [36mmethod[0m=[35mPOST[0m [36mpath[0m=[35m/api/v1/challenges/upload[0m [36mreq[0m=[35m1a142474[0m [36mrequest_id[0m=[35m1a142474-35ab-4674-bed4-0ec17795a521[0m [36mstatus[0m=[35m200[0m
[2m08:37:01[0m [[32m[1minfo     [0m] [1mExecuting challenge: id=d26c4fa3-df29-49ea-8aef-4b4fdff2c1d0[0m [36mreq[0m=[35ma7bdc005[0m
[2m08:37:01[0m [[32m[1minfo     [0m] [1mrequest_finished                        [0m [36mduration[0m=[35m0.006[0m [36mmethod[0m=[35mPOST[0m [36mpath[0m=[35m/api/v1/challenges/d26c4fa3-df29-49ea-8aef-4b4fdff2c1d0/execute[0m [36mreq[0m=[35ma7bdc005[0m [36mrequest_id[0m=[35ma7bdc005-8fed-479e-884f-181a2da55304[0m [36mstatus[0m=[35m200[0m
[2m08:37:01[0m [[32m[1minfo     [0m] [1mStarting background execution: challenge_id=d26c4fa3-df29-49ea-8aef-4b4fdff2c1d0[0m [36mreq[0m=[35ma7bdc005[0m
[2m08:37:01[0m [[32m[1minfo     [0m] [1mTranskribiere Audio vor Execution: /Users/patrick/Documents/Uni/master_project/backend/app/api/v1/endpoints/../../../uploads/71c5493b-67b4-495e-8372-ae4495adf45d.opus mit Skill skill_audio_transcription[0m [36mreq[0m=[35ma7bdc005[0m
[2m08:37:01[0m [[32m[1minfo     [0m] [1mStarting sandbox execution: pip=['openai-whisper'], apt=['ffmpeg'], input_files=['71c5493b-67b4-495e-8372-ae4495adf45d.opus'][0m [36mreq[0m=[35ma7bdc005[0m
[2m08:37:01[0m [[32m[1minfo     [0m] [1mDocker client connected successfully    [0m [36mreq[0m=[35ma7bdc005[0m
[2m08:37:01[0m [[32m[1minfo     [0m] [1mInstalling system packages: ffmpeg      [0m [36mreq[0m=[35ma7bdc005[0m
[2m08:37:11[0m [[32m[1minfo     [0m] [1mGetting challenge status: id=d26c4fa3-df29-49ea-8aef-4b4fdff2c1d0[0m [36mreq[0m=[35mbc5ea2d0[0m
[2m08:37:11[0m [[32m[1minfo     [0m] [1mrequest_finished                        [0m [36mduration[0m=[35m0.024[0m [36mmethod[0m=[35mGET[0m [36mpath[0m=[35m/api/v1/challenges/d26c4fa3-df29-49ea-8aef-4b4fdff2c1d0[0m [36mreq[0m=[35mbc5ea2d0[0m [36mrequest_id[0m=[35mbc5ea2d0-3dc4-48ed-a369-78f86079a50e[0m [36mstatus[0m=[35m200[0m
[2m08:37:21[0m [[32m[1minfo     [0m] [1mGetting challenge status: id=d26c4fa3-df29-49ea-8aef-4b4fdff2c1d0[0m [36mreq[0m=[35m322b545e[0m
[2m08:37:21[0m [[32m[1minfo     [0m] [1mrequest_finished                        [0m [36mduration[0m=[35m0.024[0m [36mmethod[0m=[35mGET[0m [36mpath[0m=[35m/api/v1/challenges/d26c4fa3-df29-49ea-8aef-4b4fdff2c1d0[0m [36mreq[0m=[35m322b545e[0m [36mrequest_id[0m=[35m322b545e-08b6-4507-adcb-2cd78ba3738f[0m [36mstatus[0m=[35m200[0m
[2m08:37:31[0m [[32m[1minfo     [0m] [1mGetting challenge status: id=d26c4fa3-df29-49ea-8aef-4b4fdff2c1d0[0m [36mreq[0m=[35m840e31e6[0m
[2m08:37:31[0m [[32m[1minfo     [0m] [1mrequest_finished                        [0m [36mduration[0m=[35m0.008[0m [36mmethod[0m=[35mGET[0m [36mpath[0m=[35m/api/v1/challenges/d26c4fa3-df29-49ea-8aef-4b4fdff2c1d0[0m [36mreq[0m=[35m840e31e6[0m [36mrequest_id[0m=[35m840e31e6-5970-4351-9701-ecd667b86330[0m [36mstatus[0m=[35m200[0m
[2m08:37:41[0m [[32m[1minfo     [0m] [1mGetting challenge status: id=d26c4fa3-df29-49ea-8aef-4b4fdff2c1d0[0m [36mreq[0m=[35m4aed0432[0m
[2m08:37:41[0m [[32m[1minfo     [0m] [1mrequest_finished                        [0m [36mduration[0m=[35m0.013[0m [36mmethod[0m=[35mGET[0m [36mpath[0m=[35m/api/v1/challenges/d26c4fa3-df29-49ea-8aef-4b4fdff2c1d0[0m [36mreq[0m=[35m4aed0432[0m [36mrequest_id[0m=[35m4aed0432-80e2-4f02-a2e0-eb6f45d82ad4[0m [36mstatus[0m=[35m200[0m
[2m08:37:41[0m [[32m[1minfo     [0m] [1mSystem packages installed successfully: ffmpeg[0m [36mreq[0m=[35ma7bdc005[0m
[2m08:37:41[0m [[32m[1minfo     [0m] [1mInstalling pip packages: "openai-whisper"[0m [36mreq[0m=[35ma7bdc005[0m
[2m08:37:51[0m [[32m[1minfo     [0m] [1mGetting challenge status: id=d26c4fa3-df29-49ea-8aef-4b4fdff2c1d0[0m [36mreq[0m=[35m21870397[0m
[2m08:37:51[0m [[32m[1minfo     [0m] [1mrequest_finished                        [0m [36mduration[0m=[35m0.015[0m [36mmethod[0m=[35mGET[0m [36mpath[0m=[35m/api/v1/challenges/d26c4fa3-df29-49ea-8aef-4b4fdff2c1d0[0m [36mreq[0m=[35m21870397[0m [36mrequest_id[0m=[35m21870397-4bd7-46ab-9766-237a0b7d4691[0m [36mstatus[0m=[35m200[0m
[2m08:38:01[0m [[32m[1minfo     [0m] [1mGetting challenge status: id=d26c4fa3-df29-49ea-8aef-4b4fdff2c1d0[0m [36mreq[0m=[35m682a6b65[0m
[2m08:38:01[0m [[32m[1minfo     [0m] [1mrequest_finished                        [0m [36mduration[0m=[35m0.024[0m [36mmethod[0m=[35mGET[0m [36mpath[0m=[35m/api/v1/challenges/d26c4fa3-df29-49ea-8aef-4b4fdff2c1d0[0m [36mreq[0m=[35m682a6b65[0m [36mrequest_id[0m=[35m682a6b65-5621-4dbf-beda-40f426e46131[0m [36mstatus[0m=[35m200[0m
[2m08:38:11[0m [[32m[1minfo     [0m] [1mGetting challenge status: id=d26c4fa3-df29-49ea-8aef-4b4fdff2c1d0[0m [36mreq[0m=[35m45e99266[0m
[2m08:38:11[0m [[32m[1minfo     [0m] [1mrequest_finished                        [0m [36mduration[0m=[35m0.005[0m [36mmethod[0m=[35mGET[0m [36mpath[0m=[35m/api/v1/challenges/d26c4fa3-df29-49ea-8aef-4b4fdff2c1d0[0m [36mreq[0m=[35m45e99266[0m [36mrequest_id[0m=[35m45e99266-8474-4f51-b6a2-c913ecd5e70f[0m [36mstatus[0m=[35m200[0m
[2m08:38:21[0m [[32m[1minfo     [0m] [1mGetting challenge status: id=d26c4fa3-df29-49ea-8aef-4b4fdff2c1d0[0m [36mreq[0m=[35mee7c8f4e[0m
[2m08:38:21[0m [[32m[1minfo     [0m] [1mrequest_finished                        [0m [36mduration[0m=[35m0.011[0m [36mmethod[0m=[35mGET[0m [36mpath[0m=[35m/api/v1/challenges/d26c4fa3-df29-49ea-8aef-4b4fdff2c1d0[0m [36mreq[0m=[35mee7c8f4e[0m [36mrequest_id[0m=[35mee7c8f4e-4751-4486-8719-f6ab93136ad9[0m [36mstatus[0m=[35m200[0m
[2m08:38:31[0m [[32m[1minfo     [0m] [1mGetting challenge status: id=d26c4fa3-df29-49ea-8aef-4b4fdff2c1d0[0m [36mreq[0m=[35m67827166[0m
[2m08:38:31[0m [[32m[1minfo     [0m] [1mrequest_finished                        [0m [36mduration[0m=[35m0.015[0m [36mmethod[0m=[35mGET[0m [36mpath[0m=[35m/api/v1/challenges/d26c4fa3-df29-49ea-8aef-4b4fdff2c1d0[0m [36mreq[0m=[35m67827166[0m [36mrequest_id[0m=[35m67827166-8ca8-435e-a84b-f7115d625942[0m [36mstatus[0m=[35m200[0m
[2m08:38:37[0m [[32m[1minfo     [0m] [1mPip packages installed successfully     [0m [36mreq[0m=[35ma7bdc005[0m
[2m08:38:41[0m [[32m[1minfo     [0m] [1mGetting challenge status: id=d26c4fa3-df29-49ea-8aef-4b4fdff2c1d0[0m [36mreq[0m=[35mf2ee092f[0m
[2m08:38:41[0m [[32m[1minfo     [0m] [1mrequest_finished                        [0m [36mduration[0m=[35m0.034[0m [36mmethod[0m=[35mGET[0m [36mpath[0m=[35m/api/v1/challenges/d26c4fa3-df29-49ea-8aef-4b4fdff2c1d0[0m [36mreq[0m=[35mf2ee092f[0m [36mrequest_id[0m=[35mf2ee092f-c751-47e9-9459-bcaaf92ea89f[0m [36mstatus[0m=[35m200[0m
[2m08:38:51[0m [[32m[1minfo     [0m] [1mGetting challenge status: id=d26c4fa3-df29-49ea-8aef-4b4fdff2c1d0[0m [36mreq[0m=[35mab603719[0m
[2m08:38:51[0m [[32m[1minfo     [0m] [1mrequest_finished                        [0m [36mduration[0m=[35m0.03[0m [36mmethod[0m=[35mGET[0m [36mpath[0m=[35m/api/v1/challenges/d26c4fa3-df29-49ea-8aef-4b4fdff2c1d0[0m [36mreq[0m=[35mab603719[0m [36mrequest_id[0m=[35mab603719-685c-4273-81ef-b8f711731aaa[0m [36mstatus[0m=[35m200[0m
[2m08:39:01[0m [[32m[1minfo     [0m] [1mGetting challenge status: id=d26c4fa3-df29-49ea-8aef-4b4fdff2c1d0[0m [36mreq[0m=[35m07e777a3[0m
[2m08:39:01[0m [[32m[1minfo     [0m] [1mrequest_finished                        [0m [36mduration[0m=[35m0.014[0m [36mmethod[0m=[35mGET[0m [36mpath[0m=[35m/api/v1/challenges/d26c4fa3-df29-49ea-8aef-4b4fdff2c1d0[0m [36mreq[0m=[35m07e777a3[0m [36mrequest_id[0m=[35m07e777a3-82f8-43ff-9372-8ee645868779[0m [36mstatus[0m=[35m200[0m
[2m08:39:11[0m [[32m[1minfo     [0m] [1mGetting challenge status: id=d26c4fa3-df29-49ea-8aef-4b4fdff2c1d0[0m [36mreq[0m=[35m0d45569e[0m
[2m08:39:11[0m [[32m[1minfo     [0m] [1mrequest_finished                        [0m [36mduration[0m=[35m0.018[0m [36mmethod[0m=[35mGET[0m [36mpath[0m=[35m/api/v1/challenges/d26c4fa3-df29-49ea-8aef-4b4fdff2c1d0[0m [36mreq[0m=[35m0d45569e[0m [36mrequest_id[0m=[35m0d45569e-de68-4ca0-83c7-dfd80b8027bd[0m [36mstatus[0m=[35m200[0m
[2m08:39:21[0m [[32m[1minfo     [0m] [1mGetting challenge status: id=d26c4fa3-df29-49ea-8aef-4b4fdff2c1d0[0m [36mreq[0m=[35md1f28c2a[0m
[2m08:39:21[0m [[32m[1minfo     [0m] [1mrequest_finished                        [0m [36mduration[0m=[35m0.006[0m [36mmethod[0m=[35mGET[0m [36mpath[0m=[35m/api/v1/challenges/d26c4fa3-df29-49ea-8aef-4b4fdff2c1d0[0m [36mreq[0m=[35md1f28c2a[0m [36mrequest_id[0m=[35md1f28c2a-c5c3-43d6-aeb6-3a5cec9b8561[0m [36mstatus[0m=[35m200[0m
[2m08:39:31[0m [[32m[1minfo     [0m] [1mGetting challenge status: id=d26c4fa3-df29-49ea-8aef-4b4fdff2c1d0[0m [36mreq[0m=[35md29b1f2a[0m
[2m08:39:31[0m [[32m[1minfo     [0m] [1mrequest_finished                        [0m [36mduration[0m=[35m0.009[0m [36mmethod[0m=[35mGET[0m [36mpath[0m=[35m/api/v1/challenges/d26c4fa3-df29-49ea-8aef-4b4fdff2c1d0[0m [36mreq[0m=[35md29b1f2a[0m [36mrequest_id[0m=[35md29b1f2a-e514-46a2-a9b7-d229f5ce24b7[0m [36mstatus[0m=[35m200[0m
[2m08:39:41[0m [[32m[1minfo     [0m] [1mGetting challenge status: id=d26c4fa3-df29-49ea-8aef-4b4fdff2c1d0[0m [36mreq[0m=[35m9625274b[0m
[2m08:39:41[0m [[32m[1minfo     [0m] [1mrequest_finished                        [0m [36mduration[0m=[35m0.015[0m [36mmethod[0m=[35mGET[0m [36mpath[0m=[35m/api/v1/challenges/d26c4fa3-df29-49ea-8aef-4b4fdff2c1d0[0m [36mreq[0m=[35m9625274b[0m [36mrequest_id[0m=[35m9625274b-caa3-4d8c-95ef-ccb2e4558fb6[0m [36mstatus[0m=[35m200[0m
[2m08:39:51[0m [[32m[1minfo     [0m] [1mGetting challenge status: id=d26c4fa3-df29-49ea-8aef-4b4fdff2c1d0[0m [36mreq[0m=[35m7c04aac5[0m
[2m08:39:51[0m [[32m[1minfo     [0m] [1mrequest_finished                        [0m [36mduration[0m=[35m0.008[0m [36mmethod[0m=[35mGET[0m [36mpath[0m=[35m/api/v1/challenges/d26c4fa3-df29-49ea-8aef-4b4fdff2c1d0[0m [36mreq[0m=[35m7c04aac5[0m [36mrequest_id[0m=[35m7c04aac5-e734-49d6-8845-96da3fac4db3[0m [36mstatus[0m=[35m200[0m
[2m08:40:01[0m [[32m[1minfo     [0m] [1mGetting challenge status: id=d26c4fa3-df29-49ea-8aef-4b4fdff2c1d0[0m [36mreq[0m=[35m4b93cf53[0m
[2m08:40:01[0m [[32m[1minfo     [0m] [1mrequest_finished                        [0m [36mduration[0m=[35m0.012[0m [36mmethod[0m=[35mGET[0m [36mpath[0m=[35m/api/v1/challenges/d26c4fa3-df29-49ea-8aef-4b4fdff2c1d0[0m [36mreq[0m=[35m4b93cf53[0m [36mrequest_id[0m=[35m4b93cf53-4458-4bcd-a9c2-bbb6c1f11ec1[0m [36mstatus[0m=[35m200[0m
[2m08:40:11[0m [[32m[1minfo     [0m] [1mGetting challenge status: id=d26c4fa3-df29-49ea-8aef-4b4fdff2c1d0[0m [36mreq[0m=[35m6c741f46[0m
[2m08:40:11[0m [[32m[1minfo     [0m] [1mrequest_finished                        [0m [36mduration[0m=[35m0.021[0m [36mmethod[0m=[35mGET[0m [36mpath[0m=[35m/api/v1/challenges/d26c4fa3-df29-49ea-8aef-4b4fdff2c1d0[0m [36mreq[0m=[35m6c741f46[0m [36mrequest_id[0m=[35m6c741f46-2777-46f3-a80f-abbe46414185[0m [36mstatus[0m=[35m200[0m
[2m08:40:21[0m [[32m[1minfo     [0m] [1mGetting challenge status: id=d26c4fa3-df29-49ea-8aef-4b4fdff2c1d0[0m [36mreq[0m=[35m2be31256[0m
[2m08:40:21[0m [[32m[1minfo     [0m] [1mrequest_finished                        [0m [36mduration[0m=[35m0.016[0m [36mmethod[0m=[35mGET[0m [36mpath[0m=[35m/api/v1/challenges/d26c4fa3-df29-49ea-8aef-4b4fdff2c1d0[0m [36mreq[0m=[35m2be31256[0m [36mrequest_id[0m=[35m2be31256-dd97-41b0-9de6-a2ebd6a8edd5[0m [36mstatus[0m=[35m200[0m
[2m08:40:31[0m [[32m[1minfo     [0m] [1mGetting challenge status: id=d26c4fa3-df29-49ea-8aef-4b4fdff2c1d0[0m [36mreq[0m=[35md61116bd[0m
[2m08:40:31[0m [[32m[1minfo     [0m] [1mrequest_finished                        [0m [36mduration[0m=[35m0.008[0m [36mmethod[0m=[35mGET[0m [36mpath[0m=[35m/api/v1/challenges/d26c4fa3-df29-49ea-8aef-4b4fdff2c1d0[0m [36mreq[0m=[35md61116bd[0m [36mrequest_id[0m=[35md61116bd-f6d1-4171-bb3c-9604552956e6[0m [36mstatus[0m=[35m200[0m
[2m08:40:41[0m [[32m[1minfo     [0m] [1mGetting challenge status: id=d26c4fa3-df29-49ea-8aef-4b4fdff2c1d0[0m [36mreq[0m=[35m695f0235[0m
[2m08:40:41[0m [[32m[1minfo     [0m] [1mrequest_finished                        [0m [36mduration[0m=[35m0.013[0m [36mmethod[0m=[35mGET[0m [36mpath[0m=[35m/api/v1/challenges/d26c4fa3-df29-49ea-8aef-4b4fdff2c1d0[0m [36mreq[0m=[35m695f0235[0m [36mrequest_id[0m=[35m695f0235-ffd8-4dc6-99fe-e8b100b560cb[0m [36mstatus[0m=[35m200[0m
[2m08:40:52[0m [[32m[1minfo     [0m] [1mGetting challenge status: id=d26c4fa3-df29-49ea-8aef-4b4fdff2c1d0[0m [36mreq[0m=[35mcf608f95[0m
[2m08:40:52[0m [[32m[1minfo     [0m] [1mrequest_finished                        [0m [36mduration[0m=[35m0.004[0m [36mmethod[0m=[35mGET[0m [36mpath[0m=[35m/api/v1/challenges/d26c4fa3-df29-49ea-8aef-4b4fdff2c1d0[0m [36mreq[0m=[35mcf608f95[0m [36mrequest_id[0m=[35mcf608f95-3470-4796-a02d-a223fe470495[0m [36mstatus[0m=[35m200[0m
[2m08:41:02[0m [[32m[1minfo     [0m] [1mGetting challenge status: id=d26c4fa3-df29-49ea-8aef-4b4fdff2c1d0[0m [36mreq[0m=[35me640ab45[0m
[2m08:41:02[0m [[32m[1minfo     [0m] [1mrequest_finished                        [0m [36mduration[0m=[35m0.02[0m [36mmethod[0m=[35mGET[0m [36mpath[0m=[35m/api/v1/challenges/d26c4fa3-df29-49ea-8aef-4b4fdff2c1d0[0m [36mreq[0m=[35me640ab45[0m [36mrequest_id[0m=[35me640ab45-032b-479f-999c-28f1050cc651[0m [36mstatus[0m=[35m200[0m
[2m08:41:11[0m [[32m[1minfo     [0m] [1mSandbox execution complete: success=True, time=250036ms, cached=False[0m [36mreq[0m=[35ma7bdc005[0m
[2m08:41:12[0m [[32m[1minfo     [0m] [1mGetting challenge status: id=d26c4fa3-df29-49ea-8aef-4b4fdff2c1d0[0m [36mreq[0m=[35m238efb69[0m
[2m08:41:12[0m [[32m[1minfo     [0m] [1mrequest_finished                        [0m [36mduration[0m=[35m0.033[0m [36mmethod[0m=[35mGET[0m [36mpath[0m=[35m/api/v1/challenges/d26c4fa3-df29-49ea-8aef-4b4fdff2c1d0[0m [36mreq[0m=[35m238efb69[0m [36mrequest_id[0m=[35m238efb69-0b5b-42fe-a23d-1e7a3c0ed863[0m [36mstatus[0m=[35m200[0m
[2m08:41:17[0m [[32m[1minfo     [0m] [1mTranskription erfolgreich: 1087 Zeichen [0m [36mreq[0m=[35ma7bdc005[0m
[2m08:41:17[0m [[32m[1minfo     [0m] [1mLoading topology from database...       [0m [36mreq[0m=[35ma7bdc005[0m
[2m08:41:17[0m [[32m[1minfo     [0m] [1mMapped 9 skill entries to 9 capabilities[0m [36mreq[0m=[35ma7bdc005[0m
[2m08:41:17[0m [[32m[1minfo     [0m] [1mTopology validated: 11 agents in 5 waves[0m [36mreq[0m=[35ma7bdc005[0m
[2m08:41:17[0m [[32m[1minfo     [0m] [1mLoaded 9 skills for topology            [0m [36mreq[0m=[35ma7bdc005[0m
[2m08:41:17[0m [[32m[1minfo     [0m] [1mTopology loaded: 11 agents, 5 waves     [0m [36mreq[0m=[35ma7bdc005[0m
[2m08:41:17[0m [[32m[1minfo     [0m] [1mShared memory initialized with Qdrant   [0m [36mreq[0m=[35ma7bdc005[0m
[2m08:41:17[0m [[32m[1minfo     [0m] [1mHybridOrchestrator initialized          [0m [36mreq[0m=[35ma7bdc005[0m
[2m08:41:17[0m [[32m[1minfo     [0m] [1mStarting execution: 1af57532-8713-40f3-a7b2-2ff3233406a9[0m [36mreq[0m=[35ma7bdc005[0m
[2m08:41:20[0m [[32m[1minfo     [0m] [1mTeam assembled: 5 agents, strategy='1. Analyse des Transkripts -> 2. Kontextuelle Anreicherung -> 3. Generierung des Entwurfs -> 4. Validierung gegen das Transkript -> 5. Finalisierung des Berichts.', 5 waves[0m [36mreq[0m=[35ma7bdc005[0m
[2m08:41:20[0m [[32m[1minfo     [0m] [1mMapped 9 skill entries to 9 capabilities[0m [36mreq[0m=[35ma7bdc005[0m
[2m08:41:20[0m [[32m[1minfo     [0m] [1mTopology validated: 5 agents in 5 waves [0m [36mreq[0m=[35ma7bdc005[0m
[2m08:41:20[0m [[32m[1minfo     [0m] [1mLoaded 9 skills for topology            [0m [36mreq[0m=[35ma7bdc005[0m
[2m08:41:20[0m [[32m[1minfo     [0m] [1mDocker client connected successfully    [0m [36mreq[0m=[35ma7bdc005[0m
[2m08:41:20[0m [[32m[1minfo     [0m] [1mCreated DynamicSandbox executor (Docker-based, unrestricted)[0m [36mreq[0m=[35ma7bdc005[0m
[2m08:41:20[0m [[32m[1minfo     [0m] [1mLoading topology from database...       [0m [36mreq[0m=[35ma7bdc005[0m
[2m08:41:20[0m [[32m[1minfo     [0m] [1mMapped 9 skill entries to 9 capabilities[0m [36mreq[0m=[35ma7bdc005[0m
[2m08:41:20[0m [[32m[1minfo     [0m] [1mTopology validated: 11 agents in 5 waves[0m [36mreq[0m=[35ma7bdc005[0m
[2m08:41:20[0m [[32m[1minfo     [0m] [1mLoaded 9 skills for topology            [0m [36mreq[0m=[35ma7bdc005[0m
[2m08:41:20[0m [[32m[1minfo     [0m] [1mTopology loaded: 11 agents, 5 waves     [0m [36mreq[0m=[35ma7bdc005[0m
[2m08:41:20[0m [[32m[1minfo     [0m] [1mRuntimeAgentRegistry initialized with max_concurrent=5[0m [36mreq[0m=[35ma7bdc005[0m
[2m08:41:20[0m [[32m[1minfo     [0m] [1mExecuting wave 1/5: ['75fb97b8-e608-47c7-a3c2-dcecf5a8643c'][0m [36mreq[0m=[35ma7bdc005[0m
[2m08:41:20[0m [[32m[1minfo     [0m] [1mExecuting agent: transcript_analyzer (75fb97b8-e608-47c7-a3c2-dcecf5a8643c)[0m [36mreq[0m=[35ma7bdc005[0m
[2m08:41:20[0m [[32m[1minfo     [0m] [1mshared_memory_metrics agent=transcript_analyzer facts_kept=5 facts_total=8 hypotheses=0 relations=0 approx_tokens=1334 query_chars=450[0m [36mreq[0m=[35ma7bdc005[0m
[2m08:41:22[0m [[32m[1minfo     [0m] [1mGetting challenge status: id=d26c4fa3-df29-49ea-8aef-4b4fdff2c1d0[0m [36mreq[0m=[35m2272b305[0m
[2m08:41:22[0m [[32m[1minfo     [0m] [1mrequest_finished                        [0m [36mduration[0m=[35m0.012[0m [36mmethod[0m=[35mGET[0m [36mpath[0m=[35m/api/v1/challenges/d26c4fa3-df29-49ea-8aef-4b4fdff2c1d0[0m [36mreq[0m=[35m2272b305[0m [36mrequest_id[0m=[35m2272b305-6cea-4623-9470-9821f06a007d[0m [36mstatus[0m=[35m200[0m
[2m08:41:25[0m [[32m[1minfo     [0m] [1mAgent transcript_analyzer returned final answer after 0 tool calls[0m [36mreq[0m=[35ma7bdc005[0m
[2m08:41:25[0m [[32m[1minfo     [0m] [1mAgent transcript_analyzer completed     [0m [36mreq[0m=[35ma7bdc005[0m
[2m08:41:25[0m [[32m[1minfo     [0m] [1mWave 1 agent 'transcript_analyzer' completed: success=True, skipped=False, result_len=1691[0m [36mreq[0m=[35ma7bdc005[0m
[2m08:41:25[0m [[32m[1minfo     [0m] [1mExecuting wave 2/5: ['2c860d4d-d78f-42c4-80b2-3356f4d2fdad'][0m [36mreq[0m=[35ma7bdc005[0m
[2m08:41:25[0m [[32m[1minfo     [0m] [1mExecuting agent: context_retriever (2c860d4d-d78f-42c4-80b2-3356f4d2fdad)[0m [36mreq[0m=[35ma7bdc005[0m
[2m08:41:27[0m [[32m[1minfo     [0m] [1mTool call 1/15: skill_execute_sql_queries_to_retrieve_project_and_construction_data[0m [36mreq[0m=[35ma7bdc005[0m
[2m08:41:27[0m [[32m[1minfo     [0m] [1mStarting sandbox execution: pip=['psycopg2-binary'], apt=['libpq-dev'], input_files=[][0m [36mreq[0m=[35ma7bdc005[0m
[2m08:41:27[0m [[32m[1minfo     [0m] [1mFound cached image: lumari-sandbox:custom-c3a5332b (usage=7)[0m [36mreq[0m=[35ma7bdc005[0m
[2m08:41:27[0m [[32m[1minfo     [0m] [1mUsing cached image: lumari-sandbox:custom-c3a5332b[0m [36mreq[0m=[35ma7bdc005[0m
[2m08:41:27[0m [[32m[1minfo     [0m] [1mSandbox execution complete: success=True, time=464ms, cached=True[0m [36mreq[0m=[35ma7bdc005[0m
[2m08:41:32[0m [[32m[1minfo     [0m] [1mGetting challenge status: id=d26c4fa3-df29-49ea-8aef-4b4fdff2c1d0[0m [36mreq[0m=[35mabab4aba[0m
[2m08:41:32[0m [[32m[1minfo     [0m] [1mrequest_finished                        [0m [36mduration[0m=[35m0.016[0m [36mmethod[0m=[35mGET[0m [36mpath[0m=[35m/api/v1/challenges/d26c4fa3-df29-49ea-8aef-4b4fdff2c1d0[0m [36mreq[0m=[35mabab4aba[0m [36mrequest_id[0m=[35mabab4aba-078e-45ae-9b38-d1053640d1c9[0m [36mstatus[0m=[35m200[0m
[2m08:41:34[0m [[32m[1minfo     [0m] [1mTool call 2/15: skill_output_ist_rein_theoretisch_/_beschreibend[0m [36mreq[0m=[35ma7bdc005[0m
[2m08:41:34[0m [[32m[1minfo     [0m] [1mStarting sandbox execution: pip=[], apt=[], input_files=[][0m [36mreq[0m=[35ma7bdc005[0m
[2m08:41:34[0m [[32m[1minfo     [0m] [1mSandbox execution complete: success=True, time=409ms, cached=False[0m [36mreq[0m=[35ma7bdc005[0m
[2m08:41:42[0m [[32m[1minfo     [0m] [1mGetting challenge status: id=d26c4fa3-df29-49ea-8aef-4b4fdff2c1d0[0m [36mreq[0m=[35m21ad17bc[0m
[2m08:41:42[0m [[32m[1minfo     [0m] [1mrequest_finished                        [0m [36mduration[0m=[35m0.011[0m [36mmethod[0m=[35mGET[0m [36mpath[0m=[35m/api/v1/challenges/d26c4fa3-df29-49ea-8aef-4b4fdff2c1d0[0m [36mreq[0m=[35m21ad17bc[0m [36mrequest_id[0m=[35m21ad17bc-6090-4065-8a10-999309a30eb5[0m [36mstatus[0m=[35m200[0m
[2m08:41:42[0m [[32m[1minfo     [0m] [1mAgent context_retriever returned final answer after 2 tool calls[0m [36mreq[0m=[35ma7bdc005[0m
[2m08:41:43[0m [[32m[1minfo     [0m] [1mAgent context_retriever completed       [0m [36mreq[0m=[35ma7bdc005[0m
[2m08:41:43[0m [[32m[1minfo     [0m] [1mWave 2 agent 'context_retriever' completed: success=True, skipped=False, result_len=1419[0m [36mreq[0m=[35ma7bdc005[0m
[2m08:41:43[0m [[32m[1minfo     [0m] [1mExecuting wave 3/5: ['a9dc3547-c07e-42db-adef-e9aed3bdf631'][0m [36mreq[0m=[35ma7bdc005[0m
[2m08:41:43[0m [[32m[1minfo     [0m] [1mExecuting agent: report_generator (a9dc3547-c07e-42db-adef-e9aed3bdf631)[0m [36mreq[0m=[35ma7bdc005[0m
[2m08:41:45[0m [[32m[1minfo     [0m] [1mAgent report_generator returned final answer after 0 tool calls[0m [36mreq[0m=[35ma7bdc005[0m
[2m08:41:46[0m [[32m[1minfo     [0m] [1mAgent report_generator completed        [0m [36mreq[0m=[35ma7bdc005[0m
[2m08:41:46[0m [[32m[1minfo     [0m] [1mWave 3 agent 'report_generator' completed: success=True, skipped=False, result_len=2142[0m [36mreq[0m=[35ma7bdc005[0m
[2m08:41:46[0m [[32m[1minfo     [0m] [1mExecuting wave 4/5: ['96c2b0d9-f739-4773-80ed-faa3aa399cff'][0m [36mreq[0m=[35ma7bdc005[0m
[2m08:41:46[0m [[32m[1minfo     [0m] [1mExecuting agent: quality_validator (96c2b0d9-f739-4773-80ed-faa3aa399cff)[0m [36mreq[0m=[35ma7bdc005[0m
[2m08:41:47[0m [[32m[1minfo     [0m] [1mAgent quality_validator returned final answer after 0 tool calls[0m [36mreq[0m=[35ma7bdc005[0m
[2m08:41:47[0m [[32m[1minfo     [0m] [1mAgent quality_validator completed       [0m [36mreq[0m=[35ma7bdc005[0m
[2m08:41:47[0m [[32m[1minfo     [0m] [1mWave 4 agent 'quality_validator' completed: success=True, skipped=False, result_len=294[0m [36mreq[0m=[35ma7bdc005[0m
[2m08:41:47[0m [[32m[1minfo     [0m] [1mExecuting wave 5/5: ['2f49804d-3909-482a-aa2d-2b09912eb1be'][0m [36mreq[0m=[35ma7bdc005[0m
[2m08:41:47[0m [[32m[1minfo     [0m] [1mExecuting agent: report_finalizer (2f49804d-3909-482a-aa2d-2b09912eb1be)[0m [36mreq[0m=[35ma7bdc005[0m
[2m08:41:50[0m [[32m[1minfo     [0m] [1mAgent report_finalizer returned final answer after 0 tool calls[0m [36mreq[0m=[35ma7bdc005[0m
[2m08:41:50[0m [[32m[1minfo     [0m] [1mAgent report_finalizer completed        [0m [36mreq[0m=[35ma7bdc005[0m
[2m08:41:50[0m [[32m[1minfo     [0m] [1mWave 5 agent 'report_finalizer' completed: success=True, skipped=False, result_len=2467[0m [36mreq[0m=[35ma7bdc005[0m
[2m08:41:51[0m [[32m[1minfo     [0m] [1mVerification: score=0.40, action=replan_feedback, round 1[0m [36mreq[0m=[35ma7bdc005[0m
[2m08:41:51[0m [[32m[1minfo     [0m] [1mExecuting agent: quality_validator (96c2b0d9-f739-4773-80ed-faa3aa399cff)[0m [36mreq[0m=[35ma7bdc005[0m
[2m08:41:51[0m [[32m[1minfo     [0m] [1mExecuting agent: report_finalizer (2f49804d-3909-482a-aa2d-2b09912eb1be)[0m [36mreq[0m=[35ma7bdc005[0m
[2m08:41:52[0m [[32m[1minfo     [0m] [1mGetting challenge status: id=d26c4fa3-df29-49ea-8aef-4b4fdff2c1d0[0m [36mreq[0m=[35mb08141e4[0m
[2m08:41:52[0m [[32m[1minfo     [0m] [1mrequest_finished                        [0m [36mduration[0m=[35m0.013[0m [36mmethod[0m=[35mGET[0m [36mpath[0m=[35m/api/v1/challenges/d26c4fa3-df29-49ea-8aef-4b4fdff2c1d0[0m [36mreq[0m=[35mb08141e4[0m [36mrequest_id[0m=[35mb08141e4-537e-4933-b4df-e6d20585800e[0m [36mstatus[0m=[35m200[0m
[2m08:41:53[0m [[32m[1minfo     [0m] [1mAgent quality_validator returned final answer after 0 tool calls[0m [36mreq[0m=[35ma7bdc005[0m
[2m08:41:53[0m [[32m[1minfo     [0m] [1mAgent quality_validator completed       [0m [36mreq[0m=[35ma7bdc005[0m
[2m08:41:54[0m [[32m[1minfo     [0m] [1mAgent report_finalizer returned final answer after 0 tool calls[0m [36mreq[0m=[35ma7bdc005[0m
[2m08:41:55[0m [[32m[1minfo     [0m] [1mAgent report_finalizer completed        [0m [36mreq[0m=[35ma7bdc005[0m
[2m08:41:55[0m [[32m[1minfo     [0m] [1mWave 100 agent 'quality_validator' completed: success=True, skipped=False, result_len=239[0m [36mreq[0m=[35ma7bdc005[0m
[2m08:41:55[0m [[32m[1minfo     [0m] [1mWave 100 agent 'report_finalizer' completed: success=True, skipped=False, result_len=2424[0m [36mreq[0m=[35ma7bdc005[0m
[2m08:41:56[0m [[32m[1minfo     [0m] [1mScore-Stagnation: 0.40 -> 0.10, Adapt-Loop beendet nach 2 Runden[0m [36mreq[0m=[35ma7bdc005[0m
[2m08:41:56[0m [[32m[1minfo     [0m] [1mArtifact pool cleared: 8 artifacts discarded[0m [36mreq[0m=[35ma7bdc005[0m
[2m08:41:56[0m [[32m[1minfo     [0m] [1mPersisted 1 facts to shared memory for execution 1af57532-8713-40f3-a7b2-2ff3233406a9[0m [36mreq[0m=[35ma7bdc005[0m
[2m08:41:56[0m [[32m[1minfo     [0m] [1mStarting telemetry for agent=75fb97b8..., execution=1af57532...[0m [36mreq[0m=[35ma7bdc005[0m
[2m08:41:56[0m [[32m[1minfo     [0m] [1mCreating telemetry record for agent=75fb97b8..., execution=1af57532...[0m [36mreq[0m=[35ma7bdc005[0m
[2m08:41:56[0m [[32m[1minfo     [0m] [1mExecution completed: challenge_id=d26c4fa3-df29-49ea-8aef-4b4fdff2c1d0, success=True[0m [36mreq[0m=[35ma7bdc005[0m
[2m08:41:56[0m [[32m[1minfo     [0m] [1mCreated telemetry record id=3122d025-1b2a-4b8e-93a5-4f5739134c72[0m [36mreq[0m=[35ma7bdc005[0m
[2m08:41:56[0m [[32m[1minfo     [0m] [1mStarted telemetry id=3122d025-1b2a-4b8e-93a5-4f5739134c72, input_hash=ddc9fc9f73b5398d..., trace_id=None[0m [36mreq[0m=[35ma7bdc005[0m
[2m08:41:56[0m [[32m[1minfo     [0m] [1mCompleting telemetry id=3122d025-1b2a-4b8e-93a5-4f5739134c72, outcome=success[0m [36mreq[0m=[35ma7bdc005[0m
[2m08:41:56[0m [[32m[1minfo     [0m] [1mUpdating telemetry record id=3122d025-1b2a-4b8e-93a5-4f5739134c72[0m [36mreq[0m=[35ma7bdc005[0m
[2m08:41:56[0m [[32m[1minfo     [0m] [1mUpdated telemetry record id=3122d025-1b2a-4b8e-93a5-4f5739134c72, outcome=success[0m [36mreq[0m=[35ma7bdc005[0m
[2m08:41:56[0m [[32m[1minfo     [0m] [1mCompleted telemetry id=3122d025-1b2a-4b8e-93a5-4f5739134c72, latency=14.51ms, tokens=36231, output_hash=44136fa355b3678a...[0m [36mreq[0m=[35ma7bdc005[0m
[2m08:41:56[0m [[32m[1minfo     [0m] [1mConfigured epicbox profile: image=lumari-sandbox:latest, limits={'cputime': 5, 'realtime': 10, 'memory': 128, 'processes': 1}[0m [36mreq[0m=[35ma7bdc005[0m
[2m08:41:56[0m [[32m[1minfo     [0m] [1mStarting analysis pipeline for execution_id=1af57532...[0m [36mreq[0m=[35ma7bdc005[0m
[2m08:41:56[0m [[32m[1minfo     [0m] [1mRetrieved telemetry for agent=75fb97b8..., outcome=success[0m [36mreq[0m=[35ma7bdc005[0m
[2m08:41:56[0m [[32m[1minfo     [0m] [1mRetrieved 6 historical executions for pattern context[0m [36mreq[0m=[35ma7bdc005[0m
[2m08:41:56[0m [[32m[1minfo     [0m] [1mAnalyzing execution_id=1af57532...      [0m [36mreq[0m=[35ma7bdc005[0m
[2m08:41:58[0m [[32m[1minfo     [0m] [1mAnalysis complete: 1 findings for execution_id=1af57532...[0m [36mreq[0m=[35ma7bdc005[0m
[2m08:41:58[0m [[32m[1minfo     [0m] [1mAnalyzer generated 1 findings: summary='The execution was successful with no errors or per...'[0m [36mreq[0m=[35ma7bdc005[0m
[2m08:41:58[0m [[32m[1minfo     [0m] [1mCreating finding for execution=1af57532..., category=topology, severity=info[0m [36mreq[0m=[35ma7bdc005[0m
[2m08:41:58[0m [[31m[1merror    [0m] [1mEvolution loop failed for execution_id=1af57532-8713-40f3-a7b2-2ff3233406a9[0m [36mreq[0m=[35ma7bdc005[0m
Traceback (most recent call last):
  File "/Users/patrick/Documents/Uni/master_project/.venv/lib/python3.13/site-packages/sqlalchemy/dialects/postgresql/asyncpg.py", line 550, in _prepare_and_execute
    self._rows = deque(await prepared_stmt.fetch(*parameters))
                       ^^^^^^^^^^^^^^^^^^^^^^^^^^^^^^^^^^^^^^
  File "/Users/patrick/Documents/Uni/master_project/.venv/lib/python3.13/site-packages/asyncpg/prepared_stmt.py", line 177, in fetch
    data = await self.__bind_execute(args, 0, timeout)
           ^^^^^^^^^^^^^^^^^^^^^^^^^^^^^^^^^^^^^^^^^^^
  File "/Users/patrick/Documents/Uni/master_project/.venv/lib/python3.13/site-packages/asyncpg/prepared_stmt.py", line 268, in __bind_execute
    data, status, _ = await self.__do_execute(
                      ^^^^^^^^^^^^^^^^^^^^^^^^
        lambda protocol: protocol.bind_execute(
        ^^^^^^^^^^^^^^^^^^^^^^^^^^^^^^^^^^^^^^^
            self._state, args, '', limit, True, timeout))
            ^^^^^^^^^^^^^^^^^^^^^^^^^^^^^^^^^^^^^^^^^^^^^
  File "/Users/patrick/Documents/Uni/master_project/.venv/lib/python3.13/site-packages/asyncpg/prepared_stmt.py", line 257, in __do_execute
    return await executor(protocol)
           ^^^^^^^^^^^^^^^^^^^^^^^^
  File "asyncpg/protocol/protocol.pyx", line 205, in bind_execute
asyncpg.exceptions.ForeignKeyViolationError: insert or update on table "analysis_finding" violates foreign key constraint "analysis_finding_execution_telemetry_id_fkey"
DETAIL:  Key (execution_telemetry_id)=(1af57532-8713-40f3-a7b2-2ff3233406a9) is not present in table "execution_telemetry".

The above exception was the direct cause of the following exception:

Traceback (most recent call last):
  File "/Users/patrick/Documents/Uni/master_project/.venv/lib/python3.13/site-packages/sqlalchemy/engine/base.py", line 1967, in _exec_single_context
    self.dialect.do_execute(
    ~~~~~~~~~~~~~~~~~~~~~~~^
        cursor, str_statement, effective_parameters, context
        ^^^^^^^^^^^^^^^^^^^^^^^^^^^^^^^^^^^^^^^^^^^^^^^^^^^^
    )
    ^
  File "/Users/patrick/Documents/Uni/master_project/.venv/lib/python3.13/site-packages/sqlalchemy/engine/default.py", line 951, in do_execute
    cursor.execute(statement, parameters)
    ~~~~~~~~~~~~~~^^^^^^^^^^^^^^^^^^^^^^^
  File "/Users/patrick/Documents/Uni/master_project/.venv/lib/python3.13/site-packages/sqlalchemy/dialects/postgresql/asyncpg.py", line 585, in execute
    self._adapt_connection.await_(
    ~~~~~~~~~~~~~~~~~~~~~~~~~~~~~^
        self._prepare_and_execute(operation, parameters)
        ^^^^^^^^^^^^^^^^^^^^^^^^^^^^^^^^^^^^^^^^^^^^^^^^
    )
    ^
  File "/Users/patrick/Documents/Uni/master_project/.venv/lib/python3.13/site-packages/sqlalchemy/util/_concurrency_py3k.py", line 132, in await_only
    return current.parent.switch(awaitable)  # type: ignore[no-any-return,attr-defined] # noqa: E501
           ~~~~~~~~~~~~~~~~~~~~~^^^^^^^^^^^
  File "/Users/patrick/Documents/Uni/master_project/.venv/lib/python3.13/site-packages/sqlalchemy/util/_concurrency_py3k.py", line 196, in greenlet_spawn
    value = await result
            ^^^^^^^^^^^^
  File "/Users/patrick/Documents/Uni/master_project/.venv/lib/python3.13/site-packages/sqlalchemy/dialects/postgresql/asyncpg.py", line 563, in _prepare_and_execute
    self._handle_exception(error)
    ~~~~~~~~~~~~~~~~~~~~~~^^^^^^^
  File "/Users/patrick/Documents/Uni/master_project/.venv/lib/python3.13/site-packages/sqlalchemy/dialects/postgresql/asyncpg.py", line 513, in _handle_exception
    self._adapt_connection._handle_exception(error)
    ~~~~~~~~~~~~~~~~~~~~~~~~~~~~~~~~~~~~~~~~^^^^^^^
  File "/Users/patrick/Documents/Uni/master_project/.venv/lib/python3.13/site-packages/sqlalchemy/dialects/postgresql/asyncpg.py", line 797, in _handle_exception
    raise translated_error from error
sqlalchemy.dialects.postgresql.asyncpg.AsyncAdapt_asyncpg_dbapi.IntegrityError: <class 'asyncpg.exceptions.ForeignKeyViolationError'>: insert or update on table "analysis_finding" violates foreign key constraint "analysis_finding_execution_telemetry_id_fkey"
DETAIL:  Key (execution_telemetry_id)=(1af57532-8713-40f3-a7b2-2ff3233406a9) is not present in table "execution_telemetry".

The above exception was the direct cause of the following exception:

Traceback (most recent call last):
  File "/Users/patrick/Documents/Uni/master_project/backend/app/services/evolution_loop_service.py", line 81, in run_post_execution_evolution
    await self.analysis_pipeline.run(execution_id)
  File "/Users/patrick/Documents/Uni/master_project/backend/app/services/analysis_pipeline.py", line 156, in run
    stored = await self.finding_repo.create(create_data)
             ^^^^^^^^^^^^^^^^^^^^^^^^^^^^^^^^^^^^^^^^^^^
  File "/Users/patrick/Documents/Uni/master_project/backend/app/repositories/finding_repository.py", line 66, in create
    await self.session.commit()
  File "/Users/patrick/Documents/Uni/master_project/.venv/lib/python3.13/site-packages/sqlalchemy/ext/asyncio/session.py", line 1000, in commit
    await greenlet_spawn(self.sync_session.commit)
  File "/Users/patrick/Documents/Uni/master_project/.venv/lib/python3.13/site-packages/sqlalchemy/util/_concurrency_py3k.py", line 203, in greenlet_spawn
    result = context.switch(value)
  File "/Users/patrick/Documents/Uni/master_project/.venv/lib/python3.13/site-packages/sqlalchemy/orm/session.py", line 2030, in commit
    trans.commit(_to_root=True)
    ~~~~~~~~~~~~^^^^^^^^^^^^^^^
  File "<string>", line 2, in commit
  File "/Users/patrick/Documents/Uni/master_project/.venv/lib/python3.13/site-packages/sqlalchemy/orm/state_changes.py", line 137, in _go
    ret_value = fn(self, *arg, **kw)
  File "/Users/patrick/Documents/Uni/master_project/.venv/lib/python3.13/site-packages/sqlalchemy/orm/session.py", line 1311, in commit
    self._prepare_impl()
    ~~~~~~~~~~~~~~~~~~^^
  File "<string>", line 2, in _prepare_impl
  File "/Users/patrick/Documents/Uni/master_project/.venv/lib/python3.13/site-packages/sqlalchemy/orm/state_changes.py", line 137, in _go
    ret_value = fn(self, *arg, **kw)
  File "/Users/patrick/Documents/Uni/master_project/.venv/lib/python3.13/site-packages/sqlalchemy/orm/session.py", line 1286, in _prepare_impl
    self.session.flush()
    ~~~~~~~~~~~~~~~~~~^^
  File "/Users/patrick/Documents/Uni/master_project/.venv/lib/python3.13/site-packages/sqlalchemy/orm/session.py", line 4331, in flush
    self._flush(objects)
    ~~~~~~~~~~~^^^^^^^^^
  File "/Users/patrick/Documents/Uni/master_project/.venv/lib/python3.13/site-packages/sqlalchemy/orm/session.py", line 4466, in _flush
    with util.safe_reraise():
         ~~~~~~~~~~~~~~~~~^^
  File "/Users/patrick/Documents/Uni/master_project/.venv/lib/python3.13/site-packages/sqlalchemy/util/langhelpers.py", line 224, in __exit__
    raise exc_value.with_traceback(exc_tb)
  File "/Users/patrick/Documents/Uni/master_project/.venv/lib/python3.13/site-packages/sqlalchemy/orm/session.py", line 4427, in _flush
    flush_context.execute()
    ~~~~~~~~~~~~~~~~~~~~~^^
  File "/Users/patrick/Documents/Uni/master_project/.venv/lib/python3.13/site-packages/sqlalchemy/orm/unitofwork.py", line 466, in execute
    rec.execute(self)
    ~~~~~~~~~~~^^^^^^
  File "/Users/patrick/Documents/Uni/master_project/.venv/lib/python3.13/site-packages/sqlalchemy/orm/unitofwork.py", line 642, in execute
    util.preloaded.orm_persistence.save_obj(
    ~~~~~~~~~~~~~~~~~~~~~~~~~~~~~~~~~~~~~~~^
        self.mapper,
        ^^^^^^^^^^^^
        uow.states_for_mapper_hierarchy(self.mapper, False, False),
        ^^^^^^^^^^^^^^^^^^^^^^^^^^^^^^^^^^^^^^^^^^^^^^^^^^^^^^^^^^^
        uow,
        ^^^^
    )
    ^
  File "/Users/patrick/Documents/Uni/master_project/.venv/lib/python3.13/site-packages/sqlalchemy/orm/persistence.py", line 93, in save_obj
    _emit_insert_statements(
    ~~~~~~~~~~~~~~~~~~~~~~~^
        base_mapper,
        ^^^^^^^^^^^^
    ...<3 lines>...
        insert,
        ^^^^^^^
    )
    ^
  File "/Users/patrick/Documents/Uni/master_project/.venv/lib/python3.13/site-packages/sqlalchemy/orm/persistence.py", line 1233, in _emit_insert_statements
    result = connection.execute(
        statement,
        params,
        execution_options=execution_options,
    )
  File "/Users/patrick/Documents/Uni/master_project/.venv/lib/python3.13/site-packages/sqlalchemy/engine/base.py", line 1419, in execute
    return meth(
        self,
        distilled_parameters,
        execution_options or NO_OPTIONS,
    )
  File "/Users/patrick/Documents/Uni/master_project/.venv/lib/python3.13/site-packages/sqlalchemy/sql/elements.py", line 526, in _execute_on_connection
    return connection._execute_clauseelement(
           ~~~~~~~~~~~~~~~~~~~~~~~~~~~~~~~~~^
        self, distilled_params, execution_options
        ^^^^^^^^^^^^^^^^^^^^^^^^^^^^^^^^^^^^^^^^^
    )
    ^
  File "/Users/patrick/Documents/Uni/master_project/.venv/lib/python3.13/site-packages/sqlalchemy/engine/base.py", line 1641, in _execute_clauseelement
    ret = self._execute_context(
        dialect,
    ...<8 lines>...
        cache_hit=cache_hit,
    )
  File "/Users/patrick/Documents/Uni/master_project/.venv/lib/python3.13/site-packages/sqlalchemy/engine/base.py", line 1846, in _execute_context
    return self._exec_single_context(
           ~~~~~~~~~~~~~~~~~~~~~~~~~^
        dialect, context, statement, parameters
        ^^^^^^^^^^^^^^^^^^^^^^^^^^^^^^^^^^^^^^^
    )
    ^
  File "/Users/patrick/Documents/Uni/master_project/.venv/lib/python3.13/site-packages/sqlalchemy/engine/base.py", line 1986, in _exec_single_context
    self._handle_dbapi_exception(
    ~~~~~~~~~~~~~~~~~~~~~~~~~~~~^
        e, str_statement, effective_parameters, cursor, context
        ^^^^^^^^^^^^^^^^^^^^^^^^^^^^^^^^^^^^^^^^^^^^^^^^^^^^^^^
    )
    ^
  File "/Users/patrick/Documents/Uni/master_project/.venv/lib/python3.13/site-packages/sqlalchemy/engine/base.py", line 2355, in _handle_dbapi_exception
    raise sqlalchemy_exception.with_traceback(exc_info[2]) from e
  File "/Users/patrick/Documents/Uni/master_project/.venv/lib/python3.13/site-packages/sqlalchemy/engine/base.py", line 1967, in _exec_single_context
    self.dialect.do_execute(
    ~~~~~~~~~~~~~~~~~~~~~~~^
        cursor, str_statement, effective_parameters, context
        ^^^^^^^^^^^^^^^^^^^^^^^^^^^^^^^^^^^^^^^^^^^^^^^^^^^^
    )
    ^
  File "/Users/patrick/Documents/Uni/master_project/.venv/lib/python3.13/site-packages/sqlalchemy/engine/default.py", line 951, in do_execute
    cursor.execute(statement, parameters)
    ~~~~~~~~~~~~~~^^^^^^^^^^^^^^^^^^^^^^^
  File "/Users/patrick/Documents/Uni/master_project/.venv/lib/python3.13/site-packages/sqlalchemy/dialects/postgresql/asyncpg.py", line 585, in execute
    self._adapt_connection.await_(
    ~~~~~~~~~~~~~~~~~~~~~~~~~~~~~^
        self._prepare_and_execute(operation, parameters)
        ^^^^^^^^^^^^^^^^^^^^^^^^^^^^^^^^^^^^^^^^^^^^^^^^
    )
    ^
  File "/Users/patrick/Documents/Uni/master_project/.venv/lib/python3.13/site-packages/sqlalchemy/util/_concurrency_py3k.py", line 132, in await_only
    return current.parent.switch(awaitable)  # type: ignore[no-any-return,attr-defined] # noqa: E501
           ~~~~~~~~~~~~~~~~~~~~~^^^^^^^^^^^
  File "/Users/patrick/Documents/Uni/master_project/.venv/lib/python3.13/site-packages/sqlalchemy/util/_concurrency_py3k.py", line 196, in greenlet_spawn
    value = await result
            ^^^^^^^^^^^^
  File "/Users/patrick/Documents/Uni/master_project/.venv/lib/python3.13/site-packages/sqlalchemy/dialects/postgresql/asyncpg.py", line 563, in _prepare_and_execute
    self._handle_exception(error)
    ~~~~~~~~~~~~~~~~~~~~~~^^^^^^^
  File "/Users/patrick/Documents/Uni/master_project/.venv/lib/python3.13/site-packages/sqlalchemy/dialects/postgresql/asyncpg.py", line 513, in _handle_exception
    self._adapt_connection._handle_exception(error)
    ~~~~~~~~~~~~~~~~~~~~~~~~~~~~~~~~~~~~~~~~^^^^^^^
  File "/Users/patrick/Documents/Uni/master_project/.venv/lib/python3.13/site-packages/sqlalchemy/dialects/postgresql/asyncpg.py", line 797, in _handle_exception
    raise translated_error from error
sqlalchemy.exc.IntegrityError: (sqlalchemy.dialects.postgresql.asyncpg.IntegrityError) <class 'asyncpg.exceptions.ForeignKeyViolationError'>: insert or update on table "analysis_finding" violates foreign key constraint "analysis_finding_execution_telemetry_id_fkey"
DETAIL:  Key (execution_telemetry_id)=(1af57532-8713-40f3-a7b2-2ff3233406a9) is not present in table "execution_telemetry".
[SQL: INSERT INTO analysis_finding (id, execution_telemetry_id, category, severity, evidence, suggested_fix, priority_rank, input_content, output_content, created_at) VALUES ($1::VARCHAR, $2::VARCHAR, $3::VARCHAR, $4::VARCHAR, $5::VARCHAR, $6::VARCHAR, $7::INTEGER, $8::VARCHAR, $9::VARCHAR, $10::TIMESTAMP WITH TIME ZONE)]
[parameters: ('756cbf60-2737-47b2-a6ee-deaa7a36b4a3', '1af57532-8713-40f3-a7b2-2ff3233406a9', 'topology', 'info', 'Input token count (31,403) is significantly higher than output token count (4,828), suggesting a high ratio of context overhead relative to task completion.', 'Implement a context pruning strategy or RAG-based retrieval to reduce the input payload size for this agent, as the current input volume appears disproportionate to the task complexity.', None, None, None, datetime.datetime(2026, 5, 18, 8, 41, 58, 181518, tzinfo=datetime.timezone.utc))]
(Background on this error at: https://sqlalche.me/e/20/gkpj)
[2m08:41:58[0m [[33m[1mwarning  [0m] [1mFailed to emit evolution event evolution.failed for 1af57532-8713-40f3-a7b2-2ff3233406a9: This Session's transaction has been rolled back due to a previous exception during flush. To begin a new transaction with this Session, first issue Session.rollback(). Original exception was: (sqlalchemy.dialects.postgresql.asyncpg.IntegrityError) <class 'asyncpg.exceptions.ForeignKeyViolationError'>: insert or update on table "analysis_finding" violates foreign key constraint "analysis_finding_execution_telemetry_id_fkey"
DETAIL:  Key (execution_telemetry_id)=(1af57532-8713-40f3-a7b2-2ff3233406a9) is not present in table "execution_telemetry".
[SQL: INSERT INTO analysis_finding (id, execution_telemetry_id, category, severity, evidence, suggested_fix, priority_rank, input_content, output_content, created_at) VALUES ($1::VARCHAR, $2::VARCHAR, $3::VARCHAR, $4::VARCHAR, $5::VARCHAR, $6::VARCHAR, $7::INTEGER, $8::VARCHAR, $9::VARCHAR, $10::TIMESTAMP WITH TIME ZONE)]
[parameters: ('756cbf60-2737-47b2-a6ee-deaa7a36b4a3', '1af57532-8713-40f3-a7b2-2ff3233406a9', 'topology', 'info', 'Input token count (31,403) is significantly higher than output token count (4,828), suggesting a high ratio of context overhead relative to task completion.', 'Implement a context pruning strategy or RAG-based retrieval to reduce the input payload size for this agent, as the current input volume appears disproportionate to the task complexity.', None, None, None, datetime.datetime(2026, 5, 18, 8, 41, 58, 181518, tzinfo=datetime.timezone.utc))]
(Background on this error at: https://sqlalche.me/e/20/gkpj) (Background on this error at: https://sqlalche.me/e/20/7s2a)[0m [36mreq[0m=[35ma7bdc005[0m
<sys>:0: SAWarning: Session's state has been changed on a non-active transaction - this state will be discarded.
[2m08:41:58[0m [[31m[1merror    [0m] [1mEvolution task failed for 1af57532-8713-40f3-a7b2-2ff3233406a9: (sqlalchemy.dialects.postgresql.asyncpg.IntegrityError) <class 'asyncpg.exceptions.ForeignKeyViolationError'>: insert or update on table "analysis_finding" violates foreign key constraint "analysis_finding_execution_telemetry_id_fkey"
DETAIL:  Key (execution_telemetry_id)=(1af57532-8713-40f3-a7b2-2ff3233406a9) is not present in table "execution_telemetry".
[SQL: INSERT INTO analysis_finding (id, execution_telemetry_id, category, severity, evidence, suggested_fix, priority_rank, input_content, output_content, created_at) VALUES ($1::VARCHAR, $2::VARCHAR, $3::VARCHAR, $4::VARCHAR, $5::VARCHAR, $6::VARCHAR, $7::INTEGER, $8::VARCHAR, $9::VARCHAR, $10::TIMESTAMP WITH TIME ZONE)]
[parameters: ('756cbf60-2737-47b2-a6ee-deaa7a36b4a3', '1af57532-8713-40f3-a7b2-2ff3233406a9', 'topology', 'info', 'Input token count (31,403) is significantly higher than output token count (4,828), suggesting a high ratio of context overhead relative to task completion.', 'Implement a context pruning strategy or RAG-based retrieval to reduce the input payload size for this agent, as the current input volume appears disproportionate to the task complexity.', None, None, None, datetime.datetime(2026, 5, 18, 8, 41, 58, 181518, tzinfo=datetime.timezone.utc))]
(Background on this error at: https://sqlalche.me/e/20/gkpj)[0m [36mreq[0m=[35ma7bdc005[0m
Traceback (most recent call last):
  File "/Users/patrick/Documents/Uni/master_project/.venv/lib/python3.13/site-packages/sqlalchemy/dialects/postgresql/asyncpg.py", line 550, in _prepare_and_execute
    self._rows = deque(await prepared_stmt.fetch(*parameters))
                       ^^^^^^^^^^^^^^^^^^^^^^^^^^^^^^^^^^^^^^
  File "/Users/patrick/Documents/Uni/master_project/.venv/lib/python3.13/site-packages/asyncpg/prepared_stmt.py", line 177, in fetch
    data = await self.__bind_execute(args, 0, timeout)
           ^^^^^^^^^^^^^^^^^^^^^^^^^^^^^^^^^^^^^^^^^^^
  File "/Users/patrick/Documents/Uni/master_project/.venv/lib/python3.13/site-packages/asyncpg/prepared_stmt.py", line 268, in __bind_execute
    data, status, _ = await self.__do_execute(
                      ^^^^^^^^^^^^^^^^^^^^^^^^
        lambda protocol: protocol.bind_execute(
        ^^^^^^^^^^^^^^^^^^^^^^^^^^^^^^^^^^^^^^^
            self._state, args, '', limit, True, timeout))
            ^^^^^^^^^^^^^^^^^^^^^^^^^^^^^^^^^^^^^^^^^^^^^
  File "/Users/patrick/Documents/Uni/master_project/.venv/lib/python3.13/site-packages/asyncpg/prepared_stmt.py", line 257, in __do_execute
    return await executor(protocol)
           ^^^^^^^^^^^^^^^^^^^^^^^^
  File "asyncpg/protocol/protocol.pyx", line 205, in bind_execute
asyncpg.exceptions.ForeignKeyViolationError: insert or update on table "analysis_finding" violates foreign key constraint "analysis_finding_execution_telemetry_id_fkey"
DETAIL:  Key (execution_telemetry_id)=(1af57532-8713-40f3-a7b2-2ff3233406a9) is not present in table "execution_telemetry".

The above exception was the direct cause of the following exception:

Traceback (most recent call last):
  File "/Users/patrick/Documents/Uni/master_project/.venv/lib/python3.13/site-packages/sqlalchemy/engine/base.py", line 1967, in _exec_single_context
    self.dialect.do_execute(
    ~~~~~~~~~~~~~~~~~~~~~~~^
        cursor, str_statement, effective_parameters, context
        ^^^^^^^^^^^^^^^^^^^^^^^^^^^^^^^^^^^^^^^^^^^^^^^^^^^^
    )
    ^
  File "/Users/patrick/Documents/Uni/master_project/.venv/lib/python3.13/site-packages/sqlalchemy/engine/default.py", line 951, in do_execute
    cursor.execute(statement, parameters)
    ~~~~~~~~~~~~~~^^^^^^^^^^^^^^^^^^^^^^^
  File "/Users/patrick/Documents/Uni/master_project/.venv/lib/python3.13/site-packages/sqlalchemy/dialects/postgresql/asyncpg.py", line 585, in execute
    self._adapt_connection.await_(
    ~~~~~~~~~~~~~~~~~~~~~~~~~~~~~^
        self._prepare_and_execute(operation, parameters)
        ^^^^^^^^^^^^^^^^^^^^^^^^^^^^^^^^^^^^^^^^^^^^^^^^
    )
    ^
  File "/Users/patrick/Documents/Uni/master_project/.venv/lib/python3.13/site-packages/sqlalchemy/util/_concurrency_py3k.py", line 132, in await_only
    return current.parent.switch(awaitable)  # type: ignore[no-any-return,attr-defined] # noqa: E501
           ~~~~~~~~~~~~~~~~~~~~~^^^^^^^^^^^
  File "/Users/patrick/Documents/Uni/master_project/.venv/lib/python3.13/site-packages/sqlalchemy/util/_concurrency_py3k.py", line 196, in greenlet_spawn
    value = await result
            ^^^^^^^^^^^^
  File "/Users/patrick/Documents/Uni/master_project/.venv/lib/python3.13/site-packages/sqlalchemy/dialects/postgresql/asyncpg.py", line 563, in _prepare_and_execute
    self._handle_exception(error)
    ~~~~~~~~~~~~~~~~~~~~~~^^^^^^^
  File "/Users/patrick/Documents/Uni/master_project/.venv/lib/python3.13/site-packages/sqlalchemy/dialects/postgresql/asyncpg.py", line 513, in _handle_exception
    self._adapt_connection._handle_exception(error)
    ~~~~~~~~~~~~~~~~~~~~~~~~~~~~~~~~~~~~~~~~^^^^^^^
  File "/Users/patrick/Documents/Uni/master_project/.venv/lib/python3.13/site-packages/sqlalchemy/dialects/postgresql/asyncpg.py", line 797, in _handle_exception
    raise translated_error from error
sqlalchemy.dialects.postgresql.asyncpg.AsyncAdapt_asyncpg_dbapi.IntegrityError: <class 'asyncpg.exceptions.ForeignKeyViolationError'>: insert or update on table "analysis_finding" violates foreign key constraint "analysis_finding_execution_telemetry_id_fkey"
DETAIL:  Key (execution_telemetry_id)=(1af57532-8713-40f3-a7b2-2ff3233406a9) is not present in table "execution_telemetry".

The above exception was the direct cause of the following exception:

Traceback (most recent call last):
  File "/Users/patrick/Documents/Uni/master_project/backend/app/orchestration/orchestrators/hybrid_orchestrator.py", line 1381, in _run_evolution_loop_safely
    await service.run_post_execution_evolution(execution_id)
  File "/Users/patrick/Documents/Uni/master_project/backend/app/services/evolution_loop_service.py", line 81, in run_post_execution_evolution
    await self.analysis_pipeline.run(execution_id)
  File "/Users/patrick/Documents/Uni/master_project/backend/app/services/analysis_pipeline.py", line 156, in run
    stored = await self.finding_repo.create(create_data)
             ^^^^^^^^^^^^^^^^^^^^^^^^^^^^^^^^^^^^^^^^^^^
  File "/Users/patrick/Documents/Uni/master_project/backend/app/repositories/finding_repository.py", line 66, in create
    await self.session.commit()
  File "/Users/patrick/Documents/Uni/master_project/.venv/lib/python3.13/site-packages/sqlalchemy/ext/asyncio/session.py", line 1000, in commit
    await greenlet_spawn(self.sync_session.commit)
  File "/Users/patrick/Documents/Uni/master_project/.venv/lib/python3.13/site-packages/sqlalchemy/util/_concurrency_py3k.py", line 203, in greenlet_spawn
    result = context.switch(value)
  File "/Users/patrick/Documents/Uni/master_project/.venv/lib/python3.13/site-packages/sqlalchemy/orm/session.py", line 2030, in commit
    trans.commit(_to_root=True)
    ~~~~~~~~~~~~^^^^^^^^^^^^^^^
  File "<string>", line 2, in commit
  File "/Users/patrick/Documents/Uni/master_project/.venv/lib/python3.13/site-packages/sqlalchemy/orm/state_changes.py", line 137, in _go
    ret_value = fn(self, *arg, **kw)
  File "/Users/patrick/Documents/Uni/master_project/.venv/lib/python3.13/site-packages/sqlalchemy/orm/session.py", line 1311, in commit
    self._prepare_impl()
    ~~~~~~~~~~~~~~~~~~^^
  File "<string>", line 2, in _prepare_impl
  File "/Users/patrick/Documents/Uni/master_project/.venv/lib/python3.13/site-packages/sqlalchemy/orm/state_changes.py", line 137, in _go
    ret_value = fn(self, *arg, **kw)
  File "/Users/patrick/Documents/Uni/master_project/.venv/lib/python3.13/site-packages/sqlalchemy/orm/session.py", line 1286, in _prepare_impl
    self.session.flush()
    ~~~~~~~~~~~~~~~~~~^^
  File "/Users/patrick/Documents/Uni/master_project/.venv/lib/python3.13/site-packages/sqlalchemy/orm/session.py", line 4331, in flush
    self._flush(objects)
    ~~~~~~~~~~~^^^^^^^^^
  File "/Users/patrick/Documents/Uni/master_project/.venv/lib/python3.13/site-packages/sqlalchemy/orm/session.py", line 4466, in _flush
    with util.safe_reraise():
         ~~~~~~~~~~~~~~~~~^^
  File "/Users/patrick/Documents/Uni/master_project/.venv/lib/python3.13/site-packages/sqlalchemy/util/langhelpers.py", line 224, in __exit__
    raise exc_value.with_traceback(exc_tb)
  File "/Users/patrick/Documents/Uni/master_project/.venv/lib/python3.13/site-packages/sqlalchemy/orm/session.py", line 4427, in _flush
    flush_context.execute()
    ~~~~~~~~~~~~~~~~~~~~~^^
  File "/Users/patrick/Documents/Uni/master_project/.venv/lib/python3.13/site-packages/sqlalchemy/orm/unitofwork.py", line 466, in execute
    rec.execute(self)
    ~~~~~~~~~~~^^^^^^
  File "/Users/patrick/Documents/Uni/master_project/.venv/lib/python3.13/site-packages/sqlalchemy/orm/unitofwork.py", line 642, in execute
    util.preloaded.orm_persistence.save_obj(
    ~~~~~~~~~~~~~~~~~~~~~~~~~~~~~~~~~~~~~~~^
        self.mapper,
        ^^^^^^^^^^^^
        uow.states_for_mapper_hierarchy(self.mapper, False, False),
        ^^^^^^^^^^^^^^^^^^^^^^^^^^^^^^^^^^^^^^^^^^^^^^^^^^^^^^^^^^^
        uow,
        ^^^^
    )
    ^
  File "/Users/patrick/Documents/Uni/master_project/.venv/lib/python3.13/site-packages/sqlalchemy/orm/persistence.py", line 93, in save_obj
    _emit_insert_statements(
    ~~~~~~~~~~~~~~~~~~~~~~~^
        base_mapper,
        ^^^^^^^^^^^^
    ...<3 lines>...
        insert,
        ^^^^^^^
    )
    ^
  File "/Users/patrick/Documents/Uni/master_project/.venv/lib/python3.13/site-packages/sqlalchemy/orm/persistence.py", line 1233, in _emit_insert_statements
    result = connection.execute(
        statement,
        params,
        execution_options=execution_options,
    )
  File "/Users/patrick/Documents/Uni/master_project/.venv/lib/python3.13/site-packages/sqlalchemy/engine/base.py", line 1419, in execute
    return meth(
        self,
        distilled_parameters,
        execution_options or NO_OPTIONS,
    )
  File "/Users/patrick/Documents/Uni/master_project/.venv/lib/python3.13/site-packages/sqlalchemy/sql/elements.py", line 526, in _execute_on_connection
    return connection._execute_clauseelement(
           ~~~~~~~~~~~~~~~~~~~~~~~~~~~~~~~~~^
        self, distilled_params, execution_options
        ^^^^^^^^^^^^^^^^^^^^^^^^^^^^^^^^^^^^^^^^^
    )
    ^
  File "/Users/patrick/Documents/Uni/master_project/.venv/lib/python3.13/site-packages/sqlalchemy/engine/base.py", line 1641, in _execute_clauseelement
    ret = self._execute_context(
        dialect,
    ...<8 lines>...
        cache_hit=cache_hit,
    )
  File "/Users/patrick/Documents/Uni/master_project/.venv/lib/python3.13/site-packages/sqlalchemy/engine/base.py", line 1846, in _execute_context
    return self._exec_single_context(
           ~~~~~~~~~~~~~~~~~~~~~~~~~^
        dialect, context, statement, parameters
        ^^^^^^^^^^^^^^^^^^^^^^^^^^^^^^^^^^^^^^^
    )
    ^
  File "/Users/patrick/Documents/Uni/master_project/.venv/lib/python3.13/site-packages/sqlalchemy/engine/base.py", line 1986, in _exec_single_context
    self._handle_dbapi_exception(
    ~~~~~~~~~~~~~~~~~~~~~~~~~~~~^
        e, str_statement, effective_parameters, cursor, context
        ^^^^^^^^^^^^^^^^^^^^^^^^^^^^^^^^^^^^^^^^^^^^^^^^^^^^^^^
    )
    ^
  File "/Users/patrick/Documents/Uni/master_project/.venv/lib/python3.13/site-packages/sqlalchemy/engine/base.py", line 2355, in _handle_dbapi_exception
    raise sqlalchemy_exception.with_traceback(exc_info[2]) from e
  File "/Users/patrick/Documents/Uni/master_project/.venv/lib/python3.13/site-packages/sqlalchemy/engine/base.py", line 1967, in _exec_single_context
    self.dialect.do_execute(
    ~~~~~~~~~~~~~~~~~~~~~~~^
        cursor, str_statement, effective_parameters, context
        ^^^^^^^^^^^^^^^^^^^^^^^^^^^^^^^^^^^^^^^^^^^^^^^^^^^^
    )
    ^
  File "/Users/patrick/Documents/Uni/master_project/.venv/lib/python3.13/site-packages/sqlalchemy/engine/default.py", line 951, in do_execute
    cursor.execute(statement, parameters)
    ~~~~~~~~~~~~~~^^^^^^^^^^^^^^^^^^^^^^^
  File "/Users/patrick/Documents/Uni/master_project/.venv/lib/python3.13/site-packages/sqlalchemy/dialects/postgresql/asyncpg.py", line 585, in execute
    self._adapt_connection.await_(
    ~~~~~~~~~~~~~~~~~~~~~~~~~~~~~^
        self._prepare_and_execute(operation, parameters)
        ^^^^^^^^^^^^^^^^^^^^^^^^^^^^^^^^^^^^^^^^^^^^^^^^
    )
    ^
  File "/Users/patrick/Documents/Uni/master_project/.venv/lib/python3.13/site-packages/sqlalchemy/util/_concurrency_py3k.py", line 132, in await_only
    return current.parent.switch(awaitable)  # type: ignore[no-any-return,attr-defined] # noqa: E501
           ~~~~~~~~~~~~~~~~~~~~~^^^^^^^^^^^
  File "/Users/patrick/Documents/Uni/master_project/.venv/lib/python3.13/site-packages/sqlalchemy/util/_concurrency_py3k.py", line 196, in greenlet_spawn
    value = await result
            ^^^^^^^^^^^^
  File "/Users/patrick/Documents/Uni/master_project/.venv/lib/python3.13/site-packages/sqlalchemy/dialects/postgresql/asyncpg.py", line 563, in _prepare_and_execute
    self._handle_exception(error)
    ~~~~~~~~~~~~~~~~~~~~~~^^^^^^^
  File "/Users/patrick/Documents/Uni/master_project/.venv/lib/python3.13/site-packages/sqlalchemy/dialects/postgresql/asyncpg.py", line 513, in _handle_exception
    self._adapt_connection._handle_exception(error)
    ~~~~~~~~~~~~~~~~~~~~~~~~~~~~~~~~~~~~~~~~^^^^^^^
  File "/Users/patrick/Documents/Uni/master_project/.venv/lib/python3.13/site-packages/sqlalchemy/dialects/postgresql/asyncpg.py", line 797, in _handle_exception
    raise translated_error from error
sqlalchemy.exc.IntegrityError: (sqlalchemy.dialects.postgresql.asyncpg.IntegrityError) <class 'asyncpg.exceptions.ForeignKeyViolationError'>: insert or update on table "analysis_finding" violates foreign key constraint "analysis_finding_execution_telemetry_id_fkey"
DETAIL:  Key (execution_telemetry_id)=(1af57532-8713-40f3-a7b2-2ff3233406a9) is not present in table "execution_telemetry".
[SQL: INSERT INTO analysis_finding (id, execution_telemetry_id, category, severity, evidence, suggested_fix, priority_rank, input_content, output_content, created_at) VALUES ($1::VARCHAR, $2::VARCHAR, $3::VARCHAR, $4::VARCHAR, $5::VARCHAR, $6::VARCHAR, $7::INTEGER, $8::VARCHAR, $9::VARCHAR, $10::TIMESTAMP WITH TIME ZONE)]
[parameters: ('756cbf60-2737-47b2-a6ee-deaa7a36b4a3', '1af57532-8713-40f3-a7b2-2ff3233406a9', 'topology', 'info', 'Input token count (31,403) is significantly higher than output token count (4,828), suggesting a high ratio of context overhead relative to task completion.', 'Implement a context pruning strategy or RAG-based retrieval to reduce the input payload size for this agent, as the current input volume appears disproportionate to the task complexity.', None, None, None, datetime.datetime(2026, 5, 18, 8, 41, 58, 181518, tzinfo=datetime.timezone.utc))]
(Background on this error at: https://sqlalche.me/e/20/gkpj)
[2m08:42:02[0m [[32m[1minfo     [0m] [1mGetting challenge status: id=d26c4fa3-df29-49ea-8aef-4b4fdff2c1d0[0m [36mreq[0m=[35mfb76e618[0m
[2m08:42:02[0m [[32m[1minfo     [0m] [1mrequest_finished                        [0m [36mduration[0m=[35m0.026[0m [36mmethod[0m=[35mGET[0m [36mpath[0m=[35m/api/v1/challenges/d26c4fa3-df29-49ea-8aef-4b4fdff2c1d0[0m [36mreq[0m=[35mfb76e618[0m [36mrequest_id[0m=[35mfb76e618-772e-4eed-a827-13e2d36b8e4d[0m [36mstatus[0m=[35m200[0m
[2m08:42:02[0m [[32m[1minfo     [0m] [1mGetting challenge results: id=d26c4fa3-df29-49ea-8aef-4b4fdff2c1d0[0m [36mreq[0m=[35m5e5b1860[0m
[2m08:42:02[0m [[32m[1minfo     [0m] [1mrequest_finished                        [0m [36mduration[0m=[35m0.012[0m [36mmethod[0m=[35mGET[0m [36mpath[0m=[35m/api/v1/challenges/d26c4fa3-df29-49ea-8aef-4b4fdff2c1d0/results[0m [36mreq[0m=[35m5e5b1860[0m [36mrequest_id[0m=[35m5e5b1860-4e78-4eea-ab42-be4ea0f95ab9[0m [36mstatus[0m=[35m200[0m
[2m08:42:06[0m [[32m[1minfo     [0m] [1mFile upload: sicherheitsbericht_20251105.opus, size=318785, type=audio/opus[0m [36mreq[0m=[35m81453da2[0m
[2m08:42:06[0m [[32m[1minfo     [0m] [1mSaved binary file to: /Users/patrick/Documents/Uni/master_project/backend/app/api/v1/endpoints/../../../uploads/c27e8bce-65a7-4763-950f-2b24bbef8fd3.opus[0m [36mreq[0m=[35m81453da2[0m
[2m08:42:06[0m [[32m[1minfo     [0m] [1mAudio transcription skill available: skill_audio_transcription — will transcribe in background[0m [36mreq[0m=[35m81453da2[0m
[2m08:42:06[0m [[32m[1minfo     [0m] [1mFile upload: sicherheitsbericht_20251105.opus -> challenge_id=6b80a033-5c12-45d8-bfa8-ce935ef8644f, gaps=0, route=execute[0m [36mreq[0m=[35m81453da2[0m
[2m08:42:06[0m [[32m[1minfo     [0m] [1mrequest_finished                        [0m [36mduration[0m=[35m0.052[0m [36mmethod[0m=[35mPOST[0m [36mpath[0m=[35m/api/v1/challenges/upload[0m [36mreq[0m=[35m81453da2[0m [36mrequest_id[0m=[35m81453da2-2550-46ea-a940-403cf578d71e[0m [36mstatus[0m=[35m200[0m
[2m08:42:06[0m [[32m[1minfo     [0m] [1mExecuting challenge: id=6b80a033-5c12-45d8-bfa8-ce935ef8644f[0m [36mreq[0m=[35m9a52fe7a[0m
[2m08:42:06[0m [[32m[1minfo     [0m] [1mrequest_finished                        [0m [36mduration[0m=[35m0.007[0m [36mmethod[0m=[35mPOST[0m [36mpath[0m=[35m/api/v1/challenges/6b80a033-5c12-45d8-bfa8-ce935ef8644f/execute[0m [36mreq[0m=[35m9a52fe7a[0m [36mrequest_id[0m=[35m9a52fe7a-f5a0-438d-af60-8927d3ec5310[0m [36mstatus[0m=[35m200[0m
[2m08:42:06[0m [[32m[1minfo     [0m] [1mStarting background execution: challenge_id=6b80a033-5c12-45d8-bfa8-ce935ef8644f[0m [36mreq[0m=[35m9a52fe7a[0m
[2m08:42:06[0m [[32m[1minfo     [0m] [1mTranskribiere Audio vor Execution: /Users/patrick/Documents/Uni/master_project/backend/app/api/v1/endpoints/../../../uploads/c27e8bce-65a7-4763-950f-2b24bbef8fd3.opus mit Skill skill_audio_transcription[0m [36mreq[0m=[35m9a52fe7a[0m
[2m08:42:06[0m [[32m[1minfo     [0m] [1mStarting sandbox execution: pip=['openai-whisper'], apt=['ffmpeg'], input_files=['c27e8bce-65a7-4763-950f-2b24bbef8fd3.opus'][0m [36mreq[0m=[35m9a52fe7a[0m
[2m08:42:06[0m [[32m[1minfo     [0m] [1mDocker client connected successfully    [0m [36mreq[0m=[35m9a52fe7a[0m
[2m08:42:07[0m [[32m[1minfo     [0m] [1mInstalling system packages: ffmpeg      [0m [36mreq[0m=[35m9a52fe7a[0m
[2m08:42:16[0m [[32m[1minfo     [0m] [1mGetting challenge status: id=6b80a033-5c12-45d8-bfa8-ce935ef8644f[0m [36mreq[0m=[35mce74a2b7[0m
[2m08:42:16[0m [[32m[1minfo     [0m] [1mrequest_finished                        [0m [36mduration[0m=[35m0.02[0m [36mmethod[0m=[35mGET[0m [36mpath[0m=[35m/api/v1/challenges/6b80a033-5c12-45d8-bfa8-ce935ef8644f[0m [36mreq[0m=[35mce74a2b7[0m [36mrequest_id[0m=[35mce74a2b7-5ffa-481f-9d2b-093e680c321d[0m [36mstatus[0m=[35m200[0m
[2m08:42:26[0m [[32m[1minfo     [0m] [1mGetting challenge status: id=6b80a033-5c12-45d8-bfa8-ce935ef8644f[0m [36mreq[0m=[35m314ca998[0m
[2m08:42:26[0m [[32m[1minfo     [0m] [1mrequest_finished                        [0m [36mduration[0m=[35m0.021[0m [36mmethod[0m=[35mGET[0m [36mpath[0m=[35m/api/v1/challenges/6b80a033-5c12-45d8-bfa8-ce935ef8644f[0m [36mreq[0m=[35m314ca998[0m [36mrequest_id[0m=[35m314ca998-621b-44f1-ad45-3df37b86a476[0m [36mstatus[0m=[35m200[0m
[2m08:42:36[0m [[32m[1minfo     [0m] [1mGetting challenge status: id=6b80a033-5c12-45d8-bfa8-ce935ef8644f[0m [36mreq[0m=[35m5eaf6624[0m
[2m08:42:36[0m [[32m[1minfo     [0m] [1mrequest_finished                        [0m [36mduration[0m=[35m0.021[0m [36mmethod[0m=[35mGET[0m [36mpath[0m=[35m/api/v1/challenges/6b80a033-5c12-45d8-bfa8-ce935ef8644f[0m [36mreq[0m=[35m5eaf6624[0m [36mrequest_id[0m=[35m5eaf6624-c8c4-4ad9-abae-8fd13a894536[0m [36mstatus[0m=[35m200[0m
[2m08:42:46[0m [[32m[1minfo     [0m] [1mGetting challenge status: id=6b80a033-5c12-45d8-bfa8-ce935ef8644f[0m [36mreq[0m=[35m1c0dd04d[0m
[2m08:42:47[0m [[32m[1minfo     [0m] [1mrequest_finished                        [0m [36mduration[0m=[35m0.013[0m [36mmethod[0m=[35mGET[0m [36mpath[0m=[35m/api/v1/challenges/6b80a033-5c12-45d8-bfa8-ce935ef8644f[0m [36mreq[0m=[35m1c0dd04d[0m [36mrequest_id[0m=[35m1c0dd04d-9975-4768-8a5c-6b3929e8bb7f[0m [36mstatus[0m=[35m200[0m
[2m08:42:50[0m [[32m[1minfo     [0m] [1mSystem packages installed successfully: ffmpeg[0m [36mreq[0m=[35m9a52fe7a[0m
[2m08:42:50[0m [[32m[1minfo     [0m] [1mInstalling pip packages: "openai-whisper"[0m [36mreq[0m=[35m9a52fe7a[0m
[2m08:42:57[0m [[32m[1minfo     [0m] [1mGetting challenge status: id=6b80a033-5c12-45d8-bfa8-ce935ef8644f[0m [36mreq[0m=[35md98bcc8a[0m
[2m08:42:57[0m [[32m[1minfo     [0m] [1mrequest_finished                        [0m [36mduration[0m=[35m0.07[0m [36mmethod[0m=[35mGET[0m [36mpath[0m=[35m/api/v1/challenges/6b80a033-5c12-45d8-bfa8-ce935ef8644f[0m [36mreq[0m=[35md98bcc8a[0m [36mrequest_id[0m=[35md98bcc8a-1e5b-4eda-930d-4bd44ca9f5e5[0m [36mstatus[0m=[35m200[0m
[2m08:43:07[0m [[32m[1minfo     [0m] [1mGetting challenge status: id=6b80a033-5c12-45d8-bfa8-ce935ef8644f[0m [36mreq[0m=[35ma0f37d43[0m
[2m08:43:07[0m [[32m[1minfo     [0m] [1mrequest_finished                        [0m [36mduration[0m=[35m0.049[0m [36mmethod[0m=[35mGET[0m [36mpath[0m=[35m/api/v1/challenges/6b80a033-5c12-45d8-bfa8-ce935ef8644f[0m [36mreq[0m=[35ma0f37d43[0m [36mrequest_id[0m=[35ma0f37d43-9938-4e48-a6e0-64a1daa914cd[0m [36mstatus[0m=[35m200[0m
[2m08:43:17[0m [[32m[1minfo     [0m] [1mGetting challenge status: id=6b80a033-5c12-45d8-bfa8-ce935ef8644f[0m [36mreq[0m=[35m78fd1d12[0m
[2m08:43:17[0m [[32m[1minfo     [0m] [1mrequest_finished                        [0m [36mduration[0m=[35m0.029[0m [36mmethod[0m=[35mGET[0m [36mpath[0m=[35m/api/v1/challenges/6b80a033-5c12-45d8-bfa8-ce935ef8644f[0m [36mreq[0m=[35m78fd1d12[0m [36mrequest_id[0m=[35m78fd1d12-ba74-4f9d-8803-f6b18b563824[0m [36mstatus[0m=[35m200[0m
[2m08:43:27[0m [[32m[1minfo     [0m] [1mGetting challenge status: id=6b80a033-5c12-45d8-bfa8-ce935ef8644f[0m [36mreq[0m=[35maa16ae7c[0m
[2m08:43:27[0m [[32m[1minfo     [0m] [1mrequest_finished                        [0m [36mduration[0m=[35m0.013[0m [36mmethod[0m=[35mGET[0m [36mpath[0m=[35m/api/v1/challenges/6b80a033-5c12-45d8-bfa8-ce935ef8644f[0m [36mreq[0m=[35maa16ae7c[0m [36mrequest_id[0m=[35maa16ae7c-16ac-4a55-9aa4-f5412ef9070e[0m [36mstatus[0m=[35m200[0m
[2m08:43:37[0m [[32m[1minfo     [0m] [1mGetting challenge status: id=6b80a033-5c12-45d8-bfa8-ce935ef8644f[0m [36mreq[0m=[35m46f1eb56[0m
[2m08:43:37[0m [[32m[1minfo     [0m] [1mrequest_finished                        [0m [36mduration[0m=[35m0.013[0m [36mmethod[0m=[35mGET[0m [36mpath[0m=[35m/api/v1/challenges/6b80a033-5c12-45d8-bfa8-ce935ef8644f[0m [36mreq[0m=[35m46f1eb56[0m [36mrequest_id[0m=[35m46f1eb56-8b4b-4841-80cb-36ff0ac476ae[0m [36mstatus[0m=[35m200[0m
[2m08:43:47[0m [[32m[1minfo     [0m] [1mGetting challenge status: id=6b80a033-5c12-45d8-bfa8-ce935ef8644f[0m [36mreq[0m=[35mb8ca2c8c[0m
[2m08:43:47[0m [[32m[1minfo     [0m] [1mrequest_finished                        [0m [36mduration[0m=[35m0.019[0m [36mmethod[0m=[35mGET[0m [36mpath[0m=[35m/api/v1/challenges/6b80a033-5c12-45d8-bfa8-ce935ef8644f[0m [36mreq[0m=[35mb8ca2c8c[0m [36mrequest_id[0m=[35mb8ca2c8c-6b4e-4911-be21-5dc759302627[0m [36mstatus[0m=[35m200[0m
[2m08:43:57[0m [[32m[1minfo     [0m] [1mGetting challenge status: id=6b80a033-5c12-45d8-bfa8-ce935ef8644f[0m [36mreq[0m=[35m7e4f724c[0m
[2m08:43:57[0m [[32m[1minfo     [0m] [1mrequest_finished                        [0m [36mduration[0m=[35m0.007[0m [36mmethod[0m=[35mGET[0m [36mpath[0m=[35m/api/v1/challenges/6b80a033-5c12-45d8-bfa8-ce935ef8644f[0m [36mreq[0m=[35m7e4f724c[0m [36mrequest_id[0m=[35m7e4f724c-777a-44f8-9bae-a2f264cbede3[0m [36mstatus[0m=[35m200[0m
[2m08:44:00[0m [[32m[1minfo     [0m] [1mPip packages installed successfully     [0m [36mreq[0m=[35m9a52fe7a[0m
[2m08:44:07[0m [[32m[1minfo     [0m] [1mGetting challenge status: id=6b80a033-5c12-45d8-bfa8-ce935ef8644f[0m [36mreq[0m=[35m426ffd6f[0m
[2m08:44:07[0m [[32m[1minfo     [0m] [1mrequest_finished                        [0m [36mduration[0m=[35m0.025[0m [36mmethod[0m=[35mGET[0m [36mpath[0m=[35m/api/v1/challenges/6b80a033-5c12-45d8-bfa8-ce935ef8644f[0m [36mreq[0m=[35m426ffd6f[0m [36mrequest_id[0m=[35m426ffd6f-9ede-4ad1-8bc3-7c4b89b98937[0m [36mstatus[0m=[35m200[0m
[2m08:44:17[0m [[32m[1minfo     [0m] [1mGetting challenge status: id=6b80a033-5c12-45d8-bfa8-ce935ef8644f[0m [36mreq[0m=[35mdd74354b[0m
[2m08:44:17[0m [[32m[1minfo     [0m] [1mrequest_finished                        [0m [36mduration[0m=[35m0.029[0m [36mmethod[0m=[35mGET[0m [36mpath[0m=[35m/api/v1/challenges/6b80a033-5c12-45d8-bfa8-ce935ef8644f[0m [36mreq[0m=[35mdd74354b[0m [36mrequest_id[0m=[35mdd74354b-0fc2-46ea-810c-b7ebce3f9b4c[0m [36mstatus[0m=[35m200[0m
[2m08:44:27[0m [[32m[1minfo     [0m] [1mGetting challenge status: id=6b80a033-5c12-45d8-bfa8-ce935ef8644f[0m [36mreq[0m=[35m8e991453[0m
[2m08:44:27[0m [[32m[1minfo     [0m] [1mrequest_finished                        [0m [36mduration[0m=[35m0.007[0m [36mmethod[0m=[35mGET[0m [36mpath[0m=[35m/api/v1/challenges/6b80a033-5c12-45d8-bfa8-ce935ef8644f[0m [36mreq[0m=[35m8e991453[0m [36mrequest_id[0m=[35m8e991453-5f21-43db-9709-4469c3eefa2e[0m [36mstatus[0m=[35m200[0m
[2m08:44:37[0m [[32m[1minfo     [0m] [1mGetting challenge status: id=6b80a033-5c12-45d8-bfa8-ce935ef8644f[0m [36mreq[0m=[35m366d9af4[0m
[2m08:44:37[0m [[32m[1minfo     [0m] [1mrequest_finished                        [0m [36mduration[0m=[35m0.005[0m [36mmethod[0m=[35mGET[0m [36mpath[0m=[35m/api/v1/challenges/6b80a033-5c12-45d8-bfa8-ce935ef8644f[0m [36mreq[0m=[35m366d9af4[0m [36mrequest_id[0m=[35m366d9af4-1cc8-488d-990f-cdae957ef37a[0m [36mstatus[0m=[35m200[0m
[2m08:44:47[0m [[32m[1minfo     [0m] [1mGetting challenge status: id=6b80a033-5c12-45d8-bfa8-ce935ef8644f[0m [36mreq[0m=[35me5d720d5[0m
[2m08:44:47[0m [[32m[1minfo     [0m] [1mrequest_finished                        [0m [36mduration[0m=[35m0.041[0m [36mmethod[0m=[35mGET[0m [36mpath[0m=[35m/api/v1/challenges/6b80a033-5c12-45d8-bfa8-ce935ef8644f[0m [36mreq[0m=[35me5d720d5[0m [36mrequest_id[0m=[35me5d720d5-0a4a-4e43-b25b-1cf4f770a4bd[0m [36mstatus[0m=[35m200[0m
[2m08:44:57[0m [[32m[1minfo     [0m] [1mGetting challenge status: id=6b80a033-5c12-45d8-bfa8-ce935ef8644f[0m [36mreq[0m=[35m98ff605b[0m
[2m08:44:57[0m [[32m[1minfo     [0m] [1mrequest_finished                        [0m [36mduration[0m=[35m0.011[0m [36mmethod[0m=[35mGET[0m [36mpath[0m=[35m/api/v1/challenges/6b80a033-5c12-45d8-bfa8-ce935ef8644f[0m [36mreq[0m=[35m98ff605b[0m [36mrequest_id[0m=[35m98ff605b-c94f-417d-be12-0c60685d6226[0m [36mstatus[0m=[35m200[0m
[2m08:45:07[0m [[32m[1minfo     [0m] [1mGetting challenge status: id=6b80a033-5c12-45d8-bfa8-ce935ef8644f[0m [36mreq[0m=[35mc0e6d225[0m
[2m08:45:07[0m [[32m[1minfo     [0m] [1mrequest_finished                        [0m [36mduration[0m=[35m0.017[0m [36mmethod[0m=[35mGET[0m [36mpath[0m=[35m/api/v1/challenges/6b80a033-5c12-45d8-bfa8-ce935ef8644f[0m [36mreq[0m=[35mc0e6d225[0m [36mrequest_id[0m=[35mc0e6d225-ce5e-479c-828c-c8a2f1fc83da[0m [36mstatus[0m=[35m200[0m
[2m08:45:17[0m [[32m[1minfo     [0m] [1mGetting challenge status: id=6b80a033-5c12-45d8-bfa8-ce935ef8644f[0m [36mreq[0m=[35m2bd77fd2[0m
[2m08:45:17[0m [[32m[1minfo     [0m] [1mrequest_finished                        [0m [36mduration[0m=[35m0.019[0m [36mmethod[0m=[35mGET[0m [36mpath[0m=[35m/api/v1/challenges/6b80a033-5c12-45d8-bfa8-ce935ef8644f[0m [36mreq[0m=[35m2bd77fd2[0m [36mrequest_id[0m=[35m2bd77fd2-2218-49ff-82de-245f12796514[0m [36mstatus[0m=[35m200[0m
[2m08:45:27[0m [[32m[1minfo     [0m] [1mGetting challenge status: id=6b80a033-5c12-45d8-bfa8-ce935ef8644f[0m [36mreq[0m=[35md2c91e29[0m
[2m08:45:27[0m [[32m[1minfo     [0m] [1mrequest_finished                        [0m [36mduration[0m=[35m0.008[0m [36mmethod[0m=[35mGET[0m [36mpath[0m=[35m/api/v1/challenges/6b80a033-5c12-45d8-bfa8-ce935ef8644f[0m [36mreq[0m=[35md2c91e29[0m [36mrequest_id[0m=[35md2c91e29-a389-4211-8cf0-852bd3119aa8[0m [36mstatus[0m=[35m200[0m
[2m08:45:37[0m [[32m[1minfo     [0m] [1mGetting challenge status: id=6b80a033-5c12-45d8-bfa8-ce935ef8644f[0m [36mreq[0m=[35mc3211785[0m
[2m08:45:37[0m [[32m[1minfo     [0m] [1mrequest_finished                        [0m [36mduration[0m=[35m0.009[0m [36mmethod[0m=[35mGET[0m [36mpath[0m=[35m/api/v1/challenges/6b80a033-5c12-45d8-bfa8-ce935ef8644f[0m [36mreq[0m=[35mc3211785[0m [36mrequest_id[0m=[35mc3211785-f210-4646-9efa-21fd5d2e2291[0m [36mstatus[0m=[35m200[0m
[2m08:45:47[0m [[32m[1minfo     [0m] [1mGetting challenge status: id=6b80a033-5c12-45d8-bfa8-ce935ef8644f[0m [36mreq[0m=[35m06e31a2b[0m
[2m08:45:47[0m [[32m[1minfo     [0m] [1mrequest_finished                        [0m [36mduration[0m=[35m0.015[0m [36mmethod[0m=[35mGET[0m [36mpath[0m=[35m/api/v1/challenges/6b80a033-5c12-45d8-bfa8-ce935ef8644f[0m [36mreq[0m=[35m06e31a2b[0m [36mrequest_id[0m=[35m06e31a2b-3083-408b-bf48-6b35082521a3[0m [36mstatus[0m=[35m200[0m
[2m08:45:57[0m [[32m[1minfo     [0m] [1mGetting challenge status: id=6b80a033-5c12-45d8-bfa8-ce935ef8644f[0m [36mreq[0m=[35me0d48f54[0m
[2m08:45:57[0m [[32m[1minfo     [0m] [1mrequest_finished                        [0m [36mduration[0m=[35m0.012[0m [36mmethod[0m=[35mGET[0m [36mpath[0m=[35m/api/v1/challenges/6b80a033-5c12-45d8-bfa8-ce935ef8644f[0m [36mreq[0m=[35me0d48f54[0m [36mrequest_id[0m=[35me0d48f54-14b6-4942-aa8b-aa2640d8a436[0m [36mstatus[0m=[35m200[0m
[2m08:46:07[0m [[32m[1minfo     [0m] [1mGetting challenge status: id=6b80a033-5c12-45d8-bfa8-ce935ef8644f[0m [36mreq[0m=[35m581bc224[0m
[2m08:46:07[0m [[32m[1minfo     [0m] [1mrequest_finished                        [0m [36mduration[0m=[35m0.01[0m [36mmethod[0m=[35mGET[0m [36mpath[0m=[35m/api/v1/challenges/6b80a033-5c12-45d8-bfa8-ce935ef8644f[0m [36mreq[0m=[35m581bc224[0m [36mrequest_id[0m=[35m581bc224-7e36-435c-9a1a-a6591db1f91e[0m [36mstatus[0m=[35m200[0m
[2m08:46:17[0m [[32m[1minfo     [0m] [1mGetting challenge status: id=6b80a033-5c12-45d8-bfa8-ce935ef8644f[0m [36mreq[0m=[35m9f53b263[0m
[2m08:46:17[0m [[32m[1minfo     [0m] [1mrequest_finished                        [0m [36mduration[0m=[35m0.008[0m [36mmethod[0m=[35mGET[0m [36mpath[0m=[35m/api/v1/challenges/6b80a033-5c12-45d8-bfa8-ce935ef8644f[0m [36mreq[0m=[35m9f53b263[0m [36mrequest_id[0m=[35m9f53b263-2a52-44d9-ab06-783889f4b311[0m [36mstatus[0m=[35m200[0m
[2m08:46:27[0m [[32m[1minfo     [0m] [1mGetting challenge status: id=6b80a033-5c12-45d8-bfa8-ce935ef8644f[0m [36mreq[0m=[35m09bdb417[0m
[2m08:46:27[0m [[32m[1minfo     [0m] [1mrequest_finished                        [0m [36mduration[0m=[35m0.009[0m [36mmethod[0m=[35mGET[0m [36mpath[0m=[35m/api/v1/challenges/6b80a033-5c12-45d8-bfa8-ce935ef8644f[0m [36mreq[0m=[35m09bdb417[0m [36mrequest_id[0m=[35m09bdb417-f456-4aef-99ca-a2a61bcb2f1e[0m [36mstatus[0m=[35m200[0m
[2m08:46:37[0m [[32m[1minfo     [0m] [1mGetting challenge status: id=6b80a033-5c12-45d8-bfa8-ce935ef8644f[0m [36mreq[0m=[35m5fbb224c[0m
[2m08:46:37[0m [[32m[1minfo     [0m] [1mrequest_finished                        [0m [36mduration[0m=[35m0.007[0m [36mmethod[0m=[35mGET[0m [36mpath[0m=[35m/api/v1/challenges/6b80a033-5c12-45d8-bfa8-ce935ef8644f[0m [36mreq[0m=[35m5fbb224c[0m [36mrequest_id[0m=[35m5fbb224c-d0a9-42f1-bdb9-7faad5a90e3a[0m [36mstatus[0m=[35m200[0m
[2m08:46:47[0m [[32m[1minfo     [0m] [1mGetting challenge status: id=6b80a033-5c12-45d8-bfa8-ce935ef8644f[0m [36mreq[0m=[35mce5964b3[0m
[2m08:46:47[0m [[32m[1minfo     [0m] [1mrequest_finished                        [0m [36mduration[0m=[35m0.021[0m [36mmethod[0m=[35mGET[0m [36mpath[0m=[35m/api/v1/challenges/6b80a033-5c12-45d8-bfa8-ce935ef8644f[0m [36mreq[0m=[35mce5964b3[0m [36mrequest_id[0m=[35mce5964b3-b9f4-44d7-a536-f332da3b4a83[0m [36mstatus[0m=[35m200[0m
[2m08:46:57[0m [[32m[1minfo     [0m] [1mGetting challenge status: id=6b80a033-5c12-45d8-bfa8-ce935ef8644f[0m [36mreq[0m=[35m46c19e23[0m
[2m08:46:57[0m [[32m[1minfo     [0m] [1mrequest_finished                        [0m [36mduration[0m=[35m0.006[0m [36mmethod[0m=[35mGET[0m [36mpath[0m=[35m/api/v1/challenges/6b80a033-5c12-45d8-bfa8-ce935ef8644f[0m [36mreq[0m=[35m46c19e23[0m [36mrequest_id[0m=[35m46c19e23-3c8a-4cc3-9491-4bb09ac69f96[0m [36mstatus[0m=[35m200[0m
[2m08:47:07[0m [[32m[1minfo     [0m] [1mGetting challenge status: id=6b80a033-5c12-45d8-bfa8-ce935ef8644f[0m [36mreq[0m=[35m03403e88[0m
[2m08:47:07[0m [[32m[1minfo     [0m] [1mrequest_finished                        [0m [36mduration[0m=[35m0.008[0m [36mmethod[0m=[35mGET[0m [36mpath[0m=[35m/api/v1/challenges/6b80a033-5c12-45d8-bfa8-ce935ef8644f[0m [36mreq[0m=[35m03403e88[0m [36mrequest_id[0m=[35m03403e88-b212-4f60-b074-db6bb16f8e9a[0m [36mstatus[0m=[35m200[0m
[2m08:47:17[0m [[32m[1minfo     [0m] [1mGetting challenge status: id=6b80a033-5c12-45d8-bfa8-ce935ef8644f[0m [36mreq[0m=[35m3b2a66b7[0m
[2m08:47:17[0m [[32m[1minfo     [0m] [1mrequest_finished                        [0m [36mduration[0m=[35m0.007[0m [36mmethod[0m=[35mGET[0m [36mpath[0m=[35m/api/v1/challenges/6b80a033-5c12-45d8-bfa8-ce935ef8644f[0m [36mreq[0m=[35m3b2a66b7[0m [36mrequest_id[0m=[35m3b2a66b7-dd71-485f-90ee-3d88b60f4ce7[0m [36mstatus[0m=[35m200[0m
[2m08:47:27[0m [[32m[1minfo     [0m] [1mGetting challenge status: id=6b80a033-5c12-45d8-bfa8-ce935ef8644f[0m [36mreq[0m=[35m93fb23c5[0m
[2m08:47:27[0m [[32m[1minfo     [0m] [1mrequest_finished                        [0m [36mduration[0m=[35m0.008[0m [36mmethod[0m=[35mGET[0m [36mpath[0m=[35m/api/v1/challenges/6b80a033-5c12-45d8-bfa8-ce935ef8644f[0m [36mreq[0m=[35m93fb23c5[0m [36mrequest_id[0m=[35m93fb23c5-094e-42b3-9d63-32fda63a540d[0m [36mstatus[0m=[35m200[0m
[2m08:47:37[0m [[32m[1minfo     [0m] [1mGetting challenge status: id=6b80a033-5c12-45d8-bfa8-ce935ef8644f[0m [36mreq[0m=[35m9d632c70[0m
[2m08:47:38[0m [[32m[1minfo     [0m] [1mrequest_finished                        [0m [36mduration[0m=[35m0.019[0m [36mmethod[0m=[35mGET[0m [36mpath[0m=[35m/api/v1/challenges/6b80a033-5c12-45d8-bfa8-ce935ef8644f[0m [36mreq[0m=[35m9d632c70[0m [36mrequest_id[0m=[35m9d632c70-dc27-4212-86fd-e0ad880a5111[0m [36mstatus[0m=[35m200[0m
[2m08:47:48[0m [[32m[1minfo     [0m] [1mGetting challenge status: id=6b80a033-5c12-45d8-bfa8-ce935ef8644f[0m [36mreq[0m=[35m405cf843[0m
[2m08:47:48[0m [[32m[1minfo     [0m] [1mrequest_finished                        [0m [36mduration[0m=[35m0.009[0m [36mmethod[0m=[35mGET[0m [36mpath[0m=[35m/api/v1/challenges/6b80a033-5c12-45d8-bfa8-ce935ef8644f[0m [36mreq[0m=[35m405cf843[0m [36mrequest_id[0m=[35m405cf843-5b2e-474d-924a-e73d47ebd1ea[0m [36mstatus[0m=[35m200[0m
[2m08:47:58[0m [[32m[1minfo     [0m] [1mGetting challenge status: id=6b80a033-5c12-45d8-bfa8-ce935ef8644f[0m [36mreq[0m=[35m7658f18b[0m
[2m08:47:58[0m [[32m[1minfo     [0m] [1mrequest_finished                        [0m [36mduration[0m=[35m0.008[0m [36mmethod[0m=[35mGET[0m [36mpath[0m=[35m/api/v1/challenges/6b80a033-5c12-45d8-bfa8-ce935ef8644f[0m [36mreq[0m=[35m7658f18b[0m [36mrequest_id[0m=[35m7658f18b-6854-4aa7-bc88-41f20589dbb5[0m [36mstatus[0m=[35m200[0m
[2m08:48:08[0m [[32m[1minfo     [0m] [1mGetting challenge status: id=6b80a033-5c12-45d8-bfa8-ce935ef8644f[0m [36mreq[0m=[35m897dd363[0m
[2m08:48:08[0m [[32m[1minfo     [0m] [1mrequest_finished                        [0m [36mduration[0m=[35m0.008[0m [36mmethod[0m=[35mGET[0m [36mpath[0m=[35m/api/v1/challenges/6b80a033-5c12-45d8-bfa8-ce935ef8644f[0m [36mreq[0m=[35m897dd363[0m [36mrequest_id[0m=[35m897dd363-5e5f-46b3-8fb7-28e522e7ac60[0m [36mstatus[0m=[35m200[0m
[2m08:48:18[0m [[32m[1minfo     [0m] [1mGetting challenge status: id=6b80a033-5c12-45d8-bfa8-ce935ef8644f[0m [36mreq[0m=[35m855aadaf[0m
[2m08:48:18[0m [[32m[1minfo     [0m] [1mrequest_finished                        [0m [36mduration[0m=[35m0.015[0m [36mmethod[0m=[35mGET[0m [36mpath[0m=[35m/api/v1/challenges/6b80a033-5c12-45d8-bfa8-ce935ef8644f[0m [36mreq[0m=[35m855aadaf[0m [36mrequest_id[0m=[35m855aadaf-73db-4428-b9cc-ce3d6e0f204a[0m [36mstatus[0m=[35m200[0m
[2m08:48:28[0m [[32m[1minfo     [0m] [1mGetting challenge status: id=6b80a033-5c12-45d8-bfa8-ce935ef8644f[0m [36mreq[0m=[35me8bc3775[0m
[2m08:48:28[0m [[32m[1minfo     [0m] [1mrequest_finished                        [0m [36mduration[0m=[35m0.014[0m [36mmethod[0m=[35mGET[0m [36mpath[0m=[35m/api/v1/challenges/6b80a033-5c12-45d8-bfa8-ce935ef8644f[0m [36mreq[0m=[35me8bc3775[0m [36mrequest_id[0m=[35me8bc3775-e66f-4ad3-9287-e917aafcdd94[0m [36mstatus[0m=[35m200[0m
[2m08:48:34[0m [[32m[1minfo     [0m] [1mSandbox execution complete: success=True, time=387275ms, cached=False[0m [36mreq[0m=[35m9a52fe7a[0m
[2m08:48:38[0m [[32m[1minfo     [0m] [1mGetting challenge status: id=6b80a033-5c12-45d8-bfa8-ce935ef8644f[0m [36mreq[0m=[35mcacb0833[0m
[2m08:48:38[0m [[32m[1minfo     [0m] [1mrequest_finished                        [0m [36mduration[0m=[35m0.014[0m [36mmethod[0m=[35mGET[0m [36mpath[0m=[35m/api/v1/challenges/6b80a033-5c12-45d8-bfa8-ce935ef8644f[0m [36mreq[0m=[35mcacb0833[0m [36mrequest_id[0m=[35mcacb0833-c24f-4cf0-9182-c49f960500c0[0m [36mstatus[0m=[35m200[0m
[2m08:48:40[0m [[32m[1minfo     [0m] [1mTranskription erfolgreich: 1990 Zeichen [0m [36mreq[0m=[35m9a52fe7a[0m
[2m08:48:40[0m [[32m[1minfo     [0m] [1mLoading topology from database...       [0m [36mreq[0m=[35m9a52fe7a[0m
[2m08:48:40[0m [[32m[1minfo     [0m] [1mMapped 9 skill entries to 9 capabilities[0m [36mreq[0m=[35m9a52fe7a[0m
[2m08:48:40[0m [[32m[1minfo     [0m] [1mTopology validated: 11 agents in 5 waves[0m [36mreq[0m=[35m9a52fe7a[0m
[2m08:48:40[0m [[32m[1minfo     [0m] [1mLoaded 9 skills for topology            [0m [36mreq[0m=[35m9a52fe7a[0m
[2m08:48:40[0m [[32m[1minfo     [0m] [1mTopology loaded: 11 agents, 5 waves     [0m [36mreq[0m=[35m9a52fe7a[0m
[2m08:48:40[0m [[32m[1minfo     [0m] [1mShared memory initialized with Qdrant   [0m [36mreq[0m=[35m9a52fe7a[0m
[2m08:48:40[0m [[32m[1minfo     [0m] [1mHybridOrchestrator initialized          [0m [36mreq[0m=[35m9a52fe7a[0m
[2m08:48:40[0m [[32m[1minfo     [0m] [1mStarting execution: 951f5798-39f8-4915-a5cf-7bbaa97b794f[0m [36mreq[0m=[35m9a52fe7a[0m
[2m08:48:42[0m [[32m[1minfo     [0m] [1mTeam assembled: 5 agents, strategy='1. Analyse des Transkripts -> 2. Kontextuelle Anreicherung (Normen/Vorgaben) -> 3. Generierung des Entwurfs -> 4. Validierung gegen das Transkript -> 5. Finalisierung des Berichts.', 5 waves[0m [36mreq[0m=[35m9a52fe7a[0m
[2m08:48:42[0m [[32m[1minfo     [0m] [1mMapped 9 skill entries to 9 capabilities[0m [36mreq[0m=[35m9a52fe7a[0m
[2m08:48:42[0m [[32m[1minfo     [0m] [1mTopology validated: 5 agents in 5 waves [0m [36mreq[0m=[35m9a52fe7a[0m
[2m08:48:42[0m [[32m[1minfo     [0m] [1mLoaded 9 skills for topology            [0m [36mreq[0m=[35m9a52fe7a[0m
[2m08:48:42[0m [[32m[1minfo     [0m] [1mDocker client connected successfully    [0m [36mreq[0m=[35m9a52fe7a[0m
[2m08:48:42[0m [[32m[1minfo     [0m] [1mCreated DynamicSandbox executor (Docker-based, unrestricted)[0m [36mreq[0m=[35m9a52fe7a[0m
[2m08:48:43[0m [[32m[1minfo     [0m] [1mLoading topology from database...       [0m [36mreq[0m=[35m9a52fe7a[0m
[2m08:48:43[0m [[32m[1minfo     [0m] [1mMapped 9 skill entries to 9 capabilities[0m [36mreq[0m=[35m9a52fe7a[0m
[2m08:48:43[0m [[32m[1minfo     [0m] [1mTopology validated: 11 agents in 5 waves[0m [36mreq[0m=[35m9a52fe7a[0m
[2m08:48:43[0m [[32m[1minfo     [0m] [1mLoaded 9 skills for topology            [0m [36mreq[0m=[35m9a52fe7a[0m
[2m08:48:43[0m [[32m[1minfo     [0m] [1mTopology loaded: 11 agents, 5 waves     [0m [36mreq[0m=[35m9a52fe7a[0m
[2m08:48:43[0m [[32m[1minfo     [0m] [1mRuntimeAgentRegistry initialized with max_concurrent=5[0m [36mreq[0m=[35m9a52fe7a[0m
[2m08:48:43[0m [[32m[1minfo     [0m] [1mExecuting wave 1/5: ['75fb97b8-e608-47c7-a3c2-dcecf5a8643c'][0m [36mreq[0m=[35m9a52fe7a[0m
[2m08:48:43[0m [[32m[1minfo     [0m] [1mExecuting agent: transcript_analyzer (75fb97b8-e608-47c7-a3c2-dcecf5a8643c)[0m [36mreq[0m=[35m9a52fe7a[0m
[2m08:48:43[0m [[32m[1minfo     [0m] [1mshared_memory_metrics agent=transcript_analyzer facts_kept=5 facts_total=8 hypotheses=0 relations=0 approx_tokens=1334 query_chars=450[0m [36mreq[0m=[35m9a52fe7a[0m
[2m08:48:48[0m [[32m[1minfo     [0m] [1mGetting challenge status: id=6b80a033-5c12-45d8-bfa8-ce935ef8644f[0m [36mreq[0m=[35m144e9834[0m
[2m08:48:48[0m [[32m[1minfo     [0m] [1mrequest_finished                        [0m [36mduration[0m=[35m0.009[0m [36mmethod[0m=[35mGET[0m [36mpath[0m=[35m/api/v1/challenges/6b80a033-5c12-45d8-bfa8-ce935ef8644f[0m [36mreq[0m=[35m144e9834[0m [36mrequest_id[0m=[35m144e9834-5e0f-4dd7-9f2a-a99fb9674386[0m [36mstatus[0m=[35m200[0m
[2m08:48:48[0m [[32m[1minfo     [0m] [1mAgent transcript_analyzer returned final answer after 0 tool calls[0m [36mreq[0m=[35m9a52fe7a[0m
[2m08:48:49[0m [[32m[1minfo     [0m] [1mAgent transcript_analyzer completed     [0m [36mreq[0m=[35m9a52fe7a[0m
[2m08:48:49[0m [[32m[1minfo     [0m] [1mWave 1 agent 'transcript_analyzer' completed: success=True, skipped=False, result_len=2329[0m [36mreq[0m=[35m9a52fe7a[0m
[2m08:48:49[0m [[32m[1minfo     [0m] [1mExecuting wave 2/5: ['2c860d4d-d78f-42c4-80b2-3356f4d2fdad'][0m [36mreq[0m=[35m9a52fe7a[0m
[2m08:48:49[0m [[32m[1minfo     [0m] [1mExecuting agent: context_retriever (2c860d4d-d78f-42c4-80b2-3356f4d2fdad)[0m [36mreq[0m=[35m9a52fe7a[0m
[2m08:48:50[0m [[32m[1minfo     [0m] [1mTool call 1/15: skill_execute_sql_queries_to_retrieve_project_and_construction_data[0m [36mreq[0m=[35m9a52fe7a[0m
[2m08:48:50[0m [[32m[1minfo     [0m] [1mStarting sandbox execution: pip=['psycopg2-binary'], apt=['libpq-dev'], input_files=[][0m [36mreq[0m=[35m9a52fe7a[0m
[2m08:48:50[0m [[32m[1minfo     [0m] [1mFound cached image: lumari-sandbox:custom-c3a5332b (usage=8)[0m [36mreq[0m=[35m9a52fe7a[0m
[2m08:48:50[0m [[32m[1minfo     [0m] [1mUsing cached image: lumari-sandbox:custom-c3a5332b[0m [36mreq[0m=[35m9a52fe7a[0m
[2m08:48:50[0m [[32m[1minfo     [0m] [1mSandbox execution complete: success=True, time=374ms, cached=True[0m [36mreq[0m=[35m9a52fe7a[0m
[2m08:48:58[0m [[32m[1minfo     [0m] [1mAgent context_retriever returned final answer after 1 tool calls[0m [36mreq[0m=[35m9a52fe7a[0m
[2m08:48:58[0m [[32m[1minfo     [0m] [1mGetting challenge status: id=6b80a033-5c12-45d8-bfa8-ce935ef8644f[0m [36mreq[0m=[35m6f6c2c67[0m
[2m08:48:58[0m [[32m[1minfo     [0m] [1mrequest_finished                        [0m [36mduration[0m=[35m0.008[0m [36mmethod[0m=[35mGET[0m [36mpath[0m=[35m/api/v1/challenges/6b80a033-5c12-45d8-bfa8-ce935ef8644f[0m [36mreq[0m=[35m6f6c2c67[0m [36mrequest_id[0m=[35m6f6c2c67-dd4e-43c7-a3b6-ef354f1252d0[0m [36mstatus[0m=[35m200[0m
[2m08:48:58[0m [[32m[1minfo     [0m] [1mAgent context_retriever completed       [0m [36mreq[0m=[35m9a52fe7a[0m
[2m08:48:58[0m [[32m[1minfo     [0m] [1mWave 2 agent 'context_retriever' completed: success=True, skipped=False, result_len=1263[0m [36mreq[0m=[35m9a52fe7a[0m
[2m08:48:58[0m [[32m[1minfo     [0m] [1mExecuting wave 3/5: ['a9dc3547-c07e-42db-adef-e9aed3bdf631'][0m [36mreq[0m=[35m9a52fe7a[0m
[2m08:48:58[0m [[32m[1minfo     [0m] [1mExecuting agent: report_generator (a9dc3547-c07e-42db-adef-e9aed3bdf631)[0m [36mreq[0m=[35m9a52fe7a[0m
[2m08:49:01[0m [[32m[1minfo     [0m] [1mAgent report_generator returned final answer after 0 tool calls[0m [36mreq[0m=[35m9a52fe7a[0m
[2m08:49:01[0m [[32m[1minfo     [0m] [1mAgent report_generator completed        [0m [36mreq[0m=[35m9a52fe7a[0m
[2m08:49:01[0m [[32m[1minfo     [0m] [1mWave 3 agent 'report_generator' completed: success=True, skipped=False, result_len=2140[0m [36mreq[0m=[35m9a52fe7a[0m
[2m08:49:01[0m [[32m[1minfo     [0m] [1mExecuting wave 4/5: ['96c2b0d9-f739-4773-80ed-faa3aa399cff'][0m [36mreq[0m=[35m9a52fe7a[0m
[2m08:49:01[0m [[32m[1minfo     [0m] [1mExecuting agent: quality_validator (96c2b0d9-f739-4773-80ed-faa3aa399cff)[0m [36mreq[0m=[35m9a52fe7a[0m
[2m08:49:03[0m [[32m[1minfo     [0m] [1mAgent quality_validator returned final answer after 0 tool calls[0m [36mreq[0m=[35m9a52fe7a[0m
[2m08:49:03[0m [[32m[1minfo     [0m] [1mAgent quality_validator completed       [0m [36mreq[0m=[35m9a52fe7a[0m
[2m08:49:03[0m [[32m[1minfo     [0m] [1mWave 4 agent 'quality_validator' completed: success=True, skipped=False, result_len=313[0m [36mreq[0m=[35m9a52fe7a[0m
[2m08:49:03[0m [[32m[1minfo     [0m] [1mExecuting wave 5/5: ['2f49804d-3909-482a-aa2d-2b09912eb1be'][0m [36mreq[0m=[35m9a52fe7a[0m
[2m08:49:03[0m [[32m[1minfo     [0m] [1mExecuting agent: report_finalizer (2f49804d-3909-482a-aa2d-2b09912eb1be)[0m [36mreq[0m=[35m9a52fe7a[0m
[2m08:49:06[0m [[32m[1minfo     [0m] [1mAgent report_finalizer returned final answer after 0 tool calls[0m [36mreq[0m=[35m9a52fe7a[0m
[2m08:49:06[0m [[32m[1minfo     [0m] [1mAgent report_finalizer completed        [0m [36mreq[0m=[35m9a52fe7a[0m
[2m08:49:06[0m [[32m[1minfo     [0m] [1mWave 5 agent 'report_finalizer' completed: success=True, skipped=False, result_len=2682[0m [36mreq[0m=[35m9a52fe7a[0m
[2m08:49:07[0m [[32m[1minfo     [0m] [1mVerification passed (score=1.00)        [0m [36mreq[0m=[35m9a52fe7a[0m
[2m08:49:07[0m [[32m[1minfo     [0m] [1mArtifact pool cleared: 5 artifacts discarded[0m [36mreq[0m=[35m9a52fe7a[0m
[2m08:49:07[0m [[32m[1minfo     [0m] [1mPersisted 1 facts to shared memory for execution 951f5798-39f8-4915-a5cf-7bbaa97b794f[0m [36mreq[0m=[35m9a52fe7a[0m
[2m08:49:07[0m [[32m[1minfo     [0m] [1mStarting telemetry for agent=75fb97b8..., execution=951f5798...[0m [36mreq[0m=[35m9a52fe7a[0m
[2m08:49:07[0m [[32m[1minfo     [0m] [1mCreating telemetry record for agent=75fb97b8..., execution=951f5798...[0m [36mreq[0m=[35m9a52fe7a[0m
[2m08:49:07[0m [[32m[1minfo     [0m] [1mExecution completed: challenge_id=6b80a033-5c12-45d8-bfa8-ce935ef8644f, success=True[0m [36mreq[0m=[35m9a52fe7a[0m
[2m08:49:07[0m [[32m[1minfo     [0m] [1mCreated telemetry record id=79ee7c71-9e32-48b0-b3d1-26b6df55a26b[0m [36mreq[0m=[35m9a52fe7a[0m
[2m08:49:07[0m [[32m[1minfo     [0m] [1mStarted telemetry id=79ee7c71-9e32-48b0-b3d1-26b6df55a26b, input_hash=6e66e19b5858a8be..., trace_id=None[0m [36mreq[0m=[35m9a52fe7a[0m
[2m08:49:07[0m [[32m[1minfo     [0m] [1mCompleting telemetry id=79ee7c71-9e32-48b0-b3d1-26b6df55a26b, outcome=success[0m [36mreq[0m=[35m9a52fe7a[0m
[2m08:49:07[0m [[32m[1minfo     [0m] [1mUpdating telemetry record id=79ee7c71-9e32-48b0-b3d1-26b6df55a26b[0m [36mreq[0m=[35m9a52fe7a[0m
[2m08:49:07[0m [[32m[1minfo     [0m] [1mUpdated telemetry record id=79ee7c71-9e32-48b0-b3d1-26b6df55a26b, outcome=success[0m [36mreq[0m=[35m9a52fe7a[0m
[2m08:49:07[0m [[32m[1minfo     [0m] [1mCompleted telemetry id=79ee7c71-9e32-48b0-b3d1-26b6df55a26b, latency=7.73ms, tokens=29357, output_hash=44136fa355b3678a...[0m [36mreq[0m=[35m9a52fe7a[0m
[2m08:49:07[0m [[32m[1minfo     [0m] [1mConfigured epicbox profile: image=lumari-sandbox:latest, limits={'cputime': 5, 'realtime': 10, 'memory': 128, 'processes': 1}[0m [36mreq[0m=[35m9a52fe7a[0m
[2m08:49:07[0m [[32m[1minfo     [0m] [1mStarting analysis pipeline for execution_id=951f5798...[0m [36mreq[0m=[35m9a52fe7a[0m
[2m08:49:07[0m [[32m[1minfo     [0m] [1mRetrieved telemetry for agent=75fb97b8..., outcome=success[0m [36mreq[0m=[35m9a52fe7a[0m
[2m08:49:07[0m [[32m[1minfo     [0m] [1mRetrieved 7 historical executions for pattern context[0m [36mreq[0m=[35m9a52fe7a[0m
[2m08:49:07[0m [[32m[1minfo     [0m] [1mAnalyzing execution_id=951f5798...      [0m [36mreq[0m=[35m9a52fe7a[0m
[2m08:49:08[0m [[32m[1minfo     [0m] [1mGetting challenge status: id=6b80a033-5c12-45d8-bfa8-ce935ef8644f[0m [36mreq[0m=[35m035fb081[0m
[2m08:49:08[0m [[32m[1minfo     [0m] [1mrequest_finished                        [0m [36mduration[0m=[35m0.013[0m [36mmethod[0m=[35mGET[0m [36mpath[0m=[35m/api/v1/challenges/6b80a033-5c12-45d8-bfa8-ce935ef8644f[0m [36mreq[0m=[35m035fb081[0m [36mrequest_id[0m=[35m035fb081-a281-4d2b-a2b6-15f6fafe43c1[0m [36mstatus[0m=[35m200[0m
[2m08:49:08[0m [[32m[1minfo     [0m] [1mGetting challenge results: id=6b80a033-5c12-45d8-bfa8-ce935ef8644f[0m [36mreq[0m=[35md64115ae[0m
[2m08:49:08[0m [[32m[1minfo     [0m] [1mrequest_finished                        [0m [36mduration[0m=[35m0.006[0m [36mmethod[0m=[35mGET[0m [36mpath[0m=[35m/api/v1/challenges/6b80a033-5c12-45d8-bfa8-ce935ef8644f/results[0m [36mreq[0m=[35md64115ae[0m [36mrequest_id[0m=[35md64115ae-ffa6-417b-bbc4-66ee4f9dc7ed[0m [36mstatus[0m=[35m200[0m
[2m08:49:08[0m [[32m[1minfo     [0m] [1mAnalysis complete: 0 findings for execution_id=951f5798...[0m [36mreq[0m=[35m9a52fe7a[0m
[2m08:49:08[0m [[32m[1minfo     [0m] [1mAnalyzer generated 0 findings: summary='The execution completed successfully with no error...'[0m [36mreq[0m=[35m9a52fe7a[0m
[2m08:49:08[0m [[32m[1minfo     [0m] [1mNo findings generated - pipeline complete[0m [36mreq[0m=[35m9a52fe7a[0m
WARNING:  WatchFiles detected changes in 'app/orchestration/orchestrators/hybrid_orchestrator.py'. Reloading...
[2m08:59:03[0m [[32m[1minfo     [0m] [1mShutting down                           [0m
[2m08:59:03[0m [[32m[1minfo     [0m] [1mWaiting for application shutdown.       [0m
[2m08:59:03[0m [[32m[1minfo     [0m] [1mShutting down OpenTelemetry provider    [0m
[2m08:59:03[0m [[32m[1minfo     [0m] [1mOpenTelemetry provider shutdown complete[0m
[2m08:59:03[0m [[32m[1minfo     [0m] [1mOpenTelemetry shutdown complete         [0m
[2m08:59:03[0m [[32m[1minfo     [0m] [1mApplication shutdown complete.          [0m
[2m08:59:03[0m [[32m[1minfo     [0m] [1mFinished server process [22305]         [0m
[2m08:59:08[0m [[32m[1minfo     [0m] [1mStarted server process [24724]          [0m
[2m08:59:08[0m [[32m[1minfo     [0m] [1mWaiting for application startup.        [0m
[2m08:59:08[0m [[32m[1minfo     [0m] [1mDatabase already initialized (33 tables)[0m
[2m08:59:08[0m [[32m[1minfo     [0m] [1mSetting up OpenTelemetry for lumari-backend v0.1.0[0m
[2m08:59:08[0m [[32m[1minfo     [0m] [1mConsole span exporter enabled           [0m
[2m08:59:08[0m [[32m[1minfo     [0m] [1mFastAPI instrumentation complete        [0m
[2m08:59:08[0m [[32m[1minfo     [0m] [1mOpenTelemetry instrumentation initialized[0m
[2m08:59:08[0m [[32m[1minfo     [0m] [1mBackfilling applicability for 8 skills...[0m
[2m08:59:09[0m [[32m[1minfo     [0m] [1m  skill_connect_to_postgresql_database: applicability set[0m
[2m08:59:10[0m [[32m[1minfo     [0m] [1m  skill_execute_sql_queries_to_retrieve_project_and_construction_data: applicability set[0m
[2m08:59:10[0m [[32m[1minfo     [0m] [1m  skill_analyze_database_schema_and_table_relationships: applicability set[0m
[2m08:59:11[0m [[32m[1minfo     [0m] [1m  skill_calculate_construction_progress,_budget_variances,_and_defect_statistics: applicability set[0m
[2m08:59:12[0m [[32m[1minfo     [0m] [1m  skill_derive_risks_and_recommendations_based_on_project_data: applicability set[0m
[2m08:59:13[0m [[32m[1minfo     [0m] [1m  skill_direkter_sql_datenbank_konnektor_(die_vorhandenen_agents_sind_auf_text/transkripte_spezialisiert,_die_aufgabe_erfordert_jedoch_eine_aktive_datenbankverbindung_via_host/port/credentials): applicability set[0m
WARNING:  WatchFiles detected changes in 'app/orchestration/orchestrators/hybrid_orchestrator.py'. Reloading...
[2m08:59:14[0m [[32m[1minfo     [0m] [1m  skill_output_ist_rein_theoretisch_/_beschreibend: applicability set[0m
[2m08:59:14[0m [[32m[1minfo     [0m] [1m  skill_parse_and_analyze_csv_file_structures_to_identify_sub_contractors: applicability set[0m
[2m08:59:14[0m [[32m[1minfo     [0m] [1mApplicability backfill complete         [0m
[2m08:59:14[0m [[32m[1minfo     [0m] [1mApplication startup complete.           [0m
[2m08:59:14[0m [[32m[1minfo     [0m] [1mShutting down                           [0m
[2m08:59:14[0m [[32m[1minfo     [0m] [1mWaiting for application shutdown.       [0m
[2m08:59:15[0m [[32m[1minfo     [0m] [1mShutting down OpenTelemetry provider    [0m
[2m08:59:15[0m [[32m[1minfo     [0m] [1mOpenTelemetry provider shutdown complete[0m
[2m08:59:15[0m [[32m[1minfo     [0m] [1mOpenTelemetry shutdown complete         [0m
[2m08:59:15[0m [[32m[1minfo     [0m] [1mApplication shutdown complete.          [0m
[2m08:59:15[0m [[32m[1minfo     [0m] [1mFinished server process [24724]         [0m
[2m08:59:19[0m [[32m[1minfo     [0m] [1mStarted server process [24738]          [0m
[2m08:59:19[0m [[32m[1minfo     [0m] [1mWaiting for application startup.        [0m
[2m08:59:19[0m [[32m[1minfo     [0m] [1mDatabase already initialized (33 tables)[0m
[2m08:59:19[0m [[32m[1minfo     [0m] [1mSetting up OpenTelemetry for lumari-backend v0.1.0[0m
[2m08:59:19[0m [[32m[1minfo     [0m] [1mConsole span exporter enabled           [0m
[2m08:59:19[0m [[32m[1minfo     [0m] [1mFastAPI instrumentation complete        [0m
[2m08:59:19[0m [[32m[1minfo     [0m] [1mOpenTelemetry instrumentation initialized[0m
[2m08:59:19[0m [[32m[1minfo     [0m] [1mApplication startup complete.           [0m
WARNING:  WatchFiles detected changes in 'app/orchestration/orchestrators/hybrid_orchestrator.py'. Reloading...
[2m08:59:24[0m [[32m[1minfo     [0m] [1mShutting down                           [0m
[2m08:59:24[0m [[32m[1minfo     [0m] [1mWaiting for application shutdown.       [0m
[2m08:59:24[0m [[32m[1minfo     [0m] [1mShutting down OpenTelemetry provider    [0m
[2m08:59:24[0m [[32m[1minfo     [0m] [1mOpenTelemetry provider shutdown complete[0m
[2m08:59:24[0m [[32m[1minfo     [0m] [1mOpenTelemetry shutdown complete         [0m
[2m08:59:24[0m [[32m[1minfo     [0m] [1mApplication shutdown complete.          [0m
[2m08:59:24[0m [[32m[1minfo     [0m] [1mFinished server process [24738]         [0m
[2m08:59:28[0m [[32m[1minfo     [0m] [1mStarted server process [24745]          [0m
[2m08:59:28[0m [[32m[1minfo     [0m] [1mWaiting for application startup.        [0m
[2m08:59:28[0m [[32m[1minfo     [0m] [1mDatabase already initialized (33 tables)[0m
[2m08:59:28[0m [[32m[1minfo     [0m] [1mSetting up OpenTelemetry for lumari-backend v0.1.0[0m
[2m08:59:28[0m [[32m[1minfo     [0m] [1mConsole span exporter enabled           [0m
[2m08:59:28[0m [[32m[1minfo     [0m] [1mFastAPI instrumentation complete        [0m
[2m08:59:28[0m [[32m[1minfo     [0m] [1mOpenTelemetry instrumentation initialized[0m
[2m08:59:28[0m [[32m[1minfo     [0m] [1mApplication startup complete.           [0m
WARNING:  WatchFiles detected changes in 'app/orchestration/orchestrators/hybrid_orchestrator.py'. Reloading...
[2m08:59:38[0m [[32m[1minfo     [0m] [1mShutting down                           [0m
[2m08:59:38[0m [[32m[1minfo     [0m] [1mWaiting for application shutdown.       [0m
[2m08:59:38[0m [[32m[1minfo     [0m] [1mShutting down OpenTelemetry provider    [0m
[2m08:59:38[0m [[32m[1minfo     [0m] [1mOpenTelemetry provider shutdown complete[0m
[2m08:59:38[0m [[32m[1minfo     [0m] [1mOpenTelemetry shutdown complete         [0m
[2m08:59:38[0m [[32m[1minfo     [0m] [1mApplication shutdown complete.          [0m
[2m08:59:38[0m [[32m[1minfo     [0m] [1mFinished server process [24745]         [0m
[2m08:59:42[0m [[32m[1minfo     [0m] [1mStarted server process [24757]          [0m
[2m08:59:42[0m [[32m[1minfo     [0m] [1mWaiting for application startup.        [0m
[2m08:59:42[0m [[32m[1minfo     [0m] [1mDatabase already initialized (33 tables)[0m
[2m08:59:42[0m [[32m[1minfo     [0m] [1mSetting up OpenTelemetry for lumari-backend v0.1.0[0m
[2m08:59:42[0m [[32m[1minfo     [0m] [1mConsole span exporter enabled           [0m
[2m08:59:42[0m [[32m[1minfo     [0m] [1mFastAPI instrumentation complete        [0m
[2m08:59:42[0m [[32m[1minfo     [0m] [1mOpenTelemetry instrumentation initialized[0m
[2m08:59:42[0m [[32m[1minfo     [0m] [1mApplication startup complete.           [0m
WARNING:  WatchFiles detected changes in 'app/orchestration/orchestrators/hybrid_orchestrator.py'. Reloading...
[2m08:59:51[0m [[32m[1minfo     [0m] [1mShutting down                           [0m
[2m08:59:51[0m [[32m[1minfo     [0m] [1mWaiting for application shutdown.       [0m
[2m08:59:51[0m [[32m[1minfo     [0m] [1mShutting down OpenTelemetry provider    [0m
[2m08:59:51[0m [[32m[1minfo     [0m] [1mOpenTelemetry provider shutdown complete[0m
[2m08:59:51[0m [[32m[1minfo     [0m] [1mOpenTelemetry shutdown complete         [0m
[2m08:59:51[0m [[32m[1minfo     [0m] [1mApplication shutdown complete.          [0m
[2m08:59:51[0m [[32m[1minfo     [0m] [1mFinished server process [24757]         [0m
[2m08:59:54[0m [[32m[1minfo     [0m] [1mStarted server process [24773]          [0m
[2m08:59:54[0m [[32m[1minfo     [0m] [1mWaiting for application startup.        [0m
[2m08:59:54[0m [[32m[1minfo     [0m] [1mDatabase already initialized (33 tables)[0m
[2m08:59:54[0m [[32m[1minfo     [0m] [1mSetting up OpenTelemetry for lumari-backend v0.1.0[0m
[2m08:59:54[0m [[32m[1minfo     [0m] [1mConsole span exporter enabled           [0m
[2m08:59:54[0m [[32m[1minfo     [0m] [1mFastAPI instrumentation complete        [0m
[2m08:59:54[0m [[32m[1minfo     [0m] [1mOpenTelemetry instrumentation initialized[0m
[2m08:59:54[0m [[32m[1minfo     [0m] [1mApplication startup complete.           [0m
WARNING:  WatchFiles detected changes in 'app/orchestration/orchestrators/hybrid_orchestrator.py'. Reloading...
[2m09:00:04[0m [[32m[1minfo     [0m] [1mShutting down                           [0m
[2m09:00:04[0m [[32m[1minfo     [0m] [1mWaiting for application shutdown.       [0m
[2m09:00:04[0m [[32m[1minfo     [0m] [1mShutting down OpenTelemetry provider    [0m
[2m09:00:04[0m [[32m[1minfo     [0m] [1mOpenTelemetry provider shutdown complete[0m
[2m09:00:04[0m [[32m[1minfo     [0m] [1mOpenTelemetry shutdown complete         [0m
[2m09:00:04[0m [[32m[1minfo     [0m] [1mApplication shutdown complete.          [0m
[2m09:00:04[0m [[32m[1minfo     [0m] [1mFinished server process [24773]         [0m
[2m09:00:08[0m [[32m[1minfo     [0m] [1mStarted server process [24788]          [0m
[2m09:00:08[0m [[32m[1minfo     [0m] [1mWaiting for application startup.        [0m
[2m09:00:08[0m [[32m[1minfo     [0m] [1mDatabase already initialized (33 tables)[0m
[2m09:00:08[0m [[32m[1minfo     [0m] [1mSetting up OpenTelemetry for lumari-backend v0.1.0[0m
[2m09:00:08[0m [[32m[1minfo     [0m] [1mConsole span exporter enabled           [0m
[2m09:00:08[0m [[32m[1minfo     [0m] [1mFastAPI instrumentation complete        [0m
[2m09:00:08[0m [[32m[1minfo     [0m] [1mOpenTelemetry instrumentation initialized[0m
[2m09:00:08[0m [[32m[1minfo     [0m] [1mApplication startup complete.           [0m
WARNING:  WatchFiles detected changes in 'app/core/config.py'. Reloading...
[2m09:00:36[0m [[32m[1minfo     [0m] [1mShutting down                           [0m
[2m09:00:36[0m [[32m[1minfo     [0m] [1mWaiting for application shutdown.       [0m
[2m09:00:36[0m [[32m[1minfo     [0m] [1mShutting down OpenTelemetry provider    [0m
[2m09:00:36[0m [[32m[1minfo     [0m] [1mOpenTelemetry provider shutdown complete[0m
[2m09:00:36[0m [[32m[1minfo     [0m] [1mOpenTelemetry shutdown complete         [0m
[2m09:00:36[0m [[32m[1minfo     [0m] [1mApplication shutdown complete.          [0m
[2m09:00:36[0m [[32m[1minfo     [0m] [1mFinished server process [24788]         [0m
[2m09:00:40[0m [[32m[1minfo     [0m] [1mStarted server process [24819]          [0m
[2m09:00:40[0m [[32m[1minfo     [0m] [1mWaiting for application startup.        [0m
[2m09:00:40[0m [[32m[1minfo     [0m] [1mDatabase already initialized (33 tables)[0m
[2m09:00:40[0m [[32m[1minfo     [0m] [1mSetting up OpenTelemetry for lumari-backend v0.1.0[0m
[2m09:00:40[0m [[32m[1minfo     [0m] [1mConsole span exporter enabled           [0m
[2m09:00:40[0m [[32m[1minfo     [0m] [1mFastAPI instrumentation complete        [0m
[2m09:00:40[0m [[32m[1minfo     [0m] [1mOpenTelemetry instrumentation initialized[0m
[2m09:00:40[0m [[32m[1minfo     [0m] [1mApplication startup complete.           [0m
WARNING:  WatchFiles detected changes in 'app/prompts/skill_team_prompts.py'. Reloading...
[2m09:00:49[0m [[32m[1minfo     [0m] [1mShutting down                           [0m
[2m09:00:49[0m [[32m[1minfo     [0m] [1mWaiting for application shutdown.       [0m
[2m09:00:49[0m [[32m[1minfo     [0m] [1mShutting down OpenTelemetry provider    [0m
[2m09:00:49[0m [[32m[1minfo     [0m] [1mOpenTelemetry provider shutdown complete[0m
[2m09:00:49[0m [[32m[1minfo     [0m] [1mOpenTelemetry shutdown complete         [0m
[2m09:00:49[0m [[32m[1minfo     [0m] [1mApplication shutdown complete.          [0m
[2m09:00:49[0m [[32m[1minfo     [0m] [1mFinished server process [24819]         [0m
[2m09:00:52[0m [[32m[1minfo     [0m] [1mStarted server process [24833]          [0m
[2m09:00:52[0m [[32m[1minfo     [0m] [1mWaiting for application startup.        [0m
[2m09:00:52[0m [[32m[1minfo     [0m] [1mDatabase already initialized (33 tables)[0m
[2m09:00:52[0m [[32m[1minfo     [0m] [1mSetting up OpenTelemetry for lumari-backend v0.1.0[0m
[2m09:00:52[0m [[32m[1minfo     [0m] [1mConsole span exporter enabled           [0m
[2m09:00:52[0m [[32m[1minfo     [0m] [1mFastAPI instrumentation complete        [0m
[2m09:00:52[0m [[32m[1minfo     [0m] [1mOpenTelemetry instrumentation initialized[0m
[2m09:00:52[0m [[32m[1minfo     [0m] [1mApplication startup complete.           [0m
WARNING:  WatchFiles detected changes in 'app/prompts/skill_team_prompts.py'. Reloading...
[2m09:00:59[0m [[32m[1minfo     [0m] [1mShutting down                           [0m
[2m09:00:59[0m [[32m[1minfo     [0m] [1mWaiting for application shutdown.       [0m
[2m09:00:59[0m [[32m[1minfo     [0m] [1mShutting down OpenTelemetry provider    [0m
[2m09:00:59[0m [[32m[1minfo     [0m] [1mOpenTelemetry provider shutdown complete[0m
[2m09:00:59[0m [[32m[1minfo     [0m] [1mOpenTelemetry shutdown complete         [0m
[2m09:00:59[0m [[32m[1minfo     [0m] [1mApplication shutdown complete.          [0m
[2m09:00:59[0m [[32m[1minfo     [0m] [1mFinished server process [24833]         [0m
[2m09:01:02[0m [[32m[1minfo     [0m] [1mStarted server process [24846]          [0m
[2m09:01:02[0m [[32m[1minfo     [0m] [1mWaiting for application startup.        [0m
[2m09:01:02[0m [[32m[1minfo     [0m] [1mDatabase already initialized (33 tables)[0m
[2m09:01:03[0m [[32m[1minfo     [0m] [1mSetting up OpenTelemetry for lumari-backend v0.1.0[0m
[2m09:01:03[0m [[32m[1minfo     [0m] [1mConsole span exporter enabled           [0m
[2m09:01:03[0m [[32m[1minfo     [0m] [1mFastAPI instrumentation complete        [0m
[2m09:01:03[0m [[32m[1minfo     [0m] [1mOpenTelemetry instrumentation initialized[0m
[2m09:01:03[0m [[32m[1minfo     [0m] [1mApplication startup complete.           [0m
WARNING:  WatchFiles detected changes in 'app/services/research_service.py'. Reloading...
[2m09:01:13[0m [[32m[1minfo     [0m] [1mShutting down                           [0m
[2m09:01:13[0m [[32m[1minfo     [0m] [1mWaiting for application shutdown.       [0m
[2m09:01:13[0m [[32m[1minfo     [0m] [1mShutting down OpenTelemetry provider    [0m
[2m09:01:13[0m [[32m[1minfo     [0m] [1mOpenTelemetry provider shutdown complete[0m
[2m09:01:13[0m [[32m[1minfo     [0m] [1mOpenTelemetry shutdown complete         [0m
[2m09:01:13[0m [[32m[1minfo     [0m] [1mApplication shutdown complete.          [0m
[2m09:01:13[0m [[32m[1minfo     [0m] [1mFinished server process [24846]         [0m
[2m09:01:17[0m [[32m[1minfo     [0m] [1mStarted server process [24861]          [0m
[2m09:01:17[0m [[32m[1minfo     [0m] [1mWaiting for application startup.        [0m
[2m09:01:17[0m [[32m[1minfo     [0m] [1mDatabase already initialized (33 tables)[0m
[2m09:01:17[0m [[32m[1minfo     [0m] [1mSetting up OpenTelemetry for lumari-backend v0.1.0[0m
[2m09:01:17[0m [[32m[1minfo     [0m] [1mConsole span exporter enabled           [0m
[2m09:01:17[0m [[32m[1minfo     [0m] [1mFastAPI instrumentation complete        [0m
[2m09:01:17[0m [[32m[1minfo     [0m] [1mOpenTelemetry instrumentation initialized[0m
[2m09:01:17[0m [[32m[1minfo     [0m] [1mApplication startup complete.           [0m
