INFO:     Will watch for changes in these directories: ['/Users/patrick/Documents/Uni/master_project/backend']
INFO:     Uvicorn running on http://127.0.0.1:8000 (Press CTRL+C to quit)
INFO:     Started reloader process [79614] using WatchFiles
[2m16:37:12[0m [[32m[1minfo     [0m] [1mStarted server process [79620]          [0m
[2m16:37:12[0m [[32m[1minfo     [0m] [1mWaiting for application startup.        [0m
[2m16:37:12[0m [[32m[1minfo     [0m] [1mDatabase already initialized (30 tables)[0m
[2m16:37:12[0m [[32m[1minfo     [0m] [1mSetting up OpenTelemetry for lumari-backend v0.1.0[0m
[2m16:37:12[0m [[32m[1minfo     [0m] [1mConsole span exporter enabled           [0m
[2m16:37:12[0m [[32m[1minfo     [0m] [1mFastAPI instrumentation complete        [0m
[2m16:37:12[0m [[32m[1minfo     [0m] [1mOpenTelemetry instrumentation initialized[0m
[2m16:37:12[0m [[32m[1minfo     [0m] [1mApplication startup complete.           [0m
[2m16:37:13[0m [[32m[1minfo     [0m] [1mUpdating user settings: auto_apply=True [0m [36mreq[0m=[35m926b7c72[0m
[2m16:37:13[0m [[32m[1minfo     [0m] [1mUpdated settings for user default: auto_apply=True[0m [36mreq[0m=[35m926b7c72[0m
[2m16:37:13[0m [[32m[1minfo     [0m] [1mrequest_finished                        [0m [36mduration[0m=[35m0.028[0m [36mmethod[0m=[35mPUT[0m [36mpath[0m=[35m/api/v1/challenges/settings/user[0m [36mreq[0m=[35m926b7c72[0m [36mrequest_id[0m=[35m926b7c72-b4c3-4aa2-8c4c-9aa247dbe0a3[0m [36mstatus[0m=[35m200[0m
[2m16:37:13[0m [[32m[1minfo     [0m] [1mDirect challenge analysis: execution_id=d753b193-9bf9-45d7-b800-1b36be68a1bf[0m [36mreq[0m=[35mff02e1c6[0m
[2m16:37:14[0m [[32m[1minfo     [0m] [1mPre-execution analysis starting for execution d753b193-9bf9-45d7-b800-1b36be68a1bf[0m [36mreq[0m=[35mff02e1c6[0m
[2m16:37:14[0m [[32m[1minfo     [0m] [1mAnalyzing challenge for execution d753b193-9bf9-45d7-b800-1b36be68a1bf[0m [36mreq[0m=[35mff02e1c6[0m
[2m16:37:14[0m [[32m[1minfo     [0m] [1mLoading topology from database...       [0m [36mreq[0m=[35mff02e1c6[0m
[2m16:37:14[0m [[32m[1minfo     [0m] [1mMapped 9 skill entries to 9 capabilities[0m [36mreq[0m=[35mff02e1c6[0m
[2m16:37:14[0m [[32m[1minfo     [0m] [1mTopology validated: 11 agents in 5 waves[0m [36mreq[0m=[35mff02e1c6[0m
[2m16:37:14[0m [[32m[1minfo     [0m] [1mLoaded 9 skills for topology            [0m [36mreq[0m=[35mff02e1c6[0m
[2m16:37:14[0m [[32m[1minfo     [0m] [1mTopology loaded: 11 agents, 5 waves     [0m [36mreq[0m=[35mff02e1c6[0m
[2m16:37:14[0m [[32m[1minfo     [0m] [1mSkill 'skill_write_a_formal_daily_construction_report' provides applicability: 'This skill should be selected when you need to generate and save a formal, text-based daily construction progress report. It requires the site name and progress summary as input to produce a timestamped file in a specified directory.'[0m [36mreq[0m=[35mff02e1c6[0m
[2m16:37:14[0m [[32m[1minfo     [0m] [1mSkill 'skill_create_a_final_pdf_or_text_based_report_of_the_pouring_protocol' provides applicability: 'Select this skill when you need to generate a formal, documented record of a completed pouring protocol in either PDF or text format. It should be used once all protocol data—including the ID, operator, timestamp, and step list—has been finalized and validated.'[0m [36mreq[0m=[35mff02e1c6[0m
[2m16:37:14[0m [[32m[1minfo     [0m] [1mSkill 'skill_define_technical_migration_and_api_integration_roadmap' provides applicability: 'Select this skill when planning the transition from a legacy system to a new API architecture to generate a structured implementation roadmap and validation plan based on a chosen migration strategy (strangler fig, big bang, or dual-write).'[0m [36mreq[0m=[35mff02e1c6[0m
[2m16:37:14[0m [[32m[1minfo     [0m] [1mSkill 'skill_calculate_financial_impact_and_transaction_statistics' provides applicability: 'Select this skill when you need to derive aggregate financial metrics, such as total volume, averages, and category-specific impacts, from a structured list of transaction records. It is best utilized when transaction amounts require normalization from mixed string or numeric formats into a consistent float representation.'[0m [36mreq[0m=[35mff02e1c6[0m
[2m16:37:14[0m [[32m[1minfo     [0m] [1mSkill 'skill_calculate_budget_impact_of_proposed_cost_saving_measures' provides applicability: 'Select this skill when you need to determine the financial effect of multiple cost-saving initiatives on an existing budget. It should be used when you have a defined current budget and a list of specific proposed savings amounts to calculate the new budget total and the overall percentage reduction.'[0m [36mreq[0m=[35mff02e1c6[0m
[2m16:37:14[0m [[32m[1minfo     [0m] [1mSkill 'skill_audio_transcription' provides applicability: 'audio transcription'[0m [36mreq[0m=[35mff02e1c6[0m
[2m16:37:14[0m [[32m[1minfo     [0m] [1mSkill 'skill_generate_a_risk_matrix_visualization_or_summary_table' provides applicability: 'Select this skill when you need to visualize or summarize a list of risks by plotting their likelihood and impact scores on a 5x5 matrix. It should be used when your input data contains structured risk entries with defined numerical likelihood and impact values.'[0m [36mreq[0m=[35mff02e1c6[0m
[2m16:37:14[0m [[32m[1minfo     [0m] [1mSkill 'skill_evaluate_technical_risks_of_custom_abap_code_and_interface_dependencies' provides applicability: 'This skill should be selected when assessing the technical debt or stability risks of an SAP environment by identifying high-complexity custom ABAP objects and critical integration hubs. It is best applied during system audits or migration planning to prioritize objects requiring refactoring or rigorous testing based on their weighted risk scores and dependency density.'[0m [36mreq[0m=[35mff02e1c6[0m
[2m16:37:14[0m [[32m[1minfo     [0m] [1mSkill 'skill_analyze_csv_file_structure_and_identify_unique_sub_contractors' provides applicability: 'Select this skill when you need to extract a unique list of sub-contractors from a specific column in a CSV file, particularly when processing large datasets that require memory-efficient chunking.'[0m [36mreq[0m=[35mff02e1c6[0m
[2m16:37:14[0m [[32m[1minfo     [0m] [1mExtracted 9 capabilities from 9 active skills[0m [36mreq[0m=[35mff02e1c6[0m
[2m16:37:14[0m [[32m[1minfo     [0m] [1mPrompt 'report_generator_prompt' provides affected_capability: 'structure inspection findings into a formal report format'[0m [36mreq[0m=[35mff02e1c6[0m
[2m16:37:14[0m [[32m[1minfo     [0m] [1mPrompt 'prompt_generate_professional_business_correspondence' provides affected_capability: 'generate professional business correspondence'[0m [36mreq[0m=[35mff02e1c6[0m
[2m16:37:14[0m [[32m[1minfo     [0m] [1mPrompt 'transcript_analyzer_prompt' provides affected_capability: 'analyze meeting transcript'[0m [36mreq[0m=[35mff02e1c6[0m
[2m16:37:14[0m [[32m[1minfo     [0m] [1mPrompt 'prompt_analyze_construction_site_personnel_data' provides affected_capability: 'analyze construction site personnel data'[0m [36mreq[0m=[35mff02e1c6[0m
[2m16:37:14[0m [[32m[1minfo     [0m] [1mPrompt 'prompt_generate_a_structured_change_order_document_for_the_client' provides affected_capability: 'generate a structured change order document for the client'[0m [36mreq[0m=[35mff02e1c6[0m
[2m16:37:14[0m [[32m[1minfo     [0m] [1mPrompt 'prompt_structure_cost_breakdown_for_project_management' provides affected_capability: 'structure cost breakdown for project management'[0m [36mreq[0m=[35mff02e1c6[0m
[2m16:37:14[0m [[32m[1minfo     [0m] [1mPrompt 'report_finalizer_prompt' provides affected_capability: 'generate a formal network disruption report document'[0m [36mreq[0m=[35mff02e1c6[0m
[2m16:37:14[0m [[32m[1minfo     [0m] [1mPrompt 'prompt_analyze_incident_and_change_logs' provides affected_capability: 'analyze incident and change logs'[0m [36mreq[0m=[35mff02e1c6[0m
[2m16:37:14[0m [[32m[1minfo     [0m] [1mExtracted 8 capabilities from 8 active prompts[0m [36mreq[0m=[35mff02e1c6[0m
[2m16:37:15[0m [[32m[1minfo     [0m] [1mLLM extracted 5 capabilities: 3 execution, 2 knowledge[0m [36mreq[0m=[35mff02e1c6[0m
[2m16:37:15[0m [[32m[1minfo     [0m] [1mExtracted 5 required capabilities       [0m [36mreq[0m=[35mff02e1c6[0m
[2m16:37:15[0m [[32m[1minfo     [0m] [1mLoading embedding model: BAAI/bge-base-en-v1.5[0m
[2m16:37:17[0m [[32m[1minfo     [0m] [1mEmbedding model loaded                  [0m
[2m16:37:27[0m [[32m[1minfo     [0m] [1mAssessment complete: CANNOT_DO (1 gaps, 1 suggestions)[0m [36mreq[0m=[35mff02e1c6[0m
[2m16:37:27[0m [[32m[1minfo     [0m] [1mASSESSMENT_LOG execution_id=d753b193-9bf9-45d7-b800-1b36be68a1bf confidence=CANNOT_DO gaps=1 route=developer_team duration_ms=13304[0m [36mreq[0m=[35mff02e1c6[0m
[2m16:37:27[0m [[32m[1minfo     [0m] [1mPre-execution analysis complete: CANNOT_DO -> route: developer_team[0m [36mreq[0m=[35mff02e1c6[0m
[2m16:37:27[0m [[32m[1minfo     [0m] [1mOrchestrator analysis complete: confidence=CANNOT_DO, route=developer_team[0m [36mreq[0m=[35mff02e1c6[0m
[2m16:37:27[0m [[32m[1minfo     [0m] [1m0 gaps already satisfied, 1 remaining   [0m [36mreq[0m=[35mff02e1c6[0m
[2m16:37:27[0m [[32m[1minfo     [0m] [1mGenerated build plan for challenge fff4075a-e29c-4eb0-b1df-7dba03e476dc: 1 items, 1 critical[0m [36mreq[0m=[35mff02e1c6[0m
[2m16:37:27[0m [[32m[1minfo     [0m] [1mrequest_finished                        [0m [36mduration[0m=[35m13.964[0m [36mmethod[0m=[35mPOST[0m [36mpath[0m=[35m/api/v1/challenges/analyze[0m [36mreq[0m=[35mff02e1c6[0m [36mrequest_id[0m=[35mff02e1c6-8466-4ae6-ba05-43b6eb1267a0[0m [36mstatus[0m=[35m200[0m
[2m16:37:27[0m [[32m[1minfo     [0m] [1mStarting capability building: challenge_id=fff4075a-e29c-4eb0-b1df-7dba03e476dc[0m [36mreq[0m=[35mff02e1c6[0m
[2m16:37:28[0m [[32m[1minfo     [0m] [1mLoading topology from database...       [0m [36mreq[0m=[35mff02e1c6[0m
[2m16:37:28[0m [[32m[1minfo     [0m] [1mMapped 9 skill entries to 9 capabilities[0m [36mreq[0m=[35mff02e1c6[0m
[2m16:37:28[0m [[32m[1minfo     [0m] [1mTopology validated: 11 agents in 5 waves[0m [36mreq[0m=[35mff02e1c6[0m
[2m16:37:28[0m [[32m[1minfo     [0m] [1mLoaded 9 skills for topology            [0m [36mreq[0m=[35mff02e1c6[0m
[2m16:37:28[0m [[32m[1minfo     [0m] [1mTopology loaded: 11 agents, 5 waves     [0m [36mreq[0m=[35mff02e1c6[0m
[2m16:37:28[0m [[32m[1minfo     [0m] [1mRuntimeAgentRegistry initialized with max_concurrent=5[0m [36mreq[0m=[35mff02e1c6[0m
[2m16:37:28[0m [[32m[1minfo     [0m] [1mProcessing blocked challenge: id=fff4075a..., attempt=1/5[0m [36mreq[0m=[35mff02e1c6[0m
[2m16:37:28[0m [[32m[1minfo     [0m] [1mCreated gap plan: id=5b0b5957..., challenge=fff4075a..., gaps=1, cycle=1[0m [36mreq[0m=[35mff02e1c6[0m
[2m16:37:28[0m [[32m[1minfo     [0m] [1mCreated gap plan: 5b0b5957..., cycle=1, gaps=1[0m [36mreq[0m=[35mff02e1c6[0m
[2m16:37:28[0m [[32m[1minfo     [0m] [1mStarted gap plan: 5b0b5957...           [0m [36mreq[0m=[35mff02e1c6[0m
[2m16:37:28[0m [[32m[1minfo     [0m] [1mExecuting gap plan: 5b0b5957..., total_gaps=1, cycle=1[0m [36mreq[0m=[35mff02e1c6[0m
[2m16:37:28[0m [[32m[1minfo     [0m] [1mProcessing gap: 955e1b94... type=missing_skill, capability=connect to PostgreSQL database, severity=critical[0m [36mreq[0m=[35mff02e1c6[0m
[2m16:37:29[0m [[32m[1minfo     [0m] [1mStrategy proposed for connect to PostgreSQL database: direct (confidence=0.5)[0m [36mreq[0m=[35mff02e1c6[0m
[2m16:37:29[0m [[32m[1minfo     [0m] [1mBuilding capability: gap_type=missing_skill, severity=critical, attempt=1, approach=direct[0m [36mreq[0m=[35mff02e1c6[0m
[2m16:37:29[0m [[32m[1minfo     [0m] [1mUsing Skill Team for capability: connect to PostgreSQL database[0m [36mreq[0m=[35mff02e1c6[0m
[2m16:37:29[0m [[32m[1minfo     [0m] [1mStarting team-based skill development for: connect to PostgreSQL database[0m [36mreq[0m=[35mff02e1c6[0m
[2m16:37:29[0m [[32m[1minfo     [0m] [1mFound 10 previous failures to learn from[0m [36mreq[0m=[35mff02e1c6[0m
[2m16:37:29[0m [[32m[1minfo     [0m] [1mResearching capability: connect to PostgreSQL database[0m [36mreq[0m=[35mff02e1c6[0m
[2m16:37:29[0m [[32m[1minfo     [0m] [1mUsing cached research for: connect to PostgreSQL database[0m [36mreq[0m=[35mff02e1c6[0m
[2m16:37:29[0m [[32m[1minfo     [0m] [1mResearch complete: 0 packages found     [0m [36mreq[0m=[35mff02e1c6[0m
[2m16:37:32[0m [[32m[1minfo     [0m] [1mArchitecture complete: 2 test cases defined[0m [36mreq[0m=[35mff02e1c6[0m
[2m16:37:32[0m [[32m[1minfo     [0m] [1mSession start: iteration=1/10, pip=1, apt=0[0m [36mreq[0m=[35mff02e1c6[0m
[2m16:37:32[0m [[32m[1minfo     [0m] [1mDocker client connected successfully    [0m [36mreq[0m=[35mff02e1c6[0m
[2m16:37:32[0m [[32m[1minfo     [0m] [1mGetting challenge status: id=fff4075a-e29c-4eb0-b1df-7dba03e476dc[0m [36mreq[0m=[35m0403b2cd[0m
[2m16:37:32[0m [[32m[1minfo     [0m] [1mrequest_finished                        [0m [36mduration[0m=[35m0.03[0m [36mmethod[0m=[35mGET[0m [36mpath[0m=[35m/api/v1/challenges/fff4075a-e29c-4eb0-b1df-7dba03e476dc[0m [36mreq[0m=[35m0403b2cd[0m [36mrequest_id[0m=[35m0403b2cd-27ec-46dd-899e-e0661e9f47ae[0m [36mstatus[0m=[35m200[0m
[2m16:37:33[0m [[32m[1minfo     [0m] [1mSession container created: 6fe9cd72460e [0m [36mreq[0m=[35mff02e1c6[0m
[2m16:37:33[0m [[32m[1minfo     [0m] [1mInstalling pip packages: "psycopg[binary]>=3.1.0"[0m [36mreq[0m=[35mff02e1c6[0m
[2m16:37:37[0m [[32m[1minfo     [0m] [1mGetting challenge status: id=fff4075a-e29c-4eb0-b1df-7dba03e476dc[0m [36mreq[0m=[35mdd14195b[0m
[2m16:37:37[0m [[32m[1minfo     [0m] [1mrequest_finished                        [0m [36mduration[0m=[35m0.051[0m [36mmethod[0m=[35mGET[0m [36mpath[0m=[35m/api/v1/challenges/fff4075a-e29c-4eb0-b1df-7dba03e476dc[0m [36mreq[0m=[35mdd14195b[0m [36mrequest_id[0m=[35mdd14195b-886b-4a79-9631-96fd23d78003[0m [36mstatus[0m=[35m200[0m
[2m16:37:43[0m [[32m[1minfo     [0m] [1mGetting challenge status: id=fff4075a-e29c-4eb0-b1df-7dba03e476dc[0m [36mreq[0m=[35mc4f6b934[0m
[2m16:37:43[0m [[32m[1minfo     [0m] [1mrequest_finished                        [0m [36mduration[0m=[35m0.057[0m [36mmethod[0m=[35mGET[0m [36mpath[0m=[35m/api/v1/challenges/fff4075a-e29c-4eb0-b1df-7dba03e476dc[0m [36mreq[0m=[35mc4f6b934[0m [36mrequest_id[0m=[35mc4f6b934-26b5-4c8a-ac49-69731930f461[0m [36mstatus[0m=[35m200[0m
[2m16:37:43[0m [[32m[1minfo     [0m] [1mPip packages installed successfully     [0m [36mreq[0m=[35mff02e1c6[0m
[2m16:37:43[0m [[32m[1minfo     [0m] [1mImplementation iteration 1/10           [0m [36mreq[0m=[35mff02e1c6[0m
[2m16:37:46[0m [[32m[1minfo     [0m] [1mProaktiv erkannte neue Packages: ['psycopg'][0m [36mreq[0m=[35mff02e1c6[0m
[2m16:37:48[0m [[32m[1minfo     [0m] [1mGetting challenge status: id=fff4075a-e29c-4eb0-b1df-7dba03e476dc[0m [36mreq[0m=[35mae0712ef[0m
[2m16:37:48[0m [[32m[1minfo     [0m] [1mrequest_finished                        [0m [36mduration[0m=[35m0.069[0m [36mmethod[0m=[35mGET[0m [36mpath[0m=[35m/api/v1/challenges/fff4075a-e29c-4eb0-b1df-7dba03e476dc[0m [36mreq[0m=[35mae0712ef[0m [36mrequest_id[0m=[35mae0712ef-203b-4c59-8d7b-12bb8e7c3f73[0m [36mstatus[0m=[35m200[0m
[2m16:37:52[0m [[32m[1minfo     [0m] [1mSession start: iteration=2/10, pip=2, apt=0[0m [36mreq[0m=[35mff02e1c6[0m
[2m16:37:53[0m [[32m[1minfo     [0m] [1mGetting challenge status: id=fff4075a-e29c-4eb0-b1df-7dba03e476dc[0m [36mreq[0m=[35m6bb35b8c[0m
[2m16:37:53[0m [[32m[1minfo     [0m] [1mrequest_finished                        [0m [36mduration[0m=[35m0.067[0m [36mmethod[0m=[35mGET[0m [36mpath[0m=[35m/api/v1/challenges/fff4075a-e29c-4eb0-b1df-7dba03e476dc[0m [36mreq[0m=[35m6bb35b8c[0m [36mrequest_id[0m=[35m6bb35b8c-2e11-4907-8a06-d6d4730f4f0b[0m [36mstatus[0m=[35m200[0m
[2m16:37:56[0m [[32m[1minfo     [0m] [1mSession container created: 6fbbc83a18f0 [0m [36mreq[0m=[35mff02e1c6[0m
[2m16:37:56[0m [[32m[1minfo     [0m] [1mInstalling pip packages: "psycopg[binary]>=3.1.0" "psycopg"[0m [36mreq[0m=[35mff02e1c6[0m
[2m16:37:58[0m [[32m[1minfo     [0m] [1mGetting challenge status: id=fff4075a-e29c-4eb0-b1df-7dba03e476dc[0m [36mreq[0m=[35ma1ed5b74[0m
[2m16:37:58[0m [[32m[1minfo     [0m] [1mrequest_finished                        [0m [36mduration[0m=[35m0.083[0m [36mmethod[0m=[35mGET[0m [36mpath[0m=[35m/api/v1/challenges/fff4075a-e29c-4eb0-b1df-7dba03e476dc[0m [36mreq[0m=[35ma1ed5b74[0m [36mrequest_id[0m=[35ma1ed5b74-b4b4-4da7-8cb1-c82dc53b176a[0m [36mstatus[0m=[35m200[0m
[2m16:38:03[0m [[32m[1minfo     [0m] [1mGetting challenge status: id=fff4075a-e29c-4eb0-b1df-7dba03e476dc[0m [36mreq[0m=[35mba310959[0m
[2m16:38:03[0m [[32m[1minfo     [0m] [1mrequest_finished                        [0m [36mduration[0m=[35m0.053[0m [36mmethod[0m=[35mGET[0m [36mpath[0m=[35m/api/v1/challenges/fff4075a-e29c-4eb0-b1df-7dba03e476dc[0m [36mreq[0m=[35mba310959[0m [36mrequest_id[0m=[35mba310959-a871-49cd-9ee7-b99d71db6d62[0m [36mstatus[0m=[35m200[0m
[2m16:38:06[0m [[32m[1minfo     [0m] [1mPip packages installed successfully     [0m [36mreq[0m=[35mff02e1c6[0m
[2m16:38:06[0m [[32m[1minfo     [0m] [1mImplementation iteration 2/10           [0m [36mreq[0m=[35mff02e1c6[0m
[2m16:38:07[0m [[33m[1mwarning  [0m] [1mCode execution failed (exit=1): Testing with input: {'db_url': 'postgresql://invalid:invalid@localhost:5432/db', 'query': 'SELECT 1'}
Result: {'success': False, 'error': 'Database operational error: connection failed: connection to server at "127.0.0.1", port 5432 failed: Connection refused\n\tIs the server running on that host and accepting TCP/IP connections?\nMultiple connection attempts failed. All failures were:\n- host: \'localhost\', port: \'5432\', hostaddr: \'::1\': connection failed: connection to server at "::1", po[0m [36mreq[0m=[35mff02e1c6[0m
[2m16:38:08[0m [[32m[1minfo     [0m] [1mRecorded build attempt: capability=connect to PostgreSQL database, success=False, error_type=ErrorType.RUNTIME_ERROR[0m [36mreq[0m=[35mff02e1c6[0m
[2m16:38:08[0m [[32m[1minfo     [0m] [1mGetting challenge status: id=fff4075a-e29c-4eb0-b1df-7dba03e476dc[0m [36mreq[0m=[35m06851f14[0m
[2m16:38:08[0m [[32m[1minfo     [0m] [1mrequest_finished                        [0m [36mduration[0m=[35m0.101[0m [36mmethod[0m=[35mGET[0m [36mpath[0m=[35m/api/v1/challenges/fff4075a-e29c-4eb0-b1df-7dba03e476dc[0m [36mreq[0m=[35m06851f14[0m [36mrequest_id[0m=[35m06851f14-0661-4e49-afa6-12afcf463377[0m [36mstatus[0m=[35m200[0m
[2m16:38:09[0m [[32m[1minfo     [0m] [1mDebug [LOGIC_ERROR]: produced fixed code (1700 chars)[0m [36mreq[0m=[35mff02e1c6[0m
[2m16:38:09[0m [[32m[1minfo     [0m] [1mImplementation iteration 3/10           [0m [36mreq[0m=[35mff02e1c6[0m
[2m16:38:10[0m [[33m[1mwarning  [0m] [1mCode execution failed (exit=1): Testing with input: {'db_url': 'postgresql://invalid:invalid@localhost:5432/db', 'query': 'SELECT 1'}
Result: {'success': False, 'error': 'Database operational error: connection failed: connection to server at "127.0.0.1", port 5432 failed: Connection refused\n\tIs the server running on that host and accepting TCP/IP connections?\nMultiple connection attempts failed. All failures were:\n- host: \'localhost\', port: \'5432\', hostaddr: \'::1\': connection failed: connection to server at "::1", po[0m [36mreq[0m=[35mff02e1c6[0m
[2m16:38:10[0m [[32m[1minfo     [0m] [1mRecorded build attempt: capability=connect to PostgreSQL database, success=False, error_type=ErrorType.RUNTIME_ERROR[0m [36mreq[0m=[35mff02e1c6[0m
[2m16:38:12[0m [[32m[1minfo     [0m] [1mDebug [LOGIC_ERROR]: produced fixed code (1937 chars)[0m [36mreq[0m=[35mff02e1c6[0m
[2m16:38:12[0m [[32m[1minfo     [0m] [1mImplementation iteration 4/10           [0m [36mreq[0m=[35mff02e1c6[0m
[2m16:38:13[0m [[33m[1mwarning  [0m] [1mCode execution failed (exit=1): Testing with input: {'db_url': 'postgresql://invalid:invalid@localhost:5432/db', 'query': 'SELECT 1'}
Result: {'success': False, 'error': 'Database operational error: connection failed: connection to server at "127.0.0.1", port 5432 failed: Connection refused\n\tIs the server running on that host and accepting TCP/IP connections?\nMultiple connection attempts failed. All failures were:\n- host: \'localhost\', port: \'5432\', hostaddr: \'::1\': connection failed: connection to server at "::1", po[0m [36mreq[0m=[35mff02e1c6[0m
[2m16:38:13[0m [[32m[1minfo     [0m] [1mRecorded build attempt: capability=connect to PostgreSQL database, success=False, error_type=ErrorType.RUNTIME_ERROR[0m [36mreq[0m=[35mff02e1c6[0m
[2m16:38:13[0m [[33m[1mwarning  [0m] [1mApproach-Switch: psycopg scheitert wiederholt[0m [36mreq[0m=[35mff02e1c6[0m
[2m16:38:13[0m [[32m[1minfo     [0m] [1mGetting challenge status: id=fff4075a-e29c-4eb0-b1df-7dba03e476dc[0m [36mreq[0m=[35m0781dcd7[0m
[2m16:38:13[0m [[32m[1minfo     [0m] [1mrequest_finished                        [0m [36mduration[0m=[35m0.067[0m [36mmethod[0m=[35mGET[0m [36mpath[0m=[35m/api/v1/challenges/fff4075a-e29c-4eb0-b1df-7dba03e476dc[0m [36mreq[0m=[35m0781dcd7[0m [36mrequest_id[0m=[35m0781dcd7-4dae-4381-91f4-eed6944dd091[0m [36mstatus[0m=[35m200[0m
[2m16:38:15[0m [[32m[1minfo     [0m] [1mDebug [LOGIC_ERROR]: produced fixed code (1900 chars)[0m [36mreq[0m=[35mff02e1c6[0m
[2m16:38:18[0m [[32m[1minfo     [0m] [1mGetting challenge status: id=fff4075a-e29c-4eb0-b1df-7dba03e476dc[0m [36mreq[0m=[35m71f22f82[0m
[2m16:38:18[0m [[32m[1minfo     [0m] [1mrequest_finished                        [0m [36mduration[0m=[35m0.08[0m [36mmethod[0m=[35mGET[0m [36mpath[0m=[35m/api/v1/challenges/fff4075a-e29c-4eb0-b1df-7dba03e476dc[0m [36mreq[0m=[35m71f22f82[0m [36mrequest_id[0m=[35m71f22f82-9ab1-4bf9-9358-1746596a8bcb[0m [36mstatus[0m=[35m200[0m
[2m16:38:22[0m [[32m[1minfo     [0m] [1mSession start: iteration=5/10, pip=0, apt=0[0m [36mreq[0m=[35mff02e1c6[0m
[2m16:38:23[0m [[32m[1minfo     [0m] [1mGetting challenge status: id=fff4075a-e29c-4eb0-b1df-7dba03e476dc[0m [36mreq[0m=[35m67df719e[0m
[2m16:38:23[0m [[32m[1minfo     [0m] [1mrequest_finished                        [0m [36mduration[0m=[35m0.053[0m [36mmethod[0m=[35mGET[0m [36mpath[0m=[35m/api/v1/challenges/fff4075a-e29c-4eb0-b1df-7dba03e476dc[0m [36mreq[0m=[35m67df719e[0m [36mrequest_id[0m=[35m67df719e-fde5-4091-bbcf-93249e5f5d7d[0m [36mstatus[0m=[35m200[0m
[2m16:38:26[0m [[32m[1minfo     [0m] [1mSession container created: 8bc0afe12b1f [0m [36mreq[0m=[35mff02e1c6[0m
[2m16:38:26[0m [[32m[1minfo     [0m] [1mImplementation iteration 5/10           [0m [36mreq[0m=[35mff02e1c6[0m
[2m16:38:26[0m [[32m[1minfo     [0m] [1mProaktiv erkannte neue Packages: ['psycopg'][0m [36mreq[0m=[35mff02e1c6[0m
[2m16:38:28[0m [[32m[1minfo     [0m] [1mGetting challenge status: id=fff4075a-e29c-4eb0-b1df-7dba03e476dc[0m [36mreq[0m=[35m43b8c62b[0m
[2m16:38:28[0m [[32m[1minfo     [0m] [1mrequest_finished                        [0m [36mduration[0m=[35m0.02[0m [36mmethod[0m=[35mGET[0m [36mpath[0m=[35m/api/v1/challenges/fff4075a-e29c-4eb0-b1df-7dba03e476dc[0m [36mreq[0m=[35m43b8c62b[0m [36mrequest_id[0m=[35m43b8c62b-cbe8-49ae-8546-62abdc9a071b[0m [36mstatus[0m=[35m200[0m
[2m16:38:33[0m [[32m[1minfo     [0m] [1mSession start: iteration=6/10, pip=1, apt=0[0m [36mreq[0m=[35mff02e1c6[0m
[2m16:38:34[0m [[32m[1minfo     [0m] [1mGetting challenge status: id=fff4075a-e29c-4eb0-b1df-7dba03e476dc[0m [36mreq[0m=[35m3da1f88d[0m
[2m16:38:34[0m [[32m[1minfo     [0m] [1mrequest_finished                        [0m [36mduration[0m=[35m0.055[0m [36mmethod[0m=[35mGET[0m [36mpath[0m=[35m/api/v1/challenges/fff4075a-e29c-4eb0-b1df-7dba03e476dc[0m [36mreq[0m=[35m3da1f88d[0m [36mrequest_id[0m=[35m3da1f88d-b635-4312-a038-5333ee6efa77[0m [36mstatus[0m=[35m200[0m
[2m16:38:38[0m [[32m[1minfo     [0m] [1mSession container created: 9a31a298ba6b [0m [36mreq[0m=[35mff02e1c6[0m
[2m16:38:38[0m [[32m[1minfo     [0m] [1mInstalling pip packages: "psycopg"      [0m [36mreq[0m=[35mff02e1c6[0m
[2m16:38:39[0m [[32m[1minfo     [0m] [1mGetting challenge status: id=fff4075a-e29c-4eb0-b1df-7dba03e476dc[0m [36mreq[0m=[35mb65311da[0m
[2m16:38:39[0m [[32m[1minfo     [0m] [1mrequest_finished                        [0m [36mduration[0m=[35m0.068[0m [36mmethod[0m=[35mGET[0m [36mpath[0m=[35m/api/v1/challenges/fff4075a-e29c-4eb0-b1df-7dba03e476dc[0m [36mreq[0m=[35mb65311da[0m [36mrequest_id[0m=[35mb65311da-67ff-47b4-8e66-a6e31027a61b[0m [36mstatus[0m=[35m200[0m
[2m16:38:44[0m [[32m[1minfo     [0m] [1mGetting challenge status: id=fff4075a-e29c-4eb0-b1df-7dba03e476dc[0m [36mreq[0m=[35m96ff37fb[0m
[2m16:38:44[0m [[32m[1minfo     [0m] [1mrequest_finished                        [0m [36mduration[0m=[35m0.066[0m [36mmethod[0m=[35mGET[0m [36mpath[0m=[35m/api/v1/challenges/fff4075a-e29c-4eb0-b1df-7dba03e476dc[0m [36mreq[0m=[35m96ff37fb[0m [36mrequest_id[0m=[35m96ff37fb-54de-421f-ae26-421dd3446a1c[0m [36mstatus[0m=[35m200[0m
[2m16:38:45[0m [[32m[1minfo     [0m] [1mPip packages installed successfully     [0m [36mreq[0m=[35mff02e1c6[0m
[2m16:38:45[0m [[32m[1minfo     [0m] [1mImplementation iteration 6/10           [0m [36mreq[0m=[35mff02e1c6[0m
[2m16:38:46[0m [[33m[1mwarning  [0m] [1mCode execution failed (exit=1): Traceback (most recent call last):
  File "/workspace/script.py", line 1, in <module>
    import psycopg
  File "/usr/local/lib/python3.11/site-packages/psycopg/__init__.py", line 9, in <module>
    from . import pq  # noqa: F401 import early to stabilize side effects
    ^^^^^^^^^^^^^^^^
  File "/usr/local/lib/python3.11/site-packages/psycopg/pq/__init__.py", line 114, in <module>
    import_from_libpq()
  File "/usr/local/lib/python3.11/site-packages/psycopg/pq/__init__.py", line 108, in impor[0m [36mreq[0m=[35mff02e1c6[0m
[2m16:38:46[0m [[32m[1minfo     [0m] [1mRecorded build attempt: capability=connect to PostgreSQL database, success=False, error_type=ErrorType.RUNTIME_ERROR[0m [36mreq[0m=[35mff02e1c6[0m
[2m16:38:46[0m [[33m[1mwarning  [0m] [1mApproach-Switch: psycopg scheitert wiederholt[0m [36mreq[0m=[35mff02e1c6[0m
[2m16:38:49[0m [[32m[1minfo     [0m] [1mDebug [LOGIC_ERROR]: produced fixed code (1761 chars)[0m [36mreq[0m=[35mff02e1c6[0m
[2m16:38:49[0m [[32m[1minfo     [0m] [1mGetting challenge status: id=fff4075a-e29c-4eb0-b1df-7dba03e476dc[0m [36mreq[0m=[35m0c748c74[0m
[2m16:38:49[0m [[32m[1minfo     [0m] [1mrequest_finished                        [0m [36mduration[0m=[35m0.021[0m [36mmethod[0m=[35mGET[0m [36mpath[0m=[35m/api/v1/challenges/fff4075a-e29c-4eb0-b1df-7dba03e476dc[0m [36mreq[0m=[35m0c748c74[0m [36mrequest_id[0m=[35m0c748c74-fc8c-43ef-9bfc-159967d68d04[0m [36mstatus[0m=[35m200[0m
[2m16:38:54[0m [[32m[1minfo     [0m] [1mGetting challenge status: id=fff4075a-e29c-4eb0-b1df-7dba03e476dc[0m [36mreq[0m=[35mec0c01fe[0m
[2m16:38:55[0m [[32m[1minfo     [0m] [1mrequest_finished                        [0m [36mduration[0m=[35m0.071[0m [36mmethod[0m=[35mGET[0m [36mpath[0m=[35m/api/v1/challenges/fff4075a-e29c-4eb0-b1df-7dba03e476dc[0m [36mreq[0m=[35mec0c01fe[0m [36mrequest_id[0m=[35mec0c01fe-9fe4-4639-bd83-057c13cc10f2[0m [36mstatus[0m=[35m200[0m
[2m16:38:56[0m [[32m[1minfo     [0m] [1mSession start: iteration=7/10, pip=0, apt=0[0m [36mreq[0m=[35mff02e1c6[0m
[2m16:39:00[0m [[32m[1minfo     [0m] [1mGetting challenge status: id=fff4075a-e29c-4eb0-b1df-7dba03e476dc[0m [36mreq[0m=[35m6308d94c[0m
[2m16:39:00[0m [[32m[1minfo     [0m] [1mSession container created: 9ce92a0fb0a6 [0m [36mreq[0m=[35mff02e1c6[0m
[2m16:39:00[0m [[32m[1minfo     [0m] [1mImplementation iteration 7/10           [0m [36mreq[0m=[35mff02e1c6[0m
[2m16:39:00[0m [[32m[1minfo     [0m] [1mProaktiv erkannte neue Packages: ['psycopg'][0m [36mreq[0m=[35mff02e1c6[0m
[2m16:39:00[0m [[32m[1minfo     [0m] [1mrequest_finished                        [0m [36mduration[0m=[35m0.045[0m [36mmethod[0m=[35mGET[0m [36mpath[0m=[35m/api/v1/challenges/fff4075a-e29c-4eb0-b1df-7dba03e476dc[0m [36mreq[0m=[35m6308d94c[0m [36mrequest_id[0m=[35m6308d94c-f1e9-4ff9-846c-4f0a860b71e2[0m [36mstatus[0m=[35m200[0m
[2m16:39:05[0m [[32m[1minfo     [0m] [1mGetting challenge status: id=fff4075a-e29c-4eb0-b1df-7dba03e476dc[0m [36mreq[0m=[35m8e05945b[0m
[2m16:39:05[0m [[32m[1minfo     [0m] [1mrequest_finished                        [0m [36mduration[0m=[35m0.074[0m [36mmethod[0m=[35mGET[0m [36mpath[0m=[35m/api/v1/challenges/fff4075a-e29c-4eb0-b1df-7dba03e476dc[0m [36mreq[0m=[35m8e05945b[0m [36mrequest_id[0m=[35m8e05945b-ef8d-46f3-ac35-297759fa0f76[0m [36mstatus[0m=[35m200[0m
[2m16:39:06[0m [[32m[1minfo     [0m] [1mSession start: iteration=8/10, pip=1, apt=0[0m [36mreq[0m=[35mff02e1c6[0m
[2m16:39:10[0m [[32m[1minfo     [0m] [1mGetting challenge status: id=fff4075a-e29c-4eb0-b1df-7dba03e476dc[0m [36mreq[0m=[35mf393020b[0m
[2m16:39:10[0m [[32m[1minfo     [0m] [1mrequest_finished                        [0m [36mduration[0m=[35m0.088[0m [36mmethod[0m=[35mGET[0m [36mpath[0m=[35m/api/v1/challenges/fff4075a-e29c-4eb0-b1df-7dba03e476dc[0m [36mreq[0m=[35mf393020b[0m [36mrequest_id[0m=[35mf393020b-8c20-4ae8-9e66-3d843c73c869[0m [36mstatus[0m=[35m200[0m
[2m16:39:11[0m [[32m[1minfo     [0m] [1mSession container created: 4508d8c5d340 [0m [36mreq[0m=[35mff02e1c6[0m
[2m16:39:11[0m [[32m[1minfo     [0m] [1mInstalling pip packages: "psycopg"      [0m [36mreq[0m=[35mff02e1c6[0m
[2m16:39:15[0m [[32m[1minfo     [0m] [1mGetting challenge status: id=fff4075a-e29c-4eb0-b1df-7dba03e476dc[0m [36mreq[0m=[35m7ed9a96c[0m
[2m16:39:15[0m [[32m[1minfo     [0m] [1mrequest_finished                        [0m [36mduration[0m=[35m0.05[0m [36mmethod[0m=[35mGET[0m [36mpath[0m=[35m/api/v1/challenges/fff4075a-e29c-4eb0-b1df-7dba03e476dc[0m [36mreq[0m=[35m7ed9a96c[0m [36mrequest_id[0m=[35m7ed9a96c-0595-4154-a16d-fa03098362ea[0m [36mstatus[0m=[35m200[0m
[2m16:39:20[0m [[32m[1minfo     [0m] [1mGetting challenge status: id=fff4075a-e29c-4eb0-b1df-7dba03e476dc[0m [36mreq[0m=[35m7367a517[0m
[2m16:39:20[0m [[32m[1minfo     [0m] [1mrequest_finished                        [0m [36mduration[0m=[35m0.07[0m [36mmethod[0m=[35mGET[0m [36mpath[0m=[35m/api/v1/challenges/fff4075a-e29c-4eb0-b1df-7dba03e476dc[0m [36mreq[0m=[35m7367a517[0m [36mrequest_id[0m=[35m7367a517-34a3-44cd-8923-1ff9bb0bd747[0m [36mstatus[0m=[35m200[0m
[2m16:39:20[0m [[32m[1minfo     [0m] [1mPip packages installed successfully     [0m [36mreq[0m=[35mff02e1c6[0m
[2m16:39:20[0m [[32m[1minfo     [0m] [1mImplementation iteration 8/10           [0m [36mreq[0m=[35mff02e1c6[0m
[2m16:39:21[0m [[33m[1mwarning  [0m] [1mCode execution failed (exit=1): Traceback (most recent call last):
  File "/workspace/script.py", line 1, in <module>
    import psycopg
  File "/usr/local/lib/python3.11/site-packages/psycopg/__init__.py", line 9, in <module>
    from . import pq  # noqa: F401 import early to stabilize side effects
    ^^^^^^^^^^^^^^^^
  File "/usr/local/lib/python3.11/site-packages/psycopg/pq/__init__.py", line 114, in <module>
    import_from_libpq()
  File "/usr/local/lib/python3.11/site-packages/psycopg/pq/__init__.py", line 108, in impor[0m [36mreq[0m=[35mff02e1c6[0m
[2m16:39:21[0m [[32m[1minfo     [0m] [1mRecorded build attempt: capability=connect to PostgreSQL database, success=False, error_type=ErrorType.RUNTIME_ERROR[0m [36mreq[0m=[35mff02e1c6[0m
[2m16:39:21[0m [[33m[1mwarning  [0m] [1mApproach-Switch: psycopg scheitert wiederholt[0m [36mreq[0m=[35mff02e1c6[0m
[2m16:39:23[0m [[32m[1minfo     [0m] [1mDebug [LOGIC_ERROR]: produced fixed code (1761 chars)[0m [36mreq[0m=[35mff02e1c6[0m
[2m16:39:25[0m [[32m[1minfo     [0m] [1mGetting challenge status: id=fff4075a-e29c-4eb0-b1df-7dba03e476dc[0m [36mreq[0m=[35m1a23c856[0m
[2m16:39:25[0m [[32m[1minfo     [0m] [1mrequest_finished                        [0m [36mduration[0m=[35m0.07[0m [36mmethod[0m=[35mGET[0m [36mpath[0m=[35m/api/v1/challenges/fff4075a-e29c-4eb0-b1df-7dba03e476dc[0m [36mreq[0m=[35m1a23c856[0m [36mrequest_id[0m=[35m1a23c856-50b1-41fd-997d-e7b5bc668ea6[0m [36mstatus[0m=[35m200[0m
[2m16:39:30[0m [[32m[1minfo     [0m] [1mSession start: iteration=9/10, pip=0, apt=0[0m [36mreq[0m=[35mff02e1c6[0m
[2m16:39:31[0m [[32m[1minfo     [0m] [1mGetting challenge status: id=fff4075a-e29c-4eb0-b1df-7dba03e476dc[0m [36mreq[0m=[35me602ac84[0m
[2m16:39:31[0m [[32m[1minfo     [0m] [1mrequest_finished                        [0m [36mduration[0m=[35m0.089[0m [36mmethod[0m=[35mGET[0m [36mpath[0m=[35m/api/v1/challenges/fff4075a-e29c-4eb0-b1df-7dba03e476dc[0m [36mreq[0m=[35me602ac84[0m [36mrequest_id[0m=[35me602ac84-3c72-482e-b2b7-507fd5984428[0m [36mstatus[0m=[35m200[0m
[2m16:39:33[0m [[32m[1minfo     [0m] [1mSession container created: c96a09f3849c [0m [36mreq[0m=[35mff02e1c6[0m
[2m16:39:33[0m [[32m[1minfo     [0m] [1mImplementation iteration 9/10           [0m [36mreq[0m=[35mff02e1c6[0m
[2m16:39:33[0m [[32m[1minfo     [0m] [1mProaktiv erkannte neue Packages: ['psycopg'][0m [36mreq[0m=[35mff02e1c6[0m
[2m16:39:36[0m [[32m[1minfo     [0m] [1mGetting challenge status: id=fff4075a-e29c-4eb0-b1df-7dba03e476dc[0m [36mreq[0m=[35md5ed1ad2[0m
[2m16:39:36[0m [[32m[1minfo     [0m] [1mrequest_finished                        [0m [36mduration[0m=[35m0.034[0m [36mmethod[0m=[35mGET[0m [36mpath[0m=[35m/api/v1/challenges/fff4075a-e29c-4eb0-b1df-7dba03e476dc[0m [36mreq[0m=[35md5ed1ad2[0m [36mrequest_id[0m=[35md5ed1ad2-6c46-47ab-b35e-1209346d43c9[0m [36mstatus[0m=[35m200[0m
[2m16:39:40[0m [[32m[1minfo     [0m] [1mSession start: iteration=10/10, pip=1, apt=0[0m [36mreq[0m=[35mff02e1c6[0m
[2m16:39:41[0m [[32m[1minfo     [0m] [1mGetting challenge status: id=fff4075a-e29c-4eb0-b1df-7dba03e476dc[0m [36mreq[0m=[35m12583220[0m
[2m16:39:41[0m [[32m[1minfo     [0m] [1mrequest_finished                        [0m [36mduration[0m=[35m0.107[0m [36mmethod[0m=[35mGET[0m [36mpath[0m=[35m/api/v1/challenges/fff4075a-e29c-4eb0-b1df-7dba03e476dc[0m [36mreq[0m=[35m12583220[0m [36mrequest_id[0m=[35m12583220-e5ca-4f97-9ea7-1d000897cbaa[0m [36mstatus[0m=[35m200[0m
[2m16:39:44[0m [[32m[1minfo     [0m] [1mSession container created: 7807a1e92703 [0m [36mreq[0m=[35mff02e1c6[0m
[2m16:39:44[0m [[32m[1minfo     [0m] [1mInstalling pip packages: "psycopg"      [0m [36mreq[0m=[35mff02e1c6[0m
[2m16:39:46[0m [[32m[1minfo     [0m] [1mGetting challenge status: id=fff4075a-e29c-4eb0-b1df-7dba03e476dc[0m [36mreq[0m=[35mdceae216[0m
[2m16:39:46[0m [[32m[1minfo     [0m] [1mrequest_finished                        [0m [36mduration[0m=[35m0.071[0m [36mmethod[0m=[35mGET[0m [36mpath[0m=[35m/api/v1/challenges/fff4075a-e29c-4eb0-b1df-7dba03e476dc[0m [36mreq[0m=[35mdceae216[0m [36mrequest_id[0m=[35mdceae216-8768-4473-a7b9-8db7e7a2e106[0m [36mstatus[0m=[35m200[0m
[2m16:39:51[0m [[32m[1minfo     [0m] [1mGetting challenge status: id=fff4075a-e29c-4eb0-b1df-7dba03e476dc[0m [36mreq[0m=[35m0b9d5379[0m
[2m16:39:51[0m [[32m[1minfo     [0m] [1mrequest_finished                        [0m [36mduration[0m=[35m0.03[0m [36mmethod[0m=[35mGET[0m [36mpath[0m=[35m/api/v1/challenges/fff4075a-e29c-4eb0-b1df-7dba03e476dc[0m [36mreq[0m=[35m0b9d5379[0m [36mrequest_id[0m=[35m0b9d5379-bf8b-459c-90b5-4fddc63394bf[0m [36mstatus[0m=[35m200[0m
[2m16:39:55[0m [[32m[1minfo     [0m] [1mPip packages installed successfully     [0m [36mreq[0m=[35mff02e1c6[0m
[2m16:39:55[0m [[32m[1minfo     [0m] [1mImplementation iteration 10/10          [0m [36mreq[0m=[35mff02e1c6[0m
[2m16:39:56[0m [[33m[1mwarning  [0m] [1mCode execution failed (exit=1): Traceback (most recent call last):
  File "/workspace/script.py", line 1, in <module>
    import psycopg
  File "/usr/local/lib/python3.11/site-packages/psycopg/__init__.py", line 9, in <module>
    from . import pq  # noqa: F401 import early to stabilize side effects
    ^^^^^^^^^^^^^^^^
  File "/usr/local/lib/python3.11/site-packages/psycopg/pq/__init__.py", line 114, in <module>
    import_from_libpq()
  File "/usr/local/lib/python3.11/site-packages/psycopg/pq/__init__.py", line 108, in impor[0m [36mreq[0m=[35mff02e1c6[0m
[2m16:39:56[0m [[32m[1minfo     [0m] [1mRecorded build attempt: capability=connect to PostgreSQL database, success=False, error_type=ErrorType.RUNTIME_ERROR[0m [36mreq[0m=[35mff02e1c6[0m
[2m16:39:56[0m [[33m[1mwarning  [0m] [1mApproach-Switch: psycopg scheitert wiederholt[0m [36mreq[0m=[35mff02e1c6[0m
[2m16:39:56[0m [[32m[1minfo     [0m] [1mGetting challenge status: id=fff4075a-e29c-4eb0-b1df-7dba03e476dc[0m [36mreq[0m=[35m47f86475[0m
[2m16:39:56[0m [[32m[1minfo     [0m] [1mrequest_finished                        [0m [36mduration[0m=[35m0.035[0m [36mmethod[0m=[35mGET[0m [36mpath[0m=[35m/api/v1/challenges/fff4075a-e29c-4eb0-b1df-7dba03e476dc[0m [36mreq[0m=[35m47f86475[0m [36mrequest_id[0m=[35m47f86475-59da-4a58-8d74-6d04825e2942[0m [36mstatus[0m=[35m200[0m
[2m16:39:58[0m [[32m[1minfo     [0m] [1mDebug [LOGIC_ERROR]: produced fixed code (2007 chars)[0m [36mreq[0m=[35mff02e1c6[0m
[2m16:40:01[0m [[32m[1minfo     [0m] [1mGetting challenge status: id=fff4075a-e29c-4eb0-b1df-7dba03e476dc[0m [36mreq[0m=[35md680ef04[0m
[2m16:40:01[0m [[32m[1minfo     [0m] [1mrequest_finished                        [0m [36mduration[0m=[35m0.049[0m [36mmethod[0m=[35mGET[0m [36mpath[0m=[35m/api/v1/challenges/fff4075a-e29c-4eb0-b1df-7dba03e476dc[0m [36mreq[0m=[35md680ef04[0m [36mrequest_id[0m=[35md680ef04-99ae-451d-8567-a4ac4da53afc[0m [36mstatus[0m=[35m200[0m
[2m16:40:05[0m [[33m[1mwarning  [0m] [1mImplementation fehlgeschlagen nach 10 Iterationen[0m [36mreq[0m=[35mff02e1c6[0m
[2m16:40:05[0m [[33m[1mwarning  [0m] [1mSkill Team failed: phase=TeamRole.IMPLEMENTER, reason=Implementation failed after max iterations[0m [36mreq[0m=[35mff02e1c6[0m
[2m16:40:05[0m [[32m[1minfo     [0m] [1mRecorded build attempt: capability=connect to PostgreSQL database, success=False, error_type=ErrorType.RUNTIME_ERROR[0m [36mreq[0m=[35mff02e1c6[0m
[2m16:40:06[0m [[33m[1mwarning  [0m] [1mGap build failed: 955e1b94... - Implementation failed after max iterations[0m [36mreq[0m=[35mff02e1c6[0m
[2m16:40:06[0m [[32m[1minfo     [0m] [1mAll gaps processed for plan 5b0b5957... [0m [36mreq[0m=[35mff02e1c6[0m
[2m16:40:06[0m [[32m[1minfo     [0m] [1mCompleted gap plan: 5b0b5957..., status=partial, completed=0, failed=1[0m [36mreq[0m=[35mff02e1c6[0m
[2m16:40:06[0m [[32m[1minfo     [0m] [1mGap plan execution finished: 5b0b5957..., completed=0, failed=1, artifacts=0[0m [36mreq[0m=[35mff02e1c6[0m
[2m16:40:06[0m [[32m[1minfo     [0m] [1mVerifying gap closure after cycle 1, built 0 capabilities[0m [36mreq[0m=[35mff02e1c6[0m
[2m16:40:06[0m [[32m[1minfo     [0m] [1mGetting challenge status: id=fff4075a-e29c-4eb0-b1df-7dba03e476dc[0m [36mreq[0m=[35m2a52f854[0m
[2m16:40:07[0m [[32m[1minfo     [0m] [1mrequest_finished                        [0m [36mduration[0m=[35m0.205[0m [36mmethod[0m=[35mGET[0m [36mpath[0m=[35m/api/v1/challenges/fff4075a-e29c-4eb0-b1df-7dba03e476dc[0m [36mreq[0m=[35m2a52f854[0m [36mrequest_id[0m=[35m2a52f854-c5c3-4610-add1-9524cdd4475a[0m [36mstatus[0m=[35m200[0m
[2m16:40:07[0m [[32m[1minfo     [0m] [1mGap OPEN: 'connect to PostgreSQL database'[0m [36mreq[0m=[35mff02e1c6[0m
[2m16:40:07[0m [[32m[1minfo     [0m] [1mPlan verification complete: 5b0b5957..., closed=0/1, all_closed=False[0m [36mreq[0m=[35mff02e1c6[0m
[2m16:40:07[0m [[32m[1minfo     [0m] [1mVerification result: closed=0/1, all_closed=False[0m [36mreq[0m=[35mff02e1c6[0m
[2m16:40:07[0m [[32m[1minfo     [0m] [1mCreated gap plan: id=18b3cddc..., challenge=fff4075a..., gaps=1, cycle=2[0m [36mreq[0m=[35mff02e1c6[0m
[2m16:40:07[0m [[32m[1minfo     [0m] [1mCreated new cycle 2 with 1 REMAINING gaps (not new ones!) for challenge fff4075a...[0m [36mreq[0m=[35mff02e1c6[0m
[2m16:40:07[0m [[33m[1mwarning  [0m] [1mCapability building failed: fff4075a-e29c-4eb0-b1df-7dba03e476dc, decision=new_cycle[0m [36mreq[0m=[35mff02e1c6[0m
[2m16:40:12[0m [[32m[1minfo     [0m] [1mGetting challenge status: id=fff4075a-e29c-4eb0-b1df-7dba03e476dc[0m [36mreq[0m=[35mdcce8b26[0m
[2m16:40:12[0m [[32m[1minfo     [0m] [1mrequest_finished                        [0m [36mduration[0m=[35m0.049[0m [36mmethod[0m=[35mGET[0m [36mpath[0m=[35m/api/v1/challenges/fff4075a-e29c-4eb0-b1df-7dba03e476dc[0m [36mreq[0m=[35mdcce8b26[0m [36mrequest_id[0m=[35mdcce8b26-8cee-4659-92c8-ca1f8ab037e2[0m [36mstatus[0m=[35m200[0m
[2m16:40:12[0m [[32m[1minfo     [0m] [1mDirect challenge analysis: execution_id=b19c7a17-5499-4a7e-adac-441b736cf18f[0m [36mreq[0m=[35ma4c3418e[0m
[2m16:40:12[0m [[32m[1minfo     [0m] [1mPre-execution analysis starting for execution b19c7a17-5499-4a7e-adac-441b736cf18f[0m [36mreq[0m=[35ma4c3418e[0m
[2m16:40:12[0m [[32m[1minfo     [0m] [1mAnalyzing challenge for execution b19c7a17-5499-4a7e-adac-441b736cf18f[0m [36mreq[0m=[35ma4c3418e[0m
[2m16:40:12[0m [[32m[1minfo     [0m] [1mLoading topology from database...       [0m [36mreq[0m=[35ma4c3418e[0m
[2m16:40:12[0m [[32m[1minfo     [0m] [1mMapped 9 skill entries to 9 capabilities[0m [36mreq[0m=[35ma4c3418e[0m
[2m16:40:12[0m [[32m[1minfo     [0m] [1mTopology validated: 11 agents in 5 waves[0m [36mreq[0m=[35ma4c3418e[0m
[2m16:40:12[0m [[32m[1minfo     [0m] [1mLoaded 9 skills for topology            [0m [36mreq[0m=[35ma4c3418e[0m
[2m16:40:12[0m [[32m[1minfo     [0m] [1mTopology loaded: 11 agents, 5 waves     [0m [36mreq[0m=[35ma4c3418e[0m
[2m16:40:12[0m [[32m[1minfo     [0m] [1mSkill 'skill_write_a_formal_daily_construction_report' provides applicability: 'This skill should be selected when you need to generate and save a formal, text-based daily construction progress report. It requires the site name and progress summary as input to produce a timestamped file in a specified directory.'[0m [36mreq[0m=[35ma4c3418e[0m
[2m16:40:12[0m [[32m[1minfo     [0m] [1mSkill 'skill_create_a_final_pdf_or_text_based_report_of_the_pouring_protocol' provides applicability: 'Select this skill when you need to generate a formal, documented record of a completed pouring protocol in either PDF or text format. It should be used once all protocol data—including the ID, operator, timestamp, and step list—has been finalized and validated.'[0m [36mreq[0m=[35ma4c3418e[0m
[2m16:40:12[0m [[32m[1minfo     [0m] [1mSkill 'skill_define_technical_migration_and_api_integration_roadmap' provides applicability: 'Select this skill when planning the transition from a legacy system to a new API architecture to generate a structured implementation roadmap and validation plan based on a chosen migration strategy (strangler fig, big bang, or dual-write).'[0m [36mreq[0m=[35ma4c3418e[0m
[2m16:40:12[0m [[32m[1minfo     [0m] [1mSkill 'skill_calculate_financial_impact_and_transaction_statistics' provides applicability: 'Select this skill when you need to derive aggregate financial metrics, such as total volume, averages, and category-specific impacts, from a structured list of transaction records. It is best utilized when transaction amounts require normalization from mixed string or numeric formats into a consistent float representation.'[0m [36mreq[0m=[35ma4c3418e[0m
[2m16:40:12[0m [[32m[1minfo     [0m] [1mSkill 'skill_calculate_budget_impact_of_proposed_cost_saving_measures' provides applicability: 'Select this skill when you need to determine the financial effect of multiple cost-saving initiatives on an existing budget. It should be used when you have a defined current budget and a list of specific proposed savings amounts to calculate the new budget total and the overall percentage reduction.'[0m [36mreq[0m=[35ma4c3418e[0m
[2m16:40:12[0m [[32m[1minfo     [0m] [1mSkill 'skill_audio_transcription' provides applicability: 'audio transcription'[0m [36mreq[0m=[35ma4c3418e[0m
[2m16:40:12[0m [[32m[1minfo     [0m] [1mSkill 'skill_generate_a_risk_matrix_visualization_or_summary_table' provides applicability: 'Select this skill when you need to visualize or summarize a list of risks by plotting their likelihood and impact scores on a 5x5 matrix. It should be used when your input data contains structured risk entries with defined numerical likelihood and impact values.'[0m [36mreq[0m=[35ma4c3418e[0m
[2m16:40:12[0m [[32m[1minfo     [0m] [1mSkill 'skill_evaluate_technical_risks_of_custom_abap_code_and_interface_dependencies' provides applicability: 'This skill should be selected when assessing the technical debt or stability risks of an SAP environment by identifying high-complexity custom ABAP objects and critical integration hubs. It is best applied during system audits or migration planning to prioritize objects requiring refactoring or rigorous testing based on their weighted risk scores and dependency density.'[0m [36mreq[0m=[35ma4c3418e[0m
[2m16:40:12[0m [[32m[1minfo     [0m] [1mSkill 'skill_analyze_csv_file_structure_and_identify_unique_sub_contractors' provides applicability: 'Select this skill when you need to extract a unique list of sub-contractors from a specific column in a CSV file, particularly when processing large datasets that require memory-efficient chunking.'[0m [36mreq[0m=[35ma4c3418e[0m
[2m16:40:12[0m [[32m[1minfo     [0m] [1mExtracted 9 capabilities from 9 active skills[0m [36mreq[0m=[35ma4c3418e[0m
[2m16:40:12[0m [[32m[1minfo     [0m] [1mPrompt 'report_generator_prompt' provides affected_capability: 'structure inspection findings into a formal report format'[0m [36mreq[0m=[35ma4c3418e[0m
[2m16:40:12[0m [[32m[1minfo     [0m] [1mPrompt 'prompt_generate_professional_business_correspondence' provides affected_capability: 'generate professional business correspondence'[0m [36mreq[0m=[35ma4c3418e[0m
[2m16:40:12[0m [[32m[1minfo     [0m] [1mPrompt 'transcript_analyzer_prompt' provides affected_capability: 'analyze meeting transcript'[0m [36mreq[0m=[35ma4c3418e[0m
[2m16:40:12[0m [[32m[1minfo     [0m] [1mPrompt 'prompt_analyze_construction_site_personnel_data' provides affected_capability: 'analyze construction site personnel data'[0m [36mreq[0m=[35ma4c3418e[0m
[2m16:40:12[0m [[32m[1minfo     [0m] [1mPrompt 'prompt_generate_a_structured_change_order_document_for_the_client' provides affected_capability: 'generate a structured change order document for the client'[0m [36mreq[0m=[35ma4c3418e[0m
[2m16:40:12[0m [[32m[1minfo     [0m] [1mPrompt 'prompt_structure_cost_breakdown_for_project_management' provides affected_capability: 'structure cost breakdown for project management'[0m [36mreq[0m=[35ma4c3418e[0m
[2m16:40:12[0m [[32m[1minfo     [0m] [1mPrompt 'report_finalizer_prompt' provides affected_capability: 'generate a formal network disruption report document'[0m [36mreq[0m=[35ma4c3418e[0m
[2m16:40:12[0m [[32m[1minfo     [0m] [1mPrompt 'prompt_analyze_incident_and_change_logs' provides affected_capability: 'analyze incident and change logs'[0m [36mreq[0m=[35ma4c3418e[0m
[2m16:40:12[0m [[32m[1minfo     [0m] [1mExtracted 8 capabilities from 8 active prompts[0m [36mreq[0m=[35ma4c3418e[0m
[2m16:40:14[0m [[32m[1minfo     [0m] [1mLLM extracted 6 capabilities: 3 execution, 3 knowledge[0m [36mreq[0m=[35ma4c3418e[0m
[2m16:40:14[0m [[32m[1minfo     [0m] [1mExtracted 6 required capabilities       [0m [36mreq[0m=[35ma4c3418e[0m
[2m16:40:19[0m [[32m[1minfo     [0m] [1mAssessment complete: MAYBE (4 gaps, 4 suggestions)[0m [36mreq[0m=[35ma4c3418e[0m
[2m16:40:19[0m [[32m[1minfo     [0m] [1mASSESSMENT_LOG execution_id=b19c7a17-5499-4a7e-adac-441b736cf18f confidence=MAYBE gaps=4 route=developer_team duration_ms=7486[0m [36mreq[0m=[35ma4c3418e[0m
[2m16:40:19[0m [[32m[1minfo     [0m] [1mPre-execution analysis complete: MAYBE -> route: developer_team[0m [36mreq[0m=[35ma4c3418e[0m
[2m16:40:19[0m [[32m[1minfo     [0m] [1mOrchestrator analysis complete: confidence=MAYBE, route=developer_team[0m [36mreq[0m=[35ma4c3418e[0m
[2m16:40:21[0m [[32m[1minfo     [0m] [1m0 gaps already satisfied, 4 remaining   [0m [36mreq[0m=[35ma4c3418e[0m
[2m16:40:21[0m [[32m[1minfo     [0m] [1mGenerated build plan for challenge 15532f3a-d0fe-4b9c-a5dc-5994cc826726: 4 items, 1 critical[0m [36mreq[0m=[35ma4c3418e[0m
[2m16:40:21[0m [[32m[1minfo     [0m] [1mrequest_finished                        [0m [36mduration[0m=[35m9.561[0m [36mmethod[0m=[35mPOST[0m [36mpath[0m=[35m/api/v1/challenges/analyze[0m [36mreq[0m=[35ma4c3418e[0m [36mrequest_id[0m=[35ma4c3418e-1ca8-4b03-b8fe-40dd82318b8e[0m [36mstatus[0m=[35m200[0m
[2m16:40:21[0m [[32m[1minfo     [0m] [1mStarting capability building: challenge_id=15532f3a-d0fe-4b9c-a5dc-5994cc826726[0m [36mreq[0m=[35ma4c3418e[0m
[2m16:40:21[0m [[32m[1minfo     [0m] [1mLoading topology from database...       [0m [36mreq[0m=[35ma4c3418e[0m
[2m16:40:22[0m [[32m[1minfo     [0m] [1mMapped 9 skill entries to 9 capabilities[0m [36mreq[0m=[35ma4c3418e[0m
[2m16:40:22[0m [[32m[1minfo     [0m] [1mTopology validated: 11 agents in 5 waves[0m [36mreq[0m=[35ma4c3418e[0m
[2m16:40:22[0m [[32m[1minfo     [0m] [1mLoaded 9 skills for topology            [0m [36mreq[0m=[35ma4c3418e[0m
[2m16:40:22[0m [[32m[1minfo     [0m] [1mTopology loaded: 11 agents, 5 waves     [0m [36mreq[0m=[35ma4c3418e[0m
[2m16:40:22[0m [[32m[1minfo     [0m] [1mRuntimeAgentRegistry initialized with max_concurrent=5[0m [36mreq[0m=[35ma4c3418e[0m
[2m16:40:22[0m [[32m[1minfo     [0m] [1mProcessing blocked challenge: id=15532f3a..., attempt=1/5[0m [36mreq[0m=[35ma4c3418e[0m
[2m16:40:22[0m [[32m[1minfo     [0m] [1mCreated gap plan: id=c632479c..., challenge=15532f3a..., gaps=4, cycle=1[0m [36mreq[0m=[35ma4c3418e[0m
[2m16:40:22[0m [[32m[1minfo     [0m] [1mCreated gap plan: c632479c..., cycle=1, gaps=4[0m [36mreq[0m=[35ma4c3418e[0m
[2m16:40:22[0m [[32m[1minfo     [0m] [1mStarted gap plan: c632479c...           [0m [36mreq[0m=[35ma4c3418e[0m
[2m16:40:22[0m [[32m[1minfo     [0m] [1mExecuting gap plan: c632479c..., total_gaps=4, cycle=1[0m [36mreq[0m=[35ma4c3418e[0m
[2m16:40:22[0m [[32m[1minfo     [0m] [1mProcessing gap: c61ca8bb... type=missing_skill, capability=parse and import 50 CSV files into the database, severity=critical[0m [36mreq[0m=[35ma4c3418e[0m
[2m16:40:23[0m [[32m[1minfo     [0m] [1mStrategy proposed for parse and import 50 CSV files into the database: direct (confidence=0.5)[0m [36mreq[0m=[35ma4c3418e[0m
[2m16:40:23[0m [[32m[1minfo     [0m] [1mBuilding capability: gap_type=missing_skill, severity=critical, attempt=1, approach=direct[0m [36mreq[0m=[35ma4c3418e[0m
[2m16:40:23[0m [[32m[1minfo     [0m] [1mUsing Skill Team for capability: parse and import 50 CSV files into the database[0m [36mreq[0m=[35ma4c3418e[0m
[2m16:40:23[0m [[32m[1minfo     [0m] [1mStarting team-based skill development for: parse and import 50 CSV files into the database[0m [36mreq[0m=[35ma4c3418e[0m
[2m16:40:23[0m [[32m[1minfo     [0m] [1mFound 10 previous failures to learn from[0m [36mreq[0m=[35ma4c3418e[0m
[2m16:40:23[0m [[32m[1minfo     [0m] [1mResearching capability: parse and import 50 CSV files into the database[0m [36mreq[0m=[35ma4c3418e[0m
[2m16:40:23[0m [[32m[1minfo     [0m] [1mUsing cached research for: parse and import 50 CSV files into the database[0m [36mreq[0m=[35ma4c3418e[0m
[2m16:40:23[0m [[32m[1minfo     [0m] [1mResearch complete: 0 packages found     [0m [36mreq[0m=[35ma4c3418e[0m
[2m16:40:26[0m [[32m[1minfo     [0m] [1mArchitecture complete: 2 test cases defined[0m [36mreq[0m=[35ma4c3418e[0m
[2m16:40:26[0m [[32m[1minfo     [0m] [1mSession start: iteration=1/10, pip=2, apt=0[0m [36mreq[0m=[35ma4c3418e[0m
[2m16:40:26[0m [[32m[1minfo     [0m] [1mDocker client connected successfully    [0m [36mreq[0m=[35ma4c3418e[0m
[2m16:40:26[0m [[32m[1minfo     [0m] [1mGetting challenge status: id=15532f3a-d0fe-4b9c-a5dc-5994cc826726[0m [36mreq[0m=[35m0673a0bb[0m
[2m16:40:26[0m [[32m[1minfo     [0m] [1mrequest_finished                        [0m [36mduration[0m=[35m0.057[0m [36mmethod[0m=[35mGET[0m [36mpath[0m=[35m/api/v1/challenges/15532f3a-d0fe-4b9c-a5dc-5994cc826726[0m [36mreq[0m=[35m0673a0bb[0m [36mrequest_id[0m=[35m0673a0bb-e06d-485c-b70e-f93786a6623a[0m [36mstatus[0m=[35m200[0m
[2m16:40:29[0m [[32m[1minfo     [0m] [1mSession container created: ecbe0c7a34e3 [0m [36mreq[0m=[35ma4c3418e[0m
[2m16:40:29[0m [[32m[1minfo     [0m] [1mInstalling pip packages: "pandas>=2.0.0" "sqlalchemy>=2.0.0"[0m [36mreq[0m=[35ma4c3418e[0m
[2m16:40:31[0m [[32m[1minfo     [0m] [1mGetting challenge status: id=15532f3a-d0fe-4b9c-a5dc-5994cc826726[0m [36mreq[0m=[35m6f695025[0m
[2m16:40:32[0m [[32m[1minfo     [0m] [1mrequest_finished                        [0m [36mduration[0m=[35m0.077[0m [36mmethod[0m=[35mGET[0m [36mpath[0m=[35m/api/v1/challenges/15532f3a-d0fe-4b9c-a5dc-5994cc826726[0m [36mreq[0m=[35m6f695025[0m [36mrequest_id[0m=[35m6f695025-22d2-4ffe-9602-e4eb8f5e64cf[0m [36mstatus[0m=[35m200[0m
[2m16:40:37[0m [[32m[1minfo     [0m] [1mGetting challenge status: id=15532f3a-d0fe-4b9c-a5dc-5994cc826726[0m [36mreq[0m=[35md9e493cc[0m
[2m16:40:37[0m [[32m[1minfo     [0m] [1mrequest_finished                        [0m [36mduration[0m=[35m0.065[0m [36mmethod[0m=[35mGET[0m [36mpath[0m=[35m/api/v1/challenges/15532f3a-d0fe-4b9c-a5dc-5994cc826726[0m [36mreq[0m=[35md9e493cc[0m [36mrequest_id[0m=[35md9e493cc-1867-446a-b50e-79941f371c62[0m [36mstatus[0m=[35m200[0m
[2m16:40:42[0m [[32m[1minfo     [0m] [1mGetting challenge status: id=15532f3a-d0fe-4b9c-a5dc-5994cc826726[0m [36mreq[0m=[35mad91922c[0m
[2m16:40:42[0m [[32m[1minfo     [0m] [1mrequest_finished                        [0m [36mduration[0m=[35m0.014[0m [36mmethod[0m=[35mGET[0m [36mpath[0m=[35m/api/v1/challenges/15532f3a-d0fe-4b9c-a5dc-5994cc826726[0m [36mreq[0m=[35mad91922c[0m [36mrequest_id[0m=[35mad91922c-3022-4ce3-8c71-83f65987771e[0m [36mstatus[0m=[35m200[0m
[2m16:40:47[0m [[32m[1minfo     [0m] [1mGetting challenge status: id=15532f3a-d0fe-4b9c-a5dc-5994cc826726[0m [36mreq[0m=[35m70361697[0m
[2m16:40:47[0m [[32m[1minfo     [0m] [1mrequest_finished                        [0m [36mduration[0m=[35m0.081[0m [36mmethod[0m=[35mGET[0m [36mpath[0m=[35m/api/v1/challenges/15532f3a-d0fe-4b9c-a5dc-5994cc826726[0m [36mreq[0m=[35m70361697[0m [36mrequest_id[0m=[35m70361697-037c-4355-a762-0d23b1f7a480[0m [36mstatus[0m=[35m200[0m
[2m16:40:51[0m [[32m[1minfo     [0m] [1mPip packages installed successfully     [0m [36mreq[0m=[35ma4c3418e[0m
[2m16:40:51[0m [[32m[1minfo     [0m] [1mImplementation iteration 1/10           [0m [36mreq[0m=[35ma4c3418e[0m
[2m16:40:52[0m [[32m[1minfo     [0m] [1mGetting challenge status: id=15532f3a-d0fe-4b9c-a5dc-5994cc826726[0m [36mreq[0m=[35me18072aa[0m
[2m16:40:52[0m [[32m[1minfo     [0m] [1mrequest_finished                        [0m [36mduration[0m=[35m0.014[0m [36mmethod[0m=[35mGET[0m [36mpath[0m=[35m/api/v1/challenges/15532f3a-d0fe-4b9c-a5dc-5994cc826726[0m [36mreq[0m=[35me18072aa[0m [36mrequest_id[0m=[35me18072aa-fdce-4d78-8fe4-e8923da77c03[0m [36mstatus[0m=[35m200[0m
[2m16:40:53[0m [[32m[1minfo     [0m] [1mProaktiv erkannte neue Packages: ['pandas', 'sqlalchemy'][0m [36mreq[0m=[35ma4c3418e[0m
[2m16:40:57[0m [[32m[1minfo     [0m] [1mGetting challenge status: id=15532f3a-d0fe-4b9c-a5dc-5994cc826726[0m [36mreq[0m=[35mc4165261[0m
[2m16:40:57[0m [[32m[1minfo     [0m] [1mrequest_finished                        [0m [36mduration[0m=[35m0.007[0m [36mmethod[0m=[35mGET[0m [36mpath[0m=[35m/api/v1/challenges/15532f3a-d0fe-4b9c-a5dc-5994cc826726[0m [36mreq[0m=[35mc4165261[0m [36mrequest_id[0m=[35mc4165261-934c-40fb-8ea8-b99e964d10ce[0m [36mstatus[0m=[35m200[0m
[2m16:40:59[0m [[32m[1minfo     [0m] [1mSession start: iteration=2/10, pip=4, apt=0[0m [36mreq[0m=[35ma4c3418e[0m
[2m16:41:02[0m [[32m[1minfo     [0m] [1mGetting challenge status: id=15532f3a-d0fe-4b9c-a5dc-5994cc826726[0m [36mreq[0m=[35m69e455da[0m
[2m16:41:02[0m [[32m[1minfo     [0m] [1mrequest_finished                        [0m [36mduration[0m=[35m0.142[0m [36mmethod[0m=[35mGET[0m [36mpath[0m=[35m/api/v1/challenges/15532f3a-d0fe-4b9c-a5dc-5994cc826726[0m [36mreq[0m=[35m69e455da[0m [36mrequest_id[0m=[35m69e455da-481c-4f1e-a6a1-aa921f92e68b[0m [36mstatus[0m=[35m200[0m
[2m16:41:03[0m [[32m[1minfo     [0m] [1mSession container created: 23c8959d762c [0m [36mreq[0m=[35ma4c3418e[0m
[2m16:41:03[0m [[32m[1minfo     [0m] [1mInstalling pip packages: "pandas>=2.0.0" "sqlalchemy>=2.0.0" "pandas" "sqlalchemy"[0m [36mreq[0m=[35ma4c3418e[0m
[2m16:41:07[0m [[32m[1minfo     [0m] [1mGetting challenge status: id=15532f3a-d0fe-4b9c-a5dc-5994cc826726[0m [36mreq[0m=[35md072d5ea[0m
[2m16:41:07[0m [[32m[1minfo     [0m] [1mrequest_finished                        [0m [36mduration[0m=[35m0.072[0m [36mmethod[0m=[35mGET[0m [36mpath[0m=[35m/api/v1/challenges/15532f3a-d0fe-4b9c-a5dc-5994cc826726[0m [36mreq[0m=[35md072d5ea[0m [36mrequest_id[0m=[35md072d5ea-2548-4d30-9d53-3be3ab8281e3[0m [36mstatus[0m=[35m200[0m
[2m16:41:12[0m [[32m[1minfo     [0m] [1mGetting challenge status: id=15532f3a-d0fe-4b9c-a5dc-5994cc826726[0m [36mreq[0m=[35m0502f5e2[0m
[2m16:41:12[0m [[32m[1minfo     [0m] [1mrequest_finished                        [0m [36mduration[0m=[35m0.084[0m [36mmethod[0m=[35mGET[0m [36mpath[0m=[35m/api/v1/challenges/15532f3a-d0fe-4b9c-a5dc-5994cc826726[0m [36mreq[0m=[35m0502f5e2[0m [36mrequest_id[0m=[35m0502f5e2-368d-45cc-8f76-de6a670f7746[0m [36mstatus[0m=[35m200[0m
[2m16:41:17[0m [[32m[1minfo     [0m] [1mGetting challenge status: id=15532f3a-d0fe-4b9c-a5dc-5994cc826726[0m [36mreq[0m=[35m7744189e[0m
[2m16:41:17[0m [[32m[1minfo     [0m] [1mrequest_finished                        [0m [36mduration[0m=[35m0.044[0m [36mmethod[0m=[35mGET[0m [36mpath[0m=[35m/api/v1/challenges/15532f3a-d0fe-4b9c-a5dc-5994cc826726[0m [36mreq[0m=[35m7744189e[0m [36mrequest_id[0m=[35m7744189e-09ec-4b16-8904-384af46e93b9[0m [36mstatus[0m=[35m200[0m
[2m16:41:22[0m [[32m[1minfo     [0m] [1mGetting challenge status: id=15532f3a-d0fe-4b9c-a5dc-5994cc826726[0m [36mreq[0m=[35m30b5a6a4[0m
[2m16:41:22[0m [[32m[1minfo     [0m] [1mrequest_finished                        [0m [36mduration[0m=[35m0.079[0m [36mmethod[0m=[35mGET[0m [36mpath[0m=[35m/api/v1/challenges/15532f3a-d0fe-4b9c-a5dc-5994cc826726[0m [36mreq[0m=[35m30b5a6a4[0m [36mrequest_id[0m=[35m30b5a6a4-8702-4cdb-b36e-c068ed952209[0m [36mstatus[0m=[35m200[0m
[2m16:41:27[0m [[32m[1minfo     [0m] [1mGetting challenge status: id=15532f3a-d0fe-4b9c-a5dc-5994cc826726[0m [36mreq[0m=[35mbe978db1[0m
[2m16:41:27[0m [[32m[1minfo     [0m] [1mrequest_finished                        [0m [36mduration[0m=[35m0.016[0m [36mmethod[0m=[35mGET[0m [36mpath[0m=[35m/api/v1/challenges/15532f3a-d0fe-4b9c-a5dc-5994cc826726[0m [36mreq[0m=[35mbe978db1[0m [36mrequest_id[0m=[35mbe978db1-e927-4d61-8a60-bfc1bde8b051[0m [36mstatus[0m=[35m200[0m
[2m16:41:28[0m [[32m[1minfo     [0m] [1mPip packages installed successfully     [0m [36mreq[0m=[35ma4c3418e[0m
[2m16:41:28[0m [[32m[1minfo     [0m] [1mImplementation iteration 2/10           [0m [36mreq[0m=[35ma4c3418e[0m
[2m16:41:30[0m [[33m[1mwarning  [0m] [1mCode execution failed (exit=1): Testing with input: {'folder_path': '/non/existent/path', 'db_url': 'sqlite:///:memory:'}
Result: {'success': False, 'error': 'The path provided is not a valid directory: /non/existent/path'}
TEST FAILED: The path provided is not a valid directory: /non/existent/path
[0m [36mreq[0m=[35ma4c3418e[0m
[2m16:41:30[0m [[32m[1minfo     [0m] [1mRecorded build attempt: capability=parse and import 50 CSV files into the database, success=False, error_type=ErrorType.RUNTIME_ERROR[0m [36mreq[0m=[35ma4c3418e[0m
[2m16:41:32[0m [[32m[1minfo     [0m] [1mDebug [LOGIC_ERROR]: produced fixed code (2012 chars)[0m [36mreq[0m=[35ma4c3418e[0m
[2m16:41:32[0m [[32m[1minfo     [0m] [1mImplementation iteration 3/10           [0m [36mreq[0m=[35ma4c3418e[0m
[2m16:41:32[0m [[32m[1minfo     [0m] [1mGetting challenge status: id=15532f3a-d0fe-4b9c-a5dc-5994cc826726[0m [36mreq[0m=[35mc85f94a0[0m
[2m16:41:32[0m [[32m[1minfo     [0m] [1mrequest_finished                        [0m [36mduration[0m=[35m0.082[0m [36mmethod[0m=[35mGET[0m [36mpath[0m=[35m/api/v1/challenges/15532f3a-d0fe-4b9c-a5dc-5994cc826726[0m [36mreq[0m=[35mc85f94a0[0m [36mrequest_id[0m=[35mc85f94a0-cb55-4e97-8c87-2735a28b3d89[0m [36mstatus[0m=[35m200[0m
[2m16:41:34[0m [[33m[1mwarning  [0m] [1mCode execution failed (exit=1): Testing with input: {'folder_path': '/non/existent/path', 'db_url': 'sqlite:///:memory:'}
Result: {'success': False, 'error': 'The path provided is not a valid directory: /non/existent/path', 'processed_files': [], 'errors': []}
TEST FAILED: The path provided is not a valid directory: /non/existent/path
[0m [36mreq[0m=[35ma4c3418e[0m
[2m16:41:34[0m [[32m[1minfo     [0m] [1mRecorded build attempt: capability=parse and import 50 CSV files into the database, success=False, error_type=ErrorType.RUNTIME_ERROR[0m [36mreq[0m=[35ma4c3418e[0m
[2m16:41:36[0m [[32m[1minfo     [0m] [1mDebug [LOGIC_ERROR]: produced fixed code (2012 chars)[0m [36mreq[0m=[35ma4c3418e[0m
[2m16:41:36[0m [[32m[1minfo     [0m] [1mImplementation iteration 4/10           [0m [36mreq[0m=[35ma4c3418e[0m
[2m16:41:37[0m [[32m[1minfo     [0m] [1mGetting challenge status: id=15532f3a-d0fe-4b9c-a5dc-5994cc826726[0m [36mreq[0m=[35m9abbf518[0m
[2m16:41:38[0m [[32m[1minfo     [0m] [1mrequest_finished                        [0m [36mduration[0m=[35m0.097[0m [36mmethod[0m=[35mGET[0m [36mpath[0m=[35m/api/v1/challenges/15532f3a-d0fe-4b9c-a5dc-5994cc826726[0m [36mreq[0m=[35m9abbf518[0m [36mrequest_id[0m=[35m9abbf518-1711-483c-a2ab-685d8ff64a9d[0m [36mstatus[0m=[35m200[0m
[2m16:41:38[0m [[33m[1mwarning  [0m] [1mCode execution failed (exit=1): Testing with input: {'folder_path': '/non/existent/path', 'db_url': 'sqlite:///:memory:'}
Result: {'success': False, 'error': 'The path provided is not a valid directory: /non/existent/path', 'processed_files': [], 'errors': []}
TEST FAILED: The path provided is not a valid directory: /non/existent/path
[0m [36mreq[0m=[35ma4c3418e[0m
[2m16:41:38[0m [[32m[1minfo     [0m] [1mRecorded build attempt: capability=parse and import 50 CSV files into the database, success=False, error_type=ErrorType.RUNTIME_ERROR[0m [36mreq[0m=[35ma4c3418e[0m
[2m16:41:38[0m [[33m[1mwarning  [0m] [1mApproach-Switch: pandas scheitert wiederholt[0m [36mreq[0m=[35ma4c3418e[0m
[2m16:41:40[0m [[32m[1minfo     [0m] [1mDebug [LOGIC_ERROR]: produced fixed code (2012 chars)[0m [36mreq[0m=[35ma4c3418e[0m
[2m16:41:43[0m [[32m[1minfo     [0m] [1mGetting challenge status: id=15532f3a-d0fe-4b9c-a5dc-5994cc826726[0m [36mreq[0m=[35md9c4d242[0m
[2m16:41:43[0m [[32m[1minfo     [0m] [1mrequest_finished                        [0m [36mduration[0m=[35m0.038[0m [36mmethod[0m=[35mGET[0m [36mpath[0m=[35m/api/v1/challenges/15532f3a-d0fe-4b9c-a5dc-5994cc826726[0m [36mreq[0m=[35md9c4d242[0m [36mrequest_id[0m=[35md9c4d242-cf2d-4215-b104-d1fb0b007ca3[0m [36mstatus[0m=[35m200[0m
[2m16:41:47[0m [[32m[1minfo     [0m] [1mSession start: iteration=5/10, pip=2, apt=0[0m [36mreq[0m=[35ma4c3418e[0m
[2m16:41:48[0m [[32m[1minfo     [0m] [1mGetting challenge status: id=15532f3a-d0fe-4b9c-a5dc-5994cc826726[0m [36mreq[0m=[35m6acbd805[0m
[2m16:41:48[0m [[32m[1minfo     [0m] [1mrequest_finished                        [0m [36mduration[0m=[35m0.065[0m [36mmethod[0m=[35mGET[0m [36mpath[0m=[35m/api/v1/challenges/15532f3a-d0fe-4b9c-a5dc-5994cc826726[0m [36mreq[0m=[35m6acbd805[0m [36mrequest_id[0m=[35m6acbd805-a3b5-41ad-ad5a-38cf5736832a[0m [36mstatus[0m=[35m200[0m
[2m16:41:51[0m [[32m[1minfo     [0m] [1mSession container created: c787ed79ae75 [0m [36mreq[0m=[35ma4c3418e[0m
[2m16:41:51[0m [[32m[1minfo     [0m] [1mInstalling pip packages: "sqlalchemy>=2.0.0" "sqlalchemy"[0m [36mreq[0m=[35ma4c3418e[0m
[2m16:41:53[0m [[32m[1minfo     [0m] [1mGetting challenge status: id=15532f3a-d0fe-4b9c-a5dc-5994cc826726[0m [36mreq[0m=[35m04194f71[0m
[2m16:41:53[0m [[32m[1minfo     [0m] [1mrequest_finished                        [0m [36mduration[0m=[35m0.075[0m [36mmethod[0m=[35mGET[0m [36mpath[0m=[35m/api/v1/challenges/15532f3a-d0fe-4b9c-a5dc-5994cc826726[0m [36mreq[0m=[35m04194f71[0m [36mrequest_id[0m=[35m04194f71-4c08-4211-873a-e3cf4158c71d[0m [36mstatus[0m=[35m200[0m
[2m16:41:58[0m [[32m[1minfo     [0m] [1mGetting challenge status: id=15532f3a-d0fe-4b9c-a5dc-5994cc826726[0m [36mreq[0m=[35me957aa19[0m
[2m16:41:58[0m [[32m[1minfo     [0m] [1mrequest_finished                        [0m [36mduration[0m=[35m0.101[0m [36mmethod[0m=[35mGET[0m [36mpath[0m=[35m/api/v1/challenges/15532f3a-d0fe-4b9c-a5dc-5994cc826726[0m [36mreq[0m=[35me957aa19[0m [36mrequest_id[0m=[35me957aa19-c3ef-4581-bbfb-07fe4e1bad9d[0m [36mstatus[0m=[35m200[0m
[2m16:42:02[0m [[32m[1minfo     [0m] [1mPip packages installed successfully     [0m [36mreq[0m=[35ma4c3418e[0m
[2m16:42:02[0m [[32m[1minfo     [0m] [1mImplementation iteration 5/10           [0m [36mreq[0m=[35ma4c3418e[0m
[2m16:42:02[0m [[32m[1minfo     [0m] [1mProaktiv erkannte neue Packages: ['pandas'][0m [36mreq[0m=[35ma4c3418e[0m
[2m16:42:03[0m [[32m[1minfo     [0m] [1mGetting challenge status: id=15532f3a-d0fe-4b9c-a5dc-5994cc826726[0m [36mreq[0m=[35m0c8ed69f[0m
[2m16:42:03[0m [[32m[1minfo     [0m] [1mrequest_finished                        [0m [36mduration[0m=[35m0.048[0m [36mmethod[0m=[35mGET[0m [36mpath[0m=[35m/api/v1/challenges/15532f3a-d0fe-4b9c-a5dc-5994cc826726[0m [36mreq[0m=[35m0c8ed69f[0m [36mrequest_id[0m=[35m0c8ed69f-83c9-4ddb-982d-a31c8e18dab7[0m [36mstatus[0m=[35m200[0m
[2m16:42:08[0m [[32m[1minfo     [0m] [1mGetting challenge status: id=15532f3a-d0fe-4b9c-a5dc-5994cc826726[0m [36mreq[0m=[35m890c6f09[0m
[2m16:42:08[0m [[32m[1minfo     [0m] [1mrequest_finished                        [0m [36mduration[0m=[35m0.119[0m [36mmethod[0m=[35mGET[0m [36mpath[0m=[35m/api/v1/challenges/15532f3a-d0fe-4b9c-a5dc-5994cc826726[0m [36mreq[0m=[35m890c6f09[0m [36mrequest_id[0m=[35m890c6f09-07b0-4d64-b12c-83a7ecc5dea0[0m [36mstatus[0m=[35m200[0m
[2m16:42:09[0m [[32m[1minfo     [0m] [1mSession start: iteration=6/10, pip=3, apt=0[0m [36mreq[0m=[35ma4c3418e[0m
[2m16:42:12[0m [[32m[1minfo     [0m] [1mSession container created: 716fdf737dca [0m [36mreq[0m=[35ma4c3418e[0m
[2m16:42:12[0m [[32m[1minfo     [0m] [1mInstalling pip packages: "sqlalchemy>=2.0.0" "sqlalchemy" "pandas"[0m [36mreq[0m=[35ma4c3418e[0m
[2m16:42:13[0m [[32m[1minfo     [0m] [1mGetting challenge status: id=15532f3a-d0fe-4b9c-a5dc-5994cc826726[0m [36mreq[0m=[35md036212d[0m
[2m16:42:13[0m [[32m[1minfo     [0m] [1mrequest_finished                        [0m [36mduration[0m=[35m0.139[0m [36mmethod[0m=[35mGET[0m [36mpath[0m=[35m/api/v1/challenges/15532f3a-d0fe-4b9c-a5dc-5994cc826726[0m [36mreq[0m=[35md036212d[0m [36mrequest_id[0m=[35md036212d-3eb7-4d86-8e54-6a89831fefe6[0m [36mstatus[0m=[35m200[0m
[2m16:42:18[0m [[32m[1minfo     [0m] [1mGetting challenge status: id=15532f3a-d0fe-4b9c-a5dc-5994cc826726[0m [36mreq[0m=[35md800b430[0m
[2m16:42:18[0m [[32m[1minfo     [0m] [1mrequest_finished                        [0m [36mduration[0m=[35m0.101[0m [36mmethod[0m=[35mGET[0m [36mpath[0m=[35m/api/v1/challenges/15532f3a-d0fe-4b9c-a5dc-5994cc826726[0m [36mreq[0m=[35md800b430[0m [36mrequest_id[0m=[35md800b430-7b35-4d21-8dab-44494893f7b1[0m [36mstatus[0m=[35m200[0m
[2m16:42:23[0m [[32m[1minfo     [0m] [1mGetting challenge status: id=15532f3a-d0fe-4b9c-a5dc-5994cc826726[0m [36mreq[0m=[35m8f80ce5b[0m
[2m16:42:23[0m [[32m[1minfo     [0m] [1mrequest_finished                        [0m [36mduration[0m=[35m0.057[0m [36mmethod[0m=[35mGET[0m [36mpath[0m=[35m/api/v1/challenges/15532f3a-d0fe-4b9c-a5dc-5994cc826726[0m [36mreq[0m=[35m8f80ce5b[0m [36mrequest_id[0m=[35m8f80ce5b-aeb4-4cc9-946f-ae4125dd7b8d[0m [36mstatus[0m=[35m200[0m
[2m16:42:29[0m [[32m[1minfo     [0m] [1mGetting challenge status: id=15532f3a-d0fe-4b9c-a5dc-5994cc826726[0m [36mreq[0m=[35m5cc09d32[0m
[2m16:42:29[0m [[32m[1minfo     [0m] [1mrequest_finished                        [0m [36mduration[0m=[35m0.115[0m [36mmethod[0m=[35mGET[0m [36mpath[0m=[35m/api/v1/challenges/15532f3a-d0fe-4b9c-a5dc-5994cc826726[0m [36mreq[0m=[35m5cc09d32[0m [36mrequest_id[0m=[35m5cc09d32-76ac-46f1-a57a-df3a0d476802[0m [36mstatus[0m=[35m200[0m
[2m16:42:34[0m [[32m[1minfo     [0m] [1mGetting challenge status: id=15532f3a-d0fe-4b9c-a5dc-5994cc826726[0m [36mreq[0m=[35m23f6392e[0m
[2m16:42:34[0m [[32m[1minfo     [0m] [1mrequest_finished                        [0m [36mduration[0m=[35m0.042[0m [36mmethod[0m=[35mGET[0m [36mpath[0m=[35m/api/v1/challenges/15532f3a-d0fe-4b9c-a5dc-5994cc826726[0m [36mreq[0m=[35m23f6392e[0m [36mrequest_id[0m=[35m23f6392e-a8e9-4a09-93d9-98e32ef78eca[0m [36mstatus[0m=[35m200[0m
[2m16:42:38[0m [[32m[1minfo     [0m] [1mPip packages installed successfully     [0m [36mreq[0m=[35ma4c3418e[0m
[2m16:42:38[0m [[32m[1minfo     [0m] [1mImplementation iteration 6/10           [0m [36mreq[0m=[35ma4c3418e[0m
[2m16:42:39[0m [[32m[1minfo     [0m] [1mGetting challenge status: id=15532f3a-d0fe-4b9c-a5dc-5994cc826726[0m [36mreq[0m=[35md6f0fab0[0m
[2m16:42:39[0m [[32m[1minfo     [0m] [1mrequest_finished                        [0m [36mduration[0m=[35m0.026[0m [36mmethod[0m=[35mGET[0m [36mpath[0m=[35m/api/v1/challenges/15532f3a-d0fe-4b9c-a5dc-5994cc826726[0m [36mreq[0m=[35md6f0fab0[0m [36mrequest_id[0m=[35md6f0fab0-4840-4777-bbd8-becf6eec8611[0m [36mstatus[0m=[35m200[0m
[2m16:42:40[0m [[33m[1mwarning  [0m] [1mCode execution failed (exit=1): Testing with input: {'folder_path': '/non/existent/path', 'db_url': 'sqlite:///:memory:'}
Result: {'success': False, 'error': 'The path provided is not a valid directory: /non/existent/path', 'processed_files': [], 'errors': []}
TEST FAILED: The path provided is not a valid directory: /non/existent/path
[0m [36mreq[0m=[35ma4c3418e[0m
[2m16:42:40[0m [[32m[1minfo     [0m] [1mRecorded build attempt: capability=parse and import 50 CSV files into the database, success=False, error_type=ErrorType.RUNTIME_ERROR[0m [36mreq[0m=[35ma4c3418e[0m
[2m16:42:40[0m [[33m[1mwarning  [0m] [1mApproach-Switch: pandas scheitert wiederholt[0m [36mreq[0m=[35ma4c3418e[0m
[2m16:42:42[0m [[32m[1minfo     [0m] [1mDebug [LOGIC_ERROR]: produced fixed code (2012 chars)[0m [36mreq[0m=[35ma4c3418e[0m
[2m16:42:44[0m [[32m[1minfo     [0m] [1mGetting challenge status: id=15532f3a-d0fe-4b9c-a5dc-5994cc826726[0m [36mreq[0m=[35m19e8ad6b[0m
[2m16:42:44[0m [[32m[1minfo     [0m] [1mrequest_finished                        [0m [36mduration[0m=[35m0.012[0m [36mmethod[0m=[35mGET[0m [36mpath[0m=[35m/api/v1/challenges/15532f3a-d0fe-4b9c-a5dc-5994cc826726[0m [36mreq[0m=[35m19e8ad6b[0m [36mrequest_id[0m=[35m19e8ad6b-4940-4d8d-9302-4d64fe890d14[0m [36mstatus[0m=[35m200[0m
[2m16:42:49[0m [[32m[1minfo     [0m] [1mGetting challenge status: id=15532f3a-d0fe-4b9c-a5dc-5994cc826726[0m [36mreq[0m=[35m8e64e009[0m
[2m16:42:49[0m [[32m[1minfo     [0m] [1mrequest_finished                        [0m [36mduration[0m=[35m0.051[0m [36mmethod[0m=[35mGET[0m [36mpath[0m=[35m/api/v1/challenges/15532f3a-d0fe-4b9c-a5dc-5994cc826726[0m [36mreq[0m=[35m8e64e009[0m [36mrequest_id[0m=[35m8e64e009-bb88-4882-abb2-81349bde94cf[0m [36mstatus[0m=[35m200[0m
[2m16:42:49[0m [[32m[1minfo     [0m] [1mSession start: iteration=7/10, pip=2, apt=0[0m [36mreq[0m=[35ma4c3418e[0m
[2m16:42:52[0m [[32m[1minfo     [0m] [1mSession container created: d783aa32df46 [0m [36mreq[0m=[35ma4c3418e[0m
[2m16:42:52[0m [[32m[1minfo     [0m] [1mInstalling pip packages: "sqlalchemy>=2.0.0" "sqlalchemy"[0m [36mreq[0m=[35ma4c3418e[0m
[2m16:42:54[0m [[32m[1minfo     [0m] [1mGetting challenge status: id=15532f3a-d0fe-4b9c-a5dc-5994cc826726[0m [36mreq[0m=[35m047767c7[0m
[2m16:42:54[0m [[32m[1minfo     [0m] [1mrequest_finished                        [0m [36mduration[0m=[35m0.021[0m [36mmethod[0m=[35mGET[0m [36mpath[0m=[35m/api/v1/challenges/15532f3a-d0fe-4b9c-a5dc-5994cc826726[0m [36mreq[0m=[35m047767c7[0m [36mrequest_id[0m=[35m047767c7-2fba-4477-a6d6-9481a558e061[0m [36mstatus[0m=[35m200[0m
[2m16:42:59[0m [[32m[1minfo     [0m] [1mGetting challenge status: id=15532f3a-d0fe-4b9c-a5dc-5994cc826726[0m [36mreq[0m=[35m38953b16[0m
[2m16:42:59[0m [[32m[1minfo     [0m] [1mrequest_finished                        [0m [36mduration[0m=[35m0.077[0m [36mmethod[0m=[35mGET[0m [36mpath[0m=[35m/api/v1/challenges/15532f3a-d0fe-4b9c-a5dc-5994cc826726[0m [36mreq[0m=[35m38953b16[0m [36mrequest_id[0m=[35m38953b16-812d-4dcc-ae4f-f7a2d1965441[0m [36mstatus[0m=[35m200[0m
[2m16:43:01[0m [[32m[1minfo     [0m] [1mPip packages installed successfully     [0m [36mreq[0m=[35ma4c3418e[0m
[2m16:43:01[0m [[32m[1minfo     [0m] [1mImplementation iteration 7/10           [0m [36mreq[0m=[35ma4c3418e[0m
[2m16:43:01[0m [[32m[1minfo     [0m] [1mProaktiv erkannte neue Packages: ['pandas'][0m [36mreq[0m=[35ma4c3418e[0m
[2m16:43:04[0m [[32m[1minfo     [0m] [1mGetting challenge status: id=15532f3a-d0fe-4b9c-a5dc-5994cc826726[0m [36mreq[0m=[35m19a1a9d4[0m
[2m16:43:04[0m [[32m[1minfo     [0m] [1mrequest_finished                        [0m [36mduration[0m=[35m0.042[0m [36mmethod[0m=[35mGET[0m [36mpath[0m=[35m/api/v1/challenges/15532f3a-d0fe-4b9c-a5dc-5994cc826726[0m [36mreq[0m=[35m19a1a9d4[0m [36mrequest_id[0m=[35m19a1a9d4-17c5-434f-bd99-489120321851[0m [36mstatus[0m=[35m200[0m
[2m16:43:07[0m [[32m[1minfo     [0m] [1mSession start: iteration=8/10, pip=3, apt=0[0m [36mreq[0m=[35ma4c3418e[0m
[2m16:43:09[0m [[32m[1minfo     [0m] [1mGetting challenge status: id=15532f3a-d0fe-4b9c-a5dc-5994cc826726[0m [36mreq[0m=[35mf0da96ea[0m
[2m16:43:09[0m [[32m[1minfo     [0m] [1mrequest_finished                        [0m [36mduration[0m=[35m0.058[0m [36mmethod[0m=[35mGET[0m [36mpath[0m=[35m/api/v1/challenges/15532f3a-d0fe-4b9c-a5dc-5994cc826726[0m [36mreq[0m=[35mf0da96ea[0m [36mrequest_id[0m=[35mf0da96ea-0b51-4845-83c8-2e8f6acaa6c3[0m [36mstatus[0m=[35m200[0m
[2m16:43:10[0m [[32m[1minfo     [0m] [1mSession container created: 6a3b80f3b3e7 [0m [36mreq[0m=[35ma4c3418e[0m
[2m16:43:10[0m [[32m[1minfo     [0m] [1mInstalling pip packages: "sqlalchemy>=2.0.0" "sqlalchemy" "pandas"[0m [36mreq[0m=[35ma4c3418e[0m
[2m16:43:14[0m [[32m[1minfo     [0m] [1mGetting challenge status: id=15532f3a-d0fe-4b9c-a5dc-5994cc826726[0m [36mreq[0m=[35m352a8103[0m
[2m16:43:14[0m [[32m[1minfo     [0m] [1mrequest_finished                        [0m [36mduration[0m=[35m0.057[0m [36mmethod[0m=[35mGET[0m [36mpath[0m=[35m/api/v1/challenges/15532f3a-d0fe-4b9c-a5dc-5994cc826726[0m [36mreq[0m=[35m352a8103[0m [36mrequest_id[0m=[35m352a8103-83f2-45b5-90a5-03e14bbee459[0m [36mstatus[0m=[35m200[0m
[2m16:43:19[0m [[32m[1minfo     [0m] [1mGetting challenge status: id=15532f3a-d0fe-4b9c-a5dc-5994cc826726[0m [36mreq[0m=[35md55f96a3[0m
[2m16:43:19[0m [[32m[1minfo     [0m] [1mrequest_finished                        [0m [36mduration[0m=[35m0.032[0m [36mmethod[0m=[35mGET[0m [36mpath[0m=[35m/api/v1/challenges/15532f3a-d0fe-4b9c-a5dc-5994cc826726[0m [36mreq[0m=[35md55f96a3[0m [36mrequest_id[0m=[35md55f96a3-f10b-4058-adb2-c92ab51e0e73[0m [36mstatus[0m=[35m200[0m
[2m16:43:24[0m [[32m[1minfo     [0m] [1mGetting challenge status: id=15532f3a-d0fe-4b9c-a5dc-5994cc826726[0m [36mreq[0m=[35ma2a37168[0m
[2m16:43:24[0m [[32m[1minfo     [0m] [1mrequest_finished                        [0m [36mduration[0m=[35m0.056[0m [36mmethod[0m=[35mGET[0m [36mpath[0m=[35m/api/v1/challenges/15532f3a-d0fe-4b9c-a5dc-5994cc826726[0m [36mreq[0m=[35ma2a37168[0m [36mrequest_id[0m=[35ma2a37168-9850-4c44-a513-90e925bf75f8[0m [36mstatus[0m=[35m200[0m
[2m16:43:29[0m [[32m[1minfo     [0m] [1mPip packages installed successfully     [0m [36mreq[0m=[35ma4c3418e[0m
[2m16:43:29[0m [[32m[1minfo     [0m] [1mImplementation iteration 8/10           [0m [36mreq[0m=[35ma4c3418e[0m
[2m16:43:29[0m [[32m[1minfo     [0m] [1mGetting challenge status: id=15532f3a-d0fe-4b9c-a5dc-5994cc826726[0m [36mreq[0m=[35m2926134d[0m
[2m16:43:29[0m [[32m[1minfo     [0m] [1mrequest_finished                        [0m [36mduration[0m=[35m0.09[0m [36mmethod[0m=[35mGET[0m [36mpath[0m=[35m/api/v1/challenges/15532f3a-d0fe-4b9c-a5dc-5994cc826726[0m [36mreq[0m=[35m2926134d[0m [36mrequest_id[0m=[35m2926134d-a75d-42e6-a63e-c4bd19e25496[0m [36mstatus[0m=[35m200[0m
[2m16:43:30[0m [[33m[1mwarning  [0m] [1mCode execution failed (exit=1): Testing with input: {'folder_path': '/non/existent/path', 'db_url': 'sqlite:///:memory:'}
Result: {'success': False, 'error': 'The path provided is not a valid directory: /non/existent/path', 'processed_files': [], 'errors': []}
TEST FAILED: The path provided is not a valid directory: /non/existent/path
[0m [36mreq[0m=[35ma4c3418e[0m
[2m16:43:31[0m [[32m[1minfo     [0m] [1mRecorded build attempt: capability=parse and import 50 CSV files into the database, success=False, error_type=ErrorType.RUNTIME_ERROR[0m [36mreq[0m=[35ma4c3418e[0m
[2m16:43:31[0m [[33m[1mwarning  [0m] [1mApproach-Switch: pandas scheitert wiederholt[0m [36mreq[0m=[35ma4c3418e[0m
[2m16:43:33[0m [[32m[1minfo     [0m] [1mDebug [LOGIC_ERROR]: produced fixed code (2012 chars)[0m [36mreq[0m=[35ma4c3418e[0m
[2m16:43:34[0m [[32m[1minfo     [0m] [1mGetting challenge status: id=15532f3a-d0fe-4b9c-a5dc-5994cc826726[0m [36mreq[0m=[35m9d8b2a15[0m
[2m16:43:35[0m [[32m[1minfo     [0m] [1mrequest_finished                        [0m [36mduration[0m=[35m0.043[0m [36mmethod[0m=[35mGET[0m [36mpath[0m=[35m/api/v1/challenges/15532f3a-d0fe-4b9c-a5dc-5994cc826726[0m [36mreq[0m=[35m9d8b2a15[0m [36mrequest_id[0m=[35m9d8b2a15-5783-4a31-85b6-1638fa5c2fcb[0m [36mstatus[0m=[35m200[0m
[2m16:43:39[0m [[32m[1minfo     [0m] [1mSession start: iteration=9/10, pip=2, apt=0[0m [36mreq[0m=[35ma4c3418e[0m
[2m16:43:40[0m [[32m[1minfo     [0m] [1mGetting challenge status: id=15532f3a-d0fe-4b9c-a5dc-5994cc826726[0m [36mreq[0m=[35m5335020f[0m
[2m16:43:40[0m [[32m[1minfo     [0m] [1mrequest_finished                        [0m [36mduration[0m=[35m0.057[0m [36mmethod[0m=[35mGET[0m [36mpath[0m=[35m/api/v1/challenges/15532f3a-d0fe-4b9c-a5dc-5994cc826726[0m [36mreq[0m=[35m5335020f[0m [36mrequest_id[0m=[35m5335020f-b2d2-49c9-87d9-3b733cab69d2[0m [36mstatus[0m=[35m200[0m
[2m16:43:42[0m [[32m[1minfo     [0m] [1mSession container created: 874fde367820 [0m [36mreq[0m=[35ma4c3418e[0m
[2m16:43:42[0m [[32m[1minfo     [0m] [1mInstalling pip packages: "sqlalchemy>=2.0.0" "sqlalchemy"[0m [36mreq[0m=[35ma4c3418e[0m
[2m16:43:45[0m [[32m[1minfo     [0m] [1mGetting challenge status: id=15532f3a-d0fe-4b9c-a5dc-5994cc826726[0m [36mreq[0m=[35m08a1111b[0m
[2m16:43:45[0m [[32m[1minfo     [0m] [1mrequest_finished                        [0m [36mduration[0m=[35m0.055[0m [36mmethod[0m=[35mGET[0m [36mpath[0m=[35m/api/v1/challenges/15532f3a-d0fe-4b9c-a5dc-5994cc826726[0m [36mreq[0m=[35m08a1111b[0m [36mrequest_id[0m=[35m08a1111b-b1b8-4487-8761-4de4c65d78b2[0m [36mstatus[0m=[35m200[0m
[2m16:43:50[0m [[32m[1minfo     [0m] [1mGetting challenge status: id=15532f3a-d0fe-4b9c-a5dc-5994cc826726[0m [36mreq[0m=[35m1a0194fa[0m
[2m16:43:50[0m [[32m[1minfo     [0m] [1mrequest_finished                        [0m [36mduration[0m=[35m0.035[0m [36mmethod[0m=[35mGET[0m [36mpath[0m=[35m/api/v1/challenges/15532f3a-d0fe-4b9c-a5dc-5994cc826726[0m [36mreq[0m=[35m1a0194fa[0m [36mrequest_id[0m=[35m1a0194fa-7c21-40af-874b-7730ce501172[0m [36mstatus[0m=[35m200[0m
[2m16:43:51[0m [[32m[1minfo     [0m] [1mPip packages installed successfully     [0m [36mreq[0m=[35ma4c3418e[0m
[2m16:43:51[0m [[32m[1minfo     [0m] [1mImplementation iteration 9/10           [0m [36mreq[0m=[35ma4c3418e[0m
[2m16:43:51[0m [[32m[1minfo     [0m] [1mProaktiv erkannte neue Packages: ['pandas'][0m [36mreq[0m=[35ma4c3418e[0m
[2m16:43:55[0m [[32m[1minfo     [0m] [1mGetting challenge status: id=15532f3a-d0fe-4b9c-a5dc-5994cc826726[0m [36mreq[0m=[35ma8680ab6[0m
[2m16:43:55[0m [[32m[1minfo     [0m] [1mrequest_finished                        [0m [36mduration[0m=[35m0.081[0m [36mmethod[0m=[35mGET[0m [36mpath[0m=[35m/api/v1/challenges/15532f3a-d0fe-4b9c-a5dc-5994cc826726[0m [36mreq[0m=[35ma8680ab6[0m [36mrequest_id[0m=[35ma8680ab6-8167-4855-8572-ddc3b3f5dfb2[0m [36mstatus[0m=[35m200[0m
[2m16:43:58[0m [[32m[1minfo     [0m] [1mSession start: iteration=10/10, pip=3, apt=0[0m [36mreq[0m=[35ma4c3418e[0m
[2m16:44:00[0m [[32m[1minfo     [0m] [1mGetting challenge status: id=15532f3a-d0fe-4b9c-a5dc-5994cc826726[0m [36mreq[0m=[35m3d615baf[0m
[2m16:44:00[0m [[32m[1minfo     [0m] [1mrequest_finished                        [0m [36mduration[0m=[35m0.132[0m [36mmethod[0m=[35mGET[0m [36mpath[0m=[35m/api/v1/challenges/15532f3a-d0fe-4b9c-a5dc-5994cc826726[0m [36mreq[0m=[35m3d615baf[0m [36mrequest_id[0m=[35m3d615baf-73d9-4bc5-ad32-c9c46b6c1f46[0m [36mstatus[0m=[35m200[0m
[2m16:44:01[0m [[32m[1minfo     [0m] [1mSession container created: c26695697d20 [0m [36mreq[0m=[35ma4c3418e[0m
[2m16:44:01[0m [[32m[1minfo     [0m] [1mInstalling pip packages: "sqlalchemy>=2.0.0" "sqlalchemy" "pandas"[0m [36mreq[0m=[35ma4c3418e[0m
[2m16:44:05[0m [[32m[1minfo     [0m] [1mGetting challenge status: id=15532f3a-d0fe-4b9c-a5dc-5994cc826726[0m [36mreq[0m=[35m3b8efaa0[0m
[2m16:44:05[0m [[32m[1minfo     [0m] [1mrequest_finished                        [0m [36mduration[0m=[35m0.028[0m [36mmethod[0m=[35mGET[0m [36mpath[0m=[35m/api/v1/challenges/15532f3a-d0fe-4b9c-a5dc-5994cc826726[0m [36mreq[0m=[35m3b8efaa0[0m [36mrequest_id[0m=[35m3b8efaa0-8f47-4b96-954b-e70101208873[0m [36mstatus[0m=[35m200[0m
[2m16:44:10[0m [[32m[1minfo     [0m] [1mGetting challenge status: id=15532f3a-d0fe-4b9c-a5dc-5994cc826726[0m [36mreq[0m=[35m67cbbd8b[0m
[2m16:44:10[0m [[32m[1minfo     [0m] [1mrequest_finished                        [0m [36mduration[0m=[35m0.046[0m [36mmethod[0m=[35mGET[0m [36mpath[0m=[35m/api/v1/challenges/15532f3a-d0fe-4b9c-a5dc-5994cc826726[0m [36mreq[0m=[35m67cbbd8b[0m [36mrequest_id[0m=[35m67cbbd8b-6f0b-4cc3-aa00-ab27ebc18d09[0m [36mstatus[0m=[35m200[0m
[2m16:44:15[0m [[32m[1minfo     [0m] [1mGetting challenge status: id=15532f3a-d0fe-4b9c-a5dc-5994cc826726[0m [36mreq[0m=[35m2a3d5f8f[0m
[2m16:44:15[0m [[32m[1minfo     [0m] [1mrequest_finished                        [0m [36mduration[0m=[35m0.039[0m [36mmethod[0m=[35mGET[0m [36mpath[0m=[35m/api/v1/challenges/15532f3a-d0fe-4b9c-a5dc-5994cc826726[0m [36mreq[0m=[35m2a3d5f8f[0m [36mrequest_id[0m=[35m2a3d5f8f-a608-4b93-85a0-21e0c0d956c3[0m [36mstatus[0m=[35m200[0m
[2m16:44:20[0m [[32m[1minfo     [0m] [1mPip packages installed successfully     [0m [36mreq[0m=[35ma4c3418e[0m
[2m16:44:20[0m [[32m[1minfo     [0m] [1mImplementation iteration 10/10          [0m [36mreq[0m=[35ma4c3418e[0m
[2m16:44:20[0m [[32m[1minfo     [0m] [1mGetting challenge status: id=15532f3a-d0fe-4b9c-a5dc-5994cc826726[0m [36mreq[0m=[35mef1b396a[0m
[2m16:44:20[0m [[32m[1minfo     [0m] [1mrequest_finished                        [0m [36mduration[0m=[35m0.065[0m [36mmethod[0m=[35mGET[0m [36mpath[0m=[35m/api/v1/challenges/15532f3a-d0fe-4b9c-a5dc-5994cc826726[0m [36mreq[0m=[35mef1b396a[0m [36mrequest_id[0m=[35mef1b396a-139f-45b6-8f9c-c094c6c41667[0m [36mstatus[0m=[35m200[0m
[2m16:44:21[0m [[33m[1mwarning  [0m] [1mCode execution failed (exit=1): Testing with input: {'folder_path': '/non/existent/path', 'db_url': 'sqlite:///:memory:'}
Result: {'success': False, 'error': 'The path provided is not a valid directory: /non/existent/path', 'processed_files': [], 'errors': []}
TEST FAILED: The path provided is not a valid directory: /non/existent/path
[0m [36mreq[0m=[35ma4c3418e[0m
[2m16:44:21[0m [[32m[1minfo     [0m] [1mRecorded build attempt: capability=parse and import 50 CSV files into the database, success=False, error_type=ErrorType.RUNTIME_ERROR[0m [36mreq[0m=[35ma4c3418e[0m
[2m16:44:21[0m [[33m[1mwarning  [0m] [1mApproach-Switch: pandas scheitert wiederholt[0m [36mreq[0m=[35ma4c3418e[0m
[2m16:44:23[0m [[32m[1minfo     [0m] [1mDebug [LOGIC_ERROR]: produced fixed code (2012 chars)[0m [36mreq[0m=[35ma4c3418e[0m
[2m16:44:25[0m [[32m[1minfo     [0m] [1mGetting challenge status: id=15532f3a-d0fe-4b9c-a5dc-5994cc826726[0m [36mreq[0m=[35m1a127bf2[0m
[2m16:44:25[0m [[32m[1minfo     [0m] [1mrequest_finished                        [0m [36mduration[0m=[35m0.014[0m [36mmethod[0m=[35mGET[0m [36mpath[0m=[35m/api/v1/challenges/15532f3a-d0fe-4b9c-a5dc-5994cc826726[0m [36mreq[0m=[35m1a127bf2[0m [36mrequest_id[0m=[35m1a127bf2-fcc4-4123-86ab-8ffb9cb0684c[0m [36mstatus[0m=[35m200[0m
[2m16:44:30[0m [[33m[1mwarning  [0m] [1mImplementation fehlgeschlagen nach 10 Iterationen[0m [36mreq[0m=[35ma4c3418e[0m
[2m16:44:30[0m [[33m[1mwarning  [0m] [1mSkill Team failed: phase=TeamRole.IMPLEMENTER, reason=Implementation failed after max iterations[0m [36mreq[0m=[35ma4c3418e[0m
[2m16:44:30[0m [[32m[1minfo     [0m] [1mRecorded build attempt: capability=parse and import 50 CSV files into the database, success=False, error_type=ErrorType.RUNTIME_ERROR[0m [36mreq[0m=[35ma4c3418e[0m
[2m16:44:30[0m [[33m[1mwarning  [0m] [1mGap build failed: c61ca8bb... - Implementation failed after max iterations[0m [36mreq[0m=[35ma4c3418e[0m
[2m16:44:30[0m [[32m[1minfo     [0m] [1mProcessing gap: 2c272ba5... type=missing_planning_skill, capability=design and create a normalized relational database schema, severity=important[0m [36mreq[0m=[35ma4c3418e[0m
[2m16:44:30[0m [[32m[1minfo     [0m] [1mGetting challenge status: id=15532f3a-d0fe-4b9c-a5dc-5994cc826726[0m [36mreq[0m=[35mc73dbf80[0m
[2m16:44:30[0m [[32m[1minfo     [0m] [1mrequest_finished                        [0m [36mduration[0m=[35m0.057[0m [36mmethod[0m=[35mGET[0m [36mpath[0m=[35m/api/v1/challenges/15532f3a-d0fe-4b9c-a5dc-5994cc826726[0m [36mreq[0m=[35mc73dbf80[0m [36mrequest_id[0m=[35mc73dbf80-a805-47a5-8bd8-f0147bdfba45[0m [36mstatus[0m=[35m200[0m
[2m16:44:30[0m [[33m[1mwarning  [0m] [1mUnknown gap type 'missing_planning_skill', using generic builder[0m [36mreq[0m=[35ma4c3418e[0m
[2m16:44:30[0m [[32m[1minfo     [0m] [1mBuilding capability: gap_type=missing_planning_skill, severity=important, attempt=1, approach=direct[0m [36mreq[0m=[35ma4c3418e[0m
[2m16:44:30[0m [[32m[1minfo     [0m] [1mDecomposing task id=d063c09d..., files=1[0m [36mreq[0m=[35ma4c3418e[0m
[2m16:44:35[0m [[32m[1minfo     [0m] [1mDecomposed task into 2 subtasks, 2 waves[0m [36mreq[0m=[35ma4c3418e[0m
[2m16:44:35[0m [[32m[1minfo     [0m] [1mExecuting wave 1/2, files=['prompts/generated/prompt_design_and_create_a_normalized_relational_database_schema.txt'][0m [36mreq[0m=[35ma4c3418e[0m
[2m16:44:35[0m [[32m[1minfo     [0m] [1mRegistered agent id=3814f0c1..., task=d063c09d..., file=prompts/generated/prompt_design_and_create_a_normalized_relational_database_schema.txt[0m [36mreq[0m=[35ma4c3418e[0m
[2m16:44:35[0m [[32m[1minfo     [0m] [1mUpdated agent id=3814f0c1... status=running[0m [36mreq[0m=[35ma4c3418e[0m
[2m16:44:35[0m [[32m[1minfo     [0m] [1mExecuting agent id=3814f0c1..., file=prompts/generated/prompt_design_and_create_a_normalized_relational_database_schema.txt[0m [36mreq[0m=[35ma4c3418e[0m
[2m16:44:35[0m [[32m[1minfo     [0m] [1mGetting challenge status: id=15532f3a-d0fe-4b9c-a5dc-5994cc826726[0m [36mreq[0m=[35m2e41545f[0m
[2m16:44:35[0m [[32m[1minfo     [0m] [1mrequest_finished                        [0m [36mduration[0m=[35m0.074[0m [36mmethod[0m=[35mGET[0m [36mpath[0m=[35m/api/v1/challenges/15532f3a-d0fe-4b9c-a5dc-5994cc826726[0m [36mreq[0m=[35m2e41545f[0m [36mrequest_id[0m=[35m2e41545f-8550-4f5c-8556-8a33b14932a1[0m [36mstatus[0m=[35m200[0m
[2m16:44:37[0m [[32m[1minfo     [0m] [1mAgent completed id=3814f0c1..., duration=2.73s[0m [36mreq[0m=[35ma4c3418e[0m
[2m16:44:37[0m [[32m[1minfo     [0m] [1mUpdated agent id=3814f0c1... status=completed[0m [36mreq[0m=[35ma4c3418e[0m
[2m16:44:37[0m [[32m[1minfo     [0m] [1mExecuting wave 2/2, files=['scripts/schema_generator.py'][0m [36mreq[0m=[35ma4c3418e[0m
[2m16:44:37[0m [[32m[1minfo     [0m] [1mRegistered agent id=617b2a4c..., task=d063c09d..., file=scripts/schema_generator.py[0m [36mreq[0m=[35ma4c3418e[0m
[2m16:44:37[0m [[32m[1minfo     [0m] [1mUpdated agent id=617b2a4c... status=running[0m [36mreq[0m=[35ma4c3418e[0m
[2m16:44:37[0m [[32m[1minfo     [0m] [1mExecuting agent id=617b2a4c..., file=scripts/schema_generator.py[0m [36mreq[0m=[35ma4c3418e[0m
{
    "name": "developer_team.decompose_task",
    "context": {
        "trace_id": "0xebcd581a97a78c56fbed7ce42690cfb3",
        "span_id": "0x42a5fd0c4094caf1",
        "trace_state": "[]"
    },
    "kind": "SpanKind.INTERNAL",
    "parent_id": "0x98444f69f2faff05",
    "start_time": "2026-05-06T16:44:30.912662Z",
    "end_time": "2026-05-06T16:44:35.046058Z",
    "status": {
        "status_code": "UNSET"
    },
    "attributes": {},
    "events": [],
    "links": [],
    "resource": {
        "attributes": {
            "telemetry.sdk.language": "python",
            "telemetry.sdk.name": "opentelemetry",
            "telemetry.sdk.version": "1.40.0",
            "service.name": "lumari-backend",
            "service.version": "0.1.0",
            "service.namespace": "lumari",
            "deployment.environment": "development",
            "telemetry.middleware.version": "1.0.0"
        },
        "schema_url": ""
    }
}
{
    "name": "agent_spawner.spawn_and_execute",
    "context": {
        "trace_id": "0xebcd581a97a78c56fbed7ce42690cfb3",
        "span_id": "0x6f9891e57050f967",
        "trace_state": "[]"
    },
    "kind": "SpanKind.INTERNAL",
    "parent_id": "0xa7a3e29e5622bda5",
    "start_time": "2026-05-06T16:44:35.048405Z",
    "end_time": "2026-05-06T16:44:37.775970Z",
    "status": {
        "status_code": "UNSET"
    },
    "attributes": {
        "agent.id": "3814f0c1-52cb-4f13-a8f5-893859d60195",
        "agent.task_id": "d063c09d-0e49-4e34-9222-018e935fbe1e",
        "agent.file_path": "prompts/generated/prompt_design_and_create_a_normalized_relational_database_schema.txt",
        "agent.timeout_seconds": 300,
        "agent.registered": true,
        "agent.success": true,
        "agent.duration_seconds": 2.7269039154052734
    },
    "events": [],
    "links": [],
    "resource": {
        "attributes": {
            "telemetry.sdk.language": "python",
            "telemetry.sdk.name": "opentelemetry",
            "telemetry.sdk.version": "1.40.0",
            "service.name": "lumari-backend",
            "service.version": "0.1.0",
            "service.namespace": "lumari",
            "deployment.environment": "development",
            "telemetry.middleware.version": "1.0.0"
        },
        "schema_url": ""
    }
}
{
    "name": "developer_team.execute_wave",
    "context": {
        "trace_id": "0xebcd581a97a78c56fbed7ce42690cfb3",
        "span_id": "0xa7a3e29e5622bda5",
        "trace_state": "[]"
    },
    "kind": "SpanKind.INTERNAL",
    "parent_id": "0x98444f69f2faff05",
    "start_time": "2026-05-06T16:44:35.047025Z",
    "end_time": "2026-05-06T16:44:37.778377Z",
    "status": {
        "status_code": "UNSET"
    },
    "attributes": {
        "wave.files": [
            "prompts/generated/prompt_design_and_create_a_normalized_relational_database_schema.txt"
        ]
    },
    "events": [],
    "links": [],
    "resource": {
        "attributes": {
            "telemetry.sdk.language": "python",
            "telemetry.sdk.name": "opentelemetry",
            "telemetry.sdk.version": "1.40.0",
            "service.name": "lumari-backend",
            "service.version": "0.1.0",
            "service.namespace": "lumari",
            "deployment.environment": "development",
            "telemetry.middleware.version": "1.0.0"
        },
        "schema_url": ""
    }
}
[2m16:44:40[0m [[32m[1minfo     [0m] [1mGetting challenge status: id=15532f3a-d0fe-4b9c-a5dc-5994cc826726[0m [36mreq[0m=[35mad586a3c[0m
[2m16:44:41[0m [[32m[1minfo     [0m] [1mrequest_finished                        [0m [36mduration[0m=[35m0.064[0m [36mmethod[0m=[35mGET[0m [36mpath[0m=[35m/api/v1/challenges/15532f3a-d0fe-4b9c-a5dc-5994cc826726[0m [36mreq[0m=[35mad586a3c[0m [36mrequest_id[0m=[35mad586a3c-1f1f-43fe-b79e-84abd4db0cbe[0m [36mstatus[0m=[35m200[0m
[2m16:44:41[0m [[32m[1minfo     [0m] [1mAgent completed id=617b2a4c..., duration=3.62s[0m [36mreq[0m=[35ma4c3418e[0m
[2m16:44:41[0m [[32m[1minfo     [0m] [1mUpdated agent id=617b2a4c... status=completed[0m [36mreq[0m=[35ma4c3418e[0m
[2m16:44:41[0m [[32m[1minfo     [0m] [1mUnregistered agent id=3814f0c1...       [0m [36mreq[0m=[35ma4c3418e[0m
[2m16:44:41[0m [[32m[1minfo     [0m] [1mUnregistered agent id=617b2a4c...       [0m [36mreq[0m=[35ma4c3418e[0m
[2m16:44:41[0m [[32m[1minfo     [0m] [1mCleaned up 2 agents for task d063c09d...[0m [36mreq[0m=[35ma4c3418e[0m
[2m16:44:41[0m [[32m[1minfo     [0m] [1mBuilt prompt: id=0b7d2dc1..., name=prompt_design_and_create_a_normalized_relational_database_schema[0m [36mreq[0m=[35ma4c3418e[0m
[2m16:44:41[0m [[32m[1minfo     [0m] [1mInjecting capability: type=prompt, id=0b7d2dc1...[0m [36mreq[0m=[35ma4c3418e[0m
[2m16:44:41[0m [[32m[1minfo     [0m] [1mLoading topology from database...       [0m [36mreq[0m=[35ma4c3418e[0m
[2m16:44:41[0m [[32m[1minfo     [0m] [1mMapped 9 skill entries to 9 capabilities[0m [36mreq[0m=[35ma4c3418e[0m
[2m16:44:41[0m [[32m[1minfo     [0m] [1mTopology validated: 11 agents in 5 waves[0m [36mreq[0m=[35ma4c3418e[0m
[2m16:44:41[0m [[32m[1minfo     [0m] [1mLoaded 9 skills for topology            [0m [36mreq[0m=[35ma4c3418e[0m
[2m16:44:41[0m [[32m[1minfo     [0m] [1mTopology loaded: 11 agents, 5 waves     [0m [36mreq[0m=[35ma4c3418e[0m
[2m16:44:42[0m [[32m[1minfo     [0m] [1mCapability injected successfully: prompt/0b7d2dc1...[0m [36mreq[0m=[35ma4c3418e[0m
[2m16:44:42[0m [[32m[1minfo     [0m] [1mRecorded build attempt: capability=design and create a normalized relational database schema, success=True, error_type=None[0m [36mreq[0m=[35ma4c3418e[0m
[2m16:44:42[0m [[32m[1minfo     [0m] [1mGap completed: 2c272ba5... -> prompt/0b7d2dc1...[0m [36mreq[0m=[35ma4c3418e[0m
[2m16:44:42[0m [[32m[1minfo     [0m] [1mProcessing gap: e18a65cd... type=missing_planning_skill, capability=identify data quality issues and inconsistencies, severity=important[0m [36mreq[0m=[35ma4c3418e[0m
[2m16:44:42[0m [[33m[1mwarning  [0m] [1mUnknown gap type 'missing_planning_skill', using generic builder[0m [36mreq[0m=[35ma4c3418e[0m
[2m16:44:42[0m [[32m[1minfo     [0m] [1mBuilding capability: gap_type=missing_planning_skill, severity=important, attempt=1, approach=direct[0m [36mreq[0m=[35ma4c3418e[0m
[2m16:44:42[0m [[32m[1minfo     [0m] [1mDecomposing task id=adb9fbe5..., files=1[0m [36mreq[0m=[35ma4c3418e[0m
{
    "name": "agent_spawner.spawn_and_execute",
    "context": {
        "trace_id": "0xebcd581a97a78c56fbed7ce42690cfb3",
        "span_id": "0xb7fe99fd66e7a9e0",
        "trace_state": "[]"
    },
    "kind": "SpanKind.INTERNAL",
    "parent_id": "0x64983a9d5edf568d",
    "start_time": "2026-05-06T16:44:37.779272Z",
    "end_time": "2026-05-06T16:44:41.403205Z",
    "status": {
        "status_code": "UNSET"
    },
    "attributes": {
        "agent.id": "617b2a4c-c4d7-4eb8-8eee-de84b40d15cd",
        "agent.task_id": "d063c09d-0e49-4e34-9222-018e935fbe1e",
        "agent.file_path": "scripts/schema_generator.py",
        "agent.timeout_seconds": 300,
        "agent.registered": true,
        "agent.success": true,
        "agent.duration_seconds": 3.62308406829834
    },
    "events": [],
    "links": [],
    "resource": {
        "attributes": {
            "telemetry.sdk.language": "python",
            "telemetry.sdk.name": "opentelemetry",
            "telemetry.sdk.version": "1.40.0",
            "service.name": "lumari-backend",
            "service.version": "0.1.0",
            "service.namespace": "lumari",
            "deployment.environment": "development",
            "telemetry.middleware.version": "1.0.0"
        },
        "schema_url": ""
    }
}
{
    "name": "developer_team.execute_wave",
    "context": {
        "trace_id": "0xebcd581a97a78c56fbed7ce42690cfb3",
        "span_id": "0x64983a9d5edf568d",
        "trace_state": "[]"
    },
    "kind": "SpanKind.INTERNAL",
    "parent_id": "0x98444f69f2faff05",
    "start_time": "2026-05-06T16:44:37.778862Z",
    "end_time": "2026-05-06T16:44:41.404318Z",
    "status": {
        "status_code": "UNSET"
    },
    "attributes": {
        "wave.files": [
            "scripts/schema_generator.py"
        ]
    },
    "events": [],
    "links": [],
    "resource": {
        "attributes": {
            "telemetry.sdk.language": "python",
            "telemetry.sdk.name": "opentelemetry",
            "telemetry.sdk.version": "1.40.0",
            "service.name": "lumari-backend",
            "service.version": "0.1.0",
            "service.namespace": "lumari",
            "deployment.environment": "development",
            "telemetry.middleware.version": "1.0.0"
        },
        "schema_url": ""
    }
}
{
    "name": "developer_team.execute_complex_task",
    "context": {
        "trace_id": "0xebcd581a97a78c56fbed7ce42690cfb3",
        "span_id": "0x98444f69f2faff05",
        "trace_state": "[]"
    },
    "kind": "SpanKind.INTERNAL",
    "parent_id": null,
    "start_time": "2026-05-06T16:44:30.912516Z",
    "end_time": "2026-05-06T16:44:41.404936Z",
    "status": {
        "status_code": "UNSET"
    },
    "attributes": {
        "task.id": "d063c09d-0e49-4e34-9222-018e935fbe1e",
        "task.files_count": 1,
        "task.subtasks_count": 2,
        "task.waves_count": 2,
        "task.files_completed": 2,
        "task.files_failed": 0,
        "task.success": true
    },
    "events": [],
    "links": [],
    "resource": {
        "attributes": {
            "telemetry.sdk.language": "python",
            "telemetry.sdk.name": "opentelemetry",
            "telemetry.sdk.version": "1.40.0",
            "service.name": "lumari-backend",
            "service.version": "0.1.0",
            "service.namespace": "lumari",
            "deployment.environment": "development",
            "telemetry.middleware.version": "1.0.0"
        },
        "schema_url": ""
    }
}
[2m16:44:46[0m [[32m[1minfo     [0m] [1mGetting challenge status: id=15532f3a-d0fe-4b9c-a5dc-5994cc826726[0m [36mreq[0m=[35m59443d1e[0m
[2m16:44:46[0m [[32m[1minfo     [0m] [1mrequest_finished                        [0m [36mduration[0m=[35m0.008[0m [36mmethod[0m=[35mGET[0m [36mpath[0m=[35m/api/v1/challenges/15532f3a-d0fe-4b9c-a5dc-5994cc826726[0m [36mreq[0m=[35m59443d1e[0m [36mrequest_id[0m=[35m59443d1e-1e33-4dd9-9449-54400ce175a6[0m [36mstatus[0m=[35m200[0m
[2m16:44:46[0m [[32m[1minfo     [0m] [1mDecomposed task into 2 subtasks, 2 waves[0m [36mreq[0m=[35ma4c3418e[0m
[2m16:44:46[0m [[32m[1minfo     [0m] [1mExecuting wave 1/2, files=['prompts/generated/prompt_identify_data_quality_issues_and_inconsistencies.txt'][0m [36mreq[0m=[35ma4c3418e[0m
[2m16:44:46[0m [[32m[1minfo     [0m] [1mRegistered agent id=d7264a27..., task=adb9fbe5..., file=prompts/generated/prompt_identify_data_quality_issues_and_inconsistencies.txt[0m [36mreq[0m=[35ma4c3418e[0m
[2m16:44:46[0m [[32m[1minfo     [0m] [1mUpdated agent id=d7264a27... status=running[0m [36mreq[0m=[35ma4c3418e[0m
[2m16:44:46[0m [[32m[1minfo     [0m] [1mExecuting agent id=d7264a27..., file=prompts/generated/prompt_identify_data_quality_issues_and_inconsistencies.txt[0m [36mreq[0m=[35ma4c3418e[0m
{
    "name": "developer_team.decompose_task",
    "context": {
        "trace_id": "0xd21695674b4ae7b2ccccce0fa0a5a663",
        "span_id": "0x6ccbef584744dd5d",
        "trace_state": "[]"
    },
    "kind": "SpanKind.INTERNAL",
    "parent_id": "0x1136fb07113ffa29",
    "start_time": "2026-05-06T16:44:42.414162Z",
    "end_time": "2026-05-06T16:44:46.410706Z",
    "status": {
        "status_code": "UNSET"
    },
    "attributes": {},
    "events": [],
    "links": [],
    "resource": {
        "attributes": {
            "telemetry.sdk.language": "python",
            "telemetry.sdk.name": "opentelemetry",
            "telemetry.sdk.version": "1.40.0",
            "service.name": "lumari-backend",
            "service.version": "0.1.0",
            "service.namespace": "lumari",
            "deployment.environment": "development",
            "telemetry.middleware.version": "1.0.0"
        },
        "schema_url": ""
    }
}
[2m16:44:49[0m [[32m[1minfo     [0m] [1mAgent completed id=d7264a27..., duration=2.87s[0m [36mreq[0m=[35ma4c3418e[0m
[2m16:44:49[0m [[32m[1minfo     [0m] [1mUpdated agent id=d7264a27... status=completed[0m [36mreq[0m=[35ma4c3418e[0m
[2m16:44:49[0m [[32m[1minfo     [0m] [1mExecuting wave 2/2, files=['scripts/data_quality_analyzer.py'][0m [36mreq[0m=[35ma4c3418e[0m
[2m16:44:49[0m [[32m[1minfo     [0m] [1mRegistered agent id=1dc53e08..., task=adb9fbe5..., file=scripts/data_quality_analyzer.py[0m [36mreq[0m=[35ma4c3418e[0m
[2m16:44:49[0m [[32m[1minfo     [0m] [1mUpdated agent id=1dc53e08... status=running[0m [36mreq[0m=[35ma4c3418e[0m
[2m16:44:49[0m [[32m[1minfo     [0m] [1mExecuting agent id=1dc53e08..., file=scripts/data_quality_analyzer.py[0m [36mreq[0m=[35ma4c3418e[0m
[2m16:44:51[0m [[32m[1minfo     [0m] [1mGetting challenge status: id=15532f3a-d0fe-4b9c-a5dc-5994cc826726[0m [36mreq[0m=[35mdb05adc5[0m
[2m16:44:51[0m [[32m[1minfo     [0m] [1mrequest_finished                        [0m [36mduration[0m=[35m0.012[0m [36mmethod[0m=[35mGET[0m [36mpath[0m=[35m/api/v1/challenges/15532f3a-d0fe-4b9c-a5dc-5994cc826726[0m [36mreq[0m=[35mdb05adc5[0m [36mrequest_id[0m=[35mdb05adc5-bdc2-48e2-9cd4-0ce2ddacef7a[0m [36mstatus[0m=[35m200[0m
[2m16:44:51[0m [[32m[1minfo     [0m] [1mAgent completed id=1dc53e08..., duration=2.66s[0m [36mreq[0m=[35ma4c3418e[0m
[2m16:44:51[0m [[32m[1minfo     [0m] [1mUpdated agent id=1dc53e08... status=completed[0m [36mreq[0m=[35ma4c3418e[0m
[2m16:44:51[0m [[32m[1minfo     [0m] [1mUnregistered agent id=d7264a27...       [0m [36mreq[0m=[35ma4c3418e[0m
[2m16:44:51[0m [[32m[1minfo     [0m] [1mUnregistered agent id=1dc53e08...       [0m [36mreq[0m=[35ma4c3418e[0m
[2m16:44:51[0m [[32m[1minfo     [0m] [1mCleaned up 2 agents for task adb9fbe5...[0m [36mreq[0m=[35ma4c3418e[0m
[2m16:44:51[0m [[32m[1minfo     [0m] [1mBuilt prompt: id=4cf2e72e..., name=prompt_identify_data_quality_issues_and_inconsistencies[0m [36mreq[0m=[35ma4c3418e[0m
[2m16:44:51[0m [[32m[1minfo     [0m] [1mInjecting capability: type=prompt, id=4cf2e72e...[0m [36mreq[0m=[35ma4c3418e[0m
[2m16:44:52[0m [[32m[1minfo     [0m] [1mLoading topology from database...       [0m [36mreq[0m=[35ma4c3418e[0m
[2m16:44:52[0m [[32m[1minfo     [0m] [1mMapped 9 skill entries to 9 capabilities[0m [36mreq[0m=[35ma4c3418e[0m
[2m16:44:52[0m [[32m[1minfo     [0m] [1mTopology validated: 11 agents in 5 waves[0m [36mreq[0m=[35ma4c3418e[0m
[2m16:44:52[0m [[32m[1minfo     [0m] [1mLoaded 9 skills for topology            [0m [36mreq[0m=[35ma4c3418e[0m
[2m16:44:52[0m [[32m[1minfo     [0m] [1mTopology loaded: 11 agents, 5 waves     [0m [36mreq[0m=[35ma4c3418e[0m
[2m16:44:52[0m [[32m[1minfo     [0m] [1mCapability injected successfully: prompt/4cf2e72e...[0m [36mreq[0m=[35ma4c3418e[0m
[2m16:44:52[0m [[32m[1minfo     [0m] [1mRecorded build attempt: capability=identify data quality issues and inconsistencies, success=True, error_type=None[0m [36mreq[0m=[35ma4c3418e[0m
[2m16:44:52[0m [[32m[1minfo     [0m] [1mGap completed: e18a65cd... -> prompt/4cf2e72e...[0m [36mreq[0m=[35ma4c3418e[0m
[2m16:44:52[0m [[32m[1minfo     [0m] [1mProcessing gap: c422c9da... type=missing_planning_skill, capability=formulate budget planning recommendations for Q4, severity=important[0m [36mreq[0m=[35ma4c3418e[0m
[2m16:44:52[0m [[33m[1mwarning  [0m] [1mUnknown gap type 'missing_planning_skill', using generic builder[0m [36mreq[0m=[35ma4c3418e[0m
[2m16:44:52[0m [[32m[1minfo     [0m] [1mBuilding capability: gap_type=missing_planning_skill, severity=important, attempt=1, approach=direct[0m [36mreq[0m=[35ma4c3418e[0m
[2m16:44:52[0m [[32m[1minfo     [0m] [1mDecomposing task id=28100f80..., files=1[0m [36mreq[0m=[35ma4c3418e[0m
{
    "name": "agent_spawner.spawn_and_execute",
    "context": {
        "trace_id": "0xd21695674b4ae7b2ccccce0fa0a5a663",
        "span_id": "0xf59a55366a05e936",
        "trace_state": "[]"
    },
    "kind": "SpanKind.INTERNAL",
    "parent_id": "0x812e24064f7b2f3c",
    "start_time": "2026-05-06T16:44:46.411377Z",
    "end_time": "2026-05-06T16:44:49.280164Z",
    "status": {
        "status_code": "UNSET"
    },
    "attributes": {
        "agent.id": "d7264a27-9d74-43be-b6ec-94bd04a6f6d2",
        "agent.task_id": "adb9fbe5-f51f-4270-8f24-f863329e1a86",
        "agent.file_path": "prompts/generated/prompt_identify_data_quality_issues_and_inconsistencies.txt",
        "agent.timeout_seconds": 300,
        "agent.registered": true,
        "agent.success": true,
        "agent.duration_seconds": 2.8674139976501465
    },
    "events": [],
    "links": [],
    "resource": {
        "attributes": {
            "telemetry.sdk.language": "python",
            "telemetry.sdk.name": "opentelemetry",
            "telemetry.sdk.version": "1.40.0",
            "service.name": "lumari-backend",
            "service.version": "0.1.0",
            "service.namespace": "lumari",
            "deployment.environment": "development",
            "telemetry.middleware.version": "1.0.0"
        },
        "schema_url": ""
    }
}
{
    "name": "developer_team.execute_wave",
    "context": {
        "trace_id": "0xd21695674b4ae7b2ccccce0fa0a5a663",
        "span_id": "0x812e24064f7b2f3c",
        "trace_state": "[]"
    },
    "kind": "SpanKind.INTERNAL",
    "parent_id": "0x1136fb07113ffa29",
    "start_time": "2026-05-06T16:44:46.411026Z",
    "end_time": "2026-05-06T16:44:49.280393Z",
    "status": {
        "status_code": "UNSET"
    },
    "attributes": {
        "wave.files": [
            "prompts/generated/prompt_identify_data_quality_issues_and_inconsistencies.txt"
        ]
    },
    "events": [],
    "links": [],
    "resource": {
        "attributes": {
            "telemetry.sdk.language": "python",
            "telemetry.sdk.name": "opentelemetry",
            "telemetry.sdk.version": "1.40.0",
            "service.name": "lumari-backend",
            "service.version": "0.1.0",
            "service.namespace": "lumari",
            "deployment.environment": "development",
            "telemetry.middleware.version": "1.0.0"
        },
        "schema_url": ""
    }
}
{
    "name": "agent_spawner.spawn_and_execute",
    "context": {
        "trace_id": "0xd21695674b4ae7b2ccccce0fa0a5a663",
        "span_id": "0xf8eab1a17ad65c42",
        "trace_state": "[]"
    },
    "kind": "SpanKind.INTERNAL",
    "parent_id": "0x60598d758bc9b766",
    "start_time": "2026-05-06T16:44:49.280820Z",
    "end_time": "2026-05-06T16:44:51.939906Z",
    "status": {
        "status_code": "UNSET"
    },
    "attributes": {
        "agent.id": "1dc53e08-489a-48b3-ab69-b3667abb3df9",
        "agent.task_id": "adb9fbe5-f51f-4270-8f24-f863329e1a86",
        "agent.file_path": "scripts/data_quality_analyzer.py",
        "agent.timeout_seconds": 300,
        "agent.registered": true,
        "agent.success": true,
        "agent.duration_seconds": 2.658639907836914
    },
    "events": [],
    "links": [],
    "resource": {
        "attributes": {
            "telemetry.sdk.language": "python",
            "telemetry.sdk.name": "opentelemetry",
            "telemetry.sdk.version": "1.40.0",
            "service.name": "lumari-backend",
            "service.version": "0.1.0",
            "service.namespace": "lumari",
            "deployment.environment": "development",
            "telemetry.middleware.version": "1.0.0"
        },
        "schema_url": ""
    }
}
{
    "name": "developer_team.execute_wave",
    "context": {
        "trace_id": "0xd21695674b4ae7b2ccccce0fa0a5a663",
        "span_id": "0x60598d758bc9b766",
        "trace_state": "[]"
    },
    "kind": "SpanKind.INTERNAL",
    "parent_id": "0x1136fb07113ffa29",
    "start_time": "2026-05-06T16:44:49.280609Z",
    "end_time": "2026-05-06T16:44:51.940357Z",
    "status": {
        "status_code": "UNSET"
    },
    "attributes": {
        "wave.files": [
            "scripts/data_quality_analyzer.py"
        ]
    },
    "events": [],
    "links": [],
    "resource": {
        "attributes": {
            "telemetry.sdk.language": "python",
            "telemetry.sdk.name": "opentelemetry",
            "telemetry.sdk.version": "1.40.0",
            "service.name": "lumari-backend",
            "service.version": "0.1.0",
            "service.namespace": "lumari",
            "deployment.environment": "development",
            "telemetry.middleware.version": "1.0.0"
        },
        "schema_url": ""
    }
}
{
    "name": "developer_team.execute_complex_task",
    "context": {
        "trace_id": "0xd21695674b4ae7b2ccccce0fa0a5a663",
        "span_id": "0x1136fb07113ffa29",
        "trace_state": "[]"
    },
    "kind": "SpanKind.INTERNAL",
    "parent_id": null,
    "start_time": "2026-05-06T16:44:42.413151Z",
    "end_time": "2026-05-06T16:44:51.940873Z",
    "status": {
        "status_code": "UNSET"
    },
    "attributes": {
        "task.id": "adb9fbe5-f51f-4270-8f24-f863329e1a86",
        "task.files_count": 1,
        "task.subtasks_count": 2,
        "task.waves_count": 2,
        "task.files_completed": 2,
        "task.files_failed": 0,
        "task.success": true
    },
    "events": [],
    "links": [],
    "resource": {
        "attributes": {
            "telemetry.sdk.language": "python",
            "telemetry.sdk.name": "opentelemetry",
            "telemetry.sdk.version": "1.40.0",
            "service.name": "lumari-backend",
            "service.version": "0.1.0",
            "service.namespace": "lumari",
            "deployment.environment": "development",
            "telemetry.middleware.version": "1.0.0"
        },
        "schema_url": ""
    }
}
[2m16:44:54[0m [[32m[1minfo     [0m] [1mDecomposed task into 2 subtasks, 2 waves[0m [36mreq[0m=[35ma4c3418e[0m
[2m16:44:54[0m [[32m[1minfo     [0m] [1mExecuting wave 1/2, files=['prompts/generated/prompt_formulate_budget_planning_recommendations_for_q4.txt'][0m [36mreq[0m=[35ma4c3418e[0m
[2m16:44:54[0m [[32m[1minfo     [0m] [1mRegistered agent id=2f9cd38b..., task=28100f80..., file=prompts/generated/prompt_formulate_budget_planning_recommendations_for_q4.txt[0m [36mreq[0m=[35ma4c3418e[0m
[2m16:44:54[0m [[32m[1minfo     [0m] [1mUpdated agent id=2f9cd38b... status=running[0m [36mreq[0m=[35ma4c3418e[0m
[2m16:44:54[0m [[32m[1minfo     [0m] [1mExecuting agent id=2f9cd38b..., file=prompts/generated/prompt_formulate_budget_planning_recommendations_for_q4.txt[0m [36mreq[0m=[35ma4c3418e[0m
[2m16:44:56[0m [[32m[1minfo     [0m] [1mGetting challenge status: id=15532f3a-d0fe-4b9c-a5dc-5994cc826726[0m [36mreq[0m=[35m179f894b[0m
[2m16:44:56[0m [[32m[1minfo     [0m] [1mrequest_finished                        [0m [36mduration[0m=[35m0.009[0m [36mmethod[0m=[35mGET[0m [36mpath[0m=[35m/api/v1/challenges/15532f3a-d0fe-4b9c-a5dc-5994cc826726[0m [36mreq[0m=[35m179f894b[0m [36mrequest_id[0m=[35m179f894b-5e71-42dc-b94b-b27e47fa8987[0m [36mstatus[0m=[35m200[0m
[2m16:44:57[0m [[32m[1minfo     [0m] [1mAgent completed id=2f9cd38b..., duration=2.96s[0m [36mreq[0m=[35ma4c3418e[0m
[2m16:44:57[0m [[32m[1minfo     [0m] [1mUpdated agent id=2f9cd38b... status=completed[0m [36mreq[0m=[35ma4c3418e[0m
[2m16:44:57[0m [[32m[1minfo     [0m] [1mExecuting wave 2/2, files=['scripts/budget_forecasting_engine.py'][0m [36mreq[0m=[35ma4c3418e[0m
[2m16:44:57[0m [[32m[1minfo     [0m] [1mRegistered agent id=d34fc398..., task=28100f80..., file=scripts/budget_forecasting_engine.py[0m [36mreq[0m=[35ma4c3418e[0m
[2m16:44:57[0m [[32m[1minfo     [0m] [1mUpdated agent id=d34fc398... status=running[0m [36mreq[0m=[35ma4c3418e[0m
[2m16:44:57[0m [[32m[1minfo     [0m] [1mExecuting agent id=d34fc398..., file=scripts/budget_forecasting_engine.py[0m [36mreq[0m=[35ma4c3418e[0m
{
    "name": "developer_team.decompose_task",
    "context": {
        "trace_id": "0x0195532d913209affd06a6d76635df81",
        "span_id": "0x9f60a85825b522de",
        "trace_state": "[]"
    },
    "kind": "SpanKind.INTERNAL",
    "parent_id": "0x3d1a7a2598dea309",
    "start_time": "2026-05-06T16:44:52.157072Z",
    "end_time": "2026-05-06T16:44:54.504595Z",
    "status": {
        "status_code": "UNSET"
    },
    "attributes": {},
    "events": [],
    "links": [],
    "resource": {
        "attributes": {
            "telemetry.sdk.language": "python",
            "telemetry.sdk.name": "opentelemetry",
            "telemetry.sdk.version": "1.40.0",
            "service.name": "lumari-backend",
            "service.version": "0.1.0",
            "service.namespace": "lumari",
            "deployment.environment": "development",
            "telemetry.middleware.version": "1.0.0"
        },
        "schema_url": ""
    }
}
{
    "name": "agent_spawner.spawn_and_execute",
    "context": {
        "trace_id": "0x0195532d913209affd06a6d76635df81",
        "span_id": "0xcd4cb50bf2aa5a25",
        "trace_state": "[]"
    },
    "kind": "SpanKind.INTERNAL",
    "parent_id": "0x22f7d8f5bc882348",
    "start_time": "2026-05-06T16:44:54.505459Z",
    "end_time": "2026-05-06T16:44:57.467857Z",
    "status": {
        "status_code": "UNSET"
    },
    "attributes": {
        "agent.id": "2f9cd38b-9e67-4f30-a07b-77a58eb03794",
        "agent.task_id": "28100f80-5d10-44c9-a855-a59f906c2e80",
        "agent.file_path": "prompts/generated/prompt_formulate_budget_planning_recommendations_for_q4.txt",
        "agent.timeout_seconds": 300,
        "agent.registered": true,
        "agent.success": true,
        "agent.duration_seconds": 2.9618570804595947
    },
    "events": [],
    "links": [],
    "resource": {
        "attributes": {
            "telemetry.sdk.language": "python",
            "telemetry.sdk.name": "opentelemetry",
            "telemetry.sdk.version": "1.40.0",
            "service.name": "lumari-backend",
            "service.version": "0.1.0",
            "service.namespace": "lumari",
            "deployment.environment": "development",
            "telemetry.middleware.version": "1.0.0"
        },
        "schema_url": ""
    }
}
{
    "name": "developer_team.execute_wave",
    "context": {
        "trace_id": "0x0195532d913209affd06a6d76635df81",
        "span_id": "0x22f7d8f5bc882348",
        "trace_state": "[]"
    },
    "kind": "SpanKind.INTERNAL",
    "parent_id": "0x3d1a7a2598dea309",
    "start_time": "2026-05-06T16:44:54.505091Z",
    "end_time": "2026-05-06T16:44:57.469607Z",
    "status": {
        "status_code": "UNSET"
    },
    "attributes": {
        "wave.files": [
            "prompts/generated/prompt_formulate_budget_planning_recommendations_for_q4.txt"
        ]
    },
    "events": [],
    "links": [],
    "resource": {
        "attributes": {
            "telemetry.sdk.language": "python",
            "telemetry.sdk.name": "opentelemetry",
            "telemetry.sdk.version": "1.40.0",
            "service.name": "lumari-backend",
            "service.version": "0.1.0",
            "service.namespace": "lumari",
            "deployment.environment": "development",
            "telemetry.middleware.version": "1.0.0"
        },
        "schema_url": ""
    }
}
[2m16:45:00[0m [[32m[1minfo     [0m] [1mAgent completed id=d34fc398..., duration=3.38s[0m [36mreq[0m=[35ma4c3418e[0m
[2m16:45:00[0m [[32m[1minfo     [0m] [1mUpdated agent id=d34fc398... status=completed[0m [36mreq[0m=[35ma4c3418e[0m
[2m16:45:00[0m [[32m[1minfo     [0m] [1mUnregistered agent id=2f9cd38b...       [0m [36mreq[0m=[35ma4c3418e[0m
[2m16:45:00[0m [[32m[1minfo     [0m] [1mUnregistered agent id=d34fc398...       [0m [36mreq[0m=[35ma4c3418e[0m
[2m16:45:00[0m [[32m[1minfo     [0m] [1mCleaned up 2 agents for task 28100f80...[0m [36mreq[0m=[35ma4c3418e[0m
[2m16:45:00[0m [[32m[1minfo     [0m] [1mBuilt prompt: id=18c0e8a4..., name=prompt_formulate_budget_planning_recommendations_for_q4[0m [36mreq[0m=[35ma4c3418e[0m
[2m16:45:00[0m [[32m[1minfo     [0m] [1mInjecting capability: type=prompt, id=18c0e8a4...[0m [36mreq[0m=[35ma4c3418e[0m
[2m16:45:01[0m [[32m[1minfo     [0m] [1mLoading topology from database...       [0m [36mreq[0m=[35ma4c3418e[0m
[2m16:45:01[0m [[32m[1minfo     [0m] [1mMapped 9 skill entries to 9 capabilities[0m [36mreq[0m=[35ma4c3418e[0m
[2m16:45:01[0m [[32m[1minfo     [0m] [1mTopology validated: 11 agents in 5 waves[0m [36mreq[0m=[35ma4c3418e[0m
[2m16:45:01[0m [[32m[1minfo     [0m] [1mLoaded 9 skills for topology            [0m [36mreq[0m=[35ma4c3418e[0m
[2m16:45:01[0m [[32m[1minfo     [0m] [1mTopology loaded: 11 agents, 5 waves     [0m [36mreq[0m=[35ma4c3418e[0m
[2m16:45:01[0m [[32m[1minfo     [0m] [1mCapability injected successfully: prompt/18c0e8a4...[0m [36mreq[0m=[35ma4c3418e[0m
[2m16:45:01[0m [[32m[1minfo     [0m] [1mGetting challenge status: id=15532f3a-d0fe-4b9c-a5dc-5994cc826726[0m [36mreq[0m=[35m2ff1dd2a[0m
[2m16:45:01[0m [[32m[1minfo     [0m] [1mrequest_finished                        [0m [36mduration[0m=[35m0.008[0m [36mmethod[0m=[35mGET[0m [36mpath[0m=[35m/api/v1/challenges/15532f3a-d0fe-4b9c-a5dc-5994cc826726[0m [36mreq[0m=[35m2ff1dd2a[0m [36mrequest_id[0m=[35m2ff1dd2a-56ff-46bb-8687-d7a939e0d44b[0m [36mstatus[0m=[35m200[0m
[2m16:45:01[0m [[32m[1minfo     [0m] [1mRecorded build attempt: capability=formulate budget planning recommendations for Q4, success=True, error_type=None[0m [36mreq[0m=[35ma4c3418e[0m
[2m16:45:01[0m [[32m[1minfo     [0m] [1mGap completed: c422c9da... -> prompt/18c0e8a4...[0m [36mreq[0m=[35ma4c3418e[0m
[2m16:45:01[0m [[32m[1minfo     [0m] [1mAll gaps processed for plan c632479c... [0m [36mreq[0m=[35ma4c3418e[0m
[2m16:45:01[0m [[32m[1minfo     [0m] [1mCompleted gap plan: c632479c..., status=partial, completed=3, failed=1[0m [36mreq[0m=[35ma4c3418e[0m
[2m16:45:01[0m [[32m[1minfo     [0m] [1mGap plan execution finished: c632479c..., completed=3, failed=1, artifacts=3[0m [36mreq[0m=[35ma4c3418e[0m
[2m16:45:01[0m [[32m[1minfo     [0m] [1mVerifying gap closure after cycle 1, built 3 capabilities[0m [36mreq[0m=[35ma4c3418e[0m
[2m16:45:01[0m [[32m[1minfo     [0m] [1mGap OPEN: 'parse and import 50 CSV files into the database'[0m [36mreq[0m=[35ma4c3418e[0m
[2m16:45:01[0m [[32m[1minfo     [0m] [1mGap OPEN: 'design and create a normalized relational database schema'[0m [36mreq[0m=[35ma4c3418e[0m
[2m16:45:01[0m [[32m[1minfo     [0m] [1mGap OPEN: 'identify data quality issues and inconsistencies'[0m [36mreq[0m=[35ma4c3418e[0m
[2m16:45:01[0m [[32m[1minfo     [0m] [1mGap OPEN: 'formulate budget planning recommendations for Q4'[0m [36mreq[0m=[35ma4c3418e[0m
[2m16:45:01[0m [[32m[1minfo     [0m] [1mPlan verification complete: c632479c..., closed=0/4, all_closed=False[0m [36mreq[0m=[35ma4c3418e[0m
[2m16:45:01[0m [[32m[1minfo     [0m] [1mVerification result: closed=0/4, all_closed=False[0m [36mreq[0m=[35ma4c3418e[0m
[2m16:45:01[0m [[32m[1minfo     [0m] [1mCreated gap plan: id=933f72c9..., challenge=15532f3a..., gaps=4, cycle=2[0m [36mreq[0m=[35ma4c3418e[0m
[2m16:45:01[0m [[32m[1minfo     [0m] [1mCreated new cycle 2 with 4 REMAINING gaps (not new ones!) for challenge 15532f3a...[0m [36mreq[0m=[35ma4c3418e[0m
[2m16:45:01[0m [[32m[1minfo     [0m] [1mCapability building partial: 15532f3a-d0fe-4b9c-a5dc-5994cc826726, built=3[0m [36mreq[0m=[35ma4c3418e[0m
{
    "name": "agent_spawner.spawn_and_execute",
    "context": {
        "trace_id": "0x0195532d913209affd06a6d76635df81",
        "span_id": "0x132a219950a99e2c",
        "trace_state": "[]"
    },
    "kind": "SpanKind.INTERNAL",
    "parent_id": "0xd715bd5d4829221d",
    "start_time": "2026-05-06T16:44:57.470315Z",
    "end_time": "2026-05-06T16:45:00.852883Z",
    "status": {
        "status_code": "UNSET"
    },
    "attributes": {
        "agent.id": "d34fc398-c99f-4db0-b133-6c03671c4ee2",
        "agent.task_id": "28100f80-5d10-44c9-a855-a59f906c2e80",
        "agent.file_path": "scripts/budget_forecasting_engine.py",
        "agent.timeout_seconds": 300,
        "agent.registered": true,
        "agent.success": true,
        "agent.duration_seconds": 3.381784200668335
    },
    "events": [],
    "links": [],
    "resource": {
        "attributes": {
            "telemetry.sdk.language": "python",
            "telemetry.sdk.name": "opentelemetry",
            "telemetry.sdk.version": "1.40.0",
            "service.name": "lumari-backend",
            "service.version": "0.1.0",
            "service.namespace": "lumari",
            "deployment.environment": "development",
            "telemetry.middleware.version": "1.0.0"
        },
        "schema_url": ""
    }
}
{
    "name": "developer_team.execute_wave",
    "context": {
        "trace_id": "0x0195532d913209affd06a6d76635df81",
        "span_id": "0xd715bd5d4829221d",
        "trace_state": "[]"
    },
    "kind": "SpanKind.INTERNAL",
    "parent_id": "0x3d1a7a2598dea309",
    "start_time": "2026-05-06T16:44:57.470031Z",
    "end_time": "2026-05-06T16:45:00.853687Z",
    "status": {
        "status_code": "UNSET"
    },
    "attributes": {
        "wave.files": [
            "scripts/budget_forecasting_engine.py"
        ]
    },
    "events": [],
    "links": [],
    "resource": {
        "attributes": {
            "telemetry.sdk.language": "python",
            "telemetry.sdk.name": "opentelemetry",
            "telemetry.sdk.version": "1.40.0",
            "service.name": "lumari-backend",
            "service.version": "0.1.0",
            "service.namespace": "lumari",
            "deployment.environment": "development",
            "telemetry.middleware.version": "1.0.0"
        },
        "schema_url": ""
    }
}
{
    "name": "developer_team.execute_complex_task",
    "context": {
        "trace_id": "0x0195532d913209affd06a6d76635df81",
        "span_id": "0x3d1a7a2598dea309",
        "trace_state": "[]"
    },
    "kind": "SpanKind.INTERNAL",
    "parent_id": null,
    "start_time": "2026-05-06T16:44:52.156816Z",
    "end_time": "2026-05-06T16:45:00.854131Z",
    "status": {
        "status_code": "UNSET"
    },
    "attributes": {
        "task.id": "28100f80-5d10-44c9-a855-a59f906c2e80",
        "task.files_count": 1,
        "task.subtasks_count": 2,
        "task.waves_count": 2,
        "task.files_completed": 2,
        "task.files_failed": 0,
        "task.success": true
    },
    "events": [],
    "links": [],
    "resource": {
        "attributes": {
            "telemetry.sdk.language": "python",
            "telemetry.sdk.name": "opentelemetry",
            "telemetry.sdk.version": "1.40.0",
            "service.name": "lumari-backend",
            "service.version": "0.1.0",
            "service.namespace": "lumari",
            "deployment.environment": "development",
            "telemetry.middleware.version": "1.0.0"
        },
        "schema_url": ""
    }
}
[2m16:45:06[0m [[32m[1minfo     [0m] [1mGetting challenge status: id=15532f3a-d0fe-4b9c-a5dc-5994cc826726[0m [36mreq[0m=[35mec8a12d1[0m
[2m16:45:06[0m [[32m[1minfo     [0m] [1mrequest_finished                        [0m [36mduration[0m=[35m0.007[0m [36mmethod[0m=[35mGET[0m [36mpath[0m=[35m/api/v1/challenges/15532f3a-d0fe-4b9c-a5dc-5994cc826726[0m [36mreq[0m=[35mec8a12d1[0m [36mrequest_id[0m=[35mec8a12d1-2ab7-499e-af4b-409798c5ee95[0m [36mstatus[0m=[35m200[0m
[2m16:45:06[0m [[32m[1minfo     [0m] [1mExecuting challenge: id=15532f3a-d0fe-4b9c-a5dc-5994cc826726[0m [36mreq[0m=[35ma8e27a2b[0m
[2m16:45:06[0m [[32m[1minfo     [0m] [1mrequest_finished                        [0m [36mduration[0m=[35m0.016[0m [36mmethod[0m=[35mPOST[0m [36mpath[0m=[35m/api/v1/challenges/15532f3a-d0fe-4b9c-a5dc-5994cc826726/execute[0m [36mreq[0m=[35ma8e27a2b[0m [36mrequest_id[0m=[35ma8e27a2b-e7c1-4c8d-bffc-b038aa03c6a2[0m [36mstatus[0m=[35m200[0m
[2m16:45:06[0m [[32m[1minfo     [0m] [1mStarting background execution: challenge_id=15532f3a-d0fe-4b9c-a5dc-5994cc826726[0m [36mreq[0m=[35ma8e27a2b[0m
[2m16:45:06[0m [[32m[1minfo     [0m] [1mLoading topology from database...       [0m [36mreq[0m=[35ma8e27a2b[0m
[2m16:45:06[0m [[32m[1minfo     [0m] [1mMapped 9 skill entries to 9 capabilities[0m [36mreq[0m=[35ma8e27a2b[0m
[2m16:45:06[0m [[32m[1minfo     [0m] [1mTopology validated: 11 agents in 5 waves[0m [36mreq[0m=[35ma8e27a2b[0m
[2m16:45:06[0m [[32m[1minfo     [0m] [1mLoaded 9 skills for topology            [0m [36mreq[0m=[35ma8e27a2b[0m
[2m16:45:06[0m [[32m[1minfo     [0m] [1mTopology loaded: 11 agents, 5 waves     [0m [36mreq[0m=[35ma8e27a2b[0m
[2m16:45:06[0m [[32m[1minfo     [0m] [1mShared memory initialized with Qdrant   [0m [36mreq[0m=[35ma8e27a2b[0m
[2m16:45:06[0m [[32m[1minfo     [0m] [1mHybridOrchestrator initialized          [0m [36mreq[0m=[35ma8e27a2b[0m
[2m16:45:06[0m [[32m[1minfo     [0m] [1mStarting execution: b19c7a17-5499-4a7e-adac-441b736cf18f[0m [36mreq[0m=[35ma8e27a2b[0m
[2m16:45:06[0m [[32m[1minfo     [0m] [1mLoading topology from database...       [0m [36mreq[0m=[35ma8e27a2b[0m
[2m16:45:06[0m [[32m[1minfo     [0m] [1mMapped 9 skill entries to 9 capabilities[0m [36mreq[0m=[35ma8e27a2b[0m
[2m16:45:06[0m [[32m[1minfo     [0m] [1mTopology validated: 11 agents in 5 waves[0m [36mreq[0m=[35ma8e27a2b[0m
[2m16:45:06[0m [[32m[1minfo     [0m] [1mLoaded 9 skills for topology            [0m [36mreq[0m=[35ma8e27a2b[0m
[2m16:45:06[0m [[32m[1minfo     [0m] [1mTopology loaded: 11 agents, 5 waves     [0m [36mreq[0m=[35ma8e27a2b[0m
[2m16:45:06[0m [[32m[1minfo     [0m] [1mDocker client connected successfully    [0m [36mreq[0m=[35ma8e27a2b[0m
[2m16:45:06[0m [[32m[1minfo     [0m] [1mCreated DynamicSandbox executor (Docker-based, unrestricted)[0m [36mreq[0m=[35ma8e27a2b[0m
[2m16:45:06[0m [[33m[1mwarning  [0m] [1mCould not create intervention orchestrator for self-healing: create_intervention_orchestrator() got an unexpected keyword argument 'db'[0m [36mreq[0m=[35ma8e27a2b[0m
[2m16:45:06[0m [[32m[1minfo     [0m] [1mExecuting wave 1/5: ['05bebe15-b46f-4b91-96e3-a50f6cf9e68d', '90c17f3b-7f91-4174-b3ac-b59a51feb378', '65ad3c5c-f66c-49a0-a7cd-4b9ebc6142b9', '073d766c-ed4f-4519-8e36-8c9631e97c67'][0m [36mreq[0m=[35ma8e27a2b[0m
[2m16:45:06[0m [[32m[1minfo     [0m] [1mExecuting agent: transcript_analyzer (05bebe15-b46f-4b91-96e3-a50f6cf9e68d)[0m [36mreq[0m=[35ma8e27a2b[0m
[2m16:45:06[0m [[32m[1minfo     [0m] [1mExecuting agent: product_owner (90c17f3b-7f91-4174-b3ac-b59a51feb378)[0m [36mreq[0m=[35ma8e27a2b[0m
[2m16:45:06[0m [[33m[1mwarning  [0m] [1mAgent product_owner expected artifacts ['analysis_findings'] but none found in pool[0m [36mreq[0m=[35ma8e27a2b[0m
[2m16:45:06[0m [[32m[1minfo     [0m] [1mExecuting agent: quality_judge (65ad3c5c-f66c-49a0-a7cd-4b9ebc6142b9)[0m [36mreq[0m=[35ma8e27a2b[0m
[2m16:45:06[0m [[33m[1mwarning  [0m] [1mAgent quality_judge expected artifacts ['ab_test_samples'] but none found in pool[0m [36mreq[0m=[35ma8e27a2b[0m
[2m16:45:06[0m [[32m[1minfo     [0m] [1mExecuting agent: execution_analyzer (073d766c-ed4f-4519-8e36-8c9631e97c67)[0m [36mreq[0m=[35ma8e27a2b[0m
[2m16:45:06[0m [[33m[1mwarning  [0m] [1mAgent execution_analyzer expected artifacts ['execution_telemetry'] but none found in pool[0m [36mreq[0m=[35ma8e27a2b[0m
[2m16:45:07[0m [[32m[1minfo     [0m] [1mAgent product_owner returned final answer after 0 tool calls[0m [36mreq[0m=[35ma8e27a2b[0m
[2m16:45:07[0m [[32m[1minfo     [0m] [1mshared_memory_metrics agent=transcript_analyzer facts_kept=5 facts_total=8 hypotheses=0 relations=0 approx_tokens=2389 query_chars=2196[0m [36mreq[0m=[35ma8e27a2b[0m
[2m16:45:07[0m [[32m[1minfo     [0m] [1mAgent execution_analyzer returned final answer after 0 tool calls[0m [36mreq[0m=[35ma8e27a2b[0m
[2m16:45:07[0m [[32m[1minfo     [0m] [1mAgent quality_judge returned final answer after 0 tool calls[0m [36mreq[0m=[35ma8e27a2b[0m
[2m16:45:07[0m [[32m[1minfo     [0m] [1mAgent product_owner completed           [0m [36mreq[0m=[35ma8e27a2b[0m
[2m16:45:08[0m [[32m[1minfo     [0m] [1mAgent quality_judge completed           [0m [36mreq[0m=[35ma8e27a2b[0m
[2m16:45:08[0m [[32m[1minfo     [0m] [1mAgent execution_analyzer completed      [0m [36mreq[0m=[35ma8e27a2b[0m
[2m16:45:08[0m [[32m[1minfo     [0m] [1mTool call 1/5: skill_analyze_csv_file_structure_and_identify_unique_sub_contractors[0m [36mreq[0m=[35ma8e27a2b[0m
[2m16:45:08[0m [[32m[1minfo     [0m] [1mStarting sandbox execution: pip=['pandas>=2.0.0'], apt=[], input_files=[][0m [36mreq[0m=[35ma8e27a2b[0m
[2m16:45:08[0m [[32m[1minfo     [0m] [1mFound cached image: lumari-sandbox:custom-80b4d237 (usage=5)[0m [36mreq[0m=[35ma8e27a2b[0m
[2m16:45:08[0m [[32m[1minfo     [0m] [1mUsing cached image: lumari-sandbox:custom-80b4d237[0m [36mreq[0m=[35ma8e27a2b[0m
[2m16:45:11[0m [[32m[1minfo     [0m] [1mGetting challenge status: id=15532f3a-d0fe-4b9c-a5dc-5994cc826726[0m [36mreq[0m=[35m30b38831[0m
[2m16:45:11[0m [[32m[1minfo     [0m] [1mrequest_finished                        [0m [36mduration[0m=[35m0.058[0m [36mmethod[0m=[35mGET[0m [36mpath[0m=[35m/api/v1/challenges/15532f3a-d0fe-4b9c-a5dc-5994cc826726[0m [36mreq[0m=[35m30b38831[0m [36mrequest_id[0m=[35m30b38831-8b82-400b-81ad-86568a25278c[0m [36mstatus[0m=[35m200[0m
[2m16:45:14[0m [[32m[1minfo     [0m] [1mSandbox execution complete: success=True, time=6263ms, cached=True[0m [36mreq[0m=[35ma8e27a2b[0m
[2m16:45:16[0m [[32m[1minfo     [0m] [1mGetting challenge status: id=15532f3a-d0fe-4b9c-a5dc-5994cc826726[0m [36mreq[0m=[35mf4d6f38a[0m
[2m16:45:16[0m [[32m[1minfo     [0m] [1mrequest_finished                        [0m [36mduration[0m=[35m0.099[0m [36mmethod[0m=[35mGET[0m [36mpath[0m=[35m/api/v1/challenges/15532f3a-d0fe-4b9c-a5dc-5994cc826726[0m [36mreq[0m=[35mf4d6f38a[0m [36mrequest_id[0m=[35mf4d6f38a-f4c0-4201-86d5-22f76b1465ac[0m [36mstatus[0m=[35m200[0m
[2m16:45:21[0m [[32m[1minfo     [0m] [1mGetting challenge status: id=15532f3a-d0fe-4b9c-a5dc-5994cc826726[0m [36mreq[0m=[35m6f229f34[0m
[2m16:45:21[0m [[32m[1minfo     [0m] [1mrequest_finished                        [0m [36mduration[0m=[35m0.071[0m [36mmethod[0m=[35mGET[0m [36mpath[0m=[35m/api/v1/challenges/15532f3a-d0fe-4b9c-a5dc-5994cc826726[0m [36mreq[0m=[35m6f229f34[0m [36mrequest_id[0m=[35m6f229f34-15ec-4feb-ba3e-8aab9973e303[0m [36mstatus[0m=[35m200[0m
[2m16:45:22[0m [[32m[1minfo     [0m] [1mAgent transcript_analyzer returned final answer after 1 tool calls[0m [36mreq[0m=[35ma8e27a2b[0m
[2m16:45:23[0m [[32m[1minfo     [0m] [1mAgent transcript_analyzer completed     [0m [36mreq[0m=[35ma8e27a2b[0m
[2m16:45:23[0m [[32m[1minfo     [0m] [1mWave 1 agent 'transcript_analyzer' completed: success=True, skipped=False, result_len=388[0m [36mreq[0m=[35ma8e27a2b[0m
[2m16:45:23[0m [[32m[1minfo     [0m] [1mWave 1 agent 'product_owner' completed: success=True, skipped=False, result_len=221[0m [36mreq[0m=[35ma8e27a2b[0m
[2m16:45:23[0m [[32m[1minfo     [0m] [1mWave 1 agent 'quality_judge' completed: success=True, skipped=False, result_len=188[0m [36mreq[0m=[35ma8e27a2b[0m
[2m16:45:23[0m [[32m[1minfo     [0m] [1mWave 1 agent 'execution_analyzer' completed: success=True, skipped=False, result_len=238[0m [36mreq[0m=[35ma8e27a2b[0m
[2m16:45:23[0m [[32m[1minfo     [0m] [1mExecuting wave 2/5: ['49898ec1-10da-4a11-8457-1358d844c805', '07f8b963-9d7c-4232-ba20-52aa8d850e1d'][0m [36mreq[0m=[35ma8e27a2b[0m
[2m16:45:23[0m [[32m[1minfo     [0m] [1mExecuting agent: context_retriever (49898ec1-10da-4a11-8457-1358d844c805)[0m [36mreq[0m=[35ma8e27a2b[0m
[2m16:45:23[0m [[32m[1minfo     [0m] [1mExecuting agent: control_agent (07f8b963-9d7c-4232-ba20-52aa8d850e1d)[0m [36mreq[0m=[35ma8e27a2b[0m
[2m16:45:24[0m [[32m[1minfo     [0m] [1mAgent control_agent returned final answer after 0 tool calls[0m [36mreq[0m=[35ma8e27a2b[0m
[2m16:45:25[0m [[32m[1minfo     [0m] [1mAgent control_agent completed           [0m [36mreq[0m=[35ma8e27a2b[0m
[2m16:45:25[0m [[32m[1minfo     [0m] [1mAgent context_retriever returned final answer after 0 tool calls[0m [36mreq[0m=[35ma8e27a2b[0m
[2m16:45:25[0m [[32m[1minfo     [0m] [1mAgent context_retriever completed       [0m [36mreq[0m=[35ma8e27a2b[0m
[2m16:45:25[0m [[32m[1minfo     [0m] [1mWave 2 agent 'context_retriever' completed: success=True, skipped=False, result_len=339[0m [36mreq[0m=[35ma8e27a2b[0m
[2m16:45:25[0m [[32m[1minfo     [0m] [1mWave 2 agent 'control_agent' completed: success=True, skipped=False, result_len=268[0m [36mreq[0m=[35ma8e27a2b[0m
[2m16:45:25[0m [[32m[1minfo     [0m] [1mExecuting wave 3/5: ['f54aabd1-ca21-4768-b12e-ccf5ca95d0da', 'a676e764-25ce-41cf-95d1-b838c8e6804d', 'd01ede79-d82b-465b-ae42-d1a7a2ec4188'][0m [36mreq[0m=[35ma8e27a2b[0m
[2m16:45:25[0m [[32m[1minfo     [0m] [1mExecuting agent: report_generator (f54aabd1-ca21-4768-b12e-ccf5ca95d0da)[0m [36mreq[0m=[35ma8e27a2b[0m
[2m16:45:25[0m [[32m[1minfo     [0m] [1mExecuting agent: prompt_engineer (a676e764-25ce-41cf-95d1-b838c8e6804d)[0m [36mreq[0m=[35ma8e27a2b[0m
[2m16:45:25[0m [[32m[1minfo     [0m] [1mExecuting agent: tool_builder (d01ede79-d82b-465b-ae42-d1a7a2ec4188)[0m [36mreq[0m=[35ma8e27a2b[0m
[2m16:45:26[0m [[32m[1minfo     [0m] [1mGetting challenge status: id=15532f3a-d0fe-4b9c-a5dc-5994cc826726[0m [36mreq[0m=[35mb358ab6b[0m
[2m16:45:26[0m [[32m[1minfo     [0m] [1mrequest_finished                        [0m [36mduration[0m=[35m0.038[0m [36mmethod[0m=[35mGET[0m [36mpath[0m=[35m/api/v1/challenges/15532f3a-d0fe-4b9c-a5dc-5994cc826726[0m [36mreq[0m=[35mb358ab6b[0m [36mrequest_id[0m=[35mb358ab6b-be22-4686-9c10-5a94146ae995[0m [36mstatus[0m=[35m200[0m
[2m16:45:28[0m [[32m[1minfo     [0m] [1mAgent prompt_engineer returned final answer after 0 tool calls[0m [36mreq[0m=[35ma8e27a2b[0m
[2m16:45:30[0m [[32m[1minfo     [0m] [1mAgent report_generator returned final answer after 0 tool calls[0m [36mreq[0m=[35ma8e27a2b[0m
[2m16:45:30[0m [[32m[1minfo     [0m] [1mAgent prompt_engineer completed         [0m [36mreq[0m=[35ma8e27a2b[0m
[2m16:45:30[0m [[32m[1minfo     [0m] [1mAgent tool_builder returned final answer after 0 tool calls[0m [36mreq[0m=[35ma8e27a2b[0m
[2m16:45:31[0m [[32m[1minfo     [0m] [1mAgent tool_builder completed            [0m [36mreq[0m=[35ma8e27a2b[0m
[2m16:45:31[0m [[32m[1minfo     [0m] [1mGetting challenge status: id=15532f3a-d0fe-4b9c-a5dc-5994cc826726[0m [36mreq[0m=[35m890a84c7[0m
[2m16:45:31[0m [[32m[1minfo     [0m] [1mrequest_finished                        [0m [36mduration[0m=[35m0.025[0m [36mmethod[0m=[35mGET[0m [36mpath[0m=[35m/api/v1/challenges/15532f3a-d0fe-4b9c-a5dc-5994cc826726[0m [36mreq[0m=[35m890a84c7[0m [36mrequest_id[0m=[35m890a84c7-fcde-4411-a0b9-e1024d3f65b9[0m [36mstatus[0m=[35m200[0m
[2m16:45:32[0m [[32m[1minfo     [0m] [1mAgent report_generator completed        [0m [36mreq[0m=[35ma8e27a2b[0m
[2m16:45:32[0m [[32m[1minfo     [0m] [1mWave 3 agent 'report_generator' completed: success=True, skipped=False, result_len=1047[0m [36mreq[0m=[35ma8e27a2b[0m
[2m16:45:32[0m [[32m[1minfo     [0m] [1mWave 3 agent 'prompt_engineer' completed: success=True, skipped=False, result_len=1874[0m [36mreq[0m=[35ma8e27a2b[0m
[2m16:45:32[0m [[32m[1minfo     [0m] [1mWave 3 agent 'tool_builder' completed: success=True, skipped=False, result_len=269[0m [36mreq[0m=[35ma8e27a2b[0m
[2m16:45:32[0m [[32m[1minfo     [0m] [1mExecuting wave 4/5: ['85860279-90e3-4984-b25d-af840d3dca9b'][0m [36mreq[0m=[35ma8e27a2b[0m
[2m16:45:32[0m [[32m[1minfo     [0m] [1mExecuting agent: quality_validator (85860279-90e3-4984-b25d-af840d3dca9b)[0m [36mreq[0m=[35ma8e27a2b[0m
[2m16:45:33[0m [[32m[1minfo     [0m] [1mAgent quality_validator returned final answer after 0 tool calls[0m [36mreq[0m=[35ma8e27a2b[0m
[2m16:45:34[0m [[32m[1minfo     [0m] [1mAgent quality_validator completed       [0m [36mreq[0m=[35ma8e27a2b[0m
[2m16:45:34[0m [[32m[1minfo     [0m] [1mWave 4 agent 'quality_validator' completed: success=True, skipped=False, result_len=216[0m [36mreq[0m=[35ma8e27a2b[0m
[2m16:45:34[0m [[32m[1minfo     [0m] [1mExecuting wave 5/5: ['bbd241f8-1df0-49f4-950a-dc61efa2c950'][0m [36mreq[0m=[35ma8e27a2b[0m
[2m16:45:34[0m [[32m[1minfo     [0m] [1mExecuting agent: report_finalizer (bbd241f8-1df0-49f4-950a-dc61efa2c950)[0m [36mreq[0m=[35ma8e27a2b[0m
[2m16:45:36[0m [[32m[1minfo     [0m] [1mGetting challenge status: id=15532f3a-d0fe-4b9c-a5dc-5994cc826726[0m [36mreq[0m=[35m8910238d[0m
[2m16:45:36[0m [[32m[1minfo     [0m] [1mrequest_finished                        [0m [36mduration[0m=[35m0.012[0m [36mmethod[0m=[35mGET[0m [36mpath[0m=[35m/api/v1/challenges/15532f3a-d0fe-4b9c-a5dc-5994cc826726[0m [36mreq[0m=[35m8910238d[0m [36mrequest_id[0m=[35m8910238d-d7ee-47d4-be1c-48eae83d351b[0m [36mstatus[0m=[35m200[0m
[2m16:45:37[0m [[32m[1minfo     [0m] [1mAgent report_finalizer returned final answer after 0 tool calls[0m [36mreq[0m=[35ma8e27a2b[0m
[2m16:45:38[0m [[32m[1minfo     [0m] [1mAgent report_finalizer completed        [0m [36mreq[0m=[35ma8e27a2b[0m
[2m16:45:38[0m [[32m[1minfo     [0m] [1mWave 5 agent 'report_finalizer' completed: success=True, skipped=False, result_len=1778[0m [36mreq[0m=[35ma8e27a2b[0m
[2m16:45:38[0m [[32m[1minfo     [0m] [1mArtifact pool cleared: 11 artifacts discarded[0m [36mreq[0m=[35ma8e27a2b[0m
[2m16:45:39[0m [[32m[1minfo     [0m] [1mPersisted 1 facts to shared memory for execution b19c7a17-5499-4a7e-adac-441b736cf18f[0m [36mreq[0m=[35ma8e27a2b[0m
[2m16:45:39[0m [[32m[1minfo     [0m] [1mStarting telemetry for agent=05bebe15..., execution=b19c7a17...[0m [36mreq[0m=[35ma8e27a2b[0m
[2m16:45:39[0m [[33m[1mwarning  [0m] [1mTelemetrie-Bridge fehlgeschlagen: 1 validation error for ExecutionTelemetryCreate
outcome
  Input should be 'success', 'error', 'timeout' or 'cancelled' [type=literal_error, input_value='running', input_type=str]
    For further information visit https://errors.pydantic.dev/2.11/v/literal_error[0m [36mreq[0m=[35ma8e27a2b[0m
[2m16:45:39[0m [[32m[1minfo     [0m] [1mConfigured epicbox profile: image=lumari-sandbox:latest, limits={'cputime': 5, 'realtime': 10, 'memory': 128, 'processes': 1}[0m [36mreq[0m=[35ma8e27a2b[0m
[2m16:45:39[0m [[32m[1minfo     [0m] [1mStarting analysis pipeline for execution_id=b19c7a17...[0m [36mreq[0m=[35ma8e27a2b[0m
[2m16:45:39[0m [[32m[1minfo     [0m] [1mExecution completed: challenge_id=15532f3a-d0fe-4b9c-a5dc-5994cc826726, success=True[0m [36mreq[0m=[35ma8e27a2b[0m
[2m16:45:39[0m [[33m[1mwarning  [0m] [1mNo telemetry found for execution b19c7a17-5499-4a7e-adac-441b736cf18f[0m [36mreq[0m=[35ma8e27a2b[0m
[2m16:45:41[0m [[32m[1minfo     [0m] [1mGetting challenge status: id=15532f3a-d0fe-4b9c-a5dc-5994cc826726[0m [36mreq[0m=[35m4d2a2512[0m
[2m16:45:41[0m [[32m[1minfo     [0m] [1mrequest_finished                        [0m [36mduration[0m=[35m0.009[0m [36mmethod[0m=[35mGET[0m [36mpath[0m=[35m/api/v1/challenges/15532f3a-d0fe-4b9c-a5dc-5994cc826726[0m [36mreq[0m=[35m4d2a2512[0m [36mrequest_id[0m=[35m4d2a2512-19a9-4f23-b2ad-ef912de759e7[0m [36mstatus[0m=[35m200[0m
[2m16:45:41[0m [[32m[1minfo     [0m] [1mGetting challenge results: id=15532f3a-d0fe-4b9c-a5dc-5994cc826726[0m [36mreq[0m=[35m188fdfa8[0m
[2m16:45:41[0m [[32m[1minfo     [0m] [1mrequest_finished                        [0m [36mduration[0m=[35m0.008[0m [36mmethod[0m=[35mGET[0m [36mpath[0m=[35m/api/v1/challenges/15532f3a-d0fe-4b9c-a5dc-5994cc826726/results[0m [36mreq[0m=[35m188fdfa8[0m [36mrequest_id[0m=[35m188fdfa8-903b-4fb0-8116-57d9d706e7c6[0m [36mstatus[0m=[35m200[0m
[2m16:45:45[0m [[32m[1minfo     [0m] [1mFile upload: tagesbericht_rohbau_20251014.opus, size=205713, type=audio/opus[0m [36mreq[0m=[35me684af07[0m
[2m16:45:45[0m [[32m[1minfo     [0m] [1mSaved binary file to: /Users/patrick/Documents/Uni/master_project/backend/app/api/v1/endpoints/../../../uploads/25a9646b-5912-455d-99aa-d3a06beb3147.opus[0m [36mreq[0m=[35me684af07[0m
[2m16:45:45[0m [[32m[1minfo     [0m] [1mAudio transcription skill available: skill_audio_transcription — will transcribe in background[0m [36mreq[0m=[35me684af07[0m
[2m16:45:45[0m [[32m[1minfo     [0m] [1mFile upload: tagesbericht_rohbau_20251014.opus -> challenge_id=a44a68b3-4b32-4183-8fb7-e3a2742cc1ea, gaps=0, route=execute[0m [36mreq[0m=[35me684af07[0m
[2m16:45:45[0m [[32m[1minfo     [0m] [1mrequest_finished                        [0m [36mduration[0m=[35m0.036[0m [36mmethod[0m=[35mPOST[0m [36mpath[0m=[35m/api/v1/challenges/upload[0m [36mreq[0m=[35me684af07[0m [36mrequest_id[0m=[35me684af07-0c16-4476-91f3-e2d858b2381d[0m [36mstatus[0m=[35m200[0m
[2m16:45:45[0m [[32m[1minfo     [0m] [1mExecuting challenge: id=a44a68b3-4b32-4183-8fb7-e3a2742cc1ea[0m [36mreq[0m=[35m99a63461[0m
[2m16:45:45[0m [[32m[1minfo     [0m] [1mrequest_finished                        [0m [36mduration[0m=[35m0.017[0m [36mmethod[0m=[35mPOST[0m [36mpath[0m=[35m/api/v1/challenges/a44a68b3-4b32-4183-8fb7-e3a2742cc1ea/execute[0m [36mreq[0m=[35m99a63461[0m [36mrequest_id[0m=[35m99a63461-3663-4e17-adee-70f7793a4844[0m [36mstatus[0m=[35m200[0m
[2m16:45:45[0m [[32m[1minfo     [0m] [1mStarting background execution: challenge_id=a44a68b3-4b32-4183-8fb7-e3a2742cc1ea[0m [36mreq[0m=[35m99a63461[0m
[2m16:45:45[0m [[32m[1minfo     [0m] [1mTranskribiere Audio vor Execution: /Users/patrick/Documents/Uni/master_project/backend/app/api/v1/endpoints/../../../uploads/25a9646b-5912-455d-99aa-d3a06beb3147.opus mit Skill skill_audio_transcription[0m [36mreq[0m=[35m99a63461[0m
[2m16:45:45[0m [[32m[1minfo     [0m] [1mStarting sandbox execution: pip=['openai-whisper'], apt=['ffmpeg'], input_files=['25a9646b-5912-455d-99aa-d3a06beb3147.opus'][0m [36mreq[0m=[35m99a63461[0m
[2m16:45:45[0m [[32m[1minfo     [0m] [1mDocker client connected successfully    [0m [36mreq[0m=[35m99a63461[0m
[2m16:45:46[0m [[32m[1minfo     [0m] [1mInstalling system packages: ffmpeg      [0m [36mreq[0m=[35m99a63461[0m
[2m16:45:50[0m [[32m[1minfo     [0m] [1mGetting challenge status: id=a44a68b3-4b32-4183-8fb7-e3a2742cc1ea[0m [36mreq[0m=[35me5bd93fa[0m
[2m16:45:50[0m [[32m[1minfo     [0m] [1mrequest_finished                        [0m [36mduration[0m=[35m0.173[0m [36mmethod[0m=[35mGET[0m [36mpath[0m=[35m/api/v1/challenges/a44a68b3-4b32-4183-8fb7-e3a2742cc1ea[0m [36mreq[0m=[35me5bd93fa[0m [36mrequest_id[0m=[35me5bd93fa-a89f-4428-b6a1-0ce98abe1c1b[0m [36mstatus[0m=[35m200[0m
[2m16:45:55[0m [[32m[1minfo     [0m] [1mGetting challenge status: id=a44a68b3-4b32-4183-8fb7-e3a2742cc1ea[0m [36mreq[0m=[35mbc78c91c[0m
[2m16:45:55[0m [[32m[1minfo     [0m] [1mrequest_finished                        [0m [36mduration[0m=[35m0.057[0m [36mmethod[0m=[35mGET[0m [36mpath[0m=[35m/api/v1/challenges/a44a68b3-4b32-4183-8fb7-e3a2742cc1ea[0m [36mreq[0m=[35mbc78c91c[0m [36mrequest_id[0m=[35mbc78c91c-d567-477e-abf7-b92caf221f97[0m [36mstatus[0m=[35m200[0m
[2m16:46:00[0m [[32m[1minfo     [0m] [1mGetting challenge status: id=a44a68b3-4b32-4183-8fb7-e3a2742cc1ea[0m [36mreq[0m=[35m85425f99[0m
[2m16:46:00[0m [[32m[1minfo     [0m] [1mrequest_finished                        [0m [36mduration[0m=[35m0.114[0m [36mmethod[0m=[35mGET[0m [36mpath[0m=[35m/api/v1/challenges/a44a68b3-4b32-4183-8fb7-e3a2742cc1ea[0m [36mreq[0m=[35m85425f99[0m [36mrequest_id[0m=[35m85425f99-b6fe-438a-aada-73bf61da634a[0m [36mstatus[0m=[35m200[0m
[2m16:46:05[0m [[32m[1minfo     [0m] [1mGetting challenge status: id=a44a68b3-4b32-4183-8fb7-e3a2742cc1ea[0m [36mreq[0m=[35mf05d8987[0m
[2m16:46:05[0m [[32m[1minfo     [0m] [1mrequest_finished                        [0m [36mduration[0m=[35m0.023[0m [36mmethod[0m=[35mGET[0m [36mpath[0m=[35m/api/v1/challenges/a44a68b3-4b32-4183-8fb7-e3a2742cc1ea[0m [36mreq[0m=[35mf05d8987[0m [36mrequest_id[0m=[35mf05d8987-b8e9-4977-b04f-61d595dcd3a3[0m [36mstatus[0m=[35m200[0m
[2m16:46:11[0m [[32m[1minfo     [0m] [1mGetting challenge status: id=a44a68b3-4b32-4183-8fb7-e3a2742cc1ea[0m [36mreq[0m=[35me2a8d19c[0m
[2m16:46:11[0m [[32m[1minfo     [0m] [1mrequest_finished                        [0m [36mduration[0m=[35m0.038[0m [36mmethod[0m=[35mGET[0m [36mpath[0m=[35m/api/v1/challenges/a44a68b3-4b32-4183-8fb7-e3a2742cc1ea[0m [36mreq[0m=[35me2a8d19c[0m [36mrequest_id[0m=[35me2a8d19c-6c67-447d-9833-5d5907908c22[0m [36mstatus[0m=[35m200[0m
[2m16:46:16[0m [[32m[1minfo     [0m] [1mGetting challenge status: id=a44a68b3-4b32-4183-8fb7-e3a2742cc1ea[0m [36mreq[0m=[35m4acfb603[0m
[2m16:46:16[0m [[32m[1minfo     [0m] [1mrequest_finished                        [0m [36mduration[0m=[35m0.025[0m [36mmethod[0m=[35mGET[0m [36mpath[0m=[35m/api/v1/challenges/a44a68b3-4b32-4183-8fb7-e3a2742cc1ea[0m [36mreq[0m=[35m4acfb603[0m [36mrequest_id[0m=[35m4acfb603-2805-43ff-9504-b04f43eea8c5[0m [36mstatus[0m=[35m200[0m
[2m16:46:21[0m [[32m[1minfo     [0m] [1mGetting challenge status: id=a44a68b3-4b32-4183-8fb7-e3a2742cc1ea[0m [36mreq[0m=[35m1d14fdb4[0m
[2m16:46:21[0m [[32m[1minfo     [0m] [1mrequest_finished                        [0m [36mduration[0m=[35m0.051[0m [36mmethod[0m=[35mGET[0m [36mpath[0m=[35m/api/v1/challenges/a44a68b3-4b32-4183-8fb7-e3a2742cc1ea[0m [36mreq[0m=[35m1d14fdb4[0m [36mrequest_id[0m=[35m1d14fdb4-021b-4787-8f53-7a184f2d30eb[0m [36mstatus[0m=[35m200[0m
[2m16:46:26[0m [[32m[1minfo     [0m] [1mGetting challenge status: id=a44a68b3-4b32-4183-8fb7-e3a2742cc1ea[0m [36mreq[0m=[35me8a0c61e[0m
[2m16:46:26[0m [[32m[1minfo     [0m] [1mrequest_finished                        [0m [36mduration[0m=[35m0.025[0m [36mmethod[0m=[35mGET[0m [36mpath[0m=[35m/api/v1/challenges/a44a68b3-4b32-4183-8fb7-e3a2742cc1ea[0m [36mreq[0m=[35me8a0c61e[0m [36mrequest_id[0m=[35me8a0c61e-4679-47e1-854e-a9d05480bed5[0m [36mstatus[0m=[35m200[0m
[2m16:46:31[0m [[32m[1minfo     [0m] [1mGetting challenge status: id=a44a68b3-4b32-4183-8fb7-e3a2742cc1ea[0m [36mreq[0m=[35md82eeeb1[0m
[2m16:46:31[0m [[32m[1minfo     [0m] [1mrequest_finished                        [0m [36mduration[0m=[35m0.049[0m [36mmethod[0m=[35mGET[0m [36mpath[0m=[35m/api/v1/challenges/a44a68b3-4b32-4183-8fb7-e3a2742cc1ea[0m [36mreq[0m=[35md82eeeb1[0m [36mrequest_id[0m=[35md82eeeb1-66c4-491c-9292-0057d86b852f[0m [36mstatus[0m=[35m200[0m
[2m16:46:36[0m [[32m[1minfo     [0m] [1mGetting challenge status: id=a44a68b3-4b32-4183-8fb7-e3a2742cc1ea[0m [36mreq[0m=[35mefed8a8a[0m
[2m16:46:36[0m [[32m[1minfo     [0m] [1mrequest_finished                        [0m [36mduration[0m=[35m0.018[0m [36mmethod[0m=[35mGET[0m [36mpath[0m=[35m/api/v1/challenges/a44a68b3-4b32-4183-8fb7-e3a2742cc1ea[0m [36mreq[0m=[35mefed8a8a[0m [36mrequest_id[0m=[35mefed8a8a-affd-4e39-b4d4-fc26c2b66753[0m [36mstatus[0m=[35m200[0m
[2m16:46:41[0m [[32m[1minfo     [0m] [1mGetting challenge status: id=a44a68b3-4b32-4183-8fb7-e3a2742cc1ea[0m [36mreq[0m=[35mbd04fd8f[0m
[2m16:46:41[0m [[32m[1minfo     [0m] [1mrequest_finished                        [0m [36mduration[0m=[35m0.042[0m [36mmethod[0m=[35mGET[0m [36mpath[0m=[35m/api/v1/challenges/a44a68b3-4b32-4183-8fb7-e3a2742cc1ea[0m [36mreq[0m=[35mbd04fd8f[0m [36mrequest_id[0m=[35mbd04fd8f-db66-43ca-99c6-53fb5078e8a0[0m [36mstatus[0m=[35m200[0m
[2m16:46:46[0m [[32m[1minfo     [0m] [1mGetting challenge status: id=a44a68b3-4b32-4183-8fb7-e3a2742cc1ea[0m [36mreq[0m=[35mcaec2b6e[0m
[2m16:46:46[0m [[32m[1minfo     [0m] [1mrequest_finished                        [0m [36mduration[0m=[35m0.011[0m [36mmethod[0m=[35mGET[0m [36mpath[0m=[35m/api/v1/challenges/a44a68b3-4b32-4183-8fb7-e3a2742cc1ea[0m [36mreq[0m=[35mcaec2b6e[0m [36mrequest_id[0m=[35mcaec2b6e-adb6-44a5-9503-7bcb53641ad0[0m [36mstatus[0m=[35m200[0m
[2m16:46:51[0m [[32m[1minfo     [0m] [1mGetting challenge status: id=a44a68b3-4b32-4183-8fb7-e3a2742cc1ea[0m [36mreq[0m=[35m2ac99a0f[0m
[2m16:46:51[0m [[32m[1minfo     [0m] [1mrequest_finished                        [0m [36mduration[0m=[35m0.028[0m [36mmethod[0m=[35mGET[0m [36mpath[0m=[35m/api/v1/challenges/a44a68b3-4b32-4183-8fb7-e3a2742cc1ea[0m [36mreq[0m=[35m2ac99a0f[0m [36mrequest_id[0m=[35m2ac99a0f-457f-4667-afc5-2b9c6620b720[0m [36mstatus[0m=[35m200[0m
[2m16:46:56[0m [[32m[1minfo     [0m] [1mGetting challenge status: id=a44a68b3-4b32-4183-8fb7-e3a2742cc1ea[0m [36mreq[0m=[35me852a9f5[0m
[2m16:46:56[0m [[32m[1minfo     [0m] [1mrequest_finished                        [0m [36mduration[0m=[35m0.014[0m [36mmethod[0m=[35mGET[0m [36mpath[0m=[35m/api/v1/challenges/a44a68b3-4b32-4183-8fb7-e3a2742cc1ea[0m [36mreq[0m=[35me852a9f5[0m [36mrequest_id[0m=[35me852a9f5-2a61-48ae-8852-5e4e6abd87fc[0m [36mstatus[0m=[35m200[0m
[2m16:47:01[0m [[32m[1minfo     [0m] [1mGetting challenge status: id=a44a68b3-4b32-4183-8fb7-e3a2742cc1ea[0m [36mreq[0m=[35m9951c5ec[0m
[2m16:47:01[0m [[32m[1minfo     [0m] [1mrequest_finished                        [0m [36mduration[0m=[35m0.042[0m [36mmethod[0m=[35mGET[0m [36mpath[0m=[35m/api/v1/challenges/a44a68b3-4b32-4183-8fb7-e3a2742cc1ea[0m [36mreq[0m=[35m9951c5ec[0m [36mrequest_id[0m=[35m9951c5ec-f3cf-4dc7-96da-a9da365b0a13[0m [36mstatus[0m=[35m200[0m
[2m16:47:06[0m [[32m[1minfo     [0m] [1mGetting challenge status: id=a44a68b3-4b32-4183-8fb7-e3a2742cc1ea[0m [36mreq[0m=[35m8c1bce23[0m
[2m16:47:06[0m [[32m[1minfo     [0m] [1mrequest_finished                        [0m [36mduration[0m=[35m0.108[0m [36mmethod[0m=[35mGET[0m [36mpath[0m=[35m/api/v1/challenges/a44a68b3-4b32-4183-8fb7-e3a2742cc1ea[0m [36mreq[0m=[35m8c1bce23[0m [36mrequest_id[0m=[35m8c1bce23-567e-4d09-bfc7-bdb6f64dff2b[0m [36mstatus[0m=[35m200[0m
[2m16:47:11[0m [[32m[1minfo     [0m] [1mSystem packages installed successfully: ffmpeg[0m [36mreq[0m=[35m99a63461[0m
[2m16:47:11[0m [[32m[1minfo     [0m] [1mInstalling pip packages: "openai-whisper"[0m [36mreq[0m=[35m99a63461[0m
[2m16:47:11[0m [[32m[1minfo     [0m] [1mGetting challenge status: id=a44a68b3-4b32-4183-8fb7-e3a2742cc1ea[0m [36mreq[0m=[35ma74ef766[0m
[2m16:47:11[0m [[32m[1minfo     [0m] [1mrequest_finished                        [0m [36mduration[0m=[35m0.036[0m [36mmethod[0m=[35mGET[0m [36mpath[0m=[35m/api/v1/challenges/a44a68b3-4b32-4183-8fb7-e3a2742cc1ea[0m [36mreq[0m=[35ma74ef766[0m [36mrequest_id[0m=[35ma74ef766-2535-4dd8-b712-82653c3143e5[0m [36mstatus[0m=[35m200[0m
[2m16:47:16[0m [[32m[1minfo     [0m] [1mGetting challenge status: id=a44a68b3-4b32-4183-8fb7-e3a2742cc1ea[0m [36mreq[0m=[35m8ac90219[0m
[2m16:47:16[0m [[32m[1minfo     [0m] [1mrequest_finished                        [0m [36mduration[0m=[35m0.015[0m [36mmethod[0m=[35mGET[0m [36mpath[0m=[35m/api/v1/challenges/a44a68b3-4b32-4183-8fb7-e3a2742cc1ea[0m [36mreq[0m=[35m8ac90219[0m [36mrequest_id[0m=[35m8ac90219-be9a-4feb-85ad-2665afdc5aee[0m [36mstatus[0m=[35m200[0m
[2m16:47:21[0m [[32m[1minfo     [0m] [1mGetting challenge status: id=a44a68b3-4b32-4183-8fb7-e3a2742cc1ea[0m [36mreq[0m=[35m0deb2b73[0m
[2m16:47:21[0m [[32m[1minfo     [0m] [1mrequest_finished                        [0m [36mduration[0m=[35m0.045[0m [36mmethod[0m=[35mGET[0m [36mpath[0m=[35m/api/v1/challenges/a44a68b3-4b32-4183-8fb7-e3a2742cc1ea[0m [36mreq[0m=[35m0deb2b73[0m [36mrequest_id[0m=[35m0deb2b73-1137-46fc-853d-2c68d36274a2[0m [36mstatus[0m=[35m200[0m
[2m16:47:26[0m [[32m[1minfo     [0m] [1mGetting challenge status: id=a44a68b3-4b32-4183-8fb7-e3a2742cc1ea[0m [36mreq[0m=[35m5d446aaf[0m
[2m16:47:26[0m [[32m[1minfo     [0m] [1mrequest_finished                        [0m [36mduration[0m=[35m0.024[0m [36mmethod[0m=[35mGET[0m [36mpath[0m=[35m/api/v1/challenges/a44a68b3-4b32-4183-8fb7-e3a2742cc1ea[0m [36mreq[0m=[35m5d446aaf[0m [36mrequest_id[0m=[35m5d446aaf-975e-4aba-bf43-9c1613c06a55[0m [36mstatus[0m=[35m200[0m
[2m16:47:31[0m [[32m[1minfo     [0m] [1mGetting challenge status: id=a44a68b3-4b32-4183-8fb7-e3a2742cc1ea[0m [36mreq[0m=[35mdee8966c[0m
[2m16:47:31[0m [[32m[1minfo     [0m] [1mrequest_finished                        [0m [36mduration[0m=[35m0.021[0m [36mmethod[0m=[35mGET[0m [36mpath[0m=[35m/api/v1/challenges/a44a68b3-4b32-4183-8fb7-e3a2742cc1ea[0m [36mreq[0m=[35mdee8966c[0m [36mrequest_id[0m=[35mdee8966c-d10f-46e6-8599-78253250434d[0m [36mstatus[0m=[35m200[0m
[2m16:47:36[0m [[32m[1minfo     [0m] [1mGetting challenge status: id=a44a68b3-4b32-4183-8fb7-e3a2742cc1ea[0m [36mreq[0m=[35mb317e34f[0m
[2m16:47:36[0m [[32m[1minfo     [0m] [1mrequest_finished                        [0m [36mduration[0m=[35m0.009[0m [36mmethod[0m=[35mGET[0m [36mpath[0m=[35m/api/v1/challenges/a44a68b3-4b32-4183-8fb7-e3a2742cc1ea[0m [36mreq[0m=[35mb317e34f[0m [36mrequest_id[0m=[35mb317e34f-35f1-41e8-a4b0-c4ff023645bf[0m [36mstatus[0m=[35m200[0m
[2m16:47:41[0m [[32m[1minfo     [0m] [1mGetting challenge status: id=a44a68b3-4b32-4183-8fb7-e3a2742cc1ea[0m [36mreq[0m=[35m67eacdfd[0m
[2m16:47:41[0m [[32m[1minfo     [0m] [1mrequest_finished                        [0m [36mduration[0m=[35m0.033[0m [36mmethod[0m=[35mGET[0m [36mpath[0m=[35m/api/v1/challenges/a44a68b3-4b32-4183-8fb7-e3a2742cc1ea[0m [36mreq[0m=[35m67eacdfd[0m [36mrequest_id[0m=[35m67eacdfd-8a9d-4625-96a7-d7d3ef1123a0[0m [36mstatus[0m=[35m200[0m
[2m16:47:47[0m [[32m[1minfo     [0m] [1mGetting challenge status: id=a44a68b3-4b32-4183-8fb7-e3a2742cc1ea[0m [36mreq[0m=[35m9ff8daa3[0m
[2m16:47:47[0m [[32m[1minfo     [0m] [1mrequest_finished                        [0m [36mduration[0m=[35m0.022[0m [36mmethod[0m=[35mGET[0m [36mpath[0m=[35m/api/v1/challenges/a44a68b3-4b32-4183-8fb7-e3a2742cc1ea[0m [36mreq[0m=[35m9ff8daa3[0m [36mrequest_id[0m=[35m9ff8daa3-d336-4123-9abb-6b362e688bbb[0m [36mstatus[0m=[35m200[0m
[2m16:47:52[0m [[32m[1minfo     [0m] [1mGetting challenge status: id=a44a68b3-4b32-4183-8fb7-e3a2742cc1ea[0m [36mreq[0m=[35m4a4e0ae2[0m
[2m16:47:52[0m [[32m[1minfo     [0m] [1mrequest_finished                        [0m [36mduration[0m=[35m0.03[0m [36mmethod[0m=[35mGET[0m [36mpath[0m=[35m/api/v1/challenges/a44a68b3-4b32-4183-8fb7-e3a2742cc1ea[0m [36mreq[0m=[35m4a4e0ae2[0m [36mrequest_id[0m=[35m4a4e0ae2-371f-43b6-9685-b31102d165ef[0m [36mstatus[0m=[35m200[0m
[2m16:47:57[0m [[32m[1minfo     [0m] [1mGetting challenge status: id=a44a68b3-4b32-4183-8fb7-e3a2742cc1ea[0m [36mreq[0m=[35m4302d522[0m
[2m16:47:57[0m [[32m[1minfo     [0m] [1mrequest_finished                        [0m [36mduration[0m=[35m0.029[0m [36mmethod[0m=[35mGET[0m [36mpath[0m=[35m/api/v1/challenges/a44a68b3-4b32-4183-8fb7-e3a2742cc1ea[0m [36mreq[0m=[35m4302d522[0m [36mrequest_id[0m=[35m4302d522-e14b-4047-9624-7f89edd86af5[0m [36mstatus[0m=[35m200[0m
[2m16:48:02[0m [[32m[1minfo     [0m] [1mGetting challenge status: id=a44a68b3-4b32-4183-8fb7-e3a2742cc1ea[0m [36mreq[0m=[35m5480f135[0m
[2m16:48:02[0m [[32m[1minfo     [0m] [1mrequest_finished                        [0m [36mduration[0m=[35m0.028[0m [36mmethod[0m=[35mGET[0m [36mpath[0m=[35m/api/v1/challenges/a44a68b3-4b32-4183-8fb7-e3a2742cc1ea[0m [36mreq[0m=[35m5480f135[0m [36mrequest_id[0m=[35m5480f135-ad34-4087-85ee-e8cebd211ec2[0m [36mstatus[0m=[35m200[0m
[2m16:48:07[0m [[32m[1minfo     [0m] [1mGetting challenge status: id=a44a68b3-4b32-4183-8fb7-e3a2742cc1ea[0m [36mreq[0m=[35mca17822c[0m
[2m16:48:07[0m [[32m[1minfo     [0m] [1mrequest_finished                        [0m [36mduration[0m=[35m0.047[0m [36mmethod[0m=[35mGET[0m [36mpath[0m=[35m/api/v1/challenges/a44a68b3-4b32-4183-8fb7-e3a2742cc1ea[0m [36mreq[0m=[35mca17822c[0m [36mrequest_id[0m=[35mca17822c-03fa-45ba-b902-6c5d7ace9b49[0m [36mstatus[0m=[35m200[0m
[2m16:48:12[0m [[32m[1minfo     [0m] [1mGetting challenge status: id=a44a68b3-4b32-4183-8fb7-e3a2742cc1ea[0m [36mreq[0m=[35mf5e44193[0m
[2m16:48:12[0m [[32m[1minfo     [0m] [1mrequest_finished                        [0m [36mduration[0m=[35m0.049[0m [36mmethod[0m=[35mGET[0m [36mpath[0m=[35m/api/v1/challenges/a44a68b3-4b32-4183-8fb7-e3a2742cc1ea[0m [36mreq[0m=[35mf5e44193[0m [36mrequest_id[0m=[35mf5e44193-ab01-4d3f-b05a-39645fb193c6[0m [36mstatus[0m=[35m200[0m
[2m16:48:17[0m [[32m[1minfo     [0m] [1mGetting challenge status: id=a44a68b3-4b32-4183-8fb7-e3a2742cc1ea[0m [36mreq[0m=[35m932fbd36[0m
[2m16:48:17[0m [[32m[1minfo     [0m] [1mrequest_finished                        [0m [36mduration[0m=[35m0.033[0m [36mmethod[0m=[35mGET[0m [36mpath[0m=[35m/api/v1/challenges/a44a68b3-4b32-4183-8fb7-e3a2742cc1ea[0m [36mreq[0m=[35m932fbd36[0m [36mrequest_id[0m=[35m932fbd36-d4a2-47e2-92f5-88c3833d405e[0m [36mstatus[0m=[35m200[0m
[2m16:48:22[0m [[32m[1minfo     [0m] [1mGetting challenge status: id=a44a68b3-4b32-4183-8fb7-e3a2742cc1ea[0m [36mreq[0m=[35m50d912e5[0m
[2m16:48:22[0m [[32m[1minfo     [0m] [1mrequest_finished                        [0m [36mduration[0m=[35m0.025[0m [36mmethod[0m=[35mGET[0m [36mpath[0m=[35m/api/v1/challenges/a44a68b3-4b32-4183-8fb7-e3a2742cc1ea[0m [36mreq[0m=[35m50d912e5[0m [36mrequest_id[0m=[35m50d912e5-d77b-4425-80d0-cef8d335118a[0m [36mstatus[0m=[35m200[0m
[2m16:48:27[0m [[32m[1minfo     [0m] [1mGetting challenge status: id=a44a68b3-4b32-4183-8fb7-e3a2742cc1ea[0m [36mreq[0m=[35m190522a3[0m
[2m16:48:27[0m [[32m[1minfo     [0m] [1mrequest_finished                        [0m [36mduration[0m=[35m0.033[0m [36mmethod[0m=[35mGET[0m [36mpath[0m=[35m/api/v1/challenges/a44a68b3-4b32-4183-8fb7-e3a2742cc1ea[0m [36mreq[0m=[35m190522a3[0m [36mrequest_id[0m=[35m190522a3-a053-484e-9d21-b3d50540c442[0m [36mstatus[0m=[35m200[0m
[2m16:48:32[0m [[32m[1minfo     [0m] [1mGetting challenge status: id=a44a68b3-4b32-4183-8fb7-e3a2742cc1ea[0m [36mreq[0m=[35m03691114[0m
[2m16:48:32[0m [[32m[1minfo     [0m] [1mrequest_finished                        [0m [36mduration[0m=[35m0.052[0m [36mmethod[0m=[35mGET[0m [36mpath[0m=[35m/api/v1/challenges/a44a68b3-4b32-4183-8fb7-e3a2742cc1ea[0m [36mreq[0m=[35m03691114[0m [36mrequest_id[0m=[35m03691114-6b99-4bd5-a1cf-c3daddaef40d[0m [36mstatus[0m=[35m200[0m
[2m16:48:37[0m [[32m[1minfo     [0m] [1mGetting challenge status: id=a44a68b3-4b32-4183-8fb7-e3a2742cc1ea[0m [36mreq[0m=[35m11466e66[0m
[2m16:48:37[0m [[32m[1minfo     [0m] [1mrequest_finished                        [0m [36mduration[0m=[35m0.014[0m [36mmethod[0m=[35mGET[0m [36mpath[0m=[35m/api/v1/challenges/a44a68b3-4b32-4183-8fb7-e3a2742cc1ea[0m [36mreq[0m=[35m11466e66[0m [36mrequest_id[0m=[35m11466e66-2023-44cb-8415-5f7f3e0b54e3[0m [36mstatus[0m=[35m200[0m
[2m16:48:42[0m [[32m[1minfo     [0m] [1mGetting challenge status: id=a44a68b3-4b32-4183-8fb7-e3a2742cc1ea[0m [36mreq[0m=[35m7326d307[0m
[2m16:48:42[0m [[32m[1minfo     [0m] [1mrequest_finished                        [0m [36mduration[0m=[35m0.035[0m [36mmethod[0m=[35mGET[0m [36mpath[0m=[35m/api/v1/challenges/a44a68b3-4b32-4183-8fb7-e3a2742cc1ea[0m [36mreq[0m=[35m7326d307[0m [36mrequest_id[0m=[35m7326d307-c0cd-4697-9274-5af358e07e5e[0m [36mstatus[0m=[35m200[0m
[2m16:48:47[0m [[32m[1minfo     [0m] [1mGetting challenge status: id=a44a68b3-4b32-4183-8fb7-e3a2742cc1ea[0m [36mreq[0m=[35me1b795bb[0m
[2m16:48:47[0m [[32m[1minfo     [0m] [1mrequest_finished                        [0m [36mduration[0m=[35m0.049[0m [36mmethod[0m=[35mGET[0m [36mpath[0m=[35m/api/v1/challenges/a44a68b3-4b32-4183-8fb7-e3a2742cc1ea[0m [36mreq[0m=[35me1b795bb[0m [36mrequest_id[0m=[35me1b795bb-f2c5-489a-a402-5a6dc0c0e60c[0m [36mstatus[0m=[35m200[0m
[2m16:48:52[0m [[32m[1minfo     [0m] [1mGetting challenge status: id=a44a68b3-4b32-4183-8fb7-e3a2742cc1ea[0m [36mreq[0m=[35ma9de9cba[0m
[2m16:48:52[0m [[32m[1minfo     [0m] [1mrequest_finished                        [0m [36mduration[0m=[35m0.011[0m [36mmethod[0m=[35mGET[0m [36mpath[0m=[35m/api/v1/challenges/a44a68b3-4b32-4183-8fb7-e3a2742cc1ea[0m [36mreq[0m=[35ma9de9cba[0m [36mrequest_id[0m=[35ma9de9cba-2b9d-4ac9-b402-34487c906e1f[0m [36mstatus[0m=[35m200[0m
[2m16:48:57[0m [[32m[1minfo     [0m] [1mGetting challenge status: id=a44a68b3-4b32-4183-8fb7-e3a2742cc1ea[0m [36mreq[0m=[35ma0e319b4[0m
[2m16:48:57[0m [[32m[1minfo     [0m] [1mrequest_finished                        [0m [36mduration[0m=[35m0.1[0m [36mmethod[0m=[35mGET[0m [36mpath[0m=[35m/api/v1/challenges/a44a68b3-4b32-4183-8fb7-e3a2742cc1ea[0m [36mreq[0m=[35ma0e319b4[0m [36mrequest_id[0m=[35ma0e319b4-74c2-4a62-a06e-745352c85f0f[0m [36mstatus[0m=[35m200[0m
[2m16:49:02[0m [[32m[1minfo     [0m] [1mGetting challenge status: id=a44a68b3-4b32-4183-8fb7-e3a2742cc1ea[0m [36mreq[0m=[35m2695cd38[0m
[2m16:49:02[0m [[32m[1minfo     [0m] [1mrequest_finished                        [0m [36mduration[0m=[35m0.061[0m [36mmethod[0m=[35mGET[0m [36mpath[0m=[35m/api/v1/challenges/a44a68b3-4b32-4183-8fb7-e3a2742cc1ea[0m [36mreq[0m=[35m2695cd38[0m [36mrequest_id[0m=[35m2695cd38-1e0b-4194-a29e-407ef962d08f[0m [36mstatus[0m=[35m200[0m
[2m16:49:07[0m [[32m[1minfo     [0m] [1mGetting challenge status: id=a44a68b3-4b32-4183-8fb7-e3a2742cc1ea[0m [36mreq[0m=[35mce00c40b[0m
[2m16:49:08[0m [[32m[1minfo     [0m] [1mrequest_finished                        [0m [36mduration[0m=[35m0.075[0m [36mmethod[0m=[35mGET[0m [36mpath[0m=[35m/api/v1/challenges/a44a68b3-4b32-4183-8fb7-e3a2742cc1ea[0m [36mreq[0m=[35mce00c40b[0m [36mrequest_id[0m=[35mce00c40b-c3ad-4b64-81ca-2d07344c144c[0m [36mstatus[0m=[35m200[0m
[2m16:49:13[0m [[32m[1minfo     [0m] [1mGetting challenge status: id=a44a68b3-4b32-4183-8fb7-e3a2742cc1ea[0m [36mreq[0m=[35md1ea469a[0m
[2m16:49:13[0m [[32m[1minfo     [0m] [1mrequest_finished                        [0m [36mduration[0m=[35m0.038[0m [36mmethod[0m=[35mGET[0m [36mpath[0m=[35m/api/v1/challenges/a44a68b3-4b32-4183-8fb7-e3a2742cc1ea[0m [36mreq[0m=[35md1ea469a[0m [36mrequest_id[0m=[35md1ea469a-2d9c-41cc-ad79-4addebf2ba85[0m [36mstatus[0m=[35m200[0m
[2m16:49:18[0m [[32m[1minfo     [0m] [1mGetting challenge status: id=a44a68b3-4b32-4183-8fb7-e3a2742cc1ea[0m [36mreq[0m=[35m7267a754[0m
[2m16:49:18[0m [[32m[1minfo     [0m] [1mrequest_finished                        [0m [36mduration[0m=[35m0.038[0m [36mmethod[0m=[35mGET[0m [36mpath[0m=[35m/api/v1/challenges/a44a68b3-4b32-4183-8fb7-e3a2742cc1ea[0m [36mreq[0m=[35m7267a754[0m [36mrequest_id[0m=[35m7267a754-1f14-462d-8d95-9b6bb7fdbe85[0m [36mstatus[0m=[35m200[0m
[2m16:49:23[0m [[32m[1minfo     [0m] [1mGetting challenge status: id=a44a68b3-4b32-4183-8fb7-e3a2742cc1ea[0m [36mreq[0m=[35m9dd4acf8[0m
[2m16:49:23[0m [[32m[1minfo     [0m] [1mrequest_finished                        [0m [36mduration[0m=[35m0.036[0m [36mmethod[0m=[35mGET[0m [36mpath[0m=[35m/api/v1/challenges/a44a68b3-4b32-4183-8fb7-e3a2742cc1ea[0m [36mreq[0m=[35m9dd4acf8[0m [36mrequest_id[0m=[35m9dd4acf8-e81d-47a9-bc49-2be6f25a6b49[0m [36mstatus[0m=[35m200[0m
[2m16:49:28[0m [[32m[1minfo     [0m] [1mGetting challenge status: id=a44a68b3-4b32-4183-8fb7-e3a2742cc1ea[0m [36mreq[0m=[35ma68fbb36[0m
[2m16:49:28[0m [[32m[1minfo     [0m] [1mrequest_finished                        [0m [36mduration[0m=[35m0.014[0m [36mmethod[0m=[35mGET[0m [36mpath[0m=[35m/api/v1/challenges/a44a68b3-4b32-4183-8fb7-e3a2742cc1ea[0m [36mreq[0m=[35ma68fbb36[0m [36mrequest_id[0m=[35ma68fbb36-f69f-488b-9770-9297155f0f3e[0m [36mstatus[0m=[35m200[0m
[2m16:49:33[0m [[32m[1minfo     [0m] [1mGetting challenge status: id=a44a68b3-4b32-4183-8fb7-e3a2742cc1ea[0m [36mreq[0m=[35m4324cdf7[0m
[2m16:49:33[0m [[32m[1minfo     [0m] [1mrequest_finished                        [0m [36mduration[0m=[35m0.011[0m [36mmethod[0m=[35mGET[0m [36mpath[0m=[35m/api/v1/challenges/a44a68b3-4b32-4183-8fb7-e3a2742cc1ea[0m [36mreq[0m=[35m4324cdf7[0m [36mrequest_id[0m=[35m4324cdf7-c80a-4006-8f8d-973394c56004[0m [36mstatus[0m=[35m200[0m
[2m16:49:38[0m [[32m[1minfo     [0m] [1mGetting challenge status: id=a44a68b3-4b32-4183-8fb7-e3a2742cc1ea[0m [36mreq[0m=[35m941d0506[0m
[2m16:49:38[0m [[32m[1minfo     [0m] [1mrequest_finished                        [0m [36mduration[0m=[35m0.051[0m [36mmethod[0m=[35mGET[0m [36mpath[0m=[35m/api/v1/challenges/a44a68b3-4b32-4183-8fb7-e3a2742cc1ea[0m [36mreq[0m=[35m941d0506[0m [36mrequest_id[0m=[35m941d0506-0341-41c1-888b-0155d09791db[0m [36mstatus[0m=[35m200[0m
[2m16:49:43[0m [[32m[1minfo     [0m] [1mGetting challenge status: id=a44a68b3-4b32-4183-8fb7-e3a2742cc1ea[0m [36mreq[0m=[35me5e9cd5a[0m
[2m16:49:43[0m [[32m[1minfo     [0m] [1mrequest_finished                        [0m [36mduration[0m=[35m0.026[0m [36mmethod[0m=[35mGET[0m [36mpath[0m=[35m/api/v1/challenges/a44a68b3-4b32-4183-8fb7-e3a2742cc1ea[0m [36mreq[0m=[35me5e9cd5a[0m [36mrequest_id[0m=[35me5e9cd5a-0d9c-4a24-adbe-cad10637f462[0m [36mstatus[0m=[35m200[0m
[2m16:49:48[0m [[32m[1minfo     [0m] [1mGetting challenge status: id=a44a68b3-4b32-4183-8fb7-e3a2742cc1ea[0m [36mreq[0m=[35mdeab2a48[0m
[2m16:49:48[0m [[32m[1minfo     [0m] [1mrequest_finished                        [0m [36mduration[0m=[35m0.041[0m [36mmethod[0m=[35mGET[0m [36mpath[0m=[35m/api/v1/challenges/a44a68b3-4b32-4183-8fb7-e3a2742cc1ea[0m [36mreq[0m=[35mdeab2a48[0m [36mrequest_id[0m=[35mdeab2a48-b82c-4aff-855f-d8eb92175a8a[0m [36mstatus[0m=[35m200[0m
[2m16:49:53[0m [[32m[1minfo     [0m] [1mGetting challenge status: id=a44a68b3-4b32-4183-8fb7-e3a2742cc1ea[0m [36mreq[0m=[35mb8dcdbef[0m
[2m16:49:53[0m [[32m[1minfo     [0m] [1mrequest_finished                        [0m [36mduration[0m=[35m0.019[0m [36mmethod[0m=[35mGET[0m [36mpath[0m=[35m/api/v1/challenges/a44a68b3-4b32-4183-8fb7-e3a2742cc1ea[0m [36mreq[0m=[35mb8dcdbef[0m [36mrequest_id[0m=[35mb8dcdbef-64af-4988-bc4d-0f08ab250f3c[0m [36mstatus[0m=[35m200[0m
[2m16:49:58[0m [[32m[1minfo     [0m] [1mGetting challenge status: id=a44a68b3-4b32-4183-8fb7-e3a2742cc1ea[0m [36mreq[0m=[35mf8251eaa[0m
[2m16:49:58[0m [[32m[1minfo     [0m] [1mrequest_finished                        [0m [36mduration[0m=[35m0.055[0m [36mmethod[0m=[35mGET[0m [36mpath[0m=[35m/api/v1/challenges/a44a68b3-4b32-4183-8fb7-e3a2742cc1ea[0m [36mreq[0m=[35mf8251eaa[0m [36mrequest_id[0m=[35mf8251eaa-519e-420a-8b27-3670ae12abf2[0m [36mstatus[0m=[35m200[0m
[2m16:50:02[0m [[32m[1minfo     [0m] [1mPip packages installed successfully     [0m [36mreq[0m=[35m99a63461[0m
[2m16:50:03[0m [[32m[1minfo     [0m] [1mGetting challenge status: id=a44a68b3-4b32-4183-8fb7-e3a2742cc1ea[0m [36mreq[0m=[35m81902209[0m
[2m16:50:03[0m [[32m[1minfo     [0m] [1mrequest_finished                        [0m [36mduration[0m=[35m0.041[0m [36mmethod[0m=[35mGET[0m [36mpath[0m=[35m/api/v1/challenges/a44a68b3-4b32-4183-8fb7-e3a2742cc1ea[0m [36mreq[0m=[35m81902209[0m [36mrequest_id[0m=[35m81902209-2aff-404a-ab92-1b5c08367e8e[0m [36mstatus[0m=[35m200[0m
[2m16:50:08[0m [[32m[1minfo     [0m] [1mGetting challenge status: id=a44a68b3-4b32-4183-8fb7-e3a2742cc1ea[0m [36mreq[0m=[35m615aa4a7[0m
[2m16:50:08[0m [[32m[1minfo     [0m] [1mrequest_finished                        [0m [36mduration[0m=[35m0.048[0m [36mmethod[0m=[35mGET[0m [36mpath[0m=[35m/api/v1/challenges/a44a68b3-4b32-4183-8fb7-e3a2742cc1ea[0m [36mreq[0m=[35m615aa4a7[0m [36mrequest_id[0m=[35m615aa4a7-3de2-49d6-9ed6-4ee3d948f7a9[0m [36mstatus[0m=[35m200[0m
[2m16:50:13[0m [[32m[1minfo     [0m] [1mGetting challenge status: id=a44a68b3-4b32-4183-8fb7-e3a2742cc1ea[0m [36mreq[0m=[35mb85b79c6[0m
[2m16:50:13[0m [[32m[1minfo     [0m] [1mrequest_finished                        [0m [36mduration[0m=[35m0.066[0m [36mmethod[0m=[35mGET[0m [36mpath[0m=[35m/api/v1/challenges/a44a68b3-4b32-4183-8fb7-e3a2742cc1ea[0m [36mreq[0m=[35mb85b79c6[0m [36mrequest_id[0m=[35mb85b79c6-09a1-45c2-b221-179e5d582d20[0m [36mstatus[0m=[35m200[0m
[2m16:50:18[0m [[32m[1minfo     [0m] [1mGetting challenge status: id=a44a68b3-4b32-4183-8fb7-e3a2742cc1ea[0m [36mreq[0m=[35m78884082[0m
[2m16:50:18[0m [[32m[1minfo     [0m] [1mrequest_finished                        [0m [36mduration[0m=[35m0.068[0m [36mmethod[0m=[35mGET[0m [36mpath[0m=[35m/api/v1/challenges/a44a68b3-4b32-4183-8fb7-e3a2742cc1ea[0m [36mreq[0m=[35m78884082[0m [36mrequest_id[0m=[35m78884082-4e95-4ea2-af3a-fb82678ad652[0m [36mstatus[0m=[35m200[0m
[2m16:50:23[0m [[32m[1minfo     [0m] [1mGetting challenge status: id=a44a68b3-4b32-4183-8fb7-e3a2742cc1ea[0m [36mreq[0m=[35m5db578dc[0m
[2m16:50:23[0m [[32m[1minfo     [0m] [1mrequest_finished                        [0m [36mduration[0m=[35m0.129[0m [36mmethod[0m=[35mGET[0m [36mpath[0m=[35m/api/v1/challenges/a44a68b3-4b32-4183-8fb7-e3a2742cc1ea[0m [36mreq[0m=[35m5db578dc[0m [36mrequest_id[0m=[35m5db578dc-460d-44a6-bee8-867468b30678[0m [36mstatus[0m=[35m200[0m
[2m16:50:28[0m [[32m[1minfo     [0m] [1mGetting challenge status: id=a44a68b3-4b32-4183-8fb7-e3a2742cc1ea[0m [36mreq[0m=[35m9640226c[0m
[2m16:50:29[0m [[32m[1minfo     [0m] [1mrequest_finished                        [0m [36mduration[0m=[35m0.148[0m [36mmethod[0m=[35mGET[0m [36mpath[0m=[35m/api/v1/challenges/a44a68b3-4b32-4183-8fb7-e3a2742cc1ea[0m [36mreq[0m=[35m9640226c[0m [36mrequest_id[0m=[35m9640226c-fb04-4a4c-bf4b-41c9678067bb[0m [36mstatus[0m=[35m200[0m
[2m16:50:34[0m [[32m[1minfo     [0m] [1mGetting challenge status: id=a44a68b3-4b32-4183-8fb7-e3a2742cc1ea[0m [36mreq[0m=[35mcaa0133f[0m
[2m16:50:34[0m [[32m[1minfo     [0m] [1mrequest_finished                        [0m [36mduration[0m=[35m0.007[0m [36mmethod[0m=[35mGET[0m [36mpath[0m=[35m/api/v1/challenges/a44a68b3-4b32-4183-8fb7-e3a2742cc1ea[0m [36mreq[0m=[35mcaa0133f[0m [36mrequest_id[0m=[35mcaa0133f-740a-4188-840b-010b66855d78[0m [36mstatus[0m=[35m200[0m
[2m16:50:39[0m [[32m[1minfo     [0m] [1mGetting challenge status: id=a44a68b3-4b32-4183-8fb7-e3a2742cc1ea[0m [36mreq[0m=[35m7b85830e[0m
[2m16:50:39[0m [[32m[1minfo     [0m] [1mrequest_finished                        [0m [36mduration[0m=[35m0.026[0m [36mmethod[0m=[35mGET[0m [36mpath[0m=[35m/api/v1/challenges/a44a68b3-4b32-4183-8fb7-e3a2742cc1ea[0m [36mreq[0m=[35m7b85830e[0m [36mrequest_id[0m=[35m7b85830e-9cb0-48d2-890a-cdc5833d56cb[0m [36mstatus[0m=[35m200[0m
[2m16:50:44[0m [[32m[1minfo     [0m] [1mGetting challenge status: id=a44a68b3-4b32-4183-8fb7-e3a2742cc1ea[0m [36mreq[0m=[35m3451bb7a[0m
[2m16:50:44[0m [[32m[1minfo     [0m] [1mrequest_finished                        [0m [36mduration[0m=[35m0.038[0m [36mmethod[0m=[35mGET[0m [36mpath[0m=[35m/api/v1/challenges/a44a68b3-4b32-4183-8fb7-e3a2742cc1ea[0m [36mreq[0m=[35m3451bb7a[0m [36mrequest_id[0m=[35m3451bb7a-a962-42ff-a00e-58806ae51e02[0m [36mstatus[0m=[35m200[0m
[2m16:50:49[0m [[32m[1minfo     [0m] [1mGetting challenge status: id=a44a68b3-4b32-4183-8fb7-e3a2742cc1ea[0m [36mreq[0m=[35me5e7122d[0m
[2m16:50:49[0m [[32m[1minfo     [0m] [1mrequest_finished                        [0m [36mduration[0m=[35m0.07[0m [36mmethod[0m=[35mGET[0m [36mpath[0m=[35m/api/v1/challenges/a44a68b3-4b32-4183-8fb7-e3a2742cc1ea[0m [36mreq[0m=[35me5e7122d[0m [36mrequest_id[0m=[35me5e7122d-1e2a-40fb-8bff-f36bf9b61316[0m [36mstatus[0m=[35m200[0m
[2m16:50:54[0m [[32m[1minfo     [0m] [1mGetting challenge status: id=a44a68b3-4b32-4183-8fb7-e3a2742cc1ea[0m [36mreq[0m=[35mc4a75b13[0m
[2m16:50:54[0m [[32m[1minfo     [0m] [1mrequest_finished                        [0m [36mduration[0m=[35m0.053[0m [36mmethod[0m=[35mGET[0m [36mpath[0m=[35m/api/v1/challenges/a44a68b3-4b32-4183-8fb7-e3a2742cc1ea[0m [36mreq[0m=[35mc4a75b13[0m [36mrequest_id[0m=[35mc4a75b13-47a4-4aaa-a411-d09f2fb424f2[0m [36mstatus[0m=[35m200[0m
[2m16:50:59[0m [[32m[1minfo     [0m] [1mGetting challenge status: id=a44a68b3-4b32-4183-8fb7-e3a2742cc1ea[0m [36mreq[0m=[35m61d4f6ac[0m
[2m16:50:59[0m [[32m[1minfo     [0m] [1mrequest_finished                        [0m [36mduration[0m=[35m0.078[0m [36mmethod[0m=[35mGET[0m [36mpath[0m=[35m/api/v1/challenges/a44a68b3-4b32-4183-8fb7-e3a2742cc1ea[0m [36mreq[0m=[35m61d4f6ac[0m [36mrequest_id[0m=[35m61d4f6ac-2286-474e-9e85-633fc6a58beb[0m [36mstatus[0m=[35m200[0m
[2m16:51:04[0m [[32m[1minfo     [0m] [1mGetting challenge status: id=a44a68b3-4b32-4183-8fb7-e3a2742cc1ea[0m [36mreq[0m=[35m94f797f3[0m
[2m16:51:04[0m [[32m[1minfo     [0m] [1mrequest_finished                        [0m [36mduration[0m=[35m0.155[0m [36mmethod[0m=[35mGET[0m [36mpath[0m=[35m/api/v1/challenges/a44a68b3-4b32-4183-8fb7-e3a2742cc1ea[0m [36mreq[0m=[35m94f797f3[0m [36mrequest_id[0m=[35m94f797f3-1c73-4e31-8a43-e2f70772c942[0m [36mstatus[0m=[35m200[0m
[2m16:51:09[0m [[32m[1minfo     [0m] [1mGetting challenge status: id=a44a68b3-4b32-4183-8fb7-e3a2742cc1ea[0m [36mreq[0m=[35mbcf3eda4[0m
[2m16:51:09[0m [[32m[1minfo     [0m] [1mrequest_finished                        [0m [36mduration[0m=[35m0.005[0m [36mmethod[0m=[35mGET[0m [36mpath[0m=[35m/api/v1/challenges/a44a68b3-4b32-4183-8fb7-e3a2742cc1ea[0m [36mreq[0m=[35mbcf3eda4[0m [36mrequest_id[0m=[35mbcf3eda4-53db-4cdf-afde-65b8c4607a5c[0m [36mstatus[0m=[35m200[0m
[2m16:51:14[0m [[32m[1minfo     [0m] [1mGetting challenge status: id=a44a68b3-4b32-4183-8fb7-e3a2742cc1ea[0m [36mreq[0m=[35m63d0094d[0m
[2m16:51:14[0m [[32m[1minfo     [0m] [1mrequest_finished                        [0m [36mduration[0m=[35m0.067[0m [36mmethod[0m=[35mGET[0m [36mpath[0m=[35m/api/v1/challenges/a44a68b3-4b32-4183-8fb7-e3a2742cc1ea[0m [36mreq[0m=[35m63d0094d[0m [36mrequest_id[0m=[35m63d0094d-c657-4cdf-b6ff-40d00e2a68f7[0m [36mstatus[0m=[35m200[0m
[2m16:51:19[0m [[32m[1minfo     [0m] [1mGetting challenge status: id=a44a68b3-4b32-4183-8fb7-e3a2742cc1ea[0m [36mreq[0m=[35maeeb8be9[0m
[2m16:51:19[0m [[32m[1minfo     [0m] [1mrequest_finished                        [0m [36mduration[0m=[35m0.011[0m [36mmethod[0m=[35mGET[0m [36mpath[0m=[35m/api/v1/challenges/a44a68b3-4b32-4183-8fb7-e3a2742cc1ea[0m [36mreq[0m=[35maeeb8be9[0m [36mrequest_id[0m=[35maeeb8be9-c373-4cad-8a57-428a2d8427ba[0m [36mstatus[0m=[35m200[0m
[2m16:51:24[0m [[32m[1minfo     [0m] [1mGetting challenge status: id=a44a68b3-4b32-4183-8fb7-e3a2742cc1ea[0m [36mreq[0m=[35m53d1d165[0m
[2m16:51:24[0m [[32m[1minfo     [0m] [1mrequest_finished                        [0m [36mduration[0m=[35m0.065[0m [36mmethod[0m=[35mGET[0m [36mpath[0m=[35m/api/v1/challenges/a44a68b3-4b32-4183-8fb7-e3a2742cc1ea[0m [36mreq[0m=[35m53d1d165[0m [36mrequest_id[0m=[35m53d1d165-d012-4d16-bb60-fc24cf9bc967[0m [36mstatus[0m=[35m200[0m
[2m16:51:29[0m [[32m[1minfo     [0m] [1mGetting challenge status: id=a44a68b3-4b32-4183-8fb7-e3a2742cc1ea[0m [36mreq[0m=[35m68969f09[0m
[2m16:51:29[0m [[32m[1minfo     [0m] [1mrequest_finished                        [0m [36mduration[0m=[35m0.07[0m [36mmethod[0m=[35mGET[0m [36mpath[0m=[35m/api/v1/challenges/a44a68b3-4b32-4183-8fb7-e3a2742cc1ea[0m [36mreq[0m=[35m68969f09[0m [36mrequest_id[0m=[35m68969f09-697d-460f-996f-84227b4ed00a[0m [36mstatus[0m=[35m200[0m
[2m16:51:34[0m [[32m[1minfo     [0m] [1mGetting challenge status: id=a44a68b3-4b32-4183-8fb7-e3a2742cc1ea[0m [36mreq[0m=[35m6af27428[0m
[2m16:51:34[0m [[32m[1minfo     [0m] [1mrequest_finished                        [0m [36mduration[0m=[35m0.056[0m [36mmethod[0m=[35mGET[0m [36mpath[0m=[35m/api/v1/challenges/a44a68b3-4b32-4183-8fb7-e3a2742cc1ea[0m [36mreq[0m=[35m6af27428[0m [36mrequest_id[0m=[35m6af27428-23c8-46c8-bcd0-774e3f706bd1[0m [36mstatus[0m=[35m200[0m
[2m16:51:39[0m [[32m[1minfo     [0m] [1mGetting challenge status: id=a44a68b3-4b32-4183-8fb7-e3a2742cc1ea[0m [36mreq[0m=[35m81c25820[0m
[2m16:51:39[0m [[32m[1minfo     [0m] [1mrequest_finished                        [0m [36mduration[0m=[35m0.03[0m [36mmethod[0m=[35mGET[0m [36mpath[0m=[35m/api/v1/challenges/a44a68b3-4b32-4183-8fb7-e3a2742cc1ea[0m [36mreq[0m=[35m81c25820[0m [36mrequest_id[0m=[35m81c25820-08ae-43fe-9a32-fca69bbe4b76[0m [36mstatus[0m=[35m200[0m
[2m16:51:44[0m [[32m[1minfo     [0m] [1mGetting challenge status: id=a44a68b3-4b32-4183-8fb7-e3a2742cc1ea[0m [36mreq[0m=[35me1a85960[0m
[2m16:51:45[0m [[32m[1minfo     [0m] [1mrequest_finished                        [0m [36mduration[0m=[35m0.112[0m [36mmethod[0m=[35mGET[0m [36mpath[0m=[35m/api/v1/challenges/a44a68b3-4b32-4183-8fb7-e3a2742cc1ea[0m [36mreq[0m=[35me1a85960[0m [36mrequest_id[0m=[35me1a85960-bc82-4547-ae2d-fe76a8fea4d0[0m [36mstatus[0m=[35m200[0m
[2m16:51:50[0m [[32m[1minfo     [0m] [1mGetting challenge status: id=a44a68b3-4b32-4183-8fb7-e3a2742cc1ea[0m [36mreq[0m=[35m7aeec3c2[0m
[2m16:51:50[0m [[32m[1minfo     [0m] [1mrequest_finished                        [0m [36mduration[0m=[35m0.073[0m [36mmethod[0m=[35mGET[0m [36mpath[0m=[35m/api/v1/challenges/a44a68b3-4b32-4183-8fb7-e3a2742cc1ea[0m [36mreq[0m=[35m7aeec3c2[0m [36mrequest_id[0m=[35m7aeec3c2-4f99-4e45-a528-5391597136d2[0m [36mstatus[0m=[35m200[0m
[2m16:51:55[0m [[32m[1minfo     [0m] [1mGetting challenge status: id=a44a68b3-4b32-4183-8fb7-e3a2742cc1ea[0m [36mreq[0m=[35m0b0d530a[0m
[2m16:51:55[0m [[32m[1minfo     [0m] [1mrequest_finished                        [0m [36mduration[0m=[35m0.064[0m [36mmethod[0m=[35mGET[0m [36mpath[0m=[35m/api/v1/challenges/a44a68b3-4b32-4183-8fb7-e3a2742cc1ea[0m [36mreq[0m=[35m0b0d530a[0m [36mrequest_id[0m=[35m0b0d530a-0fdc-4d33-880f-bff6c842698c[0m [36mstatus[0m=[35m200[0m
[2m16:52:00[0m [[32m[1minfo     [0m] [1mGetting challenge status: id=a44a68b3-4b32-4183-8fb7-e3a2742cc1ea[0m [36mreq[0m=[35ma15ea8d8[0m
[2m16:52:00[0m [[32m[1minfo     [0m] [1mrequest_finished                        [0m [36mduration[0m=[35m0.067[0m [36mmethod[0m=[35mGET[0m [36mpath[0m=[35m/api/v1/challenges/a44a68b3-4b32-4183-8fb7-e3a2742cc1ea[0m [36mreq[0m=[35ma15ea8d8[0m [36mrequest_id[0m=[35ma15ea8d8-557e-4768-8c48-3580a18a8a18[0m [36mstatus[0m=[35m200[0m
[2m16:52:05[0m [[32m[1minfo     [0m] [1mGetting challenge status: id=a44a68b3-4b32-4183-8fb7-e3a2742cc1ea[0m [36mreq[0m=[35mc6a114cd[0m
[2m16:52:05[0m [[32m[1minfo     [0m] [1mrequest_finished                        [0m [36mduration[0m=[35m0.096[0m [36mmethod[0m=[35mGET[0m [36mpath[0m=[35m/api/v1/challenges/a44a68b3-4b32-4183-8fb7-e3a2742cc1ea[0m [36mreq[0m=[35mc6a114cd[0m [36mrequest_id[0m=[35mc6a114cd-3c32-4021-a511-4a00cf927bba[0m [36mstatus[0m=[35m200[0m
[2m16:52:10[0m [[32m[1minfo     [0m] [1mGetting challenge status: id=a44a68b3-4b32-4183-8fb7-e3a2742cc1ea[0m [36mreq[0m=[35m80b9062f[0m
[2m16:52:10[0m [[32m[1minfo     [0m] [1mrequest_finished                        [0m [36mduration[0m=[35m0.007[0m [36mmethod[0m=[35mGET[0m [36mpath[0m=[35m/api/v1/challenges/a44a68b3-4b32-4183-8fb7-e3a2742cc1ea[0m [36mreq[0m=[35m80b9062f[0m [36mrequest_id[0m=[35m80b9062f-a2ec-4315-be85-9176c9abb962[0m [36mstatus[0m=[35m200[0m
[2m16:52:15[0m [[32m[1minfo     [0m] [1mGetting challenge status: id=a44a68b3-4b32-4183-8fb7-e3a2742cc1ea[0m [36mreq[0m=[35m79985c16[0m
[2m16:52:15[0m [[32m[1minfo     [0m] [1mrequest_finished                        [0m [36mduration[0m=[35m0.055[0m [36mmethod[0m=[35mGET[0m [36mpath[0m=[35m/api/v1/challenges/a44a68b3-4b32-4183-8fb7-e3a2742cc1ea[0m [36mreq[0m=[35m79985c16[0m [36mrequest_id[0m=[35m79985c16-3e29-49f1-a9f7-99ab5256c81c[0m [36mstatus[0m=[35m200[0m
[2m16:52:20[0m [[32m[1minfo     [0m] [1mGetting challenge status: id=a44a68b3-4b32-4183-8fb7-e3a2742cc1ea[0m [36mreq[0m=[35m65f513ed[0m
[2m16:52:20[0m [[32m[1minfo     [0m] [1mrequest_finished                        [0m [36mduration[0m=[35m0.005[0m [36mmethod[0m=[35mGET[0m [36mpath[0m=[35m/api/v1/challenges/a44a68b3-4b32-4183-8fb7-e3a2742cc1ea[0m [36mreq[0m=[35m65f513ed[0m [36mrequest_id[0m=[35m65f513ed-d598-4aaf-8c31-ee83d637ca82[0m [36mstatus[0m=[35m200[0m
[2m16:52:25[0m [[32m[1minfo     [0m] [1mGetting challenge status: id=a44a68b3-4b32-4183-8fb7-e3a2742cc1ea[0m [36mreq[0m=[35m029bde61[0m
[2m16:52:25[0m [[32m[1minfo     [0m] [1mrequest_finished                        [0m [36mduration[0m=[35m0.058[0m [36mmethod[0m=[35mGET[0m [36mpath[0m=[35m/api/v1/challenges/a44a68b3-4b32-4183-8fb7-e3a2742cc1ea[0m [36mreq[0m=[35m029bde61[0m [36mrequest_id[0m=[35m029bde61-94d9-400f-a1be-cbb87e09caf3[0m [36mstatus[0m=[35m200[0m
[2m16:52:30[0m [[32m[1minfo     [0m] [1mGetting challenge status: id=a44a68b3-4b32-4183-8fb7-e3a2742cc1ea[0m [36mreq[0m=[35mbc327ccb[0m
[2m16:52:30[0m [[32m[1minfo     [0m] [1mrequest_finished                        [0m [36mduration[0m=[35m0.112[0m [36mmethod[0m=[35mGET[0m [36mpath[0m=[35m/api/v1/challenges/a44a68b3-4b32-4183-8fb7-e3a2742cc1ea[0m [36mreq[0m=[35mbc327ccb[0m [36mrequest_id[0m=[35mbc327ccb-8e52-4c65-bfe9-df51d6dd74f9[0m [36mstatus[0m=[35m200[0m
[2m16:52:35[0m [[32m[1minfo     [0m] [1mGetting challenge status: id=a44a68b3-4b32-4183-8fb7-e3a2742cc1ea[0m [36mreq[0m=[35mf6d38bb1[0m
[2m16:52:35[0m [[32m[1minfo     [0m] [1mrequest_finished                        [0m [36mduration[0m=[35m0.007[0m [36mmethod[0m=[35mGET[0m [36mpath[0m=[35m/api/v1/challenges/a44a68b3-4b32-4183-8fb7-e3a2742cc1ea[0m [36mreq[0m=[35mf6d38bb1[0m [36mrequest_id[0m=[35mf6d38bb1-2e5d-4e67-86e8-67ad7ab2228f[0m [36mstatus[0m=[35m200[0m
[2m16:52:40[0m [[32m[1minfo     [0m] [1mGetting challenge status: id=a44a68b3-4b32-4183-8fb7-e3a2742cc1ea[0m [36mreq[0m=[35m8b33cb1a[0m
[2m16:52:40[0m [[32m[1minfo     [0m] [1mrequest_finished                        [0m [36mduration[0m=[35m0.076[0m [36mmethod[0m=[35mGET[0m [36mpath[0m=[35m/api/v1/challenges/a44a68b3-4b32-4183-8fb7-e3a2742cc1ea[0m [36mreq[0m=[35m8b33cb1a[0m [36mrequest_id[0m=[35m8b33cb1a-5e6c-41e2-80c6-0ebf50cab4aa[0m [36mstatus[0m=[35m200[0m
[2m16:52:45[0m [[32m[1minfo     [0m] [1mGetting challenge status: id=a44a68b3-4b32-4183-8fb7-e3a2742cc1ea[0m [36mreq[0m=[35m26b6e69c[0m
[2m16:52:45[0m [[32m[1minfo     [0m] [1mrequest_finished                        [0m [36mduration[0m=[35m0.072[0m [36mmethod[0m=[35mGET[0m [36mpath[0m=[35m/api/v1/challenges/a44a68b3-4b32-4183-8fb7-e3a2742cc1ea[0m [36mreq[0m=[35m26b6e69c[0m [36mrequest_id[0m=[35m26b6e69c-24ca-4e46-aea7-b6e6188b10f7[0m [36mstatus[0m=[35m200[0m
[2m16:52:50[0m [[32m[1minfo     [0m] [1mGetting challenge status: id=a44a68b3-4b32-4183-8fb7-e3a2742cc1ea[0m [36mreq[0m=[35m9960a4af[0m
[2m16:52:51[0m [[32m[1minfo     [0m] [1mrequest_finished                        [0m [36mduration[0m=[35m0.111[0m [36mmethod[0m=[35mGET[0m [36mpath[0m=[35m/api/v1/challenges/a44a68b3-4b32-4183-8fb7-e3a2742cc1ea[0m [36mreq[0m=[35m9960a4af[0m [36mrequest_id[0m=[35m9960a4af-cf4f-4520-a729-4a160a69a68d[0m [36mstatus[0m=[35m200[0m
[2m16:52:56[0m [[32m[1minfo     [0m] [1mGetting challenge status: id=a44a68b3-4b32-4183-8fb7-e3a2742cc1ea[0m [36mreq[0m=[35mf0b415e8[0m
[2m16:52:56[0m [[32m[1minfo     [0m] [1mrequest_finished                        [0m [36mduration[0m=[35m0.04[0m [36mmethod[0m=[35mGET[0m [36mpath[0m=[35m/api/v1/challenges/a44a68b3-4b32-4183-8fb7-e3a2742cc1ea[0m [36mreq[0m=[35mf0b415e8[0m [36mrequest_id[0m=[35mf0b415e8-c022-46e6-a512-097d1dd9f818[0m [36mstatus[0m=[35m200[0m
[2m16:53:01[0m [[32m[1minfo     [0m] [1mGetting challenge status: id=a44a68b3-4b32-4183-8fb7-e3a2742cc1ea[0m [36mreq[0m=[35mdbdf0886[0m
[2m16:53:01[0m [[32m[1minfo     [0m] [1mrequest_finished                        [0m [36mduration[0m=[35m0.061[0m [36mmethod[0m=[35mGET[0m [36mpath[0m=[35m/api/v1/challenges/a44a68b3-4b32-4183-8fb7-e3a2742cc1ea[0m [36mreq[0m=[35mdbdf0886[0m [36mrequest_id[0m=[35mdbdf0886-b7cb-42bc-af2f-9b685be70042[0m [36mstatus[0m=[35m200[0m
[2m16:53:06[0m [[32m[1minfo     [0m] [1mGetting challenge status: id=a44a68b3-4b32-4183-8fb7-e3a2742cc1ea[0m [36mreq[0m=[35mc8802aa8[0m
[2m16:53:06[0m [[32m[1minfo     [0m] [1mrequest_finished                        [0m [36mduration[0m=[35m0.112[0m [36mmethod[0m=[35mGET[0m [36mpath[0m=[35m/api/v1/challenges/a44a68b3-4b32-4183-8fb7-e3a2742cc1ea[0m [36mreq[0m=[35mc8802aa8[0m [36mrequest_id[0m=[35mc8802aa8-1611-4d2a-9827-73b61bf4c634[0m [36mstatus[0m=[35m200[0m
[2m16:53:11[0m [[32m[1minfo     [0m] [1mGetting challenge status: id=a44a68b3-4b32-4183-8fb7-e3a2742cc1ea[0m [36mreq[0m=[35md19e9f30[0m
[2m16:53:11[0m [[32m[1minfo     [0m] [1mrequest_finished                        [0m [36mduration[0m=[35m0.009[0m [36mmethod[0m=[35mGET[0m [36mpath[0m=[35m/api/v1/challenges/a44a68b3-4b32-4183-8fb7-e3a2742cc1ea[0m [36mreq[0m=[35md19e9f30[0m [36mrequest_id[0m=[35md19e9f30-8dad-4f87-869f-02a3e1358cc4[0m [36mstatus[0m=[35m200[0m
[2m16:53:16[0m [[32m[1minfo     [0m] [1mGetting challenge status: id=a44a68b3-4b32-4183-8fb7-e3a2742cc1ea[0m [36mreq[0m=[35mb5f22c70[0m
[2m16:53:16[0m [[32m[1minfo     [0m] [1mrequest_finished                        [0m [36mduration[0m=[35m0.039[0m [36mmethod[0m=[35mGET[0m [36mpath[0m=[35m/api/v1/challenges/a44a68b3-4b32-4183-8fb7-e3a2742cc1ea[0m [36mreq[0m=[35mb5f22c70[0m [36mrequest_id[0m=[35mb5f22c70-e7f1-45fc-8283-9e470c63f5f7[0m [36mstatus[0m=[35m200[0m
[2m16:53:21[0m [[32m[1minfo     [0m] [1mGetting challenge status: id=a44a68b3-4b32-4183-8fb7-e3a2742cc1ea[0m [36mreq[0m=[35m1b6e0be7[0m
[2m16:53:21[0m [[32m[1minfo     [0m] [1mrequest_finished                        [0m [36mduration[0m=[35m0.005[0m [36mmethod[0m=[35mGET[0m [36mpath[0m=[35m/api/v1/challenges/a44a68b3-4b32-4183-8fb7-e3a2742cc1ea[0m [36mreq[0m=[35m1b6e0be7[0m [36mrequest_id[0m=[35m1b6e0be7-a4f0-4929-a155-8cf22e9db7c5[0m [36mstatus[0m=[35m200[0m
[2m16:53:26[0m [[32m[1minfo     [0m] [1mGetting challenge status: id=a44a68b3-4b32-4183-8fb7-e3a2742cc1ea[0m [36mreq[0m=[35meec941d0[0m
[2m16:53:26[0m [[32m[1minfo     [0m] [1mrequest_finished                        [0m [36mduration[0m=[35m0.084[0m [36mmethod[0m=[35mGET[0m [36mpath[0m=[35m/api/v1/challenges/a44a68b3-4b32-4183-8fb7-e3a2742cc1ea[0m [36mreq[0m=[35meec941d0[0m [36mrequest_id[0m=[35meec941d0-90d0-49c3-b733-35d0eedbb655[0m [36mstatus[0m=[35m200[0m
[2m16:53:31[0m [[32m[1minfo     [0m] [1mGetting challenge status: id=a44a68b3-4b32-4183-8fb7-e3a2742cc1ea[0m [36mreq[0m=[35mccfbec45[0m
[2m16:53:31[0m [[32m[1minfo     [0m] [1mrequest_finished                        [0m [36mduration[0m=[35m0.068[0m [36mmethod[0m=[35mGET[0m [36mpath[0m=[35m/api/v1/challenges/a44a68b3-4b32-4183-8fb7-e3a2742cc1ea[0m [36mreq[0m=[35mccfbec45[0m [36mrequest_id[0m=[35mccfbec45-c7dc-4863-83af-54afa59b124c[0m [36mstatus[0m=[35m200[0m
[2m16:53:36[0m [[32m[1minfo     [0m] [1mGetting challenge status: id=a44a68b3-4b32-4183-8fb7-e3a2742cc1ea[0m [36mreq[0m=[35mac982303[0m
[2m16:53:36[0m [[32m[1minfo     [0m] [1mrequest_finished                        [0m [36mduration[0m=[35m0.09[0m [36mmethod[0m=[35mGET[0m [36mpath[0m=[35m/api/v1/challenges/a44a68b3-4b32-4183-8fb7-e3a2742cc1ea[0m [36mreq[0m=[35mac982303[0m [36mrequest_id[0m=[35mac982303-cdca-4cee-837d-0dbbd60df59f[0m [36mstatus[0m=[35m200[0m
[2m16:53:41[0m [[32m[1minfo     [0m] [1mGetting challenge status: id=a44a68b3-4b32-4183-8fb7-e3a2742cc1ea[0m [36mreq[0m=[35md0faea38[0m
[2m16:53:41[0m [[32m[1minfo     [0m] [1mrequest_finished                        [0m [36mduration[0m=[35m0.093[0m [36mmethod[0m=[35mGET[0m [36mpath[0m=[35m/api/v1/challenges/a44a68b3-4b32-4183-8fb7-e3a2742cc1ea[0m [36mreq[0m=[35md0faea38[0m [36mrequest_id[0m=[35md0faea38-4fa4-4532-aa84-ff3c94b89753[0m [36mstatus[0m=[35m200[0m
[2m16:53:46[0m [[32m[1minfo     [0m] [1mGetting challenge status: id=a44a68b3-4b32-4183-8fb7-e3a2742cc1ea[0m [36mreq[0m=[35m3c609c81[0m
[2m16:53:46[0m [[32m[1minfo     [0m] [1mrequest_finished                        [0m [36mduration[0m=[35m0.057[0m [36mmethod[0m=[35mGET[0m [36mpath[0m=[35m/api/v1/challenges/a44a68b3-4b32-4183-8fb7-e3a2742cc1ea[0m [36mreq[0m=[35m3c609c81[0m [36mrequest_id[0m=[35m3c609c81-6827-4355-b1c6-ccc488319784[0m [36mstatus[0m=[35m200[0m
[2m16:53:51[0m [[32m[1minfo     [0m] [1mGetting challenge status: id=a44a68b3-4b32-4183-8fb7-e3a2742cc1ea[0m [36mreq[0m=[35m0a02a7bd[0m
[2m16:53:51[0m [[32m[1minfo     [0m] [1mrequest_finished                        [0m [36mduration[0m=[35m0.068[0m [36mmethod[0m=[35mGET[0m [36mpath[0m=[35m/api/v1/challenges/a44a68b3-4b32-4183-8fb7-e3a2742cc1ea[0m [36mreq[0m=[35m0a02a7bd[0m [36mrequest_id[0m=[35m0a02a7bd-7f96-4258-8821-1ff1795ff929[0m [36mstatus[0m=[35m200[0m
[2m16:53:56[0m [[32m[1minfo     [0m] [1mGetting challenge status: id=a44a68b3-4b32-4183-8fb7-e3a2742cc1ea[0m [36mreq[0m=[35m1d22c17f[0m
[2m16:53:56[0m [[32m[1minfo     [0m] [1mrequest_finished                        [0m [36mduration[0m=[35m0.062[0m [36mmethod[0m=[35mGET[0m [36mpath[0m=[35m/api/v1/challenges/a44a68b3-4b32-4183-8fb7-e3a2742cc1ea[0m [36mreq[0m=[35m1d22c17f[0m [36mrequest_id[0m=[35m1d22c17f-5219-4827-9c4b-59a10e1364bf[0m [36mstatus[0m=[35m200[0m
[2m16:54:01[0m [[32m[1minfo     [0m] [1mGetting challenge status: id=a44a68b3-4b32-4183-8fb7-e3a2742cc1ea[0m [36mreq[0m=[35mb56d4cf8[0m
[2m16:54:01[0m [[32m[1minfo     [0m] [1mrequest_finished                        [0m [36mduration[0m=[35m0.007[0m [36mmethod[0m=[35mGET[0m [36mpath[0m=[35m/api/v1/challenges/a44a68b3-4b32-4183-8fb7-e3a2742cc1ea[0m [36mreq[0m=[35mb56d4cf8[0m [36mrequest_id[0m=[35mb56d4cf8-16d5-44b7-802f-4171c3fbac67[0m [36mstatus[0m=[35m200[0m
[2m16:54:07[0m [[32m[1minfo     [0m] [1mGetting challenge status: id=a44a68b3-4b32-4183-8fb7-e3a2742cc1ea[0m [36mreq[0m=[35m7b7be20a[0m
[2m16:54:07[0m [[32m[1minfo     [0m] [1mrequest_finished                        [0m [36mduration[0m=[35m0.082[0m [36mmethod[0m=[35mGET[0m [36mpath[0m=[35m/api/v1/challenges/a44a68b3-4b32-4183-8fb7-e3a2742cc1ea[0m [36mreq[0m=[35m7b7be20a[0m [36mrequest_id[0m=[35m7b7be20a-1a6f-4a77-804e-8b867a0853cc[0m [36mstatus[0m=[35m200[0m
[2m16:54:12[0m [[32m[1minfo     [0m] [1mGetting challenge status: id=a44a68b3-4b32-4183-8fb7-e3a2742cc1ea[0m [36mreq[0m=[35me5543265[0m
[2m16:54:12[0m [[32m[1minfo     [0m] [1mrequest_finished                        [0m [36mduration[0m=[35m0.122[0m [36mmethod[0m=[35mGET[0m [36mpath[0m=[35m/api/v1/challenges/a44a68b3-4b32-4183-8fb7-e3a2742cc1ea[0m [36mreq[0m=[35me5543265[0m [36mrequest_id[0m=[35me5543265-04a1-42a0-bb8d-87a7f5767221[0m [36mstatus[0m=[35m200[0m
[2m16:54:17[0m [[32m[1minfo     [0m] [1mGetting challenge status: id=a44a68b3-4b32-4183-8fb7-e3a2742cc1ea[0m [36mreq[0m=[35ma7e27ec1[0m
[2m16:54:17[0m [[32m[1minfo     [0m] [1mrequest_finished                        [0m [36mduration[0m=[35m0.076[0m [36mmethod[0m=[35mGET[0m [36mpath[0m=[35m/api/v1/challenges/a44a68b3-4b32-4183-8fb7-e3a2742cc1ea[0m [36mreq[0m=[35ma7e27ec1[0m [36mrequest_id[0m=[35ma7e27ec1-d176-40b1-9fed-4de42a38c178[0m [36mstatus[0m=[35m200[0m
[2m16:54:22[0m [[32m[1minfo     [0m] [1mGetting challenge status: id=a44a68b3-4b32-4183-8fb7-e3a2742cc1ea[0m [36mreq[0m=[35m3aae88a3[0m
[2m16:54:22[0m [[32m[1minfo     [0m] [1mrequest_finished                        [0m [36mduration[0m=[35m0.092[0m [36mmethod[0m=[35mGET[0m [36mpath[0m=[35m/api/v1/challenges/a44a68b3-4b32-4183-8fb7-e3a2742cc1ea[0m [36mreq[0m=[35m3aae88a3[0m [36mrequest_id[0m=[35m3aae88a3-b9de-43c2-a547-65d7174be65a[0m [36mstatus[0m=[35m200[0m
[2m16:54:27[0m [[32m[1minfo     [0m] [1mGetting challenge status: id=a44a68b3-4b32-4183-8fb7-e3a2742cc1ea[0m [36mreq[0m=[35m2e7e3262[0m
[2m16:54:27[0m [[32m[1minfo     [0m] [1mrequest_finished                        [0m [36mduration[0m=[35m0.009[0m [36mmethod[0m=[35mGET[0m [36mpath[0m=[35m/api/v1/challenges/a44a68b3-4b32-4183-8fb7-e3a2742cc1ea[0m [36mreq[0m=[35m2e7e3262[0m [36mrequest_id[0m=[35m2e7e3262-2a5e-487b-9643-504273ceb9de[0m [36mstatus[0m=[35m200[0m
[2m16:54:32[0m [[32m[1minfo     [0m] [1mGetting challenge status: id=a44a68b3-4b32-4183-8fb7-e3a2742cc1ea[0m [36mreq[0m=[35mcde25077[0m
[2m16:54:32[0m [[32m[1minfo     [0m] [1mrequest_finished                        [0m [36mduration[0m=[35m0.006[0m [36mmethod[0m=[35mGET[0m [36mpath[0m=[35m/api/v1/challenges/a44a68b3-4b32-4183-8fb7-e3a2742cc1ea[0m [36mreq[0m=[35mcde25077[0m [36mrequest_id[0m=[35mcde25077-e47a-4821-9844-e433fb2b8c4c[0m [36mstatus[0m=[35m200[0m
[2m16:54:37[0m [[32m[1minfo     [0m] [1mGetting challenge status: id=a44a68b3-4b32-4183-8fb7-e3a2742cc1ea[0m [36mreq[0m=[35mf1a12630[0m
[2m16:54:37[0m [[32m[1minfo     [0m] [1mrequest_finished                        [0m [36mduration[0m=[35m0.048[0m [36mmethod[0m=[35mGET[0m [36mpath[0m=[35m/api/v1/challenges/a44a68b3-4b32-4183-8fb7-e3a2742cc1ea[0m [36mreq[0m=[35mf1a12630[0m [36mrequest_id[0m=[35mf1a12630-44b5-4146-b6c3-d22db9490a39[0m [36mstatus[0m=[35m200[0m
[2m16:54:42[0m [[32m[1minfo     [0m] [1mGetting challenge status: id=a44a68b3-4b32-4183-8fb7-e3a2742cc1ea[0m [36mreq[0m=[35me551ae1d[0m
[2m16:54:42[0m [[32m[1minfo     [0m] [1mrequest_finished                        [0m [36mduration[0m=[35m0.097[0m [36mmethod[0m=[35mGET[0m [36mpath[0m=[35m/api/v1/challenges/a44a68b3-4b32-4183-8fb7-e3a2742cc1ea[0m [36mreq[0m=[35me551ae1d[0m [36mrequest_id[0m=[35me551ae1d-2984-4bdf-933d-04aa6cccdf7b[0m [36mstatus[0m=[35m200[0m
[2m16:54:47[0m [[32m[1minfo     [0m] [1mGetting challenge status: id=a44a68b3-4b32-4183-8fb7-e3a2742cc1ea[0m [36mreq[0m=[35m802e5b07[0m
[2m16:54:47[0m [[32m[1minfo     [0m] [1mrequest_finished                        [0m [36mduration[0m=[35m0.113[0m [36mmethod[0m=[35mGET[0m [36mpath[0m=[35m/api/v1/challenges/a44a68b3-4b32-4183-8fb7-e3a2742cc1ea[0m [36mreq[0m=[35m802e5b07[0m [36mrequest_id[0m=[35m802e5b07-31a2-4f83-a02d-1117d41e30bb[0m [36mstatus[0m=[35m200[0m
[2m16:54:52[0m [[32m[1minfo     [0m] [1mGetting challenge status: id=a44a68b3-4b32-4183-8fb7-e3a2742cc1ea[0m [36mreq[0m=[35m59e51d1f[0m
[2m16:54:52[0m [[32m[1minfo     [0m] [1mrequest_finished                        [0m [36mduration[0m=[35m0.075[0m [36mmethod[0m=[35mGET[0m [36mpath[0m=[35m/api/v1/challenges/a44a68b3-4b32-4183-8fb7-e3a2742cc1ea[0m [36mreq[0m=[35m59e51d1f[0m [36mrequest_id[0m=[35m59e51d1f-e445-4cb0-9368-91f89746418e[0m [36mstatus[0m=[35m200[0m
[2m16:54:57[0m [[32m[1minfo     [0m] [1mGetting challenge status: id=a44a68b3-4b32-4183-8fb7-e3a2742cc1ea[0m [36mreq[0m=[35m491175ff[0m
[2m16:54:57[0m [[32m[1minfo     [0m] [1mrequest_finished                        [0m [36mduration[0m=[35m0.102[0m [36mmethod[0m=[35mGET[0m [36mpath[0m=[35m/api/v1/challenges/a44a68b3-4b32-4183-8fb7-e3a2742cc1ea[0m [36mreq[0m=[35m491175ff[0m [36mrequest_id[0m=[35m491175ff-fa93-41cf-aa78-be91856d51f3[0m [36mstatus[0m=[35m200[0m
[2m16:55:03[0m [[32m[1minfo     [0m] [1mGetting challenge status: id=a44a68b3-4b32-4183-8fb7-e3a2742cc1ea[0m [36mreq[0m=[35me0f4c435[0m
[2m16:55:03[0m [[32m[1minfo     [0m] [1mrequest_finished                        [0m [36mduration[0m=[35m0.066[0m [36mmethod[0m=[35mGET[0m [36mpath[0m=[35m/api/v1/challenges/a44a68b3-4b32-4183-8fb7-e3a2742cc1ea[0m [36mreq[0m=[35me0f4c435[0m [36mrequest_id[0m=[35me0f4c435-a836-45b4-bc0e-4a7befd7d77f[0m [36mstatus[0m=[35m200[0m
[2m16:55:08[0m [[32m[1minfo     [0m] [1mGetting challenge status: id=a44a68b3-4b32-4183-8fb7-e3a2742cc1ea[0m [36mreq[0m=[35m5ff49c7e[0m
[2m16:55:08[0m [[32m[1minfo     [0m] [1mrequest_finished                        [0m [36mduration[0m=[35m0.097[0m [36mmethod[0m=[35mGET[0m [36mpath[0m=[35m/api/v1/challenges/a44a68b3-4b32-4183-8fb7-e3a2742cc1ea[0m [36mreq[0m=[35m5ff49c7e[0m [36mrequest_id[0m=[35m5ff49c7e-3eaa-4457-a3a9-6d1ffbf2fb88[0m [36mstatus[0m=[35m200[0m
[2m16:55:13[0m [[32m[1minfo     [0m] [1mGetting challenge status: id=a44a68b3-4b32-4183-8fb7-e3a2742cc1ea[0m [36mreq[0m=[35mdbae50fd[0m
[2m16:55:13[0m [[32m[1minfo     [0m] [1mrequest_finished                        [0m [36mduration[0m=[35m0.074[0m [36mmethod[0m=[35mGET[0m [36mpath[0m=[35m/api/v1/challenges/a44a68b3-4b32-4183-8fb7-e3a2742cc1ea[0m [36mreq[0m=[35mdbae50fd[0m [36mrequest_id[0m=[35mdbae50fd-0312-48fc-981b-aa505cafba1d[0m [36mstatus[0m=[35m200[0m
[2m16:55:18[0m [[32m[1minfo     [0m] [1mGetting challenge status: id=a44a68b3-4b32-4183-8fb7-e3a2742cc1ea[0m [36mreq[0m=[35m1a3f1b60[0m
[2m16:55:18[0m [[32m[1minfo     [0m] [1mrequest_finished                        [0m [36mduration[0m=[35m0.134[0m [36mmethod[0m=[35mGET[0m [36mpath[0m=[35m/api/v1/challenges/a44a68b3-4b32-4183-8fb7-e3a2742cc1ea[0m [36mreq[0m=[35m1a3f1b60[0m [36mrequest_id[0m=[35m1a3f1b60-8894-4818-b6ac-a5854e42bba0[0m [36mstatus[0m=[35m200[0m
[2m16:55:23[0m [[32m[1minfo     [0m] [1mGetting challenge status: id=a44a68b3-4b32-4183-8fb7-e3a2742cc1ea[0m [36mreq[0m=[35ma4074fd8[0m
[2m16:55:23[0m [[32m[1minfo     [0m] [1mrequest_finished                        [0m [36mduration[0m=[35m0.103[0m [36mmethod[0m=[35mGET[0m [36mpath[0m=[35m/api/v1/challenges/a44a68b3-4b32-4183-8fb7-e3a2742cc1ea[0m [36mreq[0m=[35ma4074fd8[0m [36mrequest_id[0m=[35ma4074fd8-48f5-4775-9615-dd13a5aa903c[0m [36mstatus[0m=[35m200[0m
[2m16:55:28[0m [[32m[1minfo     [0m] [1mGetting challenge status: id=a44a68b3-4b32-4183-8fb7-e3a2742cc1ea[0m [36mreq[0m=[35m836693d5[0m
[2m16:55:28[0m [[32m[1minfo     [0m] [1mrequest_finished                        [0m [36mduration[0m=[35m0.072[0m [36mmethod[0m=[35mGET[0m [36mpath[0m=[35m/api/v1/challenges/a44a68b3-4b32-4183-8fb7-e3a2742cc1ea[0m [36mreq[0m=[35m836693d5[0m [36mrequest_id[0m=[35m836693d5-5147-4314-a3d0-8acefab5cf2a[0m [36mstatus[0m=[35m200[0m
[2m16:55:33[0m [[32m[1minfo     [0m] [1mGetting challenge status: id=a44a68b3-4b32-4183-8fb7-e3a2742cc1ea[0m [36mreq[0m=[35m16e1b0b1[0m
[2m16:55:33[0m [[32m[1minfo     [0m] [1mrequest_finished                        [0m [36mduration[0m=[35m0.066[0m [36mmethod[0m=[35mGET[0m [36mpath[0m=[35m/api/v1/challenges/a44a68b3-4b32-4183-8fb7-e3a2742cc1ea[0m [36mreq[0m=[35m16e1b0b1[0m [36mrequest_id[0m=[35m16e1b0b1-527a-42d4-b1bf-370833c8ad1d[0m [36mstatus[0m=[35m200[0m
[2m16:55:38[0m [[32m[1minfo     [0m] [1mGetting challenge status: id=a44a68b3-4b32-4183-8fb7-e3a2742cc1ea[0m [36mreq[0m=[35m797c7629[0m
[2m16:55:38[0m [[32m[1minfo     [0m] [1mrequest_finished                        [0m [36mduration[0m=[35m0.053[0m [36mmethod[0m=[35mGET[0m [36mpath[0m=[35m/api/v1/challenges/a44a68b3-4b32-4183-8fb7-e3a2742cc1ea[0m [36mreq[0m=[35m797c7629[0m [36mrequest_id[0m=[35m797c7629-f366-4623-a696-d466c7fe3a5b[0m [36mstatus[0m=[35m200[0m
[2m16:55:43[0m [[32m[1minfo     [0m] [1mGetting challenge status: id=a44a68b3-4b32-4183-8fb7-e3a2742cc1ea[0m [36mreq[0m=[35m2d73c7cf[0m
[2m16:55:43[0m [[32m[1minfo     [0m] [1mrequest_finished                        [0m [36mduration[0m=[35m0.058[0m [36mmethod[0m=[35mGET[0m [36mpath[0m=[35m/api/v1/challenges/a44a68b3-4b32-4183-8fb7-e3a2742cc1ea[0m [36mreq[0m=[35m2d73c7cf[0m [36mrequest_id[0m=[35m2d73c7cf-8760-4e5c-990e-4f1178226ded[0m [36mstatus[0m=[35m200[0m
[2m16:55:48[0m [[32m[1minfo     [0m] [1mGetting challenge status: id=a44a68b3-4b32-4183-8fb7-e3a2742cc1ea[0m [36mreq[0m=[35m1b0eb895[0m
[2m16:55:48[0m [[32m[1minfo     [0m] [1mrequest_finished                        [0m [36mduration[0m=[35m0.054[0m [36mmethod[0m=[35mGET[0m [36mpath[0m=[35m/api/v1/challenges/a44a68b3-4b32-4183-8fb7-e3a2742cc1ea[0m [36mreq[0m=[35m1b0eb895[0m [36mrequest_id[0m=[35m1b0eb895-648f-4ea3-900e-58ad21efa27c[0m [36mstatus[0m=[35m200[0m
[2m16:55:53[0m [[32m[1minfo     [0m] [1mGetting challenge status: id=a44a68b3-4b32-4183-8fb7-e3a2742cc1ea[0m [36mreq[0m=[35mfcc0f4c4[0m
[2m16:55:53[0m [[32m[1minfo     [0m] [1mrequest_finished                        [0m [36mduration[0m=[35m0.078[0m [36mmethod[0m=[35mGET[0m [36mpath[0m=[35m/api/v1/challenges/a44a68b3-4b32-4183-8fb7-e3a2742cc1ea[0m [36mreq[0m=[35mfcc0f4c4[0m [36mrequest_id[0m=[35mfcc0f4c4-67c4-4147-a0a8-4da8a6415e03[0m [36mstatus[0m=[35m200[0m
[2m16:55:58[0m [[32m[1minfo     [0m] [1mGetting challenge status: id=a44a68b3-4b32-4183-8fb7-e3a2742cc1ea[0m [36mreq[0m=[35mf3c8b672[0m
[2m16:55:59[0m [[32m[1minfo     [0m] [1mrequest_finished                        [0m [36mduration[0m=[35m0.064[0m [36mmethod[0m=[35mGET[0m [36mpath[0m=[35m/api/v1/challenges/a44a68b3-4b32-4183-8fb7-e3a2742cc1ea[0m [36mreq[0m=[35mf3c8b672[0m [36mrequest_id[0m=[35mf3c8b672-929b-4c64-8eb6-02f90494f4b8[0m [36mstatus[0m=[35m200[0m
[2m16:56:04[0m [[32m[1minfo     [0m] [1mGetting challenge status: id=a44a68b3-4b32-4183-8fb7-e3a2742cc1ea[0m [36mreq[0m=[35m50b642fc[0m
[2m16:56:04[0m [[32m[1minfo     [0m] [1mrequest_finished                        [0m [36mduration[0m=[35m0.075[0m [36mmethod[0m=[35mGET[0m [36mpath[0m=[35m/api/v1/challenges/a44a68b3-4b32-4183-8fb7-e3a2742cc1ea[0m [36mreq[0m=[35m50b642fc[0m [36mrequest_id[0m=[35m50b642fc-3ce3-4688-a4e9-e310e467e4cb[0m [36mstatus[0m=[35m200[0m
[2m16:56:09[0m [[32m[1minfo     [0m] [1mGetting challenge status: id=a44a68b3-4b32-4183-8fb7-e3a2742cc1ea[0m [36mreq[0m=[35m002fd9fc[0m
[2m16:56:09[0m [[32m[1minfo     [0m] [1mrequest_finished                        [0m [36mduration[0m=[35m0.006[0m [36mmethod[0m=[35mGET[0m [36mpath[0m=[35m/api/v1/challenges/a44a68b3-4b32-4183-8fb7-e3a2742cc1ea[0m [36mreq[0m=[35m002fd9fc[0m [36mrequest_id[0m=[35m002fd9fc-49c9-409c-8bf9-b64135b3e7d1[0m [36mstatus[0m=[35m200[0m
[2m16:56:14[0m [[32m[1minfo     [0m] [1mGetting challenge status: id=a44a68b3-4b32-4183-8fb7-e3a2742cc1ea[0m [36mreq[0m=[35m6e2ff871[0m
[2m16:56:14[0m [[32m[1minfo     [0m] [1mrequest_finished                        [0m [36mduration[0m=[35m0.123[0m [36mmethod[0m=[35mGET[0m [36mpath[0m=[35m/api/v1/challenges/a44a68b3-4b32-4183-8fb7-e3a2742cc1ea[0m [36mreq[0m=[35m6e2ff871[0m [36mrequest_id[0m=[35m6e2ff871-7782-4074-bfb2-2d11e0f73460[0m [36mstatus[0m=[35m200[0m
[2m16:56:19[0m [[32m[1minfo     [0m] [1mGetting challenge status: id=a44a68b3-4b32-4183-8fb7-e3a2742cc1ea[0m [36mreq[0m=[35m40f96ef5[0m
[2m16:56:19[0m [[32m[1minfo     [0m] [1mrequest_finished                        [0m [36mduration[0m=[35m0.09[0m [36mmethod[0m=[35mGET[0m [36mpath[0m=[35m/api/v1/challenges/a44a68b3-4b32-4183-8fb7-e3a2742cc1ea[0m [36mreq[0m=[35m40f96ef5[0m [36mrequest_id[0m=[35m40f96ef5-8c8d-458d-8ef6-9ff56102b5cc[0m [36mstatus[0m=[35m200[0m
[2m16:56:24[0m [[32m[1minfo     [0m] [1mGetting challenge status: id=a44a68b3-4b32-4183-8fb7-e3a2742cc1ea[0m [36mreq[0m=[35m3f56e730[0m
[2m16:56:24[0m [[32m[1minfo     [0m] [1mrequest_finished                        [0m [36mduration[0m=[35m0.085[0m [36mmethod[0m=[35mGET[0m [36mpath[0m=[35m/api/v1/challenges/a44a68b3-4b32-4183-8fb7-e3a2742cc1ea[0m [36mreq[0m=[35m3f56e730[0m [36mrequest_id[0m=[35m3f56e730-bafa-498e-844a-ff6b15e014dc[0m [36mstatus[0m=[35m200[0m
[2m16:56:29[0m [[32m[1minfo     [0m] [1mGetting challenge status: id=a44a68b3-4b32-4183-8fb7-e3a2742cc1ea[0m [36mreq[0m=[35m73a81cc4[0m
[2m16:56:29[0m [[32m[1minfo     [0m] [1mrequest_finished                        [0m [36mduration[0m=[35m0.053[0m [36mmethod[0m=[35mGET[0m [36mpath[0m=[35m/api/v1/challenges/a44a68b3-4b32-4183-8fb7-e3a2742cc1ea[0m [36mreq[0m=[35m73a81cc4[0m [36mrequest_id[0m=[35m73a81cc4-4bd7-4f9e-b8cb-d5d0b2e54174[0m [36mstatus[0m=[35m200[0m
[2m16:56:34[0m [[32m[1minfo     [0m] [1mGetting challenge status: id=a44a68b3-4b32-4183-8fb7-e3a2742cc1ea[0m [36mreq[0m=[35me2ce1ec9[0m
[2m16:56:34[0m [[32m[1minfo     [0m] [1mrequest_finished                        [0m [36mduration[0m=[35m0.113[0m [36mmethod[0m=[35mGET[0m [36mpath[0m=[35m/api/v1/challenges/a44a68b3-4b32-4183-8fb7-e3a2742cc1ea[0m [36mreq[0m=[35me2ce1ec9[0m [36mrequest_id[0m=[35me2ce1ec9-52ca-42e7-92e5-641722f8409d[0m [36mstatus[0m=[35m200[0m
[2m16:56:39[0m [[32m[1minfo     [0m] [1mGetting challenge status: id=a44a68b3-4b32-4183-8fb7-e3a2742cc1ea[0m [36mreq[0m=[35meee5527f[0m
[2m16:56:39[0m [[32m[1minfo     [0m] [1mrequest_finished                        [0m [36mduration[0m=[35m0.062[0m [36mmethod[0m=[35mGET[0m [36mpath[0m=[35m/api/v1/challenges/a44a68b3-4b32-4183-8fb7-e3a2742cc1ea[0m [36mreq[0m=[35meee5527f[0m [36mrequest_id[0m=[35meee5527f-26fa-4868-a304-c01c5c95b8ef[0m [36mstatus[0m=[35m200[0m
[2m16:56:44[0m [[32m[1minfo     [0m] [1mGetting challenge status: id=a44a68b3-4b32-4183-8fb7-e3a2742cc1ea[0m [36mreq[0m=[35m5fae3458[0m
[2m16:56:44[0m [[32m[1minfo     [0m] [1mrequest_finished                        [0m [36mduration[0m=[35m0.081[0m [36mmethod[0m=[35mGET[0m [36mpath[0m=[35m/api/v1/challenges/a44a68b3-4b32-4183-8fb7-e3a2742cc1ea[0m [36mreq[0m=[35m5fae3458[0m [36mrequest_id[0m=[35m5fae3458-c632-43af-a714-92201586d1d5[0m [36mstatus[0m=[35m200[0m
[2m16:56:49[0m [[32m[1minfo     [0m] [1mGetting challenge status: id=a44a68b3-4b32-4183-8fb7-e3a2742cc1ea[0m [36mreq[0m=[35mffb29c5e[0m
[2m16:56:49[0m [[32m[1minfo     [0m] [1mrequest_finished                        [0m [36mduration[0m=[35m0.015[0m [36mmethod[0m=[35mGET[0m [36mpath[0m=[35m/api/v1/challenges/a44a68b3-4b32-4183-8fb7-e3a2742cc1ea[0m [36mreq[0m=[35mffb29c5e[0m [36mrequest_id[0m=[35mffb29c5e-597e-4604-8c54-1eeff76d58a6[0m [36mstatus[0m=[35m200[0m
[2m16:56:54[0m [[32m[1minfo     [0m] [1mGetting challenge status: id=a44a68b3-4b32-4183-8fb7-e3a2742cc1ea[0m [36mreq[0m=[35m942d05bf[0m
[2m16:56:55[0m [[32m[1minfo     [0m] [1mrequest_finished                        [0m [36mduration[0m=[35m0.105[0m [36mmethod[0m=[35mGET[0m [36mpath[0m=[35m/api/v1/challenges/a44a68b3-4b32-4183-8fb7-e3a2742cc1ea[0m [36mreq[0m=[35m942d05bf[0m [36mrequest_id[0m=[35m942d05bf-9cec-473e-82e1-24cb0c39c5ae[0m [36mstatus[0m=[35m200[0m
[2m16:57:00[0m [[32m[1minfo     [0m] [1mGetting challenge status: id=a44a68b3-4b32-4183-8fb7-e3a2742cc1ea[0m [36mreq[0m=[35mf3acae01[0m
[2m16:57:00[0m [[32m[1minfo     [0m] [1mrequest_finished                        [0m [36mduration[0m=[35m0.064[0m [36mmethod[0m=[35mGET[0m [36mpath[0m=[35m/api/v1/challenges/a44a68b3-4b32-4183-8fb7-e3a2742cc1ea[0m [36mreq[0m=[35mf3acae01[0m [36mrequest_id[0m=[35mf3acae01-5341-4767-9528-1643430cc802[0m [36mstatus[0m=[35m200[0m
[2m16:57:05[0m [[32m[1minfo     [0m] [1mGetting challenge status: id=a44a68b3-4b32-4183-8fb7-e3a2742cc1ea[0m [36mreq[0m=[35m25ab0ed1[0m
[2m16:57:05[0m [[32m[1minfo     [0m] [1mrequest_finished                        [0m [36mduration[0m=[35m0.074[0m [36mmethod[0m=[35mGET[0m [36mpath[0m=[35m/api/v1/challenges/a44a68b3-4b32-4183-8fb7-e3a2742cc1ea[0m [36mreq[0m=[35m25ab0ed1[0m [36mrequest_id[0m=[35m25ab0ed1-f312-4842-8c42-74bbc987799d[0m [36mstatus[0m=[35m200[0m
[2m16:57:10[0m [[32m[1minfo     [0m] [1mGetting challenge status: id=a44a68b3-4b32-4183-8fb7-e3a2742cc1ea[0m [36mreq[0m=[35mf2138164[0m
[2m16:57:10[0m [[32m[1minfo     [0m] [1mrequest_finished                        [0m [36mduration[0m=[35m0.084[0m [36mmethod[0m=[35mGET[0m [36mpath[0m=[35m/api/v1/challenges/a44a68b3-4b32-4183-8fb7-e3a2742cc1ea[0m [36mreq[0m=[35mf2138164[0m [36mrequest_id[0m=[35mf2138164-e22d-4ed0-aee8-8e91e60758db[0m [36mstatus[0m=[35m200[0m
[2m16:57:15[0m [[32m[1minfo     [0m] [1mGetting challenge status: id=a44a68b3-4b32-4183-8fb7-e3a2742cc1ea[0m [36mreq[0m=[35mc282bf71[0m
[2m16:57:15[0m [[32m[1minfo     [0m] [1mrequest_finished                        [0m [36mduration[0m=[35m0.066[0m [36mmethod[0m=[35mGET[0m [36mpath[0m=[35m/api/v1/challenges/a44a68b3-4b32-4183-8fb7-e3a2742cc1ea[0m [36mreq[0m=[35mc282bf71[0m [36mrequest_id[0m=[35mc282bf71-76c3-40f5-8126-869137f5520c[0m [36mstatus[0m=[35m200[0m
[2m16:57:20[0m [[32m[1minfo     [0m] [1mGetting challenge status: id=a44a68b3-4b32-4183-8fb7-e3a2742cc1ea[0m [36mreq[0m=[35mbda1e014[0m
[2m16:57:20[0m [[32m[1minfo     [0m] [1mrequest_finished                        [0m [36mduration[0m=[35m0.046[0m [36mmethod[0m=[35mGET[0m [36mpath[0m=[35m/api/v1/challenges/a44a68b3-4b32-4183-8fb7-e3a2742cc1ea[0m [36mreq[0m=[35mbda1e014[0m [36mrequest_id[0m=[35mbda1e014-52af-4c56-acd0-72c3a144d874[0m [36mstatus[0m=[35m200[0m
[2m16:57:25[0m [[32m[1minfo     [0m] [1mGetting challenge status: id=a44a68b3-4b32-4183-8fb7-e3a2742cc1ea[0m [36mreq[0m=[35m891a9866[0m
[2m16:57:25[0m [[32m[1minfo     [0m] [1mrequest_finished                        [0m [36mduration[0m=[35m0.088[0m [36mmethod[0m=[35mGET[0m [36mpath[0m=[35m/api/v1/challenges/a44a68b3-4b32-4183-8fb7-e3a2742cc1ea[0m [36mreq[0m=[35m891a9866[0m [36mrequest_id[0m=[35m891a9866-b2f3-42cb-a717-d91dd358c042[0m [36mstatus[0m=[35m200[0m
[2m16:57:30[0m [[32m[1minfo     [0m] [1mGetting challenge status: id=a44a68b3-4b32-4183-8fb7-e3a2742cc1ea[0m [36mreq[0m=[35m1a424aea[0m
[2m16:57:30[0m [[32m[1minfo     [0m] [1mrequest_finished                        [0m [36mduration[0m=[35m0.076[0m [36mmethod[0m=[35mGET[0m [36mpath[0m=[35m/api/v1/challenges/a44a68b3-4b32-4183-8fb7-e3a2742cc1ea[0m [36mreq[0m=[35m1a424aea[0m [36mrequest_id[0m=[35m1a424aea-1169-430c-b732-a09dd8a2a508[0m [36mstatus[0m=[35m200[0m
[2m16:57:35[0m [[32m[1minfo     [0m] [1mGetting challenge status: id=a44a68b3-4b32-4183-8fb7-e3a2742cc1ea[0m [36mreq[0m=[35mb7a86d77[0m
[2m16:57:35[0m [[32m[1minfo     [0m] [1mrequest_finished                        [0m [36mduration[0m=[35m0.071[0m [36mmethod[0m=[35mGET[0m [36mpath[0m=[35m/api/v1/challenges/a44a68b3-4b32-4183-8fb7-e3a2742cc1ea[0m [36mreq[0m=[35mb7a86d77[0m [36mrequest_id[0m=[35mb7a86d77-7822-4529-a7b8-f5010971e148[0m [36mstatus[0m=[35m200[0m
[2m16:57:40[0m [[32m[1minfo     [0m] [1mGetting challenge status: id=a44a68b3-4b32-4183-8fb7-e3a2742cc1ea[0m [36mreq[0m=[35m607d71cf[0m
[2m16:57:41[0m [[32m[1minfo     [0m] [1mrequest_finished                        [0m [36mduration[0m=[35m0.333[0m [36mmethod[0m=[35mGET[0m [36mpath[0m=[35m/api/v1/challenges/a44a68b3-4b32-4183-8fb7-e3a2742cc1ea[0m [36mreq[0m=[35m607d71cf[0m [36mrequest_id[0m=[35m607d71cf-6c7a-4836-8e69-b05a4f035d9a[0m [36mstatus[0m=[35m200[0m
[2m16:57:46[0m [[32m[1minfo     [0m] [1mGetting challenge status: id=a44a68b3-4b32-4183-8fb7-e3a2742cc1ea[0m [36mreq[0m=[35m2746f675[0m
[2m16:57:46[0m [[32m[1minfo     [0m] [1mrequest_finished                        [0m [36mduration[0m=[35m0.109[0m [36mmethod[0m=[35mGET[0m [36mpath[0m=[35m/api/v1/challenges/a44a68b3-4b32-4183-8fb7-e3a2742cc1ea[0m [36mreq[0m=[35m2746f675[0m [36mrequest_id[0m=[35m2746f675-9cbb-460b-a0bd-85d9ce339972[0m [36mstatus[0m=[35m200[0m
[2m16:57:51[0m [[32m[1minfo     [0m] [1mGetting challenge status: id=a44a68b3-4b32-4183-8fb7-e3a2742cc1ea[0m [36mreq[0m=[35m473e4fd2[0m
[2m16:57:51[0m [[32m[1minfo     [0m] [1mrequest_finished                        [0m [36mduration[0m=[35m0.064[0m [36mmethod[0m=[35mGET[0m [36mpath[0m=[35m/api/v1/challenges/a44a68b3-4b32-4183-8fb7-e3a2742cc1ea[0m [36mreq[0m=[35m473e4fd2[0m [36mrequest_id[0m=[35m473e4fd2-c648-4dc0-91db-f82b9eabc9df[0m [36mstatus[0m=[35m200[0m
[2m16:57:56[0m [[32m[1minfo     [0m] [1mGetting challenge status: id=a44a68b3-4b32-4183-8fb7-e3a2742cc1ea[0m [36mreq[0m=[35m48339e02[0m
[2m16:57:56[0m [[32m[1minfo     [0m] [1mrequest_finished                        [0m [36mduration[0m=[35m0.012[0m [36mmethod[0m=[35mGET[0m [36mpath[0m=[35m/api/v1/challenges/a44a68b3-4b32-4183-8fb7-e3a2742cc1ea[0m [36mreq[0m=[35m48339e02[0m [36mrequest_id[0m=[35m48339e02-186f-4f58-92f7-5a25aa738beb[0m [36mstatus[0m=[35m200[0m
[2m16:58:01[0m [[32m[1minfo     [0m] [1mGetting challenge status: id=a44a68b3-4b32-4183-8fb7-e3a2742cc1ea[0m [36mreq[0m=[35md2c7f606[0m
[2m16:58:01[0m [[32m[1minfo     [0m] [1mrequest_finished                        [0m [36mduration[0m=[35m0.025[0m [36mmethod[0m=[35mGET[0m [36mpath[0m=[35m/api/v1/challenges/a44a68b3-4b32-4183-8fb7-e3a2742cc1ea[0m [36mreq[0m=[35md2c7f606[0m [36mrequest_id[0m=[35md2c7f606-61b9-4443-9545-757b51c6b44b[0m [36mstatus[0m=[35m200[0m
[2m16:58:06[0m [[32m[1minfo     [0m] [1mGetting challenge status: id=a44a68b3-4b32-4183-8fb7-e3a2742cc1ea[0m [36mreq[0m=[35m4885b305[0m
[2m16:58:06[0m [[32m[1minfo     [0m] [1mrequest_finished                        [0m [36mduration[0m=[35m0.026[0m [36mmethod[0m=[35mGET[0m [36mpath[0m=[35m/api/v1/challenges/a44a68b3-4b32-4183-8fb7-e3a2742cc1ea[0m [36mreq[0m=[35m4885b305[0m [36mrequest_id[0m=[35m4885b305-fbf9-45b2-b69f-b35e1f1cb6bb[0m [36mstatus[0m=[35m200[0m
[2m16:58:11[0m [[32m[1minfo     [0m] [1mGetting challenge status: id=a44a68b3-4b32-4183-8fb7-e3a2742cc1ea[0m [36mreq[0m=[35m7c063ae4[0m
[2m16:58:11[0m [[32m[1minfo     [0m] [1mrequest_finished                        [0m [36mduration[0m=[35m0.009[0m [36mmethod[0m=[35mGET[0m [36mpath[0m=[35m/api/v1/challenges/a44a68b3-4b32-4183-8fb7-e3a2742cc1ea[0m [36mreq[0m=[35m7c063ae4[0m [36mrequest_id[0m=[35m7c063ae4-e87f-4ad4-8e30-447cce4bbbdf[0m [36mstatus[0m=[35m200[0m
[2m16:58:16[0m [[32m[1minfo     [0m] [1mGetting challenge status: id=a44a68b3-4b32-4183-8fb7-e3a2742cc1ea[0m [36mreq[0m=[35med98b629[0m
[2m16:58:16[0m [[32m[1minfo     [0m] [1mrequest_finished                        [0m [36mduration[0m=[35m0.032[0m [36mmethod[0m=[35mGET[0m [36mpath[0m=[35m/api/v1/challenges/a44a68b3-4b32-4183-8fb7-e3a2742cc1ea[0m [36mreq[0m=[35med98b629[0m [36mrequest_id[0m=[35med98b629-a384-4e05-9afb-ffcd0acef2c1[0m [36mstatus[0m=[35m200[0m
[2m16:58:19[0m [[32m[1minfo     [0m] [1mSandbox execution complete: success=True, time=753755ms, cached=False[0m [36mreq[0m=[35m99a63461[0m
[2m16:58:21[0m [[32m[1minfo     [0m] [1mGetting challenge status: id=a44a68b3-4b32-4183-8fb7-e3a2742cc1ea[0m [36mreq[0m=[35md4fab97d[0m
[2m16:58:21[0m [[32m[1minfo     [0m] [1mrequest_finished                        [0m [36mduration[0m=[35m0.009[0m [36mmethod[0m=[35mGET[0m [36mpath[0m=[35m/api/v1/challenges/a44a68b3-4b32-4183-8fb7-e3a2742cc1ea[0m [36mreq[0m=[35md4fab97d[0m [36mrequest_id[0m=[35md4fab97d-c93d-4877-ba25-fb4113e4c1d6[0m [36mstatus[0m=[35m200[0m
[2m16:58:26[0m [[32m[1minfo     [0m] [1mGetting challenge status: id=a44a68b3-4b32-4183-8fb7-e3a2742cc1ea[0m [36mreq[0m=[35mcd8aaa1c[0m
[2m16:58:26[0m [[32m[1minfo     [0m] [1mTranskription erfolgreich: 1186 Zeichen [0m [36mreq[0m=[35m99a63461[0m
[2m16:58:26[0m [[32m[1minfo     [0m] [1mrequest_finished                        [0m [36mduration[0m=[35m0.073[0m [36mmethod[0m=[35mGET[0m [36mpath[0m=[35m/api/v1/challenges/a44a68b3-4b32-4183-8fb7-e3a2742cc1ea[0m [36mreq[0m=[35mcd8aaa1c[0m [36mrequest_id[0m=[35mcd8aaa1c-7c07-4600-83c5-a53f255fb868[0m [36mstatus[0m=[35m200[0m
[2m16:58:26[0m [[32m[1minfo     [0m] [1mLoading topology from database...       [0m [36mreq[0m=[35m99a63461[0m
[2m16:58:27[0m [[32m[1minfo     [0m] [1mMapped 9 skill entries to 9 capabilities[0m [36mreq[0m=[35m99a63461[0m
[2m16:58:27[0m [[32m[1minfo     [0m] [1mTopology validated: 11 agents in 5 waves[0m [36mreq[0m=[35m99a63461[0m
[2m16:58:27[0m [[32m[1minfo     [0m] [1mLoaded 9 skills for topology            [0m [36mreq[0m=[35m99a63461[0m
[2m16:58:27[0m [[32m[1minfo     [0m] [1mTopology loaded: 11 agents, 5 waves     [0m [36mreq[0m=[35m99a63461[0m
[2m16:58:28[0m [[32m[1minfo     [0m] [1mShared memory initialized with Qdrant   [0m [36mreq[0m=[35m99a63461[0m
[2m16:58:28[0m [[32m[1minfo     [0m] [1mHybridOrchestrator initialized          [0m [36mreq[0m=[35m99a63461[0m
[2m16:58:28[0m [[32m[1minfo     [0m] [1mStarting execution: 0143f0ed-70e6-4df5-ba05-30036a2b5976[0m [36mreq[0m=[35m99a63461[0m
[2m16:58:28[0m [[32m[1minfo     [0m] [1mLoading topology from database...       [0m [36mreq[0m=[35m99a63461[0m
[2m16:58:29[0m [[32m[1minfo     [0m] [1mMapped 9 skill entries to 9 capabilities[0m [36mreq[0m=[35m99a63461[0m
[2m16:58:29[0m [[32m[1minfo     [0m] [1mTopology validated: 11 agents in 5 waves[0m [36mreq[0m=[35m99a63461[0m
[2m16:58:29[0m [[32m[1minfo     [0m] [1mLoaded 9 skills for topology            [0m [36mreq[0m=[35m99a63461[0m
[2m16:58:29[0m [[32m[1minfo     [0m] [1mTopology loaded: 11 agents, 5 waves     [0m [36mreq[0m=[35m99a63461[0m
[2m16:58:29[0m [[32m[1minfo     [0m] [1mDocker client connected successfully    [0m [36mreq[0m=[35m99a63461[0m
[2m16:58:29[0m [[32m[1minfo     [0m] [1mCreated DynamicSandbox executor (Docker-based, unrestricted)[0m [36mreq[0m=[35m99a63461[0m
[2m16:58:29[0m [[33m[1mwarning  [0m] [1mCould not create intervention orchestrator for self-healing: create_intervention_orchestrator() got an unexpected keyword argument 'db'[0m [36mreq[0m=[35m99a63461[0m
[2m16:58:29[0m [[32m[1minfo     [0m] [1mExecuting wave 1/5: ['05bebe15-b46f-4b91-96e3-a50f6cf9e68d', '90c17f3b-7f91-4174-b3ac-b59a51feb378', '65ad3c5c-f66c-49a0-a7cd-4b9ebc6142b9', '073d766c-ed4f-4519-8e36-8c9631e97c67'][0m [36mreq[0m=[35m99a63461[0m
[2m16:58:29[0m [[32m[1minfo     [0m] [1mExecuting agent: transcript_analyzer (05bebe15-b46f-4b91-96e3-a50f6cf9e68d)[0m [36mreq[0m=[35m99a63461[0m
[2m16:58:29[0m [[32m[1minfo     [0m] [1mExecuting agent: product_owner (90c17f3b-7f91-4174-b3ac-b59a51feb378)[0m [36mreq[0m=[35m99a63461[0m
[2m16:58:29[0m [[33m[1mwarning  [0m] [1mAgent product_owner expected artifacts ['analysis_findings'] but none found in pool[0m [36mreq[0m=[35m99a63461[0m
[2m16:58:29[0m [[32m[1minfo     [0m] [1mExecuting agent: quality_judge (65ad3c5c-f66c-49a0-a7cd-4b9ebc6142b9)[0m [36mreq[0m=[35m99a63461[0m
[2m16:58:29[0m [[33m[1mwarning  [0m] [1mAgent quality_judge expected artifacts ['ab_test_samples'] but none found in pool[0m [36mreq[0m=[35m99a63461[0m
[2m16:58:29[0m [[32m[1minfo     [0m] [1mExecuting agent: execution_analyzer (073d766c-ed4f-4519-8e36-8c9631e97c67)[0m [36mreq[0m=[35m99a63461[0m
[2m16:58:29[0m [[33m[1mwarning  [0m] [1mAgent execution_analyzer expected artifacts ['execution_telemetry'] but none found in pool[0m [36mreq[0m=[35m99a63461[0m
[2m16:58:30[0m [[32m[1minfo     [0m] [1mAgent product_owner returned final answer after 0 tool calls[0m [36mreq[0m=[35m99a63461[0m
[2m16:58:30[0m [[32m[1minfo     [0m] [1mAgent quality_judge returned final answer after 0 tool calls[0m [36mreq[0m=[35m99a63461[0m
[2m16:58:30[0m [[32m[1minfo     [0m] [1mAgent execution_analyzer returned final answer after 0 tool calls[0m [36mreq[0m=[35m99a63461[0m
[2m16:58:31[0m [[32m[1minfo     [0m] [1mshared_memory_metrics agent=transcript_analyzer facts_kept=5 facts_total=8 hypotheses=0 relations=0 approx_tokens=2389 query_chars=2196[0m [36mreq[0m=[35m99a63461[0m
[2m16:58:31[0m [[32m[1minfo     [0m] [1mAgent quality_judge completed           [0m [36mreq[0m=[35m99a63461[0m
[2m16:58:31[0m [[32m[1minfo     [0m] [1mAgent execution_analyzer completed      [0m [36mreq[0m=[35m99a63461[0m
[2m16:58:31[0m [[32m[1minfo     [0m] [1mAgent product_owner completed           [0m [36mreq[0m=[35m99a63461[0m
[2m16:58:31[0m [[32m[1minfo     [0m] [1mGetting challenge status: id=a44a68b3-4b32-4183-8fb7-e3a2742cc1ea[0m [36mreq[0m=[35m40baffc2[0m
[2m16:58:31[0m [[32m[1minfo     [0m] [1mrequest_finished                        [0m [36mduration[0m=[35m0.03[0m [36mmethod[0m=[35mGET[0m [36mpath[0m=[35m/api/v1/challenges/a44a68b3-4b32-4183-8fb7-e3a2742cc1ea[0m [36mreq[0m=[35m40baffc2[0m [36mrequest_id[0m=[35m40baffc2-e27d-4eb6-96c6-d51a91c9feaf[0m [36mstatus[0m=[35m200[0m
[2m16:58:36[0m [[32m[1minfo     [0m] [1mGetting challenge status: id=a44a68b3-4b32-4183-8fb7-e3a2742cc1ea[0m [36mreq[0m=[35mdd402b28[0m
[2m16:58:36[0m [[32m[1minfo     [0m] [1mAgent transcript_analyzer returned final answer after 0 tool calls[0m [36mreq[0m=[35m99a63461[0m
[2m16:58:36[0m [[32m[1minfo     [0m] [1mrequest_finished                        [0m [36mduration[0m=[35m0.049[0m [36mmethod[0m=[35mGET[0m [36mpath[0m=[35m/api/v1/challenges/a44a68b3-4b32-4183-8fb7-e3a2742cc1ea[0m [36mreq[0m=[35mdd402b28[0m [36mrequest_id[0m=[35mdd402b28-f3d3-4a09-95ad-81d4b542c7f1[0m [36mstatus[0m=[35m200[0m
[2m16:58:39[0m [[32m[1minfo     [0m] [1mAgent transcript_analyzer completed     [0m [36mreq[0m=[35m99a63461[0m
[2m16:58:39[0m [[32m[1minfo     [0m] [1mWave 1 agent 'transcript_analyzer' completed: success=True, skipped=False, result_len=1844[0m [36mreq[0m=[35m99a63461[0m
[2m16:58:39[0m [[32m[1minfo     [0m] [1mWave 1 agent 'product_owner' completed: success=True, skipped=False, result_len=221[0m [36mreq[0m=[35m99a63461[0m
[2m16:58:39[0m [[32m[1minfo     [0m] [1mWave 1 agent 'quality_judge' completed: success=True, skipped=False, result_len=159[0m [36mreq[0m=[35m99a63461[0m
[2m16:58:39[0m [[32m[1minfo     [0m] [1mWave 1 agent 'execution_analyzer' completed: success=True, skipped=False, result_len=214[0m [36mreq[0m=[35m99a63461[0m
[2m16:58:39[0m [[32m[1minfo     [0m] [1mExecuting wave 2/5: ['49898ec1-10da-4a11-8457-1358d844c805', '07f8b963-9d7c-4232-ba20-52aa8d850e1d'][0m [36mreq[0m=[35m99a63461[0m
[2m16:58:39[0m [[32m[1minfo     [0m] [1mExecuting agent: context_retriever (49898ec1-10da-4a11-8457-1358d844c805)[0m [36mreq[0m=[35m99a63461[0m
[2m16:58:39[0m [[32m[1minfo     [0m] [1mExecuting agent: control_agent (07f8b963-9d7c-4232-ba20-52aa8d850e1d)[0m [36mreq[0m=[35m99a63461[0m
[2m16:58:40[0m [[32m[1minfo     [0m] [1mAgent control_agent returned final answer after 0 tool calls[0m [36mreq[0m=[35m99a63461[0m
[2m16:58:40[0m [[32m[1minfo     [0m] [1mAgent control_agent completed           [0m [36mreq[0m=[35m99a63461[0m
[2m16:58:41[0m [[32m[1minfo     [0m] [1mAgent context_retriever returned final answer after 0 tool calls[0m [36mreq[0m=[35m99a63461[0m
[2m16:58:41[0m [[32m[1minfo     [0m] [1mGetting challenge status: id=a44a68b3-4b32-4183-8fb7-e3a2742cc1ea[0m [36mreq[0m=[35m42134442[0m
[2m16:58:41[0m [[32m[1minfo     [0m] [1mrequest_finished                        [0m [36mduration[0m=[35m0.006[0m [36mmethod[0m=[35mGET[0m [36mpath[0m=[35m/api/v1/challenges/a44a68b3-4b32-4183-8fb7-e3a2742cc1ea[0m [36mreq[0m=[35m42134442[0m [36mrequest_id[0m=[35m42134442-3438-4b54-b41a-b61eb1147e7d[0m [36mstatus[0m=[35m200[0m
[2m16:58:42[0m [[32m[1minfo     [0m] [1mAgent context_retriever completed       [0m [36mreq[0m=[35m99a63461[0m
[2m16:58:42[0m [[32m[1minfo     [0m] [1mWave 2 agent 'context_retriever' completed: success=True, skipped=False, result_len=978[0m [36mreq[0m=[35m99a63461[0m
[2m16:58:42[0m [[32m[1minfo     [0m] [1mWave 2 agent 'control_agent' completed: success=True, skipped=False, result_len=288[0m [36mreq[0m=[35m99a63461[0m
[2m16:58:42[0m [[32m[1minfo     [0m] [1mExecuting wave 3/5: ['f54aabd1-ca21-4768-b12e-ccf5ca95d0da', 'a676e764-25ce-41cf-95d1-b838c8e6804d', 'd01ede79-d82b-465b-ae42-d1a7a2ec4188'][0m [36mreq[0m=[35m99a63461[0m
[2m16:58:42[0m [[32m[1minfo     [0m] [1mExecuting agent: report_generator (f54aabd1-ca21-4768-b12e-ccf5ca95d0da)[0m [36mreq[0m=[35m99a63461[0m
[2m16:58:42[0m [[32m[1minfo     [0m] [1mExecuting agent: prompt_engineer (a676e764-25ce-41cf-95d1-b838c8e6804d)[0m [36mreq[0m=[35m99a63461[0m
[2m16:58:42[0m [[32m[1minfo     [0m] [1mExecuting agent: tool_builder (d01ede79-d82b-465b-ae42-d1a7a2ec4188)[0m [36mreq[0m=[35m99a63461[0m
[2m16:58:45[0m [[32m[1minfo     [0m] [1mAgent prompt_engineer returned final answer after 0 tool calls[0m [36mreq[0m=[35m99a63461[0m
[2m16:58:45[0m [[32m[1minfo     [0m] [1mAgent report_generator returned final answer after 0 tool calls[0m [36mreq[0m=[35m99a63461[0m
[2m16:58:46[0m [[32m[1minfo     [0m] [1mGetting challenge status: id=a44a68b3-4b32-4183-8fb7-e3a2742cc1ea[0m [36mreq[0m=[35ma94c5d12[0m
[2m16:58:46[0m [[32m[1minfo     [0m] [1mrequest_finished                        [0m [36mduration[0m=[35m0.007[0m [36mmethod[0m=[35mGET[0m [36mpath[0m=[35m/api/v1/challenges/a44a68b3-4b32-4183-8fb7-e3a2742cc1ea[0m [36mreq[0m=[35ma94c5d12[0m [36mrequest_id[0m=[35ma94c5d12-ca7f-4ec3-873d-77e626b756ce[0m [36mstatus[0m=[35m200[0m
[2m16:58:47[0m [[32m[1minfo     [0m] [1mAgent prompt_engineer completed         [0m [36mreq[0m=[35m99a63461[0m
[2m16:58:49[0m [[32m[1minfo     [0m] [1mAgent report_generator completed        [0m [36mreq[0m=[35m99a63461[0m
[2m16:58:50[0m [[33m[1mwarning  [0m] [1mRetryable error in structured+usage call (attempt 1/6), retrying in 2.9s...[0m [36mreq[0m=[35m99a63461[0m
[2m16:58:51[0m [[32m[1minfo     [0m] [1mGetting challenge status: id=a44a68b3-4b32-4183-8fb7-e3a2742cc1ea[0m [36mreq[0m=[35m89b7d0b0[0m
[2m16:58:51[0m [[32m[1minfo     [0m] [1mrequest_finished                        [0m [36mduration[0m=[35m0.008[0m [36mmethod[0m=[35mGET[0m [36mpath[0m=[35m/api/v1/challenges/a44a68b3-4b32-4183-8fb7-e3a2742cc1ea[0m [36mreq[0m=[35m89b7d0b0[0m [36mrequest_id[0m=[35m89b7d0b0-4b94-4838-bdd3-7f66bdf3db57[0m [36mstatus[0m=[35m200[0m
[2m16:58:56[0m [[32m[1minfo     [0m] [1mGetting challenge status: id=a44a68b3-4b32-4183-8fb7-e3a2742cc1ea[0m [36mreq[0m=[35m21453c3e[0m
[2m16:58:56[0m [[32m[1minfo     [0m] [1mrequest_finished                        [0m [36mduration[0m=[35m0.034[0m [36mmethod[0m=[35mGET[0m [36mpath[0m=[35m/api/v1/challenges/a44a68b3-4b32-4183-8fb7-e3a2742cc1ea[0m [36mreq[0m=[35m21453c3e[0m [36mrequest_id[0m=[35m21453c3e-f921-49c4-891d-0261b6f0d00c[0m [36mstatus[0m=[35m200[0m
[2m16:59:00[0m [[32m[1minfo     [0m] [1mAgent tool_builder returned final answer after 0 tool calls[0m [36mreq[0m=[35m99a63461[0m
[2m16:59:00[0m [[32m[1minfo     [0m] [1mAgent tool_builder completed            [0m [36mreq[0m=[35m99a63461[0m
[2m16:59:00[0m [[32m[1minfo     [0m] [1mWave 3 agent 'report_generator' completed: success=True, skipped=False, result_len=2007[0m [36mreq[0m=[35m99a63461[0m
[2m16:59:00[0m [[32m[1minfo     [0m] [1mWave 3 agent 'prompt_engineer' completed: success=True, skipped=False, result_len=1959[0m [36mreq[0m=[35m99a63461[0m
[2m16:59:00[0m [[32m[1minfo     [0m] [1mWave 3 agent 'tool_builder' completed: success=True, skipped=False, result_len=184[0m [36mreq[0m=[35m99a63461[0m
[2m16:59:00[0m [[32m[1minfo     [0m] [1mExecuting wave 4/5: ['85860279-90e3-4984-b25d-af840d3dca9b'][0m [36mreq[0m=[35m99a63461[0m
[2m16:59:00[0m [[32m[1minfo     [0m] [1mExecuting agent: quality_validator (85860279-90e3-4984-b25d-af840d3dca9b)[0m [36mreq[0m=[35m99a63461[0m
[2m16:59:01[0m [[32m[1minfo     [0m] [1mAgent quality_validator returned final answer after 0 tool calls[0m [36mreq[0m=[35m99a63461[0m
[2m16:59:01[0m [[32m[1minfo     [0m] [1mGetting challenge status: id=a44a68b3-4b32-4183-8fb7-e3a2742cc1ea[0m [36mreq[0m=[35m41ea21a2[0m
[2m16:59:01[0m [[32m[1minfo     [0m] [1mrequest_finished                        [0m [36mduration[0m=[35m0.013[0m [36mmethod[0m=[35mGET[0m [36mpath[0m=[35m/api/v1/challenges/a44a68b3-4b32-4183-8fb7-e3a2742cc1ea[0m [36mreq[0m=[35m41ea21a2[0m [36mrequest_id[0m=[35m41ea21a2-a8bd-47c4-ba6e-ad6bf764fa82[0m [36mstatus[0m=[35m200[0m
[2m16:59:02[0m [[32m[1minfo     [0m] [1mAgent quality_validator completed       [0m [36mreq[0m=[35m99a63461[0m
[2m16:59:02[0m [[32m[1minfo     [0m] [1mWave 4 agent 'quality_validator' completed: success=True, skipped=False, result_len=571[0m [36mreq[0m=[35m99a63461[0m
[2m16:59:02[0m [[32m[1minfo     [0m] [1mExecuting wave 5/5: ['bbd241f8-1df0-49f4-950a-dc61efa2c950'][0m [36mreq[0m=[35m99a63461[0m
[2m16:59:02[0m [[32m[1minfo     [0m] [1mExecuting agent: report_finalizer (bbd241f8-1df0-49f4-950a-dc61efa2c950)[0m [36mreq[0m=[35m99a63461[0m
[2m16:59:05[0m [[32m[1minfo     [0m] [1mAgent report_finalizer returned final answer after 0 tool calls[0m [36mreq[0m=[35m99a63461[0m
[2m16:59:07[0m [[32m[1minfo     [0m] [1mGetting challenge status: id=a44a68b3-4b32-4183-8fb7-e3a2742cc1ea[0m [36mreq[0m=[35m6ace3af7[0m
[2m16:59:07[0m [[32m[1minfo     [0m] [1mrequest_finished                        [0m [36mduration[0m=[35m0.009[0m [36mmethod[0m=[35mGET[0m [36mpath[0m=[35m/api/v1/challenges/a44a68b3-4b32-4183-8fb7-e3a2742cc1ea[0m [36mreq[0m=[35m6ace3af7[0m [36mrequest_id[0m=[35m6ace3af7-d5f1-49f7-82dc-d94445fa234f[0m [36mstatus[0m=[35m200[0m
[2m16:59:07[0m [[32m[1minfo     [0m] [1mAgent report_finalizer completed        [0m [36mreq[0m=[35m99a63461[0m
[2m16:59:07[0m [[32m[1minfo     [0m] [1mWave 5 agent 'report_finalizer' completed: success=True, skipped=False, result_len=2561[0m [36mreq[0m=[35m99a63461[0m
[2m16:59:07[0m [[32m[1minfo     [0m] [1mArtifact pool cleared: 11 artifacts discarded[0m [36mreq[0m=[35m99a63461[0m
[2m16:59:07[0m [[32m[1minfo     [0m] [1mPersisted 1 facts to shared memory for execution 0143f0ed-70e6-4df5-ba05-30036a2b5976[0m [36mreq[0m=[35m99a63461[0m
[2m16:59:07[0m [[32m[1minfo     [0m] [1mStarting telemetry for agent=05bebe15..., execution=0143f0ed...[0m [36mreq[0m=[35m99a63461[0m
[2m16:59:07[0m [[33m[1mwarning  [0m] [1mTelemetrie-Bridge fehlgeschlagen: 1 validation error for ExecutionTelemetryCreate
outcome
  Input should be 'success', 'error', 'timeout' or 'cancelled' [type=literal_error, input_value='running', input_type=str]
    For further information visit https://errors.pydantic.dev/2.11/v/literal_error[0m [36mreq[0m=[35m99a63461[0m
[2m16:59:07[0m [[32m[1minfo     [0m] [1mConfigured epicbox profile: image=lumari-sandbox:latest, limits={'cputime': 5, 'realtime': 10, 'memory': 128, 'processes': 1}[0m [36mreq[0m=[35m99a63461[0m
[2m16:59:07[0m [[32m[1minfo     [0m] [1mStarting analysis pipeline for execution_id=0143f0ed...[0m [36mreq[0m=[35m99a63461[0m
[2m16:59:07[0m [[32m[1minfo     [0m] [1mExecution completed: challenge_id=a44a68b3-4b32-4183-8fb7-e3a2742cc1ea, success=True[0m [36mreq[0m=[35m99a63461[0m
[2m16:59:07[0m [[33m[1mwarning  [0m] [1mNo telemetry found for execution 0143f0ed-70e6-4df5-ba05-30036a2b5976[0m [36mreq[0m=[35m99a63461[0m
[2m16:59:12[0m [[32m[1minfo     [0m] [1mGetting challenge status: id=a44a68b3-4b32-4183-8fb7-e3a2742cc1ea[0m [36mreq[0m=[35mdf197b01[0m
[2m16:59:12[0m [[32m[1minfo     [0m] [1mrequest_finished                        [0m [36mduration[0m=[35m0.025[0m [36mmethod[0m=[35mGET[0m [36mpath[0m=[35m/api/v1/challenges/a44a68b3-4b32-4183-8fb7-e3a2742cc1ea[0m [36mreq[0m=[35mdf197b01[0m [36mrequest_id[0m=[35mdf197b01-0436-46ec-bc51-9003508e6984[0m [36mstatus[0m=[35m200[0m
[2m16:59:12[0m [[32m[1minfo     [0m] [1mGetting challenge results: id=a44a68b3-4b32-4183-8fb7-e3a2742cc1ea[0m [36mreq[0m=[35m50bf20e8[0m
[2m16:59:12[0m [[32m[1minfo     [0m] [1mrequest_finished                        [0m [36mduration[0m=[35m0.03[0m [36mmethod[0m=[35mGET[0m [36mpath[0m=[35m/api/v1/challenges/a44a68b3-4b32-4183-8fb7-e3a2742cc1ea/results[0m [36mreq[0m=[35m50bf20e8[0m [36mrequest_id[0m=[35m50bf20e8-9326-4483-a595-96e96a68d564[0m [36mstatus[0m=[35m200[0m
[2m16:59:16[0m [[32m[1minfo     [0m] [1mFile upload: begehung_maengel_20251022.opus, size=306911, type=audio/opus[0m [36mreq[0m=[35me6959743[0m
[2m16:59:16[0m [[32m[1minfo     [0m] [1mSaved binary file to: /Users/patrick/Documents/Uni/master_project/backend/app/api/v1/endpoints/../../../uploads/b518ce6e-e561-43e8-8c53-43e140e6a534.opus[0m [36mreq[0m=[35me6959743[0m
[2m16:59:16[0m [[32m[1minfo     [0m] [1mAudio transcription skill available: skill_audio_transcription — will transcribe in background[0m [36mreq[0m=[35me6959743[0m
[2m16:59:17[0m [[32m[1minfo     [0m] [1mFile upload: begehung_maengel_20251022.opus -> challenge_id=e6e0c20a-ec5b-4008-92e9-0596d804dbbd, gaps=0, route=execute[0m [36mreq[0m=[35me6959743[0m
[2m16:59:17[0m [[32m[1minfo     [0m] [1mrequest_finished                        [0m [36mduration[0m=[35m0.043[0m [36mmethod[0m=[35mPOST[0m [36mpath[0m=[35m/api/v1/challenges/upload[0m [36mreq[0m=[35me6959743[0m [36mrequest_id[0m=[35me6959743-1535-4148-8210-e319d3784a3a[0m [36mstatus[0m=[35m200[0m
[2m16:59:17[0m [[32m[1minfo     [0m] [1mExecuting challenge: id=e6e0c20a-ec5b-4008-92e9-0596d804dbbd[0m [36mreq[0m=[35mc42d2747[0m
[2m16:59:17[0m [[32m[1minfo     [0m] [1mrequest_finished                        [0m [36mduration[0m=[35m0.009[0m [36mmethod[0m=[35mPOST[0m [36mpath[0m=[35m/api/v1/challenges/e6e0c20a-ec5b-4008-92e9-0596d804dbbd/execute[0m [36mreq[0m=[35mc42d2747[0m [36mrequest_id[0m=[35mc42d2747-7f8d-43a7-9069-647b8ab8c01e[0m [36mstatus[0m=[35m200[0m
[2m16:59:17[0m [[32m[1minfo     [0m] [1mStarting background execution: challenge_id=e6e0c20a-ec5b-4008-92e9-0596d804dbbd[0m [36mreq[0m=[35mc42d2747[0m
[2m16:59:17[0m [[32m[1minfo     [0m] [1mTranskribiere Audio vor Execution: /Users/patrick/Documents/Uni/master_project/backend/app/api/v1/endpoints/../../../uploads/b518ce6e-e561-43e8-8c53-43e140e6a534.opus mit Skill skill_audio_transcription[0m [36mreq[0m=[35mc42d2747[0m
[2m16:59:17[0m [[32m[1minfo     [0m] [1mStarting sandbox execution: pip=['openai-whisper'], apt=['ffmpeg'], input_files=['b518ce6e-e561-43e8-8c53-43e140e6a534.opus'][0m [36mreq[0m=[35mc42d2747[0m
[2m16:59:17[0m [[32m[1minfo     [0m] [1mDocker client connected successfully    [0m [36mreq[0m=[35mc42d2747[0m
[2m16:59:18[0m [[32m[1minfo     [0m] [1mInstalling system packages: ffmpeg      [0m [36mreq[0m=[35mc42d2747[0m
[2m16:59:22[0m [[32m[1minfo     [0m] [1mGetting challenge status: id=e6e0c20a-ec5b-4008-92e9-0596d804dbbd[0m [36mreq[0m=[35m86cc5a00[0m
[2m16:59:22[0m [[32m[1minfo     [0m] [1mrequest_finished                        [0m [36mduration[0m=[35m0.056[0m [36mmethod[0m=[35mGET[0m [36mpath[0m=[35m/api/v1/challenges/e6e0c20a-ec5b-4008-92e9-0596d804dbbd[0m [36mreq[0m=[35m86cc5a00[0m [36mrequest_id[0m=[35m86cc5a00-30d4-4dda-95a1-b83f61c629fa[0m [36mstatus[0m=[35m200[0m
[2m16:59:27[0m [[32m[1minfo     [0m] [1mGetting challenge status: id=e6e0c20a-ec5b-4008-92e9-0596d804dbbd[0m [36mreq[0m=[35mf87124bf[0m
[2m16:59:27[0m [[32m[1minfo     [0m] [1mrequest_finished                        [0m [36mduration[0m=[35m0.068[0m [36mmethod[0m=[35mGET[0m [36mpath[0m=[35m/api/v1/challenges/e6e0c20a-ec5b-4008-92e9-0596d804dbbd[0m [36mreq[0m=[35mf87124bf[0m [36mrequest_id[0m=[35mf87124bf-1db5-4b70-b34b-81074a75dfdd[0m [36mstatus[0m=[35m200[0m
[2m16:59:32[0m [[32m[1minfo     [0m] [1mGetting challenge status: id=e6e0c20a-ec5b-4008-92e9-0596d804dbbd[0m [36mreq[0m=[35mc20da56e[0m
[2m16:59:32[0m [[32m[1minfo     [0m] [1mrequest_finished                        [0m [36mduration[0m=[35m0.054[0m [36mmethod[0m=[35mGET[0m [36mpath[0m=[35m/api/v1/challenges/e6e0c20a-ec5b-4008-92e9-0596d804dbbd[0m [36mreq[0m=[35mc20da56e[0m [36mrequest_id[0m=[35mc20da56e-c03f-4259-8402-09a922029839[0m [36mstatus[0m=[35m200[0m
[2m16:59:37[0m [[32m[1minfo     [0m] [1mGetting challenge status: id=e6e0c20a-ec5b-4008-92e9-0596d804dbbd[0m [36mreq[0m=[35m381a4d8a[0m
[2m16:59:37[0m [[32m[1minfo     [0m] [1mrequest_finished                        [0m [36mduration[0m=[35m0.012[0m [36mmethod[0m=[35mGET[0m [36mpath[0m=[35m/api/v1/challenges/e6e0c20a-ec5b-4008-92e9-0596d804dbbd[0m [36mreq[0m=[35m381a4d8a[0m [36mrequest_id[0m=[35m381a4d8a-5565-4a5d-b803-1cf73e75be27[0m [36mstatus[0m=[35m200[0m
[2m16:59:42[0m [[32m[1minfo     [0m] [1mGetting challenge status: id=e6e0c20a-ec5b-4008-92e9-0596d804dbbd[0m [36mreq[0m=[35m64484755[0m
[2m16:59:42[0m [[32m[1minfo     [0m] [1mrequest_finished                        [0m [36mduration[0m=[35m0.019[0m [36mmethod[0m=[35mGET[0m [36mpath[0m=[35m/api/v1/challenges/e6e0c20a-ec5b-4008-92e9-0596d804dbbd[0m [36mreq[0m=[35m64484755[0m [36mrequest_id[0m=[35m64484755-60e6-4ed8-a639-e89884edde65[0m [36mstatus[0m=[35m200[0m
[2m16:59:47[0m [[32m[1minfo     [0m] [1mGetting challenge status: id=e6e0c20a-ec5b-4008-92e9-0596d804dbbd[0m [36mreq[0m=[35mfd6bc54e[0m
[2m16:59:47[0m [[32m[1minfo     [0m] [1mrequest_finished                        [0m [36mduration[0m=[35m0.042[0m [36mmethod[0m=[35mGET[0m [36mpath[0m=[35m/api/v1/challenges/e6e0c20a-ec5b-4008-92e9-0596d804dbbd[0m [36mreq[0m=[35mfd6bc54e[0m [36mrequest_id[0m=[35mfd6bc54e-8904-4ddf-85d3-1b9595a0f134[0m [36mstatus[0m=[35m200[0m
[2m16:59:52[0m [[32m[1minfo     [0m] [1mGetting challenge status: id=e6e0c20a-ec5b-4008-92e9-0596d804dbbd[0m [36mreq[0m=[35m9b355143[0m
[2m16:59:52[0m [[32m[1minfo     [0m] [1mrequest_finished                        [0m [36mduration[0m=[35m0.029[0m [36mmethod[0m=[35mGET[0m [36mpath[0m=[35m/api/v1/challenges/e6e0c20a-ec5b-4008-92e9-0596d804dbbd[0m [36mreq[0m=[35m9b355143[0m [36mrequest_id[0m=[35m9b355143-0bee-466e-9e74-f110d43e441e[0m [36mstatus[0m=[35m200[0m
[2m16:59:57[0m [[32m[1minfo     [0m] [1mGetting challenge status: id=e6e0c20a-ec5b-4008-92e9-0596d804dbbd[0m [36mreq[0m=[35m62de7339[0m
[2m16:59:57[0m [[32m[1minfo     [0m] [1mrequest_finished                        [0m [36mduration[0m=[35m0.048[0m [36mmethod[0m=[35mGET[0m [36mpath[0m=[35m/api/v1/challenges/e6e0c20a-ec5b-4008-92e9-0596d804dbbd[0m [36mreq[0m=[35m62de7339[0m [36mrequest_id[0m=[35m62de7339-4d1e-4eb2-859c-f45bd0a5f3a1[0m [36mstatus[0m=[35m200[0m
[2m17:00:02[0m [[32m[1minfo     [0m] [1mGetting challenge status: id=e6e0c20a-ec5b-4008-92e9-0596d804dbbd[0m [36mreq[0m=[35mee197626[0m
[2m17:00:02[0m [[32m[1minfo     [0m] [1mrequest_finished                        [0m [36mduration[0m=[35m0.036[0m [36mmethod[0m=[35mGET[0m [36mpath[0m=[35m/api/v1/challenges/e6e0c20a-ec5b-4008-92e9-0596d804dbbd[0m [36mreq[0m=[35mee197626[0m [36mrequest_id[0m=[35mee197626-274b-4aee-b3d6-a55f27f329b8[0m [36mstatus[0m=[35m200[0m
[2m17:00:07[0m [[32m[1minfo     [0m] [1mGetting challenge status: id=e6e0c20a-ec5b-4008-92e9-0596d804dbbd[0m [36mreq[0m=[35m38dd714c[0m
[2m17:00:07[0m [[32m[1minfo     [0m] [1mrequest_finished                        [0m [36mduration[0m=[35m0.061[0m [36mmethod[0m=[35mGET[0m [36mpath[0m=[35m/api/v1/challenges/e6e0c20a-ec5b-4008-92e9-0596d804dbbd[0m [36mreq[0m=[35m38dd714c[0m [36mrequest_id[0m=[35m38dd714c-2cbe-46b5-8cef-2f60c541f506[0m [36mstatus[0m=[35m200[0m
[2m17:00:12[0m [[32m[1minfo     [0m] [1mGetting challenge status: id=e6e0c20a-ec5b-4008-92e9-0596d804dbbd[0m [36mreq[0m=[35mdcb25d2c[0m
[2m17:00:12[0m [[32m[1minfo     [0m] [1mrequest_finished                        [0m [36mduration[0m=[35m0.065[0m [36mmethod[0m=[35mGET[0m [36mpath[0m=[35m/api/v1/challenges/e6e0c20a-ec5b-4008-92e9-0596d804dbbd[0m [36mreq[0m=[35mdcb25d2c[0m [36mrequest_id[0m=[35mdcb25d2c-5cc6-4390-8f6e-da47b53e7c07[0m [36mstatus[0m=[35m200[0m
[2m17:00:17[0m [[32m[1minfo     [0m] [1mGetting challenge status: id=e6e0c20a-ec5b-4008-92e9-0596d804dbbd[0m [36mreq[0m=[35me871f528[0m
[2m17:00:17[0m [[32m[1minfo     [0m] [1mrequest_finished                        [0m [36mduration[0m=[35m0.077[0m [36mmethod[0m=[35mGET[0m [36mpath[0m=[35m/api/v1/challenges/e6e0c20a-ec5b-4008-92e9-0596d804dbbd[0m [36mreq[0m=[35me871f528[0m [36mrequest_id[0m=[35me871f528-bf4f-4da1-8d54-905365dfb891[0m [36mstatus[0m=[35m200[0m
[2m17:00:22[0m [[32m[1minfo     [0m] [1mGetting challenge status: id=e6e0c20a-ec5b-4008-92e9-0596d804dbbd[0m [36mreq[0m=[35me62f34c0[0m
[2m17:00:22[0m [[32m[1minfo     [0m] [1mrequest_finished                        [0m [36mduration[0m=[35m0.01[0m [36mmethod[0m=[35mGET[0m [36mpath[0m=[35m/api/v1/challenges/e6e0c20a-ec5b-4008-92e9-0596d804dbbd[0m [36mreq[0m=[35me62f34c0[0m [36mrequest_id[0m=[35me62f34c0-f66d-42ad-aefb-e0b20798d65a[0m [36mstatus[0m=[35m200[0m
[2m17:00:27[0m [[32m[1minfo     [0m] [1mGetting challenge status: id=e6e0c20a-ec5b-4008-92e9-0596d804dbbd[0m [36mreq[0m=[35m2a8d8b47[0m
[2m17:00:27[0m [[32m[1minfo     [0m] [1mrequest_finished                        [0m [36mduration[0m=[35m0.031[0m [36mmethod[0m=[35mGET[0m [36mpath[0m=[35m/api/v1/challenges/e6e0c20a-ec5b-4008-92e9-0596d804dbbd[0m [36mreq[0m=[35m2a8d8b47[0m [36mrequest_id[0m=[35m2a8d8b47-e871-4697-8693-0163b8715300[0m [36mstatus[0m=[35m200[0m
[2m17:00:32[0m [[32m[1minfo     [0m] [1mGetting challenge status: id=e6e0c20a-ec5b-4008-92e9-0596d804dbbd[0m [36mreq[0m=[35m209b8677[0m
[2m17:00:32[0m [[32m[1minfo     [0m] [1mrequest_finished                        [0m [36mduration[0m=[35m0.041[0m [36mmethod[0m=[35mGET[0m [36mpath[0m=[35m/api/v1/challenges/e6e0c20a-ec5b-4008-92e9-0596d804dbbd[0m [36mreq[0m=[35m209b8677[0m [36mrequest_id[0m=[35m209b8677-06f9-4d4c-9b68-7abad54cf5fa[0m [36mstatus[0m=[35m200[0m
[2m17:00:37[0m [[32m[1minfo     [0m] [1mGetting challenge status: id=e6e0c20a-ec5b-4008-92e9-0596d804dbbd[0m [36mreq[0m=[35mcb5227d0[0m
[2m17:00:37[0m [[32m[1minfo     [0m] [1mrequest_finished                        [0m [36mduration[0m=[35m0.042[0m [36mmethod[0m=[35mGET[0m [36mpath[0m=[35m/api/v1/challenges/e6e0c20a-ec5b-4008-92e9-0596d804dbbd[0m [36mreq[0m=[35mcb5227d0[0m [36mrequest_id[0m=[35mcb5227d0-1714-4077-8d0c-6402c28fc86a[0m [36mstatus[0m=[35m200[0m
[2m17:00:42[0m [[32m[1minfo     [0m] [1mGetting challenge status: id=e6e0c20a-ec5b-4008-92e9-0596d804dbbd[0m [36mreq[0m=[35m921f566e[0m
[2m17:00:42[0m [[32m[1minfo     [0m] [1mrequest_finished                        [0m [36mduration[0m=[35m0.061[0m [36mmethod[0m=[35mGET[0m [36mpath[0m=[35m/api/v1/challenges/e6e0c20a-ec5b-4008-92e9-0596d804dbbd[0m [36mreq[0m=[35m921f566e[0m [36mrequest_id[0m=[35m921f566e-bd7c-46e8-b7cc-35e35ebe53e4[0m [36mstatus[0m=[35m200[0m
[2m17:00:47[0m [[32m[1minfo     [0m] [1mGetting challenge status: id=e6e0c20a-ec5b-4008-92e9-0596d804dbbd[0m [36mreq[0m=[35mc91d55a1[0m
[2m17:00:48[0m [[32m[1minfo     [0m] [1mrequest_finished                        [0m [36mduration[0m=[35m0.03[0m [36mmethod[0m=[35mGET[0m [36mpath[0m=[35m/api/v1/challenges/e6e0c20a-ec5b-4008-92e9-0596d804dbbd[0m [36mreq[0m=[35mc91d55a1[0m [36mrequest_id[0m=[35mc91d55a1-0632-481d-946f-452c525fc087[0m [36mstatus[0m=[35m200[0m
[2m17:00:53[0m [[32m[1minfo     [0m] [1mGetting challenge status: id=e6e0c20a-ec5b-4008-92e9-0596d804dbbd[0m [36mreq[0m=[35m8552a750[0m
[2m17:00:53[0m [[32m[1minfo     [0m] [1mrequest_finished                        [0m [36mduration[0m=[35m0.012[0m [36mmethod[0m=[35mGET[0m [36mpath[0m=[35m/api/v1/challenges/e6e0c20a-ec5b-4008-92e9-0596d804dbbd[0m [36mreq[0m=[35m8552a750[0m [36mrequest_id[0m=[35m8552a750-cea1-45a4-9bb1-52b524c0f644[0m [36mstatus[0m=[35m200[0m
[2m17:00:58[0m [[32m[1minfo     [0m] [1mGetting challenge status: id=e6e0c20a-ec5b-4008-92e9-0596d804dbbd[0m [36mreq[0m=[35m55c96136[0m
[2m17:00:58[0m [[32m[1minfo     [0m] [1mrequest_finished                        [0m [36mduration[0m=[35m0.031[0m [36mmethod[0m=[35mGET[0m [36mpath[0m=[35m/api/v1/challenges/e6e0c20a-ec5b-4008-92e9-0596d804dbbd[0m [36mreq[0m=[35m55c96136[0m [36mrequest_id[0m=[35m55c96136-96ba-4827-923c-f0b0ae21cf21[0m [36mstatus[0m=[35m200[0m
[2m17:01:01[0m [[32m[1minfo     [0m] [1mSystem packages installed successfully: ffmpeg[0m [36mreq[0m=[35mc42d2747[0m
[2m17:01:01[0m [[32m[1minfo     [0m] [1mInstalling pip packages: "openai-whisper"[0m [36mreq[0m=[35mc42d2747[0m
[2m17:01:03[0m [[32m[1minfo     [0m] [1mGetting challenge status: id=e6e0c20a-ec5b-4008-92e9-0596d804dbbd[0m [36mreq[0m=[35m7f4d32cb[0m
[2m17:01:03[0m [[32m[1minfo     [0m] [1mrequest_finished                        [0m [36mduration[0m=[35m0.029[0m [36mmethod[0m=[35mGET[0m [36mpath[0m=[35m/api/v1/challenges/e6e0c20a-ec5b-4008-92e9-0596d804dbbd[0m [36mreq[0m=[35m7f4d32cb[0m [36mrequest_id[0m=[35m7f4d32cb-e35d-43bb-92a3-294e3c0003cc[0m [36mstatus[0m=[35m200[0m
[2m17:01:08[0m [[32m[1minfo     [0m] [1mGetting challenge status: id=e6e0c20a-ec5b-4008-92e9-0596d804dbbd[0m [36mreq[0m=[35m28e1b168[0m
[2m17:01:08[0m [[32m[1minfo     [0m] [1mrequest_finished                        [0m [36mduration[0m=[35m0.008[0m [36mmethod[0m=[35mGET[0m [36mpath[0m=[35m/api/v1/challenges/e6e0c20a-ec5b-4008-92e9-0596d804dbbd[0m [36mreq[0m=[35m28e1b168[0m [36mrequest_id[0m=[35m28e1b168-d757-48c5-9947-fe0cf3d55231[0m [36mstatus[0m=[35m200[0m
[2m17:01:13[0m [[32m[1minfo     [0m] [1mGetting challenge status: id=e6e0c20a-ec5b-4008-92e9-0596d804dbbd[0m [36mreq[0m=[35me50bf7bb[0m
[2m17:01:13[0m [[32m[1minfo     [0m] [1mrequest_finished                        [0m [36mduration[0m=[35m0.016[0m [36mmethod[0m=[35mGET[0m [36mpath[0m=[35m/api/v1/challenges/e6e0c20a-ec5b-4008-92e9-0596d804dbbd[0m [36mreq[0m=[35me50bf7bb[0m [36mrequest_id[0m=[35me50bf7bb-6eb9-4d58-9433-1fa5053e1184[0m [36mstatus[0m=[35m200[0m
[2m17:01:18[0m [[32m[1minfo     [0m] [1mGetting challenge status: id=e6e0c20a-ec5b-4008-92e9-0596d804dbbd[0m [36mreq[0m=[35m46194e65[0m
[2m17:01:18[0m [[32m[1minfo     [0m] [1mrequest_finished                        [0m [36mduration[0m=[35m0.031[0m [36mmethod[0m=[35mGET[0m [36mpath[0m=[35m/api/v1/challenges/e6e0c20a-ec5b-4008-92e9-0596d804dbbd[0m [36mreq[0m=[35m46194e65[0m [36mrequest_id[0m=[35m46194e65-4fd2-4d34-8fa4-7ec74a9ec901[0m [36mstatus[0m=[35m200[0m
[2m17:01:23[0m [[32m[1minfo     [0m] [1mGetting challenge status: id=e6e0c20a-ec5b-4008-92e9-0596d804dbbd[0m [36mreq[0m=[35m4be41dc4[0m
[2m17:01:23[0m [[32m[1minfo     [0m] [1mrequest_finished                        [0m [36mduration[0m=[35m0.011[0m [36mmethod[0m=[35mGET[0m [36mpath[0m=[35m/api/v1/challenges/e6e0c20a-ec5b-4008-92e9-0596d804dbbd[0m [36mreq[0m=[35m4be41dc4[0m [36mrequest_id[0m=[35m4be41dc4-8fd1-4d36-8e35-e3ba1b4f7b06[0m [36mstatus[0m=[35m200[0m
[2m17:01:28[0m [[32m[1minfo     [0m] [1mGetting challenge status: id=e6e0c20a-ec5b-4008-92e9-0596d804dbbd[0m [36mreq[0m=[35mee7d4e7e[0m
[2m17:01:28[0m [[32m[1minfo     [0m] [1mrequest_finished                        [0m [36mduration[0m=[35m0.05[0m [36mmethod[0m=[35mGET[0m [36mpath[0m=[35m/api/v1/challenges/e6e0c20a-ec5b-4008-92e9-0596d804dbbd[0m [36mreq[0m=[35mee7d4e7e[0m [36mrequest_id[0m=[35mee7d4e7e-bf83-4ff5-816f-ad735bffc2f6[0m [36mstatus[0m=[35m200[0m
[2m17:01:33[0m [[32m[1minfo     [0m] [1mGetting challenge status: id=e6e0c20a-ec5b-4008-92e9-0596d804dbbd[0m [36mreq[0m=[35m6de7f3a5[0m
[2m17:01:33[0m [[32m[1minfo     [0m] [1mrequest_finished                        [0m [36mduration[0m=[35m0.061[0m [36mmethod[0m=[35mGET[0m [36mpath[0m=[35m/api/v1/challenges/e6e0c20a-ec5b-4008-92e9-0596d804dbbd[0m [36mreq[0m=[35m6de7f3a5[0m [36mrequest_id[0m=[35m6de7f3a5-ae82-4fb9-8cb4-9146b8db92d9[0m [36mstatus[0m=[35m200[0m
[2m17:01:38[0m [[32m[1minfo     [0m] [1mGetting challenge status: id=e6e0c20a-ec5b-4008-92e9-0596d804dbbd[0m [36mreq[0m=[35m27784efe[0m
[2m17:01:38[0m [[32m[1minfo     [0m] [1mrequest_finished                        [0m [36mduration[0m=[35m0.066[0m [36mmethod[0m=[35mGET[0m [36mpath[0m=[35m/api/v1/challenges/e6e0c20a-ec5b-4008-92e9-0596d804dbbd[0m [36mreq[0m=[35m27784efe[0m [36mrequest_id[0m=[35m27784efe-6794-49da-befd-278212bb73f0[0m [36mstatus[0m=[35m200[0m
[2m17:01:43[0m [[32m[1minfo     [0m] [1mGetting challenge status: id=e6e0c20a-ec5b-4008-92e9-0596d804dbbd[0m [36mreq[0m=[35m962e24a3[0m
[2m17:01:43[0m [[32m[1minfo     [0m] [1mrequest_finished                        [0m [36mduration[0m=[35m0.048[0m [36mmethod[0m=[35mGET[0m [36mpath[0m=[35m/api/v1/challenges/e6e0c20a-ec5b-4008-92e9-0596d804dbbd[0m [36mreq[0m=[35m962e24a3[0m [36mrequest_id[0m=[35m962e24a3-d696-4471-b9e5-94260e446f64[0m [36mstatus[0m=[35m200[0m
[2m17:01:48[0m [[32m[1minfo     [0m] [1mGetting challenge status: id=e6e0c20a-ec5b-4008-92e9-0596d804dbbd[0m [36mreq[0m=[35me7f5e3e1[0m
[2m17:01:48[0m [[32m[1minfo     [0m] [1mrequest_finished                        [0m [36mduration[0m=[35m0.042[0m [36mmethod[0m=[35mGET[0m [36mpath[0m=[35m/api/v1/challenges/e6e0c20a-ec5b-4008-92e9-0596d804dbbd[0m [36mreq[0m=[35me7f5e3e1[0m [36mrequest_id[0m=[35me7f5e3e1-d4ab-4972-b150-5407b9e6f905[0m [36mstatus[0m=[35m200[0m
[2m17:01:53[0m [[32m[1minfo     [0m] [1mGetting challenge status: id=e6e0c20a-ec5b-4008-92e9-0596d804dbbd[0m [36mreq[0m=[35mb9dc7e8f[0m
[2m17:01:53[0m [[32m[1minfo     [0m] [1mrequest_finished                        [0m [36mduration[0m=[35m0.029[0m [36mmethod[0m=[35mGET[0m [36mpath[0m=[35m/api/v1/challenges/e6e0c20a-ec5b-4008-92e9-0596d804dbbd[0m [36mreq[0m=[35mb9dc7e8f[0m [36mrequest_id[0m=[35mb9dc7e8f-f0f0-48a8-b8ca-98d42b1acfa7[0m [36mstatus[0m=[35m200[0m
[2m17:01:58[0m [[32m[1minfo     [0m] [1mGetting challenge status: id=e6e0c20a-ec5b-4008-92e9-0596d804dbbd[0m [36mreq[0m=[35mcf4af3f9[0m
[2m17:01:58[0m [[32m[1minfo     [0m] [1mrequest_finished                        [0m [36mduration[0m=[35m0.071[0m [36mmethod[0m=[35mGET[0m [36mpath[0m=[35m/api/v1/challenges/e6e0c20a-ec5b-4008-92e9-0596d804dbbd[0m [36mreq[0m=[35mcf4af3f9[0m [36mrequest_id[0m=[35mcf4af3f9-ef0e-46f9-8c3f-601e04a6db4c[0m [36mstatus[0m=[35m200[0m
[2m17:02:03[0m [[32m[1minfo     [0m] [1mGetting challenge status: id=e6e0c20a-ec5b-4008-92e9-0596d804dbbd[0m [36mreq[0m=[35m10b7810d[0m
[2m17:02:03[0m [[32m[1minfo     [0m] [1mrequest_finished                        [0m [36mduration[0m=[35m0.058[0m [36mmethod[0m=[35mGET[0m [36mpath[0m=[35m/api/v1/challenges/e6e0c20a-ec5b-4008-92e9-0596d804dbbd[0m [36mreq[0m=[35m10b7810d[0m [36mrequest_id[0m=[35m10b7810d-8b07-43f1-aa06-bf7e89c0c667[0m [36mstatus[0m=[35m200[0m
[2m17:02:08[0m [[32m[1minfo     [0m] [1mGetting challenge status: id=e6e0c20a-ec5b-4008-92e9-0596d804dbbd[0m [36mreq[0m=[35m61dee1e2[0m
[2m17:02:08[0m [[32m[1minfo     [0m] [1mrequest_finished                        [0m [36mduration[0m=[35m0.056[0m [36mmethod[0m=[35mGET[0m [36mpath[0m=[35m/api/v1/challenges/e6e0c20a-ec5b-4008-92e9-0596d804dbbd[0m [36mreq[0m=[35m61dee1e2[0m [36mrequest_id[0m=[35m61dee1e2-6e5d-45b5-8953-320cda30475c[0m [36mstatus[0m=[35m200[0m
[2m17:02:13[0m [[32m[1minfo     [0m] [1mGetting challenge status: id=e6e0c20a-ec5b-4008-92e9-0596d804dbbd[0m [36mreq[0m=[35m17421d42[0m
[2m17:02:13[0m [[32m[1minfo     [0m] [1mrequest_finished                        [0m [36mduration[0m=[35m0.054[0m [36mmethod[0m=[35mGET[0m [36mpath[0m=[35m/api/v1/challenges/e6e0c20a-ec5b-4008-92e9-0596d804dbbd[0m [36mreq[0m=[35m17421d42[0m [36mrequest_id[0m=[35m17421d42-7580-4cde-a41f-1a39ebe7c4f6[0m [36mstatus[0m=[35m200[0m
[2m17:02:19[0m [[32m[1minfo     [0m] [1mGetting challenge status: id=e6e0c20a-ec5b-4008-92e9-0596d804dbbd[0m [36mreq[0m=[35m1bf2f231[0m
[2m17:02:19[0m [[32m[1minfo     [0m] [1mrequest_finished                        [0m [36mduration[0m=[35m0.044[0m [36mmethod[0m=[35mGET[0m [36mpath[0m=[35m/api/v1/challenges/e6e0c20a-ec5b-4008-92e9-0596d804dbbd[0m [36mreq[0m=[35m1bf2f231[0m [36mrequest_id[0m=[35m1bf2f231-ce11-4d69-b505-ed8ab0d2bf11[0m [36mstatus[0m=[35m200[0m
[2m17:02:24[0m [[32m[1minfo     [0m] [1mGetting challenge status: id=e6e0c20a-ec5b-4008-92e9-0596d804dbbd[0m [36mreq[0m=[35mced2c6e8[0m
[2m17:02:24[0m [[32m[1minfo     [0m] [1mrequest_finished                        [0m [36mduration[0m=[35m0.059[0m [36mmethod[0m=[35mGET[0m [36mpath[0m=[35m/api/v1/challenges/e6e0c20a-ec5b-4008-92e9-0596d804dbbd[0m [36mreq[0m=[35mced2c6e8[0m [36mrequest_id[0m=[35mced2c6e8-f0ca-4cd3-92bd-fad74d49138e[0m [36mstatus[0m=[35m200[0m
[2m17:02:29[0m [[32m[1minfo     [0m] [1mGetting challenge status: id=e6e0c20a-ec5b-4008-92e9-0596d804dbbd[0m [36mreq[0m=[35m5067bc83[0m
[2m17:02:29[0m [[32m[1minfo     [0m] [1mrequest_finished                        [0m [36mduration[0m=[35m0.069[0m [36mmethod[0m=[35mGET[0m [36mpath[0m=[35m/api/v1/challenges/e6e0c20a-ec5b-4008-92e9-0596d804dbbd[0m [36mreq[0m=[35m5067bc83[0m [36mrequest_id[0m=[35m5067bc83-bdbb-4903-b8ff-92a877518c5b[0m [36mstatus[0m=[35m200[0m
[2m17:02:34[0m [[32m[1minfo     [0m] [1mGetting challenge status: id=e6e0c20a-ec5b-4008-92e9-0596d804dbbd[0m [36mreq[0m=[35m839b2488[0m
[2m17:02:34[0m [[32m[1minfo     [0m] [1mrequest_finished                        [0m [36mduration[0m=[35m0.046[0m [36mmethod[0m=[35mGET[0m [36mpath[0m=[35m/api/v1/challenges/e6e0c20a-ec5b-4008-92e9-0596d804dbbd[0m [36mreq[0m=[35m839b2488[0m [36mrequest_id[0m=[35m839b2488-8dc2-4e3f-ab1b-889310d4221f[0m [36mstatus[0m=[35m200[0m
[2m17:02:39[0m [[32m[1minfo     [0m] [1mGetting challenge status: id=e6e0c20a-ec5b-4008-92e9-0596d804dbbd[0m [36mreq[0m=[35m0202a6f2[0m
[2m17:02:39[0m [[32m[1minfo     [0m] [1mrequest_finished                        [0m [36mduration[0m=[35m0.038[0m [36mmethod[0m=[35mGET[0m [36mpath[0m=[35m/api/v1/challenges/e6e0c20a-ec5b-4008-92e9-0596d804dbbd[0m [36mreq[0m=[35m0202a6f2[0m [36mrequest_id[0m=[35m0202a6f2-b9a1-4214-83fa-781fad47592a[0m [36mstatus[0m=[35m200[0m
[2m17:02:44[0m [[32m[1minfo     [0m] [1mGetting challenge status: id=e6e0c20a-ec5b-4008-92e9-0596d804dbbd[0m [36mreq[0m=[35me1882c9f[0m
[2m17:02:44[0m [[32m[1minfo     [0m] [1mrequest_finished                        [0m [36mduration[0m=[35m0.065[0m [36mmethod[0m=[35mGET[0m [36mpath[0m=[35m/api/v1/challenges/e6e0c20a-ec5b-4008-92e9-0596d804dbbd[0m [36mreq[0m=[35me1882c9f[0m [36mrequest_id[0m=[35me1882c9f-39bf-4b8c-91e0-bb4c807c9187[0m [36mstatus[0m=[35m200[0m
[2m17:02:49[0m [[32m[1minfo     [0m] [1mGetting challenge status: id=e6e0c20a-ec5b-4008-92e9-0596d804dbbd[0m [36mreq[0m=[35mb6fe3f8d[0m
[2m17:02:49[0m [[32m[1minfo     [0m] [1mrequest_finished                        [0m [36mduration[0m=[35m0.072[0m [36mmethod[0m=[35mGET[0m [36mpath[0m=[35m/api/v1/challenges/e6e0c20a-ec5b-4008-92e9-0596d804dbbd[0m [36mreq[0m=[35mb6fe3f8d[0m [36mrequest_id[0m=[35mb6fe3f8d-38eb-4b08-9087-1babc04651d8[0m [36mstatus[0m=[35m200[0m
[2m17:02:54[0m [[32m[1minfo     [0m] [1mGetting challenge status: id=e6e0c20a-ec5b-4008-92e9-0596d804dbbd[0m [36mreq[0m=[35m03bc99a9[0m
[2m17:02:54[0m [[32m[1minfo     [0m] [1mrequest_finished                        [0m [36mduration[0m=[35m0.037[0m [36mmethod[0m=[35mGET[0m [36mpath[0m=[35m/api/v1/challenges/e6e0c20a-ec5b-4008-92e9-0596d804dbbd[0m [36mreq[0m=[35m03bc99a9[0m [36mrequest_id[0m=[35m03bc99a9-8869-4bca-b782-aabfdc3b6993[0m [36mstatus[0m=[35m200[0m
[2m17:02:59[0m [[32m[1minfo     [0m] [1mGetting challenge status: id=e6e0c20a-ec5b-4008-92e9-0596d804dbbd[0m [36mreq[0m=[35m03038d69[0m
[2m17:02:59[0m [[32m[1minfo     [0m] [1mrequest_finished                        [0m [36mduration[0m=[35m0.044[0m [36mmethod[0m=[35mGET[0m [36mpath[0m=[35m/api/v1/challenges/e6e0c20a-ec5b-4008-92e9-0596d804dbbd[0m [36mreq[0m=[35m03038d69[0m [36mrequest_id[0m=[35m03038d69-c95d-47a0-b633-c388283933fe[0m [36mstatus[0m=[35m200[0m
[2m17:03:04[0m [[32m[1minfo     [0m] [1mGetting challenge status: id=e6e0c20a-ec5b-4008-92e9-0596d804dbbd[0m [36mreq[0m=[35maccbb3d8[0m
[2m17:03:04[0m [[32m[1minfo     [0m] [1mrequest_finished                        [0m [36mduration[0m=[35m0.069[0m [36mmethod[0m=[35mGET[0m [36mpath[0m=[35m/api/v1/challenges/e6e0c20a-ec5b-4008-92e9-0596d804dbbd[0m [36mreq[0m=[35maccbb3d8[0m [36mrequest_id[0m=[35maccbb3d8-49f9-411d-b045-7808947cc07d[0m [36mstatus[0m=[35m200[0m
[2m17:03:09[0m [[32m[1minfo     [0m] [1mGetting challenge status: id=e6e0c20a-ec5b-4008-92e9-0596d804dbbd[0m [36mreq[0m=[35m8c4a2b28[0m
[2m17:03:09[0m [[32m[1minfo     [0m] [1mrequest_finished                        [0m [36mduration[0m=[35m0.04[0m [36mmethod[0m=[35mGET[0m [36mpath[0m=[35m/api/v1/challenges/e6e0c20a-ec5b-4008-92e9-0596d804dbbd[0m [36mreq[0m=[35m8c4a2b28[0m [36mrequest_id[0m=[35m8c4a2b28-04f9-4cb9-a1da-b2b6e753e247[0m [36mstatus[0m=[35m200[0m
[2m17:03:14[0m [[32m[1minfo     [0m] [1mGetting challenge status: id=e6e0c20a-ec5b-4008-92e9-0596d804dbbd[0m [36mreq[0m=[35mf389cbb0[0m
[2m17:03:14[0m [[32m[1minfo     [0m] [1mrequest_finished                        [0m [36mduration[0m=[35m0.078[0m [36mmethod[0m=[35mGET[0m [36mpath[0m=[35m/api/v1/challenges/e6e0c20a-ec5b-4008-92e9-0596d804dbbd[0m [36mreq[0m=[35mf389cbb0[0m [36mrequest_id[0m=[35mf389cbb0-fa3f-4c31-b1d3-678dab4dd7b5[0m [36mstatus[0m=[35m200[0m
[2m17:03:19[0m [[32m[1minfo     [0m] [1mGetting challenge status: id=e6e0c20a-ec5b-4008-92e9-0596d804dbbd[0m [36mreq[0m=[35medf50ac6[0m
[2m17:03:19[0m [[32m[1minfo     [0m] [1mrequest_finished                        [0m [36mduration[0m=[35m0.025[0m [36mmethod[0m=[35mGET[0m [36mpath[0m=[35m/api/v1/challenges/e6e0c20a-ec5b-4008-92e9-0596d804dbbd[0m [36mreq[0m=[35medf50ac6[0m [36mrequest_id[0m=[35medf50ac6-9b63-4c4e-a9b6-caf3f1d0fd52[0m [36mstatus[0m=[35m200[0m
[2m17:03:24[0m [[32m[1minfo     [0m] [1mGetting challenge status: id=e6e0c20a-ec5b-4008-92e9-0596d804dbbd[0m [36mreq[0m=[35me1dd7d98[0m
[2m17:03:24[0m [[32m[1minfo     [0m] [1mrequest_finished                        [0m [36mduration[0m=[35m0.013[0m [36mmethod[0m=[35mGET[0m [36mpath[0m=[35m/api/v1/challenges/e6e0c20a-ec5b-4008-92e9-0596d804dbbd[0m [36mreq[0m=[35me1dd7d98[0m [36mrequest_id[0m=[35me1dd7d98-1695-48ec-8572-a1e29fd3755c[0m [36mstatus[0m=[35m200[0m
[2m17:03:29[0m [[32m[1minfo     [0m] [1mGetting challenge status: id=e6e0c20a-ec5b-4008-92e9-0596d804dbbd[0m [36mreq[0m=[35m3fd705f5[0m
[2m17:03:30[0m [[32m[1minfo     [0m] [1mrequest_finished                        [0m [36mduration[0m=[35m0.056[0m [36mmethod[0m=[35mGET[0m [36mpath[0m=[35m/api/v1/challenges/e6e0c20a-ec5b-4008-92e9-0596d804dbbd[0m [36mreq[0m=[35m3fd705f5[0m [36mrequest_id[0m=[35m3fd705f5-06bd-42b2-a562-904616141389[0m [36mstatus[0m=[35m200[0m
[2m17:03:35[0m [[32m[1minfo     [0m] [1mGetting challenge status: id=e6e0c20a-ec5b-4008-92e9-0596d804dbbd[0m [36mreq[0m=[35m44cc7e71[0m
[2m17:03:35[0m [[32m[1minfo     [0m] [1mrequest_finished                        [0m [36mduration[0m=[35m0.069[0m [36mmethod[0m=[35mGET[0m [36mpath[0m=[35m/api/v1/challenges/e6e0c20a-ec5b-4008-92e9-0596d804dbbd[0m [36mreq[0m=[35m44cc7e71[0m [36mrequest_id[0m=[35m44cc7e71-7748-4707-8e65-1c156caf9ae4[0m [36mstatus[0m=[35m200[0m
[2m17:03:40[0m [[32m[1minfo     [0m] [1mGetting challenge status: id=e6e0c20a-ec5b-4008-92e9-0596d804dbbd[0m [36mreq[0m=[35m1fd59f99[0m
[2m17:03:40[0m [[32m[1minfo     [0m] [1mrequest_finished                        [0m [36mduration[0m=[35m0.031[0m [36mmethod[0m=[35mGET[0m [36mpath[0m=[35m/api/v1/challenges/e6e0c20a-ec5b-4008-92e9-0596d804dbbd[0m [36mreq[0m=[35m1fd59f99[0m [36mrequest_id[0m=[35m1fd59f99-7476-4e5c-8843-3d9734fd0919[0m [36mstatus[0m=[35m200[0m
[2m17:03:45[0m [[32m[1minfo     [0m] [1mGetting challenge status: id=e6e0c20a-ec5b-4008-92e9-0596d804dbbd[0m [36mreq[0m=[35mfb626a7f[0m
[2m17:03:45[0m [[32m[1minfo     [0m] [1mrequest_finished                        [0m [36mduration[0m=[35m0.05[0m [36mmethod[0m=[35mGET[0m [36mpath[0m=[35m/api/v1/challenges/e6e0c20a-ec5b-4008-92e9-0596d804dbbd[0m [36mreq[0m=[35mfb626a7f[0m [36mrequest_id[0m=[35mfb626a7f-861e-44b8-840f-dcfb7bd6fad0[0m [36mstatus[0m=[35m200[0m
[2m17:03:50[0m [[32m[1minfo     [0m] [1mGetting challenge status: id=e6e0c20a-ec5b-4008-92e9-0596d804dbbd[0m [36mreq[0m=[35m549db1b3[0m
[2m17:03:50[0m [[32m[1minfo     [0m] [1mrequest_finished                        [0m [36mduration[0m=[35m0.044[0m [36mmethod[0m=[35mGET[0m [36mpath[0m=[35m/api/v1/challenges/e6e0c20a-ec5b-4008-92e9-0596d804dbbd[0m [36mreq[0m=[35m549db1b3[0m [36mrequest_id[0m=[35m549db1b3-0462-40ed-95f6-c3f51a8d088c[0m [36mstatus[0m=[35m200[0m
[2m17:03:55[0m [[32m[1minfo     [0m] [1mGetting challenge status: id=e6e0c20a-ec5b-4008-92e9-0596d804dbbd[0m [36mreq[0m=[35mdb17b003[0m
[2m17:03:55[0m [[32m[1minfo     [0m] [1mrequest_finished                        [0m [36mduration[0m=[35m0.059[0m [36mmethod[0m=[35mGET[0m [36mpath[0m=[35m/api/v1/challenges/e6e0c20a-ec5b-4008-92e9-0596d804dbbd[0m [36mreq[0m=[35mdb17b003[0m [36mrequest_id[0m=[35mdb17b003-fa73-46b9-b672-e54d6e2d5834[0m [36mstatus[0m=[35m200[0m
[2m17:04:00[0m [[32m[1minfo     [0m] [1mGetting challenge status: id=e6e0c20a-ec5b-4008-92e9-0596d804dbbd[0m [36mreq[0m=[35m928a3972[0m
[2m17:04:00[0m [[32m[1minfo     [0m] [1mrequest_finished                        [0m [36mduration[0m=[35m0.036[0m [36mmethod[0m=[35mGET[0m [36mpath[0m=[35m/api/v1/challenges/e6e0c20a-ec5b-4008-92e9-0596d804dbbd[0m [36mreq[0m=[35m928a3972[0m [36mrequest_id[0m=[35m928a3972-0bb8-4b1c-9441-d90c56a7a65b[0m [36mstatus[0m=[35m200[0m
[2m17:04:00[0m [[32m[1minfo     [0m] [1mPip packages installed successfully     [0m [36mreq[0m=[35mc42d2747[0m
[2m17:04:05[0m [[32m[1minfo     [0m] [1mGetting challenge status: id=e6e0c20a-ec5b-4008-92e9-0596d804dbbd[0m [36mreq[0m=[35mf74e31c2[0m
[2m17:04:05[0m [[32m[1minfo     [0m] [1mrequest_finished                        [0m [36mduration[0m=[35m0.078[0m [36mmethod[0m=[35mGET[0m [36mpath[0m=[35m/api/v1/challenges/e6e0c20a-ec5b-4008-92e9-0596d804dbbd[0m [36mreq[0m=[35mf74e31c2[0m [36mrequest_id[0m=[35mf74e31c2-3637-4b7a-ad67-02ba7b492cce[0m [36mstatus[0m=[35m200[0m
[2m17:04:10[0m [[32m[1minfo     [0m] [1mGetting challenge status: id=e6e0c20a-ec5b-4008-92e9-0596d804dbbd[0m [36mreq[0m=[35ma23b5274[0m
[2m17:04:10[0m [[32m[1minfo     [0m] [1mrequest_finished                        [0m [36mduration[0m=[35m0.056[0m [36mmethod[0m=[35mGET[0m [36mpath[0m=[35m/api/v1/challenges/e6e0c20a-ec5b-4008-92e9-0596d804dbbd[0m [36mreq[0m=[35ma23b5274[0m [36mrequest_id[0m=[35ma23b5274-b50c-4bbf-97e4-de8aa4cbc38c[0m [36mstatus[0m=[35m200[0m
[2m17:04:15[0m [[32m[1minfo     [0m] [1mGetting challenge status: id=e6e0c20a-ec5b-4008-92e9-0596d804dbbd[0m [36mreq[0m=[35m99c3a926[0m
[2m17:04:15[0m [[32m[1minfo     [0m] [1mrequest_finished                        [0m [36mduration[0m=[35m0.02[0m [36mmethod[0m=[35mGET[0m [36mpath[0m=[35m/api/v1/challenges/e6e0c20a-ec5b-4008-92e9-0596d804dbbd[0m [36mreq[0m=[35m99c3a926[0m [36mrequest_id[0m=[35m99c3a926-cdcf-4d76-81e9-bbe5e143ddc4[0m [36mstatus[0m=[35m200[0m
[2m17:04:20[0m [[32m[1minfo     [0m] [1mGetting challenge status: id=e6e0c20a-ec5b-4008-92e9-0596d804dbbd[0m [36mreq[0m=[35mbd62e2eb[0m
[2m17:04:20[0m [[32m[1minfo     [0m] [1mrequest_finished                        [0m [36mduration[0m=[35m0.008[0m [36mmethod[0m=[35mGET[0m [36mpath[0m=[35m/api/v1/challenges/e6e0c20a-ec5b-4008-92e9-0596d804dbbd[0m [36mreq[0m=[35mbd62e2eb[0m [36mrequest_id[0m=[35mbd62e2eb-3a4f-4c52-9e7e-44d2f5011c4d[0m [36mstatus[0m=[35m200[0m
[2m17:04:25[0m [[32m[1minfo     [0m] [1mGetting challenge status: id=e6e0c20a-ec5b-4008-92e9-0596d804dbbd[0m [36mreq[0m=[35m2eb11359[0m
[2m17:04:25[0m [[32m[1minfo     [0m] [1mrequest_finished                        [0m [36mduration[0m=[35m0.05[0m [36mmethod[0m=[35mGET[0m [36mpath[0m=[35m/api/v1/challenges/e6e0c20a-ec5b-4008-92e9-0596d804dbbd[0m [36mreq[0m=[35m2eb11359[0m [36mrequest_id[0m=[35m2eb11359-03da-4a68-a6dc-04e0fb94f10a[0m [36mstatus[0m=[35m200[0m
[2m17:04:30[0m [[32m[1minfo     [0m] [1mGetting challenge status: id=e6e0c20a-ec5b-4008-92e9-0596d804dbbd[0m [36mreq[0m=[35m3e4b6171[0m
[2m17:04:30[0m [[32m[1minfo     [0m] [1mrequest_finished                        [0m [36mduration[0m=[35m0.008[0m [36mmethod[0m=[35mGET[0m [36mpath[0m=[35m/api/v1/challenges/e6e0c20a-ec5b-4008-92e9-0596d804dbbd[0m [36mreq[0m=[35m3e4b6171[0m [36mrequest_id[0m=[35m3e4b6171-d53f-472a-8a53-dc423b100f5f[0m [36mstatus[0m=[35m200[0m
[2m17:04:35[0m [[32m[1minfo     [0m] [1mGetting challenge status: id=e6e0c20a-ec5b-4008-92e9-0596d804dbbd[0m [36mreq[0m=[35m8d3b94d5[0m
[2m17:04:35[0m [[32m[1minfo     [0m] [1mrequest_finished                        [0m [36mduration[0m=[35m0.031[0m [36mmethod[0m=[35mGET[0m [36mpath[0m=[35m/api/v1/challenges/e6e0c20a-ec5b-4008-92e9-0596d804dbbd[0m [36mreq[0m=[35m8d3b94d5[0m [36mrequest_id[0m=[35m8d3b94d5-f28f-4451-bacb-09a162b59569[0m [36mstatus[0m=[35m200[0m
[2m17:04:40[0m [[32m[1minfo     [0m] [1mGetting challenge status: id=e6e0c20a-ec5b-4008-92e9-0596d804dbbd[0m [36mreq[0m=[35m4cc4a5a5[0m
[2m17:04:40[0m [[32m[1minfo     [0m] [1mrequest_finished                        [0m [36mduration[0m=[35m0.011[0m [36mmethod[0m=[35mGET[0m [36mpath[0m=[35m/api/v1/challenges/e6e0c20a-ec5b-4008-92e9-0596d804dbbd[0m [36mreq[0m=[35m4cc4a5a5[0m [36mrequest_id[0m=[35m4cc4a5a5-261c-49d6-b9e6-e4aeed707d2a[0m [36mstatus[0m=[35m200[0m
[2m17:04:45[0m [[32m[1minfo     [0m] [1mGetting challenge status: id=e6e0c20a-ec5b-4008-92e9-0596d804dbbd[0m [36mreq[0m=[35m9edb32a0[0m
[2m17:04:45[0m [[32m[1minfo     [0m] [1mrequest_finished                        [0m [36mduration[0m=[35m0.072[0m [36mmethod[0m=[35mGET[0m [36mpath[0m=[35m/api/v1/challenges/e6e0c20a-ec5b-4008-92e9-0596d804dbbd[0m [36mreq[0m=[35m9edb32a0[0m [36mrequest_id[0m=[35m9edb32a0-8551-426d-b40e-9de27bb1850b[0m [36mstatus[0m=[35m200[0m
[2m17:04:50[0m [[32m[1minfo     [0m] [1mGetting challenge status: id=e6e0c20a-ec5b-4008-92e9-0596d804dbbd[0m [36mreq[0m=[35me5d0e078[0m
[2m17:04:50[0m [[32m[1minfo     [0m] [1mrequest_finished                        [0m [36mduration[0m=[35m0.1[0m [36mmethod[0m=[35mGET[0m [36mpath[0m=[35m/api/v1/challenges/e6e0c20a-ec5b-4008-92e9-0596d804dbbd[0m [36mreq[0m=[35me5d0e078[0m [36mrequest_id[0m=[35me5d0e078-7381-4864-ad6f-393c43ec017d[0m [36mstatus[0m=[35m200[0m
[2m17:04:55[0m [[32m[1minfo     [0m] [1mGetting challenge status: id=e6e0c20a-ec5b-4008-92e9-0596d804dbbd[0m [36mreq[0m=[35m7f77ffc5[0m
[2m17:04:55[0m [[32m[1minfo     [0m] [1mrequest_finished                        [0m [36mduration[0m=[35m0.015[0m [36mmethod[0m=[35mGET[0m [36mpath[0m=[35m/api/v1/challenges/e6e0c20a-ec5b-4008-92e9-0596d804dbbd[0m [36mreq[0m=[35m7f77ffc5[0m [36mrequest_id[0m=[35m7f77ffc5-455e-4c82-8ac0-0ec291dfaa46[0m [36mstatus[0m=[35m200[0m
[2m17:05:00[0m [[32m[1minfo     [0m] [1mGetting challenge status: id=e6e0c20a-ec5b-4008-92e9-0596d804dbbd[0m [36mreq[0m=[35m7211a0a5[0m
[2m17:05:01[0m [[32m[1minfo     [0m] [1mrequest_finished                        [0m [36mduration[0m=[35m0.07[0m [36mmethod[0m=[35mGET[0m [36mpath[0m=[35m/api/v1/challenges/e6e0c20a-ec5b-4008-92e9-0596d804dbbd[0m [36mreq[0m=[35m7211a0a5[0m [36mrequest_id[0m=[35m7211a0a5-ac6d-4b10-9488-5fd66727503d[0m [36mstatus[0m=[35m200[0m
[2m17:05:06[0m [[32m[1minfo     [0m] [1mGetting challenge status: id=e6e0c20a-ec5b-4008-92e9-0596d804dbbd[0m [36mreq[0m=[35mbe52bfe1[0m
[2m17:05:06[0m [[32m[1minfo     [0m] [1mrequest_finished                        [0m [36mduration[0m=[35m0.035[0m [36mmethod[0m=[35mGET[0m [36mpath[0m=[35m/api/v1/challenges/e6e0c20a-ec5b-4008-92e9-0596d804dbbd[0m [36mreq[0m=[35mbe52bfe1[0m [36mrequest_id[0m=[35mbe52bfe1-e97b-4406-97a3-3f171b4936de[0m [36mstatus[0m=[35m200[0m
[2m17:05:11[0m [[32m[1minfo     [0m] [1mGetting challenge status: id=e6e0c20a-ec5b-4008-92e9-0596d804dbbd[0m [36mreq[0m=[35m70248e36[0m
[2m17:05:11[0m [[32m[1minfo     [0m] [1mrequest_finished                        [0m [36mduration[0m=[35m0.07[0m [36mmethod[0m=[35mGET[0m [36mpath[0m=[35m/api/v1/challenges/e6e0c20a-ec5b-4008-92e9-0596d804dbbd[0m [36mreq[0m=[35m70248e36[0m [36mrequest_id[0m=[35m70248e36-b774-4c63-8541-f7e1fe82b31e[0m [36mstatus[0m=[35m200[0m
[2m17:05:16[0m [[32m[1minfo     [0m] [1mGetting challenge status: id=e6e0c20a-ec5b-4008-92e9-0596d804dbbd[0m [36mreq[0m=[35mee66d9c0[0m
[2m17:05:16[0m [[32m[1minfo     [0m] [1mrequest_finished                        [0m [36mduration[0m=[35m0.104[0m [36mmethod[0m=[35mGET[0m [36mpath[0m=[35m/api/v1/challenges/e6e0c20a-ec5b-4008-92e9-0596d804dbbd[0m [36mreq[0m=[35mee66d9c0[0m [36mrequest_id[0m=[35mee66d9c0-5052-4599-9b7d-8b28fade8700[0m [36mstatus[0m=[35m200[0m
[2m17:05:21[0m [[32m[1minfo     [0m] [1mGetting challenge status: id=e6e0c20a-ec5b-4008-92e9-0596d804dbbd[0m [36mreq[0m=[35mffebed4c[0m
[2m17:05:21[0m [[32m[1minfo     [0m] [1mrequest_finished                        [0m [36mduration[0m=[35m0.007[0m [36mmethod[0m=[35mGET[0m [36mpath[0m=[35m/api/v1/challenges/e6e0c20a-ec5b-4008-92e9-0596d804dbbd[0m [36mreq[0m=[35mffebed4c[0m [36mrequest_id[0m=[35mffebed4c-34cb-49e7-90b4-69352fe9013a[0m [36mstatus[0m=[35m200[0m
[2m17:05:26[0m [[32m[1minfo     [0m] [1mGetting challenge status: id=e6e0c20a-ec5b-4008-92e9-0596d804dbbd[0m [36mreq[0m=[35m35a53b9c[0m
[2m17:05:26[0m [[32m[1minfo     [0m] [1mrequest_finished                        [0m [36mduration[0m=[35m0.058[0m [36mmethod[0m=[35mGET[0m [36mpath[0m=[35m/api/v1/challenges/e6e0c20a-ec5b-4008-92e9-0596d804dbbd[0m [36mreq[0m=[35m35a53b9c[0m [36mrequest_id[0m=[35m35a53b9c-ff42-47c0-9e13-84d2058a566b[0m [36mstatus[0m=[35m200[0m
[2m17:05:31[0m [[32m[1minfo     [0m] [1mGetting challenge status: id=e6e0c20a-ec5b-4008-92e9-0596d804dbbd[0m [36mreq[0m=[35m408b607d[0m
[2m17:05:31[0m [[32m[1minfo     [0m] [1mrequest_finished                        [0m [36mduration[0m=[35m0.007[0m [36mmethod[0m=[35mGET[0m [36mpath[0m=[35m/api/v1/challenges/e6e0c20a-ec5b-4008-92e9-0596d804dbbd[0m [36mreq[0m=[35m408b607d[0m [36mrequest_id[0m=[35m408b607d-2cbd-40b0-9643-b73909de65bd[0m [36mstatus[0m=[35m200[0m
[2m17:05:36[0m [[32m[1minfo     [0m] [1mGetting challenge status: id=e6e0c20a-ec5b-4008-92e9-0596d804dbbd[0m [36mreq[0m=[35m589274a5[0m
[2m17:05:36[0m [[32m[1minfo     [0m] [1mrequest_finished                        [0m [36mduration[0m=[35m0.07[0m [36mmethod[0m=[35mGET[0m [36mpath[0m=[35m/api/v1/challenges/e6e0c20a-ec5b-4008-92e9-0596d804dbbd[0m [36mreq[0m=[35m589274a5[0m [36mrequest_id[0m=[35m589274a5-de36-4eea-a267-d35863c6cb8c[0m [36mstatus[0m=[35m200[0m
[2m17:05:41[0m [[32m[1minfo     [0m] [1mGetting challenge status: id=e6e0c20a-ec5b-4008-92e9-0596d804dbbd[0m [36mreq[0m=[35ma915ad0b[0m
[2m17:05:41[0m [[32m[1minfo     [0m] [1mrequest_finished                        [0m [36mduration[0m=[35m0.007[0m [36mmethod[0m=[35mGET[0m [36mpath[0m=[35m/api/v1/challenges/e6e0c20a-ec5b-4008-92e9-0596d804dbbd[0m [36mreq[0m=[35ma915ad0b[0m [36mrequest_id[0m=[35ma915ad0b-958d-456c-8af4-9472b5dc1747[0m [36mstatus[0m=[35m200[0m
[2m17:05:46[0m [[32m[1minfo     [0m] [1mGetting challenge status: id=e6e0c20a-ec5b-4008-92e9-0596d804dbbd[0m [36mreq[0m=[35mb098083e[0m
[2m17:05:46[0m [[32m[1minfo     [0m] [1mrequest_finished                        [0m [36mduration[0m=[35m0.094[0m [36mmethod[0m=[35mGET[0m [36mpath[0m=[35m/api/v1/challenges/e6e0c20a-ec5b-4008-92e9-0596d804dbbd[0m [36mreq[0m=[35mb098083e[0m [36mrequest_id[0m=[35mb098083e-e1be-4d51-9649-a460cf48403a[0m [36mstatus[0m=[35m200[0m
[2m17:05:51[0m [[32m[1minfo     [0m] [1mGetting challenge status: id=e6e0c20a-ec5b-4008-92e9-0596d804dbbd[0m [36mreq[0m=[35m8c1b926e[0m
[2m17:05:51[0m [[32m[1minfo     [0m] [1mrequest_finished                        [0m [36mduration[0m=[35m0.008[0m [36mmethod[0m=[35mGET[0m [36mpath[0m=[35m/api/v1/challenges/e6e0c20a-ec5b-4008-92e9-0596d804dbbd[0m [36mreq[0m=[35m8c1b926e[0m [36mrequest_id[0m=[35m8c1b926e-43cc-479a-a0da-3202458db1de[0m [36mstatus[0m=[35m200[0m
[2m17:05:56[0m [[32m[1minfo     [0m] [1mGetting challenge status: id=e6e0c20a-ec5b-4008-92e9-0596d804dbbd[0m [36mreq[0m=[35me87fac6b[0m
[2m17:05:56[0m [[32m[1minfo     [0m] [1mrequest_finished                        [0m [36mduration[0m=[35m0.1[0m [36mmethod[0m=[35mGET[0m [36mpath[0m=[35m/api/v1/challenges/e6e0c20a-ec5b-4008-92e9-0596d804dbbd[0m [36mreq[0m=[35me87fac6b[0m [36mrequest_id[0m=[35me87fac6b-2958-4e95-b709-b21333dc98a2[0m [36mstatus[0m=[35m200[0m
[2m17:06:01[0m [[32m[1minfo     [0m] [1mGetting challenge status: id=e6e0c20a-ec5b-4008-92e9-0596d804dbbd[0m [36mreq[0m=[35m04c28866[0m
[2m17:06:01[0m [[32m[1minfo     [0m] [1mrequest_finished                        [0m [36mduration[0m=[35m0.027[0m [36mmethod[0m=[35mGET[0m [36mpath[0m=[35m/api/v1/challenges/e6e0c20a-ec5b-4008-92e9-0596d804dbbd[0m [36mreq[0m=[35m04c28866[0m [36mrequest_id[0m=[35m04c28866-7d62-4b4e-969f-85139e0e5a7a[0m [36mstatus[0m=[35m200[0m
[2m17:06:06[0m [[32m[1minfo     [0m] [1mGetting challenge status: id=e6e0c20a-ec5b-4008-92e9-0596d804dbbd[0m [36mreq[0m=[35me10f8384[0m
[2m17:06:06[0m [[32m[1minfo     [0m] [1mrequest_finished                        [0m [36mduration[0m=[35m0.062[0m [36mmethod[0m=[35mGET[0m [36mpath[0m=[35m/api/v1/challenges/e6e0c20a-ec5b-4008-92e9-0596d804dbbd[0m [36mreq[0m=[35me10f8384[0m [36mrequest_id[0m=[35me10f8384-1db5-4488-b46f-8f73d679d9d9[0m [36mstatus[0m=[35m200[0m
[2m17:06:11[0m [[32m[1minfo     [0m] [1mGetting challenge status: id=e6e0c20a-ec5b-4008-92e9-0596d804dbbd[0m [36mreq[0m=[35m4b25f2f0[0m
[2m17:06:11[0m [[32m[1minfo     [0m] [1mrequest_finished                        [0m [36mduration[0m=[35m0.006[0m [36mmethod[0m=[35mGET[0m [36mpath[0m=[35m/api/v1/challenges/e6e0c20a-ec5b-4008-92e9-0596d804dbbd[0m [36mreq[0m=[35m4b25f2f0[0m [36mrequest_id[0m=[35m4b25f2f0-abbb-4a41-be22-9afe10082254[0m [36mstatus[0m=[35m200[0m
[2m17:06:16[0m [[32m[1minfo     [0m] [1mGetting challenge status: id=e6e0c20a-ec5b-4008-92e9-0596d804dbbd[0m [36mreq[0m=[35m7a67b7db[0m
[2m17:06:16[0m [[32m[1minfo     [0m] [1mrequest_finished                        [0m [36mduration[0m=[35m0.089[0m [36mmethod[0m=[35mGET[0m [36mpath[0m=[35m/api/v1/challenges/e6e0c20a-ec5b-4008-92e9-0596d804dbbd[0m [36mreq[0m=[35m7a67b7db[0m [36mrequest_id[0m=[35m7a67b7db-240e-4f77-ad47-bd7f1ef404f7[0m [36mstatus[0m=[35m200[0m
[2m17:06:21[0m [[32m[1minfo     [0m] [1mGetting challenge status: id=e6e0c20a-ec5b-4008-92e9-0596d804dbbd[0m [36mreq[0m=[35m5b80c671[0m
[2m17:06:21[0m [[32m[1minfo     [0m] [1mrequest_finished                        [0m [36mduration[0m=[35m0.006[0m [36mmethod[0m=[35mGET[0m [36mpath[0m=[35m/api/v1/challenges/e6e0c20a-ec5b-4008-92e9-0596d804dbbd[0m [36mreq[0m=[35m5b80c671[0m [36mrequest_id[0m=[35m5b80c671-f11c-43b5-8936-e56ac8f0fc21[0m [36mstatus[0m=[35m200[0m
[2m17:06:27[0m [[32m[1minfo     [0m] [1mGetting challenge status: id=e6e0c20a-ec5b-4008-92e9-0596d804dbbd[0m [36mreq[0m=[35m0da446d5[0m
[2m17:06:27[0m [[32m[1minfo     [0m] [1mrequest_finished                        [0m [36mduration[0m=[35m0.086[0m [36mmethod[0m=[35mGET[0m [36mpath[0m=[35m/api/v1/challenges/e6e0c20a-ec5b-4008-92e9-0596d804dbbd[0m [36mreq[0m=[35m0da446d5[0m [36mrequest_id[0m=[35m0da446d5-313d-459c-b567-ed61f8c04ad0[0m [36mstatus[0m=[35m200[0m
[2m17:06:32[0m [[32m[1minfo     [0m] [1mGetting challenge status: id=e6e0c20a-ec5b-4008-92e9-0596d804dbbd[0m [36mreq[0m=[35mc42d4876[0m
[2m17:06:32[0m [[32m[1minfo     [0m] [1mrequest_finished                        [0m [36mduration[0m=[35m0.074[0m [36mmethod[0m=[35mGET[0m [36mpath[0m=[35m/api/v1/challenges/e6e0c20a-ec5b-4008-92e9-0596d804dbbd[0m [36mreq[0m=[35mc42d4876[0m [36mrequest_id[0m=[35mc42d4876-7e02-4f9e-8546-7be5d7d588d9[0m [36mstatus[0m=[35m200[0m
[2m17:06:37[0m [[32m[1minfo     [0m] [1mGetting challenge status: id=e6e0c20a-ec5b-4008-92e9-0596d804dbbd[0m [36mreq[0m=[35m10bb4460[0m
[2m17:06:37[0m [[32m[1minfo     [0m] [1mrequest_finished                        [0m [36mduration[0m=[35m0.066[0m [36mmethod[0m=[35mGET[0m [36mpath[0m=[35m/api/v1/challenges/e6e0c20a-ec5b-4008-92e9-0596d804dbbd[0m [36mreq[0m=[35m10bb4460[0m [36mrequest_id[0m=[35m10bb4460-80db-4a95-a82a-5fd27c546f32[0m [36mstatus[0m=[35m200[0m
[2m17:06:42[0m [[32m[1minfo     [0m] [1mGetting challenge status: id=e6e0c20a-ec5b-4008-92e9-0596d804dbbd[0m [36mreq[0m=[35m407558d8[0m
[2m17:06:42[0m [[32m[1minfo     [0m] [1mrequest_finished                        [0m [36mduration[0m=[35m0.013[0m [36mmethod[0m=[35mGET[0m [36mpath[0m=[35m/api/v1/challenges/e6e0c20a-ec5b-4008-92e9-0596d804dbbd[0m [36mreq[0m=[35m407558d8[0m [36mrequest_id[0m=[35m407558d8-99cd-4f60-9cdc-f8db462d9256[0m [36mstatus[0m=[35m200[0m
[2m17:06:47[0m [[32m[1minfo     [0m] [1mGetting challenge status: id=e6e0c20a-ec5b-4008-92e9-0596d804dbbd[0m [36mreq[0m=[35m7205840d[0m
[2m17:06:47[0m [[32m[1minfo     [0m] [1mrequest_finished                        [0m [36mduration[0m=[35m0.129[0m [36mmethod[0m=[35mGET[0m [36mpath[0m=[35m/api/v1/challenges/e6e0c20a-ec5b-4008-92e9-0596d804dbbd[0m [36mreq[0m=[35m7205840d[0m [36mrequest_id[0m=[35m7205840d-d97d-4b74-bbe4-6a98d79414aa[0m [36mstatus[0m=[35m200[0m
[2m17:06:52[0m [[32m[1minfo     [0m] [1mGetting challenge status: id=e6e0c20a-ec5b-4008-92e9-0596d804dbbd[0m [36mreq[0m=[35m68549267[0m
[2m17:06:52[0m [[32m[1minfo     [0m] [1mrequest_finished                        [0m [36mduration[0m=[35m0.089[0m [36mmethod[0m=[35mGET[0m [36mpath[0m=[35m/api/v1/challenges/e6e0c20a-ec5b-4008-92e9-0596d804dbbd[0m [36mreq[0m=[35m68549267[0m [36mrequest_id[0m=[35m68549267-f167-4920-9153-85e197026837[0m [36mstatus[0m=[35m200[0m
[2m17:06:57[0m [[32m[1minfo     [0m] [1mGetting challenge status: id=e6e0c20a-ec5b-4008-92e9-0596d804dbbd[0m [36mreq[0m=[35mb7fa56f3[0m
[2m17:06:57[0m [[32m[1minfo     [0m] [1mrequest_finished                        [0m [36mduration[0m=[35m0.048[0m [36mmethod[0m=[35mGET[0m [36mpath[0m=[35m/api/v1/challenges/e6e0c20a-ec5b-4008-92e9-0596d804dbbd[0m [36mreq[0m=[35mb7fa56f3[0m [36mrequest_id[0m=[35mb7fa56f3-8677-493b-b90b-6782d42c6863[0m [36mstatus[0m=[35m200[0m
[2m17:07:02[0m [[32m[1minfo     [0m] [1mGetting challenge status: id=e6e0c20a-ec5b-4008-92e9-0596d804dbbd[0m [36mreq[0m=[35m9436b52a[0m
[2m17:07:02[0m [[32m[1minfo     [0m] [1mrequest_finished                        [0m [36mduration[0m=[35m0.055[0m [36mmethod[0m=[35mGET[0m [36mpath[0m=[35m/api/v1/challenges/e6e0c20a-ec5b-4008-92e9-0596d804dbbd[0m [36mreq[0m=[35m9436b52a[0m [36mrequest_id[0m=[35m9436b52a-3ad0-4e5a-b9d7-270cce01eb1f[0m [36mstatus[0m=[35m200[0m
[2m17:07:07[0m [[32m[1minfo     [0m] [1mGetting challenge status: id=e6e0c20a-ec5b-4008-92e9-0596d804dbbd[0m [36mreq[0m=[35m5bd52742[0m
[2m17:07:07[0m [[32m[1minfo     [0m] [1mrequest_finished                        [0m [36mduration[0m=[35m0.063[0m [36mmethod[0m=[35mGET[0m [36mpath[0m=[35m/api/v1/challenges/e6e0c20a-ec5b-4008-92e9-0596d804dbbd[0m [36mreq[0m=[35m5bd52742[0m [36mrequest_id[0m=[35m5bd52742-42c2-4921-9292-c28843ccec9e[0m [36mstatus[0m=[35m200[0m
[2m17:07:12[0m [[32m[1minfo     [0m] [1mGetting challenge status: id=e6e0c20a-ec5b-4008-92e9-0596d804dbbd[0m [36mreq[0m=[35mda618a25[0m
[2m17:07:12[0m [[32m[1minfo     [0m] [1mrequest_finished                        [0m [36mduration[0m=[35m0.102[0m [36mmethod[0m=[35mGET[0m [36mpath[0m=[35m/api/v1/challenges/e6e0c20a-ec5b-4008-92e9-0596d804dbbd[0m [36mreq[0m=[35mda618a25[0m [36mrequest_id[0m=[35mda618a25-93e7-46e1-9a04-71201c698f23[0m [36mstatus[0m=[35m200[0m
[2m17:07:17[0m [[32m[1minfo     [0m] [1mGetting challenge status: id=e6e0c20a-ec5b-4008-92e9-0596d804dbbd[0m [36mreq[0m=[35m71ae0dff[0m
[2m17:07:17[0m [[32m[1minfo     [0m] [1mrequest_finished                        [0m [36mduration[0m=[35m0.081[0m [36mmethod[0m=[35mGET[0m [36mpath[0m=[35m/api/v1/challenges/e6e0c20a-ec5b-4008-92e9-0596d804dbbd[0m [36mreq[0m=[35m71ae0dff[0m [36mrequest_id[0m=[35m71ae0dff-448d-4dd7-88a4-18fbaa25e28c[0m [36mstatus[0m=[35m200[0m
[2m17:07:22[0m [[32m[1minfo     [0m] [1mGetting challenge status: id=e6e0c20a-ec5b-4008-92e9-0596d804dbbd[0m [36mreq[0m=[35me96ae331[0m
[2m17:07:22[0m [[32m[1minfo     [0m] [1mrequest_finished                        [0m [36mduration[0m=[35m0.006[0m [36mmethod[0m=[35mGET[0m [36mpath[0m=[35m/api/v1/challenges/e6e0c20a-ec5b-4008-92e9-0596d804dbbd[0m [36mreq[0m=[35me96ae331[0m [36mrequest_id[0m=[35me96ae331-a6f5-49e5-ac64-091c71b8effd[0m [36mstatus[0m=[35m200[0m
[2m17:07:27[0m [[32m[1minfo     [0m] [1mGetting challenge status: id=e6e0c20a-ec5b-4008-92e9-0596d804dbbd[0m [36mreq[0m=[35m5040f20a[0m
[2m17:07:28[0m [[32m[1minfo     [0m] [1mrequest_finished                        [0m [36mduration[0m=[35m0.084[0m [36mmethod[0m=[35mGET[0m [36mpath[0m=[35m/api/v1/challenges/e6e0c20a-ec5b-4008-92e9-0596d804dbbd[0m [36mreq[0m=[35m5040f20a[0m [36mrequest_id[0m=[35m5040f20a-61ef-4e52-b514-b9cdf8208f38[0m [36mstatus[0m=[35m200[0m
[2m17:07:33[0m [[32m[1minfo     [0m] [1mGetting challenge status: id=e6e0c20a-ec5b-4008-92e9-0596d804dbbd[0m [36mreq[0m=[35mb661e14c[0m
[2m17:07:33[0m [[32m[1minfo     [0m] [1mrequest_finished                        [0m [36mduration[0m=[35m0.007[0m [36mmethod[0m=[35mGET[0m [36mpath[0m=[35m/api/v1/challenges/e6e0c20a-ec5b-4008-92e9-0596d804dbbd[0m [36mreq[0m=[35mb661e14c[0m [36mrequest_id[0m=[35mb661e14c-d506-410c-9ef1-be2bbf4c9429[0m [36mstatus[0m=[35m200[0m
[2m17:07:38[0m [[32m[1minfo     [0m] [1mGetting challenge status: id=e6e0c20a-ec5b-4008-92e9-0596d804dbbd[0m [36mreq[0m=[35mebee2032[0m
[2m17:07:38[0m [[32m[1minfo     [0m] [1mrequest_finished                        [0m [36mduration[0m=[35m0.068[0m [36mmethod[0m=[35mGET[0m [36mpath[0m=[35m/api/v1/challenges/e6e0c20a-ec5b-4008-92e9-0596d804dbbd[0m [36mreq[0m=[35mebee2032[0m [36mrequest_id[0m=[35mebee2032-0b47-40f9-812b-e05e95873d6e[0m [36mstatus[0m=[35m200[0m
[2m17:07:43[0m [[32m[1minfo     [0m] [1mGetting challenge status: id=e6e0c20a-ec5b-4008-92e9-0596d804dbbd[0m [36mreq[0m=[35m7193c151[0m
[2m17:07:43[0m [[32m[1minfo     [0m] [1mrequest_finished                        [0m [36mduration[0m=[35m0.012[0m [36mmethod[0m=[35mGET[0m [36mpath[0m=[35m/api/v1/challenges/e6e0c20a-ec5b-4008-92e9-0596d804dbbd[0m [36mreq[0m=[35m7193c151[0m [36mrequest_id[0m=[35m7193c151-0474-4062-9991-b2557d27c1e3[0m [36mstatus[0m=[35m200[0m
[2m17:07:48[0m [[32m[1minfo     [0m] [1mGetting challenge status: id=e6e0c20a-ec5b-4008-92e9-0596d804dbbd[0m [36mreq[0m=[35ma29f89cd[0m
[2m17:07:48[0m [[32m[1minfo     [0m] [1mrequest_finished                        [0m [36mduration[0m=[35m0.064[0m [36mmethod[0m=[35mGET[0m [36mpath[0m=[35m/api/v1/challenges/e6e0c20a-ec5b-4008-92e9-0596d804dbbd[0m [36mreq[0m=[35ma29f89cd[0m [36mrequest_id[0m=[35ma29f89cd-a8f0-456e-b119-90bcffd13856[0m [36mstatus[0m=[35m200[0m
[2m17:07:53[0m [[32m[1minfo     [0m] [1mGetting challenge status: id=e6e0c20a-ec5b-4008-92e9-0596d804dbbd[0m [36mreq[0m=[35maaea7eba[0m
[2m17:07:53[0m [[32m[1minfo     [0m] [1mrequest_finished                        [0m [36mduration[0m=[35m0.105[0m [36mmethod[0m=[35mGET[0m [36mpath[0m=[35m/api/v1/challenges/e6e0c20a-ec5b-4008-92e9-0596d804dbbd[0m [36mreq[0m=[35maaea7eba[0m [36mrequest_id[0m=[35maaea7eba-96ac-4c96-9af5-a053c4e7583e[0m [36mstatus[0m=[35m200[0m
[2m17:07:58[0m [[32m[1minfo     [0m] [1mGetting challenge status: id=e6e0c20a-ec5b-4008-92e9-0596d804dbbd[0m [36mreq[0m=[35m65a30e80[0m
[2m17:07:58[0m [[32m[1minfo     [0m] [1mrequest_finished                        [0m [36mduration[0m=[35m0.053[0m [36mmethod[0m=[35mGET[0m [36mpath[0m=[35m/api/v1/challenges/e6e0c20a-ec5b-4008-92e9-0596d804dbbd[0m [36mreq[0m=[35m65a30e80[0m [36mrequest_id[0m=[35m65a30e80-1245-4353-9724-36951a8de0fc[0m [36mstatus[0m=[35m200[0m
[2m17:08:03[0m [[32m[1minfo     [0m] [1mGetting challenge status: id=e6e0c20a-ec5b-4008-92e9-0596d804dbbd[0m [36mreq[0m=[35ma80894c7[0m
[2m17:08:03[0m [[32m[1minfo     [0m] [1mrequest_finished                        [0m [36mduration[0m=[35m0.058[0m [36mmethod[0m=[35mGET[0m [36mpath[0m=[35m/api/v1/challenges/e6e0c20a-ec5b-4008-92e9-0596d804dbbd[0m [36mreq[0m=[35ma80894c7[0m [36mrequest_id[0m=[35ma80894c7-285a-4a34-a78a-966b7135c9b8[0m [36mstatus[0m=[35m200[0m
[2m17:08:08[0m [[32m[1minfo     [0m] [1mGetting challenge status: id=e6e0c20a-ec5b-4008-92e9-0596d804dbbd[0m [36mreq[0m=[35mad263bb6[0m
[2m17:08:08[0m [[32m[1minfo     [0m] [1mrequest_finished                        [0m [36mduration[0m=[35m0.091[0m [36mmethod[0m=[35mGET[0m [36mpath[0m=[35m/api/v1/challenges/e6e0c20a-ec5b-4008-92e9-0596d804dbbd[0m [36mreq[0m=[35mad263bb6[0m [36mrequest_id[0m=[35mad263bb6-a287-4d98-9a30-a3660ecff720[0m [36mstatus[0m=[35m200[0m
[2m17:08:13[0m [[32m[1minfo     [0m] [1mGetting challenge status: id=e6e0c20a-ec5b-4008-92e9-0596d804dbbd[0m [36mreq[0m=[35m46b126b3[0m
[2m17:08:13[0m [[32m[1minfo     [0m] [1mrequest_finished                        [0m [36mduration[0m=[35m0.02[0m [36mmethod[0m=[35mGET[0m [36mpath[0m=[35m/api/v1/challenges/e6e0c20a-ec5b-4008-92e9-0596d804dbbd[0m [36mreq[0m=[35m46b126b3[0m [36mrequest_id[0m=[35m46b126b3-2153-4ed1-80f9-781ce157367a[0m [36mstatus[0m=[35m200[0m
[2m17:08:18[0m [[32m[1minfo     [0m] [1mGetting challenge status: id=e6e0c20a-ec5b-4008-92e9-0596d804dbbd[0m [36mreq[0m=[35mbfab30ef[0m
[2m17:08:18[0m [[32m[1minfo     [0m] [1mrequest_finished                        [0m [36mduration[0m=[35m0.012[0m [36mmethod[0m=[35mGET[0m [36mpath[0m=[35m/api/v1/challenges/e6e0c20a-ec5b-4008-92e9-0596d804dbbd[0m [36mreq[0m=[35mbfab30ef[0m [36mrequest_id[0m=[35mbfab30ef-5216-4f35-9508-7a4b07cad3ad[0m [36mstatus[0m=[35m200[0m
[2m17:08:23[0m [[32m[1minfo     [0m] [1mGetting challenge status: id=e6e0c20a-ec5b-4008-92e9-0596d804dbbd[0m [36mreq[0m=[35mc7bc5574[0m
[2m17:08:23[0m [[32m[1minfo     [0m] [1mrequest_finished                        [0m [36mduration[0m=[35m0.009[0m [36mmethod[0m=[35mGET[0m [36mpath[0m=[35m/api/v1/challenges/e6e0c20a-ec5b-4008-92e9-0596d804dbbd[0m [36mreq[0m=[35mc7bc5574[0m [36mrequest_id[0m=[35mc7bc5574-2717-49b8-bd51-2657bf426e5f[0m [36mstatus[0m=[35m200[0m
[2m17:08:28[0m [[32m[1minfo     [0m] [1mGetting challenge status: id=e6e0c20a-ec5b-4008-92e9-0596d804dbbd[0m [36mreq[0m=[35mb46f274d[0m
[2m17:08:28[0m [[32m[1minfo     [0m] [1mrequest_finished                        [0m [36mduration[0m=[35m0.063[0m [36mmethod[0m=[35mGET[0m [36mpath[0m=[35m/api/v1/challenges/e6e0c20a-ec5b-4008-92e9-0596d804dbbd[0m [36mreq[0m=[35mb46f274d[0m [36mrequest_id[0m=[35mb46f274d-ee0c-47d9-9780-a7135d35483b[0m [36mstatus[0m=[35m200[0m
[2m17:08:33[0m [[32m[1minfo     [0m] [1mGetting challenge status: id=e6e0c20a-ec5b-4008-92e9-0596d804dbbd[0m [36mreq[0m=[35m947a1369[0m
[2m17:08:33[0m [[32m[1minfo     [0m] [1mrequest_finished                        [0m [36mduration[0m=[35m0.051[0m [36mmethod[0m=[35mGET[0m [36mpath[0m=[35m/api/v1/challenges/e6e0c20a-ec5b-4008-92e9-0596d804dbbd[0m [36mreq[0m=[35m947a1369[0m [36mrequest_id[0m=[35m947a1369-ecb7-4618-9143-215bdf8940f1[0m [36mstatus[0m=[35m200[0m
[2m17:08:38[0m [[32m[1minfo     [0m] [1mGetting challenge status: id=e6e0c20a-ec5b-4008-92e9-0596d804dbbd[0m [36mreq[0m=[35m3d99fc03[0m
[2m17:08:38[0m [[32m[1minfo     [0m] [1mrequest_finished                        [0m [36mduration[0m=[35m0.073[0m [36mmethod[0m=[35mGET[0m [36mpath[0m=[35m/api/v1/challenges/e6e0c20a-ec5b-4008-92e9-0596d804dbbd[0m [36mreq[0m=[35m3d99fc03[0m [36mrequest_id[0m=[35m3d99fc03-21bd-42d4-8d54-c139cbf8ebef[0m [36mstatus[0m=[35m200[0m
[2m17:08:44[0m [[32m[1minfo     [0m] [1mGetting challenge status: id=e6e0c20a-ec5b-4008-92e9-0596d804dbbd[0m [36mreq[0m=[35m860c7b01[0m
[2m17:08:44[0m [[32m[1minfo     [0m] [1mrequest_finished                        [0m [36mduration[0m=[35m0.092[0m [36mmethod[0m=[35mGET[0m [36mpath[0m=[35m/api/v1/challenges/e6e0c20a-ec5b-4008-92e9-0596d804dbbd[0m [36mreq[0m=[35m860c7b01[0m [36mrequest_id[0m=[35m860c7b01-82d9-4666-9315-9804f93df544[0m [36mstatus[0m=[35m200[0m
[2m17:08:49[0m [[32m[1minfo     [0m] [1mGetting challenge status: id=e6e0c20a-ec5b-4008-92e9-0596d804dbbd[0m [36mreq[0m=[35m8fc63545[0m
[2m17:08:49[0m [[32m[1minfo     [0m] [1mrequest_finished                        [0m [36mduration[0m=[35m0.069[0m [36mmethod[0m=[35mGET[0m [36mpath[0m=[35m/api/v1/challenges/e6e0c20a-ec5b-4008-92e9-0596d804dbbd[0m [36mreq[0m=[35m8fc63545[0m [36mrequest_id[0m=[35m8fc63545-133b-4beb-9450-106885da48c3[0m [36mstatus[0m=[35m200[0m
[2m17:08:54[0m [[32m[1minfo     [0m] [1mGetting challenge status: id=e6e0c20a-ec5b-4008-92e9-0596d804dbbd[0m [36mreq[0m=[35mf59186e9[0m
[2m17:08:54[0m [[32m[1minfo     [0m] [1mrequest_finished                        [0m [36mduration[0m=[35m0.086[0m [36mmethod[0m=[35mGET[0m [36mpath[0m=[35m/api/v1/challenges/e6e0c20a-ec5b-4008-92e9-0596d804dbbd[0m [36mreq[0m=[35mf59186e9[0m [36mrequest_id[0m=[35mf59186e9-ac1b-4a46-bd4a-f99d7225cd28[0m [36mstatus[0m=[35m200[0m
[2m17:08:59[0m [[32m[1minfo     [0m] [1mGetting challenge status: id=e6e0c20a-ec5b-4008-92e9-0596d804dbbd[0m [36mreq[0m=[35mf8b19f15[0m
[2m17:08:59[0m [[32m[1minfo     [0m] [1mrequest_finished                        [0m [36mduration[0m=[35m0.056[0m [36mmethod[0m=[35mGET[0m [36mpath[0m=[35m/api/v1/challenges/e6e0c20a-ec5b-4008-92e9-0596d804dbbd[0m [36mreq[0m=[35mf8b19f15[0m [36mrequest_id[0m=[35mf8b19f15-c4ac-41e6-abc8-ccacb34d8f4d[0m [36mstatus[0m=[35m200[0m
[2m17:09:04[0m [[32m[1minfo     [0m] [1mGetting challenge status: id=e6e0c20a-ec5b-4008-92e9-0596d804dbbd[0m [36mreq[0m=[35m6a0e49c2[0m
[2m17:09:04[0m [[32m[1minfo     [0m] [1mrequest_finished                        [0m [36mduration[0m=[35m0.087[0m [36mmethod[0m=[35mGET[0m [36mpath[0m=[35m/api/v1/challenges/e6e0c20a-ec5b-4008-92e9-0596d804dbbd[0m [36mreq[0m=[35m6a0e49c2[0m [36mrequest_id[0m=[35m6a0e49c2-f2b9-4cfa-bb44-cd05819f0d86[0m [36mstatus[0m=[35m200[0m
[2m17:09:09[0m [[32m[1minfo     [0m] [1mGetting challenge status: id=e6e0c20a-ec5b-4008-92e9-0596d804dbbd[0m [36mreq[0m=[35m31c9cc3f[0m
[2m17:09:09[0m [[32m[1minfo     [0m] [1mrequest_finished                        [0m [36mduration[0m=[35m0.116[0m [36mmethod[0m=[35mGET[0m [36mpath[0m=[35m/api/v1/challenges/e6e0c20a-ec5b-4008-92e9-0596d804dbbd[0m [36mreq[0m=[35m31c9cc3f[0m [36mrequest_id[0m=[35m31c9cc3f-bd21-40b4-bb7f-ec176b021565[0m [36mstatus[0m=[35m200[0m
[2m17:09:14[0m [[32m[1minfo     [0m] [1mGetting challenge status: id=e6e0c20a-ec5b-4008-92e9-0596d804dbbd[0m [36mreq[0m=[35mc4808643[0m
[2m17:09:14[0m [[32m[1minfo     [0m] [1mrequest_finished                        [0m [36mduration[0m=[35m0.071[0m [36mmethod[0m=[35mGET[0m [36mpath[0m=[35m/api/v1/challenges/e6e0c20a-ec5b-4008-92e9-0596d804dbbd[0m [36mreq[0m=[35mc4808643[0m [36mrequest_id[0m=[35mc4808643-b871-4035-a50f-b65935217c32[0m [36mstatus[0m=[35m200[0m
[2m17:09:19[0m [[32m[1minfo     [0m] [1mGetting challenge status: id=e6e0c20a-ec5b-4008-92e9-0596d804dbbd[0m [36mreq[0m=[35mf906b321[0m
[2m17:09:19[0m [[32m[1minfo     [0m] [1mrequest_finished                        [0m [36mduration[0m=[35m0.077[0m [36mmethod[0m=[35mGET[0m [36mpath[0m=[35m/api/v1/challenges/e6e0c20a-ec5b-4008-92e9-0596d804dbbd[0m [36mreq[0m=[35mf906b321[0m [36mrequest_id[0m=[35mf906b321-174f-4987-b5f4-07a346a9916b[0m [36mstatus[0m=[35m200[0m
[2m17:09:24[0m [[32m[1minfo     [0m] [1mGetting challenge status: id=e6e0c20a-ec5b-4008-92e9-0596d804dbbd[0m [36mreq[0m=[35m6573a06e[0m
[2m17:09:24[0m [[32m[1minfo     [0m] [1mrequest_finished                        [0m [36mduration[0m=[35m0.072[0m [36mmethod[0m=[35mGET[0m [36mpath[0m=[35m/api/v1/challenges/e6e0c20a-ec5b-4008-92e9-0596d804dbbd[0m [36mreq[0m=[35m6573a06e[0m [36mrequest_id[0m=[35m6573a06e-2bf9-4af9-a26c-9c0c5655b782[0m [36mstatus[0m=[35m200[0m
[2m17:09:29[0m [[32m[1minfo     [0m] [1mGetting challenge status: id=e6e0c20a-ec5b-4008-92e9-0596d804dbbd[0m [36mreq[0m=[35m38758928[0m
[2m17:09:29[0m [[32m[1minfo     [0m] [1mrequest_finished                        [0m [36mduration[0m=[35m0.053[0m [36mmethod[0m=[35mGET[0m [36mpath[0m=[35m/api/v1/challenges/e6e0c20a-ec5b-4008-92e9-0596d804dbbd[0m [36mreq[0m=[35m38758928[0m [36mrequest_id[0m=[35m38758928-4920-46e3-8583-86bf6d575934[0m [36mstatus[0m=[35m200[0m
[2m17:09:34[0m [[32m[1minfo     [0m] [1mGetting challenge status: id=e6e0c20a-ec5b-4008-92e9-0596d804dbbd[0m [36mreq[0m=[35m22b0e516[0m
[2m17:09:34[0m [[32m[1minfo     [0m] [1mrequest_finished                        [0m [36mduration[0m=[35m0.054[0m [36mmethod[0m=[35mGET[0m [36mpath[0m=[35m/api/v1/challenges/e6e0c20a-ec5b-4008-92e9-0596d804dbbd[0m [36mreq[0m=[35m22b0e516[0m [36mrequest_id[0m=[35m22b0e516-d5f1-41da-9529-da00385ee6b8[0m [36mstatus[0m=[35m200[0m
[2m17:09:39[0m [[32m[1minfo     [0m] [1mGetting challenge status: id=e6e0c20a-ec5b-4008-92e9-0596d804dbbd[0m [36mreq[0m=[35m00f7adaf[0m
[2m17:09:40[0m [[32m[1minfo     [0m] [1mrequest_finished                        [0m [36mduration[0m=[35m0.098[0m [36mmethod[0m=[35mGET[0m [36mpath[0m=[35m/api/v1/challenges/e6e0c20a-ec5b-4008-92e9-0596d804dbbd[0m [36mreq[0m=[35m00f7adaf[0m [36mrequest_id[0m=[35m00f7adaf-c7ca-4fca-837a-4b5f38d40ad5[0m [36mstatus[0m=[35m200[0m
[2m17:09:45[0m [[32m[1minfo     [0m] [1mGetting challenge status: id=e6e0c20a-ec5b-4008-92e9-0596d804dbbd[0m [36mreq[0m=[35m2cfece1c[0m
[2m17:09:45[0m [[32m[1minfo     [0m] [1mrequest_finished                        [0m [36mduration[0m=[35m0.116[0m [36mmethod[0m=[35mGET[0m [36mpath[0m=[35m/api/v1/challenges/e6e0c20a-ec5b-4008-92e9-0596d804dbbd[0m [36mreq[0m=[35m2cfece1c[0m [36mrequest_id[0m=[35m2cfece1c-4428-4b8d-99ed-4646f6d43f6c[0m [36mstatus[0m=[35m200[0m
[2m17:09:50[0m [[32m[1minfo     [0m] [1mGetting challenge status: id=e6e0c20a-ec5b-4008-92e9-0596d804dbbd[0m [36mreq[0m=[35ma745e570[0m
[2m17:09:50[0m [[32m[1minfo     [0m] [1mrequest_finished                        [0m [36mduration[0m=[35m0.038[0m [36mmethod[0m=[35mGET[0m [36mpath[0m=[35m/api/v1/challenges/e6e0c20a-ec5b-4008-92e9-0596d804dbbd[0m [36mreq[0m=[35ma745e570[0m [36mrequest_id[0m=[35ma745e570-cd69-4695-918a-f70e91e19f76[0m [36mstatus[0m=[35m200[0m
[2m17:09:55[0m [[32m[1minfo     [0m] [1mGetting challenge status: id=e6e0c20a-ec5b-4008-92e9-0596d804dbbd[0m [36mreq[0m=[35m083a1182[0m
[2m17:09:55[0m [[32m[1minfo     [0m] [1mrequest_finished                        [0m [36mduration[0m=[35m0.019[0m [36mmethod[0m=[35mGET[0m [36mpath[0m=[35m/api/v1/challenges/e6e0c20a-ec5b-4008-92e9-0596d804dbbd[0m [36mreq[0m=[35m083a1182[0m [36mrequest_id[0m=[35m083a1182-3e8e-4e33-bf62-f183e9f733b8[0m [36mstatus[0m=[35m200[0m
[2m17:10:00[0m [[32m[1minfo     [0m] [1mGetting challenge status: id=e6e0c20a-ec5b-4008-92e9-0596d804dbbd[0m [36mreq[0m=[35ma452a7ec[0m
[2m17:10:00[0m [[32m[1minfo     [0m] [1mrequest_finished                        [0m [36mduration[0m=[35m0.055[0m [36mmethod[0m=[35mGET[0m [36mpath[0m=[35m/api/v1/challenges/e6e0c20a-ec5b-4008-92e9-0596d804dbbd[0m [36mreq[0m=[35ma452a7ec[0m [36mrequest_id[0m=[35ma452a7ec-1c88-4738-b169-6fbd166a59c6[0m [36mstatus[0m=[35m200[0m
[2m17:10:05[0m [[32m[1minfo     [0m] [1mGetting challenge status: id=e6e0c20a-ec5b-4008-92e9-0596d804dbbd[0m [36mreq[0m=[35m067e00c6[0m
[2m17:10:05[0m [[32m[1minfo     [0m] [1mrequest_finished                        [0m [36mduration[0m=[35m0.086[0m [36mmethod[0m=[35mGET[0m [36mpath[0m=[35m/api/v1/challenges/e6e0c20a-ec5b-4008-92e9-0596d804dbbd[0m [36mreq[0m=[35m067e00c6[0m [36mrequest_id[0m=[35m067e00c6-3e10-4745-b86c-d7acbc3b8b29[0m [36mstatus[0m=[35m200[0m
[2m17:10:10[0m [[32m[1minfo     [0m] [1mGetting challenge status: id=e6e0c20a-ec5b-4008-92e9-0596d804dbbd[0m [36mreq[0m=[35m9f7071e7[0m
[2m17:10:10[0m [[32m[1minfo     [0m] [1mrequest_finished                        [0m [36mduration[0m=[35m0.047[0m [36mmethod[0m=[35mGET[0m [36mpath[0m=[35m/api/v1/challenges/e6e0c20a-ec5b-4008-92e9-0596d804dbbd[0m [36mreq[0m=[35m9f7071e7[0m [36mrequest_id[0m=[35m9f7071e7-5cca-4ac9-a7ae-291d237d34fc[0m [36mstatus[0m=[35m200[0m
[2m17:10:15[0m [[32m[1minfo     [0m] [1mGetting challenge status: id=e6e0c20a-ec5b-4008-92e9-0596d804dbbd[0m [36mreq[0m=[35m3e29f9e8[0m
[2m17:10:15[0m [[32m[1minfo     [0m] [1mrequest_finished                        [0m [36mduration[0m=[35m0.082[0m [36mmethod[0m=[35mGET[0m [36mpath[0m=[35m/api/v1/challenges/e6e0c20a-ec5b-4008-92e9-0596d804dbbd[0m [36mreq[0m=[35m3e29f9e8[0m [36mrequest_id[0m=[35m3e29f9e8-0852-4cef-aaa1-1201101eb2be[0m [36mstatus[0m=[35m200[0m
[2m17:10:20[0m [[32m[1minfo     [0m] [1mGetting challenge status: id=e6e0c20a-ec5b-4008-92e9-0596d804dbbd[0m [36mreq[0m=[35m0483f11d[0m
[2m17:10:20[0m [[32m[1minfo     [0m] [1mrequest_finished                        [0m [36mduration[0m=[35m0.067[0m [36mmethod[0m=[35mGET[0m [36mpath[0m=[35m/api/v1/challenges/e6e0c20a-ec5b-4008-92e9-0596d804dbbd[0m [36mreq[0m=[35m0483f11d[0m [36mrequest_id[0m=[35m0483f11d-12e2-42a2-92f5-158a519eb77d[0m [36mstatus[0m=[35m200[0m
[2m17:10:25[0m [[32m[1minfo     [0m] [1mGetting challenge status: id=e6e0c20a-ec5b-4008-92e9-0596d804dbbd[0m [36mreq[0m=[35m479b227e[0m
[2m17:10:25[0m [[32m[1minfo     [0m] [1mrequest_finished                        [0m [36mduration[0m=[35m0.089[0m [36mmethod[0m=[35mGET[0m [36mpath[0m=[35m/api/v1/challenges/e6e0c20a-ec5b-4008-92e9-0596d804dbbd[0m [36mreq[0m=[35m479b227e[0m [36mrequest_id[0m=[35m479b227e-522e-4bf2-81ea-35cd7a182ad8[0m [36mstatus[0m=[35m200[0m
[2m17:10:30[0m [[32m[1minfo     [0m] [1mGetting challenge status: id=e6e0c20a-ec5b-4008-92e9-0596d804dbbd[0m [36mreq[0m=[35m3364bd23[0m
[2m17:10:30[0m [[32m[1minfo     [0m] [1mrequest_finished                        [0m [36mduration[0m=[35m0.086[0m [36mmethod[0m=[35mGET[0m [36mpath[0m=[35m/api/v1/challenges/e6e0c20a-ec5b-4008-92e9-0596d804dbbd[0m [36mreq[0m=[35m3364bd23[0m [36mrequest_id[0m=[35m3364bd23-fc1c-4ea3-bf6d-3dc380267170[0m [36mstatus[0m=[35m200[0m
[2m17:10:35[0m [[32m[1minfo     [0m] [1mGetting challenge status: id=e6e0c20a-ec5b-4008-92e9-0596d804dbbd[0m [36mreq[0m=[35m8c00e331[0m
[2m17:10:35[0m [[32m[1minfo     [0m] [1mrequest_finished                        [0m [36mduration[0m=[35m0.069[0m [36mmethod[0m=[35mGET[0m [36mpath[0m=[35m/api/v1/challenges/e6e0c20a-ec5b-4008-92e9-0596d804dbbd[0m [36mreq[0m=[35m8c00e331[0m [36mrequest_id[0m=[35m8c00e331-0ee7-4d37-8782-a0e5bcead1c3[0m [36mstatus[0m=[35m200[0m
[2m17:10:40[0m [[32m[1minfo     [0m] [1mGetting challenge status: id=e6e0c20a-ec5b-4008-92e9-0596d804dbbd[0m [36mreq[0m=[35m8a0ba349[0m
[2m17:10:40[0m [[32m[1minfo     [0m] [1mrequest_finished                        [0m [36mduration[0m=[35m0.008[0m [36mmethod[0m=[35mGET[0m [36mpath[0m=[35m/api/v1/challenges/e6e0c20a-ec5b-4008-92e9-0596d804dbbd[0m [36mreq[0m=[35m8a0ba349[0m [36mrequest_id[0m=[35m8a0ba349-6fa3-4d9f-8b5f-a8d1187b7e5a[0m [36mstatus[0m=[35m200[0m
[2m17:10:46[0m [[32m[1minfo     [0m] [1mGetting challenge status: id=e6e0c20a-ec5b-4008-92e9-0596d804dbbd[0m [36mreq[0m=[35md8623775[0m
[2m17:10:46[0m [[32m[1minfo     [0m] [1mrequest_finished                        [0m [36mduration[0m=[35m0.112[0m [36mmethod[0m=[35mGET[0m [36mpath[0m=[35m/api/v1/challenges/e6e0c20a-ec5b-4008-92e9-0596d804dbbd[0m [36mreq[0m=[35md8623775[0m [36mrequest_id[0m=[35md8623775-4292-4388-8a85-194d937e0891[0m [36mstatus[0m=[35m200[0m
[2m17:10:51[0m [[32m[1minfo     [0m] [1mGetting challenge status: id=e6e0c20a-ec5b-4008-92e9-0596d804dbbd[0m [36mreq[0m=[35mc59b8f0a[0m
[2m17:10:51[0m [[32m[1minfo     [0m] [1mrequest_finished                        [0m [36mduration[0m=[35m0.018[0m [36mmethod[0m=[35mGET[0m [36mpath[0m=[35m/api/v1/challenges/e6e0c20a-ec5b-4008-92e9-0596d804dbbd[0m [36mreq[0m=[35mc59b8f0a[0m [36mrequest_id[0m=[35mc59b8f0a-17a7-4142-82be-0080a3cef3f6[0m [36mstatus[0m=[35m200[0m
[2m17:10:56[0m [[32m[1minfo     [0m] [1mGetting challenge status: id=e6e0c20a-ec5b-4008-92e9-0596d804dbbd[0m [36mreq[0m=[35mee76a144[0m
[2m17:10:56[0m [[32m[1minfo     [0m] [1mrequest_finished                        [0m [36mduration[0m=[35m0.006[0m [36mmethod[0m=[35mGET[0m [36mpath[0m=[35m/api/v1/challenges/e6e0c20a-ec5b-4008-92e9-0596d804dbbd[0m [36mreq[0m=[35mee76a144[0m [36mrequest_id[0m=[35mee76a144-4b5c-4fca-b72d-7f6313c7fb23[0m [36mstatus[0m=[35m200[0m
[2m17:11:01[0m [[32m[1minfo     [0m] [1mGetting challenge status: id=e6e0c20a-ec5b-4008-92e9-0596d804dbbd[0m [36mreq[0m=[35mbeeea7ab[0m
[2m17:11:01[0m [[32m[1minfo     [0m] [1mrequest_finished                        [0m [36mduration[0m=[35m0.005[0m [36mmethod[0m=[35mGET[0m [36mpath[0m=[35m/api/v1/challenges/e6e0c20a-ec5b-4008-92e9-0596d804dbbd[0m [36mreq[0m=[35mbeeea7ab[0m [36mrequest_id[0m=[35mbeeea7ab-a2cf-4434-97da-90e681f741b2[0m [36mstatus[0m=[35m200[0m
[2m17:11:06[0m [[32m[1minfo     [0m] [1mGetting challenge status: id=e6e0c20a-ec5b-4008-92e9-0596d804dbbd[0m [36mreq[0m=[35m72a47698[0m
[2m17:11:06[0m [[32m[1minfo     [0m] [1mrequest_finished                        [0m [36mduration[0m=[35m0.089[0m [36mmethod[0m=[35mGET[0m [36mpath[0m=[35m/api/v1/challenges/e6e0c20a-ec5b-4008-92e9-0596d804dbbd[0m [36mreq[0m=[35m72a47698[0m [36mrequest_id[0m=[35m72a47698-c4a6-4fe0-ae28-11ca8551a8e0[0m [36mstatus[0m=[35m200[0m
[2m17:11:11[0m [[32m[1minfo     [0m] [1mGetting challenge status: id=e6e0c20a-ec5b-4008-92e9-0596d804dbbd[0m [36mreq[0m=[35mfa3c03de[0m
[2m17:11:11[0m [[32m[1minfo     [0m] [1mrequest_finished                        [0m [36mduration[0m=[35m0.008[0m [36mmethod[0m=[35mGET[0m [36mpath[0m=[35m/api/v1/challenges/e6e0c20a-ec5b-4008-92e9-0596d804dbbd[0m [36mreq[0m=[35mfa3c03de[0m [36mrequest_id[0m=[35mfa3c03de-7b72-4f7e-8ae6-7906092d3e9e[0m [36mstatus[0m=[35m200[0m
[2m17:11:16[0m [[32m[1minfo     [0m] [1mGetting challenge status: id=e6e0c20a-ec5b-4008-92e9-0596d804dbbd[0m [36mreq[0m=[35m233ec5b8[0m
[2m17:11:16[0m [[32m[1minfo     [0m] [1mrequest_finished                        [0m [36mduration[0m=[35m0.049[0m [36mmethod[0m=[35mGET[0m [36mpath[0m=[35m/api/v1/challenges/e6e0c20a-ec5b-4008-92e9-0596d804dbbd[0m [36mreq[0m=[35m233ec5b8[0m [36mrequest_id[0m=[35m233ec5b8-80f7-4e3e-a30c-df8eaa7ec4ec[0m [36mstatus[0m=[35m200[0m
[2m17:11:21[0m [[32m[1minfo     [0m] [1mGetting challenge status: id=e6e0c20a-ec5b-4008-92e9-0596d804dbbd[0m [36mreq[0m=[35m7e056189[0m
[2m17:11:21[0m [[32m[1minfo     [0m] [1mrequest_finished                        [0m [36mduration[0m=[35m0.005[0m [36mmethod[0m=[35mGET[0m [36mpath[0m=[35m/api/v1/challenges/e6e0c20a-ec5b-4008-92e9-0596d804dbbd[0m [36mreq[0m=[35m7e056189[0m [36mrequest_id[0m=[35m7e056189-0f98-46d6-9486-680efbb674be[0m [36mstatus[0m=[35m200[0m
[2m17:11:26[0m [[32m[1minfo     [0m] [1mGetting challenge status: id=e6e0c20a-ec5b-4008-92e9-0596d804dbbd[0m [36mreq[0m=[35m914b0e30[0m
[2m17:11:26[0m [[32m[1minfo     [0m] [1mrequest_finished                        [0m [36mduration[0m=[35m0.064[0m [36mmethod[0m=[35mGET[0m [36mpath[0m=[35m/api/v1/challenges/e6e0c20a-ec5b-4008-92e9-0596d804dbbd[0m [36mreq[0m=[35m914b0e30[0m [36mrequest_id[0m=[35m914b0e30-37d9-40f5-8d75-30c445c157cb[0m [36mstatus[0m=[35m200[0m
[2m17:11:31[0m [[32m[1minfo     [0m] [1mGetting challenge status: id=e6e0c20a-ec5b-4008-92e9-0596d804dbbd[0m [36mreq[0m=[35m41f1981c[0m
[2m17:11:31[0m [[32m[1minfo     [0m] [1mrequest_finished                        [0m [36mduration[0m=[35m0.049[0m [36mmethod[0m=[35mGET[0m [36mpath[0m=[35m/api/v1/challenges/e6e0c20a-ec5b-4008-92e9-0596d804dbbd[0m [36mreq[0m=[35m41f1981c[0m [36mrequest_id[0m=[35m41f1981c-02ca-4640-a56a-254834c87686[0m [36mstatus[0m=[35m200[0m
[2m17:11:36[0m [[32m[1minfo     [0m] [1mGetting challenge status: id=e6e0c20a-ec5b-4008-92e9-0596d804dbbd[0m [36mreq[0m=[35m1aa1b78f[0m
[2m17:11:36[0m [[32m[1minfo     [0m] [1mrequest_finished                        [0m [36mduration[0m=[35m0.087[0m [36mmethod[0m=[35mGET[0m [36mpath[0m=[35m/api/v1/challenges/e6e0c20a-ec5b-4008-92e9-0596d804dbbd[0m [36mreq[0m=[35m1aa1b78f[0m [36mrequest_id[0m=[35m1aa1b78f-6362-40ba-a2a3-4aff813e205d[0m [36mstatus[0m=[35m200[0m
[2m17:11:41[0m [[32m[1minfo     [0m] [1mGetting challenge status: id=e6e0c20a-ec5b-4008-92e9-0596d804dbbd[0m [36mreq[0m=[35m7a1aaca2[0m
[2m17:11:41[0m [[32m[1minfo     [0m] [1mrequest_finished                        [0m [36mduration[0m=[35m0.016[0m [36mmethod[0m=[35mGET[0m [36mpath[0m=[35m/api/v1/challenges/e6e0c20a-ec5b-4008-92e9-0596d804dbbd[0m [36mreq[0m=[35m7a1aaca2[0m [36mrequest_id[0m=[35m7a1aaca2-2fd3-4eac-bedb-096dd1be355c[0m [36mstatus[0m=[35m200[0m
[2m17:11:46[0m [[32m[1minfo     [0m] [1mGetting challenge status: id=e6e0c20a-ec5b-4008-92e9-0596d804dbbd[0m [36mreq[0m=[35m7dd9853d[0m
[2m17:11:46[0m [[32m[1minfo     [0m] [1mrequest_finished                        [0m [36mduration[0m=[35m0.063[0m [36mmethod[0m=[35mGET[0m [36mpath[0m=[35m/api/v1/challenges/e6e0c20a-ec5b-4008-92e9-0596d804dbbd[0m [36mreq[0m=[35m7dd9853d[0m [36mrequest_id[0m=[35m7dd9853d-d5b2-4b27-9be5-82e736dd6954[0m [36mstatus[0m=[35m200[0m
[2m17:11:51[0m [[32m[1minfo     [0m] [1mGetting challenge status: id=e6e0c20a-ec5b-4008-92e9-0596d804dbbd[0m [36mreq[0m=[35md28f6232[0m
[2m17:11:51[0m [[32m[1minfo     [0m] [1mrequest_finished                        [0m [36mduration[0m=[35m0.011[0m [36mmethod[0m=[35mGET[0m [36mpath[0m=[35m/api/v1/challenges/e6e0c20a-ec5b-4008-92e9-0596d804dbbd[0m [36mreq[0m=[35md28f6232[0m [36mrequest_id[0m=[35md28f6232-fc7b-41f0-8a17-020aca252793[0m [36mstatus[0m=[35m200[0m
[2m17:11:56[0m [[32m[1minfo     [0m] [1mGetting challenge status: id=e6e0c20a-ec5b-4008-92e9-0596d804dbbd[0m [36mreq[0m=[35m82ea8972[0m
[2m17:11:56[0m [[32m[1minfo     [0m] [1mrequest_finished                        [0m [36mduration[0m=[35m0.063[0m [36mmethod[0m=[35mGET[0m [36mpath[0m=[35m/api/v1/challenges/e6e0c20a-ec5b-4008-92e9-0596d804dbbd[0m [36mreq[0m=[35m82ea8972[0m [36mrequest_id[0m=[35m82ea8972-e43f-40a1-af65-91c2bc6ee044[0m [36mstatus[0m=[35m200[0m
[2m17:12:01[0m [[32m[1minfo     [0m] [1mGetting challenge status: id=e6e0c20a-ec5b-4008-92e9-0596d804dbbd[0m [36mreq[0m=[35m84b73898[0m
[2m17:12:01[0m [[32m[1minfo     [0m] [1mrequest_finished                        [0m [36mduration[0m=[35m0.063[0m [36mmethod[0m=[35mGET[0m [36mpath[0m=[35m/api/v1/challenges/e6e0c20a-ec5b-4008-92e9-0596d804dbbd[0m [36mreq[0m=[35m84b73898[0m [36mrequest_id[0m=[35m84b73898-5364-4749-83c5-6929dcbebde6[0m [36mstatus[0m=[35m200[0m
[2m17:12:06[0m [[32m[1minfo     [0m] [1mGetting challenge status: id=e6e0c20a-ec5b-4008-92e9-0596d804dbbd[0m [36mreq[0m=[35ma3ad0f75[0m
[2m17:12:07[0m [[32m[1minfo     [0m] [1mrequest_finished                        [0m [36mduration[0m=[35m0.08[0m [36mmethod[0m=[35mGET[0m [36mpath[0m=[35m/api/v1/challenges/e6e0c20a-ec5b-4008-92e9-0596d804dbbd[0m [36mreq[0m=[35ma3ad0f75[0m [36mrequest_id[0m=[35ma3ad0f75-b8a6-4f04-a2aa-80ba9ccb126c[0m [36mstatus[0m=[35m200[0m
[2m17:12:12[0m [[32m[1minfo     [0m] [1mGetting challenge status: id=e6e0c20a-ec5b-4008-92e9-0596d804dbbd[0m [36mreq[0m=[35m7e045a97[0m
[2m17:12:12[0m [[32m[1minfo     [0m] [1mrequest_finished                        [0m [36mduration[0m=[35m0.05[0m [36mmethod[0m=[35mGET[0m [36mpath[0m=[35m/api/v1/challenges/e6e0c20a-ec5b-4008-92e9-0596d804dbbd[0m [36mreq[0m=[35m7e045a97[0m [36mrequest_id[0m=[35m7e045a97-3632-449e-a32e-0941a16f3298[0m [36mstatus[0m=[35m200[0m
[2m17:12:17[0m [[32m[1minfo     [0m] [1mGetting challenge status: id=e6e0c20a-ec5b-4008-92e9-0596d804dbbd[0m [36mreq[0m=[35mf5a5296e[0m
[2m17:12:17[0m [[32m[1minfo     [0m] [1mrequest_finished                        [0m [36mduration[0m=[35m0.086[0m [36mmethod[0m=[35mGET[0m [36mpath[0m=[35m/api/v1/challenges/e6e0c20a-ec5b-4008-92e9-0596d804dbbd[0m [36mreq[0m=[35mf5a5296e[0m [36mrequest_id[0m=[35mf5a5296e-4846-4ea0-a946-6590414d4fed[0m [36mstatus[0m=[35m200[0m
[2m17:12:22[0m [[32m[1minfo     [0m] [1mGetting challenge status: id=e6e0c20a-ec5b-4008-92e9-0596d804dbbd[0m [36mreq[0m=[35m0c5dfd25[0m
[2m17:12:22[0m [[32m[1minfo     [0m] [1mrequest_finished                        [0m [36mduration[0m=[35m0.06[0m [36mmethod[0m=[35mGET[0m [36mpath[0m=[35m/api/v1/challenges/e6e0c20a-ec5b-4008-92e9-0596d804dbbd[0m [36mreq[0m=[35m0c5dfd25[0m [36mrequest_id[0m=[35m0c5dfd25-12ba-4346-affb-ff1078a4ce1b[0m [36mstatus[0m=[35m200[0m
[2m17:12:27[0m [[32m[1minfo     [0m] [1mGetting challenge status: id=e6e0c20a-ec5b-4008-92e9-0596d804dbbd[0m [36mreq[0m=[35m875cb5e5[0m
[2m17:12:27[0m [[32m[1minfo     [0m] [1mrequest_finished                        [0m [36mduration[0m=[35m0.072[0m [36mmethod[0m=[35mGET[0m [36mpath[0m=[35m/api/v1/challenges/e6e0c20a-ec5b-4008-92e9-0596d804dbbd[0m [36mreq[0m=[35m875cb5e5[0m [36mrequest_id[0m=[35m875cb5e5-2c80-428b-9e0c-670187fcf76a[0m [36mstatus[0m=[35m200[0m
[2m17:12:32[0m [[32m[1minfo     [0m] [1mGetting challenge status: id=e6e0c20a-ec5b-4008-92e9-0596d804dbbd[0m [36mreq[0m=[35m1c94dd38[0m
[2m17:12:32[0m [[32m[1minfo     [0m] [1mrequest_finished                        [0m [36mduration[0m=[35m0.007[0m [36mmethod[0m=[35mGET[0m [36mpath[0m=[35m/api/v1/challenges/e6e0c20a-ec5b-4008-92e9-0596d804dbbd[0m [36mreq[0m=[35m1c94dd38[0m [36mrequest_id[0m=[35m1c94dd38-a446-4df5-83e1-ffd5df937965[0m [36mstatus[0m=[35m200[0m
[2m17:12:37[0m [[32m[1minfo     [0m] [1mGetting challenge status: id=e6e0c20a-ec5b-4008-92e9-0596d804dbbd[0m [36mreq[0m=[35mdd8cebe8[0m
[2m17:12:37[0m [[32m[1minfo     [0m] [1mrequest_finished                        [0m [36mduration[0m=[35m0.022[0m [36mmethod[0m=[35mGET[0m [36mpath[0m=[35m/api/v1/challenges/e6e0c20a-ec5b-4008-92e9-0596d804dbbd[0m [36mreq[0m=[35mdd8cebe8[0m [36mrequest_id[0m=[35mdd8cebe8-86d4-4d18-84c7-4a160b92c572[0m [36mstatus[0m=[35m200[0m
[2m17:12:42[0m [[32m[1minfo     [0m] [1mGetting challenge status: id=e6e0c20a-ec5b-4008-92e9-0596d804dbbd[0m [36mreq[0m=[35m51faf1b3[0m
[2m17:12:42[0m [[32m[1minfo     [0m] [1mrequest_finished                        [0m [36mduration[0m=[35m0.038[0m [36mmethod[0m=[35mGET[0m [36mpath[0m=[35m/api/v1/challenges/e6e0c20a-ec5b-4008-92e9-0596d804dbbd[0m [36mreq[0m=[35m51faf1b3[0m [36mrequest_id[0m=[35m51faf1b3-2960-4e88-8b2c-375453740dfe[0m [36mstatus[0m=[35m200[0m
[2m17:12:47[0m [[32m[1minfo     [0m] [1mGetting challenge status: id=e6e0c20a-ec5b-4008-92e9-0596d804dbbd[0m [36mreq[0m=[35mceb7db4a[0m
[2m17:12:47[0m [[32m[1minfo     [0m] [1mrequest_finished                        [0m [36mduration[0m=[35m0.007[0m [36mmethod[0m=[35mGET[0m [36mpath[0m=[35m/api/v1/challenges/e6e0c20a-ec5b-4008-92e9-0596d804dbbd[0m [36mreq[0m=[35mceb7db4a[0m [36mrequest_id[0m=[35mceb7db4a-07fb-4322-88fe-568e756f4349[0m [36mstatus[0m=[35m200[0m
[2m17:12:52[0m [[32m[1minfo     [0m] [1mGetting challenge status: id=e6e0c20a-ec5b-4008-92e9-0596d804dbbd[0m [36mreq[0m=[35mefae4682[0m
[2m17:12:52[0m [[32m[1minfo     [0m] [1mrequest_finished                        [0m [36mduration[0m=[35m0.054[0m [36mmethod[0m=[35mGET[0m [36mpath[0m=[35m/api/v1/challenges/e6e0c20a-ec5b-4008-92e9-0596d804dbbd[0m [36mreq[0m=[35mefae4682[0m [36mrequest_id[0m=[35mefae4682-dbb1-48d5-89c6-ecba9fef3948[0m [36mstatus[0m=[35m200[0m
[2m17:12:57[0m [[32m[1minfo     [0m] [1mGetting challenge status: id=e6e0c20a-ec5b-4008-92e9-0596d804dbbd[0m [36mreq[0m=[35m452e52da[0m
[2m17:12:57[0m [[32m[1minfo     [0m] [1mrequest_finished                        [0m [36mduration[0m=[35m0.153[0m [36mmethod[0m=[35mGET[0m [36mpath[0m=[35m/api/v1/challenges/e6e0c20a-ec5b-4008-92e9-0596d804dbbd[0m [36mreq[0m=[35m452e52da[0m [36mrequest_id[0m=[35m452e52da-ca0f-4ae8-80f0-a5a5e6408bee[0m [36mstatus[0m=[35m200[0m
[2m17:13:02[0m [[32m[1minfo     [0m] [1mGetting challenge status: id=e6e0c20a-ec5b-4008-92e9-0596d804dbbd[0m [36mreq[0m=[35m4c3d16f0[0m
[2m17:13:02[0m [[32m[1minfo     [0m] [1mrequest_finished                        [0m [36mduration[0m=[35m0.022[0m [36mmethod[0m=[35mGET[0m [36mpath[0m=[35m/api/v1/challenges/e6e0c20a-ec5b-4008-92e9-0596d804dbbd[0m [36mreq[0m=[35m4c3d16f0[0m [36mrequest_id[0m=[35m4c3d16f0-77b1-44a2-89da-923cece82525[0m [36mstatus[0m=[35m200[0m
[2m17:13:07[0m [[32m[1minfo     [0m] [1mGetting challenge status: id=e6e0c20a-ec5b-4008-92e9-0596d804dbbd[0m [36mreq[0m=[35m7a6fb31f[0m
[2m17:13:07[0m [[32m[1minfo     [0m] [1mrequest_finished                        [0m [36mduration[0m=[35m0.085[0m [36mmethod[0m=[35mGET[0m [36mpath[0m=[35m/api/v1/challenges/e6e0c20a-ec5b-4008-92e9-0596d804dbbd[0m [36mreq[0m=[35m7a6fb31f[0m [36mrequest_id[0m=[35m7a6fb31f-0564-4e1a-aa71-b4fd52197e67[0m [36mstatus[0m=[35m200[0m
[2m17:13:12[0m [[32m[1minfo     [0m] [1mGetting challenge status: id=e6e0c20a-ec5b-4008-92e9-0596d804dbbd[0m [36mreq[0m=[35m9b577e66[0m
[2m17:13:12[0m [[32m[1minfo     [0m] [1mrequest_finished                        [0m [36mduration[0m=[35m0.062[0m [36mmethod[0m=[35mGET[0m [36mpath[0m=[35m/api/v1/challenges/e6e0c20a-ec5b-4008-92e9-0596d804dbbd[0m [36mreq[0m=[35m9b577e66[0m [36mrequest_id[0m=[35m9b577e66-248e-446c-b063-4099bfac37e9[0m [36mstatus[0m=[35m200[0m
[2m17:13:17[0m [[32m[1minfo     [0m] [1mGetting challenge status: id=e6e0c20a-ec5b-4008-92e9-0596d804dbbd[0m [36mreq[0m=[35mf45cb182[0m
[2m17:13:17[0m [[32m[1minfo     [0m] [1mrequest_finished                        [0m [36mduration[0m=[35m0.071[0m [36mmethod[0m=[35mGET[0m [36mpath[0m=[35m/api/v1/challenges/e6e0c20a-ec5b-4008-92e9-0596d804dbbd[0m [36mreq[0m=[35mf45cb182[0m [36mrequest_id[0m=[35mf45cb182-b388-4d08-a809-2019b4556a65[0m [36mstatus[0m=[35m200[0m
[2m17:13:23[0m [[32m[1minfo     [0m] [1mGetting challenge status: id=e6e0c20a-ec5b-4008-92e9-0596d804dbbd[0m [36mreq[0m=[35m89e239ab[0m
[2m17:13:23[0m [[32m[1minfo     [0m] [1mrequest_finished                        [0m [36mduration[0m=[35m0.075[0m [36mmethod[0m=[35mGET[0m [36mpath[0m=[35m/api/v1/challenges/e6e0c20a-ec5b-4008-92e9-0596d804dbbd[0m [36mreq[0m=[35m89e239ab[0m [36mrequest_id[0m=[35m89e239ab-5721-4d6e-bdaa-e8d0083a3337[0m [36mstatus[0m=[35m200[0m
[2m17:13:28[0m [[32m[1minfo     [0m] [1mGetting challenge status: id=e6e0c20a-ec5b-4008-92e9-0596d804dbbd[0m [36mreq[0m=[35m6e8220d0[0m
[2m17:13:28[0m [[32m[1minfo     [0m] [1mrequest_finished                        [0m [36mduration[0m=[35m0.065[0m [36mmethod[0m=[35mGET[0m [36mpath[0m=[35m/api/v1/challenges/e6e0c20a-ec5b-4008-92e9-0596d804dbbd[0m [36mreq[0m=[35m6e8220d0[0m [36mrequest_id[0m=[35m6e8220d0-1acc-4042-ae46-a892c5363af1[0m [36mstatus[0m=[35m200[0m
[2m17:13:33[0m [[32m[1minfo     [0m] [1mGetting challenge status: id=e6e0c20a-ec5b-4008-92e9-0596d804dbbd[0m [36mreq[0m=[35m49ca6fde[0m
[2m17:13:33[0m [[32m[1minfo     [0m] [1mrequest_finished                        [0m [36mduration[0m=[35m0.083[0m [36mmethod[0m=[35mGET[0m [36mpath[0m=[35m/api/v1/challenges/e6e0c20a-ec5b-4008-92e9-0596d804dbbd[0m [36mreq[0m=[35m49ca6fde[0m [36mrequest_id[0m=[35m49ca6fde-645c-4ad1-a359-98862eb373ec[0m [36mstatus[0m=[35m200[0m
[2m17:13:38[0m [[32m[1minfo     [0m] [1mGetting challenge status: id=e6e0c20a-ec5b-4008-92e9-0596d804dbbd[0m [36mreq[0m=[35md315c291[0m
[2m17:13:38[0m [[32m[1minfo     [0m] [1mrequest_finished                        [0m [36mduration[0m=[35m0.095[0m [36mmethod[0m=[35mGET[0m [36mpath[0m=[35m/api/v1/challenges/e6e0c20a-ec5b-4008-92e9-0596d804dbbd[0m [36mreq[0m=[35md315c291[0m [36mrequest_id[0m=[35md315c291-a87f-4704-bfeb-ce7f67faeda5[0m [36mstatus[0m=[35m200[0m
[2m17:13:43[0m [[32m[1minfo     [0m] [1mGetting challenge status: id=e6e0c20a-ec5b-4008-92e9-0596d804dbbd[0m [36mreq[0m=[35m45ba76df[0m
[2m17:13:43[0m [[32m[1minfo     [0m] [1mrequest_finished                        [0m [36mduration[0m=[35m0.088[0m [36mmethod[0m=[35mGET[0m [36mpath[0m=[35m/api/v1/challenges/e6e0c20a-ec5b-4008-92e9-0596d804dbbd[0m [36mreq[0m=[35m45ba76df[0m [36mrequest_id[0m=[35m45ba76df-4313-4a5d-a1b4-df337fbc2b32[0m [36mstatus[0m=[35m200[0m
[2m17:13:48[0m [[32m[1minfo     [0m] [1mGetting challenge status: id=e6e0c20a-ec5b-4008-92e9-0596d804dbbd[0m [36mreq[0m=[35md000748f[0m
[2m17:13:48[0m [[32m[1minfo     [0m] [1mrequest_finished                        [0m [36mduration[0m=[35m0.096[0m [36mmethod[0m=[35mGET[0m [36mpath[0m=[35m/api/v1/challenges/e6e0c20a-ec5b-4008-92e9-0596d804dbbd[0m [36mreq[0m=[35md000748f[0m [36mrequest_id[0m=[35md000748f-29cd-495c-b7cd-59c3398cc265[0m [36mstatus[0m=[35m200[0m
[2m17:13:53[0m [[32m[1minfo     [0m] [1mGetting challenge status: id=e6e0c20a-ec5b-4008-92e9-0596d804dbbd[0m [36mreq[0m=[35m0f0d3581[0m
[2m17:13:53[0m [[32m[1minfo     [0m] [1mrequest_finished                        [0m [36mduration[0m=[35m0.072[0m [36mmethod[0m=[35mGET[0m [36mpath[0m=[35m/api/v1/challenges/e6e0c20a-ec5b-4008-92e9-0596d804dbbd[0m [36mreq[0m=[35m0f0d3581[0m [36mrequest_id[0m=[35m0f0d3581-5e14-4068-b44e-c17cd68941f5[0m [36mstatus[0m=[35m200[0m
[2m17:13:58[0m [[32m[1minfo     [0m] [1mGetting challenge status: id=e6e0c20a-ec5b-4008-92e9-0596d804dbbd[0m [36mreq[0m=[35m787b6d5a[0m
[2m17:13:58[0m [[32m[1minfo     [0m] [1mrequest_finished                        [0m [36mduration[0m=[35m0.125[0m [36mmethod[0m=[35mGET[0m [36mpath[0m=[35m/api/v1/challenges/e6e0c20a-ec5b-4008-92e9-0596d804dbbd[0m [36mreq[0m=[35m787b6d5a[0m [36mrequest_id[0m=[35m787b6d5a-1f56-4f82-aa3d-8329e5649a43[0m [36mstatus[0m=[35m200[0m
[2m17:14:00[0m [[33m[1mwarning  [0m] [1mCommand timed out: python /workspace/script.py...[0m [36mreq[0m=[35mc42d2747[0m
[2m17:14:00[0m [[33m[1mwarning  [0m] [1mCode execution failed (exit=-1): Command timed out after 600s[0m [36mreq[0m=[35mc42d2747[0m
[2m17:14:00[0m [[32m[1minfo     [0m] [1mSandbox execution complete: success=False, time=883559ms, cached=False[0m [36mreq[0m=[35mc42d2747[0m
[2m17:14:03[0m [[32m[1minfo     [0m] [1mGetting challenge status: id=e6e0c20a-ec5b-4008-92e9-0596d804dbbd[0m [36mreq[0m=[35m7a51f00d[0m
[2m17:14:03[0m [[32m[1minfo     [0m] [1mrequest_finished                        [0m [36mduration[0m=[35m0.087[0m [36mmethod[0m=[35mGET[0m [36mpath[0m=[35m/api/v1/challenges/e6e0c20a-ec5b-4008-92e9-0596d804dbbd[0m [36mreq[0m=[35m7a51f00d[0m [36mrequest_id[0m=[35m7a51f00d-6bd4-4316-8d0f-011e615ccbc1[0m [36mstatus[0m=[35m200[0m
[2m17:14:07[0m [[33m[1mwarning  [0m] [1mTranskription fehlgeschlagen: Command timed out after 600s[0m [36mreq[0m=[35mc42d2747[0m
[2m17:14:07[0m [[32m[1minfo     [0m] [1mLoading topology from database...       [0m [36mreq[0m=[35mc42d2747[0m
[2m17:14:08[0m [[32m[1minfo     [0m] [1mMapped 9 skill entries to 9 capabilities[0m [36mreq[0m=[35mc42d2747[0m
[2m17:14:08[0m [[32m[1minfo     [0m] [1mTopology validated: 11 agents in 5 waves[0m [36mreq[0m=[35mc42d2747[0m
[2m17:14:08[0m [[32m[1minfo     [0m] [1mLoaded 9 skills for topology            [0m [36mreq[0m=[35mc42d2747[0m
[2m17:14:08[0m [[32m[1minfo     [0m] [1mTopology loaded: 11 agents, 5 waves     [0m [36mreq[0m=[35mc42d2747[0m
[2m17:14:08[0m [[32m[1minfo     [0m] [1mShared memory initialized with Qdrant   [0m [36mreq[0m=[35mc42d2747[0m
[2m17:14:08[0m [[32m[1minfo     [0m] [1mHybridOrchestrator initialized          [0m [36mreq[0m=[35mc42d2747[0m
[2m17:14:08[0m [[32m[1minfo     [0m] [1mStarting execution: 51355c41-e46b-475d-856d-990dd28d3019[0m [36mreq[0m=[35mc42d2747[0m
[2m17:14:08[0m [[32m[1minfo     [0m] [1mLoading topology from database...       [0m [36mreq[0m=[35mc42d2747[0m
[2m17:14:08[0m [[32m[1minfo     [0m] [1mGetting challenge status: id=e6e0c20a-ec5b-4008-92e9-0596d804dbbd[0m [36mreq[0m=[35m1c19c597[0m
[2m17:14:08[0m [[32m[1minfo     [0m] [1mMapped 9 skill entries to 9 capabilities[0m [36mreq[0m=[35mc42d2747[0m
[2m17:14:08[0m [[32m[1minfo     [0m] [1mTopology validated: 11 agents in 5 waves[0m [36mreq[0m=[35mc42d2747[0m
[2m17:14:08[0m [[32m[1minfo     [0m] [1mLoaded 9 skills for topology            [0m [36mreq[0m=[35mc42d2747[0m
[2m17:14:08[0m [[32m[1minfo     [0m] [1mTopology loaded: 11 agents, 5 waves     [0m [36mreq[0m=[35mc42d2747[0m
[2m17:14:09[0m [[32m[1minfo     [0m] [1mDocker client connected successfully    [0m [36mreq[0m=[35mc42d2747[0m
[2m17:14:09[0m [[32m[1minfo     [0m] [1mCreated DynamicSandbox executor (Docker-based, unrestricted)[0m [36mreq[0m=[35mc42d2747[0m
[2m17:14:09[0m [[33m[1mwarning  [0m] [1mCould not create intervention orchestrator for self-healing: create_intervention_orchestrator() got an unexpected keyword argument 'db'[0m [36mreq[0m=[35mc42d2747[0m
[2m17:14:09[0m [[32m[1minfo     [0m] [1mExecuting wave 1/5: ['05bebe15-b46f-4b91-96e3-a50f6cf9e68d', '90c17f3b-7f91-4174-b3ac-b59a51feb378', '65ad3c5c-f66c-49a0-a7cd-4b9ebc6142b9', '073d766c-ed4f-4519-8e36-8c9631e97c67'][0m [36mreq[0m=[35mc42d2747[0m
[2m17:14:09[0m [[32m[1minfo     [0m] [1mrequest_finished                        [0m [36mduration[0m=[35m0.188[0m [36mmethod[0m=[35mGET[0m [36mpath[0m=[35m/api/v1/challenges/e6e0c20a-ec5b-4008-92e9-0596d804dbbd[0m [36mreq[0m=[35m1c19c597[0m [36mrequest_id[0m=[35m1c19c597-0349-4bc3-ac2a-0e630e3d3cf6[0m [36mstatus[0m=[35m200[0m
[2m17:14:09[0m [[32m[1minfo     [0m] [1mExecuting agent: transcript_analyzer (05bebe15-b46f-4b91-96e3-a50f6cf9e68d)[0m [36mreq[0m=[35mc42d2747[0m
[2m17:14:09[0m [[32m[1minfo     [0m] [1mExecuting agent: product_owner (90c17f3b-7f91-4174-b3ac-b59a51feb378)[0m [36mreq[0m=[35mc42d2747[0m
[2m17:14:09[0m [[33m[1mwarning  [0m] [1mAgent product_owner expected artifacts ['analysis_findings'] but none found in pool[0m [36mreq[0m=[35mc42d2747[0m
[2m17:14:09[0m [[32m[1minfo     [0m] [1mExecuting agent: quality_judge (65ad3c5c-f66c-49a0-a7cd-4b9ebc6142b9)[0m [36mreq[0m=[35mc42d2747[0m
[2m17:14:09[0m [[33m[1mwarning  [0m] [1mAgent quality_judge expected artifacts ['ab_test_samples'] but none found in pool[0m [36mreq[0m=[35mc42d2747[0m
[2m17:14:09[0m [[32m[1minfo     [0m] [1mExecuting agent: execution_analyzer (073d766c-ed4f-4519-8e36-8c9631e97c67)[0m [36mreq[0m=[35mc42d2747[0m
[2m17:14:09[0m [[33m[1mwarning  [0m] [1mAgent execution_analyzer expected artifacts ['execution_telemetry'] but none found in pool[0m [36mreq[0m=[35mc42d2747[0m
[2m17:14:10[0m [[32m[1minfo     [0m] [1mAgent quality_judge returned final answer after 0 tool calls[0m [36mreq[0m=[35mc42d2747[0m
[2m17:14:10[0m [[32m[1minfo     [0m] [1mAgent execution_analyzer returned final answer after 0 tool calls[0m [36mreq[0m=[35mc42d2747[0m
[2m17:14:11[0m [[32m[1minfo     [0m] [1mshared_memory_metrics agent=transcript_analyzer facts_kept=5 facts_total=8 hypotheses=0 relations=0 approx_tokens=2389 query_chars=2196[0m [36mreq[0m=[35mc42d2747[0m
[2m17:14:11[0m [[32m[1minfo     [0m] [1mAgent quality_judge completed           [0m [36mreq[0m=[35mc42d2747[0m
[2m17:14:11[0m [[32m[1minfo     [0m] [1mAgent execution_analyzer completed      [0m [36mreq[0m=[35mc42d2747[0m
[2m17:14:11[0m [[32m[1minfo     [0m] [1mAgent product_owner returned final answer after 0 tool calls[0m [36mreq[0m=[35mc42d2747[0m
[2m17:14:11[0m [[32m[1minfo     [0m] [1mAgent product_owner completed           [0m [36mreq[0m=[35mc42d2747[0m
[2m17:14:14[0m [[32m[1minfo     [0m] [1mGetting challenge status: id=e6e0c20a-ec5b-4008-92e9-0596d804dbbd[0m [36mreq[0m=[35m6313faf1[0m
[2m17:14:14[0m [[32m[1minfo     [0m] [1mrequest_finished                        [0m [36mduration[0m=[35m0.071[0m [36mmethod[0m=[35mGET[0m [36mpath[0m=[35m/api/v1/challenges/e6e0c20a-ec5b-4008-92e9-0596d804dbbd[0m [36mreq[0m=[35m6313faf1[0m [36mrequest_id[0m=[35m6313faf1-7f02-4bc1-a643-2306c7b0b1cc[0m [36mstatus[0m=[35m200[0m
[2m17:14:16[0m [[32m[1minfo     [0m] [1mTool call 1/5: skill_audio_transcription[0m [36mreq[0m=[35mc42d2747[0m
[2m17:14:16[0m [[32m[1minfo     [0m] [1mProviding file to sandbox: b518ce6e-e561-43e8-8c53-43e140e6a534.opus (306911 bytes)[0m [36mreq[0m=[35mc42d2747[0m
[2m17:14:16[0m [[32m[1minfo     [0m] [1mStarting sandbox execution: pip=['openai-whisper'], apt=['ffmpeg'], input_files=['b518ce6e-e561-43e8-8c53-43e140e6a534.opus'][0m [36mreq[0m=[35mc42d2747[0m
[2m17:14:19[0m [[32m[1minfo     [0m] [1mGetting challenge status: id=e6e0c20a-ec5b-4008-92e9-0596d804dbbd[0m [36mreq[0m=[35m4e7f9981[0m
[2m17:14:19[0m [[32m[1minfo     [0m] [1mrequest_finished                        [0m [36mduration[0m=[35m0.068[0m [36mmethod[0m=[35mGET[0m [36mpath[0m=[35m/api/v1/challenges/e6e0c20a-ec5b-4008-92e9-0596d804dbbd[0m [36mreq[0m=[35m4e7f9981[0m [36mrequest_id[0m=[35m4e7f9981-45e5-4882-aa54-e5605ed71db6[0m [36mstatus[0m=[35m200[0m
[2m17:14:19[0m [[32m[1minfo     [0m] [1mInstalling system packages: ffmpeg      [0m [36mreq[0m=[35mc42d2747[0m
[2m17:14:24[0m [[32m[1minfo     [0m] [1mGetting challenge status: id=e6e0c20a-ec5b-4008-92e9-0596d804dbbd[0m [36mreq[0m=[35m7799510a[0m
[2m17:14:24[0m [[32m[1minfo     [0m] [1mrequest_finished                        [0m [36mduration[0m=[35m0.063[0m [36mmethod[0m=[35mGET[0m [36mpath[0m=[35m/api/v1/challenges/e6e0c20a-ec5b-4008-92e9-0596d804dbbd[0m [36mreq[0m=[35m7799510a[0m [36mrequest_id[0m=[35m7799510a-9bc3-4b33-9f32-5ee38665f83f[0m [36mstatus[0m=[35m200[0m
[2m17:14:29[0m [[32m[1minfo     [0m] [1mGetting challenge status: id=e6e0c20a-ec5b-4008-92e9-0596d804dbbd[0m [36mreq[0m=[35m29ce6feb[0m
[2m17:14:29[0m [[32m[1minfo     [0m] [1mrequest_finished                        [0m [36mduration[0m=[35m0.061[0m [36mmethod[0m=[35mGET[0m [36mpath[0m=[35m/api/v1/challenges/e6e0c20a-ec5b-4008-92e9-0596d804dbbd[0m [36mreq[0m=[35m29ce6feb[0m [36mrequest_id[0m=[35m29ce6feb-4503-4228-862c-e03f27145cd8[0m [36mstatus[0m=[35m200[0m
[2m17:14:34[0m [[32m[1minfo     [0m] [1mGetting challenge status: id=e6e0c20a-ec5b-4008-92e9-0596d804dbbd[0m [36mreq[0m=[35m60aed566[0m
[2m17:14:34[0m [[32m[1minfo     [0m] [1mrequest_finished                        [0m [36mduration[0m=[35m0.136[0m [36mmethod[0m=[35mGET[0m [36mpath[0m=[35m/api/v1/challenges/e6e0c20a-ec5b-4008-92e9-0596d804dbbd[0m [36mreq[0m=[35m60aed566[0m [36mrequest_id[0m=[35m60aed566-8992-452a-8b3e-13a996e4f6fa[0m [36mstatus[0m=[35m200[0m
[2m17:14:39[0m [[32m[1minfo     [0m] [1mGetting challenge status: id=e6e0c20a-ec5b-4008-92e9-0596d804dbbd[0m [36mreq[0m=[35md7bfb2ba[0m
[2m17:14:39[0m [[32m[1minfo     [0m] [1mrequest_finished                        [0m [36mduration[0m=[35m0.114[0m [36mmethod[0m=[35mGET[0m [36mpath[0m=[35m/api/v1/challenges/e6e0c20a-ec5b-4008-92e9-0596d804dbbd[0m [36mreq[0m=[35md7bfb2ba[0m [36mrequest_id[0m=[35md7bfb2ba-d49d-4566-a321-2cea190f5f98[0m [36mstatus[0m=[35m200[0m
[2m17:14:44[0m [[32m[1minfo     [0m] [1mGetting challenge status: id=e6e0c20a-ec5b-4008-92e9-0596d804dbbd[0m [36mreq[0m=[35m89bd1f1f[0m
[2m17:14:44[0m [[32m[1minfo     [0m] [1mrequest_finished                        [0m [36mduration[0m=[35m0.067[0m [36mmethod[0m=[35mGET[0m [36mpath[0m=[35m/api/v1/challenges/e6e0c20a-ec5b-4008-92e9-0596d804dbbd[0m [36mreq[0m=[35m89bd1f1f[0m [36mrequest_id[0m=[35m89bd1f1f-9d6d-4702-9022-24adf60bbf90[0m [36mstatus[0m=[35m200[0m
[2m17:14:49[0m [[32m[1minfo     [0m] [1mGetting challenge status: id=e6e0c20a-ec5b-4008-92e9-0596d804dbbd[0m [36mreq[0m=[35m7ed3bd14[0m
[2m17:14:49[0m [[32m[1minfo     [0m] [1mrequest_finished                        [0m [36mduration[0m=[35m0.06[0m [36mmethod[0m=[35mGET[0m [36mpath[0m=[35m/api/v1/challenges/e6e0c20a-ec5b-4008-92e9-0596d804dbbd[0m [36mreq[0m=[35m7ed3bd14[0m [36mrequest_id[0m=[35m7ed3bd14-e304-40f9-810e-75bb90c84249[0m [36mstatus[0m=[35m200[0m
[2m17:14:54[0m [[32m[1minfo     [0m] [1mGetting challenge status: id=e6e0c20a-ec5b-4008-92e9-0596d804dbbd[0m [36mreq[0m=[35mcfed61b0[0m
[2m17:14:54[0m [[32m[1minfo     [0m] [1mrequest_finished                        [0m [36mduration[0m=[35m0.044[0m [36mmethod[0m=[35mGET[0m [36mpath[0m=[35m/api/v1/challenges/e6e0c20a-ec5b-4008-92e9-0596d804dbbd[0m [36mreq[0m=[35mcfed61b0[0m [36mrequest_id[0m=[35mcfed61b0-2837-4741-8137-b75d5a4d6f9c[0m [36mstatus[0m=[35m200[0m
[2m17:14:59[0m [[32m[1minfo     [0m] [1mGetting challenge status: id=e6e0c20a-ec5b-4008-92e9-0596d804dbbd[0m [36mreq[0m=[35mbab2b1d6[0m
[2m17:14:59[0m [[32m[1minfo     [0m] [1mrequest_finished                        [0m [36mduration[0m=[35m0.027[0m [36mmethod[0m=[35mGET[0m [36mpath[0m=[35m/api/v1/challenges/e6e0c20a-ec5b-4008-92e9-0596d804dbbd[0m [36mreq[0m=[35mbab2b1d6[0m [36mrequest_id[0m=[35mbab2b1d6-41b6-4eb5-96b0-9043c2de4d65[0m [36mstatus[0m=[35m200[0m
[2m17:15:04[0m [[32m[1minfo     [0m] [1mGetting challenge status: id=e6e0c20a-ec5b-4008-92e9-0596d804dbbd[0m [36mreq[0m=[35m1b4960c1[0m
[2m17:15:04[0m [[32m[1minfo     [0m] [1mrequest_finished                        [0m [36mduration[0m=[35m0.05[0m [36mmethod[0m=[35mGET[0m [36mpath[0m=[35m/api/v1/challenges/e6e0c20a-ec5b-4008-92e9-0596d804dbbd[0m [36mreq[0m=[35m1b4960c1[0m [36mrequest_id[0m=[35m1b4960c1-82c1-483f-8652-b1718beea064[0m [36mstatus[0m=[35m200[0m
[2m17:15:10[0m [[32m[1minfo     [0m] [1mGetting challenge status: id=e6e0c20a-ec5b-4008-92e9-0596d804dbbd[0m [36mreq[0m=[35mcd7241f9[0m
[2m17:15:10[0m [[32m[1minfo     [0m] [1mrequest_finished                        [0m [36mduration[0m=[35m0.058[0m [36mmethod[0m=[35mGET[0m [36mpath[0m=[35m/api/v1/challenges/e6e0c20a-ec5b-4008-92e9-0596d804dbbd[0m [36mreq[0m=[35mcd7241f9[0m [36mrequest_id[0m=[35mcd7241f9-2aba-435c-b432-2f81f1e58d40[0m [36mstatus[0m=[35m200[0m
[2m17:15:15[0m [[32m[1minfo     [0m] [1mGetting challenge status: id=e6e0c20a-ec5b-4008-92e9-0596d804dbbd[0m [36mreq[0m=[35mffd14a1d[0m
[2m17:15:15[0m [[32m[1minfo     [0m] [1mrequest_finished                        [0m [36mduration[0m=[35m0.073[0m [36mmethod[0m=[35mGET[0m [36mpath[0m=[35m/api/v1/challenges/e6e0c20a-ec5b-4008-92e9-0596d804dbbd[0m [36mreq[0m=[35mffd14a1d[0m [36mrequest_id[0m=[35mffd14a1d-29a1-4f1f-9c91-e64313f8b8e1[0m [36mstatus[0m=[35m200[0m
[2m17:15:20[0m [[32m[1minfo     [0m] [1mGetting challenge status: id=e6e0c20a-ec5b-4008-92e9-0596d804dbbd[0m [36mreq[0m=[35mc0902d9a[0m
[2m17:15:20[0m [[32m[1minfo     [0m] [1mrequest_finished                        [0m [36mduration[0m=[35m0.046[0m [36mmethod[0m=[35mGET[0m [36mpath[0m=[35m/api/v1/challenges/e6e0c20a-ec5b-4008-92e9-0596d804dbbd[0m [36mreq[0m=[35mc0902d9a[0m [36mrequest_id[0m=[35mc0902d9a-c5a7-4738-b8d8-203435402794[0m [36mstatus[0m=[35m200[0m
[2m17:15:25[0m [[32m[1minfo     [0m] [1mGetting challenge status: id=e6e0c20a-ec5b-4008-92e9-0596d804dbbd[0m [36mreq[0m=[35m6bc7d9fd[0m
[2m17:15:25[0m [[32m[1minfo     [0m] [1mrequest_finished                        [0m [36mduration[0m=[35m0.084[0m [36mmethod[0m=[35mGET[0m [36mpath[0m=[35m/api/v1/challenges/e6e0c20a-ec5b-4008-92e9-0596d804dbbd[0m [36mreq[0m=[35m6bc7d9fd[0m [36mrequest_id[0m=[35m6bc7d9fd-f00e-43fc-a63d-2e6f43620963[0m [36mstatus[0m=[35m200[0m
[2m17:15:30[0m [[32m[1minfo     [0m] [1mGetting challenge status: id=e6e0c20a-ec5b-4008-92e9-0596d804dbbd[0m [36mreq[0m=[35m990ce1fb[0m
[2m17:15:30[0m [[32m[1minfo     [0m] [1mrequest_finished                        [0m [36mduration[0m=[35m0.041[0m [36mmethod[0m=[35mGET[0m [36mpath[0m=[35m/api/v1/challenges/e6e0c20a-ec5b-4008-92e9-0596d804dbbd[0m [36mreq[0m=[35m990ce1fb[0m [36mrequest_id[0m=[35m990ce1fb-15ba-488f-a3a2-5f7ca554444e[0m [36mstatus[0m=[35m200[0m
[2m17:15:35[0m [[32m[1minfo     [0m] [1mGetting challenge status: id=e6e0c20a-ec5b-4008-92e9-0596d804dbbd[0m [36mreq[0m=[35mce387c10[0m
[2m17:15:35[0m [[32m[1minfo     [0m] [1mrequest_finished                        [0m [36mduration[0m=[35m0.078[0m [36mmethod[0m=[35mGET[0m [36mpath[0m=[35m/api/v1/challenges/e6e0c20a-ec5b-4008-92e9-0596d804dbbd[0m [36mreq[0m=[35mce387c10[0m [36mrequest_id[0m=[35mce387c10-998c-4539-9af2-4b4fcd4f954d[0m [36mstatus[0m=[35m200[0m
[2m17:15:40[0m [[32m[1minfo     [0m] [1mGetting challenge status: id=e6e0c20a-ec5b-4008-92e9-0596d804dbbd[0m [36mreq[0m=[35mce73f049[0m
[2m17:15:40[0m [[32m[1minfo     [0m] [1mrequest_finished                        [0m [36mduration[0m=[35m0.038[0m [36mmethod[0m=[35mGET[0m [36mpath[0m=[35m/api/v1/challenges/e6e0c20a-ec5b-4008-92e9-0596d804dbbd[0m [36mreq[0m=[35mce73f049[0m [36mrequest_id[0m=[35mce73f049-0a78-45a8-9cb4-6fb131870dad[0m [36mstatus[0m=[35m200[0m
[2m17:15:45[0m [[32m[1minfo     [0m] [1mGetting challenge status: id=e6e0c20a-ec5b-4008-92e9-0596d804dbbd[0m [36mreq[0m=[35m0451845c[0m
[2m17:15:45[0m [[32m[1minfo     [0m] [1mrequest_finished                        [0m [36mduration[0m=[35m0.082[0m [36mmethod[0m=[35mGET[0m [36mpath[0m=[35m/api/v1/challenges/e6e0c20a-ec5b-4008-92e9-0596d804dbbd[0m [36mreq[0m=[35m0451845c[0m [36mrequest_id[0m=[35m0451845c-8fcf-44df-b8db-045102817fc2[0m [36mstatus[0m=[35m200[0m
[2m17:15:50[0m [[32m[1minfo     [0m] [1mGetting challenge status: id=e6e0c20a-ec5b-4008-92e9-0596d804dbbd[0m [36mreq[0m=[35m5d0d3f65[0m
[2m17:15:50[0m [[32m[1minfo     [0m] [1mrequest_finished                        [0m [36mduration[0m=[35m0.01[0m [36mmethod[0m=[35mGET[0m [36mpath[0m=[35m/api/v1/challenges/e6e0c20a-ec5b-4008-92e9-0596d804dbbd[0m [36mreq[0m=[35m5d0d3f65[0m [36mrequest_id[0m=[35m5d0d3f65-c039-4d34-811f-1723a554c8d9[0m [36mstatus[0m=[35m200[0m
[2m17:15:55[0m [[32m[1minfo     [0m] [1mGetting challenge status: id=e6e0c20a-ec5b-4008-92e9-0596d804dbbd[0m [36mreq[0m=[35m093e880a[0m
[2m17:15:55[0m [[32m[1minfo     [0m] [1mrequest_finished                        [0m [36mduration[0m=[35m0.089[0m [36mmethod[0m=[35mGET[0m [36mpath[0m=[35m/api/v1/challenges/e6e0c20a-ec5b-4008-92e9-0596d804dbbd[0m [36mreq[0m=[35m093e880a[0m [36mrequest_id[0m=[35m093e880a-a9dd-4361-ada7-f3ac4820c211[0m [36mstatus[0m=[35m200[0m
[2m17:16:00[0m [[32m[1minfo     [0m] [1mGetting challenge status: id=e6e0c20a-ec5b-4008-92e9-0596d804dbbd[0m [36mreq[0m=[35mfa9ba7fa[0m
[2m17:16:00[0m [[32m[1minfo     [0m] [1mrequest_finished                        [0m [36mduration[0m=[35m0.006[0m [36mmethod[0m=[35mGET[0m [36mpath[0m=[35m/api/v1/challenges/e6e0c20a-ec5b-4008-92e9-0596d804dbbd[0m [36mreq[0m=[35mfa9ba7fa[0m [36mrequest_id[0m=[35mfa9ba7fa-07e6-432d-9cc5-a1bedead4ee6[0m [36mstatus[0m=[35m200[0m
[2m17:16:05[0m [[32m[1minfo     [0m] [1mGetting challenge status: id=e6e0c20a-ec5b-4008-92e9-0596d804dbbd[0m [36mreq[0m=[35mcea5123b[0m
[2m17:16:05[0m [[32m[1minfo     [0m] [1mrequest_finished                        [0m [36mduration[0m=[35m0.053[0m [36mmethod[0m=[35mGET[0m [36mpath[0m=[35m/api/v1/challenges/e6e0c20a-ec5b-4008-92e9-0596d804dbbd[0m [36mreq[0m=[35mcea5123b[0m [36mrequest_id[0m=[35mcea5123b-0946-472e-90be-0fabce917dd9[0m [36mstatus[0m=[35m200[0m
[2m17:16:08[0m [[32m[1minfo     [0m] [1mSystem packages installed successfully: ffmpeg[0m [36mreq[0m=[35mc42d2747[0m
[2m17:16:08[0m [[32m[1minfo     [0m] [1mInstalling pip packages: "openai-whisper"[0m [36mreq[0m=[35mc42d2747[0m
[2m17:16:10[0m [[32m[1minfo     [0m] [1mGetting challenge status: id=e6e0c20a-ec5b-4008-92e9-0596d804dbbd[0m [36mreq[0m=[35mb92c19f6[0m
[2m17:16:10[0m [[32m[1minfo     [0m] [1mrequest_finished                        [0m [36mduration[0m=[35m0.034[0m [36mmethod[0m=[35mGET[0m [36mpath[0m=[35m/api/v1/challenges/e6e0c20a-ec5b-4008-92e9-0596d804dbbd[0m [36mreq[0m=[35mb92c19f6[0m [36mrequest_id[0m=[35mb92c19f6-f9ba-45e8-b8f9-842af3096b8c[0m [36mstatus[0m=[35m200[0m
[2m17:16:15[0m [[32m[1minfo     [0m] [1mGetting challenge status: id=e6e0c20a-ec5b-4008-92e9-0596d804dbbd[0m [36mreq[0m=[35m89b8128a[0m
[2m17:16:15[0m [[32m[1minfo     [0m] [1mrequest_finished                        [0m [36mduration[0m=[35m0.052[0m [36mmethod[0m=[35mGET[0m [36mpath[0m=[35m/api/v1/challenges/e6e0c20a-ec5b-4008-92e9-0596d804dbbd[0m [36mreq[0m=[35m89b8128a[0m [36mrequest_id[0m=[35m89b8128a-5982-472c-8cd6-34e27553a7df[0m [36mstatus[0m=[35m200[0m
[2m17:16:20[0m [[32m[1minfo     [0m] [1mGetting challenge status: id=e6e0c20a-ec5b-4008-92e9-0596d804dbbd[0m [36mreq[0m=[35m7c832e2c[0m
[2m17:16:21[0m [[32m[1minfo     [0m] [1mrequest_finished                        [0m [36mduration[0m=[35m0.13[0m [36mmethod[0m=[35mGET[0m [36mpath[0m=[35m/api/v1/challenges/e6e0c20a-ec5b-4008-92e9-0596d804dbbd[0m [36mreq[0m=[35m7c832e2c[0m [36mrequest_id[0m=[35m7c832e2c-fbbb-4564-94d4-c6183177915d[0m [36mstatus[0m=[35m200[0m
[2m17:16:26[0m [[32m[1minfo     [0m] [1mGetting challenge status: id=e6e0c20a-ec5b-4008-92e9-0596d804dbbd[0m [36mreq[0m=[35m77c61ef2[0m
[2m17:16:26[0m [[32m[1minfo     [0m] [1mrequest_finished                        [0m [36mduration[0m=[35m0.095[0m [36mmethod[0m=[35mGET[0m [36mpath[0m=[35m/api/v1/challenges/e6e0c20a-ec5b-4008-92e9-0596d804dbbd[0m [36mreq[0m=[35m77c61ef2[0m [36mrequest_id[0m=[35m77c61ef2-18c5-4627-b341-4f21fe39afba[0m [36mstatus[0m=[35m200[0m
[2m17:16:31[0m [[32m[1minfo     [0m] [1mGetting challenge status: id=e6e0c20a-ec5b-4008-92e9-0596d804dbbd[0m [36mreq[0m=[35m34ddf507[0m
[2m17:16:31[0m [[32m[1minfo     [0m] [1mrequest_finished                        [0m [36mduration[0m=[35m0.033[0m [36mmethod[0m=[35mGET[0m [36mpath[0m=[35m/api/v1/challenges/e6e0c20a-ec5b-4008-92e9-0596d804dbbd[0m [36mreq[0m=[35m34ddf507[0m [36mrequest_id[0m=[35m34ddf507-9ec3-47be-88d8-1b9b9a1d8a1a[0m [36mstatus[0m=[35m200[0m
[2m17:16:36[0m [[32m[1minfo     [0m] [1mGetting challenge status: id=e6e0c20a-ec5b-4008-92e9-0596d804dbbd[0m [36mreq[0m=[35me224fe7b[0m
[2m17:16:36[0m [[32m[1minfo     [0m] [1mrequest_finished                        [0m [36mduration[0m=[35m0.076[0m [36mmethod[0m=[35mGET[0m [36mpath[0m=[35m/api/v1/challenges/e6e0c20a-ec5b-4008-92e9-0596d804dbbd[0m [36mreq[0m=[35me224fe7b[0m [36mrequest_id[0m=[35me224fe7b-691e-47bb-8723-fa91bca67337[0m [36mstatus[0m=[35m200[0m
[2m17:16:41[0m [[32m[1minfo     [0m] [1mGetting challenge status: id=e6e0c20a-ec5b-4008-92e9-0596d804dbbd[0m [36mreq[0m=[35m703bc5de[0m
[2m17:16:41[0m [[32m[1minfo     [0m] [1mrequest_finished                        [0m [36mduration[0m=[35m0.052[0m [36mmethod[0m=[35mGET[0m [36mpath[0m=[35m/api/v1/challenges/e6e0c20a-ec5b-4008-92e9-0596d804dbbd[0m [36mreq[0m=[35m703bc5de[0m [36mrequest_id[0m=[35m703bc5de-ad38-4450-9082-5b5a6f5e0996[0m [36mstatus[0m=[35m200[0m
[2m17:16:46[0m [[32m[1minfo     [0m] [1mGetting challenge status: id=e6e0c20a-ec5b-4008-92e9-0596d804dbbd[0m [36mreq[0m=[35m481db7ea[0m
[2m17:16:46[0m [[32m[1minfo     [0m] [1mrequest_finished                        [0m [36mduration[0m=[35m0.097[0m [36mmethod[0m=[35mGET[0m [36mpath[0m=[35m/api/v1/challenges/e6e0c20a-ec5b-4008-92e9-0596d804dbbd[0m [36mreq[0m=[35m481db7ea[0m [36mrequest_id[0m=[35m481db7ea-b9dd-4dd9-89b2-b69a42388978[0m [36mstatus[0m=[35m200[0m
[2m17:16:51[0m [[32m[1minfo     [0m] [1mGetting challenge status: id=e6e0c20a-ec5b-4008-92e9-0596d804dbbd[0m [36mreq[0m=[35me6d6b137[0m
[2m17:16:51[0m [[32m[1minfo     [0m] [1mrequest_finished                        [0m [36mduration[0m=[35m0.114[0m [36mmethod[0m=[35mGET[0m [36mpath[0m=[35m/api/v1/challenges/e6e0c20a-ec5b-4008-92e9-0596d804dbbd[0m [36mreq[0m=[35me6d6b137[0m [36mrequest_id[0m=[35me6d6b137-c17b-4f06-993d-45f24289d87f[0m [36mstatus[0m=[35m200[0m
[2m17:16:56[0m [[32m[1minfo     [0m] [1mGetting challenge status: id=e6e0c20a-ec5b-4008-92e9-0596d804dbbd[0m [36mreq[0m=[35m0641d451[0m
[2m17:16:56[0m [[32m[1minfo     [0m] [1mrequest_finished                        [0m [36mduration[0m=[35m0.128[0m [36mmethod[0m=[35mGET[0m [36mpath[0m=[35m/api/v1/challenges/e6e0c20a-ec5b-4008-92e9-0596d804dbbd[0m [36mreq[0m=[35m0641d451[0m [36mrequest_id[0m=[35m0641d451-ab1d-4ac3-aed1-cf61109121cc[0m [36mstatus[0m=[35m200[0m
[2m17:17:01[0m [[32m[1minfo     [0m] [1mGetting challenge status: id=e6e0c20a-ec5b-4008-92e9-0596d804dbbd[0m [36mreq[0m=[35me0223054[0m
[2m17:17:01[0m [[32m[1minfo     [0m] [1mrequest_finished                        [0m [36mduration[0m=[35m0.057[0m [36mmethod[0m=[35mGET[0m [36mpath[0m=[35m/api/v1/challenges/e6e0c20a-ec5b-4008-92e9-0596d804dbbd[0m [36mreq[0m=[35me0223054[0m [36mrequest_id[0m=[35me0223054-140b-4af8-97ec-2d959056df6e[0m [36mstatus[0m=[35m200[0m
[2m17:17:06[0m [[32m[1minfo     [0m] [1mGetting challenge status: id=e6e0c20a-ec5b-4008-92e9-0596d804dbbd[0m [36mreq[0m=[35m96bd14f6[0m
[2m17:17:06[0m [[32m[1minfo     [0m] [1mrequest_finished                        [0m [36mduration[0m=[35m0.078[0m [36mmethod[0m=[35mGET[0m [36mpath[0m=[35m/api/v1/challenges/e6e0c20a-ec5b-4008-92e9-0596d804dbbd[0m [36mreq[0m=[35m96bd14f6[0m [36mrequest_id[0m=[35m96bd14f6-ea3b-4c4d-a7c3-bb5edbba15bf[0m [36mstatus[0m=[35m200[0m
[2m17:17:11[0m [[32m[1minfo     [0m] [1mGetting challenge status: id=e6e0c20a-ec5b-4008-92e9-0596d804dbbd[0m [36mreq[0m=[35m17d49926[0m
[2m17:17:12[0m [[32m[1minfo     [0m] [1mrequest_finished                        [0m [36mduration[0m=[35m0.083[0m [36mmethod[0m=[35mGET[0m [36mpath[0m=[35m/api/v1/challenges/e6e0c20a-ec5b-4008-92e9-0596d804dbbd[0m [36mreq[0m=[35m17d49926[0m [36mrequest_id[0m=[35m17d49926-0d04-4ee0-9ec3-95eb03c7bacc[0m [36mstatus[0m=[35m200[0m
[2m17:17:17[0m [[32m[1minfo     [0m] [1mGetting challenge status: id=e6e0c20a-ec5b-4008-92e9-0596d804dbbd[0m [36mreq[0m=[35ma32447af[0m
[2m17:17:17[0m [[32m[1minfo     [0m] [1mrequest_finished                        [0m [36mduration[0m=[35m0.095[0m [36mmethod[0m=[35mGET[0m [36mpath[0m=[35m/api/v1/challenges/e6e0c20a-ec5b-4008-92e9-0596d804dbbd[0m [36mreq[0m=[35ma32447af[0m [36mrequest_id[0m=[35ma32447af-ba85-4ea4-957a-a260865d1c2c[0m [36mstatus[0m=[35m200[0m
[2m17:17:22[0m [[32m[1minfo     [0m] [1mGetting challenge status: id=e6e0c20a-ec5b-4008-92e9-0596d804dbbd[0m [36mreq[0m=[35m93cac872[0m
[2m17:17:22[0m [[32m[1minfo     [0m] [1mrequest_finished                        [0m [36mduration[0m=[35m0.012[0m [36mmethod[0m=[35mGET[0m [36mpath[0m=[35m/api/v1/challenges/e6e0c20a-ec5b-4008-92e9-0596d804dbbd[0m [36mreq[0m=[35m93cac872[0m [36mrequest_id[0m=[35m93cac872-26b9-4324-9e2a-3a3fa297a667[0m [36mstatus[0m=[35m200[0m
[2m17:17:27[0m [[32m[1minfo     [0m] [1mGetting challenge status: id=e6e0c20a-ec5b-4008-92e9-0596d804dbbd[0m [36mreq[0m=[35me8ae1dd2[0m
[2m17:17:27[0m [[32m[1minfo     [0m] [1mrequest_finished                        [0m [36mduration[0m=[35m0.062[0m [36mmethod[0m=[35mGET[0m [36mpath[0m=[35m/api/v1/challenges/e6e0c20a-ec5b-4008-92e9-0596d804dbbd[0m [36mreq[0m=[35me8ae1dd2[0m [36mrequest_id[0m=[35me8ae1dd2-a6c9-4e61-8566-b8f8ab3b8bda[0m [36mstatus[0m=[35m200[0m
[2m17:17:32[0m [[32m[1minfo     [0m] [1mGetting challenge status: id=e6e0c20a-ec5b-4008-92e9-0596d804dbbd[0m [36mreq[0m=[35m6cb87e42[0m
[2m17:17:32[0m [[32m[1minfo     [0m] [1mrequest_finished                        [0m [36mduration[0m=[35m0.083[0m [36mmethod[0m=[35mGET[0m [36mpath[0m=[35m/api/v1/challenges/e6e0c20a-ec5b-4008-92e9-0596d804dbbd[0m [36mreq[0m=[35m6cb87e42[0m [36mrequest_id[0m=[35m6cb87e42-c2cd-4a67-9765-8ddca306883a[0m [36mstatus[0m=[35m200[0m
[2m17:17:37[0m [[32m[1minfo     [0m] [1mGetting challenge status: id=e6e0c20a-ec5b-4008-92e9-0596d804dbbd[0m [36mreq[0m=[35md97f91b9[0m
[2m17:17:37[0m [[32m[1minfo     [0m] [1mrequest_finished                        [0m [36mduration[0m=[35m0.054[0m [36mmethod[0m=[35mGET[0m [36mpath[0m=[35m/api/v1/challenges/e6e0c20a-ec5b-4008-92e9-0596d804dbbd[0m [36mreq[0m=[35md97f91b9[0m [36mrequest_id[0m=[35md97f91b9-cfec-4513-b123-dca986dc3d49[0m [36mstatus[0m=[35m200[0m
[2m17:17:42[0m [[32m[1minfo     [0m] [1mGetting challenge status: id=e6e0c20a-ec5b-4008-92e9-0596d804dbbd[0m [36mreq[0m=[35m1283b583[0m
[2m17:17:42[0m [[32m[1minfo     [0m] [1mrequest_finished                        [0m [36mduration[0m=[35m0.097[0m [36mmethod[0m=[35mGET[0m [36mpath[0m=[35m/api/v1/challenges/e6e0c20a-ec5b-4008-92e9-0596d804dbbd[0m [36mreq[0m=[35m1283b583[0m [36mrequest_id[0m=[35m1283b583-e724-4553-b571-ad83e1eb77ee[0m [36mstatus[0m=[35m200[0m
[2m17:28:15[0m [[33m[1mwarning  [0m] [1mCommand timed out: pip install "openai-whisper"...[0m [36mreq[0m=[35mc42d2747[0m
[2m17:28:15[0m [[33m[1mwarning  [0m] [1mpip install failed: Command timed out after 600s[0m [36mreq[0m=[35mc42d2747[0m
[2m17:28:31[0m [[32m[1minfo     [0m] [1mAgent transcript_analyzer returned final answer after 1 tool calls[0m [36mreq[0m=[35mc42d2747[0m
[2m17:28:32[0m [[32m[1minfo     [0m] [1mAgent transcript_analyzer completed     [0m [36mreq[0m=[35mc42d2747[0m
[2m17:28:32[0m [[32m[1minfo     [0m] [1mWave 1 agent 'transcript_analyzer' completed: success=True, skipped=False, result_len=464[0m [36mreq[0m=[35mc42d2747[0m
[2m17:28:32[0m [[32m[1minfo     [0m] [1mWave 1 agent 'product_owner' completed: success=True, skipped=False, result_len=208[0m [36mreq[0m=[35mc42d2747[0m
[2m17:28:32[0m [[32m[1minfo     [0m] [1mWave 1 agent 'quality_judge' completed: success=True, skipped=False, result_len=189[0m [36mreq[0m=[35mc42d2747[0m
[2m17:28:32[0m [[32m[1minfo     [0m] [1mWave 1 agent 'execution_analyzer' completed: success=True, skipped=False, result_len=172[0m [36mreq[0m=[35mc42d2747[0m
[2m17:28:32[0m [[32m[1minfo     [0m] [1mExecuting wave 2/5: ['49898ec1-10da-4a11-8457-1358d844c805', '07f8b963-9d7c-4232-ba20-52aa8d850e1d'][0m [36mreq[0m=[35mc42d2747[0m
[2m17:28:32[0m [[32m[1minfo     [0m] [1mExecuting agent: context_retriever (49898ec1-10da-4a11-8457-1358d844c805)[0m [36mreq[0m=[35mc42d2747[0m
[2m17:28:32[0m [[32m[1minfo     [0m] [1mExecuting agent: control_agent (07f8b963-9d7c-4232-ba20-52aa8d850e1d)[0m [36mreq[0m=[35mc42d2747[0m
[2m17:28:33[0m [[32m[1minfo     [0m] [1mAgent control_agent returned final answer after 0 tool calls[0m [36mreq[0m=[35mc42d2747[0m
[2m17:28:33[0m [[32m[1minfo     [0m] [1mAgent control_agent completed           [0m [36mreq[0m=[35mc42d2747[0m
[2m17:28:34[0m [[32m[1minfo     [0m] [1mAgent context_retriever returned final answer after 0 tool calls[0m [36mreq[0m=[35mc42d2747[0m
[2m17:28:35[0m [[32m[1minfo     [0m] [1mAgent context_retriever completed       [0m [36mreq[0m=[35mc42d2747[0m
[2m17:28:35[0m [[32m[1minfo     [0m] [1mWave 2 agent 'context_retriever' completed: success=True, skipped=False, result_len=450[0m [36mreq[0m=[35mc42d2747[0m
[2m17:28:35[0m [[32m[1minfo     [0m] [1mWave 2 agent 'control_agent' completed: success=True, skipped=False, result_len=288[0m [36mreq[0m=[35mc42d2747[0m
[2m17:28:35[0m [[32m[1minfo     [0m] [1mExecuting wave 3/5: ['f54aabd1-ca21-4768-b12e-ccf5ca95d0da', 'a676e764-25ce-41cf-95d1-b838c8e6804d', 'd01ede79-d82b-465b-ae42-d1a7a2ec4188'][0m [36mreq[0m=[35mc42d2747[0m
[2m17:28:36[0m [[32m[1minfo     [0m] [1mExecuting agent: report_generator (f54aabd1-ca21-4768-b12e-ccf5ca95d0da)[0m [36mreq[0m=[35mc42d2747[0m
[2m17:28:36[0m [[32m[1minfo     [0m] [1mExecuting agent: prompt_engineer (a676e764-25ce-41cf-95d1-b838c8e6804d)[0m [36mreq[0m=[35mc42d2747[0m
[2m17:28:36[0m [[32m[1minfo     [0m] [1mExecuting agent: tool_builder (d01ede79-d82b-465b-ae42-d1a7a2ec4188)[0m [36mreq[0m=[35mc42d2747[0m
[2m17:28:37[0m [[32m[1minfo     [0m] [1mAgent report_generator returned final answer after 0 tool calls[0m [36mreq[0m=[35mc42d2747[0m
[2m17:28:38[0m [[32m[1minfo     [0m] [1mAgent report_generator completed        [0m [36mreq[0m=[35mc42d2747[0m
[2m17:28:39[0m [[32m[1minfo     [0m] [1mAgent prompt_engineer returned final answer after 0 tool calls[0m [36mreq[0m=[35mc42d2747[0m
[2m17:28:40[0m [[32m[1minfo     [0m] [1mAgent tool_builder returned final answer after 0 tool calls[0m [36mreq[0m=[35mc42d2747[0m
[2m17:28:41[0m [[32m[1minfo     [0m] [1mAgent tool_builder completed            [0m [36mreq[0m=[35mc42d2747[0m
[2m17:28:44[0m [[32m[1minfo     [0m] [1mAgent prompt_engineer completed         [0m [36mreq[0m=[35mc42d2747[0m
[2m17:28:44[0m [[32m[1minfo     [0m] [1mWave 3 agent 'report_generator' completed: success=True, skipped=False, result_len=447[0m [36mreq[0m=[35mc42d2747[0m
[2m17:28:44[0m [[32m[1minfo     [0m] [1mWave 3 agent 'prompt_engineer' completed: success=True, skipped=False, result_len=1999[0m [36mreq[0m=[35mc42d2747[0m
[2m17:28:44[0m [[32m[1minfo     [0m] [1mWave 3 agent 'tool_builder' completed: success=True, skipped=False, result_len=162[0m [36mreq[0m=[35mc42d2747[0m
[2m17:28:44[0m [[32m[1minfo     [0m] [1mExecuting wave 4/5: ['85860279-90e3-4984-b25d-af840d3dca9b'][0m [36mreq[0m=[35mc42d2747[0m
[2m17:28:44[0m [[32m[1minfo     [0m] [1mExecuting agent: quality_validator (85860279-90e3-4984-b25d-af840d3dca9b)[0m [36mreq[0m=[35mc42d2747[0m
[2m17:28:45[0m [[32m[1minfo     [0m] [1mAgent quality_validator returned final answer after 0 tool calls[0m [36mreq[0m=[35mc42d2747[0m
[2m17:28:47[0m [[32m[1minfo     [0m] [1mAgent quality_validator completed       [0m [36mreq[0m=[35mc42d2747[0m
[2m17:28:47[0m [[32m[1minfo     [0m] [1mWave 4 agent 'quality_validator' completed: success=True, skipped=False, result_len=523[0m [36mreq[0m=[35mc42d2747[0m
[2m17:28:47[0m [[32m[1minfo     [0m] [1mExecuting wave 5/5: ['bbd241f8-1df0-49f4-950a-dc61efa2c950'][0m [36mreq[0m=[35mc42d2747[0m
[2m17:28:47[0m [[32m[1minfo     [0m] [1mExecuting agent: report_finalizer (bbd241f8-1df0-49f4-950a-dc61efa2c950)[0m [36mreq[0m=[35mc42d2747[0m
[2m17:28:50[0m [[32m[1minfo     [0m] [1mAgent report_finalizer returned final answer after 0 tool calls[0m [36mreq[0m=[35mc42d2747[0m
[2m17:28:51[0m [[32m[1minfo     [0m] [1mAgent report_finalizer completed        [0m [36mreq[0m=[35mc42d2747[0m
[2m17:28:51[0m [[32m[1minfo     [0m] [1mWave 5 agent 'report_finalizer' completed: success=True, skipped=False, result_len=754[0m [36mreq[0m=[35mc42d2747[0m
[2m17:28:51[0m [[32m[1minfo     [0m] [1mArtifact pool cleared: 11 artifacts discarded[0m [36mreq[0m=[35mc42d2747[0m
[2m17:28:52[0m [[32m[1minfo     [0m] [1mPersisted 1 facts to shared memory for execution 51355c41-e46b-475d-856d-990dd28d3019[0m [36mreq[0m=[35mc42d2747[0m
[2m17:28:52[0m [[32m[1minfo     [0m] [1mStarting telemetry for agent=05bebe15..., execution=51355c41...[0m [36mreq[0m=[35mc42d2747[0m
[2m17:28:52[0m [[33m[1mwarning  [0m] [1mTelemetrie-Bridge fehlgeschlagen: 1 validation error for ExecutionTelemetryCreate
outcome
  Input should be 'success', 'error', 'timeout' or 'cancelled' [type=literal_error, input_value='running', input_type=str]
    For further information visit https://errors.pydantic.dev/2.11/v/literal_error[0m [36mreq[0m=[35mc42d2747[0m
[2m17:28:52[0m [[32m[1minfo     [0m] [1mConfigured epicbox profile: image=lumari-sandbox:latest, limits={'cputime': 5, 'realtime': 10, 'memory': 128, 'processes': 1}[0m [36mreq[0m=[35mc42d2747[0m
[2m17:28:52[0m [[32m[1minfo     [0m] [1mStarting analysis pipeline for execution_id=51355c41...[0m [36mreq[0m=[35mc42d2747[0m
[2m17:28:52[0m [[32m[1minfo     [0m] [1mExecution completed: challenge_id=e6e0c20a-ec5b-4008-92e9-0596d804dbbd, success=True[0m [36mreq[0m=[35mc42d2747[0m
[2m17:28:52[0m [[33m[1mwarning  [0m] [1mNo telemetry found for execution 51355c41-e46b-475d-856d-990dd28d3019[0m [36mreq[0m=[35mc42d2747[0m
WARNING:  WatchFiles detected changes in 'scripts/evaluation/benchmark_runner.py'. Reloading...
[2m17:33:12[0m [[32m[1minfo     [0m] [1mShutting down                           [0m
[2m17:33:12[0m [[32m[1minfo     [0m] [1mWaiting for application shutdown.       [0m
[2m17:33:13[0m [[32m[1minfo     [0m] [1mShutting down OpenTelemetry provider    [0m
[2m17:33:13[0m [[32m[1minfo     [0m] [1mOpenTelemetry provider shutdown complete[0m
[2m17:33:13[0m [[32m[1minfo     [0m] [1mOpenTelemetry shutdown complete         [0m
[2m17:33:13[0m [[32m[1minfo     [0m] [1mApplication shutdown complete.          [0m
[2m17:33:13[0m [[32m[1minfo     [0m] [1mFinished server process [79620]         [0m
[2m17:33:30[0m [[32m[1minfo     [0m] [1mStarted server process [83117]          [0m
[2m17:33:30[0m [[32m[1minfo     [0m] [1mWaiting for application startup.        [0m
[2m17:33:30[0m [[32m[1minfo     [0m] [1mDatabase already initialized (30 tables)[0m
[2m17:33:30[0m [[32m[1minfo     [0m] [1mSetting up OpenTelemetry for lumari-backend v0.1.0[0m
[2m17:33:30[0m [[32m[1minfo     [0m] [1mConsole span exporter enabled           [0m
[2m17:33:30[0m [[32m[1minfo     [0m] [1mFastAPI instrumentation complete        [0m
[2m17:33:30[0m [[32m[1minfo     [0m] [1mOpenTelemetry instrumentation initialized[0m
[2m17:33:30[0m [[32m[1minfo     [0m] [1mApplication startup complete.           [0m
WARNING:  WatchFiles detected changes in 'scripts/evaluation/benchmark_runner.py'. Reloading...
[2m17:52:24[0m [[32m[1minfo     [0m] [1mShutting down                           [0m
[2m17:52:24[0m [[32m[1minfo     [0m] [1mWaiting for application shutdown.       [0m
[2m17:52:25[0m [[32m[1minfo     [0m] [1mShutting down OpenTelemetry provider    [0m
[2m17:52:25[0m [[32m[1minfo     [0m] [1mOpenTelemetry provider shutdown complete[0m
[2m17:52:25[0m [[32m[1minfo     [0m] [1mOpenTelemetry shutdown complete         [0m
[2m17:52:25[0m [[32m[1minfo     [0m] [1mApplication shutdown complete.          [0m
[2m17:52:25[0m [[32m[1minfo     [0m] [1mFinished server process [83117]         [0m
[2m17:52:37[0m [[32m[1minfo     [0m] [1mStarted server process [84290]          [0m
[2m17:52:37[0m [[32m[1minfo     [0m] [1mWaiting for application startup.        [0m
[2m17:52:38[0m [[32m[1minfo     [0m] [1mDatabase already initialized (30 tables)[0m
[2m17:52:38[0m [[32m[1minfo     [0m] [1mSetting up OpenTelemetry for lumari-backend v0.1.0[0m
[2m17:52:38[0m [[32m[1minfo     [0m] [1mConsole span exporter enabled           [0m
[2m17:52:38[0m [[32m[1minfo     [0m] [1mFastAPI instrumentation complete        [0m
[2m17:52:38[0m [[32m[1minfo     [0m] [1mOpenTelemetry instrumentation initialized[0m
[2m17:52:38[0m [[32m[1minfo     [0m] [1mApplication startup complete.           [0m
WARNING:  WatchFiles detected changes in 'app/dependencies/dependencies.py'. Reloading...
[2m18:07:49[0m [[32m[1minfo     [0m] [1mShutting down                           [0m
[2m18:07:50[0m [[32m[1minfo     [0m] [1mWaiting for application shutdown.       [0m
[2m18:07:50[0m [[32m[1minfo     [0m] [1mShutting down OpenTelemetry provider    [0m
[2m18:07:50[0m [[32m[1minfo     [0m] [1mOpenTelemetry provider shutdown complete[0m
[2m18:07:50[0m [[32m[1minfo     [0m] [1mOpenTelemetry shutdown complete         [0m
[2m18:07:50[0m [[32m[1minfo     [0m] [1mApplication shutdown complete.          [0m
[2m18:07:50[0m [[32m[1minfo     [0m] [1mFinished server process [84290]         [0m
[2m18:07:58[0m [[32m[1minfo     [0m] [1mStarted server process [85303]          [0m
[2m18:07:58[0m [[32m[1minfo     [0m] [1mWaiting for application startup.        [0m
[2m18:07:58[0m [[32m[1minfo     [0m] [1mDatabase already initialized (30 tables)[0m
[2m18:07:59[0m [[32m[1minfo     [0m] [1mSetting up OpenTelemetry for lumari-backend v0.1.0[0m
[2m18:07:59[0m [[32m[1minfo     [0m] [1mConsole span exporter enabled           [0m
[2m18:07:59[0m [[32m[1minfo     [0m] [1mFastAPI instrumentation complete        [0m
[2m18:07:59[0m [[32m[1minfo     [0m] [1mOpenTelemetry instrumentation initialized[0m
[2m18:07:59[0m [[32m[1minfo     [0m] [1mApplication startup complete.           [0m
