INFO:     Will watch for changes in these directories: ['/Users/patrick/Documents/Uni/master_project/backend']
INFO:     Uvicorn running on http://127.0.0.1:8000 (Press CTRL+C to quit)
INFO:     Started reloader process [31042] using WatchFiles
[2m11:34:00[0m [[32m[1minfo     [0m] [1mStarted server process [31048]          [0m
[2m11:34:00[0m [[32m[1minfo     [0m] [1mWaiting for application startup.        [0m
[2m11:34:00[0m [[32m[1minfo     [0m] [1mDatabase already initialized (33 tables)[0m
[2m11:34:00[0m [[32m[1minfo     [0m] [1mSetting up OpenTelemetry for lumari-backend v0.1.0[0m
[2m11:34:00[0m [[32m[1minfo     [0m] [1mConsole span exporter enabled           [0m
[2m11:34:00[0m [[32m[1minfo     [0m] [1mFastAPI instrumentation complete        [0m
[2m11:34:00[0m [[32m[1minfo     [0m] [1mOpenTelemetry instrumentation initialized[0m
[2m11:34:01[0m [[32m[1minfo     [0m] [1mApplication startup complete.           [0m
[2m11:34:27[0m [[32m[1minfo     [0m] [1mUpdating user settings: auto_apply=True [0m [36mreq[0m=[35m6627eb5d[0m
[2m11:34:27[0m [[32m[1minfo     [0m] [1mUpdated settings for user default: auto_apply=True[0m [36mreq[0m=[35m6627eb5d[0m
[2m11:34:27[0m [[32m[1minfo     [0m] [1mrequest_finished                        [0m [36mduration[0m=[35m0.036[0m [36mmethod[0m=[35mPUT[0m [36mpath[0m=[35m/api/v1/challenges/settings/user[0m [36mreq[0m=[35m6627eb5d[0m [36mrequest_id[0m=[35m6627eb5d-02bc-43bd-ab4f-6380ebbb39ed[0m [36mstatus[0m=[35m200[0m
[2m11:34:27[0m [[32m[1minfo     [0m] [1mDirect challenge analysis: execution_id=b429a336-e0f7-4eff-86f9-7ccbb309801f[0m [36mreq[0m=[35mdb0e54a6[0m
/Users/patrick/Documents/Uni/master_project/backend/app/orchestration/analysis/orchestrator.py:309: UserWarning: Qdrant client version 1.16.1 is incompatible with server version 1.18.0. Major versions should match and minor version difference must not exceed 1. Set check_compatibility=False to skip version check.
  qdrant_client = QdrantClient(url=qdrant_url)
[2m11:34:28[0m [[32m[1minfo     [0m] [1mPre-execution analysis starting for execution b429a336-e0f7-4eff-86f9-7ccbb309801f[0m [36mreq[0m=[35mdb0e54a6[0m
[2m11:34:28[0m [[32m[1minfo     [0m] [1mAnalyzing challenge for execution b429a336-e0f7-4eff-86f9-7ccbb309801f[0m [36mreq[0m=[35mdb0e54a6[0m
[2m11:34:28[0m [[32m[1minfo     [0m] [1mLoading topology from database...       [0m [36mreq[0m=[35mdb0e54a6[0m
[2m11:34:28[0m [[32m[1minfo     [0m] [1mTopology validated: 11 agents in 5 waves[0m [36mreq[0m=[35mdb0e54a6[0m
[2m11:34:28[0m [[32m[1minfo     [0m] [1mTopology loaded: 11 agents, 5 waves     [0m [36mreq[0m=[35mdb0e54a6[0m
[2m11:34:29[0m [[32m[1minfo     [0m] [1mLLM extracted 5 capabilities: 3 execution, 2 knowledge[0m [36mreq[0m=[35mdb0e54a6[0m
[2m11:34:29[0m [[32m[1minfo     [0m] [1mExtracted 5 required capabilities       [0m [36mreq[0m=[35mdb0e54a6[0m
[2m11:34:29[0m [[32m[1minfo     [0m] [1mLoading embedding model: BAAI/bge-base-en-v1.5[0m
[2m11:34:29[0m [[32m[1minfo     [0m] [1mEmbedding model loaded                  [0m
[2m11:34:30[0m [[32m[1minfo     [0m] [1mAssessment complete: CANNOT_DO (5 gaps, 5 suggestions)[0m [36mreq[0m=[35mdb0e54a6[0m
[2m11:34:30[0m [[32m[1minfo     [0m] [1mASSESSMENT_LOG execution_id=b429a336-e0f7-4eff-86f9-7ccbb309801f confidence=CANNOT_DO gaps=5 route=developer_team duration_ms=2118[0m [36mreq[0m=[35mdb0e54a6[0m
[2m11:34:30[0m [[32m[1minfo     [0m] [1mPre-execution analysis complete: CANNOT_DO -> route: developer_team[0m [36mreq[0m=[35mdb0e54a6[0m
[2m11:34:30[0m [[32m[1minfo     [0m] [1mOrchestrator analysis complete: confidence=CANNOT_DO, route=developer_team[0m [36mreq[0m=[35mdb0e54a6[0m
[2m11:34:30[0m [[32m[1minfo     [0m] [1m0 gaps already satisfied, 5 remaining   [0m [36mreq[0m=[35mdb0e54a6[0m
[2m11:34:30[0m [[32m[1minfo     [0m] [1mGenerated build plan for challenge 894ffaa8-02e7-4b3b-9146-d15765c3a053: 5 items, 5 critical[0m [36mreq[0m=[35mdb0e54a6[0m
[2m11:34:30[0m [[32m[1minfo     [0m] [1mrequest_finished                        [0m [36mduration[0m=[35m2.428[0m [36mmethod[0m=[35mPOST[0m [36mpath[0m=[35m/api/v1/challenges/analyze[0m [36mreq[0m=[35mdb0e54a6[0m [36mrequest_id[0m=[35mdb0e54a6-738d-463e-a952-e72cd012b27d[0m [36mstatus[0m=[35m200[0m
[2m11:34:30[0m [[32m[1minfo     [0m] [1mStarting capability building: challenge_id=894ffaa8-02e7-4b3b-9146-d15765c3a053[0m [36mreq[0m=[35mdb0e54a6[0m
/Users/patrick/Documents/Uni/master_project/backend/app/orchestration/intervention/orchestrator.py:629: UserWarning: Qdrant client version 1.16.1 is incompatible with server version 1.18.0. Major versions should match and minor version difference must not exceed 1. Set check_compatibility=False to skip version check.
  qdrant_client = QdrantClient(url=qdrant_url)
[2m11:34:30[0m [[32m[1minfo     [0m] [1mLoading topology from database...       [0m [36mreq[0m=[35mdb0e54a6[0m
[2m11:34:30[0m [[32m[1minfo     [0m] [1mTopology validated: 11 agents in 5 waves[0m [36mreq[0m=[35mdb0e54a6[0m
[2m11:34:30[0m [[32m[1minfo     [0m] [1mTopology loaded: 11 agents, 5 waves     [0m [36mreq[0m=[35mdb0e54a6[0m
[2m11:34:30[0m [[32m[1minfo     [0m] [1mRuntimeAgentRegistry initialized with max_concurrent=5[0m [36mreq[0m=[35mdb0e54a6[0m
[2m11:34:30[0m [[32m[1minfo     [0m] [1mProcessing blocked challenge: id=894ffaa8..., attempt=1/5[0m [36mreq[0m=[35mdb0e54a6[0m
[2m11:34:30[0m [[32m[1minfo     [0m] [1mCreated gap plan: id=9a80a039..., challenge=894ffaa8..., gaps=5, cycle=1[0m [36mreq[0m=[35mdb0e54a6[0m
[2m11:34:30[0m [[32m[1minfo     [0m] [1mCreated gap plan: 9a80a039..., cycle=1, gaps=5[0m [36mreq[0m=[35mdb0e54a6[0m
[2m11:34:30[0m [[32m[1minfo     [0m] [1mStarted gap plan: 9a80a039...           [0m [36mreq[0m=[35mdb0e54a6[0m
[2m11:34:30[0m [[32m[1minfo     [0m] [1mExecuting gap plan: 9a80a039..., total_gaps=5, cycle=1[0m [36mreq[0m=[35mdb0e54a6[0m
[2m11:34:30[0m [[32m[1minfo     [0m] [1mProcessing gap: d0457080... type=missing_skill, capability=connect to PostgreSQL database using provided credentials, severity=critical[0m [36mreq[0m=[35mdb0e54a6[0m
[2m11:34:30[0m [[32m[1minfo     [0m] [1mStrategy proposed for connect to PostgreSQL database using provided credentials: direct (confidence=0.5)[0m [36mreq[0m=[35mdb0e54a6[0m
[2m11:34:30[0m [[32m[1minfo     [0m] [1mBuilding capability: gap_type=missing_skill, severity=critical, attempt=1, approach=direct[0m [36mreq[0m=[35mdb0e54a6[0m
[2m11:34:30[0m [[32m[1minfo     [0m] [1mUsing Skill Team for capability: connect to PostgreSQL database using provided credentials[0m [36mreq[0m=[35mdb0e54a6[0m
[2m11:34:30[0m [[32m[1minfo     [0m] [1mStarting team-based skill development for: connect to PostgreSQL database using provided credentials[0m [36mreq[0m=[35mdb0e54a6[0m
[2m11:34:30[0m [[32m[1minfo     [0m] [1mResearching capability: connect to PostgreSQL database using provided credentials[0m [36mreq[0m=[35mdb0e54a6[0m
[2m11:34:31[0m [[32m[1minfo     [0m] [1mresponse: https://en.wikipedia.org/w/api.php?action=opensearch&profile=fuzzy&limit=1&search=python%20connect%20to%20PostgreSQL%20database%20using%20provided%20credentials%20implementation%20example%20code 200[0m
[2m11:34:31[0m [[32m[1minfo     [0m] [1mresponse: https://grokipedia.com/api/typeahead?query=python+connect+to+PostgreSQL+database+using+provided+credentials+implementation+example+code&limit=1 200[0m
[2m11:34:32[0m [[32m[1minfo     [0m] [1mresponse: https://search.brave.com/search?q=python+connect+to+PostgreSQL+database+using+provided+credentials+implementation+example+code&source=web 200[0m
[2m11:34:32[0m [[32m[1minfo     [0m] [1mWeb search for 'python connect to PostgreSQL database using provided credent' returned 5 results[0m [36mreq[0m=[35mdb0e54a6[0m
[2m11:34:35[0m [[32m[1minfo     [0m] [1mSummarized 5 sources into 2682 chars    [0m [36mreq[0m=[35mdb0e54a6[0m
[2m11:34:35[0m [[32m[1minfo     [0m] [1mResearch complete for connect to PostgreSQL database using provided credentials: pip=['psycopg2-binary'], examples=1[0m [36mreq[0m=[35mdb0e54a6[0m
[2m11:34:35[0m [[32m[1minfo     [0m] [1mResearch complete: 1 packages found     [0m [36mreq[0m=[35mdb0e54a6[0m
[2m11:34:38[0m [[32m[1minfo     [0m] [1mArchitecture complete: 1 test cases defined[0m [36mreq[0m=[35mdb0e54a6[0m
[2m11:34:38[0m [[32m[1minfo     [0m] [1mSession start: iteration=1/10, pip=1, apt=0[0m [36mreq[0m=[35mdb0e54a6[0m
[2m11:34:38[0m [[32m[1minfo     [0m] [1mDocker client connected successfully    [0m [36mreq[0m=[35mdb0e54a6[0m
[2m11:34:38[0m [[32m[1minfo     [0m] [1mSession container created: f6cd0254f791 [0m [36mreq[0m=[35mdb0e54a6[0m
[2m11:34:38[0m [[32m[1minfo     [0m] [1mInstalling pip packages: "psycopg2-binary"[0m [36mreq[0m=[35mdb0e54a6[0m
[2m11:34:40[0m [[32m[1minfo     [0m] [1mPip packages installed successfully     [0m [36mreq[0m=[35mdb0e54a6[0m
[2m11:34:40[0m [[32m[1minfo     [0m] [1mImplementation iteration 1/10           [0m [36mreq[0m=[35mdb0e54a6[0m
[2m11:34:40[0m [[32m[1minfo     [0m] [1mGetting challenge status: id=894ffaa8-02e7-4b3b-9146-d15765c3a053[0m [36mreq[0m=[35m557a248d[0m
[2m11:34:40[0m [[32m[1minfo     [0m] [1mrequest_finished                        [0m [36mduration[0m=[35m0.005[0m [36mmethod[0m=[35mGET[0m [36mpath[0m=[35m/api/v1/challenges/894ffaa8-02e7-4b3b-9146-d15765c3a053[0m [36mreq[0m=[35m557a248d[0m [36mrequest_id[0m=[35m557a248d-ffd0-4679-a612-c424aa5e4d53[0m [36mstatus[0m=[35m200[0m
[2m11:34:42[0m [[32m[1minfo     [0m] [1mImplementation erfolgreich nach 1 Iterationen[0m [36mreq[0m=[35mdb0e54a6[0m
[2m11:34:47[0m [[32m[1minfo     [0m] [1mReview iteration 1/2                    [0m [36mreq[0m=[35mdb0e54a6[0m
[2m11:34:50[0m [[32m[1minfo     [0m] [1mGetting challenge status: id=894ffaa8-02e7-4b3b-9146-d15765c3a053[0m [36mreq[0m=[35mf95ea317[0m
[2m11:34:50[0m [[32m[1minfo     [0m] [1mrequest_finished                        [0m [36mduration[0m=[35m0.008[0m [36mmethod[0m=[35mGET[0m [36mpath[0m=[35m/api/v1/challenges/894ffaa8-02e7-4b3b-9146-d15765c3a053[0m [36mreq[0m=[35mf95ea317[0m [36mrequest_id[0m=[35mf95ea317-02e4-4271-8653-e083f6dabdca[0m [36mstatus[0m=[35m200[0m
[2m11:34:53[0m [[32m[1minfo     [0m] [1mStarting sandbox execution: pip=['psycopg2-binary'], apt=[], input_files=[][0m [36mreq[0m=[35mdb0e54a6[0m
[2m11:34:53[0m [[32m[1minfo     [0m] [1mInstalling pip packages: "psycopg2-binary"[0m [36mreq[0m=[35mdb0e54a6[0m
[2m11:34:54[0m [[32m[1minfo     [0m] [1mPip packages installed successfully     [0m [36mreq[0m=[35mdb0e54a6[0m
[2m11:34:54[0m [[32m[1minfo     [0m] [1mSandbox execution complete: success=True, time=1793ms, cached=False[0m [36mreq[0m=[35mdb0e54a6[0m
[2m11:35:00[0m [[32m[1minfo     [0m] [1mReview iteration 2/2                    [0m [36mreq[0m=[35mdb0e54a6[0m
[2m11:35:00[0m [[32m[1minfo     [0m] [1mGetting challenge status: id=894ffaa8-02e7-4b3b-9146-d15765c3a053[0m [36mreq[0m=[35m594cf862[0m
[2m11:35:00[0m [[32m[1minfo     [0m] [1mrequest_finished                        [0m [36mduration[0m=[35m0.005[0m [36mmethod[0m=[35mGET[0m [36mpath[0m=[35m/api/v1/challenges/894ffaa8-02e7-4b3b-9146-d15765c3a053[0m [36mreq[0m=[35m594cf862[0m [36mrequest_id[0m=[35m594cf862-8cf2-4586-b557-cc28fb45f788[0m [36mstatus[0m=[35m200[0m
[2m11:35:02[0m [[32m[1minfo     [0m] [1mStarting sandbox execution: pip=['psycopg2-binary'], apt=[], input_files=[][0m [36mreq[0m=[35mdb0e54a6[0m
[2m11:35:02[0m [[32m[1minfo     [0m] [1mInstalling pip packages: "psycopg2-binary"[0m [36mreq[0m=[35mdb0e54a6[0m
[2m11:35:03[0m [[32m[1minfo     [0m] [1mPip packages installed successfully     [0m [36mreq[0m=[35mdb0e54a6[0m
[2m11:35:03[0m [[32m[1minfo     [0m] [1mSandbox execution complete: success=True, time=1723ms, cached=False[0m [36mreq[0m=[35mdb0e54a6[0m
[2m11:35:09[0m [[32m[1minfo     [0m] [1mCreated new skill: c0cce4c1-35cd-4f65-ab31-d4aa8deaca14[0m [36mreq[0m=[35mdb0e54a6[0m
[2m11:35:09[0m [[32m[1minfo     [0m] [1mRecorded build attempt: capability=connect to PostgreSQL database using provided credentials, success=True, error_type=None[0m [36mreq[0m=[35mdb0e54a6[0m
[2m11:35:09[0m [[32m[1minfo     [0m] [1mSkill development complete: skill_connect_to_postgresql_database_using_provided_credentials in 38691ms[0m [36mreq[0m=[35mdb0e54a6[0m
[2m11:35:09[0m [[32m[1minfo     [0m] [1mSkill Team built skill: skill_connect_to_postgresql_database_using_provided_credentials, duration=38.8s[0m [36mreq[0m=[35mdb0e54a6[0m
[2m11:35:09[0m [[32m[1minfo     [0m] [1mAgent 'transcript_analyzer' already has capability 'connect to PostgreSQL database using provided credentials'[0m [36mreq[0m=[35mdb0e54a6[0m
[2m11:35:09[0m [[32m[1minfo     [0m] [1mCreated skill binding: skill=c0cce4c1..., agent=b2972519..., capability='connect to PostgreSQL database using provided credentials'[0m [36mreq[0m=[35mdb0e54a6[0m
[2m11:35:09[0m [[32m[1minfo     [0m] [1mInjecting skill c0cce4c1... with plan: target_agent=e76607a6..., rationale=The tool_builder is the most appropriate agent for creating database introspection utilities that provide structural analysis of data sources.[0m [36mreq[0m=[35mdb0e54a6[0m
[2m11:35:09[0m [[32m[1minfo     [0m] [1mCreated skill binding: skill=c0cce4c1... -> agent=e76607a6...[0m [36mreq[0m=[35mdb0e54a6[0m
[2m11:35:09[0m [[32m[1minfo     [0m] [1mLoading topology from database...       [0m [36mreq[0m=[35mdb0e54a6[0m
[2m11:35:09[0m [[32m[1minfo     [0m] [1mMapped 1 skill entries to 1 capabilities[0m [36mreq[0m=[35mdb0e54a6[0m
[2m11:35:09[0m [[32m[1minfo     [0m] [1mTopology validated: 11 agents in 5 waves[0m [36mreq[0m=[35mdb0e54a6[0m
[2m11:35:09[0m [[32m[1minfo     [0m] [1mLoaded 1 skills for topology            [0m [36mreq[0m=[35mdb0e54a6[0m
[2m11:35:09[0m [[32m[1minfo     [0m] [1mTopology loaded: 11 agents, 5 waves     [0m [36mreq[0m=[35mdb0e54a6[0m
[2m11:35:09[0m [[32m[1minfo     [0m] [1mPlan-based injection complete: skill=c0cce4c1... -> agent=tool_builder[0m [36mreq[0m=[35mdb0e54a6[0m
[2m11:35:09[0m [[32m[1minfo     [0m] [1mRecorded build attempt: capability=connect to PostgreSQL database using provided credentials, success=True, error_type=None[0m [36mreq[0m=[35mdb0e54a6[0m
[2m11:35:09[0m [[32m[1minfo     [0m] [1mGap completed: d0457080... -> skill/c0cce4c1...[0m [36mreq[0m=[35mdb0e54a6[0m
[2m11:35:09[0m [[32m[1minfo     [0m] [1mProcessing gap: f499e4e6... type=missing_skill, capability=execute SQL queries to list database tables, severity=critical[0m [36mreq[0m=[35mdb0e54a6[0m
[2m11:35:09[0m [[32m[1minfo     [0m] [1mStrategy proposed for execute SQL queries to list database tables: direct (confidence=0.5)[0m [36mreq[0m=[35mdb0e54a6[0m
[2m11:35:09[0m [[32m[1minfo     [0m] [1mBuilding capability: gap_type=missing_skill, severity=critical, attempt=1, approach=direct[0m [36mreq[0m=[35mdb0e54a6[0m
[2m11:35:09[0m [[32m[1minfo     [0m] [1mUsing Skill Team for capability: execute SQL queries to list database tables[0m [36mreq[0m=[35mdb0e54a6[0m
[2m11:35:09[0m [[32m[1minfo     [0m] [1mStarting team-based skill development for: execute SQL queries to list database tables[0m [36mreq[0m=[35mdb0e54a6[0m
[2m11:35:09[0m [[32m[1minfo     [0m] [1mResearching capability: execute SQL queries to list database tables[0m [36mreq[0m=[35mdb0e54a6[0m
[2m11:35:09[0m [[32m[1minfo     [0m] [1mresponse: https://en.wikipedia.org/w/api.php?action=opensearch&profile=fuzzy&limit=1&search=python%20execute%20SQL%20queries%20to%20list%20database%20tables%20implementation%20example%20code 200[0m
[2m11:35:09[0m [[32m[1minfo     [0m] [1mresponse: https://grokipedia.com/api/typeahead?query=python+execute+SQL+queries+to+list+database+tables+implementation+example+code&limit=1 200[0m
[2m11:35:09[0m [[32m[1minfo     [0m] [1mresponse: https://www.google.com/search?q=python+execute+SQL+queries+to+list+database+tables+implementation+example+code&filter=1&start=0&hl=en-US&lr=lang_en&cr=countryUS 200[0m
[2m11:35:10[0m [[32m[1minfo     [0m] [1mGetting challenge status: id=894ffaa8-02e7-4b3b-9146-d15765c3a053[0m [36mreq[0m=[35m56efb4fc[0m
[2m11:35:10[0m [[32m[1minfo     [0m] [1mrequest_finished                        [0m [36mduration[0m=[35m0.031[0m [36mmethod[0m=[35mGET[0m [36mpath[0m=[35m/api/v1/challenges/894ffaa8-02e7-4b3b-9146-d15765c3a053[0m [36mreq[0m=[35m56efb4fc[0m [36mrequest_id[0m=[35m56efb4fc-abd8-4dac-86ca-a5958640becc[0m [36mstatus[0m=[35m200[0m
[2m11:35:10[0m [[32m[1minfo     [0m] [1mresponse: https://www.mojeek.com/search?q=python+execute+SQL+queries+to+list+database+tables+implementation+example+code 200[0m
[2m11:35:10[0m [[32m[1minfo     [0m] [1mWeb search for 'python execute SQL queries to list database tables implement' returned 5 results[0m [36mreq[0m=[35mdb0e54a6[0m
[2m11:35:13[0m [[32m[1minfo     [0m] [1mSummarized 1 sources into 2498 chars    [0m [36mreq[0m=[35mdb0e54a6[0m
[2m11:35:13[0m [[32m[1minfo     [0m] [1mResearch complete for execute SQL queries to list database tables: pip=['psycopg2-binary'], examples=1[0m [36mreq[0m=[35mdb0e54a6[0m
[2m11:35:13[0m [[32m[1minfo     [0m] [1mResearch complete: 1 packages found     [0m [36mreq[0m=[35mdb0e54a6[0m
[2m11:35:16[0m [[32m[1minfo     [0m] [1mArchitecture complete: 1 test cases defined[0m [36mreq[0m=[35mdb0e54a6[0m
[2m11:35:16[0m [[32m[1minfo     [0m] [1mSession start: iteration=1/10, pip=1, apt=0[0m [36mreq[0m=[35mdb0e54a6[0m
[2m11:35:16[0m [[32m[1minfo     [0m] [1mSession container created: 82df19c284d1 [0m [36mreq[0m=[35mdb0e54a6[0m
[2m11:35:16[0m [[32m[1minfo     [0m] [1mInstalling pip packages: "psycopg2-binary"[0m [36mreq[0m=[35mdb0e54a6[0m
[2m11:35:17[0m [[32m[1minfo     [0m] [1mPip packages installed successfully     [0m [36mreq[0m=[35mdb0e54a6[0m
[2m11:35:17[0m [[32m[1minfo     [0m] [1mImplementation iteration 1/10           [0m [36mreq[0m=[35mdb0e54a6[0m
[2m11:35:19[0m [[32m[1minfo     [0m] [1mProaktiv erkannte neue Packages: ['sqlalchemy'][0m [36mreq[0m=[35mdb0e54a6[0m
[2m11:35:20[0m [[32m[1minfo     [0m] [1mGetting challenge status: id=894ffaa8-02e7-4b3b-9146-d15765c3a053[0m [36mreq[0m=[35m79cd5a8b[0m
[2m11:35:20[0m [[32m[1minfo     [0m] [1mrequest_finished                        [0m [36mduration[0m=[35m0.009[0m [36mmethod[0m=[35mGET[0m [36mpath[0m=[35m/api/v1/challenges/894ffaa8-02e7-4b3b-9146-d15765c3a053[0m [36mreq[0m=[35m79cd5a8b[0m [36mrequest_id[0m=[35m79cd5a8b-7743-4235-84e9-7676b57ca771[0m [36mstatus[0m=[35m200[0m
[2m11:35:24[0m [[32m[1minfo     [0m] [1mSession start: iteration=2/10, pip=2, apt=0[0m [36mreq[0m=[35mdb0e54a6[0m
[2m11:35:25[0m [[32m[1minfo     [0m] [1mSession container created: 9ffb3307ab3c [0m [36mreq[0m=[35mdb0e54a6[0m
[2m11:35:25[0m [[32m[1minfo     [0m] [1mInstalling pip packages: "psycopg2-binary" "sqlalchemy"[0m [36mreq[0m=[35mdb0e54a6[0m
[2m11:35:27[0m [[32m[1minfo     [0m] [1mPip packages installed successfully     [0m [36mreq[0m=[35mdb0e54a6[0m
[2m11:35:27[0m [[32m[1minfo     [0m] [1mImplementation iteration 2/10           [0m [36mreq[0m=[35mdb0e54a6[0m
[2m11:35:27[0m [[32m[1minfo     [0m] [1mImplementation erfolgreich nach 2 Iterationen[0m [36mreq[0m=[35mdb0e54a6[0m
[2m11:35:30[0m [[32m[1minfo     [0m] [1mGetting challenge status: id=894ffaa8-02e7-4b3b-9146-d15765c3a053[0m [36mreq[0m=[35m0d8af969[0m
[2m11:35:30[0m [[32m[1minfo     [0m] [1mrequest_finished                        [0m [36mduration[0m=[35m0.006[0m [36mmethod[0m=[35mGET[0m [36mpath[0m=[35m/api/v1/challenges/894ffaa8-02e7-4b3b-9146-d15765c3a053[0m [36mreq[0m=[35m0d8af969[0m [36mrequest_id[0m=[35m0d8af969-413e-4eda-b731-00086f38547f[0m [36mstatus[0m=[35m200[0m
[2m11:35:33[0m [[32m[1minfo     [0m] [1mReview iteration 1/2                    [0m [36mreq[0m=[35mdb0e54a6[0m
[2m11:35:35[0m [[32m[1minfo     [0m] [1mStarting sandbox execution: pip=['psycopg2-binary', 'sqlalchemy'], apt=[], input_files=[][0m [36mreq[0m=[35mdb0e54a6[0m
[2m11:35:35[0m [[32m[1minfo     [0m] [1mInstalling pip packages: "psycopg2-binary" "sqlalchemy"[0m [36mreq[0m=[35mdb0e54a6[0m
[2m11:35:38[0m [[32m[1minfo     [0m] [1mPip packages installed successfully     [0m [36mreq[0m=[35mdb0e54a6[0m
[2m11:35:38[0m [[32m[1minfo     [0m] [1mSandbox execution complete: success=True, time=3211ms, cached=False[0m [36mreq[0m=[35mdb0e54a6[0m
[2m11:35:40[0m [[32m[1minfo     [0m] [1mGetting challenge status: id=894ffaa8-02e7-4b3b-9146-d15765c3a053[0m [36mreq[0m=[35m0dcd5fdb[0m
[2m11:35:40[0m [[32m[1minfo     [0m] [1mrequest_finished                        [0m [36mduration[0m=[35m0.012[0m [36mmethod[0m=[35mGET[0m [36mpath[0m=[35m/api/v1/challenges/894ffaa8-02e7-4b3b-9146-d15765c3a053[0m [36mreq[0m=[35m0dcd5fdb[0m [36mrequest_id[0m=[35m0dcd5fdb-4825-4e2b-8bf1-f8248181f241[0m [36mstatus[0m=[35m200[0m
[2m11:35:43[0m [[32m[1minfo     [0m] [1mCreated new skill: 2b162b0a-87a2-491f-b69b-96ac2fa57a59[0m [36mreq[0m=[35mdb0e54a6[0m
[2m11:35:43[0m [[32m[1minfo     [0m] [1mRecorded build attempt: capability=execute SQL queries to list database tables, success=True, error_type=None[0m [36mreq[0m=[35mdb0e54a6[0m
[2m11:35:43[0m [[32m[1minfo     [0m] [1mSkill development complete: skill_execute_sql_queries_to_list_database_tables in 34337ms[0m [36mreq[0m=[35mdb0e54a6[0m
[2m11:35:43[0m [[32m[1minfo     [0m] [1mSkill Team built skill: skill_execute_sql_queries_to_list_database_tables, duration=34.4s[0m [36mreq[0m=[35mdb0e54a6[0m
[2m11:35:43[0m [[32m[1minfo     [0m] [1mAgent 'transcript_analyzer' already has capability 'execute SQL queries to list database tables'[0m [36mreq[0m=[35mdb0e54a6[0m
[2m11:35:43[0m [[32m[1minfo     [0m] [1mCreated skill binding: skill=2b162b0a..., agent=b2972519..., capability='execute SQL queries to list database tables'[0m [36mreq[0m=[35mdb0e54a6[0m
[2m11:35:43[0m [[32m[1minfo     [0m] [1mInjecting skill 2b162b0a... with plan: target_agent=7eab52e8..., rationale=The context_retriever is best suited for gathering structural metadata and schema information from external data sources to inform subsequent analysis or reporting tasks.[0m [36mreq[0m=[35mdb0e54a6[0m
[2m11:35:43[0m [[32m[1minfo     [0m] [1mCreated skill binding: skill=2b162b0a... -> agent=7eab52e8...[0m [36mreq[0m=[35mdb0e54a6[0m
[2m11:35:43[0m [[32m[1minfo     [0m] [1mLoading topology from database...       [0m [36mreq[0m=[35mdb0e54a6[0m
[2m11:35:43[0m [[32m[1minfo     [0m] [1mMapped 2 skill entries to 2 capabilities[0m [36mreq[0m=[35mdb0e54a6[0m
[2m11:35:43[0m [[32m[1minfo     [0m] [1mTopology validated: 11 agents in 5 waves[0m [36mreq[0m=[35mdb0e54a6[0m
[2m11:35:43[0m [[32m[1minfo     [0m] [1mLoaded 2 skills for topology            [0m [36mreq[0m=[35mdb0e54a6[0m
[2m11:35:43[0m [[32m[1minfo     [0m] [1mTopology loaded: 11 agents, 5 waves     [0m [36mreq[0m=[35mdb0e54a6[0m
[2m11:35:43[0m [[32m[1minfo     [0m] [1mPlan-based injection complete: skill=2b162b0a... -> agent=context_retriever[0m [36mreq[0m=[35mdb0e54a6[0m
[2m11:35:43[0m [[32m[1minfo     [0m] [1mRecorded build attempt: capability=execute SQL queries to list database tables, success=True, error_type=None[0m [36mreq[0m=[35mdb0e54a6[0m
[2m11:35:43[0m [[32m[1minfo     [0m] [1mGap completed: f499e4e6... -> skill/2b162b0a...[0m [36mreq[0m=[35mdb0e54a6[0m
[2m11:35:44[0m [[32m[1minfo     [0m] [1mProcessing gap: 67dce37b... type=missing_skill, capability=execute SQL queries to retrieve column metadata and foreign key constraints, severity=critical[0m [36mreq[0m=[35mdb0e54a6[0m
[2m11:35:44[0m [[32m[1minfo     [0m] [1mStrategy proposed for execute SQL queries to retrieve column metadata and foreign key constraints: direct (confidence=0.5)[0m [36mreq[0m=[35mdb0e54a6[0m
[2m11:35:44[0m [[32m[1minfo     [0m] [1mBuilding capability: gap_type=missing_skill, severity=critical, attempt=1, approach=direct[0m [36mreq[0m=[35mdb0e54a6[0m
[2m11:35:44[0m [[32m[1minfo     [0m] [1mUsing Skill Team for capability: execute SQL queries to retrieve column metadata and foreign key constraints[0m [36mreq[0m=[35mdb0e54a6[0m
[2m11:35:44[0m [[32m[1minfo     [0m] [1mStarting team-based skill development for: execute SQL queries to retrieve column metadata and foreign key constraints[0m [36mreq[0m=[35mdb0e54a6[0m
[2m11:35:44[0m [[32m[1minfo     [0m] [1mResearching capability: execute SQL queries to retrieve column metadata and foreign key constraints[0m [36mreq[0m=[35mdb0e54a6[0m
[2m11:35:44[0m [[32m[1minfo     [0m] [1mresponse: https://en.wikipedia.org/w/api.php?action=opensearch&profile=fuzzy&limit=1&search=python%20execute%20SQL%20queries%20to%20retrieve%20column%20metadata%20and%20foreign%20key%20constraints%20implementation%20example%20code 200[0m
[2m11:35:44[0m [[32m[1minfo     [0m] [1mresponse: https://grokipedia.com/api/typeahead?query=python+execute+SQL+queries+to+retrieve+column+metadata+and+foreign+key+constraints+implementation+example+code&limit=1 200[0m
[2m11:35:44[0m [[32m[1minfo     [0m] [1mresponse: https://consent.yahoo.com/v2/collectConsent?sessionId=3_cc-session_e1b0babd-8306-4ce1-92fd-900914784602 200[0m
[2m11:35:46[0m [[32m[1minfo     [0m] [1mresponse: https://www.mojeek.com/search?q=python+execute+SQL+queries+to+retrieve+column+metadata+and+foreign+key+constraints+implementation+example+code 200[0m
[2m11:35:46[0m [[32m[1minfo     [0m] [1mWeb search for 'python execute SQL queries to retrieve column metadata and f' returned 5 results[0m [36mreq[0m=[35mdb0e54a6[0m
[2m11:35:50[0m [[32m[1minfo     [0m] [1mGetting challenge status: id=894ffaa8-02e7-4b3b-9146-d15765c3a053[0m [36mreq[0m=[35mf1ecc3ae[0m
[2m11:35:50[0m [[32m[1minfo     [0m] [1mrequest_finished                        [0m [36mduration[0m=[35m0.007[0m [36mmethod[0m=[35mGET[0m [36mpath[0m=[35m/api/v1/challenges/894ffaa8-02e7-4b3b-9146-d15765c3a053[0m [36mreq[0m=[35mf1ecc3ae[0m [36mrequest_id[0m=[35mf1ecc3ae-ca8a-48c9-955b-b10f8cccd85b[0m [36mstatus[0m=[35m200[0m
[2m11:35:50[0m [[32m[1minfo     [0m] [1mSummarized 6 sources into 3316 chars    [0m [36mreq[0m=[35mdb0e54a6[0m
[2m11:35:50[0m [[32m[1minfo     [0m] [1mResearch complete for execute SQL queries to retrieve column metadata and foreign key constraints: pip=['psycopg2-binary'], examples=1[0m [36mreq[0m=[35mdb0e54a6[0m
[2m11:35:50[0m [[32m[1minfo     [0m] [1mResearch complete: 1 packages found     [0m [36mreq[0m=[35mdb0e54a6[0m
[2m11:35:53[0m [[32m[1minfo     [0m] [1mArchitecture complete: 1 test cases defined[0m [36mreq[0m=[35mdb0e54a6[0m
[2m11:35:53[0m [[32m[1minfo     [0m] [1mSession start: iteration=1/10, pip=1, apt=0[0m [36mreq[0m=[35mdb0e54a6[0m
[2m11:35:53[0m [[32m[1minfo     [0m] [1mSession container created: a1505ccb3639 [0m [36mreq[0m=[35mdb0e54a6[0m
[2m11:35:53[0m [[32m[1minfo     [0m] [1mInstalling pip packages: "psycopg2-binary"[0m [36mreq[0m=[35mdb0e54a6[0m
[2m11:35:54[0m [[32m[1minfo     [0m] [1mPip packages installed successfully     [0m [36mreq[0m=[35mdb0e54a6[0m
[2m11:35:54[0m [[32m[1minfo     [0m] [1mImplementation iteration 1/10           [0m [36mreq[0m=[35mdb0e54a6[0m
[2m11:35:57[0m [[32m[1minfo     [0m] [1mProaktiv erkannte neue Packages: ['sqlalchemy'][0m [36mreq[0m=[35mdb0e54a6[0m
[2m11:36:00[0m [[32m[1minfo     [0m] [1mGetting challenge status: id=894ffaa8-02e7-4b3b-9146-d15765c3a053[0m [36mreq[0m=[35mc406e539[0m
[2m11:36:00[0m [[32m[1minfo     [0m] [1mrequest_finished                        [0m [36mduration[0m=[35m0.007[0m [36mmethod[0m=[35mGET[0m [36mpath[0m=[35m/api/v1/challenges/894ffaa8-02e7-4b3b-9146-d15765c3a053[0m [36mreq[0m=[35mc406e539[0m [36mrequest_id[0m=[35mc406e539-57e5-460e-a90d-ce62dcccc2ab[0m [36mstatus[0m=[35m200[0m
[2m11:36:02[0m [[32m[1minfo     [0m] [1mSession start: iteration=2/10, pip=2, apt=0[0m [36mreq[0m=[35mdb0e54a6[0m
[2m11:36:02[0m [[32m[1minfo     [0m] [1mSession container created: a4e9d26562c8 [0m [36mreq[0m=[35mdb0e54a6[0m
[2m11:36:02[0m [[32m[1minfo     [0m] [1mInstalling pip packages: "psycopg2-binary" "sqlalchemy"[0m [36mreq[0m=[35mdb0e54a6[0m
[2m11:36:05[0m [[32m[1minfo     [0m] [1mPip packages installed successfully     [0m [36mreq[0m=[35mdb0e54a6[0m
[2m11:36:05[0m [[32m[1minfo     [0m] [1mImplementation iteration 2/10           [0m [36mreq[0m=[35mdb0e54a6[0m
[2m11:36:05[0m [[32m[1minfo     [0m] [1mImplementation erfolgreich nach 2 Iterationen[0m [36mreq[0m=[35mdb0e54a6[0m
[2m11:36:10[0m [[32m[1minfo     [0m] [1mGetting challenge status: id=894ffaa8-02e7-4b3b-9146-d15765c3a053[0m [36mreq[0m=[35m7f26ad9f[0m
[2m11:36:10[0m [[32m[1minfo     [0m] [1mrequest_finished                        [0m [36mduration[0m=[35m0.005[0m [36mmethod[0m=[35mGET[0m [36mpath[0m=[35m/api/v1/challenges/894ffaa8-02e7-4b3b-9146-d15765c3a053[0m [36mreq[0m=[35m7f26ad9f[0m [36mrequest_id[0m=[35m7f26ad9f-8ad0-4766-a72c-a670a9109309[0m [36mstatus[0m=[35m200[0m
[2m11:36:10[0m [[32m[1minfo     [0m] [1mReview iteration 1/2                    [0m [36mreq[0m=[35mdb0e54a6[0m
[2m11:36:12[0m [[32m[1minfo     [0m] [1mStarting sandbox execution: pip=['psycopg2-binary', 'sqlalchemy'], apt=[], input_files=[][0m [36mreq[0m=[35mdb0e54a6[0m
[2m11:36:12[0m [[32m[1minfo     [0m] [1mInstalling pip packages: "psycopg2-binary" "sqlalchemy"[0m [36mreq[0m=[35mdb0e54a6[0m
[2m11:36:15[0m [[32m[1minfo     [0m] [1mPip packages installed successfully     [0m [36mreq[0m=[35mdb0e54a6[0m
[2m11:36:15[0m [[32m[1minfo     [0m] [1mSandbox execution complete: success=True, time=3076ms, cached=False[0m [36mreq[0m=[35mdb0e54a6[0m
[2m11:36:20[0m [[32m[1minfo     [0m] [1mGetting challenge status: id=894ffaa8-02e7-4b3b-9146-d15765c3a053[0m [36mreq[0m=[35m79fbc7d2[0m
[2m11:36:20[0m [[32m[1minfo     [0m] [1mrequest_finished                        [0m [36mduration[0m=[35m0.009[0m [36mmethod[0m=[35mGET[0m [36mpath[0m=[35m/api/v1/challenges/894ffaa8-02e7-4b3b-9146-d15765c3a053[0m [36mreq[0m=[35m79fbc7d2[0m [36mrequest_id[0m=[35m79fbc7d2-d1ce-45f6-ae4d-c9412e588739[0m [36mstatus[0m=[35m200[0m
[2m11:36:20[0m [[32m[1minfo     [0m] [1mCreated new skill: a4169338-6e4c-472c-94cd-e9920d2b7be8[0m [36mreq[0m=[35mdb0e54a6[0m
[2m11:36:21[0m [[32m[1minfo     [0m] [1mRecorded build attempt: capability=execute SQL queries to retrieve column metadata and foreign key constraints, success=True, error_type=None[0m [36mreq[0m=[35mdb0e54a6[0m
[2m11:36:21[0m [[32m[1minfo     [0m] [1mSkill development complete: skill_execute_sql_queries_to_retrieve_column_metadata_and_foreign_key_constraints in 36962ms[0m [36mreq[0m=[35mdb0e54a6[0m
[2m11:36:21[0m [[32m[1minfo     [0m] [1mSkill Team built skill: skill_execute_sql_queries_to_retrieve_column_metadata_and_foreign_key_constraints, duration=37.0s[0m [36mreq[0m=[35mdb0e54a6[0m
[2m11:36:21[0m [[32m[1minfo     [0m] [1mAgent 'transcript_analyzer' already has capability 'execute SQL queries to retrieve column metadata and foreign key constraints'[0m [36mreq[0m=[35mdb0e54a6[0m
[2m11:36:21[0m [[32m[1minfo     [0m] [1mCreated skill binding: skill=a4169338..., agent=b2972519..., capability='execute SQL queries to retrieve column metadata and foreign key constraints'[0m [36mreq[0m=[35mdb0e54a6[0m
[2m11:36:21[0m [[32m[1minfo     [0m] [1mInjecting skill a4169338... with plan: target_agent=7eab52e8..., rationale=The context_retriever is best suited for inspecting and mapping database schemas to provide structural context for further analysis or report generation.[0m [36mreq[0m=[35mdb0e54a6[0m
[2m11:36:21[0m [[32m[1minfo     [0m] [1mCreated skill binding: skill=a4169338... -> agent=7eab52e8...[0m [36mreq[0m=[35mdb0e54a6[0m
[2m11:36:21[0m [[32m[1minfo     [0m] [1mLoading topology from database...       [0m [36mreq[0m=[35mdb0e54a6[0m
[2m11:36:21[0m [[32m[1minfo     [0m] [1mMapped 3 skill entries to 3 capabilities[0m [36mreq[0m=[35mdb0e54a6[0m
[2m11:36:21[0m [[32m[1minfo     [0m] [1mTopology validated: 11 agents in 5 waves[0m [36mreq[0m=[35mdb0e54a6[0m
[2m11:36:21[0m [[32m[1minfo     [0m] [1mLoaded 3 skills for topology            [0m [36mreq[0m=[35mdb0e54a6[0m
[2m11:36:21[0m [[32m[1minfo     [0m] [1mTopology loaded: 11 agents, 5 waves     [0m [36mreq[0m=[35mdb0e54a6[0m
[2m11:36:21[0m [[32m[1minfo     [0m] [1mPlan-based injection complete: skill=a4169338... -> agent=context_retriever[0m [36mreq[0m=[35mdb0e54a6[0m
[2m11:36:21[0m [[32m[1minfo     [0m] [1mRecorded build attempt: capability=execute SQL queries to retrieve column metadata and foreign key constraints, success=True, error_type=None[0m [36mreq[0m=[35mdb0e54a6[0m
[2m11:36:21[0m [[32m[1minfo     [0m] [1mGap completed: 67dce37b... -> skill/a4169338...[0m [36mreq[0m=[35mdb0e54a6[0m
[2m11:36:21[0m [[32m[1minfo     [0m] [1mProcessing gap: 7e3dd3ae... type=missing_skill, capability=analyze database schema structure, severity=critical[0m [36mreq[0m=[35mdb0e54a6[0m
[2m11:36:21[0m [[32m[1minfo     [0m] [1mStrategy proposed for analyze database schema structure: direct (confidence=0.5)[0m [36mreq[0m=[35mdb0e54a6[0m
[2m11:36:21[0m [[32m[1minfo     [0m] [1mBuilding capability: gap_type=missing_skill, severity=critical, attempt=1, approach=direct[0m [36mreq[0m=[35mdb0e54a6[0m
[2m11:36:21[0m [[32m[1minfo     [0m] [1mUsing Skill Team for capability: analyze database schema structure[0m [36mreq[0m=[35mdb0e54a6[0m
[2m11:36:21[0m [[32m[1minfo     [0m] [1mStarting team-based skill development for: analyze database schema structure[0m [36mreq[0m=[35mdb0e54a6[0m
[2m11:36:21[0m [[32m[1minfo     [0m] [1mResearching capability: analyze database schema structure[0m [36mreq[0m=[35mdb0e54a6[0m
[2m11:36:21[0m [[32m[1minfo     [0m] [1mresponse: https://en.wikipedia.org/w/api.php?action=opensearch&profile=fuzzy&limit=1&search=python%20analyze%20database%20schema%20structure%20implementation%20example%20code 200[0m
[2m11:36:21[0m [[32m[1minfo     [0m] [1mresponse: https://grokipedia.com/api/typeahead?query=python+analyze+database+schema+structure+implementation+example+code&limit=1 200[0m
[2m11:36:22[0m [[32m[1minfo     [0m] [1mresponse: https://search.brave.com/search?q=python+analyze+database+schema+structure+implementation+example+code&source=web 200[0m
[2m11:36:22[0m [[32m[1minfo     [0m] [1mWeb search for 'python analyze database schema structure implementation exam' returned 5 results[0m [36mreq[0m=[35mdb0e54a6[0m
[2m11:36:26[0m [[32m[1minfo     [0m] [1mSummarized 5 sources into 3317 chars    [0m [36mreq[0m=[35mdb0e54a6[0m
[2m11:36:26[0m [[32m[1minfo     [0m] [1mResearch complete for analyze database schema structure: pip=['psycopg2-binary'], examples=1[0m [36mreq[0m=[35mdb0e54a6[0m
[2m11:36:26[0m [[32m[1minfo     [0m] [1mResearch complete: 1 packages found     [0m [36mreq[0m=[35mdb0e54a6[0m
[2m11:36:29[0m [[32m[1minfo     [0m] [1mArchitecture complete: 1 test cases defined[0m [36mreq[0m=[35mdb0e54a6[0m
[2m11:36:29[0m [[32m[1minfo     [0m] [1mSession start: iteration=1/10, pip=1, apt=0[0m [36mreq[0m=[35mdb0e54a6[0m
[2m11:36:29[0m [[32m[1minfo     [0m] [1mSession container created: c0ee5e63d3e4 [0m [36mreq[0m=[35mdb0e54a6[0m
[2m11:36:29[0m [[32m[1minfo     [0m] [1mInstalling pip packages: "psycopg2-binary"[0m [36mreq[0m=[35mdb0e54a6[0m
[2m11:36:30[0m [[32m[1minfo     [0m] [1mGetting challenge status: id=894ffaa8-02e7-4b3b-9146-d15765c3a053[0m [36mreq[0m=[35m0e4f4188[0m
[2m11:36:30[0m [[32m[1minfo     [0m] [1mrequest_finished                        [0m [36mduration[0m=[35m0.008[0m [36mmethod[0m=[35mGET[0m [36mpath[0m=[35m/api/v1/challenges/894ffaa8-02e7-4b3b-9146-d15765c3a053[0m [36mreq[0m=[35m0e4f4188[0m [36mrequest_id[0m=[35m0e4f4188-40d6-40a7-8a07-714c5fda7244[0m [36mstatus[0m=[35m200[0m
[2m11:36:31[0m [[32m[1minfo     [0m] [1mPip packages installed successfully     [0m [36mreq[0m=[35mdb0e54a6[0m
[2m11:36:31[0m [[32m[1minfo     [0m] [1mImplementation iteration 1/10           [0m [36mreq[0m=[35mdb0e54a6[0m
[2m11:36:33[0m [[32m[1minfo     [0m] [1mProaktiv erkannte neue Packages: ['sqlalchemy'][0m [36mreq[0m=[35mdb0e54a6[0m
[2m11:36:38[0m [[32m[1minfo     [0m] [1mSession start: iteration=2/10, pip=2, apt=0[0m [36mreq[0m=[35mdb0e54a6[0m
[2m11:36:38[0m [[32m[1minfo     [0m] [1mSession container created: ebee6557c781 [0m [36mreq[0m=[35mdb0e54a6[0m
[2m11:36:38[0m [[32m[1minfo     [0m] [1mInstalling pip packages: "psycopg2-binary" "sqlalchemy"[0m [36mreq[0m=[35mdb0e54a6[0m
[2m11:36:40[0m [[32m[1minfo     [0m] [1mGetting challenge status: id=894ffaa8-02e7-4b3b-9146-d15765c3a053[0m [36mreq[0m=[35m756fd765[0m
[2m11:36:40[0m [[32m[1minfo     [0m] [1mrequest_finished                        [0m [36mduration[0m=[35m0.005[0m [36mmethod[0m=[35mGET[0m [36mpath[0m=[35m/api/v1/challenges/894ffaa8-02e7-4b3b-9146-d15765c3a053[0m [36mreq[0m=[35m756fd765[0m [36mrequest_id[0m=[35m756fd765-64a3-4f29-a047-9c05c4c2d32d[0m [36mstatus[0m=[35m200[0m
[2m11:36:41[0m [[32m[1minfo     [0m] [1mPip packages installed successfully     [0m [36mreq[0m=[35mdb0e54a6[0m
[2m11:36:41[0m [[32m[1minfo     [0m] [1mImplementation iteration 2/10           [0m [36mreq[0m=[35mdb0e54a6[0m
[2m11:36:41[0m [[32m[1minfo     [0m] [1mImplementation erfolgreich nach 2 Iterationen[0m [36mreq[0m=[35mdb0e54a6[0m
[2m11:36:46[0m [[32m[1minfo     [0m] [1mReview iteration 1/2                    [0m [36mreq[0m=[35mdb0e54a6[0m
[2m11:36:50[0m [[32m[1minfo     [0m] [1mGetting challenge status: id=894ffaa8-02e7-4b3b-9146-d15765c3a053[0m [36mreq[0m=[35m205f9c1d[0m
[2m11:36:50[0m [[32m[1minfo     [0m] [1mrequest_finished                        [0m [36mduration[0m=[35m0.008[0m [36mmethod[0m=[35mGET[0m [36mpath[0m=[35m/api/v1/challenges/894ffaa8-02e7-4b3b-9146-d15765c3a053[0m [36mreq[0m=[35m205f9c1d[0m [36mrequest_id[0m=[35m205f9c1d-5e6a-40ca-9975-6a79e308522e[0m [36mstatus[0m=[35m200[0m
[2m11:36:51[0m [[32m[1minfo     [0m] [1mStarting sandbox execution: pip=['psycopg2-binary', 'sqlalchemy'], apt=[], input_files=[][0m [36mreq[0m=[35mdb0e54a6[0m
[2m11:36:51[0m [[32m[1minfo     [0m] [1mInstalling pip packages: "psycopg2-binary" "sqlalchemy"[0m [36mreq[0m=[35mdb0e54a6[0m
[2m11:36:54[0m [[32m[1minfo     [0m] [1mPip packages installed successfully     [0m [36mreq[0m=[35mdb0e54a6[0m
[2m11:36:54[0m [[32m[1minfo     [0m] [1mSandbox execution complete: success=True, time=3151ms, cached=False[0m [36mreq[0m=[35mdb0e54a6[0m
[2m11:36:59[0m [[32m[1minfo     [0m] [1mReview iteration 2/2                    [0m [36mreq[0m=[35mdb0e54a6[0m
[2m11:37:00[0m [[32m[1minfo     [0m] [1mGetting challenge status: id=894ffaa8-02e7-4b3b-9146-d15765c3a053[0m [36mreq[0m=[35m286f6c20[0m
[2m11:37:00[0m [[32m[1minfo     [0m] [1mrequest_finished                        [0m [36mduration[0m=[35m0.006[0m [36mmethod[0m=[35mGET[0m [36mpath[0m=[35m/api/v1/challenges/894ffaa8-02e7-4b3b-9146-d15765c3a053[0m [36mreq[0m=[35m286f6c20[0m [36mrequest_id[0m=[35m286f6c20-1306-4bb9-b7d9-96a43190dd47[0m [36mstatus[0m=[35m200[0m
[2m11:37:02[0m [[33m[1mwarning  [0m] [1mReview-Iterationen erschöpft, akzeptiere pre-review Code[0m [36mreq[0m=[35mdb0e54a6[0m
[2m11:37:02[0m [[32m[1minfo     [0m] [1mStarting sandbox execution: pip=['psycopg2-binary', 'sqlalchemy'], apt=[], input_files=[][0m [36mreq[0m=[35mdb0e54a6[0m
[2m11:37:02[0m [[32m[1minfo     [0m] [1mInstalling pip packages: "psycopg2-binary" "sqlalchemy"[0m [36mreq[0m=[35mdb0e54a6[0m
[2m11:37:04[0m [[32m[1minfo     [0m] [1mPip packages installed successfully     [0m [36mreq[0m=[35mdb0e54a6[0m
[2m11:37:05[0m [[32m[1minfo     [0m] [1mSandbox execution complete: success=True, time=3116ms, cached=False[0m [36mreq[0m=[35mdb0e54a6[0m
[2m11:37:10[0m [[32m[1minfo     [0m] [1mGetting challenge status: id=894ffaa8-02e7-4b3b-9146-d15765c3a053[0m [36mreq[0m=[35m685aee88[0m
[2m11:37:10[0m [[32m[1minfo     [0m] [1mrequest_finished                        [0m [36mduration[0m=[35m0.015[0m [36mmethod[0m=[35mGET[0m [36mpath[0m=[35m/api/v1/challenges/894ffaa8-02e7-4b3b-9146-d15765c3a053[0m [36mreq[0m=[35m685aee88[0m [36mrequest_id[0m=[35m685aee88-30da-42b0-a48e-176d94622ada[0m [36mstatus[0m=[35m200[0m
[2m11:37:10[0m [[32m[1minfo     [0m] [1mCreated new skill: b5f91352-7762-4322-8896-27ce6ddb534e[0m [36mreq[0m=[35mdb0e54a6[0m
[2m11:37:10[0m [[32m[1minfo     [0m] [1mRecorded build attempt: capability=analyze database schema structure, success=True, error_type=None[0m [36mreq[0m=[35mdb0e54a6[0m
[2m11:37:10[0m [[32m[1minfo     [0m] [1mSkill development complete: skill_analyze_database_schema_structure in 49364ms[0m [36mreq[0m=[35mdb0e54a6[0m
[2m11:37:10[0m [[32m[1minfo     [0m] [1mSkill Team built skill: skill_analyze_database_schema_structure, duration=49.4s[0m [36mreq[0m=[35mdb0e54a6[0m
[2m11:37:10[0m [[32m[1minfo     [0m] [1mAgent 'transcript_analyzer' already has capability 'analyze database schema structure'[0m [36mreq[0m=[35mdb0e54a6[0m
[2m11:37:10[0m [[32m[1minfo     [0m] [1mCreated skill binding: skill=b5f91352..., agent=b2972519..., capability='analyze database schema structure'[0m [36mreq[0m=[35mdb0e54a6[0m
[2m11:37:10[0m [[32m[1minfo     [0m] [1mInjecting skill b5f91352... with plan: target_agent=7eab52e8..., rationale=The context_retriever is best suited for this task as it is responsible for gathering structural information and metadata about the environment, which is then used to inform other agents about the database landscape.[0m [36mreq[0m=[35mdb0e54a6[0m
[2m11:37:10[0m [[32m[1minfo     [0m] [1mCreated skill binding: skill=b5f91352... -> agent=7eab52e8...[0m [36mreq[0m=[35mdb0e54a6[0m
[2m11:37:10[0m [[32m[1minfo     [0m] [1mLoading topology from database...       [0m [36mreq[0m=[35mdb0e54a6[0m
[2m11:37:10[0m [[32m[1minfo     [0m] [1mMapped 4 skill entries to 4 capabilities[0m [36mreq[0m=[35mdb0e54a6[0m
[2m11:37:10[0m [[32m[1minfo     [0m] [1mTopology validated: 11 agents in 5 waves[0m [36mreq[0m=[35mdb0e54a6[0m
[2m11:37:10[0m [[32m[1minfo     [0m] [1mLoaded 4 skills for topology            [0m [36mreq[0m=[35mdb0e54a6[0m
[2m11:37:10[0m [[32m[1minfo     [0m] [1mTopology loaded: 11 agents, 5 waves     [0m [36mreq[0m=[35mdb0e54a6[0m
[2m11:37:10[0m [[32m[1minfo     [0m] [1mPlan-based injection complete: skill=b5f91352... -> agent=context_retriever[0m [36mreq[0m=[35mdb0e54a6[0m
[2m11:37:10[0m [[32m[1minfo     [0m] [1mRecorded build attempt: capability=analyze database schema structure, success=True, error_type=None[0m [36mreq[0m=[35mdb0e54a6[0m
[2m11:37:10[0m [[32m[1minfo     [0m] [1mGap completed: 7e3dd3ae... -> skill/b5f91352...[0m [36mreq[0m=[35mdb0e54a6[0m
[2m11:37:10[0m [[32m[1minfo     [0m] [1mProcessing gap: 9c822c0a... type=missing_skill, capability=generate a text-based schema diagram, severity=critical[0m [36mreq[0m=[35mdb0e54a6[0m
[2m11:37:10[0m [[32m[1minfo     [0m] [1mStrategy proposed for generate a text-based schema diagram: direct (confidence=0.5)[0m [36mreq[0m=[35mdb0e54a6[0m
[2m11:37:10[0m [[32m[1minfo     [0m] [1mBuilding capability: gap_type=missing_skill, severity=critical, attempt=1, approach=direct[0m [36mreq[0m=[35mdb0e54a6[0m
[2m11:37:10[0m [[32m[1minfo     [0m] [1mUsing Skill Team for capability: generate a text-based schema diagram[0m [36mreq[0m=[35mdb0e54a6[0m
[2m11:37:10[0m [[32m[1minfo     [0m] [1mStarting team-based skill development for: generate a text-based schema diagram[0m [36mreq[0m=[35mdb0e54a6[0m
[2m11:37:10[0m [[32m[1minfo     [0m] [1mResearching capability: generate a text-based schema diagram[0m [36mreq[0m=[35mdb0e54a6[0m
[2m11:37:11[0m [[32m[1minfo     [0m] [1mresponse: https://en.wikipedia.org/w/api.php?action=opensearch&profile=fuzzy&limit=1&search=python%20generate%20a%20text-based%20schema%20diagram%20implementation%20example%20code 200[0m
[2m11:37:11[0m [[32m[1minfo     [0m] [1mresponse: https://grokipedia.com/api/typeahead?query=python+generate+a+text-based+schema+diagram+implementation+example+code&limit=1 200[0m
[2m11:37:11[0m [[32m[1minfo     [0m] [1mresponse: https://search.yahoo.com/search;_ylt=kJJSCcIZLzUYCIVwFlm8kMj_;_ylu=T5_hPWrO4E01mLJuRSFraVQb0mGbt9DRiGxx2nlWQnKoYMc?p=python+generate+a+text-based+schema+diagram+implementation+example+code 200[0m
[2m11:37:11[0m [[32m[1minfo     [0m] [1mWeb search for 'python generate a text-based schema diagram implementation e' returned 5 results[0m [36mreq[0m=[35mdb0e54a6[0m
[2m11:37:15[0m [[32m[1minfo     [0m] [1mSummarized 4 sources into 3116 chars    [0m [36mreq[0m=[35mdb0e54a6[0m
[2m11:37:15[0m [[32m[1minfo     [0m] [1mResearch complete for generate a text-based schema diagram: pip=[], examples=1[0m [36mreq[0m=[35mdb0e54a6[0m
[2m11:37:15[0m [[32m[1minfo     [0m] [1mResearch complete: 0 packages found     [0m [36mreq[0m=[35mdb0e54a6[0m
[2m11:37:18[0m [[32m[1minfo     [0m] [1mArchitecture complete: 1 test cases defined[0m [36mreq[0m=[35mdb0e54a6[0m
[2m11:37:18[0m [[32m[1minfo     [0m] [1mSession start: iteration=1/10, pip=0, apt=1[0m [36mreq[0m=[35mdb0e54a6[0m
[2m11:37:18[0m [[32m[1minfo     [0m] [1mSession container created: dc40f2d55a5b [0m [36mreq[0m=[35mdb0e54a6[0m
[2m11:37:18[0m [[32m[1minfo     [0m] [1mInstalling system packages: graphviz    [0m [36mreq[0m=[35mdb0e54a6[0m
[2m11:37:20[0m [[32m[1minfo     [0m] [1mGetting challenge status: id=894ffaa8-02e7-4b3b-9146-d15765c3a053[0m [36mreq[0m=[35m352144fe[0m
[2m11:37:20[0m [[32m[1minfo     [0m] [1mrequest_finished                        [0m [36mduration[0m=[35m0.006[0m [36mmethod[0m=[35mGET[0m [36mpath[0m=[35m/api/v1/challenges/894ffaa8-02e7-4b3b-9146-d15765c3a053[0m [36mreq[0m=[35m352144fe[0m [36mrequest_id[0m=[35m352144fe-d679-475e-8a14-7fe364c15848[0m [36mstatus[0m=[35m200[0m
[2m11:37:30[0m [[32m[1minfo     [0m] [1mGetting challenge status: id=894ffaa8-02e7-4b3b-9146-d15765c3a053[0m [36mreq[0m=[35m7431967c[0m
[2m11:37:30[0m [[32m[1minfo     [0m] [1mrequest_finished                        [0m [36mduration[0m=[35m0.009[0m [36mmethod[0m=[35mGET[0m [36mpath[0m=[35m/api/v1/challenges/894ffaa8-02e7-4b3b-9146-d15765c3a053[0m [36mreq[0m=[35m7431967c[0m [36mrequest_id[0m=[35m7431967c-3a10-4bba-810b-da6ba517d792[0m [36mstatus[0m=[35m200[0m
[2m11:37:31[0m [[32m[1minfo     [0m] [1mSystem packages installed successfully: graphviz[0m [36mreq[0m=[35mdb0e54a6[0m
[2m11:37:31[0m [[32m[1minfo     [0m] [1mImplementation iteration 1/10           [0m [36mreq[0m=[35mdb0e54a6[0m
[2m11:37:33[0m [[32m[1minfo     [0m] [1mProaktiv erkannte neue Packages: ['sqlalchemy'][0m [36mreq[0m=[35mdb0e54a6[0m
[2m11:37:39[0m [[32m[1minfo     [0m] [1mSession start: iteration=2/10, pip=1, apt=1[0m [36mreq[0m=[35mdb0e54a6[0m
[2m11:37:39[0m [[32m[1minfo     [0m] [1mSession container created: 89bb91828c9f [0m [36mreq[0m=[35mdb0e54a6[0m
[2m11:37:39[0m [[32m[1minfo     [0m] [1mInstalling system packages: graphviz    [0m [36mreq[0m=[35mdb0e54a6[0m
[2m11:37:40[0m [[32m[1minfo     [0m] [1mGetting challenge status: id=894ffaa8-02e7-4b3b-9146-d15765c3a053[0m [36mreq[0m=[35me1a8c013[0m
[2m11:37:40[0m [[32m[1minfo     [0m] [1mrequest_finished                        [0m [36mduration[0m=[35m0.006[0m [36mmethod[0m=[35mGET[0m [36mpath[0m=[35m/api/v1/challenges/894ffaa8-02e7-4b3b-9146-d15765c3a053[0m [36mreq[0m=[35me1a8c013[0m [36mrequest_id[0m=[35me1a8c013-f1ba-409b-ad53-529a23f759ca[0m [36mstatus[0m=[35m200[0m
[2m11:37:50[0m [[32m[1minfo     [0m] [1mGetting challenge status: id=894ffaa8-02e7-4b3b-9146-d15765c3a053[0m [36mreq[0m=[35m8c5fcabd[0m
[2m11:37:50[0m [[32m[1minfo     [0m] [1mrequest_finished                        [0m [36mduration[0m=[35m0.007[0m [36mmethod[0m=[35mGET[0m [36mpath[0m=[35m/api/v1/challenges/894ffaa8-02e7-4b3b-9146-d15765c3a053[0m [36mreq[0m=[35m8c5fcabd[0m [36mrequest_id[0m=[35m8c5fcabd-df48-4db8-8eef-8067e9fcfb4d[0m [36mstatus[0m=[35m200[0m
[2m11:37:51[0m [[32m[1minfo     [0m] [1mSystem packages installed successfully: graphviz[0m [36mreq[0m=[35mdb0e54a6[0m
[2m11:37:51[0m [[32m[1minfo     [0m] [1mInstalling pip packages: "sqlalchemy"   [0m [36mreq[0m=[35mdb0e54a6[0m
[2m11:37:54[0m [[32m[1minfo     [0m] [1mPip packages installed successfully     [0m [36mreq[0m=[35mdb0e54a6[0m
[2m11:37:54[0m [[32m[1minfo     [0m] [1mImplementation iteration 2/10           [0m [36mreq[0m=[35mdb0e54a6[0m
[2m11:37:54[0m [[33m[1mwarning  [0m] [1mCode execution failed (exit=1):   File "/workspace/script.py", line 30
    label = f"{{ {table} | {'\\l'.join(col_strings)}\\l }}"
                                                           ^
SyntaxError: f-string expression part cannot include a backslash
[0m [36mreq[0m=[35mdb0e54a6[0m
[2m11:37:54[0m [[32m[1minfo     [0m] [1mRecorded build attempt: capability=generate a text-based schema diagram, success=False, error_type=ErrorType.SYNTAX_ERROR[0m [36mreq[0m=[35mdb0e54a6[0m
[2m11:37:56[0m [[32m[1minfo     [0m] [1mDebug [STRUCTURE_ERROR]: produced fixed code (2276 chars)[0m [36mreq[0m=[35mdb0e54a6[0m
[2m11:37:56[0m [[32m[1minfo     [0m] [1mImplementation iteration 3/10           [0m [36mreq[0m=[35mdb0e54a6[0m
[2m11:37:57[0m [[33m[1mwarning  [0m] [1mCode execution failed (exit=1): Testing with input: {'database_url': 'postgresql://lumari:lumari_dev@lumari-postgres:5432/lumari', 'output_path': '/workspace/schema_diagram.png', 'diagram_name': 'DatabaseSchema'}
Result: {'success': False, 'error': "No module named 'psycopg2'"}
TEST FAILED: No module named 'psycopg2'
[0m [36mreq[0m=[35mdb0e54a6[0m
[2m11:37:58[0m [[32m[1minfo     [0m] [1mRecorded build attempt: capability=generate a text-based schema diagram, success=False, error_type=ErrorType.RUNTIME_ERROR[0m [36mreq[0m=[35mdb0e54a6[0m
[2m11:38:00[0m [[32m[1minfo     [0m] [1mDebug [LOGIC_ERROR]: produced fixed code (2577 chars)[0m [36mreq[0m=[35mdb0e54a6[0m
[2m11:38:00[0m [[32m[1minfo     [0m] [1mImplementation iteration 4/10           [0m [36mreq[0m=[35mdb0e54a6[0m
[2m11:38:00[0m [[32m[1minfo     [0m] [1mGetting challenge status: id=894ffaa8-02e7-4b3b-9146-d15765c3a053[0m [36mreq[0m=[35mbd228424[0m
[2m11:38:00[0m [[32m[1minfo     [0m] [1mrequest_finished                        [0m [36mduration[0m=[35m0.004[0m [36mmethod[0m=[35mGET[0m [36mpath[0m=[35m/api/v1/challenges/894ffaa8-02e7-4b3b-9146-d15765c3a053[0m [36mreq[0m=[35mbd228424[0m [36mrequest_id[0m=[35mbd228424-bc1f-42e7-b343-24a55f6a4478[0m [36mstatus[0m=[35m200[0m
[2m11:38:02[0m [[32m[1minfo     [0m] [1mImplementation erfolgreich nach 4 Iterationen[0m [36mreq[0m=[35mdb0e54a6[0m
[2m11:38:07[0m [[32m[1minfo     [0m] [1mReview iteration 1/2                    [0m [36mreq[0m=[35mdb0e54a6[0m
[2m11:38:10[0m [[32m[1minfo     [0m] [1mGetting challenge status: id=894ffaa8-02e7-4b3b-9146-d15765c3a053[0m [36mreq[0m=[35mf445b162[0m
[2m11:38:10[0m [[32m[1minfo     [0m] [1mrequest_finished                        [0m [36mduration[0m=[35m0.004[0m [36mmethod[0m=[35mGET[0m [36mpath[0m=[35m/api/v1/challenges/894ffaa8-02e7-4b3b-9146-d15765c3a053[0m [36mreq[0m=[35mf445b162[0m [36mrequest_id[0m=[35mf445b162-53f8-437b-b5c9-fc3bef0356de[0m [36mstatus[0m=[35m200[0m
[2m11:38:13[0m [[32m[1minfo     [0m] [1mStarting sandbox execution: pip=['sqlalchemy'], apt=['graphviz'], input_files=[][0m [36mreq[0m=[35mdb0e54a6[0m
[2m11:38:13[0m [[32m[1minfo     [0m] [1mInstalling system packages: graphviz    [0m [36mreq[0m=[35mdb0e54a6[0m
[2m11:38:20[0m [[32m[1minfo     [0m] [1mGetting challenge status: id=894ffaa8-02e7-4b3b-9146-d15765c3a053[0m [36mreq[0m=[35mc8bf2c8d[0m
[2m11:38:20[0m [[32m[1minfo     [0m] [1mrequest_finished                        [0m [36mduration[0m=[35m0.008[0m [36mmethod[0m=[35mGET[0m [36mpath[0m=[35m/api/v1/challenges/894ffaa8-02e7-4b3b-9146-d15765c3a053[0m [36mreq[0m=[35mc8bf2c8d[0m [36mrequest_id[0m=[35mc8bf2c8d-4a83-4bba-ba2f-d39a2237bcf3[0m [36mstatus[0m=[35m200[0m
[2m11:38:26[0m [[32m[1minfo     [0m] [1mSystem packages installed successfully: graphviz[0m [36mreq[0m=[35mdb0e54a6[0m
[2m11:38:26[0m [[32m[1minfo     [0m] [1mInstalling pip packages: "sqlalchemy"   [0m [36mreq[0m=[35mdb0e54a6[0m
[2m11:38:28[0m [[32m[1minfo     [0m] [1mPip packages installed successfully     [0m [36mreq[0m=[35mdb0e54a6[0m
[2m11:38:28[0m [[33m[1mwarning  [0m] [1mCode execution failed (exit=1):   File "/workspace/script.py", line 43
    label = f"{{ {_escape_dot(table)} | {'\\l'.join(col_strings)}\\l }}"
                                                                        ^
SyntaxError: f-string expression part cannot include a backslash
[0m [36mreq[0m=[35mdb0e54a6[0m
[2m11:38:28[0m [[32m[1minfo     [0m] [1mSandbox execution complete: success=False, time=15419ms, cached=False[0m [36mreq[0m=[35mdb0e54a6[0m
[2m11:38:30[0m [[32m[1minfo     [0m] [1mGetting challenge status: id=894ffaa8-02e7-4b3b-9146-d15765c3a053[0m [36mreq[0m=[35m9b13df2d[0m
[2m11:38:30[0m [[32m[1minfo     [0m] [1mrequest_finished                        [0m [36mduration[0m=[35m0.014[0m [36mmethod[0m=[35mGET[0m [36mpath[0m=[35m/api/v1/challenges/894ffaa8-02e7-4b3b-9146-d15765c3a053[0m [36mreq[0m=[35m9b13df2d[0m [36mrequest_id[0m=[35m9b13df2d-8dc8-4c90-9210-c3ed4f466b6e[0m [36mstatus[0m=[35m200[0m
[2m11:38:34[0m [[33m[1mwarning  [0m] [1mRevision broke the code:   File "/workspace/script.py", line 43
    label = f"{{ {_escape_dot(table)} | {'\\l'.join(col_strings)}\\l }}"
                                                                        ^
SyntaxError: f. Reverting to pre-review code.[0m [36mreq[0m=[35mdb0e54a6[0m
[2m11:38:34[0m [[32m[1minfo     [0m] [1mStarting sandbox execution: pip=['sqlalchemy'], apt=['graphviz'], input_files=[][0m [36mreq[0m=[35mdb0e54a6[0m
[2m11:38:34[0m [[32m[1minfo     [0m] [1mInstalling system packages: graphviz    [0m [36mreq[0m=[35mdb0e54a6[0m
[2m11:38:40[0m [[32m[1minfo     [0m] [1mGetting challenge status: id=894ffaa8-02e7-4b3b-9146-d15765c3a053[0m [36mreq[0m=[35m2712e8c0[0m
[2m11:38:40[0m [[32m[1minfo     [0m] [1mrequest_finished                        [0m [36mduration[0m=[35m0.009[0m [36mmethod[0m=[35mGET[0m [36mpath[0m=[35m/api/v1/challenges/894ffaa8-02e7-4b3b-9146-d15765c3a053[0m [36mreq[0m=[35m2712e8c0[0m [36mrequest_id[0m=[35m2712e8c0-9f06-4a2b-9afd-620770e77f0a[0m [36mstatus[0m=[35m200[0m
[2m11:38:46[0m [[32m[1minfo     [0m] [1mSystem packages installed successfully: graphviz[0m [36mreq[0m=[35mdb0e54a6[0m
[2m11:38:46[0m [[32m[1minfo     [0m] [1mInstalling pip packages: "sqlalchemy"   [0m [36mreq[0m=[35mdb0e54a6[0m
[2m11:38:48[0m [[32m[1minfo     [0m] [1mPip packages installed successfully     [0m [36mreq[0m=[35mdb0e54a6[0m
[2m11:38:50[0m [[32m[1minfo     [0m] [1mGetting challenge status: id=894ffaa8-02e7-4b3b-9146-d15765c3a053[0m [36mreq[0m=[35mc15a2ff3[0m
[2m11:38:50[0m [[32m[1minfo     [0m] [1mrequest_finished                        [0m [36mduration[0m=[35m0.006[0m [36mmethod[0m=[35mGET[0m [36mpath[0m=[35m/api/v1/challenges/894ffaa8-02e7-4b3b-9146-d15765c3a053[0m [36mreq[0m=[35mc15a2ff3[0m [36mrequest_id[0m=[35mc15a2ff3-7b7d-489c-8ba0-904d71f550be[0m [36mstatus[0m=[35m200[0m
[2m11:38:50[0m [[32m[1minfo     [0m] [1mSandbox execution complete: success=True, time=16685ms, cached=False[0m [36mreq[0m=[35mdb0e54a6[0m
[2m11:38:56[0m [[32m[1minfo     [0m] [1mCreated new skill: 9689ffb1-ceb2-46ab-904f-430518ff1dbf[0m [36mreq[0m=[35mdb0e54a6[0m
[2m11:38:56[0m [[32m[1minfo     [0m] [1mRecorded build attempt: capability=generate a text-based schema diagram, success=True, error_type=None[0m [36mreq[0m=[35mdb0e54a6[0m
[2m11:38:56[0m [[32m[1minfo     [0m] [1mSkill development complete: skill_generate_a_text_based_schema_diagram in 105458ms[0m [36mreq[0m=[35mdb0e54a6[0m
[2m11:38:56[0m [[32m[1minfo     [0m] [1mSkill Team built skill: skill_generate_a_text_based_schema_diagram, duration=105.5s[0m [36mreq[0m=[35mdb0e54a6[0m
[2m11:38:56[0m [[32m[1minfo     [0m] [1mAgent 'transcript_analyzer' already has capability 'generate a text-based schema diagram'[0m [36mreq[0m=[35mdb0e54a6[0m
[2m11:38:56[0m [[32m[1minfo     [0m] [1mCreated skill binding: skill=9689ffb1..., agent=b2972519..., capability='generate a text-based schema diagram'[0m [36mreq[0m=[35mdb0e54a6[0m
[2m11:38:56[0m [[32m[1minfo     [0m] [1mInjecting skill 9689ffb1... with plan: target_agent=bc9b7c24..., rationale=The report_generator is responsible for synthesizing data into visual or structured formats, making it the ideal agent to manage the creation of architectural and schema diagrams.[0m [36mreq[0m=[35mdb0e54a6[0m
[2m11:38:56[0m [[32m[1minfo     [0m] [1mCreated skill binding: skill=9689ffb1... -> agent=bc9b7c24...[0m [36mreq[0m=[35mdb0e54a6[0m
[2m11:38:56[0m [[32m[1minfo     [0m] [1mLoading topology from database...       [0m [36mreq[0m=[35mdb0e54a6[0m
[2m11:38:56[0m [[32m[1minfo     [0m] [1mMapped 5 skill entries to 5 capabilities[0m [36mreq[0m=[35mdb0e54a6[0m
[2m11:38:56[0m [[32m[1minfo     [0m] [1mTopology validated: 11 agents in 5 waves[0m [36mreq[0m=[35mdb0e54a6[0m
[2m11:38:56[0m [[32m[1minfo     [0m] [1mLoaded 5 skills for topology            [0m [36mreq[0m=[35mdb0e54a6[0m
[2m11:38:56[0m [[32m[1minfo     [0m] [1mTopology loaded: 11 agents, 5 waves     [0m [36mreq[0m=[35mdb0e54a6[0m
[2m11:38:56[0m [[32m[1minfo     [0m] [1mPlan-based injection complete: skill=9689ffb1... -> agent=report_generator[0m [36mreq[0m=[35mdb0e54a6[0m
[2m11:38:56[0m [[32m[1minfo     [0m] [1mRecorded build attempt: capability=generate a text-based schema diagram, success=True, error_type=None[0m [36mreq[0m=[35mdb0e54a6[0m
[2m11:38:56[0m [[32m[1minfo     [0m] [1mGap completed: 9c822c0a... -> skill/9689ffb1...[0m [36mreq[0m=[35mdb0e54a6[0m
[2m11:38:56[0m [[32m[1minfo     [0m] [1mAll gaps processed for plan 9a80a039... [0m [36mreq[0m=[35mdb0e54a6[0m
[2m11:38:56[0m [[32m[1minfo     [0m] [1mCompleted gap plan: 9a80a039..., status=completed, completed=5, failed=0[0m [36mreq[0m=[35mdb0e54a6[0m
[2m11:38:56[0m [[32m[1minfo     [0m] [1mGap plan execution finished: 9a80a039..., completed=5, failed=0, artifacts=5[0m [36mreq[0m=[35mdb0e54a6[0m
[2m11:38:56[0m [[32m[1minfo     [0m] [1mVerifying gap closure after cycle 1, built 5 capabilities[0m [36mreq[0m=[35mdb0e54a6[0m
[2m11:38:56[0m [[32m[1minfo     [0m] [1mGap CLOSED: 'connect to PostgreSQL database using provided credentials' by skill/c0cce4c1...[0m [36mreq[0m=[35mdb0e54a6[0m
[2m11:38:56[0m [[32m[1minfo     [0m] [1mGap CLOSED: 'execute SQL queries to list database tables' by skill/2b162b0a...[0m [36mreq[0m=[35mdb0e54a6[0m
[2m11:38:56[0m [[32m[1minfo     [0m] [1mGap CLOSED: 'execute SQL queries to retrieve column metadata and foreign key constraints' by skill/a4169338...[0m [36mreq[0m=[35mdb0e54a6[0m
[2m11:38:56[0m [[32m[1minfo     [0m] [1mGap CLOSED: 'analyze database schema structure' by skill/b5f91352...[0m [36mreq[0m=[35mdb0e54a6[0m
[2m11:38:56[0m [[32m[1minfo     [0m] [1mGap CLOSED: 'generate a text-based schema diagram' by skill/9689ffb1...[0m [36mreq[0m=[35mdb0e54a6[0m
[2m11:38:56[0m [[32m[1minfo     [0m] [1mPlan verification complete: 9a80a039..., closed=5/5, all_closed=True[0m [36mreq[0m=[35mdb0e54a6[0m
[2m11:38:56[0m [[32m[1minfo     [0m] [1mVerification result: closed=5/5, all_closed=True[0m [36mreq[0m=[35mdb0e54a6[0m
[2m11:38:56[0m [[32m[1minfo     [0m] [1mChallenge 894ffaa8... RESOLVED          [0m [36mreq[0m=[35mdb0e54a6[0m
[2m11:38:56[0m [[32m[1minfo     [0m] [1mUSER_NOTIFICATION: Challenge 894ffaa8... RESOLVED after 1 attempts[0m [36mreq[0m=[35mdb0e54a6[0m
[2m11:38:56[0m [[32m[1minfo     [0m] [1mChallenge RESOLVED after cycle 1: 894ffaa8... (all 5 gaps closed)[0m [36mreq[0m=[35mdb0e54a6[0m
[2m11:38:56[0m [[32m[1minfo     [0m] [1mCapability building successful: 894ffaa8-02e7-4b3b-9146-d15765c3a053[0m [36mreq[0m=[35mdb0e54a6[0m
[2m11:39:00[0m [[32m[1minfo     [0m] [1mGetting challenge status: id=894ffaa8-02e7-4b3b-9146-d15765c3a053[0m [36mreq[0m=[35ma6c180eb[0m
[2m11:39:00[0m [[32m[1minfo     [0m] [1mrequest_finished                        [0m [36mduration[0m=[35m0.007[0m [36mmethod[0m=[35mGET[0m [36mpath[0m=[35m/api/v1/challenges/894ffaa8-02e7-4b3b-9146-d15765c3a053[0m [36mreq[0m=[35ma6c180eb[0m [36mrequest_id[0m=[35ma6c180eb-087d-4386-8415-3df489a75857[0m [36mstatus[0m=[35m200[0m
[2m11:39:00[0m [[32m[1minfo     [0m] [1mExecuting challenge: id=894ffaa8-02e7-4b3b-9146-d15765c3a053[0m [36mreq[0m=[35m41220bec[0m
[2m11:39:00[0m [[32m[1minfo     [0m] [1mrequest_finished                        [0m [36mduration[0m=[35m0.008[0m [36mmethod[0m=[35mPOST[0m [36mpath[0m=[35m/api/v1/challenges/894ffaa8-02e7-4b3b-9146-d15765c3a053/execute[0m [36mreq[0m=[35m41220bec[0m [36mrequest_id[0m=[35m41220bec-1f57-4f83-9e7b-503d7b72f732[0m [36mstatus[0m=[35m200[0m
[2m11:39:00[0m [[32m[1minfo     [0m] [1mStarting background execution: challenge_id=894ffaa8-02e7-4b3b-9146-d15765c3a053[0m [36mreq[0m=[35m41220bec[0m
/Users/patrick/Documents/Uni/master_project/backend/app/api/v1/endpoints/challenges.py:1255: UserWarning: Qdrant client version 1.16.1 is incompatible with server version 1.18.0. Major versions should match and minor version difference must not exceed 1. Set check_compatibility=False to skip version check.
  qdrant_client = QdrantClient(url="http://localhost:6333", timeout=5)
[2m11:39:00[0m [[32m[1minfo     [0m] [1mLoading topology from database...       [0m [36mreq[0m=[35m41220bec[0m
[2m11:39:00[0m [[32m[1minfo     [0m] [1mMapped 5 skill entries to 5 capabilities[0m [36mreq[0m=[35m41220bec[0m
[2m11:39:00[0m [[32m[1minfo     [0m] [1mTopology validated: 11 agents in 5 waves[0m [36mreq[0m=[35m41220bec[0m
[2m11:39:00[0m [[32m[1minfo     [0m] [1mLoaded 5 skills for topology            [0m [36mreq[0m=[35m41220bec[0m
[2m11:39:00[0m [[32m[1minfo     [0m] [1mTopology loaded: 11 agents, 5 waves     [0m [36mreq[0m=[35m41220bec[0m
/Users/patrick/Documents/Uni/master_project/backend/app/orchestration/orchestrators/hybrid_orchestrator.py:129: UserWarning: Qdrant client version 1.16.1 is incompatible with server version 1.18.0. Major versions should match and minor version difference must not exceed 1. Set check_compatibility=False to skip version check.
  qdrant_client = QdrantClient(url="http://localhost:6333", timeout=5)
[2m11:39:00[0m [[32m[1minfo     [0m] [1mShared memory initialized with Qdrant   [0m [36mreq[0m=[35m41220bec[0m
[2m11:39:00[0m [[32m[1minfo     [0m] [1mHybridOrchestrator initialized          [0m [36mreq[0m=[35m41220bec[0m
[2m11:39:00[0m [[32m[1minfo     [0m] [1mStarting execution: b429a336-e0f7-4eff-86f9-7ccbb309801f[0m [36mreq[0m=[35m41220bec[0m
[2m11:39:04[0m [[32m[1minfo     [0m] [1mTeamAssembler meldet Gaps: 1 fehlende Capabilities[0m [36mreq[0m=[35m41220bec[0m
[2m11:39:04[0m [[32m[1minfo     [0m] [1mLoading topology from database...       [0m [36mreq[0m=[35m41220bec[0m
[2m11:39:04[0m [[32m[1minfo     [0m] [1mMapped 5 skill entries to 5 capabilities[0m [36mreq[0m=[35m41220bec[0m
[2m11:39:04[0m [[32m[1minfo     [0m] [1mTopology validated: 11 agents in 5 waves[0m [36mreq[0m=[35m41220bec[0m
[2m11:39:04[0m [[32m[1minfo     [0m] [1mLoaded 5 skills for topology            [0m [36mreq[0m=[35m41220bec[0m
[2m11:39:04[0m [[32m[1minfo     [0m] [1mTopology loaded: 11 agents, 5 waves     [0m [36mreq[0m=[35m41220bec[0m
[2m11:39:04[0m [[32m[1minfo     [0m] [1mRuntimeAgentRegistry initialized with max_concurrent=5[0m [36mreq[0m=[35m41220bec[0m
[2m11:39:04[0m [[32m[1minfo     [0m] [1mbuild_on_demand: building skill for 'Direkter SQL-Datenbank-Konnektor (die verfügbaren Agenten sind auf Text/Kontext-Verarbeitung spezialisiert, die Datenbank-Abfrage muss durch einen spezialisierten DB-Agenten oder ein Tool-Interface innerhalb des context_retriever erfolgen)'[0m [36mreq[0m=[35m41220bec[0m
[2m11:39:04[0m [[32m[1minfo     [0m] [1mStarting team-based skill development for: Direkter SQL-Datenbank-Konnektor (die verfügbaren Agenten sind auf Text/Kontext-Verarbeitung spezialisiert, die Datenbank-Abfrage muss durch einen spezialisierten DB-Agenten oder ein Tool-Interface innerhalb des context_retriever erfolgen)[0m [36mreq[0m=[35m41220bec[0m
[2m11:39:04[0m [[32m[1minfo     [0m] [1mResearching capability: Direkter SQL-Datenbank-Konnektor (die verfügbaren Agenten sind auf Text/Kontext-Verarbeitung spezialisiert, die Datenbank-Abfrage muss durch einen spezialisierten DB-Agenten oder ein Tool-Interface innerhalb des context_retriever erfolgen)[0m [36mreq[0m=[35m41220bec[0m
[2m11:39:04[0m [[32m[1minfo     [0m] [1mresponse: https://en.wikipedia.org/w/api.php?action=opensearch&profile=fuzzy&limit=1&search=python%20Direkter%20SQL-Datenbank-Konnektor%20%28die%20verf%C3%BCgbaren%20Agenten%20sind%20auf%20Text/Kontext-Verarbeitung%20spezialisiert%2C%20die%20Datenbank-Abfrage%20muss%20durch%20einen%20spezialisierten%20DB-Agenten%20oder%20ein%20Tool-Interface%20innerhalb%20des%20context_retriever%20erfolgen%29%20implementation%20example%20code 200[0m
[2m11:39:05[0m [[32m[1minfo     [0m] [1mresponse: https://grokipedia.com/api/typeahead?query=python+Direkter+SQL-Datenbank-Konnektor+%28die+verf%C3%BCgbaren+Agenten+sind+auf+Text%2FKontext-Verarbeitung+spezialisiert%2C+die+Datenbank-Abfrage+muss+durch+einen+spezialisierten+DB-Agenten+oder+ein+Tool-Interface+innerhalb+des+context_retriever+erfolgen%29+implementation+example+code&limit=1 200[0m
[2m11:39:06[0m [[32m[1minfo     [0m] [1mresponse: https://consent.yahoo.com/v2/collectConsent?sessionId=3_cc-session_3cdfcade-3100-4e0b-b745-6178175fa012 200[0m
[2m11:39:06[0m [[32m[1minfo     [0m] [1mresponse: https://yandex.com/search/site/?text=python+Direkter+SQL-Datenbank-Konnektor+%28die+verf%C3%BCgbaren+Agenten+sind+auf+Text%2FKontext-Verarbeitung+spezialisiert%2C+die+Datenbank-Abfrage+muss+durch+einen+spezialisierten+DB-Agenten+oder+ein+Tool-Interface+innerhalb+des+context_retriever+erfolgen%29+implementation+example+code&web=1&searchid=8327084 200[0m
[2m11:39:06[0m [[32m[1minfo     [0m] [1mWeb search for 'python Direkter SQL-Datenbank-Konnektor (die verfügbaren Age' returned 5 results[0m [36mreq[0m=[35m41220bec[0m
[2m11:39:10[0m [[32m[1minfo     [0m] [1mGetting challenge status: id=894ffaa8-02e7-4b3b-9146-d15765c3a053[0m [36mreq[0m=[35m9c567cc6[0m
[2m11:39:10[0m [[32m[1minfo     [0m] [1mrequest_finished                        [0m [36mduration[0m=[35m0.007[0m [36mmethod[0m=[35mGET[0m [36mpath[0m=[35m/api/v1/challenges/894ffaa8-02e7-4b3b-9146-d15765c3a053[0m [36mreq[0m=[35m9c567cc6[0m [36mrequest_id[0m=[35m9c567cc6-7a47-4a03-987b-2ca88a59a1c3[0m [36mstatus[0m=[35m200[0m
[2m11:39:15[0m [[32m[1minfo     [0m] [1mSummarized 6 sources into 3296 chars    [0m [36mreq[0m=[35m41220bec[0m
[2m11:39:15[0m [[32m[1minfo     [0m] [1mResearch complete for Direkter SQL-Datenbank-Konnektor (die verfügbaren Agenten sind auf Text/Kontext-Verarbeitung spezialisiert, die Datenbank-Abfrage muss durch einen spezialisierten DB-Agenten oder ein Tool-Interface innerhalb des context_retriever erfolgen): pip=['psycopg2-binary'], examples=1[0m [36mreq[0m=[35m41220bec[0m
[2m11:39:15[0m [[32m[1minfo     [0m] [1mResearch complete: 1 packages found     [0m [36mreq[0m=[35m41220bec[0m
[2m11:39:18[0m [[32m[1minfo     [0m] [1mArchitecture complete: 1 test cases defined[0m [36mreq[0m=[35m41220bec[0m
[2m11:39:18[0m [[32m[1minfo     [0m] [1mSession start: iteration=1/10, pip=1, apt=0[0m [36mreq[0m=[35m41220bec[0m
[2m11:39:18[0m [[32m[1minfo     [0m] [1mDocker client connected successfully    [0m [36mreq[0m=[35m41220bec[0m
[2m11:39:18[0m [[32m[1minfo     [0m] [1mSession container created: 5855a7a91683 [0m [36mreq[0m=[35m41220bec[0m
[2m11:39:18[0m [[32m[1minfo     [0m] [1mInstalling pip packages: "psycopg2-binary"[0m [36mreq[0m=[35m41220bec[0m
[2m11:39:20[0m [[32m[1minfo     [0m] [1mPip packages installed successfully     [0m [36mreq[0m=[35m41220bec[0m
[2m11:39:20[0m [[32m[1minfo     [0m] [1mImplementation iteration 1/10           [0m [36mreq[0m=[35m41220bec[0m
[2m11:39:20[0m [[32m[1minfo     [0m] [1mGetting challenge status: id=894ffaa8-02e7-4b3b-9146-d15765c3a053[0m [36mreq[0m=[35m0cd5affe[0m
[2m11:39:20[0m [[32m[1minfo     [0m] [1mrequest_finished                        [0m [36mduration[0m=[35m0.02[0m [36mmethod[0m=[35mGET[0m [36mpath[0m=[35m/api/v1/challenges/894ffaa8-02e7-4b3b-9146-d15765c3a053[0m [36mreq[0m=[35m0cd5affe[0m [36mrequest_id[0m=[35m0cd5affe-8578-4c09-ab65-fcc214818632[0m [36mstatus[0m=[35m200[0m
[2m11:39:22[0m [[32m[1minfo     [0m] [1mProaktiv erkannte neue Packages: ['sqlalchemy'][0m [36mreq[0m=[35m41220bec[0m
[2m11:39:27[0m [[32m[1minfo     [0m] [1mSession start: iteration=2/10, pip=2, apt=0[0m [36mreq[0m=[35m41220bec[0m
[2m11:39:28[0m [[32m[1minfo     [0m] [1mSession container created: 44df20e97e81 [0m [36mreq[0m=[35m41220bec[0m
[2m11:39:28[0m [[32m[1minfo     [0m] [1mInstalling pip packages: "psycopg2-binary" "sqlalchemy"[0m [36mreq[0m=[35m41220bec[0m
[2m11:39:30[0m [[32m[1minfo     [0m] [1mPip packages installed successfully     [0m [36mreq[0m=[35m41220bec[0m
[2m11:39:30[0m [[32m[1minfo     [0m] [1mImplementation iteration 2/10           [0m [36mreq[0m=[35m41220bec[0m
[2m11:39:30[0m [[32m[1minfo     [0m] [1mGetting challenge status: id=894ffaa8-02e7-4b3b-9146-d15765c3a053[0m [36mreq[0m=[35mb93b51ac[0m
[2m11:39:30[0m [[32m[1minfo     [0m] [1mrequest_finished                        [0m [36mduration[0m=[35m0.006[0m [36mmethod[0m=[35mGET[0m [36mpath[0m=[35m/api/v1/challenges/894ffaa8-02e7-4b3b-9146-d15765c3a053[0m [36mreq[0m=[35mb93b51ac[0m [36mrequest_id[0m=[35mb93b51ac-93ec-4981-9e5e-458c0d6fa2a9[0m [36mstatus[0m=[35m200[0m
[2m11:39:31[0m [[32m[1minfo     [0m] [1mImplementation erfolgreich nach 2 Iterationen[0m [36mreq[0m=[35m41220bec[0m
[2m11:39:36[0m [[32m[1minfo     [0m] [1mReview iteration 1/2                    [0m [36mreq[0m=[35m41220bec[0m
[2m11:39:40[0m [[32m[1minfo     [0m] [1mGetting challenge status: id=894ffaa8-02e7-4b3b-9146-d15765c3a053[0m [36mreq[0m=[35m9d552803[0m
[2m11:39:40[0m [[32m[1minfo     [0m] [1mrequest_finished                        [0m [36mduration[0m=[35m0.008[0m [36mmethod[0m=[35mGET[0m [36mpath[0m=[35m/api/v1/challenges/894ffaa8-02e7-4b3b-9146-d15765c3a053[0m [36mreq[0m=[35m9d552803[0m [36mrequest_id[0m=[35m9d552803-dbbf-4a0b-9268-e4d1da6cf53b[0m [36mstatus[0m=[35m200[0m
[2m11:39:41[0m [[32m[1minfo     [0m] [1mStarting sandbox execution: pip=['psycopg2-binary', 'sqlalchemy'], apt=[], input_files=[][0m [36mreq[0m=[35m41220bec[0m
[2m11:39:41[0m [[32m[1minfo     [0m] [1mInstalling pip packages: "psycopg2-binary" "sqlalchemy"[0m [36mreq[0m=[35m41220bec[0m
[2m11:39:44[0m [[32m[1minfo     [0m] [1mPip packages installed successfully     [0m [36mreq[0m=[35m41220bec[0m
[2m11:39:44[0m [[32m[1minfo     [0m] [1mSandbox execution complete: success=True, time=3049ms, cached=False[0m [36mreq[0m=[35m41220bec[0m
[2m11:39:49[0m [[32m[1minfo     [0m] [1mReview iteration 2/2                    [0m [36mreq[0m=[35m41220bec[0m
[2m11:39:50[0m [[32m[1minfo     [0m] [1mGetting challenge status: id=894ffaa8-02e7-4b3b-9146-d15765c3a053[0m [36mreq[0m=[35m7838fc7a[0m
[2m11:39:50[0m [[32m[1minfo     [0m] [1mrequest_finished                        [0m [36mduration[0m=[35m0.006[0m [36mmethod[0m=[35mGET[0m [36mpath[0m=[35m/api/v1/challenges/894ffaa8-02e7-4b3b-9146-d15765c3a053[0m [36mreq[0m=[35m7838fc7a[0m [36mrequest_id[0m=[35m7838fc7a-30e5-48a0-833a-1e984ab3a390[0m [36mstatus[0m=[35m200[0m
[2m11:39:52[0m [[33m[1mwarning  [0m] [1mReview-Iterationen erschöpft, akzeptiere pre-review Code[0m [36mreq[0m=[35m41220bec[0m
[2m11:39:52[0m [[32m[1minfo     [0m] [1mStarting sandbox execution: pip=['psycopg2-binary', 'sqlalchemy'], apt=[], input_files=[][0m [36mreq[0m=[35m41220bec[0m
[2m11:39:52[0m [[32m[1minfo     [0m] [1mInstalling pip packages: "psycopg2-binary" "sqlalchemy"[0m [36mreq[0m=[35m41220bec[0m
[2m11:39:55[0m [[32m[1minfo     [0m] [1mPip packages installed successfully     [0m [36mreq[0m=[35m41220bec[0m
[2m11:39:55[0m [[32m[1minfo     [0m] [1mSandbox execution complete: success=True, time=2988ms, cached=False[0m [36mreq[0m=[35m41220bec[0m
[2m11:40:00[0m [[32m[1minfo     [0m] [1mCreated new skill: 8086cf89-53ab-4bbc-976d-ff0ccf63c8e8[0m [36mreq[0m=[35m41220bec[0m
[2m11:40:00[0m [[32m[1minfo     [0m] [1mRecorded build attempt: capability=Direkter SQL-Datenbank-Konnektor (die verfügbaren Agenten sind auf Text/Kontext-Verarbeitung spezialisiert, die Datenbank-Abfrage muss durch einen spezialisierten DB-Agenten oder ein Tool-Interface innerhalb des context_retriever erfolgen), success=True, error_type=None[0m [36mreq[0m=[35m41220bec[0m
[2m11:40:00[0m [[32m[1minfo     [0m] [1mSkill development complete: skill_direkter_sql_datenbank_konnektor_(die_verfügbaren_agenten_sind_auf_text/kontext_verarbeitung_spezialisiert,_die_datenbank_abfrage_muss_durch_einen_spezialisierten_db_agenten_oder_ein_tool_interface_innerhalb_des_context_retriever_erfolgen) in 55936ms[0m [36mreq[0m=[35m41220bec[0m
[2m11:40:00[0m [[32m[1minfo     [0m] [1mInjecting skill 8086cf89... with plan: target_agent=7eab52e8..., rationale=The context_retriever is responsible for gathering information from various sources to inform the agent's decision-making process. A SQL connector is a fundamental tool for this agent to fetch structured data from internal databases.[0m [36mreq[0m=[35m41220bec[0m
[2m11:40:00[0m [[32m[1minfo     [0m] [1mCreated skill binding: skill=8086cf89... -> agent=7eab52e8...[0m [36mreq[0m=[35m41220bec[0m
[2m11:40:00[0m [[32m[1minfo     [0m] [1mLoading topology from database...       [0m [36mreq[0m=[35m41220bec[0m
[2m11:40:00[0m [[32m[1minfo     [0m] [1mMapped 6 skill entries to 6 capabilities[0m [36mreq[0m=[35m41220bec[0m
[2m11:40:00[0m [[32m[1minfo     [0m] [1mTopology validated: 11 agents in 5 waves[0m [36mreq[0m=[35m41220bec[0m
[2m11:40:00[0m [[32m[1minfo     [0m] [1mLoaded 6 skills for topology            [0m [36mreq[0m=[35m41220bec[0m
[2m11:40:00[0m [[32m[1minfo     [0m] [1mTopology loaded: 11 agents, 5 waves     [0m [36mreq[0m=[35m41220bec[0m
[2m11:40:00[0m [[32m[1minfo     [0m] [1mPlan-based injection complete: skill=8086cf89... -> agent=context_retriever[0m [36mreq[0m=[35m41220bec[0m
[2m11:40:00[0m [[32m[1minfo     [0m] [1mbuild_on_demand: skill 'skill_direkter_sql_datenbank_konnektor_(die_verfügbaren_agenten_sind_auf_text/kontext_verarbeitung_spezialisiert,_die_datenbank_abfrage_muss_durch_einen_spezialisierten_db_agenten_oder_ein_tool_interface_innerhalb_des_context_retriever_erfolgen)' built and injected (inject_ok=True, msg=Skill injected and bound to agent 'context_retriever' via architect plan)[0m [36mreq[0m=[35m41220bec[0m
[2m11:40:00[0m [[32m[1minfo     [0m] [1mGetting challenge status: id=894ffaa8-02e7-4b3b-9146-d15765c3a053[0m [36mreq[0m=[35m8090e6b5[0m
[2m11:40:00[0m [[32m[1minfo     [0m] [1mrequest_finished                        [0m [36mduration[0m=[35m0.004[0m [36mmethod[0m=[35mGET[0m [36mpath[0m=[35m/api/v1/challenges/894ffaa8-02e7-4b3b-9146-d15765c3a053[0m [36mreq[0m=[35m8090e6b5[0m [36mrequest_id[0m=[35m8090e6b5-8c11-4669-b89d-6390015a018a[0m [36mstatus[0m=[35m200[0m
[2m11:40:03[0m [[33m[1mwarning  [0m] [1mTeam assembly: Gaps nach Gap-Build noch offen, Fallback[0m [36mreq[0m=[35m41220bec[0m
[2m11:40:03[0m [[32m[1minfo     [0m] [1mLoading topology from database...       [0m [36mreq[0m=[35m41220bec[0m
[2m11:40:03[0m [[32m[1minfo     [0m] [1mMapped 6 skill entries to 6 capabilities[0m [36mreq[0m=[35m41220bec[0m
[2m11:40:03[0m [[32m[1minfo     [0m] [1mTopology validated: 11 agents in 5 waves[0m [36mreq[0m=[35m41220bec[0m
[2m11:40:03[0m [[32m[1minfo     [0m] [1mLoaded 6 skills for topology            [0m [36mreq[0m=[35m41220bec[0m
[2m11:40:03[0m [[32m[1minfo     [0m] [1mTopology loaded: 11 agents, 5 waves     [0m [36mreq[0m=[35m41220bec[0m
[2m11:40:03[0m [[32m[1minfo     [0m] [1mDocker client connected successfully    [0m [36mreq[0m=[35m41220bec[0m
[2m11:40:03[0m [[32m[1minfo     [0m] [1mCreated DynamicSandbox executor (Docker-based, unrestricted)[0m [36mreq[0m=[35m41220bec[0m
[2m11:40:03[0m [[32m[1minfo     [0m] [1mLoading topology from database...       [0m [36mreq[0m=[35m41220bec[0m
[2m11:40:03[0m [[32m[1minfo     [0m] [1mMapped 6 skill entries to 6 capabilities[0m [36mreq[0m=[35m41220bec[0m
[2m11:40:03[0m [[32m[1minfo     [0m] [1mTopology validated: 11 agents in 5 waves[0m [36mreq[0m=[35m41220bec[0m
[2m11:40:03[0m [[32m[1minfo     [0m] [1mLoaded 6 skills for topology            [0m [36mreq[0m=[35m41220bec[0m
[2m11:40:03[0m [[32m[1minfo     [0m] [1mTopology loaded: 11 agents, 5 waves     [0m [36mreq[0m=[35m41220bec[0m
[2m11:40:03[0m [[32m[1minfo     [0m] [1mRuntimeAgentRegistry initialized with max_concurrent=5[0m [36mreq[0m=[35m41220bec[0m
[2m11:40:03[0m [[32m[1minfo     [0m] [1mExecuting wave 1/5: ['b2972519-389d-4c28-b232-f7fc483725f6', '89bbc5ee-1be6-41d6-93f1-a3e688122d9c', '73b1df33-d616-42b7-9681-a6b7053ec062', 'ba9c6211-ea51-445d-8046-24986542cf64'][0m [36mreq[0m=[35m41220bec[0m
[2m11:40:03[0m [[32m[1minfo     [0m] [1mSkipping dev-team agent 'product_owner' in execution wave[0m [36mreq[0m=[35m41220bec[0m
[2m11:40:03[0m [[32m[1minfo     [0m] [1mSkipping dev-team agent 'quality_judge' in execution wave[0m [36mreq[0m=[35m41220bec[0m
[2m11:40:03[0m [[32m[1minfo     [0m] [1mSkipping dev-team agent 'execution_analyzer' in execution wave[0m [36mreq[0m=[35m41220bec[0m
[2m11:40:03[0m [[32m[1minfo     [0m] [1mExecuting agent: transcript_analyzer (b2972519-389d-4c28-b232-f7fc483725f6)[0m [36mreq[0m=[35m41220bec[0m
[2m11:40:04[0m [[32m[1minfo     [0m] [1mshared_memory_metrics agent=transcript_analyzer facts_kept=5 facts_total=8 hypotheses=0 relations=0 approx_tokens=762 query_chars=301[0m [36mreq[0m=[35m41220bec[0m
[2m11:40:04[0m [[32m[1minfo     [0m] [1mTool call 1/15: skill_connect_to_postgresql_database_using_provided_credentials[0m [36mreq[0m=[35m41220bec[0m
[2m11:40:04[0m [[32m[1minfo     [0m] [1mStarting sandbox execution: pip=['psycopg2-binary'], apt=[], input_files=[][0m [36mreq[0m=[35m41220bec[0m
[2m11:40:04[0m [[32m[1minfo     [0m] [1mFound cached image: lumari-sandbox:custom-c3a5332b (usage=31)[0m [36mreq[0m=[35m41220bec[0m
[2m11:40:04[0m [[32m[1minfo     [0m] [1mUsing cached image: lumari-sandbox:custom-c3a5332b[0m [36mreq[0m=[35m41220bec[0m
[2m11:40:05[0m [[32m[1minfo     [0m] [1mSandbox execution complete: success=True, time=389ms, cached=True[0m [36mreq[0m=[35m41220bec[0m
[2m11:40:10[0m [[32m[1minfo     [0m] [1mGetting challenge status: id=894ffaa8-02e7-4b3b-9146-d15765c3a053[0m [36mreq[0m=[35m8faee4e8[0m
[2m11:40:10[0m [[32m[1minfo     [0m] [1mrequest_finished                        [0m [36mduration[0m=[35m0.005[0m [36mmethod[0m=[35mGET[0m [36mpath[0m=[35m/api/v1/challenges/894ffaa8-02e7-4b3b-9146-d15765c3a053[0m [36mreq[0m=[35m8faee4e8[0m [36mrequest_id[0m=[35m8faee4e8-194b-4850-9e94-6208ecb7e148[0m [36mstatus[0m=[35m200[0m
[2m11:40:13[0m [[32m[1minfo     [0m] [1mAgent transcript_analyzer returned final answer after 1 tool calls[0m [36mreq[0m=[35m41220bec[0m
[2m11:40:13[0m [[32m[1minfo     [0m] [1mAgent transcript_analyzer completed     [0m [36mreq[0m=[35m41220bec[0m
[2m11:40:13[0m [[32m[1minfo     [0m] [1mWave 1 agent 'transcript_analyzer' completed: success=True, skipped=False, result_len=1603[0m [36mreq[0m=[35m41220bec[0m
[2m11:40:13[0m [[32m[1minfo     [0m] [1mExecuting wave 2/5: ['7eab52e8-a142-4154-a4a2-1cd6172eab46', '4842fd71-80d9-4aed-b00a-61c4a1d60407'][0m [36mreq[0m=[35m41220bec[0m
[2m11:40:13[0m [[32m[1minfo     [0m] [1mSkipping dev-team agent 'control_agent' in execution wave[0m [36mreq[0m=[35m41220bec[0m
[2m11:40:13[0m [[32m[1minfo     [0m] [1mExecuting agent: context_retriever (7eab52e8-a142-4154-a4a2-1cd6172eab46)[0m [36mreq[0m=[35m41220bec[0m
[2m11:40:14[0m [[32m[1minfo     [0m] [1mTool call 1/15: skill_direkter_sql_datenbank_konnektor_(die_verfügbaren_agenten_sind_auf_text/kontext_verarbeitung_spezialisiert,_die_datenbank_abfrage_muss_durch_einen_spezialisierten_db_agenten_oder_ein_tool_interface_innerhalb_des_context_retriever_erfolgen)[0m [36mreq[0m=[35m41220bec[0m
[2m11:40:14[0m [[32m[1minfo     [0m] [1mStarting sandbox execution: pip=['psycopg2-binary', 'sqlalchemy'], apt=[], input_files=[][0m [36mreq[0m=[35m41220bec[0m
[2m11:40:14[0m [[32m[1minfo     [0m] [1mFound cached image: lumari-sandbox:custom-95cd1c6e (usage=5)[0m [36mreq[0m=[35m41220bec[0m
[2m11:40:14[0m [[32m[1minfo     [0m] [1mUsing cached image: lumari-sandbox:custom-95cd1c6e[0m [36mreq[0m=[35m41220bec[0m
[2m11:40:15[0m [[33m[1mwarning  [0m] [1mCode execution failed (exit=1): Traceback (most recent call last):
  File "/workspace/script.py", line 70, in <module>
    _result = get_engine(_input)
              ^^^^^^^^^^^^^^^^^^
TypeError: unhashable type: 'dict'
[0m [36mreq[0m=[35m41220bec[0m
[2m11:40:15[0m [[32m[1minfo     [0m] [1mSandbox execution complete: success=False, time=967ms, cached=True[0m [36mreq[0m=[35m41220bec[0m
[2m11:40:20[0m [[32m[1minfo     [0m] [1mGetting challenge status: id=894ffaa8-02e7-4b3b-9146-d15765c3a053[0m [36mreq[0m=[35mef7d817c[0m
[2m11:40:21[0m [[32m[1minfo     [0m] [1mrequest_finished                        [0m [36mduration[0m=[35m0.018[0m [36mmethod[0m=[35mGET[0m [36mpath[0m=[35m/api/v1/challenges/894ffaa8-02e7-4b3b-9146-d15765c3a053[0m [36mreq[0m=[35mef7d817c[0m [36mrequest_id[0m=[35mef7d817c-f43f-45da-b13a-1d7562c4254b[0m [36mstatus[0m=[35m200[0m
[2m11:40:24[0m [[32m[1minfo     [0m] [1mAgent context_retriever returned final answer after 1 tool calls[0m [36mreq[0m=[35m41220bec[0m
[2m11:40:24[0m [[32m[1minfo     [0m] [1mAgent context_retriever completed       [0m [36mreq[0m=[35m41220bec[0m
[2m11:40:24[0m [[32m[1minfo     [0m] [1mWave 2 agent 'context_retriever' completed: success=True, skipped=False, result_len=533[0m [36mreq[0m=[35m41220bec[0m
[2m11:40:24[0m [[32m[1minfo     [0m] [1mExecuting wave 3/5: ['bc9b7c24-be22-4edb-9f80-55721c052340', '03c7ecc0-d8de-4c8f-9638-19909c3d0cf4', 'e76607a6-a46b-4d58-8003-b849ea6d8785'][0m [36mreq[0m=[35m41220bec[0m
[2m11:40:24[0m [[32m[1minfo     [0m] [1mSkipping dev-team agent 'prompt_engineer' in execution wave[0m [36mreq[0m=[35m41220bec[0m
[2m11:40:24[0m [[32m[1minfo     [0m] [1mSkipping dev-team agent 'tool_builder' in execution wave[0m [36mreq[0m=[35m41220bec[0m
[2m11:40:24[0m [[32m[1minfo     [0m] [1mExecuting agent: report_generator (bc9b7c24-be22-4edb-9f80-55721c052340)[0m [36mreq[0m=[35m41220bec[0m
[2m11:40:27[0m [[32m[1minfo     [0m] [1mAgent report_generator returned final answer after 0 tool calls[0m [36mreq[0m=[35m41220bec[0m
[2m11:40:28[0m [[32m[1minfo     [0m] [1mAgent report_generator completed        [0m [36mreq[0m=[35m41220bec[0m
[2m11:40:28[0m [[32m[1minfo     [0m] [1mWave 3 agent 'report_generator' completed: success=True, skipped=False, result_len=2390[0m [36mreq[0m=[35m41220bec[0m
[2m11:40:28[0m [[32m[1minfo     [0m] [1mExecuting wave 4/5: ['b7cb497a-e30c-4e2d-8aaa-b1ec8e9bbf38'][0m [36mreq[0m=[35m41220bec[0m
[2m11:40:28[0m [[32m[1minfo     [0m] [1mExecuting agent: quality_validator (b7cb497a-e30c-4e2d-8aaa-b1ec8e9bbf38)[0m [36mreq[0m=[35m41220bec[0m
[2m11:40:29[0m [[32m[1minfo     [0m] [1mAgent quality_validator returned final answer after 0 tool calls[0m [36mreq[0m=[35m41220bec[0m
[2m11:40:29[0m [[32m[1minfo     [0m] [1mAgent quality_validator completed       [0m [36mreq[0m=[35m41220bec[0m
[2m11:40:29[0m [[32m[1minfo     [0m] [1mWave 4 agent 'quality_validator' completed: success=True, skipped=False, result_len=498[0m [36mreq[0m=[35m41220bec[0m
[2m11:40:29[0m [[32m[1minfo     [0m] [1mExecuting wave 5/5: ['4920a302-a1e9-4c8b-95f4-afd7adbda99a'][0m [36mreq[0m=[35m41220bec[0m
[2m11:40:29[0m [[32m[1minfo     [0m] [1mExecuting agent: report_finalizer (4920a302-a1e9-4c8b-95f4-afd7adbda99a)[0m [36mreq[0m=[35m41220bec[0m
[2m11:40:31[0m [[32m[1minfo     [0m] [1mGetting challenge status: id=894ffaa8-02e7-4b3b-9146-d15765c3a053[0m [36mreq[0m=[35m39a2e5bc[0m
[2m11:40:31[0m [[32m[1minfo     [0m] [1mrequest_finished                        [0m [36mduration[0m=[35m0.008[0m [36mmethod[0m=[35mGET[0m [36mpath[0m=[35m/api/v1/challenges/894ffaa8-02e7-4b3b-9146-d15765c3a053[0m [36mreq[0m=[35m39a2e5bc[0m [36mrequest_id[0m=[35m39a2e5bc-6a5a-4b0a-b977-9bc83e405548[0m [36mstatus[0m=[35m200[0m
[2m11:40:32[0m [[32m[1minfo     [0m] [1mAgent report_finalizer returned final answer after 0 tool calls[0m [36mreq[0m=[35m41220bec[0m
[2m11:40:33[0m [[32m[1minfo     [0m] [1mAgent report_finalizer completed        [0m [36mreq[0m=[35m41220bec[0m
[2m11:40:33[0m [[32m[1minfo     [0m] [1mWave 5 agent 'report_finalizer' completed: success=True, skipped=False, result_len=2791[0m [36mreq[0m=[35m41220bec[0m
[2m11:40:34[0m [[32m[1minfo     [0m] [1mVerification: score=0.10, action=escalate, round 1[0m [36mreq[0m=[35m41220bec[0m
[2m11:40:34[0m [[32m[1minfo     [0m] [1mEskalation: Gap-Building für ['Output ist rein theoretisch / beschreibend'][0m [36mreq[0m=[35m41220bec[0m
[2m11:40:34[0m [[32m[1minfo     [0m] [1mLoading topology from database...       [0m [36mreq[0m=[35m41220bec[0m
[2m11:40:34[0m [[32m[1minfo     [0m] [1mMapped 6 skill entries to 6 capabilities[0m [36mreq[0m=[35m41220bec[0m
[2m11:40:34[0m [[32m[1minfo     [0m] [1mTopology validated: 11 agents in 5 waves[0m [36mreq[0m=[35m41220bec[0m
[2m11:40:34[0m [[32m[1minfo     [0m] [1mLoaded 6 skills for topology            [0m [36mreq[0m=[35m41220bec[0m
[2m11:40:34[0m [[32m[1minfo     [0m] [1mTopology loaded: 11 agents, 5 waves     [0m [36mreq[0m=[35m41220bec[0m
[2m11:40:34[0m [[32m[1minfo     [0m] [1mRuntimeAgentRegistry initialized with max_concurrent=5[0m [36mreq[0m=[35m41220bec[0m
[2m11:40:34[0m [[32m[1minfo     [0m] [1mbuild_on_demand: building skill for 'Output ist rein theoretisch / beschreibend'[0m [36mreq[0m=[35m41220bec[0m
[2m11:40:34[0m [[32m[1minfo     [0m] [1mStarting team-based skill development for: Output ist rein theoretisch / beschreibend[0m [36mreq[0m=[35m41220bec[0m
[2m11:40:34[0m [[32m[1minfo     [0m] [1mResearching capability: Output ist rein theoretisch / beschreibend[0m [36mreq[0m=[35m41220bec[0m
[2m11:40:34[0m [[32m[1minfo     [0m] [1mUsing cached research for: Output ist rein theoretisch / beschreibend[0m [36mreq[0m=[35m41220bec[0m
[2m11:40:34[0m [[32m[1minfo     [0m] [1mResearch complete: 0 packages found     [0m [36mreq[0m=[35m41220bec[0m
[2m11:40:37[0m [[32m[1minfo     [0m] [1mArchitecture complete: 2 test cases defined[0m [36mreq[0m=[35m41220bec[0m
[2m11:40:37[0m [[32m[1minfo     [0m] [1mSession start: iteration=1/10, pip=0, apt=0[0m [36mreq[0m=[35m41220bec[0m
[2m11:40:37[0m [[32m[1minfo     [0m] [1mDocker client connected successfully    [0m [36mreq[0m=[35m41220bec[0m
[2m11:40:37[0m [[32m[1minfo     [0m] [1mSession container created: e16cd30a6548 [0m [36mreq[0m=[35m41220bec[0m
[2m11:40:37[0m [[32m[1minfo     [0m] [1mImplementation iteration 1/10           [0m [36mreq[0m=[35m41220bec[0m
[2m11:40:39[0m [[32m[1minfo     [0m] [1mImplementation erfolgreich nach 1 Iterationen[0m [36mreq[0m=[35m41220bec[0m
[2m11:40:41[0m [[32m[1minfo     [0m] [1mGetting challenge status: id=894ffaa8-02e7-4b3b-9146-d15765c3a053[0m [36mreq[0m=[35m2fdaeb78[0m
[2m11:40:41[0m [[32m[1minfo     [0m] [1mrequest_finished                        [0m [36mduration[0m=[35m0.007[0m [36mmethod[0m=[35mGET[0m [36mpath[0m=[35m/api/v1/challenges/894ffaa8-02e7-4b3b-9146-d15765c3a053[0m [36mreq[0m=[35m2fdaeb78[0m [36mrequest_id[0m=[35m2fdaeb78-5639-4525-a7ce-fa88f94788a8[0m [36mstatus[0m=[35m200[0m
[2m11:40:45[0m [[32m[1minfo     [0m] [1mReview iteration 1/2                    [0m [36mreq[0m=[35m41220bec[0m
[2m11:40:46[0m [[32m[1minfo     [0m] [1mStarting sandbox execution: pip=[], apt=[], input_files=[][0m [36mreq[0m=[35m41220bec[0m
[2m11:40:47[0m [[32m[1minfo     [0m] [1mSandbox execution complete: success=True, time=481ms, cached=False[0m [36mreq[0m=[35m41220bec[0m
[2m11:40:51[0m [[32m[1minfo     [0m] [1mGetting challenge status: id=894ffaa8-02e7-4b3b-9146-d15765c3a053[0m [36mreq[0m=[35m7fd82115[0m
[2m11:40:51[0m [[32m[1minfo     [0m] [1mrequest_finished                        [0m [36mduration[0m=[35m0.006[0m [36mmethod[0m=[35mGET[0m [36mpath[0m=[35m/api/v1/challenges/894ffaa8-02e7-4b3b-9146-d15765c3a053[0m [36mreq[0m=[35m7fd82115[0m [36mrequest_id[0m=[35m7fd82115-7451-443f-88c9-81a9445a4f60[0m [36mstatus[0m=[35m200[0m
[2m11:40:52[0m [[32m[1minfo     [0m] [1mCreated new skill: 0bed85f0-825f-403e-872e-df77ed5c4a4c[0m [36mreq[0m=[35m41220bec[0m
[2m11:40:52[0m [[32m[1minfo     [0m] [1mRecorded build attempt: capability=Output ist rein theoretisch / beschreibend, success=True, error_type=None[0m [36mreq[0m=[35m41220bec[0m
[2m11:40:52[0m [[32m[1minfo     [0m] [1mSkill development complete: skill_output_ist_rein_theoretisch_/_beschreibend in 18010ms[0m [36mreq[0m=[35m41220bec[0m
[2m11:40:52[0m [[32m[1minfo     [0m] [1mInjecting skill 0bed85f0... with plan: target_agent=bc9b7c24..., rationale=The report_generator is the ideal agent for transforming raw data into structured, human-readable descriptive output.[0m [36mreq[0m=[35m41220bec[0m
[2m11:40:52[0m [[32m[1minfo     [0m] [1mCreated skill binding: skill=0bed85f0... -> agent=bc9b7c24...[0m [36mreq[0m=[35m41220bec[0m
[2m11:40:52[0m [[32m[1minfo     [0m] [1mLoading topology from database...       [0m [36mreq[0m=[35m41220bec[0m
[2m11:40:52[0m [[32m[1minfo     [0m] [1mMapped 7 skill entries to 7 capabilities[0m [36mreq[0m=[35m41220bec[0m
[2m11:40:52[0m [[32m[1minfo     [0m] [1mTopology validated: 11 agents in 5 waves[0m [36mreq[0m=[35m41220bec[0m
[2m11:40:52[0m [[32m[1minfo     [0m] [1mLoaded 7 skills for topology            [0m [36mreq[0m=[35m41220bec[0m
[2m11:40:52[0m [[32m[1minfo     [0m] [1mTopology loaded: 11 agents, 5 waves     [0m [36mreq[0m=[35m41220bec[0m
[2m11:40:52[0m [[32m[1minfo     [0m] [1mPlan-based injection complete: skill=0bed85f0... -> agent=report_generator[0m [36mreq[0m=[35m41220bec[0m
[2m11:40:52[0m [[32m[1minfo     [0m] [1mbuild_on_demand: skill 'skill_output_ist_rein_theoretisch_/_beschreibend' built and injected (inject_ok=True, msg=Skill injected and bound to agent 'report_generator' via architect plan)[0m [36mreq[0m=[35m41220bec[0m
[2m11:40:52[0m [[32m[1minfo     [0m] [1mArtifact pool cleared: 5 artifacts discarded[0m [36mreq[0m=[35m41220bec[0m
[2m11:40:55[0m [[32m[1minfo     [0m] [1mLoading topology from database...       [0m [36mreq[0m=[35m41220bec[0m
[2m11:40:55[0m [[32m[1minfo     [0m] [1mMapped 7 skill entries to 7 capabilities[0m [36mreq[0m=[35m41220bec[0m
[2m11:40:55[0m [[32m[1minfo     [0m] [1mTopology validated: 11 agents in 5 waves[0m [36mreq[0m=[35m41220bec[0m
[2m11:40:55[0m [[32m[1minfo     [0m] [1mLoaded 7 skills for topology            [0m [36mreq[0m=[35m41220bec[0m
[2m11:40:55[0m [[32m[1minfo     [0m] [1mTopology loaded: 11 agents, 5 waves     [0m [36mreq[0m=[35m41220bec[0m
[2m11:40:55[0m [[32m[1minfo     [0m] [1mSkipping dev-team agent 'product_owner' in execution wave[0m [36mreq[0m=[35m41220bec[0m
[2m11:40:55[0m [[32m[1minfo     [0m] [1mSkipping dev-team agent 'quality_judge' in execution wave[0m [36mreq[0m=[35m41220bec[0m
[2m11:40:55[0m [[32m[1minfo     [0m] [1mSkipping dev-team agent 'execution_analyzer' in execution wave[0m [36mreq[0m=[35m41220bec[0m
[2m11:40:55[0m [[32m[1minfo     [0m] [1mExecuting agent: transcript_analyzer (b2972519-389d-4c28-b232-f7fc483725f6)[0m [36mreq[0m=[35m41220bec[0m
[2m11:40:55[0m [[32m[1minfo     [0m] [1mshared_memory_metrics agent=transcript_analyzer facts_kept=5 facts_total=8 hypotheses=0 relations=0 approx_tokens=762 query_chars=344[0m [36mreq[0m=[35m41220bec[0m
[2m11:40:56[0m [[32m[1minfo     [0m] [1mTool call 1/15: skill_connect_to_postgresql_database_using_provided_credentials[0m [36mreq[0m=[35m41220bec[0m
[2m11:40:56[0m [[32m[1minfo     [0m] [1mStarting sandbox execution: pip=['psycopg2-binary'], apt=[], input_files=[][0m [36mreq[0m=[35m41220bec[0m
[2m11:40:56[0m [[32m[1minfo     [0m] [1mFound cached image: lumari-sandbox:custom-c3a5332b (usage=32)[0m [36mreq[0m=[35m41220bec[0m
[2m11:40:56[0m [[32m[1minfo     [0m] [1mUsing cached image: lumari-sandbox:custom-c3a5332b[0m [36mreq[0m=[35m41220bec[0m
[2m11:40:57[0m [[32m[1minfo     [0m] [1mSandbox execution complete: success=True, time=423ms, cached=True[0m [36mreq[0m=[35m41220bec[0m
[2m11:41:01[0m [[32m[1minfo     [0m] [1mGetting challenge status: id=894ffaa8-02e7-4b3b-9146-d15765c3a053[0m [36mreq[0m=[35m2bb62b44[0m
[2m11:41:01[0m [[32m[1minfo     [0m] [1mrequest_finished                        [0m [36mduration[0m=[35m0.006[0m [36mmethod[0m=[35mGET[0m [36mpath[0m=[35m/api/v1/challenges/894ffaa8-02e7-4b3b-9146-d15765c3a053[0m [36mreq[0m=[35m2bb62b44[0m [36mrequest_id[0m=[35m2bb62b44-f3b8-4e5d-8c96-d22d0bccad9a[0m [36mstatus[0m=[35m200[0m
[2m11:41:04[0m [[32m[1minfo     [0m] [1mAgent transcript_analyzer returned final answer after 1 tool calls[0m [36mreq[0m=[35m41220bec[0m
[2m11:41:05[0m [[32m[1minfo     [0m] [1mAgent transcript_analyzer completed     [0m [36mreq[0m=[35m41220bec[0m
[2m11:41:05[0m [[32m[1minfo     [0m] [1mWave 300 agent 'transcript_analyzer' completed: success=True, skipped=False, result_len=1634[0m [36mreq[0m=[35m41220bec[0m
[2m11:41:05[0m [[32m[1minfo     [0m] [1mSkipping dev-team agent 'control_agent' in execution wave[0m [36mreq[0m=[35m41220bec[0m
[2m11:41:05[0m [[32m[1minfo     [0m] [1mExecuting agent: context_retriever (7eab52e8-a142-4154-a4a2-1cd6172eab46)[0m [36mreq[0m=[35m41220bec[0m
[2m11:41:06[0m [[32m[1minfo     [0m] [1mTool call 1/15: skill_analyze_database_schema_structure[0m [36mreq[0m=[35m41220bec[0m
[2m11:41:06[0m [[32m[1minfo     [0m] [1mStarting sandbox execution: pip=['psycopg2-binary', 'sqlalchemy'], apt=[], input_files=[][0m [36mreq[0m=[35m41220bec[0m
[2m11:41:06[0m [[32m[1minfo     [0m] [1mFound cached image: lumari-sandbox:custom-95cd1c6e (usage=6)[0m [36mreq[0m=[35m41220bec[0m
[2m11:41:06[0m [[32m[1minfo     [0m] [1mUsing cached image: lumari-sandbox:custom-95cd1c6e[0m [36mreq[0m=[35m41220bec[0m
[2m11:41:06[0m [[33m[1mwarning  [0m] [1mCode execution failed (exit=1): Traceback (most recent call last):
  File "/workspace/script.py", line 82, in <module>
    _result = execute(_input)
              ^^^^^^^^^^^^^^^
  File "/workspace/script.py", line 21, in execute
    engine = create_engine(connection_string)
             ^^^^^^^^^^^^^^^^^^^^^^^^^^^^^^^^
  File "<string>", line 2, in create_engine
  File "/usr/local/lib/python3.11/site-packages/sqlalchemy/util/deprecations.py", line 281, in warned
    return fn(*args, **kwargs)  # type: ignore[no-any-return]
  [0m [36mreq[0m=[35m41220bec[0m
[2m11:41:06[0m [[32m[1minfo     [0m] [1mSandbox execution complete: success=False, time=540ms, cached=True[0m [36mreq[0m=[35m41220bec[0m
[2m11:41:11[0m [[32m[1minfo     [0m] [1mGetting challenge status: id=894ffaa8-02e7-4b3b-9146-d15765c3a053[0m [36mreq[0m=[35m8d914d71[0m
[2m11:41:11[0m [[32m[1minfo     [0m] [1mrequest_finished                        [0m [36mduration[0m=[35m0.008[0m [36mmethod[0m=[35mGET[0m [36mpath[0m=[35m/api/v1/challenges/894ffaa8-02e7-4b3b-9146-d15765c3a053[0m [36mreq[0m=[35m8d914d71[0m [36mrequest_id[0m=[35m8d914d71-aceb-43d1-ab09-da9808472330[0m [36mstatus[0m=[35m200[0m
[2m11:41:15[0m [[32m[1minfo     [0m] [1mAgent context_retriever returned final answer after 1 tool calls[0m [36mreq[0m=[35m41220bec[0m
[2m11:41:15[0m [[32m[1minfo     [0m] [1mAgent context_retriever completed       [0m [36mreq[0m=[35m41220bec[0m
[2m11:41:15[0m [[32m[1minfo     [0m] [1mWave 301 agent 'context_retriever' completed: success=True, skipped=False, result_len=601[0m [36mreq[0m=[35m41220bec[0m
[2m11:41:15[0m [[32m[1minfo     [0m] [1mSkipping dev-team agent 'prompt_engineer' in execution wave[0m [36mreq[0m=[35m41220bec[0m
[2m11:41:15[0m [[32m[1minfo     [0m] [1mSkipping dev-team agent 'tool_builder' in execution wave[0m [36mreq[0m=[35m41220bec[0m
[2m11:41:15[0m [[32m[1minfo     [0m] [1mExecuting agent: report_generator (bc9b7c24-be22-4edb-9f80-55721c052340)[0m [36mreq[0m=[35m41220bec[0m
[2m11:41:16[0m [[32m[1minfo     [0m] [1mAgent report_generator returned final answer after 0 tool calls[0m [36mreq[0m=[35m41220bec[0m
[2m11:41:16[0m [[32m[1minfo     [0m] [1mAgent report_generator completed        [0m [36mreq[0m=[35m41220bec[0m
[2m11:41:16[0m [[32m[1minfo     [0m] [1mWave 302 agent 'report_generator' completed: success=True, skipped=False, result_len=469[0m [36mreq[0m=[35m41220bec[0m
[2m11:41:16[0m [[32m[1minfo     [0m] [1mExecuting agent: quality_validator (b7cb497a-e30c-4e2d-8aaa-b1ec8e9bbf38)[0m [36mreq[0m=[35m41220bec[0m
[2m11:41:18[0m [[32m[1minfo     [0m] [1mAgent quality_validator returned final answer after 0 tool calls[0m [36mreq[0m=[35m41220bec[0m
[2m11:41:18[0m [[32m[1minfo     [0m] [1mAgent quality_validator completed       [0m [36mreq[0m=[35m41220bec[0m
[2m11:41:18[0m [[32m[1minfo     [0m] [1mWave 303 agent 'quality_validator' completed: success=True, skipped=False, result_len=497[0m [36mreq[0m=[35m41220bec[0m
[2m11:41:18[0m [[32m[1minfo     [0m] [1mExecuting agent: report_finalizer (4920a302-a1e9-4c8b-95f4-afd7adbda99a)[0m [36mreq[0m=[35m41220bec[0m
[2m11:41:18[0m [[32m[1minfo     [0m] [1mTool call 1/15: skill_execute_sql_queries_to_list_database_tables[0m [36mreq[0m=[35m41220bec[0m
[2m11:41:18[0m [[32m[1minfo     [0m] [1mStarting sandbox execution: pip=['psycopg2-binary', 'sqlalchemy'], apt=[], input_files=[][0m [36mreq[0m=[35m41220bec[0m
[2m11:41:18[0m [[32m[1minfo     [0m] [1mFound cached image: lumari-sandbox:custom-95cd1c6e (usage=7)[0m [36mreq[0m=[35m41220bec[0m
[2m11:41:18[0m [[32m[1minfo     [0m] [1mUsing cached image: lumari-sandbox:custom-95cd1c6e[0m [36mreq[0m=[35m41220bec[0m
[2m11:41:19[0m [[32m[1minfo     [0m] [1mSandbox execution complete: success=True, time=460ms, cached=True[0m [36mreq[0m=[35m41220bec[0m
[2m11:41:21[0m [[32m[1minfo     [0m] [1mGetting challenge status: id=894ffaa8-02e7-4b3b-9146-d15765c3a053[0m [36mreq[0m=[35mcdcee070[0m
[2m11:41:21[0m [[32m[1minfo     [0m] [1mrequest_finished                        [0m [36mduration[0m=[35m0.009[0m [36mmethod[0m=[35mGET[0m [36mpath[0m=[35m/api/v1/challenges/894ffaa8-02e7-4b3b-9146-d15765c3a053[0m [36mreq[0m=[35mcdcee070[0m [36mrequest_id[0m=[35mcdcee070-59df-46a2-9773-6272bbfe3ef5[0m [36mstatus[0m=[35m200[0m
[2m11:41:25[0m [[32m[1minfo     [0m] [1mAgent report_finalizer returned final answer after 1 tool calls[0m [36mreq[0m=[35m41220bec[0m
[2m11:41:26[0m [[32m[1minfo     [0m] [1mAgent report_finalizer completed        [0m [36mreq[0m=[35m41220bec[0m
[2m11:41:26[0m [[32m[1minfo     [0m] [1mWave 304 agent 'report_finalizer' completed: success=True, skipped=False, result_len=325[0m [36mreq[0m=[35m41220bec[0m
[2m11:41:27[0m [[32m[1minfo     [0m] [1mScore-Stagnation: 0.10 -> 0.00, Adapt-Loop beendet nach 2 Runden[0m [36mreq[0m=[35m41220bec[0m
[2m11:41:27[0m [[32m[1minfo     [0m] [1mArtifact pool cleared: 5 artifacts discarded[0m [36mreq[0m=[35m41220bec[0m
[2m11:41:27[0m [[32m[1minfo     [0m] [1mPersisted 1 facts to shared memory for execution b429a336-e0f7-4eff-86f9-7ccbb309801f[0m [36mreq[0m=[35m41220bec[0m
[2m11:41:27[0m [[32m[1minfo     [0m] [1mStarting telemetry for agent=b2972519..., execution=b429a336...[0m [36mreq[0m=[35m41220bec[0m
[2m11:41:27[0m [[32m[1minfo     [0m] [1mCreating telemetry record for agent=b2972519..., execution=b429a336...[0m [36mreq[0m=[35m41220bec[0m
[2m11:41:27[0m [[32m[1minfo     [0m] [1mExecution completed: challenge_id=894ffaa8-02e7-4b3b-9146-d15765c3a053, success=True[0m [36mreq[0m=[35m41220bec[0m
[2m11:41:27[0m [[32m[1minfo     [0m] [1mCreated telemetry record id=dafeded8-4ded-4398-9f36-9f7a590f3b15[0m [36mreq[0m=[35m41220bec[0m
[2m11:41:27[0m [[32m[1minfo     [0m] [1mStarted telemetry id=dafeded8-4ded-4398-9f36-9f7a590f3b15, input_hash=2abbc2d7909b6d40..., trace_id=None[0m [36mreq[0m=[35m41220bec[0m
[2m11:41:27[0m [[32m[1minfo     [0m] [1mCompleting telemetry id=dafeded8-4ded-4398-9f36-9f7a590f3b15, outcome=success[0m [36mreq[0m=[35m41220bec[0m
[2m11:41:27[0m [[32m[1minfo     [0m] [1mUpdating telemetry record id=dafeded8-4ded-4398-9f36-9f7a590f3b15[0m [36mreq[0m=[35m41220bec[0m
[2m11:41:27[0m [[32m[1minfo     [0m] [1mUpdated telemetry record id=dafeded8-4ded-4398-9f36-9f7a590f3b15, outcome=success[0m [36mreq[0m=[35m41220bec[0m
[2m11:41:27[0m [[32m[1minfo     [0m] [1mCompleted telemetry id=dafeded8-4ded-4398-9f36-9f7a590f3b15, latency=16.89ms, tokens=57859, output_hash=44136fa355b3678a...[0m [36mreq[0m=[35m41220bec[0m
[2m11:41:27[0m [[32m[1minfo     [0m] [1mConfigured epicbox profile: image=lumari-sandbox:latest, limits={'cputime': 5, 'realtime': 10, 'memory': 128, 'processes': 1}[0m [36mreq[0m=[35m41220bec[0m
[2m11:41:27[0m [[32m[1minfo     [0m] [1mStarting analysis pipeline for execution_id=b429a336...[0m [36mreq[0m=[35m41220bec[0m
[2m11:41:27[0m [[32m[1minfo     [0m] [1mRetrieved telemetry for agent=b2972519..., outcome=success[0m [36mreq[0m=[35m41220bec[0m
[2m11:41:27[0m [[32m[1minfo     [0m] [1mRetrieved 1 historical executions for pattern context[0m [36mreq[0m=[35m41220bec[0m
[2m11:41:27[0m [[32m[1minfo     [0m] [1mAnalyzing execution_id=b429a336...      [0m [36mreq[0m=[35m41220bec[0m
[2m11:41:28[0m [[32m[1minfo     [0m] [1mAnalysis complete: 0 findings for execution_id=b429a336...[0m [36mreq[0m=[35m41220bec[0m
[2m11:41:28[0m [[32m[1minfo     [0m] [1mAnalyzer generated 0 findings: summary='The execution completed successfully with no obser...'[0m [36mreq[0m=[35m41220bec[0m
[2m11:41:28[0m [[32m[1minfo     [0m] [1mNo findings generated - pipeline complete[0m [36mreq[0m=[35m41220bec[0m
[2m11:41:31[0m [[32m[1minfo     [0m] [1mGetting challenge status: id=894ffaa8-02e7-4b3b-9146-d15765c3a053[0m [36mreq[0m=[35mda51a1f2[0m
[2m11:41:31[0m [[32m[1minfo     [0m] [1mrequest_finished                        [0m [36mduration[0m=[35m0.008[0m [36mmethod[0m=[35mGET[0m [36mpath[0m=[35m/api/v1/challenges/894ffaa8-02e7-4b3b-9146-d15765c3a053[0m [36mreq[0m=[35mda51a1f2[0m [36mrequest_id[0m=[35mda51a1f2-5be1-473e-b03d-a1bf3ae73c36[0m [36mstatus[0m=[35m200[0m
[2m11:41:31[0m [[32m[1minfo     [0m] [1mGetting challenge results: id=894ffaa8-02e7-4b3b-9146-d15765c3a053[0m [36mreq[0m=[35md283d955[0m
[2m11:41:31[0m [[32m[1minfo     [0m] [1mrequest_finished                        [0m [36mduration[0m=[35m0.007[0m [36mmethod[0m=[35mGET[0m [36mpath[0m=[35m/api/v1/challenges/894ffaa8-02e7-4b3b-9146-d15765c3a053/results[0m [36mreq[0m=[35md283d955[0m [36mrequest_id[0m=[35md283d955-03cc-432d-ac91-2ce0398a70df[0m [36mstatus[0m=[35m200[0m
[2m11:41:33[0m [[32m[1minfo     [0m] [1mDirect challenge analysis: execution_id=91f659c8-e24c-4e72-971b-cdf448fa26a6[0m [36mreq[0m=[35m3970cf07[0m
[2m11:41:33[0m [[32m[1minfo     [0m] [1mPre-execution analysis starting for execution 91f659c8-e24c-4e72-971b-cdf448fa26a6[0m [36mreq[0m=[35m3970cf07[0m
[2m11:41:33[0m [[32m[1minfo     [0m] [1mAnalyzing challenge for execution 91f659c8-e24c-4e72-971b-cdf448fa26a6[0m [36mreq[0m=[35m3970cf07[0m
[2m11:41:33[0m [[32m[1minfo     [0m] [1mLoading topology from database...       [0m [36mreq[0m=[35m3970cf07[0m
[2m11:41:33[0m [[32m[1minfo     [0m] [1mMapped 7 skill entries to 7 capabilities[0m [36mreq[0m=[35m3970cf07[0m
[2m11:41:33[0m [[32m[1minfo     [0m] [1mTopology validated: 11 agents in 5 waves[0m [36mreq[0m=[35m3970cf07[0m
[2m11:41:33[0m [[32m[1minfo     [0m] [1mLoaded 7 skills for topology            [0m [36mreq[0m=[35m3970cf07[0m
[2m11:41:33[0m [[32m[1minfo     [0m] [1mTopology loaded: 11 agents, 5 waves     [0m [36mreq[0m=[35m3970cf07[0m
[2m11:41:33[0m [[32m[1minfo     [0m] [1mSkill 'skill_connect_to_postgresql_database_using_provided_credentials' provides affected_capability: 'connect to PostgreSQL database using provided credentials'[0m [36mreq[0m=[35m3970cf07[0m
[2m11:41:33[0m [[32m[1minfo     [0m] [1mSkill 'skill_execute_sql_queries_to_list_database_tables' provides affected_capability: 'execute SQL queries to list database tables'[0m [36mreq[0m=[35m3970cf07[0m
[2m11:41:33[0m [[32m[1minfo     [0m] [1mSkill 'skill_generate_a_text_based_schema_diagram' provides affected_capability: 'generate a text-based schema diagram'[0m [36mreq[0m=[35m3970cf07[0m
[2m11:41:33[0m [[32m[1minfo     [0m] [1mSkill 'skill_execute_sql_queries_to_retrieve_column_metadata_and_foreign_key_constraints' provides affected_capability: 'execute SQL queries to retrieve column metadata and foreign key constraints'[0m [36mreq[0m=[35m3970cf07[0m
[2m11:41:33[0m [[32m[1minfo     [0m] [1mSkill 'skill_analyze_database_schema_structure' provides affected_capability: 'analyze database schema structure'[0m [36mreq[0m=[35m3970cf07[0m
[2m11:41:33[0m [[32m[1minfo     [0m] [1mSkill 'skill_direkter_sql_datenbank_konnektor_(die_verfügbaren_agenten_sind_auf_text/kontext_verarbeitung_spezialisiert,_die_datenbank_abfrage_muss_durch_einen_spezialisierten_db_agenten_oder_ein_tool_interface_innerhalb_des_context_retriever_erfolgen)' provides affected_capability: 'Direkter SQL-Datenbank-Konnektor (die verfügbaren Agenten sind auf Text/Kontext-Verarbeitung spezialisiert, die Datenbank-Abfrage muss durch einen spezialisierten DB-Agenten oder ein Tool-Interface innerhalb des context_retriever erfolgen)'[0m [36mreq[0m=[35m3970cf07[0m
[2m11:41:33[0m [[32m[1minfo     [0m] [1mSkill 'skill_output_ist_rein_theoretisch_/_beschreibend' provides affected_capability: 'Output ist rein theoretisch / beschreibend'[0m [36mreq[0m=[35m3970cf07[0m
[2m11:41:33[0m [[32m[1minfo     [0m] [1mExtracted 7 capabilities from 7 active skills[0m [36mreq[0m=[35m3970cf07[0m
[2m11:41:34[0m [[32m[1minfo     [0m] [1mLLM extracted 5 capabilities: 3 execution, 2 knowledge[0m [36mreq[0m=[35m3970cf07[0m
[2m11:41:34[0m [[32m[1minfo     [0m] [1mExtracted 5 required capabilities       [0m [36mreq[0m=[35m3970cf07[0m
[2m11:41:36[0m [[32m[1minfo     [0m] [1mAssessment complete: MAYBE (3 gaps, 3 suggestions)[0m [36mreq[0m=[35m3970cf07[0m
[2m11:41:36[0m [[32m[1minfo     [0m] [1mASSESSMENT_LOG execution_id=91f659c8-e24c-4e72-971b-cdf448fa26a6 confidence=MAYBE gaps=3 route=developer_team duration_ms=3080[0m [36mreq[0m=[35m3970cf07[0m
[2m11:41:36[0m [[32m[1minfo     [0m] [1mPre-execution analysis complete: MAYBE -> route: developer_team[0m [36mreq[0m=[35m3970cf07[0m
[2m11:41:36[0m [[32m[1minfo     [0m] [1mOrchestrator analysis complete: confidence=MAYBE, route=developer_team[0m [36mreq[0m=[35m3970cf07[0m
[2m11:41:36[0m [[32m[1minfo     [0m] [1m0 gaps already satisfied, 3 remaining   [0m [36mreq[0m=[35m3970cf07[0m
[2m11:41:36[0m [[32m[1minfo     [0m] [1mGenerated build plan for challenge 8bff98fd-9f4a-489d-925d-bd345398cec2: 3 items, 1 critical[0m [36mreq[0m=[35m3970cf07[0m
[2m11:41:36[0m [[32m[1minfo     [0m] [1mrequest_finished                        [0m [36mduration[0m=[35m3.215[0m [36mmethod[0m=[35mPOST[0m [36mpath[0m=[35m/api/v1/challenges/analyze[0m [36mreq[0m=[35m3970cf07[0m [36mrequest_id[0m=[35m3970cf07-4097-4960-9391-cd139dc94615[0m [36mstatus[0m=[35m200[0m
[2m11:41:36[0m [[32m[1minfo     [0m] [1mStarting capability building: challenge_id=8bff98fd-9f4a-489d-925d-bd345398cec2[0m [36mreq[0m=[35m3970cf07[0m
[2m11:41:36[0m [[32m[1minfo     [0m] [1mLoading topology from database...       [0m [36mreq[0m=[35m3970cf07[0m
[2m11:41:36[0m [[32m[1minfo     [0m] [1mMapped 7 skill entries to 7 capabilities[0m [36mreq[0m=[35m3970cf07[0m
[2m11:41:36[0m [[32m[1minfo     [0m] [1mTopology validated: 11 agents in 5 waves[0m [36mreq[0m=[35m3970cf07[0m
[2m11:41:36[0m [[32m[1minfo     [0m] [1mLoaded 7 skills for topology            [0m [36mreq[0m=[35m3970cf07[0m
[2m11:41:36[0m [[32m[1minfo     [0m] [1mTopology loaded: 11 agents, 5 waves     [0m [36mreq[0m=[35m3970cf07[0m
[2m11:41:36[0m [[32m[1minfo     [0m] [1mRuntimeAgentRegistry initialized with max_concurrent=5[0m [36mreq[0m=[35m3970cf07[0m
[2m11:41:36[0m [[32m[1minfo     [0m] [1mProcessing blocked challenge: id=8bff98fd..., attempt=1/5[0m [36mreq[0m=[35m3970cf07[0m
[2m11:41:36[0m [[32m[1minfo     [0m] [1mCreated gap plan: id=c2753ccc..., challenge=8bff98fd..., gaps=3, cycle=1[0m [36mreq[0m=[35m3970cf07[0m
[2m11:41:36[0m [[32m[1minfo     [0m] [1mCreated gap plan: c2753ccc..., cycle=1, gaps=3[0m [36mreq[0m=[35m3970cf07[0m
[2m11:41:36[0m [[32m[1minfo     [0m] [1mStarted gap plan: c2753ccc...           [0m [36mreq[0m=[35m3970cf07[0m
[2m11:41:36[0m [[32m[1minfo     [0m] [1mExecuting gap plan: c2753ccc..., total_gaps=3, cycle=1[0m [36mreq[0m=[35m3970cf07[0m
[2m11:41:36[0m [[32m[1minfo     [0m] [1mProcessing gap: a2f54ddb... type=missing_skill, capability=calculate progress percentages, total hours, and report counts per trade, severity=critical[0m [36mreq[0m=[35m3970cf07[0m
[2m11:41:36[0m [[32m[1minfo     [0m] [1mStrategy proposed for calculate progress percentages, total hours, and report counts per trade: direct (confidence=0.5)[0m [36mreq[0m=[35m3970cf07[0m
[2m11:41:36[0m [[32m[1minfo     [0m] [1mBuilding capability: gap_type=missing_skill, severity=critical, attempt=1, approach=direct[0m [36mreq[0m=[35m3970cf07[0m
[2m11:41:36[0m [[32m[1minfo     [0m] [1mUsing Skill Team for capability: calculate progress percentages, total hours, and report counts per trade[0m [36mreq[0m=[35m3970cf07[0m
[2m11:41:36[0m [[32m[1minfo     [0m] [1mStarting team-based skill development for: calculate progress percentages, total hours, and report counts per trade[0m [36mreq[0m=[35m3970cf07[0m
[2m11:41:36[0m [[32m[1minfo     [0m] [1mResearching capability: calculate progress percentages, total hours, and report counts per trade[0m [36mreq[0m=[35m3970cf07[0m
[2m11:41:37[0m [[32m[1minfo     [0m] [1mresponse: https://en.wikipedia.org/w/api.php?action=opensearch&profile=fuzzy&limit=1&search=python%20calculate%20progress%20percentages%2C%20total%20hours%2C%20and%20report%20counts%20per%20trade%20implementation%20example%20code 200[0m
[2m11:41:37[0m [[32m[1minfo     [0m] [1mresponse: https://grokipedia.com/api/typeahead?query=python+calculate+progress+percentages%2C+total+hours%2C+and+report+counts+per+trade+implementation+example+code&limit=1 200[0m
[2m11:41:38[0m [[32m[1minfo     [0m] [1mresponse: https://www.mojeek.com/search?q=python+calculate+progress+percentages%2C+total+hours%2C+and+report+counts+per+trade+implementation+example+code 200[0m
[2m11:41:38[0m [[32m[1minfo     [0m] [1mWeb search for 'python calculate progress percentages, total hours, and repo' returned 5 results[0m [36mreq[0m=[35m3970cf07[0m
[2m11:41:44[0m [[32m[1minfo     [0m] [1mSummarized 6 sources into 2918 chars    [0m [36mreq[0m=[35m3970cf07[0m
[2m11:41:44[0m [[32m[1minfo     [0m] [1mResearch complete for calculate progress percentages, total hours, and report counts per trade: pip=[], examples=1[0m [36mreq[0m=[35m3970cf07[0m
[2m11:41:44[0m [[32m[1minfo     [0m] [1mResearch complete: 0 packages found     [0m [36mreq[0m=[35m3970cf07[0m
[2m11:41:46[0m [[32m[1minfo     [0m] [1mGetting challenge status: id=8bff98fd-9f4a-489d-925d-bd345398cec2[0m [36mreq[0m=[35mbeb0299e[0m
[2m11:41:46[0m [[32m[1minfo     [0m] [1mrequest_finished                        [0m [36mduration[0m=[35m0.006[0m [36mmethod[0m=[35mGET[0m [36mpath[0m=[35m/api/v1/challenges/8bff98fd-9f4a-489d-925d-bd345398cec2[0m [36mreq[0m=[35mbeb0299e[0m [36mrequest_id[0m=[35mbeb0299e-be2e-49f3-b736-561999b3b08c[0m [36mstatus[0m=[35m200[0m
[2m11:41:47[0m [[32m[1minfo     [0m] [1mArchitecture complete: 2 test cases defined[0m [36mreq[0m=[35m3970cf07[0m
[2m11:41:47[0m [[32m[1minfo     [0m] [1mSession start: iteration=1/10, pip=0, apt=0[0m [36mreq[0m=[35m3970cf07[0m
[2m11:41:47[0m [[32m[1minfo     [0m] [1mDocker client connected successfully    [0m [36mreq[0m=[35m3970cf07[0m
[2m11:41:47[0m [[32m[1minfo     [0m] [1mSession container created: 56d7e8d3ce7b [0m [36mreq[0m=[35m3970cf07[0m
[2m11:41:47[0m [[32m[1minfo     [0m] [1mImplementation iteration 1/10           [0m [36mreq[0m=[35m3970cf07[0m
[2m11:41:49[0m [[32m[1minfo     [0m] [1mProaktiv erkannte neue Packages: ['pandas', 'numpy'][0m [36mreq[0m=[35m3970cf07[0m
[2m11:41:55[0m [[32m[1minfo     [0m] [1mSession start: iteration=2/10, pip=2, apt=0[0m [36mreq[0m=[35m3970cf07[0m
[2m11:41:55[0m [[32m[1minfo     [0m] [1mSession container created: 4ef792edc05a [0m [36mreq[0m=[35m3970cf07[0m
[2m11:41:55[0m [[32m[1minfo     [0m] [1mInstalling pip packages: "pandas" "numpy"[0m [36mreq[0m=[35m3970cf07[0m
[2m11:41:56[0m [[32m[1minfo     [0m] [1mGetting challenge status: id=8bff98fd-9f4a-489d-925d-bd345398cec2[0m [36mreq[0m=[35mc10b48dd[0m
[2m11:41:56[0m [[32m[1minfo     [0m] [1mrequest_finished                        [0m [36mduration[0m=[35m0.008[0m [36mmethod[0m=[35mGET[0m [36mpath[0m=[35m/api/v1/challenges/8bff98fd-9f4a-489d-925d-bd345398cec2[0m [36mreq[0m=[35mc10b48dd[0m [36mrequest_id[0m=[35mc10b48dd-b1f1-4d42-b06d-c104f0929b8e[0m [36mstatus[0m=[35m200[0m
[2m11:42:01[0m [[32m[1minfo     [0m] [1mPip packages installed successfully     [0m [36mreq[0m=[35m3970cf07[0m
[2m11:42:01[0m [[32m[1minfo     [0m] [1mImplementation iteration 2/10           [0m [36mreq[0m=[35m3970cf07[0m
[2m11:42:01[0m [[32m[1minfo     [0m] [1mImplementation erfolgreich nach 2 Iterationen[0m [36mreq[0m=[35m3970cf07[0m
[2m11:42:06[0m [[32m[1minfo     [0m] [1mGetting challenge status: id=8bff98fd-9f4a-489d-925d-bd345398cec2[0m [36mreq[0m=[35m200d850a[0m
[2m11:42:06[0m [[32m[1minfo     [0m] [1mrequest_finished                        [0m [36mduration[0m=[35m0.01[0m [36mmethod[0m=[35mGET[0m [36mpath[0m=[35m/api/v1/challenges/8bff98fd-9f4a-489d-925d-bd345398cec2[0m [36mreq[0m=[35m200d850a[0m [36mrequest_id[0m=[35m200d850a-1211-4e37-b018-1c60ad02b1e6[0m [36mstatus[0m=[35m200[0m
[2m11:42:07[0m [[32m[1minfo     [0m] [1mReview iteration 1/2                    [0m [36mreq[0m=[35m3970cf07[0m
[2m11:42:09[0m [[32m[1minfo     [0m] [1mStarting sandbox execution: pip=['pandas', 'numpy'], apt=[], input_files=[][0m [36mreq[0m=[35m3970cf07[0m
[2m11:42:09[0m [[32m[1minfo     [0m] [1mInstalling pip packages: "pandas" "numpy"[0m [36mreq[0m=[35m3970cf07[0m
[2m11:42:15[0m [[32m[1minfo     [0m] [1mPip packages installed successfully     [0m [36mreq[0m=[35m3970cf07[0m
[2m11:42:15[0m [[32m[1minfo     [0m] [1mSandbox execution complete: success=True, time=6248ms, cached=False[0m [36mreq[0m=[35m3970cf07[0m
[2m11:42:16[0m [[32m[1minfo     [0m] [1mGetting challenge status: id=8bff98fd-9f4a-489d-925d-bd345398cec2[0m [36mreq[0m=[35m555795cd[0m
[2m11:42:16[0m [[32m[1minfo     [0m] [1mrequest_finished                        [0m [36mduration[0m=[35m0.007[0m [36mmethod[0m=[35mGET[0m [36mpath[0m=[35m/api/v1/challenges/8bff98fd-9f4a-489d-925d-bd345398cec2[0m [36mreq[0m=[35m555795cd[0m [36mrequest_id[0m=[35m555795cd-ae2a-4eef-95b2-db7082051574[0m [36mstatus[0m=[35m200[0m
[2m11:42:21[0m [[32m[1minfo     [0m] [1mCreated new skill: 82d5cacc-4c2d-42be-a95f-6afe440a7dab[0m [36mreq[0m=[35m3970cf07[0m
[2m11:42:21[0m [[32m[1minfo     [0m] [1mLearned new package mapping: numpy -> numpy[0m [36mreq[0m=[35m3970cf07[0m
[2m11:42:21[0m [[32m[1minfo     [0m] [1mRecorded build attempt: capability=calculate progress percentages, total hours, and report counts per trade, success=True, error_type=None[0m [36mreq[0m=[35m3970cf07[0m
[2m11:42:21[0m [[32m[1minfo     [0m] [1mSkill development complete: skill_calculate_progress_percentages,_total_hours,_and_report_counts_per_trade in 44375ms[0m [36mreq[0m=[35m3970cf07[0m
[2m11:42:21[0m [[32m[1minfo     [0m] [1mSkill Team built skill: skill_calculate_progress_percentages,_total_hours,_and_report_counts_per_trade, duration=44.4s[0m [36mreq[0m=[35m3970cf07[0m
[2m11:42:21[0m [[32m[1minfo     [0m] [1mAgent 'transcript_analyzer' already has capability 'calculate progress percentages, total hours, and report counts per trade'[0m [36mreq[0m=[35m3970cf07[0m
[2m11:42:21[0m [[32m[1minfo     [0m] [1mCreated skill binding: skill=82d5cacc..., agent=b2972519..., capability='calculate progress percentages, total hours, and report counts per trade'[0m [36mreq[0m=[35m3970cf07[0m
[2m11:42:21[0m [[32m[1minfo     [0m] [1mInjecting skill 82d5cacc... with plan: target_agent=bc9b7c24..., rationale=The report_generator is the ideal agent to consume aggregated metrics and transform them into the final project progress overview requested in the challenge.[0m [36mreq[0m=[35m3970cf07[0m
[2m11:42:21[0m [[32m[1minfo     [0m] [1mCreated skill binding: skill=82d5cacc... -> agent=bc9b7c24...[0m [36mreq[0m=[35m3970cf07[0m
[2m11:42:21[0m [[32m[1minfo     [0m] [1mLoading topology from database...       [0m [36mreq[0m=[35m3970cf07[0m
[2m11:42:21[0m [[32m[1minfo     [0m] [1mMapped 8 skill entries to 8 capabilities[0m [36mreq[0m=[35m3970cf07[0m
[2m11:42:21[0m [[32m[1minfo     [0m] [1mTopology validated: 11 agents in 5 waves[0m [36mreq[0m=[35m3970cf07[0m
[2m11:42:21[0m [[32m[1minfo     [0m] [1mLoaded 8 skills for topology            [0m [36mreq[0m=[35m3970cf07[0m
[2m11:42:21[0m [[32m[1minfo     [0m] [1mTopology loaded: 11 agents, 5 waves     [0m [36mreq[0m=[35m3970cf07[0m
[2m11:42:21[0m [[32m[1minfo     [0m] [1mPlan-based injection complete: skill=82d5cacc... -> agent=report_generator[0m [36mreq[0m=[35m3970cf07[0m
[2m11:42:21[0m [[32m[1minfo     [0m] [1mRecorded build attempt: capability=calculate progress percentages, total hours, and report counts per trade, success=True, error_type=None[0m [36mreq[0m=[35m3970cf07[0m
[2m11:42:21[0m [[32m[1minfo     [0m] [1mGap completed: a2f54ddb... -> skill/82d5cacc...[0m [36mreq[0m=[35m3970cf07[0m
[2m11:42:21[0m [[32m[1minfo     [0m] [1mProcessing gap: 25b6c3af... type=missing_planning_skill, capability=analyze project data to identify the trade with the highest delay risk, severity=important[0m [36mreq[0m=[35m3970cf07[0m
[2m11:42:21[0m [[33m[1mwarning  [0m] [1mUnknown gap type 'missing_planning_skill', using generic builder[0m [36mreq[0m=[35m3970cf07[0m
[2m11:42:21[0m [[32m[1minfo     [0m] [1mBuilding capability: gap_type=missing_planning_skill, severity=important, attempt=1, approach=direct[0m [36mreq[0m=[35m3970cf07[0m
[2m11:42:21[0m [[32m[1minfo     [0m] [1mDecomposing task id=0abfd7c5..., files=1[0m [36mreq[0m=[35m3970cf07[0m
[2m11:42:26[0m [[32m[1minfo     [0m] [1mDecomposed task into 3 subtasks, 3 waves[0m [36mreq[0m=[35m3970cf07[0m
[2m11:42:26[0m [[32m[1minfo     [0m] [1mExecuting wave 1/3, files=['db_connector.py'][0m [36mreq[0m=[35m3970cf07[0m
[2m11:42:26[0m [[32m[1minfo     [0m] [1mRegistered agent id=59fe35b0..., task=0abfd7c5..., file=db_connector.py[0m [36mreq[0m=[35m3970cf07[0m
[2m11:42:26[0m [[32m[1minfo     [0m] [1mUpdated agent id=59fe35b0... status=running[0m [36mreq[0m=[35m3970cf07[0m
[2m11:42:26[0m [[32m[1minfo     [0m] [1mExecuting agent id=59fe35b0..., file=db_connector.py[0m [36mreq[0m=[35m3970cf07[0m
{
    "name": "developer_team.decompose_task",
    "context": {
        "trace_id": "0x662ca698bb3269e1175523164d08a05d",
        "span_id": "0x1033334385e0dd6b",
        "trace_state": "[]"
    },
    "kind": "SpanKind.INTERNAL",
    "parent_id": "0x2323a262fdc9ee6f",
    "start_time": "2026-05-18T11:42:21.505930Z",
    "end_time": "2026-05-18T11:42:26.464618Z",
    "status": {
        "status_code": "UNSET"
    },
    "attributes": {},
    "events": [],
    "links": [],
    "resource": {
        "attributes": {
            "telemetry.sdk.language": "python",
            "telemetry.sdk.name": "opentelemetry",
            "telemetry.sdk.version": "1.40.0",
            "service.name": "lumari-backend",
            "service.version": "0.1.0",
            "service.namespace": "lumari",
            "deployment.environment": "development",
            "telemetry.middleware.version": "1.0.0"
        },
        "schema_url": ""
    }
}
[2m11:42:26[0m [[32m[1minfo     [0m] [1mGetting challenge status: id=8bff98fd-9f4a-489d-925d-bd345398cec2[0m [36mreq[0m=[35mbf811f68[0m
[2m11:42:26[0m [[32m[1minfo     [0m] [1mrequest_finished                        [0m [36mduration[0m=[35m0.035[0m [36mmethod[0m=[35mGET[0m [36mpath[0m=[35m/api/v1/challenges/8bff98fd-9f4a-489d-925d-bd345398cec2[0m [36mreq[0m=[35mbf811f68[0m [36mrequest_id[0m=[35mbf811f68-b660-4db6-b9d4-20089882822d[0m [36mstatus[0m=[35m200[0m
[2m11:42:28[0m [[32m[1minfo     [0m] [1mAgent completed id=59fe35b0..., duration=2.25s[0m [36mreq[0m=[35m3970cf07[0m
[2m11:42:28[0m [[32m[1minfo     [0m] [1mUpdated agent id=59fe35b0... status=completed[0m [36mreq[0m=[35m3970cf07[0m
[2m11:42:28[0m [[32m[1minfo     [0m] [1mExecuting wave 2/3, files=['project_analyzer.py'][0m [36mreq[0m=[35m3970cf07[0m
[2m11:42:28[0m [[32m[1minfo     [0m] [1mRegistered agent id=9fd4f819..., task=0abfd7c5..., file=project_analyzer.py[0m [36mreq[0m=[35m3970cf07[0m
[2m11:42:28[0m [[32m[1minfo     [0m] [1mUpdated agent id=9fd4f819... status=running[0m [36mreq[0m=[35m3970cf07[0m
[2m11:42:28[0m [[32m[1minfo     [0m] [1mExecuting agent id=9fd4f819..., file=project_analyzer.py[0m [36mreq[0m=[35m3970cf07[0m
{
    "name": "agent_spawner.spawn_and_execute",
    "context": {
        "trace_id": "0x662ca698bb3269e1175523164d08a05d",
        "span_id": "0x53c21b6c3d0b83e1",
        "trace_state": "[]"
    },
    "kind": "SpanKind.INTERNAL",
    "parent_id": "0x2dd7526c33b4fc92",
    "start_time": "2026-05-18T11:42:26.465147Z",
    "end_time": "2026-05-18T11:42:28.717633Z",
    "status": {
        "status_code": "UNSET"
    },
    "attributes": {
        "agent.id": "59fe35b0-3c6f-461d-8637-3ed1658d4fdc",
        "agent.task_id": "0abfd7c5-177d-436a-910a-31de5c533c60",
        "agent.file_path": "db_connector.py",
        "agent.timeout_seconds": 300,
        "agent.registered": true,
        "agent.success": true,
        "agent.duration_seconds": 2.251896858215332
    },
    "events": [],
    "links": [],
    "resource": {
        "attributes": {
            "telemetry.sdk.language": "python",
            "telemetry.sdk.name": "opentelemetry",
            "telemetry.sdk.version": "1.40.0",
            "service.name": "lumari-backend",
            "service.version": "0.1.0",
            "service.namespace": "lumari",
            "deployment.environment": "development",
            "telemetry.middleware.version": "1.0.0"
        },
        "schema_url": ""
    }
}
{
    "name": "developer_team.execute_wave",
    "context": {
        "trace_id": "0x662ca698bb3269e1175523164d08a05d",
        "span_id": "0x2dd7526c33b4fc92",
        "trace_state": "[]"
    },
    "kind": "SpanKind.INTERNAL",
    "parent_id": "0x2323a262fdc9ee6f",
    "start_time": "2026-05-18T11:42:26.464755Z",
    "end_time": "2026-05-18T11:42:28.718059Z",
    "status": {
        "status_code": "UNSET"
    },
    "attributes": {
        "wave.files": [
            "db_connector.py"
        ]
    },
    "events": [],
    "links": [],
    "resource": {
        "attributes": {
            "telemetry.sdk.language": "python",
            "telemetry.sdk.name": "opentelemetry",
            "telemetry.sdk.version": "1.40.0",
            "service.name": "lumari-backend",
            "service.version": "0.1.0",
            "service.namespace": "lumari",
            "deployment.environment": "development",
            "telemetry.middleware.version": "1.0.0"
        },
        "schema_url": ""
    }
}
[2m11:42:31[0m [[32m[1minfo     [0m] [1mAgent completed id=9fd4f819..., duration=3.28s[0m [36mreq[0m=[35m3970cf07[0m
[2m11:42:31[0m [[32m[1minfo     [0m] [1mUpdated agent id=9fd4f819... status=completed[0m [36mreq[0m=[35m3970cf07[0m
[2m11:42:31[0m [[32m[1minfo     [0m] [1mExecuting wave 3/3, files=['prompts/generated/prompt_analyze_project_data_to_identify_the_trade_with_the_highest_delay_risk.txt'][0m [36mreq[0m=[35m3970cf07[0m
[2m11:42:31[0m [[32m[1minfo     [0m] [1mRegistered agent id=492f3359..., task=0abfd7c5..., file=prompts/generated/prompt_analyze_project_data_to_identify_the_trade_with_the_highest_delay_risk.txt[0m [36mreq[0m=[35m3970cf07[0m
[2m11:42:31[0m [[32m[1minfo     [0m] [1mUpdated agent id=492f3359... status=running[0m [36mreq[0m=[35m3970cf07[0m
[2m11:42:31[0m [[32m[1minfo     [0m] [1mExecuting agent id=492f3359..., file=prompts/generated/prompt_analyze_project_data_to_identify_the_trade_with_the_highest_delay_risk.txt[0m [36mreq[0m=[35m3970cf07[0m
[2m11:42:34[0m [[32m[1minfo     [0m] [1mAgent completed id=492f3359..., duration=2.15s[0m [36mreq[0m=[35m3970cf07[0m
[2m11:42:34[0m [[32m[1minfo     [0m] [1mUpdated agent id=492f3359... status=completed[0m [36mreq[0m=[35m3970cf07[0m
[2m11:42:34[0m [[32m[1minfo     [0m] [1mUnregistered agent id=59fe35b0...       [0m [36mreq[0m=[35m3970cf07[0m
[2m11:42:34[0m [[32m[1minfo     [0m] [1mUnregistered agent id=9fd4f819...       [0m [36mreq[0m=[35m3970cf07[0m
[2m11:42:34[0m [[32m[1minfo     [0m] [1mUnregistered agent id=492f3359...       [0m [36mreq[0m=[35m3970cf07[0m
[2m11:42:34[0m [[32m[1minfo     [0m] [1mCleaned up 3 agents for task 0abfd7c5...[0m [36mreq[0m=[35m3970cf07[0m
[2m11:42:34[0m [[32m[1minfo     [0m] [1mBuilt prompt: id=a19d318c..., name=prompt_analyze_project_data_to_identify_the_trade_with_the_highest_delay_risk[0m [36mreq[0m=[35m3970cf07[0m
[2m11:42:34[0m [[32m[1minfo     [0m] [1mInjecting capability: type=prompt, id=a19d318c...[0m [36mreq[0m=[35m3970cf07[0m
[2m11:42:34[0m [[32m[1minfo     [0m] [1mLoading topology from database...       [0m [36mreq[0m=[35m3970cf07[0m
[2m11:42:34[0m [[32m[1minfo     [0m] [1mMapped 8 skill entries to 8 capabilities[0m [36mreq[0m=[35m3970cf07[0m
[2m11:42:34[0m [[32m[1minfo     [0m] [1mTopology validated: 11 agents in 5 waves[0m [36mreq[0m=[35m3970cf07[0m
[2m11:42:34[0m [[32m[1minfo     [0m] [1mLoaded 8 skills for topology            [0m [36mreq[0m=[35m3970cf07[0m
[2m11:42:34[0m [[32m[1minfo     [0m] [1mTopology loaded: 11 agents, 5 waves     [0m [36mreq[0m=[35m3970cf07[0m
[2m11:42:34[0m [[32m[1minfo     [0m] [1mCapability injected successfully: prompt/a19d318c...[0m [36mreq[0m=[35m3970cf07[0m
[2m11:42:34[0m [[32m[1minfo     [0m] [1mRecorded build attempt: capability=analyze project data to identify the trade with the highest delay risk, success=True, error_type=None[0m [36mreq[0m=[35m3970cf07[0m
[2m11:42:34[0m [[32m[1minfo     [0m] [1mGap completed: 25b6c3af... -> prompt/a19d318c...[0m [36mreq[0m=[35m3970cf07[0m
[2m11:42:34[0m [[32m[1minfo     [0m] [1mProcessing gap: ae5ed19e... type=missing_skill, capability=generate a progress overview report for the specified construction project, severity=important[0m [36mreq[0m=[35m3970cf07[0m
[2m11:42:34[0m [[32m[1minfo     [0m] [1mStrategy proposed for generate a progress overview report for the specified construction project: direct (confidence=0.5)[0m [36mreq[0m=[35m3970cf07[0m
[2m11:42:34[0m [[32m[1minfo     [0m] [1mBuilding capability: gap_type=missing_skill, severity=important, attempt=1, approach=direct[0m [36mreq[0m=[35m3970cf07[0m
[2m11:42:34[0m [[32m[1minfo     [0m] [1mUsing Skill Team for capability: generate a progress overview report for the specified construction project[0m [36mreq[0m=[35m3970cf07[0m
[2m11:42:34[0m [[32m[1minfo     [0m] [1mStarting team-based skill development for: generate a progress overview report for the specified construction project[0m [36mreq[0m=[35m3970cf07[0m
[2m11:42:34[0m [[32m[1minfo     [0m] [1mResearching capability: generate a progress overview report for the specified construction project[0m [36mreq[0m=[35m3970cf07[0m
[2m11:42:34[0m [[32m[1minfo     [0m] [1mresponse: https://en.wikipedia.org/w/api.php?action=opensearch&profile=fuzzy&limit=1&search=python%20generate%20a%20progress%20overview%20report%20for%20the%20specified%20construction%20project%20implementation%20example%20code 200[0m
[2m11:42:34[0m [[32m[1minfo     [0m] [1mresponse: https://grokipedia.com/api/typeahead?query=python+generate+a+progress+overview+report+for+the+specified+construction+project+implementation+example+code&limit=1 200[0m
[2m11:42:35[0m [[32m[1minfo     [0m] [1mresponse: https://search.brave.com/search?q=python+generate+a+progress+overview+report+for+the+specified+construction+project+implementation+example+code&source=web 429[0m
[2m11:42:35[0m [[32m[1minfo     [0m] [1mresponse: https://yandex.com/search/site/?text=python+generate+a+progress+overview+report+for+the+specified+construction+project+implementation+example+code&web=1&searchid=2529320 200[0m
[2m11:42:35[0m [[32m[1minfo     [0m] [1mWeb search for 'python generate a progress overview report for the specified' returned 5 results[0m [36mreq[0m=[35m3970cf07[0m
{
    "name": "agent_spawner.spawn_and_execute",
    "context": {
        "trace_id": "0x662ca698bb3269e1175523164d08a05d",
        "span_id": "0x17abcc05a41b758d",
        "trace_state": "[]"
    },
    "kind": "SpanKind.INTERNAL",
    "parent_id": "0xb8a5219d4307b4db",
    "start_time": "2026-05-18T11:42:28.718536Z",
    "end_time": "2026-05-18T11:42:31.995572Z",
    "status": {
        "status_code": "UNSET"
    },
    "attributes": {
        "agent.id": "9fd4f819-dd07-4c12-ac28-0b017853613b",
        "agent.task_id": "0abfd7c5-177d-436a-910a-31de5c533c60",
        "agent.file_path": "project_analyzer.py",
        "agent.timeout_seconds": 300,
        "agent.registered": true,
        "agent.success": true,
        "agent.duration_seconds": 3.2765660285949707
    },
    "events": [],
    "links": [],
    "resource": {
        "attributes": {
            "telemetry.sdk.language": "python",
            "telemetry.sdk.name": "opentelemetry",
            "telemetry.sdk.version": "1.40.0",
            "service.name": "lumari-backend",
            "service.version": "0.1.0",
            "service.namespace": "lumari",
            "deployment.environment": "development",
            "telemetry.middleware.version": "1.0.0"
        },
        "schema_url": ""
    }
}
{
    "name": "developer_team.execute_wave",
    "context": {
        "trace_id": "0x662ca698bb3269e1175523164d08a05d",
        "span_id": "0xb8a5219d4307b4db",
        "trace_state": "[]"
    },
    "kind": "SpanKind.INTERNAL",
    "parent_id": "0x2323a262fdc9ee6f",
    "start_time": "2026-05-18T11:42:28.718215Z",
    "end_time": "2026-05-18T11:42:31.995869Z",
    "status": {
        "status_code": "UNSET"
    },
    "attributes": {
        "wave.files": [
            "project_analyzer.py"
        ]
    },
    "events": [],
    "links": [],
    "resource": {
        "attributes": {
            "telemetry.sdk.language": "python",
            "telemetry.sdk.name": "opentelemetry",
            "telemetry.sdk.version": "1.40.0",
            "service.name": "lumari-backend",
            "service.version": "0.1.0",
            "service.namespace": "lumari",
            "deployment.environment": "development",
            "telemetry.middleware.version": "1.0.0"
        },
        "schema_url": ""
    }
}
{
    "name": "agent_spawner.spawn_and_execute",
    "context": {
        "trace_id": "0x662ca698bb3269e1175523164d08a05d",
        "span_id": "0xebd5b2b71eb7f52c",
        "trace_state": "[]"
    },
    "kind": "SpanKind.INTERNAL",
    "parent_id": "0x278b9b37c81f9d3d",
    "start_time": "2026-05-18T11:42:31.996095Z",
    "end_time": "2026-05-18T11:42:34.146629Z",
    "status": {
        "status_code": "UNSET"
    },
    "attributes": {
        "agent.id": "492f3359-8d58-47e4-bdae-b3d55d0284a1",
        "agent.task_id": "0abfd7c5-177d-436a-910a-31de5c533c60",
        "agent.file_path": "prompts/generated/prompt_analyze_project_data_to_identify_the_trade_with_the_highest_delay_risk.txt",
        "agent.timeout_seconds": 300,
        "agent.registered": true,
        "agent.success": true,
        "agent.duration_seconds": 2.150068998336792
    },
    "events": [],
    "links": [],
    "resource": {
        "attributes": {
            "telemetry.sdk.language": "python",
            "telemetry.sdk.name": "opentelemetry",
            "telemetry.sdk.version": "1.40.0",
            "service.name": "lumari-backend",
            "service.version": "0.1.0",
            "service.namespace": "lumari",
            "deployment.environment": "development",
            "telemetry.middleware.version": "1.0.0"
        },
        "schema_url": ""
    }
}
{
    "name": "developer_team.execute_wave",
    "context": {
        "trace_id": "0x662ca698bb3269e1175523164d08a05d",
        "span_id": "0x278b9b37c81f9d3d",
        "trace_state": "[]"
    },
    "kind": "SpanKind.INTERNAL",
    "parent_id": "0x2323a262fdc9ee6f",
    "start_time": "2026-05-18T11:42:31.995987Z",
    "end_time": "2026-05-18T11:42:34.147054Z",
    "status": {
        "status_code": "UNSET"
    },
    "attributes": {
        "wave.files": [
            "prompts/generated/prompt_analyze_project_data_to_identify_the_trade_with_the_highest_delay_risk.txt"
        ]
    },
    "events": [],
    "links": [],
    "resource": {
        "attributes": {
            "telemetry.sdk.language": "python",
            "telemetry.sdk.name": "opentelemetry",
            "telemetry.sdk.version": "1.40.0",
            "service.name": "lumari-backend",
            "service.version": "0.1.0",
            "service.namespace": "lumari",
            "deployment.environment": "development",
            "telemetry.middleware.version": "1.0.0"
        },
        "schema_url": ""
    }
}
{
    "name": "developer_team.execute_complex_task",
    "context": {
        "trace_id": "0x662ca698bb3269e1175523164d08a05d",
        "span_id": "0x2323a262fdc9ee6f",
        "trace_state": "[]"
    },
    "kind": "SpanKind.INTERNAL",
    "parent_id": null,
    "start_time": "2026-05-18T11:42:21.505831Z",
    "end_time": "2026-05-18T11:42:34.147383Z",
    "status": {
        "status_code": "UNSET"
    },
    "attributes": {
        "task.id": "0abfd7c5-177d-436a-910a-31de5c533c60",
        "task.files_count": 1,
        "task.subtasks_count": 3,
        "task.waves_count": 3,
        "task.files_completed": 3,
        "task.files_failed": 0,
        "task.success": true
    },
    "events": [],
    "links": [],
    "resource": {
        "attributes": {
            "telemetry.sdk.language": "python",
            "telemetry.sdk.name": "opentelemetry",
            "telemetry.sdk.version": "1.40.0",
            "service.name": "lumari-backend",
            "service.version": "0.1.0",
            "service.namespace": "lumari",
            "deployment.environment": "development",
            "telemetry.middleware.version": "1.0.0"
        },
        "schema_url": ""
    }
}
[2m11:42:36[0m [[32m[1minfo     [0m] [1mGetting challenge status: id=8bff98fd-9f4a-489d-925d-bd345398cec2[0m [36mreq[0m=[35m3fd06fc1[0m
[2m11:42:36[0m [[32m[1minfo     [0m] [1mrequest_finished                        [0m [36mduration[0m=[35m0.006[0m [36mmethod[0m=[35mGET[0m [36mpath[0m=[35m/api/v1/challenges/8bff98fd-9f4a-489d-925d-bd345398cec2[0m [36mreq[0m=[35m3fd06fc1[0m [36mrequest_id[0m=[35m3fd06fc1-2264-4204-9f47-f4a1095e107b[0m [36mstatus[0m=[35m200[0m
[2m11:42:40[0m [[32m[1minfo     [0m] [1mSummarized 5 sources into 3235 chars    [0m [36mreq[0m=[35m3970cf07[0m
[2m11:42:40[0m [[32m[1minfo     [0m] [1mResearch complete for generate a progress overview report for the specified construction project: pip=[], examples=1[0m [36mreq[0m=[35m3970cf07[0m
[2m11:42:40[0m [[32m[1minfo     [0m] [1mResearch complete: 0 packages found     [0m [36mreq[0m=[35m3970cf07[0m
[2m11:42:42[0m [[32m[1minfo     [0m] [1mArchitecture complete: 2 test cases defined[0m [36mreq[0m=[35m3970cf07[0m
[2m11:42:42[0m [[32m[1minfo     [0m] [1mSession start: iteration=1/10, pip=0, apt=1[0m [36mreq[0m=[35m3970cf07[0m
[2m11:42:43[0m [[32m[1minfo     [0m] [1mSession container created: e9552a00439f [0m [36mreq[0m=[35m3970cf07[0m
[2m11:42:43[0m [[32m[1minfo     [0m] [1mInstalling system packages: libpq-dev   [0m [36mreq[0m=[35m3970cf07[0m
[2m11:42:46[0m [[32m[1minfo     [0m] [1mGetting challenge status: id=8bff98fd-9f4a-489d-925d-bd345398cec2[0m [36mreq[0m=[35md3a76d11[0m
[2m11:42:46[0m [[32m[1minfo     [0m] [1mrequest_finished                        [0m [36mduration[0m=[35m0.007[0m [36mmethod[0m=[35mGET[0m [36mpath[0m=[35m/api/v1/challenges/8bff98fd-9f4a-489d-925d-bd345398cec2[0m [36mreq[0m=[35md3a76d11[0m [36mrequest_id[0m=[35md3a76d11-d444-4930-aae4-e02ac59a4ca4[0m [36mstatus[0m=[35m200[0m
[2m11:42:47[0m [[32m[1minfo     [0m] [1mSystem packages installed successfully: libpq-dev[0m [36mreq[0m=[35m3970cf07[0m
[2m11:42:47[0m [[32m[1minfo     [0m] [1mImplementation iteration 1/10           [0m [36mreq[0m=[35m3970cf07[0m
[2m11:42:49[0m [[32m[1minfo     [0m] [1mProaktiv erkannte neue Packages: ['sqlalchemy', 'pandas', 'jinja2'][0m [36mreq[0m=[35m3970cf07[0m
[2m11:42:55[0m [[32m[1minfo     [0m] [1mSession start: iteration=2/10, pip=3, apt=1[0m [36mreq[0m=[35m3970cf07[0m
[2m11:42:55[0m [[32m[1minfo     [0m] [1mSession container created: 88b5dd09e161 [0m [36mreq[0m=[35m3970cf07[0m
[2m11:42:55[0m [[32m[1minfo     [0m] [1mInstalling system packages: libpq-dev   [0m [36mreq[0m=[35m3970cf07[0m
[2m11:42:56[0m [[32m[1minfo     [0m] [1mGetting challenge status: id=8bff98fd-9f4a-489d-925d-bd345398cec2[0m [36mreq[0m=[35m17b74561[0m
[2m11:42:56[0m [[32m[1minfo     [0m] [1mrequest_finished                        [0m [36mduration[0m=[35m0.007[0m [36mmethod[0m=[35mGET[0m [36mpath[0m=[35m/api/v1/challenges/8bff98fd-9f4a-489d-925d-bd345398cec2[0m [36mreq[0m=[35m17b74561[0m [36mrequest_id[0m=[35m17b74561-64b3-4e20-9c7f-cb1730ab50cb[0m [36mstatus[0m=[35m200[0m
[2m11:43:00[0m [[32m[1minfo     [0m] [1mSystem packages installed successfully: libpq-dev[0m [36mreq[0m=[35m3970cf07[0m
[2m11:43:00[0m [[32m[1minfo     [0m] [1mInstalling pip packages: "sqlalchemy" "pandas" "jinja2"[0m [36mreq[0m=[35m3970cf07[0m
[2m11:43:06[0m [[32m[1minfo     [0m] [1mGetting challenge status: id=8bff98fd-9f4a-489d-925d-bd345398cec2[0m [36mreq[0m=[35md6ef4ef6[0m
[2m11:43:06[0m [[32m[1minfo     [0m] [1mrequest_finished                        [0m [36mduration[0m=[35m0.008[0m [36mmethod[0m=[35mGET[0m [36mpath[0m=[35m/api/v1/challenges/8bff98fd-9f4a-489d-925d-bd345398cec2[0m [36mreq[0m=[35md6ef4ef6[0m [36mrequest_id[0m=[35md6ef4ef6-fb0e-4c44-a139-1bd596cfc5dc[0m [36mstatus[0m=[35m200[0m
[2m11:43:07[0m [[32m[1minfo     [0m] [1mPip packages installed successfully     [0m [36mreq[0m=[35m3970cf07[0m
[2m11:43:07[0m [[32m[1minfo     [0m] [1mImplementation iteration 2/10           [0m [36mreq[0m=[35m3970cf07[0m
[2m11:43:07[0m [[33m[1mwarning  [0m] [1mCode execution failed (exit=1): Testing with input: {'db_url': 'postgresql://lumari:lumari_dev@lumari-postgres:5432/lumari', 'project_name': 'Neubau Wohnanlage Bergstrasse 12'}
Result: {'success': False, 'error': "Execution failed: No module named 'psycopg2'"}
TEST FAILED: Execution failed: No module named 'psycopg2'
[0m [36mreq[0m=[35m3970cf07[0m
[2m11:43:07[0m [[32m[1minfo     [0m] [1mRecorded build attempt: capability=generate a progress overview report for the specified construction project, success=False, error_type=ErrorType.RUNTIME_ERROR[0m [36mreq[0m=[35m3970cf07[0m
[2m11:43:09[0m [[32m[1minfo     [0m] [1mDebug [LOGIC_ERROR]: produced fixed code (2453 chars)[0m [36mreq[0m=[35m3970cf07[0m
[2m11:43:09[0m [[32m[1minfo     [0m] [1mImplementation iteration 3/10           [0m [36mreq[0m=[35m3970cf07[0m
[2m11:43:10[0m [[33m[1mwarning  [0m] [1mCode execution failed (exit=1): Testing with input: {'db_url': 'postgresql://lumari:lumari_dev@lumari-postgres:5432/lumari', 'project_name': 'Neubau Wohnanlage Bergstrasse 12'}
Result: {'success': False, 'error': "Execution failed: No module named 'psycopg2'"}
TEST FAILED: Execution failed: No module named 'psycopg2'
[0m [36mreq[0m=[35m3970cf07[0m
[2m11:43:10[0m [[32m[1minfo     [0m] [1mRecorded build attempt: capability=generate a progress overview report for the specified construction project, success=False, error_type=ErrorType.RUNTIME_ERROR[0m [36mreq[0m=[35m3970cf07[0m
[2m11:43:12[0m [[32m[1minfo     [0m] [1mDebug [LOGIC_ERROR]: produced fixed code (2443 chars)[0m [36mreq[0m=[35m3970cf07[0m
[2m11:43:12[0m [[32m[1minfo     [0m] [1mImplementation iteration 4/10           [0m [36mreq[0m=[35m3970cf07[0m
[2m11:43:13[0m [[33m[1mwarning  [0m] [1mCode execution failed (exit=1): Testing with input: {'db_url': 'postgresql://lumari:lumari_dev@lumari-postgres:5432/lumari', 'project_name': 'Neubau Wohnanlage Bergstrasse 12'}
Result: {'success': False, 'error': "Execution failed: No module named 'pg8000'"}
TEST FAILED: Execution failed: No module named 'pg8000'
[0m [36mreq[0m=[35m3970cf07[0m
[2m11:43:13[0m [[32m[1minfo     [0m] [1mRecorded build attempt: capability=generate a progress overview report for the specified construction project, success=False, error_type=ErrorType.RUNTIME_ERROR[0m [36mreq[0m=[35m3970cf07[0m
[2m11:43:13[0m [[33m[1mwarning  [0m] [1mApproach-Switch: sqlalchemy scheitert wiederholt[0m [36mreq[0m=[35m3970cf07[0m
[2m11:43:15[0m [[32m[1minfo     [0m] [1mDebug [LOGIC_ERROR]: produced fixed code (2384 chars)[0m [36mreq[0m=[35m3970cf07[0m
[2m11:43:16[0m [[32m[1minfo     [0m] [1mGetting challenge status: id=8bff98fd-9f4a-489d-925d-bd345398cec2[0m [36mreq[0m=[35m53e751dd[0m
[2m11:43:16[0m [[32m[1minfo     [0m] [1mrequest_finished                        [0m [36mduration[0m=[35m0.007[0m [36mmethod[0m=[35mGET[0m [36mpath[0m=[35m/api/v1/challenges/8bff98fd-9f4a-489d-925d-bd345398cec2[0m [36mreq[0m=[35m53e751dd[0m [36mrequest_id[0m=[35m53e751dd-420d-4997-b32b-e2f15cf32c15[0m [36mstatus[0m=[35m200[0m
[2m11:43:20[0m [[32m[1minfo     [0m] [1mSession start: iteration=5/10, pip=2, apt=1[0m [36mreq[0m=[35m3970cf07[0m
[2m11:43:20[0m [[32m[1minfo     [0m] [1mSession container created: f731f8e47a13 [0m [36mreq[0m=[35m3970cf07[0m
[2m11:43:20[0m [[32m[1minfo     [0m] [1mInstalling system packages: libpq-dev   [0m [36mreq[0m=[35m3970cf07[0m
[2m11:43:25[0m [[32m[1minfo     [0m] [1mSystem packages installed successfully: libpq-dev[0m [36mreq[0m=[35m3970cf07[0m
[2m11:43:25[0m [[32m[1minfo     [0m] [1mInstalling pip packages: "pandas" "jinja2"[0m [36mreq[0m=[35m3970cf07[0m
[2m11:43:26[0m [[32m[1minfo     [0m] [1mGetting challenge status: id=8bff98fd-9f4a-489d-925d-bd345398cec2[0m [36mreq[0m=[35ma3c65782[0m
[2m11:43:26[0m [[32m[1minfo     [0m] [1mrequest_finished                        [0m [36mduration[0m=[35m0.006[0m [36mmethod[0m=[35mGET[0m [36mpath[0m=[35m/api/v1/challenges/8bff98fd-9f4a-489d-925d-bd345398cec2[0m [36mreq[0m=[35ma3c65782[0m [36mrequest_id[0m=[35ma3c65782-d925-4d10-9333-39ee385ed849[0m [36mstatus[0m=[35m200[0m
[2m11:43:31[0m [[32m[1minfo     [0m] [1mPip packages installed successfully     [0m [36mreq[0m=[35m3970cf07[0m
[2m11:43:31[0m [[32m[1minfo     [0m] [1mImplementation iteration 5/10           [0m [36mreq[0m=[35m3970cf07[0m
[2m11:43:31[0m [[32m[1minfo     [0m] [1mProaktiv erkannte neue Packages: ['sqlalchemy'][0m [36mreq[0m=[35m3970cf07[0m
[2m11:43:36[0m [[32m[1minfo     [0m] [1mSession start: iteration=6/10, pip=3, apt=1[0m [36mreq[0m=[35m3970cf07[0m
[2m11:43:36[0m [[32m[1minfo     [0m] [1mGetting challenge status: id=8bff98fd-9f4a-489d-925d-bd345398cec2[0m [36mreq[0m=[35mfdce8742[0m
[2m11:43:36[0m [[32m[1minfo     [0m] [1mrequest_finished                        [0m [36mduration[0m=[35m0.026[0m [36mmethod[0m=[35mGET[0m [36mpath[0m=[35m/api/v1/challenges/8bff98fd-9f4a-489d-925d-bd345398cec2[0m [36mreq[0m=[35mfdce8742[0m [36mrequest_id[0m=[35mfdce8742-5974-4dfa-bfc3-c89bf284e57b[0m [36mstatus[0m=[35m200[0m
[2m11:43:37[0m [[32m[1minfo     [0m] [1mSession container created: 9ec8a4e9e711 [0m [36mreq[0m=[35m3970cf07[0m
[2m11:43:37[0m [[32m[1minfo     [0m] [1mInstalling system packages: libpq-dev   [0m [36mreq[0m=[35m3970cf07[0m
[2m11:43:41[0m [[32m[1minfo     [0m] [1mSystem packages installed successfully: libpq-dev[0m [36mreq[0m=[35m3970cf07[0m
[2m11:43:41[0m [[32m[1minfo     [0m] [1mInstalling pip packages: "pandas" "jinja2" "sqlalchemy"[0m [36mreq[0m=[35m3970cf07[0m
[2m11:43:46[0m [[32m[1minfo     [0m] [1mGetting challenge status: id=8bff98fd-9f4a-489d-925d-bd345398cec2[0m [36mreq[0m=[35m6b002898[0m
[2m11:43:47[0m [[32m[1minfo     [0m] [1mrequest_finished                        [0m [36mduration[0m=[35m0.006[0m [36mmethod[0m=[35mGET[0m [36mpath[0m=[35m/api/v1/challenges/8bff98fd-9f4a-489d-925d-bd345398cec2[0m [36mreq[0m=[35m6b002898[0m [36mrequest_id[0m=[35m6b002898-ca2e-45bf-80a7-987bfb25dd97[0m [36mstatus[0m=[35m200[0m
[2m11:43:48[0m [[32m[1minfo     [0m] [1mPip packages installed successfully     [0m [36mreq[0m=[35m3970cf07[0m
[2m11:43:48[0m [[32m[1minfo     [0m] [1mImplementation iteration 6/10           [0m [36mreq[0m=[35m3970cf07[0m
[2m11:43:48[0m [[33m[1mwarning  [0m] [1mCode execution failed (exit=1): Testing with input: {'db_url': 'postgresql://lumari:lumari_dev@lumari-postgres:5432/lumari', 'project_name': 'Neubau Wohnanlage Bergstrasse 12'}
Result: {'success': False, 'error': "Execution failed: No module named 'psycopg2'"}
TEST FAILED: Execution failed: No module named 'psycopg2'
[0m [36mreq[0m=[35m3970cf07[0m
[2m11:43:48[0m [[32m[1minfo     [0m] [1mRecorded build attempt: capability=generate a progress overview report for the specified construction project, success=False, error_type=ErrorType.RUNTIME_ERROR[0m [36mreq[0m=[35m3970cf07[0m
[2m11:43:48[0m [[33m[1mwarning  [0m] [1mApproach-Switch: sqlalchemy scheitert wiederholt[0m [36mreq[0m=[35m3970cf07[0m
[2m11:43:50[0m [[32m[1minfo     [0m] [1mDebug [LOGIC_ERROR]: produced fixed code (2515 chars)[0m [36mreq[0m=[35m3970cf07[0m
[2m11:43:56[0m [[32m[1minfo     [0m] [1mSession start: iteration=7/10, pip=2, apt=1[0m [36mreq[0m=[35m3970cf07[0m
[2m11:43:56[0m [[32m[1minfo     [0m] [1mSession container created: 42eff1cc9687 [0m [36mreq[0m=[35m3970cf07[0m
[2m11:43:56[0m [[32m[1minfo     [0m] [1mInstalling system packages: libpq-dev   [0m [36mreq[0m=[35m3970cf07[0m
[2m11:43:57[0m [[32m[1minfo     [0m] [1mGetting challenge status: id=8bff98fd-9f4a-489d-925d-bd345398cec2[0m [36mreq[0m=[35m74856f52[0m
[2m11:43:57[0m [[32m[1minfo     [0m] [1mrequest_finished                        [0m [36mduration[0m=[35m0.01[0m [36mmethod[0m=[35mGET[0m [36mpath[0m=[35m/api/v1/challenges/8bff98fd-9f4a-489d-925d-bd345398cec2[0m [36mreq[0m=[35m74856f52[0m [36mrequest_id[0m=[35m74856f52-8114-4dbd-9c3a-03de5c06cf2a[0m [36mstatus[0m=[35m200[0m
[2m11:44:01[0m [[32m[1minfo     [0m] [1mSystem packages installed successfully: libpq-dev[0m [36mreq[0m=[35m3970cf07[0m
[2m11:44:01[0m [[32m[1minfo     [0m] [1mInstalling pip packages: "pandas" "jinja2"[0m [36mreq[0m=[35m3970cf07[0m
[2m11:44:07[0m [[32m[1minfo     [0m] [1mGetting challenge status: id=8bff98fd-9f4a-489d-925d-bd345398cec2[0m [36mreq[0m=[35m6e8a7133[0m
[2m11:44:07[0m [[32m[1minfo     [0m] [1mrequest_finished                        [0m [36mduration[0m=[35m0.012[0m [36mmethod[0m=[35mGET[0m [36mpath[0m=[35m/api/v1/challenges/8bff98fd-9f4a-489d-925d-bd345398cec2[0m [36mreq[0m=[35m6e8a7133[0m [36mrequest_id[0m=[35m6e8a7133-8ed8-46d6-b454-ca12d65d5394[0m [36mstatus[0m=[35m200[0m
[2m11:44:07[0m [[32m[1minfo     [0m] [1mPip packages installed successfully     [0m [36mreq[0m=[35m3970cf07[0m
[2m11:44:07[0m [[32m[1minfo     [0m] [1mImplementation iteration 7/10           [0m [36mreq[0m=[35m3970cf07[0m
[2m11:44:07[0m [[32m[1minfo     [0m] [1mProaktiv erkannte neue Packages: ['sqlalchemy'][0m [36mreq[0m=[35m3970cf07[0m
[2m11:44:12[0m [[32m[1minfo     [0m] [1mSession start: iteration=8/10, pip=3, apt=1[0m [36mreq[0m=[35m3970cf07[0m
[2m11:44:13[0m [[32m[1minfo     [0m] [1mSession container created: 822f5817f94a [0m [36mreq[0m=[35m3970cf07[0m
[2m11:44:13[0m [[32m[1minfo     [0m] [1mInstalling system packages: libpq-dev   [0m [36mreq[0m=[35m3970cf07[0m
[2m11:44:17[0m [[32m[1minfo     [0m] [1mGetting challenge status: id=8bff98fd-9f4a-489d-925d-bd345398cec2[0m [36mreq[0m=[35m298b4ac9[0m
[2m11:44:17[0m [[32m[1minfo     [0m] [1mrequest_finished                        [0m [36mduration[0m=[35m0.006[0m [36mmethod[0m=[35mGET[0m [36mpath[0m=[35m/api/v1/challenges/8bff98fd-9f4a-489d-925d-bd345398cec2[0m [36mreq[0m=[35m298b4ac9[0m [36mrequest_id[0m=[35m298b4ac9-3125-4e68-84e6-3edc04dc03aa[0m [36mstatus[0m=[35m200[0m
[2m11:44:17[0m [[32m[1minfo     [0m] [1mSystem packages installed successfully: libpq-dev[0m [36mreq[0m=[35m3970cf07[0m
[2m11:44:17[0m [[32m[1minfo     [0m] [1mInstalling pip packages: "pandas" "jinja2" "sqlalchemy"[0m [36mreq[0m=[35m3970cf07[0m
[2m11:44:24[0m [[32m[1minfo     [0m] [1mPip packages installed successfully     [0m [36mreq[0m=[35m3970cf07[0m
[2m11:44:24[0m [[32m[1minfo     [0m] [1mImplementation iteration 8/10           [0m [36mreq[0m=[35m3970cf07[0m
[2m11:44:25[0m [[33m[1mwarning  [0m] [1mCode execution failed (exit=1): Testing with input: {'db_url': 'postgresql://lumari:lumari_dev@lumari-postgres:5432/lumari', 'project_name': 'Neubau Wohnanlage Bergstrasse 12'}
Result: {'success': False, 'error': "Execution failed: No module named 'pg8000'"}
TEST FAILED: Execution failed: No module named 'pg8000'
[0m [36mreq[0m=[35m3970cf07[0m
[2m11:44:25[0m [[32m[1minfo     [0m] [1mRecorded build attempt: capability=generate a progress overview report for the specified construction project, success=False, error_type=ErrorType.RUNTIME_ERROR[0m [36mreq[0m=[35m3970cf07[0m
[2m11:44:25[0m [[33m[1mwarning  [0m] [1mApproach-Switch: sqlalchemy scheitert wiederholt[0m [36mreq[0m=[35m3970cf07[0m
[2m11:44:27[0m [[32m[1minfo     [0m] [1mGetting challenge status: id=8bff98fd-9f4a-489d-925d-bd345398cec2[0m [36mreq[0m=[35mdb1d6f2a[0m
[2m11:44:27[0m [[32m[1minfo     [0m] [1mrequest_finished                        [0m [36mduration[0m=[35m0.004[0m [36mmethod[0m=[35mGET[0m [36mpath[0m=[35m/api/v1/challenges/8bff98fd-9f4a-489d-925d-bd345398cec2[0m [36mreq[0m=[35mdb1d6f2a[0m [36mrequest_id[0m=[35mdb1d6f2a-568e-4728-88a7-8457d0c8ee76[0m [36mstatus[0m=[35m200[0m
[2m11:44:27[0m [[32m[1minfo     [0m] [1mDebug [LOGIC_ERROR]: produced fixed code (2538 chars)[0m [36mreq[0m=[35m3970cf07[0m
[2m11:44:32[0m [[32m[1minfo     [0m] [1mSession start: iteration=9/10, pip=2, apt=1[0m [36mreq[0m=[35m3970cf07[0m
[2m11:44:33[0m [[32m[1minfo     [0m] [1mSession container created: ad174276c5c9 [0m [36mreq[0m=[35m3970cf07[0m
[2m11:44:33[0m [[32m[1minfo     [0m] [1mInstalling system packages: libpq-dev   [0m [36mreq[0m=[35m3970cf07[0m
[2m11:44:37[0m [[32m[1minfo     [0m] [1mGetting challenge status: id=8bff98fd-9f4a-489d-925d-bd345398cec2[0m [36mreq[0m=[35m1ed1000b[0m
[2m11:44:37[0m [[32m[1minfo     [0m] [1mrequest_finished                        [0m [36mduration[0m=[35m0.009[0m [36mmethod[0m=[35mGET[0m [36mpath[0m=[35m/api/v1/challenges/8bff98fd-9f4a-489d-925d-bd345398cec2[0m [36mreq[0m=[35m1ed1000b[0m [36mrequest_id[0m=[35m1ed1000b-1c68-41b7-a015-ff3b61b78673[0m [36mstatus[0m=[35m200[0m
[2m11:44:37[0m [[32m[1minfo     [0m] [1mSystem packages installed successfully: libpq-dev[0m [36mreq[0m=[35m3970cf07[0m
[2m11:44:37[0m [[32m[1minfo     [0m] [1mInstalling pip packages: "pandas" "jinja2"[0m [36mreq[0m=[35m3970cf07[0m
[2m11:44:43[0m [[32m[1minfo     [0m] [1mPip packages installed successfully     [0m [36mreq[0m=[35m3970cf07[0m
[2m11:44:43[0m [[32m[1minfo     [0m] [1mImplementation iteration 9/10           [0m [36mreq[0m=[35m3970cf07[0m
[2m11:44:43[0m [[32m[1minfo     [0m] [1mProaktiv erkannte neue Packages: ['sqlalchemy'][0m [36mreq[0m=[35m3970cf07[0m
[2m11:44:47[0m [[32m[1minfo     [0m] [1mGetting challenge status: id=8bff98fd-9f4a-489d-925d-bd345398cec2[0m [36mreq[0m=[35m039d11a8[0m
[2m11:44:47[0m [[32m[1minfo     [0m] [1mrequest_finished                        [0m [36mduration[0m=[35m0.005[0m [36mmethod[0m=[35mGET[0m [36mpath[0m=[35m/api/v1/challenges/8bff98fd-9f4a-489d-925d-bd345398cec2[0m [36mreq[0m=[35m039d11a8[0m [36mrequest_id[0m=[35m039d11a8-bdbd-442b-bfc2-3d0986361878[0m [36mstatus[0m=[35m200[0m
[2m11:44:48[0m [[32m[1minfo     [0m] [1mSession start: iteration=10/10, pip=3, apt=1[0m [36mreq[0m=[35m3970cf07[0m
[2m11:44:49[0m [[32m[1minfo     [0m] [1mSession container created: dd891ba4dd32 [0m [36mreq[0m=[35m3970cf07[0m
[2m11:44:49[0m [[32m[1minfo     [0m] [1mInstalling system packages: libpq-dev   [0m [36mreq[0m=[35m3970cf07[0m
[2m11:44:53[0m [[32m[1minfo     [0m] [1mSystem packages installed successfully: libpq-dev[0m [36mreq[0m=[35m3970cf07[0m
[2m11:44:53[0m [[32m[1minfo     [0m] [1mInstalling pip packages: "pandas" "jinja2" "sqlalchemy"[0m [36mreq[0m=[35m3970cf07[0m
[2m11:44:57[0m [[32m[1minfo     [0m] [1mGetting challenge status: id=8bff98fd-9f4a-489d-925d-bd345398cec2[0m [36mreq[0m=[35md18e8844[0m
[2m11:44:57[0m [[32m[1minfo     [0m] [1mrequest_finished                        [0m [36mduration[0m=[35m0.005[0m [36mmethod[0m=[35mGET[0m [36mpath[0m=[35m/api/v1/challenges/8bff98fd-9f4a-489d-925d-bd345398cec2[0m [36mreq[0m=[35md18e8844[0m [36mrequest_id[0m=[35md18e8844-8206-4366-992a-4859a6984447[0m [36mstatus[0m=[35m200[0m
[2m11:45:00[0m [[32m[1minfo     [0m] [1mPip packages installed successfully     [0m [36mreq[0m=[35m3970cf07[0m
[2m11:45:00[0m [[32m[1minfo     [0m] [1mImplementation iteration 10/10          [0m [36mreq[0m=[35m3970cf07[0m
[2m11:45:01[0m [[33m[1mwarning  [0m] [1mCode execution failed (exit=1): Testing with input: {'db_url': 'postgresql://lumari:lumari_dev@lumari-postgres:5432/lumari', 'project_name': 'Neubau Wohnanlage Bergstrasse 12'}
Result: {'success': False, 'error': "Execution failed: No module named 'psycopg2'"}
TEST FAILED: Execution failed: No module named 'psycopg2'
[0m [36mreq[0m=[35m3970cf07[0m
[2m11:45:01[0m [[32m[1minfo     [0m] [1mRecorded build attempt: capability=generate a progress overview report for the specified construction project, success=False, error_type=ErrorType.RUNTIME_ERROR[0m [36mreq[0m=[35m3970cf07[0m
[2m11:45:01[0m [[33m[1mwarning  [0m] [1mApproach-Switch: sqlalchemy scheitert wiederholt[0m [36mreq[0m=[35m3970cf07[0m
[2m11:45:03[0m [[32m[1minfo     [0m] [1mDebug [LOGIC_ERROR]: produced fixed code (2530 chars)[0m [36mreq[0m=[35m3970cf07[0m
[2m11:45:07[0m [[32m[1minfo     [0m] [1mGetting challenge status: id=8bff98fd-9f4a-489d-925d-bd345398cec2[0m [36mreq[0m=[35m1ff04197[0m
[2m11:45:07[0m [[32m[1minfo     [0m] [1mrequest_finished                        [0m [36mduration[0m=[35m0.012[0m [36mmethod[0m=[35mGET[0m [36mpath[0m=[35m/api/v1/challenges/8bff98fd-9f4a-489d-925d-bd345398cec2[0m [36mreq[0m=[35m1ff04197[0m [36mrequest_id[0m=[35m1ff04197-c02b-4ce6-bdea-b3e9f1083255[0m [36mstatus[0m=[35m200[0m
[2m11:45:08[0m [[33m[1mwarning  [0m] [1mImplementation fehlgeschlagen nach 10 Iterationen[0m [36mreq[0m=[35m3970cf07[0m
[2m11:45:08[0m [[33m[1mwarning  [0m] [1mSkill Team failed: phase=TeamRole.IMPLEMENTER, reason=Implementation failed after max iterations[0m [36mreq[0m=[35m3970cf07[0m
[2m11:45:08[0m [[32m[1minfo     [0m] [1mRecorded build attempt: capability=generate a progress overview report for the specified construction project, success=False, error_type=ErrorType.RUNTIME_ERROR[0m [36mreq[0m=[35m3970cf07[0m
[2m11:45:08[0m [[33m[1mwarning  [0m] [1mGap build failed: ae5ed19e... - Implementation failed after max iterations[0m [36mreq[0m=[35m3970cf07[0m
[2m11:45:08[0m [[32m[1minfo     [0m] [1mAll gaps processed for plan c2753ccc... [0m [36mreq[0m=[35m3970cf07[0m
[2m11:45:08[0m [[32m[1minfo     [0m] [1mCompleted gap plan: c2753ccc..., status=partial, completed=2, failed=1[0m [36mreq[0m=[35m3970cf07[0m
[2m11:45:08[0m [[32m[1minfo     [0m] [1mGap plan execution finished: c2753ccc..., completed=2, failed=1, artifacts=2[0m [36mreq[0m=[35m3970cf07[0m
[2m11:45:08[0m [[32m[1minfo     [0m] [1mVerifying gap closure after cycle 1, built 2 capabilities[0m [36mreq[0m=[35m3970cf07[0m
[2m11:45:08[0m [[32m[1minfo     [0m] [1mGap CLOSED: 'calculate progress percentages, total hours, and report counts per trade' by skill/82d5cacc...[0m [36mreq[0m=[35m3970cf07[0m
[2m11:45:08[0m [[32m[1minfo     [0m] [1mGap CLOSED: 'analyze project data to identify the trade with the highest delay risk' by prompt/a19d318c...[0m [36mreq[0m=[35m3970cf07[0m
[2m11:45:08[0m [[32m[1minfo     [0m] [1mGap OPEN: 'generate a progress overview report for the specified construction project'[0m [36mreq[0m=[35m3970cf07[0m
[2m11:45:08[0m [[32m[1minfo     [0m] [1mPlan verification complete: c2753ccc..., closed=2/3, all_closed=False[0m [36mreq[0m=[35m3970cf07[0m
[2m11:45:08[0m [[32m[1minfo     [0m] [1mVerification result: closed=2/3, all_closed=False[0m [36mreq[0m=[35m3970cf07[0m
[2m11:45:08[0m [[32m[1minfo     [0m] [1mCreated gap plan: id=9e9e075b..., challenge=8bff98fd..., gaps=1, cycle=2[0m [36mreq[0m=[35m3970cf07[0m
[2m11:45:08[0m [[32m[1minfo     [0m] [1mCreated new cycle 2 with 1 REMAINING gaps (not new ones!) for challenge 8bff98fd...[0m [36mreq[0m=[35m3970cf07[0m
[2m11:45:08[0m [[32m[1minfo     [0m] [1mCapability building partial: 8bff98fd-9f4a-489d-925d-bd345398cec2, built=2[0m [36mreq[0m=[35m3970cf07[0m
[2m11:45:17[0m [[32m[1minfo     [0m] [1mGetting challenge status: id=8bff98fd-9f4a-489d-925d-bd345398cec2[0m [36mreq[0m=[35m36f514e3[0m
[2m11:45:17[0m [[32m[1minfo     [0m] [1mrequest_finished                        [0m [36mduration[0m=[35m0.043[0m [36mmethod[0m=[35mGET[0m [36mpath[0m=[35m/api/v1/challenges/8bff98fd-9f4a-489d-925d-bd345398cec2[0m [36mreq[0m=[35m36f514e3[0m [36mrequest_id[0m=[35m36f514e3-d46b-49f0-a4cf-92c42596d3ec[0m [36mstatus[0m=[35m200[0m
[2m11:45:17[0m [[32m[1minfo     [0m] [1mExecuting challenge: id=8bff98fd-9f4a-489d-925d-bd345398cec2[0m [36mreq[0m=[35m4f528690[0m
[2m11:45:17[0m [[32m[1minfo     [0m] [1mrequest_finished                        [0m [36mduration[0m=[35m0.043[0m [36mmethod[0m=[35mPOST[0m [36mpath[0m=[35m/api/v1/challenges/8bff98fd-9f4a-489d-925d-bd345398cec2/execute[0m [36mreq[0m=[35m4f528690[0m [36mrequest_id[0m=[35m4f528690-497a-407d-ba2b-234bb7a8ea0f[0m [36mstatus[0m=[35m200[0m
[2m11:45:17[0m [[32m[1minfo     [0m] [1mStarting background execution: challenge_id=8bff98fd-9f4a-489d-925d-bd345398cec2[0m [36mreq[0m=[35m4f528690[0m
/Users/patrick/Documents/Uni/master_project/backend/app/api/v1/endpoints/challenges.py:1255: UserWarning: Qdrant client version 1.16.1 is incompatible with server version 1.18.0. Major versions should match and minor version difference must not exceed 1. Set check_compatibility=False to skip version check.
  qdrant_client = QdrantClient(url="http://localhost:6333", timeout=5)
[2m11:45:18[0m [[32m[1minfo     [0m] [1mLoading topology from database...       [0m [36mreq[0m=[35m4f528690[0m
[2m11:45:18[0m [[32m[1minfo     [0m] [1mMapped 8 skill entries to 8 capabilities[0m [36mreq[0m=[35m4f528690[0m
[2m11:45:18[0m [[32m[1minfo     [0m] [1mTopology validated: 11 agents in 5 waves[0m [36mreq[0m=[35m4f528690[0m
[2m11:45:18[0m [[32m[1minfo     [0m] [1mLoaded 8 skills for topology            [0m [36mreq[0m=[35m4f528690[0m
[2m11:45:18[0m [[32m[1minfo     [0m] [1mTopology loaded: 11 agents, 5 waves     [0m [36mreq[0m=[35m4f528690[0m
/Users/patrick/Documents/Uni/master_project/backend/app/orchestration/orchestrators/hybrid_orchestrator.py:129: UserWarning: Qdrant client version 1.16.1 is incompatible with server version 1.18.0. Major versions should match and minor version difference must not exceed 1. Set check_compatibility=False to skip version check.
  qdrant_client = QdrantClient(url="http://localhost:6333", timeout=5)
[2m11:45:18[0m [[32m[1minfo     [0m] [1mShared memory initialized with Qdrant   [0m [36mreq[0m=[35m4f528690[0m
[2m11:45:18[0m [[32m[1minfo     [0m] [1mHybridOrchestrator initialized          [0m [36mreq[0m=[35m4f528690[0m
[2m11:45:18[0m [[32m[1minfo     [0m] [1mStarting execution: 91f659c8-e24c-4e72-971b-cdf448fa26a6[0m [36mreq[0m=[35m4f528690[0m
[2m11:45:22[0m [[32m[1minfo     [0m] [1mTeamAssembler meldet Gaps: 1 fehlende Capabilities[0m [36mreq[0m=[35m4f528690[0m
/Users/patrick/Documents/Uni/master_project/backend/app/orchestration/intervention/orchestrator.py:629: UserWarning: Qdrant client version 1.16.1 is incompatible with server version 1.18.0. Major versions should match and minor version difference must not exceed 1. Set check_compatibility=False to skip version check.
  qdrant_client = QdrantClient(url=qdrant_url)
[2m11:45:22[0m [[32m[1minfo     [0m] [1mLoading topology from database...       [0m [36mreq[0m=[35m4f528690[0m
[2m11:45:22[0m [[32m[1minfo     [0m] [1mMapped 8 skill entries to 8 capabilities[0m [36mreq[0m=[35m4f528690[0m
[2m11:45:22[0m [[32m[1minfo     [0m] [1mTopology validated: 11 agents in 5 waves[0m [36mreq[0m=[35m4f528690[0m
[2m11:45:22[0m [[32m[1minfo     [0m] [1mLoaded 8 skills for topology            [0m [36mreq[0m=[35m4f528690[0m
[2m11:45:22[0m [[32m[1minfo     [0m] [1mTopology loaded: 11 agents, 5 waves     [0m [36mreq[0m=[35m4f528690[0m
[2m11:45:22[0m [[32m[1minfo     [0m] [1mRuntimeAgentRegistry initialized with max_concurrent=5[0m [36mreq[0m=[35m4f528690[0m
[2m11:45:22[0m [[32m[1minfo     [0m] [1mbuild_on_demand: building skill for 'Direkter SQL-Datenbank-Konnektor (die verfügbaren Agenten nutzen generische Skills, die eine Abstraktion der Datenbankverbindung voraussetzen)'[0m [36mreq[0m=[35m4f528690[0m
[2m11:45:22[0m [[32m[1minfo     [0m] [1mStarting team-based skill development for: Direkter SQL-Datenbank-Konnektor (die verfügbaren Agenten nutzen generische Skills, die eine Abstraktion der Datenbankverbindung voraussetzen)[0m [36mreq[0m=[35m4f528690[0m
[2m11:45:22[0m [[32m[1minfo     [0m] [1mResearching capability: Direkter SQL-Datenbank-Konnektor (die verfügbaren Agenten nutzen generische Skills, die eine Abstraktion der Datenbankverbindung voraussetzen)[0m [36mreq[0m=[35m4f528690[0m
[2m11:45:22[0m [[32m[1minfo     [0m] [1mresponse: https://en.wikipedia.org/w/api.php?action=opensearch&profile=fuzzy&limit=1&search=python%20Direkter%20SQL-Datenbank-Konnektor%20%28die%20verf%C3%BCgbaren%20Agenten%20nutzen%20generische%20Skills%2C%20die%20eine%20Abstraktion%20der%20Datenbankverbindung%20voraussetzen%29%20implementation%20example%20code 200[0m
[2m11:45:22[0m [[32m[1minfo     [0m] [1mresponse: https://grokipedia.com/api/typeahead?query=python+Direkter+SQL-Datenbank-Konnektor+%28die+verf%C3%BCgbaren+Agenten+nutzen+generische+Skills%2C+die+eine+Abstraktion+der+Datenbankverbindung+voraussetzen%29+implementation+example+code&limit=1 200[0m
[2m11:45:23[0m [[32m[1minfo     [0m] [1mresponse: https://www.mojeek.com/search?q=python+Direkter+SQL-Datenbank-Konnektor+%28die+verf%C3%BCgbaren+Agenten+nutzen+generische+Skills%2C+die+eine+Abstraktion+der+Datenbankverbindung+voraussetzen%29+implementation+example+code 200[0m
[2m11:45:23[0m [[32m[1minfo     [0m] [1mresponse: https://html.duckduckgo.com/html/ 202[0m
[2m11:45:24[0m [[32m[1minfo     [0m] [1mresponse: https://yandex.com/search/site/?text=python+Direkter+SQL-Datenbank-Konnektor+%28die+verf%C3%BCgbaren+Agenten+nutzen+generische+Skills%2C+die+eine+Abstraktion+der+Datenbankverbindung+voraussetzen%29+implementation+example+code&web=1&searchid=2754181 200[0m
[2m11:45:24[0m [[32m[1minfo     [0m] [1mWeb search for 'python Direkter SQL-Datenbank-Konnektor (die verfügbaren Age' returned 5 results[0m [36mreq[0m=[35m4f528690[0m
[2m11:45:28[0m [[32m[1minfo     [0m] [1mGetting challenge status: id=8bff98fd-9f4a-489d-925d-bd345398cec2[0m [36mreq[0m=[35mb357b6ec[0m
[2m11:45:28[0m [[32m[1minfo     [0m] [1mrequest_finished                        [0m [36mduration[0m=[35m0.008[0m [36mmethod[0m=[35mGET[0m [36mpath[0m=[35m/api/v1/challenges/8bff98fd-9f4a-489d-925d-bd345398cec2[0m [36mreq[0m=[35mb357b6ec[0m [36mrequest_id[0m=[35mb357b6ec-e5b7-4be6-abf5-4cbc5f28e52f[0m [36mstatus[0m=[35m200[0m
[2m11:45:29[0m [[32m[1minfo     [0m] [1mSummarized 6 sources into 3152 chars    [0m [36mreq[0m=[35m4f528690[0m
[2m11:45:29[0m [[32m[1minfo     [0m] [1mResearch complete for Direkter SQL-Datenbank-Konnektor (die verfügbaren Agenten nutzen generische Skills, die eine Abstraktion der Datenbankverbindung voraussetzen): pip=['psycopg2-binary'], examples=1[0m [36mreq[0m=[35m4f528690[0m
[2m11:45:29[0m [[32m[1minfo     [0m] [1mResearch complete: 1 packages found     [0m [36mreq[0m=[35m4f528690[0m
[2m11:45:32[0m [[32m[1minfo     [0m] [1mArchitecture complete: 1 test cases defined[0m [36mreq[0m=[35m4f528690[0m
[2m11:45:32[0m [[32m[1minfo     [0m] [1mSession start: iteration=1/10, pip=1, apt=0[0m [36mreq[0m=[35m4f528690[0m
[2m11:45:32[0m [[32m[1minfo     [0m] [1mDocker client connected successfully    [0m [36mreq[0m=[35m4f528690[0m
[2m11:45:33[0m [[32m[1minfo     [0m] [1mSession container created: 82316029c682 [0m [36mreq[0m=[35m4f528690[0m
[2m11:45:33[0m [[32m[1minfo     [0m] [1mInstalling pip packages: "psycopg2-binary"[0m [36mreq[0m=[35m4f528690[0m
[2m11:45:34[0m [[32m[1minfo     [0m] [1mPip packages installed successfully     [0m [36mreq[0m=[35m4f528690[0m
[2m11:45:34[0m [[32m[1minfo     [0m] [1mImplementation iteration 1/10           [0m [36mreq[0m=[35m4f528690[0m
[2m11:45:36[0m [[32m[1minfo     [0m] [1mProaktiv erkannte neue Packages: ['sqlalchemy'][0m [36mreq[0m=[35m4f528690[0m
[2m11:45:38[0m [[32m[1minfo     [0m] [1mGetting challenge status: id=8bff98fd-9f4a-489d-925d-bd345398cec2[0m [36mreq[0m=[35m0f61747f[0m
[2m11:45:38[0m [[32m[1minfo     [0m] [1mrequest_finished                        [0m [36mduration[0m=[35m0.007[0m [36mmethod[0m=[35mGET[0m [36mpath[0m=[35m/api/v1/challenges/8bff98fd-9f4a-489d-925d-bd345398cec2[0m [36mreq[0m=[35m0f61747f[0m [36mrequest_id[0m=[35m0f61747f-6560-460e-89d2-0dbd6040f9b9[0m [36mstatus[0m=[35m200[0m
[2m11:45:41[0m [[32m[1minfo     [0m] [1mSession start: iteration=2/10, pip=2, apt=0[0m [36mreq[0m=[35m4f528690[0m
[2m11:45:42[0m [[32m[1minfo     [0m] [1mSession container created: 4d2fd9442c8e [0m [36mreq[0m=[35m4f528690[0m
[2m11:45:42[0m [[32m[1minfo     [0m] [1mInstalling pip packages: "psycopg2-binary" "sqlalchemy"[0m [36mreq[0m=[35m4f528690[0m
[2m11:45:44[0m [[32m[1minfo     [0m] [1mPip packages installed successfully     [0m [36mreq[0m=[35m4f528690[0m
[2m11:45:44[0m [[32m[1minfo     [0m] [1mImplementation iteration 2/10           [0m [36mreq[0m=[35m4f528690[0m
[2m11:45:45[0m [[32m[1minfo     [0m] [1mImplementation erfolgreich nach 2 Iterationen[0m [36mreq[0m=[35m4f528690[0m
[2m11:45:48[0m [[32m[1minfo     [0m] [1mGetting challenge status: id=8bff98fd-9f4a-489d-925d-bd345398cec2[0m [36mreq[0m=[35me4fa989c[0m
[2m11:45:48[0m [[32m[1minfo     [0m] [1mrequest_finished                        [0m [36mduration[0m=[35m0.007[0m [36mmethod[0m=[35mGET[0m [36mpath[0m=[35m/api/v1/challenges/8bff98fd-9f4a-489d-925d-bd345398cec2[0m [36mreq[0m=[35me4fa989c[0m [36mrequest_id[0m=[35me4fa989c-f133-426d-8278-d70ca372f62c[0m [36mstatus[0m=[35m200[0m
[2m11:45:50[0m [[32m[1minfo     [0m] [1mReview iteration 1/2                    [0m [36mreq[0m=[35m4f528690[0m
[2m11:45:52[0m [[32m[1minfo     [0m] [1mStarting sandbox execution: pip=['psycopg2-binary', 'sqlalchemy'], apt=[], input_files=[][0m [36mreq[0m=[35m4f528690[0m
[2m11:45:52[0m [[32m[1minfo     [0m] [1mInstalling pip packages: "psycopg2-binary" "sqlalchemy"[0m [36mreq[0m=[35m4f528690[0m
[2m11:45:55[0m [[32m[1minfo     [0m] [1mPip packages installed successfully     [0m [36mreq[0m=[35m4f528690[0m
[2m11:45:55[0m [[32m[1minfo     [0m] [1mSandbox execution complete: success=True, time=2952ms, cached=False[0m [36mreq[0m=[35m4f528690[0m
[2m11:45:58[0m [[32m[1minfo     [0m] [1mGetting challenge status: id=8bff98fd-9f4a-489d-925d-bd345398cec2[0m [36mreq[0m=[35m6d8f060c[0m
[2m11:45:58[0m [[32m[1minfo     [0m] [1mrequest_finished                        [0m [36mduration[0m=[35m0.007[0m [36mmethod[0m=[35mGET[0m [36mpath[0m=[35m/api/v1/challenges/8bff98fd-9f4a-489d-925d-bd345398cec2[0m [36mreq[0m=[35m6d8f060c[0m [36mrequest_id[0m=[35m6d8f060c-23fa-4d3a-a02a-d5a60d36aa81[0m [36mstatus[0m=[35m200[0m
[2m11:46:00[0m [[32m[1minfo     [0m] [1mCreated new skill: c11a23a3-433c-4504-8139-2d550b948d59[0m [36mreq[0m=[35m4f528690[0m
[2m11:46:00[0m [[32m[1minfo     [0m] [1mRecorded build attempt: capability=Direkter SQL-Datenbank-Konnektor (die verfügbaren Agenten nutzen generische Skills, die eine Abstraktion der Datenbankverbindung voraussetzen), success=True, error_type=None[0m [36mreq[0m=[35m4f528690[0m
[2m11:46:00[0m [[32m[1minfo     [0m] [1mSkill development complete: skill_direkter_sql_datenbank_konnektor_(die_verfügbaren_agenten_nutzen_generische_skills,_die_eine_abstraktion_der_datenbankverbindung_voraussetzen) in 38583ms[0m [36mreq[0m=[35m4f528690[0m
[2m11:46:00[0m [[32m[1minfo     [0m] [1mInjecting skill c11a23a3... with plan: target_agent=7eab52e8..., rationale=The context_retriever agent is responsible for gathering information from various data sources to inform other agents. A generic SQL connector is a fundamental tool for this agent to query structured data stores.[0m [36mreq[0m=[35m4f528690[0m
[2m11:46:00[0m [[32m[1minfo     [0m] [1mCreated skill binding: skill=c11a23a3... -> agent=7eab52e8...[0m [36mreq[0m=[35m4f528690[0m
[2m11:46:00[0m [[32m[1minfo     [0m] [1mLoading topology from database...       [0m [36mreq[0m=[35m4f528690[0m
[2m11:46:00[0m [[32m[1minfo     [0m] [1mMapped 9 skill entries to 8 capabilities[0m [36mreq[0m=[35m4f528690[0m
[2m11:46:00[0m [[32m[1minfo     [0m] [1mTopology validated: 11 agents in 5 waves[0m [36mreq[0m=[35m4f528690[0m
[2m11:46:00[0m [[32m[1minfo     [0m] [1mLoaded 9 skills for topology            [0m [36mreq[0m=[35m4f528690[0m
[2m11:46:00[0m [[32m[1minfo     [0m] [1mTopology loaded: 11 agents, 5 waves     [0m [36mreq[0m=[35m4f528690[0m
[2m11:46:00[0m [[32m[1minfo     [0m] [1mPlan-based injection complete: skill=c11a23a3... -> agent=context_retriever[0m [36mreq[0m=[35m4f528690[0m
[2m11:46:00[0m [[32m[1minfo     [0m] [1mbuild_on_demand: skill 'skill_direkter_sql_datenbank_konnektor_(die_verfügbaren_agenten_nutzen_generische_skills,_die_eine_abstraktion_der_datenbankverbindung_voraussetzen)' built and injected (inject_ok=True, msg=Skill injected and bound to agent 'context_retriever' via architect plan)[0m [36mreq[0m=[35m4f528690[0m
[2m11:46:04[0m [[33m[1mwarning  [0m] [1mTeam assembly: Gaps nach Gap-Build noch offen, Fallback[0m [36mreq[0m=[35m4f528690[0m
[2m11:46:04[0m [[32m[1minfo     [0m] [1mLoading topology from database...       [0m [36mreq[0m=[35m4f528690[0m
[2m11:46:04[0m [[32m[1minfo     [0m] [1mMapped 9 skill entries to 8 capabilities[0m [36mreq[0m=[35m4f528690[0m
[2m11:46:04[0m [[32m[1minfo     [0m] [1mTopology validated: 11 agents in 5 waves[0m [36mreq[0m=[35m4f528690[0m
[2m11:46:04[0m [[32m[1minfo     [0m] [1mLoaded 9 skills for topology            [0m [36mreq[0m=[35m4f528690[0m
[2m11:46:04[0m [[32m[1minfo     [0m] [1mTopology loaded: 11 agents, 5 waves     [0m [36mreq[0m=[35m4f528690[0m
[2m11:46:04[0m [[32m[1minfo     [0m] [1mDocker client connected successfully    [0m [36mreq[0m=[35m4f528690[0m
[2m11:46:04[0m [[32m[1minfo     [0m] [1mCreated DynamicSandbox executor (Docker-based, unrestricted)[0m [36mreq[0m=[35m4f528690[0m
[2m11:46:04[0m [[32m[1minfo     [0m] [1mLoading topology from database...       [0m [36mreq[0m=[35m4f528690[0m
[2m11:46:04[0m [[32m[1minfo     [0m] [1mMapped 9 skill entries to 8 capabilities[0m [36mreq[0m=[35m4f528690[0m
[2m11:46:04[0m [[32m[1minfo     [0m] [1mTopology validated: 11 agents in 5 waves[0m [36mreq[0m=[35m4f528690[0m
[2m11:46:04[0m [[32m[1minfo     [0m] [1mLoaded 9 skills for topology            [0m [36mreq[0m=[35m4f528690[0m
[2m11:46:04[0m [[32m[1minfo     [0m] [1mTopology loaded: 11 agents, 5 waves     [0m [36mreq[0m=[35m4f528690[0m
[2m11:46:04[0m [[32m[1minfo     [0m] [1mRuntimeAgentRegistry initialized with max_concurrent=5[0m [36mreq[0m=[35m4f528690[0m
[2m11:46:04[0m [[32m[1minfo     [0m] [1mExecuting wave 1/5: ['b2972519-389d-4c28-b232-f7fc483725f6', '89bbc5ee-1be6-41d6-93f1-a3e688122d9c', '73b1df33-d616-42b7-9681-a6b7053ec062', 'ba9c6211-ea51-445d-8046-24986542cf64'][0m [36mreq[0m=[35m4f528690[0m
[2m11:46:04[0m [[32m[1minfo     [0m] [1mSkipping dev-team agent 'product_owner' in execution wave[0m [36mreq[0m=[35m4f528690[0m
[2m11:46:04[0m [[32m[1minfo     [0m] [1mSkipping dev-team agent 'quality_judge' in execution wave[0m [36mreq[0m=[35m4f528690[0m
[2m11:46:04[0m [[32m[1minfo     [0m] [1mSkipping dev-team agent 'execution_analyzer' in execution wave[0m [36mreq[0m=[35m4f528690[0m
[2m11:46:04[0m [[32m[1minfo     [0m] [1mExecuting agent: transcript_analyzer (b2972519-389d-4c28-b232-f7fc483725f6)[0m [36mreq[0m=[35m4f528690[0m
[2m11:46:04[0m [[32m[1minfo     [0m] [1mshared_memory_metrics agent=transcript_analyzer facts_kept=5 facts_total=8 hypotheses=0 relations=0 approx_tokens=1238 query_chars=450[0m [36mreq[0m=[35m4f528690[0m
[2m11:46:05[0m [[32m[1minfo     [0m] [1mTool call 1/15: skill_direkter_sql_datenbank_konnektor_(die_verfügbaren_agenten_sind_auf_text/kontext_verarbeitung_spezialisiert,_die_datenbank_abfrage_muss_durch_einen_spezialisierten_db_agenten_oder_ein_tool_interface_innerhalb_des_context_retriever_erfolgen)[0m [36mreq[0m=[35m4f528690[0m
[2m11:46:05[0m [[32m[1minfo     [0m] [1mStarting sandbox execution: pip=['psycopg2-binary', 'sqlalchemy'], apt=[], input_files=[][0m [36mreq[0m=[35m4f528690[0m
[2m11:46:05[0m [[32m[1minfo     [0m] [1mFound cached image: lumari-sandbox:custom-95cd1c6e (usage=8)[0m [36mreq[0m=[35m4f528690[0m
[2m11:46:05[0m [[32m[1minfo     [0m] [1mUsing cached image: lumari-sandbox:custom-95cd1c6e[0m [36mreq[0m=[35m4f528690[0m
[2m11:46:06[0m [[33m[1mwarning  [0m] [1mCode execution failed (exit=1): Traceback (most recent call last):
  File "/workspace/script.py", line 70, in <module>
    _result = get_engine(_input)
              ^^^^^^^^^^^^^^^^^^
TypeError: unhashable type: 'dict'
[0m [36mreq[0m=[35m4f528690[0m
[2m11:46:06[0m [[32m[1minfo     [0m] [1mSandbox execution complete: success=False, time=605ms, cached=True[0m [36mreq[0m=[35m4f528690[0m
[2m11:46:08[0m [[32m[1minfo     [0m] [1mGetting challenge status: id=8bff98fd-9f4a-489d-925d-bd345398cec2[0m [36mreq[0m=[35m2406231f[0m
[2m11:46:08[0m [[32m[1minfo     [0m] [1mrequest_finished                        [0m [36mduration[0m=[35m0.008[0m [36mmethod[0m=[35mGET[0m [36mpath[0m=[35m/api/v1/challenges/8bff98fd-9f4a-489d-925d-bd345398cec2[0m [36mreq[0m=[35m2406231f[0m [36mrequest_id[0m=[35m2406231f-6019-4205-be2c-9f816671aef6[0m [36mstatus[0m=[35m200[0m
[2m11:46:12[0m [[32m[1minfo     [0m] [1mTool call 2/15: skill_execute_sql_queries_to_list_database_tables[0m [36mreq[0m=[35m4f528690[0m
[2m11:46:12[0m [[32m[1minfo     [0m] [1mStarting sandbox execution: pip=['psycopg2-binary', 'sqlalchemy'], apt=[], input_files=[][0m [36mreq[0m=[35m4f528690[0m
[2m11:46:12[0m [[32m[1minfo     [0m] [1mFound cached image: lumari-sandbox:custom-95cd1c6e (usage=9)[0m [36mreq[0m=[35m4f528690[0m
[2m11:46:12[0m [[32m[1minfo     [0m] [1mUsing cached image: lumari-sandbox:custom-95cd1c6e[0m [36mreq[0m=[35m4f528690[0m
[2m11:46:12[0m [[32m[1minfo     [0m] [1mSandbox execution complete: success=True, time=514ms, cached=True[0m [36mreq[0m=[35m4f528690[0m
[2m11:46:18[0m [[32m[1minfo     [0m] [1mGetting challenge status: id=8bff98fd-9f4a-489d-925d-bd345398cec2[0m [36mreq[0m=[35m75a42c07[0m
[2m11:46:18[0m [[32m[1minfo     [0m] [1mrequest_finished                        [0m [36mduration[0m=[35m0.026[0m [36mmethod[0m=[35mGET[0m [36mpath[0m=[35m/api/v1/challenges/8bff98fd-9f4a-489d-925d-bd345398cec2[0m [36mreq[0m=[35m75a42c07[0m [36mrequest_id[0m=[35m75a42c07-a987-4198-8596-c779939efd28[0m [36mstatus[0m=[35m200[0m
[2m11:46:20[0m [[32m[1minfo     [0m] [1mAgent transcript_analyzer returned final answer after 2 tool calls[0m [36mreq[0m=[35m4f528690[0m
[2m11:46:20[0m [[32m[1minfo     [0m] [1mAgent transcript_analyzer completed     [0m [36mreq[0m=[35m4f528690[0m
[2m11:46:20[0m [[32m[1minfo     [0m] [1mWave 1 agent 'transcript_analyzer' completed: success=True, skipped=False, result_len=899[0m [36mreq[0m=[35m4f528690[0m
[2m11:46:20[0m [[32m[1minfo     [0m] [1mExecuting wave 2/5: ['7eab52e8-a142-4154-a4a2-1cd6172eab46', '4842fd71-80d9-4aed-b00a-61c4a1d60407'][0m [36mreq[0m=[35m4f528690[0m
[2m11:46:20[0m [[32m[1minfo     [0m] [1mSkipping dev-team agent 'control_agent' in execution wave[0m [36mreq[0m=[35m4f528690[0m
[2m11:46:20[0m [[32m[1minfo     [0m] [1mExecuting agent: context_retriever (7eab52e8-a142-4154-a4a2-1cd6172eab46)[0m [36mreq[0m=[35m4f528690[0m
[2m11:46:21[0m [[32m[1minfo     [0m] [1mTool call 1/15: skill_execute_sql_queries_to_list_database_tables[0m [36mreq[0m=[35m4f528690[0m
[2m11:46:21[0m [[32m[1minfo     [0m] [1mStarting sandbox execution: pip=['psycopg2-binary', 'sqlalchemy'], apt=[], input_files=[][0m [36mreq[0m=[35m4f528690[0m
[2m11:46:21[0m [[32m[1minfo     [0m] [1mFound cached image: lumari-sandbox:custom-95cd1c6e (usage=10)[0m [36mreq[0m=[35m4f528690[0m
[2m11:46:21[0m [[32m[1minfo     [0m] [1mUsing cached image: lumari-sandbox:custom-95cd1c6e[0m [36mreq[0m=[35m4f528690[0m
[2m11:46:21[0m [[32m[1minfo     [0m] [1mSandbox execution complete: success=True, time=447ms, cached=True[0m [36mreq[0m=[35m4f528690[0m
[2m11:46:28[0m [[32m[1minfo     [0m] [1mGetting challenge status: id=8bff98fd-9f4a-489d-925d-bd345398cec2[0m [36mreq[0m=[35m193f7cef[0m
[2m11:46:28[0m [[32m[1minfo     [0m] [1mrequest_finished                        [0m [36mduration[0m=[35m0.008[0m [36mmethod[0m=[35mGET[0m [36mpath[0m=[35m/api/v1/challenges/8bff98fd-9f4a-489d-925d-bd345398cec2[0m [36mreq[0m=[35m193f7cef[0m [36mrequest_id[0m=[35m193f7cef-9e94-4fb5-bfbf-f15a83e26869[0m [36mstatus[0m=[35m200[0m
[2m11:46:28[0m [[32m[1minfo     [0m] [1mAgent context_retriever returned final answer after 1 tool calls[0m [36mreq[0m=[35m4f528690[0m
[2m11:46:29[0m [[32m[1minfo     [0m] [1mAgent context_retriever completed       [0m [36mreq[0m=[35m4f528690[0m
[2m11:46:29[0m [[32m[1minfo     [0m] [1mWave 2 agent 'context_retriever' completed: success=True, skipped=False, result_len=882[0m [36mreq[0m=[35m4f528690[0m
[2m11:46:29[0m [[32m[1minfo     [0m] [1mExecuting wave 3/5: ['bc9b7c24-be22-4edb-9f80-55721c052340', '03c7ecc0-d8de-4c8f-9638-19909c3d0cf4', 'e76607a6-a46b-4d58-8003-b849ea6d8785'][0m [36mreq[0m=[35m4f528690[0m
[2m11:46:29[0m [[32m[1minfo     [0m] [1mSkipping dev-team agent 'prompt_engineer' in execution wave[0m [36mreq[0m=[35m4f528690[0m
[2m11:46:29[0m [[32m[1minfo     [0m] [1mSkipping dev-team agent 'tool_builder' in execution wave[0m [36mreq[0m=[35m4f528690[0m
[2m11:46:29[0m [[32m[1minfo     [0m] [1mExecuting agent: report_generator (bc9b7c24-be22-4edb-9f80-55721c052340)[0m [36mreq[0m=[35m4f528690[0m
[2m11:46:31[0m [[32m[1minfo     [0m] [1mAgent report_generator returned final answer after 0 tool calls[0m [36mreq[0m=[35m4f528690[0m
[2m11:46:32[0m [[32m[1minfo     [0m] [1mAgent report_generator completed        [0m [36mreq[0m=[35m4f528690[0m
[2m11:46:32[0m [[32m[1minfo     [0m] [1mWave 3 agent 'report_generator' completed: success=True, skipped=False, result_len=1950[0m [36mreq[0m=[35m4f528690[0m
[2m11:46:32[0m [[32m[1minfo     [0m] [1mExecuting wave 4/5: ['b7cb497a-e30c-4e2d-8aaa-b1ec8e9bbf38'][0m [36mreq[0m=[35m4f528690[0m
[2m11:46:32[0m [[32m[1minfo     [0m] [1mExecuting agent: quality_validator (b7cb497a-e30c-4e2d-8aaa-b1ec8e9bbf38)[0m [36mreq[0m=[35m4f528690[0m
[2m11:46:33[0m [[32m[1minfo     [0m] [1mAgent quality_validator returned final answer after 0 tool calls[0m [36mreq[0m=[35m4f528690[0m
[2m11:46:33[0m [[32m[1minfo     [0m] [1mAgent quality_validator completed       [0m [36mreq[0m=[35m4f528690[0m
[2m11:46:33[0m [[32m[1minfo     [0m] [1mWave 4 agent 'quality_validator' completed: success=True, skipped=False, result_len=105[0m [36mreq[0m=[35m4f528690[0m
[2m11:46:33[0m [[32m[1minfo     [0m] [1mExecuting wave 5/5: ['4920a302-a1e9-4c8b-95f4-afd7adbda99a'][0m [36mreq[0m=[35m4f528690[0m
[2m11:46:33[0m [[32m[1minfo     [0m] [1mExecuting agent: report_finalizer (4920a302-a1e9-4c8b-95f4-afd7adbda99a)[0m [36mreq[0m=[35m4f528690[0m
[2m11:46:35[0m [[32m[1minfo     [0m] [1mAgent report_finalizer returned final answer after 0 tool calls[0m [36mreq[0m=[35m4f528690[0m
[2m11:46:36[0m [[32m[1minfo     [0m] [1mAgent report_finalizer completed        [0m [36mreq[0m=[35m4f528690[0m
[2m11:46:36[0m [[32m[1minfo     [0m] [1mWave 5 agent 'report_finalizer' completed: success=True, skipped=False, result_len=2269[0m [36mreq[0m=[35m4f528690[0m
[2m11:46:37[0m [[32m[1minfo     [0m] [1mVerification: score=0.10, action=escalate, round 1[0m [36mreq[0m=[35m4f528690[0m
[2m11:46:37[0m [[32m[1minfo     [0m] [1mEskalation: Gap-Building für ['Output ist rein theoretisch / beschreibend'][0m [36mreq[0m=[35m4f528690[0m
[2m11:46:37[0m [[32m[1minfo     [0m] [1mLoading topology from database...       [0m [36mreq[0m=[35m4f528690[0m
[2m11:46:37[0m [[32m[1minfo     [0m] [1mMapped 9 skill entries to 8 capabilities[0m [36mreq[0m=[35m4f528690[0m
[2m11:46:37[0m [[32m[1minfo     [0m] [1mTopology validated: 11 agents in 5 waves[0m [36mreq[0m=[35m4f528690[0m
[2m11:46:37[0m [[32m[1minfo     [0m] [1mLoaded 9 skills for topology            [0m [36mreq[0m=[35m4f528690[0m
[2m11:46:37[0m [[32m[1minfo     [0m] [1mTopology loaded: 11 agents, 5 waves     [0m [36mreq[0m=[35m4f528690[0m
[2m11:46:37[0m [[32m[1minfo     [0m] [1mRuntimeAgentRegistry initialized with max_concurrent=5[0m [36mreq[0m=[35m4f528690[0m
[2m11:46:37[0m [[32m[1minfo     [0m] [1mbuild_on_demand: building skill for 'Output ist rein theoretisch / beschreibend'[0m [36mreq[0m=[35m4f528690[0m
[2m11:46:37[0m [[32m[1minfo     [0m] [1mStarting team-based skill development for: Output ist rein theoretisch / beschreibend[0m [36mreq[0m=[35m4f528690[0m
[2m11:46:37[0m [[32m[1minfo     [0m] [1mResearching capability: Output ist rein theoretisch / beschreibend[0m [36mreq[0m=[35m4f528690[0m
[2m11:46:37[0m [[32m[1minfo     [0m] [1mUsing cached research for: Output ist rein theoretisch / beschreibend[0m [36mreq[0m=[35m4f528690[0m
[2m11:46:37[0m [[32m[1minfo     [0m] [1mResearch complete: 0 packages found     [0m [36mreq[0m=[35m4f528690[0m
[2m11:46:38[0m [[32m[1minfo     [0m] [1mGetting challenge status: id=8bff98fd-9f4a-489d-925d-bd345398cec2[0m [36mreq[0m=[35m9dad2e72[0m
[2m11:46:38[0m [[32m[1minfo     [0m] [1mrequest_finished                        [0m [36mduration[0m=[35m0.008[0m [36mmethod[0m=[35mGET[0m [36mpath[0m=[35m/api/v1/challenges/8bff98fd-9f4a-489d-925d-bd345398cec2[0m [36mreq[0m=[35m9dad2e72[0m [36mrequest_id[0m=[35m9dad2e72-e2ca-4aae-9ced-96328c5fa86b[0m [36mstatus[0m=[35m200[0m
[2m11:46:40[0m [[32m[1minfo     [0m] [1mArchitecture complete: 2 test cases defined[0m [36mreq[0m=[35m4f528690[0m
[2m11:46:40[0m [[32m[1minfo     [0m] [1mSession start: iteration=1/10, pip=0, apt=0[0m [36mreq[0m=[35m4f528690[0m
[2m11:46:40[0m [[32m[1minfo     [0m] [1mDocker client connected successfully    [0m [36mreq[0m=[35m4f528690[0m
[2m11:46:40[0m [[32m[1minfo     [0m] [1mSession container created: 86e1494f8237 [0m [36mreq[0m=[35m4f528690[0m
[2m11:46:40[0m [[32m[1minfo     [0m] [1mImplementation iteration 1/10           [0m [36mreq[0m=[35m4f528690[0m
[2m11:46:42[0m [[32m[1minfo     [0m] [1mImplementation erfolgreich nach 1 Iterationen[0m [36mreq[0m=[35m4f528690[0m
[2m11:46:47[0m [[32m[1minfo     [0m] [1mReview iteration 1/2                    [0m [36mreq[0m=[35m4f528690[0m
[2m11:46:48[0m [[32m[1minfo     [0m] [1mGetting challenge status: id=8bff98fd-9f4a-489d-925d-bd345398cec2[0m [36mreq[0m=[35ma1fbe395[0m
[2m11:46:48[0m [[32m[1minfo     [0m] [1mrequest_finished                        [0m [36mduration[0m=[35m0.009[0m [36mmethod[0m=[35mGET[0m [36mpath[0m=[35m/api/v1/challenges/8bff98fd-9f4a-489d-925d-bd345398cec2[0m [36mreq[0m=[35ma1fbe395[0m [36mrequest_id[0m=[35ma1fbe395-2ffb-4f63-87a2-135890eb3a0b[0m [36mstatus[0m=[35m200[0m
[2m11:46:51[0m [[32m[1minfo     [0m] [1mStarting sandbox execution: pip=[], apt=[], input_files=[][0m [36mreq[0m=[35m4f528690[0m
[2m11:46:52[0m [[32m[1minfo     [0m] [1mSandbox execution complete: success=True, time=417ms, cached=False[0m [36mreq[0m=[35m4f528690[0m
[2m11:46:57[0m [[32m[1minfo     [0m] [1mReview iteration 2/2                    [0m [36mreq[0m=[35m4f528690[0m
[2m11:46:58[0m [[32m[1minfo     [0m] [1mGetting challenge status: id=8bff98fd-9f4a-489d-925d-bd345398cec2[0m [36mreq[0m=[35m58467d9b[0m
[2m11:46:58[0m [[32m[1minfo     [0m] [1mrequest_finished                        [0m [36mduration[0m=[35m0.006[0m [36mmethod[0m=[35mGET[0m [36mpath[0m=[35m/api/v1/challenges/8bff98fd-9f4a-489d-925d-bd345398cec2[0m [36mreq[0m=[35m58467d9b[0m [36mrequest_id[0m=[35m58467d9b-20b6-4124-a117-0be0f0fdf45e[0m [36mstatus[0m=[35m200[0m
[2m11:46:59[0m [[32m[1minfo     [0m] [1mStarting sandbox execution: pip=[], apt=[], input_files=[][0m [36mreq[0m=[35m4f528690[0m
[2m11:46:59[0m [[32m[1minfo     [0m] [1mSandbox execution complete: success=True, time=435ms, cached=False[0m [36mreq[0m=[35m4f528690[0m
[2m11:47:04[0m [[32m[1minfo     [0m] [1mStarting sandbox execution: pip=[], apt=[], input_files=[][0m [36mreq[0m=[35m4f528690[0m
[2m11:47:05[0m [[33m[1mwarning  [0m] [1mCode execution failed (exit=1):   File "/workspace/script.py", line 77
    for key in ["success", "result"]:
    ^^^
SyntaxError: expected 'except' or 'finally' block
[0m [36mreq[0m=[35m4f528690[0m
[2m11:47:05[0m [[32m[1minfo     [0m] [1mSandbox execution complete: success=False, time=473ms, cached=False[0m [36mreq[0m=[35m4f528690[0m
[2m11:47:08[0m [[32m[1minfo     [0m] [1mGetting challenge status: id=8bff98fd-9f4a-489d-925d-bd345398cec2[0m [36mreq[0m=[35mca1f92bf[0m
[2m11:47:08[0m [[32m[1minfo     [0m] [1mrequest_finished                        [0m [36mduration[0m=[35m0.009[0m [36mmethod[0m=[35mGET[0m [36mpath[0m=[35m/api/v1/challenges/8bff98fd-9f4a-489d-925d-bd345398cec2[0m [36mreq[0m=[35mca1f92bf[0m [36mrequest_id[0m=[35mca1f92bf-541c-4d8e-b99e-ec11c1f48a73[0m [36mstatus[0m=[35m200[0m
[2m11:47:10[0m [[32m[1minfo     [0m] [1mStarting sandbox execution: pip=[], apt=[], input_files=[][0m [36mreq[0m=[35m4f528690[0m
[2m11:47:10[0m [[33m[1mwarning  [0m] [1mCode execution failed (exit=1):   File "/workspace/script.py", line 77
    for key in ["success", "error"]:
    ^^^
SyntaxError: expected 'except' or 'finally' block
[0m [36mreq[0m=[35m4f528690[0m
[2m11:47:10[0m [[32m[1minfo     [0m] [1mSandbox execution complete: success=False, time=423ms, cached=False[0m [36mreq[0m=[35m4f528690[0m
[2m11:47:16[0m [[33m[1mwarning  [0m] [1mSkill rejected by parent validation: All 2 tests failed[0m [36mreq[0m=[35m4f528690[0m
[2m11:47:16[0m [[33m[1mwarning  [0m] [1mbuild_on_demand: failed for 'Output ist rein theoretisch / beschreibend': Parent regression: All 2 tests failed[0m [36mreq[0m=[35m4f528690[0m
[2m11:47:16[0m [[32m[1minfo     [0m] [1mArtifact pool cleared: 5 artifacts discarded[0m [36mreq[0m=[35m4f528690[0m
[2m11:47:18[0m [[32m[1minfo     [0m] [1mGetting challenge status: id=8bff98fd-9f4a-489d-925d-bd345398cec2[0m [36mreq[0m=[35m77e28732[0m
[2m11:47:18[0m [[32m[1minfo     [0m] [1mrequest_finished                        [0m [36mduration[0m=[35m0.008[0m [36mmethod[0m=[35mGET[0m [36mpath[0m=[35m/api/v1/challenges/8bff98fd-9f4a-489d-925d-bd345398cec2[0m [36mreq[0m=[35m77e28732[0m [36mrequest_id[0m=[35m77e28732-7e15-492c-bfa3-160692f260fc[0m [36mstatus[0m=[35m200[0m
[2m11:47:19[0m [[32m[1minfo     [0m] [1mLoading topology from database...       [0m [36mreq[0m=[35m4f528690[0m
[2m11:47:19[0m [[32m[1minfo     [0m] [1mMapped 9 skill entries to 8 capabilities[0m [36mreq[0m=[35m4f528690[0m
[2m11:47:19[0m [[32m[1minfo     [0m] [1mTopology validated: 11 agents in 5 waves[0m [36mreq[0m=[35m4f528690[0m
[2m11:47:19[0m [[32m[1minfo     [0m] [1mLoaded 9 skills for topology            [0m [36mreq[0m=[35m4f528690[0m
[2m11:47:19[0m [[32m[1minfo     [0m] [1mTopology loaded: 11 agents, 5 waves     [0m [36mreq[0m=[35m4f528690[0m
[2m11:47:19[0m [[32m[1minfo     [0m] [1mSkipping dev-team agent 'product_owner' in execution wave[0m [36mreq[0m=[35m4f528690[0m
[2m11:47:19[0m [[32m[1minfo     [0m] [1mSkipping dev-team agent 'quality_judge' in execution wave[0m [36mreq[0m=[35m4f528690[0m
[2m11:47:19[0m [[32m[1minfo     [0m] [1mSkipping dev-team agent 'execution_analyzer' in execution wave[0m [36mreq[0m=[35m4f528690[0m
[2m11:47:19[0m [[32m[1minfo     [0m] [1mExecuting agent: transcript_analyzer (b2972519-389d-4c28-b232-f7fc483725f6)[0m [36mreq[0m=[35m4f528690[0m
[2m11:47:19[0m [[32m[1minfo     [0m] [1mshared_memory_metrics agent=transcript_analyzer facts_kept=5 facts_total=8 hypotheses=0 relations=0 approx_tokens=1085 query_chars=450[0m [36mreq[0m=[35m4f528690[0m
[2m11:47:20[0m [[32m[1minfo     [0m] [1mTool call 1/15: skill_connect_to_postgresql_database_using_provided_credentials[0m [36mreq[0m=[35m4f528690[0m
[2m11:47:20[0m [[32m[1minfo     [0m] [1mStarting sandbox execution: pip=['psycopg2-binary'], apt=[], input_files=[][0m [36mreq[0m=[35m4f528690[0m
[2m11:47:20[0m [[32m[1minfo     [0m] [1mFound cached image: lumari-sandbox:custom-c3a5332b (usage=33)[0m [36mreq[0m=[35m4f528690[0m
[2m11:47:20[0m [[32m[1minfo     [0m] [1mUsing cached image: lumari-sandbox:custom-c3a5332b[0m [36mreq[0m=[35m4f528690[0m
[2m11:47:20[0m [[32m[1minfo     [0m] [1mSandbox execution complete: success=True, time=425ms, cached=True[0m [36mreq[0m=[35m4f528690[0m
[2m11:47:27[0m [[32m[1minfo     [0m] [1mTool call 2/15: skill_direkter_sql_datenbank_konnektor_(die_verfügbaren_agenten_nutzen_generische_skills,_die_eine_abstraktion_der_datenbankverbindung_voraussetzen)[0m [36mreq[0m=[35m4f528690[0m
[2m11:47:27[0m [[32m[1minfo     [0m] [1mStarting sandbox execution: pip=['psycopg2-binary', 'sqlalchemy'], apt=[], input_files=[][0m [36mreq[0m=[35m4f528690[0m
[2m11:47:27[0m [[32m[1minfo     [0m] [1mFound cached image: lumari-sandbox:custom-95cd1c6e (usage=11)[0m [36mreq[0m=[35m4f528690[0m
[2m11:47:27[0m [[32m[1minfo     [0m] [1mUsing cached image: lumari-sandbox:custom-95cd1c6e[0m [36mreq[0m=[35m4f528690[0m
[2m11:47:28[0m [[32m[1minfo     [0m] [1mSandbox execution complete: success=True, time=575ms, cached=True[0m [36mreq[0m=[35m4f528690[0m
[2m11:47:28[0m [[32m[1minfo     [0m] [1mGetting challenge status: id=8bff98fd-9f4a-489d-925d-bd345398cec2[0m [36mreq[0m=[35mf0a13cbd[0m
[2m11:47:28[0m [[32m[1minfo     [0m] [1mrequest_finished                        [0m [36mduration[0m=[35m0.005[0m [36mmethod[0m=[35mGET[0m [36mpath[0m=[35m/api/v1/challenges/8bff98fd-9f4a-489d-925d-bd345398cec2[0m [36mreq[0m=[35mf0a13cbd[0m [36mrequest_id[0m=[35mf0a13cbd-213a-4a50-8245-c71972b87918[0m [36mstatus[0m=[35m200[0m
[2m11:47:34[0m [[32m[1minfo     [0m] [1mTool call 3/15: skill_direkter_sql_datenbank_konnektor_(die_verfügbaren_agenten_nutzen_generische_skills,_die_eine_abstraktion_der_datenbankverbindung_voraussetzen)[0m [36mreq[0m=[35m4f528690[0m
[2m11:47:34[0m [[32m[1minfo     [0m] [1mStarting sandbox execution: pip=['psycopg2-binary', 'sqlalchemy'], apt=[], input_files=[][0m [36mreq[0m=[35m4f528690[0m
[2m11:47:34[0m [[32m[1minfo     [0m] [1mFound cached image: lumari-sandbox:custom-95cd1c6e (usage=12)[0m [36mreq[0m=[35m4f528690[0m
[2m11:47:34[0m [[32m[1minfo     [0m] [1mUsing cached image: lumari-sandbox:custom-95cd1c6e[0m [36mreq[0m=[35m4f528690[0m
[2m11:47:35[0m [[32m[1minfo     [0m] [1mSandbox execution complete: success=True, time=546ms, cached=True[0m [36mreq[0m=[35m4f528690[0m
[2m11:47:38[0m [[32m[1minfo     [0m] [1mGetting challenge status: id=8bff98fd-9f4a-489d-925d-bd345398cec2[0m [36mreq[0m=[35mfeef1c04[0m
[2m11:47:38[0m [[32m[1minfo     [0m] [1mrequest_finished                        [0m [36mduration[0m=[35m0.008[0m [36mmethod[0m=[35mGET[0m [36mpath[0m=[35m/api/v1/challenges/8bff98fd-9f4a-489d-925d-bd345398cec2[0m [36mreq[0m=[35mfeef1c04[0m [36mrequest_id[0m=[35mfeef1c04-4663-42d6-a8b8-f3993fec1661[0m [36mstatus[0m=[35m200[0m
[2m11:47:41[0m [[32m[1minfo     [0m] [1mTool call 4/15: skill_direkter_sql_datenbank_konnektor_(die_verfügbaren_agenten_nutzen_generische_skills,_die_eine_abstraktion_der_datenbankverbindung_voraussetzen)[0m [36mreq[0m=[35m4f528690[0m
[2m11:47:41[0m [[32m[1minfo     [0m] [1mStarting sandbox execution: pip=['psycopg2-binary', 'sqlalchemy'], apt=[], input_files=[][0m [36mreq[0m=[35m4f528690[0m
[2m11:47:41[0m [[32m[1minfo     [0m] [1mFound cached image: lumari-sandbox:custom-95cd1c6e (usage=13)[0m [36mreq[0m=[35m4f528690[0m
[2m11:47:41[0m [[32m[1minfo     [0m] [1mUsing cached image: lumari-sandbox:custom-95cd1c6e[0m [36mreq[0m=[35m4f528690[0m
[2m11:47:42[0m [[32m[1minfo     [0m] [1mSandbox execution complete: success=True, time=529ms, cached=True[0m [36mreq[0m=[35m4f528690[0m
[2m11:47:48[0m [[32m[1minfo     [0m] [1mGetting challenge status: id=8bff98fd-9f4a-489d-925d-bd345398cec2[0m [36mreq[0m=[35m6c7aa19f[0m
[2m11:47:48[0m [[32m[1minfo     [0m] [1mrequest_finished                        [0m [36mduration[0m=[35m0.007[0m [36mmethod[0m=[35mGET[0m [36mpath[0m=[35m/api/v1/challenges/8bff98fd-9f4a-489d-925d-bd345398cec2[0m [36mreq[0m=[35m6c7aa19f[0m [36mrequest_id[0m=[35m6c7aa19f-005d-49c2-94c3-db1e8b23f912[0m [36mstatus[0m=[35m200[0m
[2m11:47:48[0m [[32m[1minfo     [0m] [1mAgent transcript_analyzer returned final answer after 4 tool calls[0m [36mreq[0m=[35m4f528690[0m
[2m11:47:49[0m [[32m[1minfo     [0m] [1mAgent transcript_analyzer completed     [0m [36mreq[0m=[35m4f528690[0m
[2m11:47:49[0m [[32m[1minfo     [0m] [1mWave 300 agent 'transcript_analyzer' completed: success=True, skipped=False, result_len=866[0m [36mreq[0m=[35m4f528690[0m
[2m11:47:49[0m [[32m[1minfo     [0m] [1mSkipping dev-team agent 'control_agent' in execution wave[0m [36mreq[0m=[35m4f528690[0m
[2m11:47:49[0m [[32m[1minfo     [0m] [1mExecuting agent: context_retriever (7eab52e8-a142-4154-a4a2-1cd6172eab46)[0m [36mreq[0m=[35m4f528690[0m
[2m11:47:50[0m [[32m[1minfo     [0m] [1mTool call 1/15: skill_execute_sql_queries_to_list_database_tables[0m [36mreq[0m=[35m4f528690[0m
[2m11:47:50[0m [[32m[1minfo     [0m] [1mStarting sandbox execution: pip=['psycopg2-binary', 'sqlalchemy'], apt=[], input_files=[][0m [36mreq[0m=[35m4f528690[0m
[2m11:47:50[0m [[32m[1minfo     [0m] [1mFound cached image: lumari-sandbox:custom-95cd1c6e (usage=14)[0m [36mreq[0m=[35m4f528690[0m
[2m11:47:50[0m [[32m[1minfo     [0m] [1mUsing cached image: lumari-sandbox:custom-95cd1c6e[0m [36mreq[0m=[35m4f528690[0m
[2m11:47:50[0m [[32m[1minfo     [0m] [1mSandbox execution complete: success=True, time=509ms, cached=True[0m [36mreq[0m=[35m4f528690[0m
[2m11:47:57[0m [[32m[1minfo     [0m] [1mTool call 2/15: skill_direkter_sql_datenbank_konnektor_(die_verfügbaren_agenten_sind_auf_text/kontext_verarbeitung_spezialisiert,_die_datenbank_abfrage_muss_durch_einen_spezialisierten_db_agenten_oder_ein_tool_interface_innerhalb_des_context_retriever_erfolgen)[0m [36mreq[0m=[35m4f528690[0m
[2m11:47:57[0m [[32m[1minfo     [0m] [1mStarting sandbox execution: pip=['psycopg2-binary', 'sqlalchemy'], apt=[], input_files=[][0m [36mreq[0m=[35m4f528690[0m
[2m11:47:57[0m [[32m[1minfo     [0m] [1mFound cached image: lumari-sandbox:custom-95cd1c6e (usage=15)[0m [36mreq[0m=[35m4f528690[0m
[2m11:47:57[0m [[32m[1minfo     [0m] [1mUsing cached image: lumari-sandbox:custom-95cd1c6e[0m [36mreq[0m=[35m4f528690[0m
[2m11:47:57[0m [[33m[1mwarning  [0m] [1mCode execution failed (exit=1): Traceback (most recent call last):
  File "/workspace/script.py", line 70, in <module>
    _result = get_engine(_input)
              ^^^^^^^^^^^^^^^^^^
TypeError: unhashable type: 'dict'
[0m [36mreq[0m=[35m4f528690[0m
[2m11:47:57[0m [[32m[1minfo     [0m] [1mSandbox execution complete: success=False, time=488ms, cached=True[0m [36mreq[0m=[35m4f528690[0m
[2m11:47:58[0m [[32m[1minfo     [0m] [1mGetting challenge status: id=8bff98fd-9f4a-489d-925d-bd345398cec2[0m [36mreq[0m=[35m3dcde5ed[0m
[2m11:47:58[0m [[32m[1minfo     [0m] [1mrequest_finished                        [0m [36mduration[0m=[35m0.006[0m [36mmethod[0m=[35mGET[0m [36mpath[0m=[35m/api/v1/challenges/8bff98fd-9f4a-489d-925d-bd345398cec2[0m [36mreq[0m=[35m3dcde5ed[0m [36mrequest_id[0m=[35m3dcde5ed-1de8-4d14-94f9-4ea7e59bb521[0m [36mstatus[0m=[35m200[0m
[2m11:48:05[0m [[32m[1minfo     [0m] [1mAgent context_retriever returned final answer after 2 tool calls[0m [36mreq[0m=[35m4f528690[0m
[2m11:48:05[0m [[32m[1minfo     [0m] [1mAgent context_retriever completed       [0m [36mreq[0m=[35m4f528690[0m
[2m11:48:05[0m [[32m[1minfo     [0m] [1mWave 301 agent 'context_retriever' completed: success=True, skipped=False, result_len=532[0m [36mreq[0m=[35m4f528690[0m
[2m11:48:05[0m [[32m[1minfo     [0m] [1mSkipping dev-team agent 'prompt_engineer' in execution wave[0m [36mreq[0m=[35m4f528690[0m
[2m11:48:05[0m [[32m[1minfo     [0m] [1mSkipping dev-team agent 'tool_builder' in execution wave[0m [36mreq[0m=[35m4f528690[0m
[2m11:48:05[0m [[32m[1minfo     [0m] [1mExecuting agent: report_generator (bc9b7c24-be22-4edb-9f80-55721c052340)[0m [36mreq[0m=[35m4f528690[0m
[2m11:48:08[0m [[32m[1minfo     [0m] [1mGetting challenge status: id=8bff98fd-9f4a-489d-925d-bd345398cec2[0m [36mreq[0m=[35m09919494[0m
[2m11:48:08[0m [[32m[1minfo     [0m] [1mrequest_finished                        [0m [36mduration[0m=[35m0.007[0m [36mmethod[0m=[35mGET[0m [36mpath[0m=[35m/api/v1/challenges/8bff98fd-9f4a-489d-925d-bd345398cec2[0m [36mreq[0m=[35m09919494[0m [36mrequest_id[0m=[35m09919494-d0a7-4652-884c-a7003b8b6632[0m [36mstatus[0m=[35m200[0m
[2m11:48:08[0m [[32m[1minfo     [0m] [1mAgent report_generator returned final answer after 0 tool calls[0m [36mreq[0m=[35m4f528690[0m
[2m11:48:09[0m [[32m[1minfo     [0m] [1mAgent report_generator completed        [0m [36mreq[0m=[35m4f528690[0m
[2m11:48:09[0m [[32m[1minfo     [0m] [1mWave 302 agent 'report_generator' completed: success=True, skipped=False, result_len=2283[0m [36mreq[0m=[35m4f528690[0m
[2m11:48:09[0m [[32m[1minfo     [0m] [1mExecuting agent: quality_validator (b7cb497a-e30c-4e2d-8aaa-b1ec8e9bbf38)[0m [36mreq[0m=[35m4f528690[0m
[2m11:48:10[0m [[32m[1minfo     [0m] [1mAgent quality_validator returned final answer after 0 tool calls[0m [36mreq[0m=[35m4f528690[0m
[2m11:48:10[0m [[32m[1minfo     [0m] [1mAgent quality_validator completed       [0m [36mreq[0m=[35m4f528690[0m
[2m11:48:10[0m [[32m[1minfo     [0m] [1mWave 303 agent 'quality_validator' completed: success=True, skipped=False, result_len=198[0m [36mreq[0m=[35m4f528690[0m
[2m11:48:10[0m [[32m[1minfo     [0m] [1mExecuting agent: report_finalizer (4920a302-a1e9-4c8b-95f4-afd7adbda99a)[0m [36mreq[0m=[35m4f528690[0m
[2m11:48:13[0m [[32m[1minfo     [0m] [1mAgent report_finalizer returned final answer after 0 tool calls[0m [36mreq[0m=[35m4f528690[0m
[2m11:48:13[0m [[32m[1minfo     [0m] [1mAgent report_finalizer completed        [0m [36mreq[0m=[35m4f528690[0m
[2m11:48:13[0m [[32m[1minfo     [0m] [1mWave 304 agent 'report_finalizer' completed: success=True, skipped=False, result_len=2386[0m [36mreq[0m=[35m4f528690[0m
[2m11:48:14[0m [[32m[1minfo     [0m] [1mVerification: score=0.20, action=escalate, round 2[0m [36mreq[0m=[35m4f528690[0m
[2m11:48:14[0m [[32m[1minfo     [0m] [1mEskalation: Gap-Building für ['Output ist rein theoretisch / beschreibend'][0m [36mreq[0m=[35m4f528690[0m
[2m11:48:14[0m [[32m[1minfo     [0m] [1mLoading topology from database...       [0m [36mreq[0m=[35m4f528690[0m
[2m11:48:14[0m [[32m[1minfo     [0m] [1mMapped 9 skill entries to 8 capabilities[0m [36mreq[0m=[35m4f528690[0m
[2m11:48:14[0m [[32m[1minfo     [0m] [1mTopology validated: 11 agents in 5 waves[0m [36mreq[0m=[35m4f528690[0m
[2m11:48:14[0m [[32m[1minfo     [0m] [1mLoaded 9 skills for topology            [0m [36mreq[0m=[35m4f528690[0m
[2m11:48:14[0m [[32m[1minfo     [0m] [1mTopology loaded: 11 agents, 5 waves     [0m [36mreq[0m=[35m4f528690[0m
[2m11:48:14[0m [[32m[1minfo     [0m] [1mRuntimeAgentRegistry initialized with max_concurrent=5[0m [36mreq[0m=[35m4f528690[0m
[2m11:48:14[0m [[32m[1minfo     [0m] [1mbuild_on_demand: building skill for 'Output ist rein theoretisch / beschreibend'[0m [36mreq[0m=[35m4f528690[0m
[2m11:48:14[0m [[32m[1minfo     [0m] [1mStarting team-based skill development for: Output ist rein theoretisch / beschreibend[0m [36mreq[0m=[35m4f528690[0m
[2m11:48:14[0m [[32m[1minfo     [0m] [1mResearching capability: Output ist rein theoretisch / beschreibend[0m [36mreq[0m=[35m4f528690[0m
[2m11:48:14[0m [[32m[1minfo     [0m] [1mUsing cached research for: Output ist rein theoretisch / beschreibend[0m [36mreq[0m=[35m4f528690[0m
[2m11:48:14[0m [[32m[1minfo     [0m] [1mResearch complete: 0 packages found     [0m [36mreq[0m=[35m4f528690[0m
[2m11:48:17[0m [[32m[1minfo     [0m] [1mArchitecture complete: 2 test cases defined[0m [36mreq[0m=[35m4f528690[0m
[2m11:48:17[0m [[32m[1minfo     [0m] [1mSession start: iteration=1/10, pip=0, apt=0[0m [36mreq[0m=[35m4f528690[0m
[2m11:48:17[0m [[32m[1minfo     [0m] [1mDocker client connected successfully    [0m [36mreq[0m=[35m4f528690[0m
[2m11:48:18[0m [[32m[1minfo     [0m] [1mSession container created: a4f16ec5fb2d [0m [36mreq[0m=[35m4f528690[0m
[2m11:48:18[0m [[32m[1minfo     [0m] [1mImplementation iteration 1/10           [0m [36mreq[0m=[35m4f528690[0m
[2m11:48:18[0m [[32m[1minfo     [0m] [1mGetting challenge status: id=8bff98fd-9f4a-489d-925d-bd345398cec2[0m [36mreq[0m=[35m9c0dd85b[0m
[2m11:48:18[0m [[32m[1minfo     [0m] [1mrequest_finished                        [0m [36mduration[0m=[35m0.007[0m [36mmethod[0m=[35mGET[0m [36mpath[0m=[35m/api/v1/challenges/8bff98fd-9f4a-489d-925d-bd345398cec2[0m [36mreq[0m=[35m9c0dd85b[0m [36mrequest_id[0m=[35m9c0dd85b-655f-4d68-8c9b-f71914514939[0m [36mstatus[0m=[35m200[0m
[2m11:48:19[0m [[32m[1minfo     [0m] [1mImplementation erfolgreich nach 1 Iterationen[0m [36mreq[0m=[35m4f528690[0m
[2m11:48:25[0m [[32m[1minfo     [0m] [1mReview iteration 1/2                    [0m [36mreq[0m=[35m4f528690[0m
[2m11:48:28[0m [[32m[1minfo     [0m] [1mGetting challenge status: id=8bff98fd-9f4a-489d-925d-bd345398cec2[0m [36mreq[0m=[35m573e82c2[0m
[2m11:48:28[0m [[32m[1minfo     [0m] [1mrequest_finished                        [0m [36mduration[0m=[35m0.007[0m [36mmethod[0m=[35mGET[0m [36mpath[0m=[35m/api/v1/challenges/8bff98fd-9f4a-489d-925d-bd345398cec2[0m [36mreq[0m=[35m573e82c2[0m [36mrequest_id[0m=[35m573e82c2-3b92-413b-b6dd-ce1f286cdd39[0m [36mstatus[0m=[35m200[0m
[2m11:48:29[0m [[32m[1minfo     [0m] [1mStarting sandbox execution: pip=[], apt=[], input_files=[][0m [36mreq[0m=[35m4f528690[0m
[2m11:48:30[0m [[32m[1minfo     [0m] [1mSandbox execution complete: success=True, time=431ms, cached=False[0m [36mreq[0m=[35m4f528690[0m
[2m11:48:35[0m [[32m[1minfo     [0m] [1mReview iteration 2/2                    [0m [36mreq[0m=[35m4f528690[0m
[2m11:48:37[0m [[32m[1minfo     [0m] [1mStarting sandbox execution: pip=[], apt=[], input_files=[][0m [36mreq[0m=[35m4f528690[0m
[2m11:48:37[0m [[32m[1minfo     [0m] [1mSandbox execution complete: success=True, time=529ms, cached=False[0m [36mreq[0m=[35m4f528690[0m
[2m11:48:38[0m [[32m[1minfo     [0m] [1mGetting challenge status: id=8bff98fd-9f4a-489d-925d-bd345398cec2[0m [36mreq[0m=[35m5067d4d1[0m
[2m11:48:38[0m [[32m[1minfo     [0m] [1mrequest_finished                        [0m [36mduration[0m=[35m0.012[0m [36mmethod[0m=[35mGET[0m [36mpath[0m=[35m/api/v1/challenges/8bff98fd-9f4a-489d-925d-bd345398cec2[0m [36mreq[0m=[35m5067d4d1[0m [36mrequest_id[0m=[35m5067d4d1-723c-4d92-aba5-9dcafaea5313[0m [36mstatus[0m=[35m200[0m
[2m11:48:42[0m [[32m[1minfo     [0m] [1mStarting sandbox execution: pip=[], apt=[], input_files=[][0m [36mreq[0m=[35m4f528690[0m
[2m11:48:43[0m [[33m[1mwarning  [0m] [1mCode execution failed (exit=1):   File "/workspace/script.py", line 64
    for key in ["success", "result"]:
    ^^^
SyntaxError: expected 'except' or 'finally' block
[0m [36mreq[0m=[35m4f528690[0m
[2m11:48:43[0m [[32m[1minfo     [0m] [1mSandbox execution complete: success=False, time=615ms, cached=False[0m [36mreq[0m=[35m4f528690[0m
[2m11:48:48[0m [[32m[1minfo     [0m] [1mGetting challenge status: id=8bff98fd-9f4a-489d-925d-bd345398cec2[0m [36mreq[0m=[35med8a5071[0m
[2m11:48:48[0m [[32m[1minfo     [0m] [1mrequest_finished                        [0m [36mduration[0m=[35m0.007[0m [36mmethod[0m=[35mGET[0m [36mpath[0m=[35m/api/v1/challenges/8bff98fd-9f4a-489d-925d-bd345398cec2[0m [36mreq[0m=[35med8a5071[0m [36mrequest_id[0m=[35med8a5071-af03-4fdf-b4c2-1f27d8360d92[0m [36mstatus[0m=[35m200[0m
[2m11:48:48[0m [[32m[1minfo     [0m] [1mStarting sandbox execution: pip=[], apt=[], input_files=[][0m [36mreq[0m=[35m4f528690[0m
[2m11:48:49[0m [[32m[1minfo     [0m] [1mSandbox execution complete: success=True, time=560ms, cached=False[0m [36mreq[0m=[35m4f528690[0m
[2m11:48:54[0m [[32m[1minfo     [0m] [1mStarting sandbox execution: pip=[], apt=[], input_files=[][0m [36mreq[0m=[35m4f528690[0m
[2m11:48:55[0m [[33m[1mwarning  [0m] [1mCode execution failed (exit=1):   File "/workspace/script.py", line 64
    for key in ["success", "result"]:
    ^^^
SyntaxError: expected 'except' or 'finally' block
[0m [36mreq[0m=[35m4f528690[0m
[2m11:48:55[0m [[32m[1minfo     [0m] [1mSandbox execution complete: success=False, time=510ms, cached=False[0m [36mreq[0m=[35m4f528690[0m
[2m11:48:58[0m [[32m[1minfo     [0m] [1mGetting challenge status: id=8bff98fd-9f4a-489d-925d-bd345398cec2[0m [36mreq[0m=[35mcec0cf85[0m
[2m11:48:58[0m [[32m[1minfo     [0m] [1mrequest_finished                        [0m [36mduration[0m=[35m0.009[0m [36mmethod[0m=[35mGET[0m [36mpath[0m=[35m/api/v1/challenges/8bff98fd-9f4a-489d-925d-bd345398cec2[0m [36mreq[0m=[35mcec0cf85[0m [36mrequest_id[0m=[35mcec0cf85-352f-4d7b-99ec-8a78847f3677[0m [36mstatus[0m=[35m200[0m
[2m11:49:00[0m [[32m[1minfo     [0m] [1mStarting sandbox execution: pip=[], apt=[], input_files=[][0m [36mreq[0m=[35m4f528690[0m
[2m11:49:00[0m [[32m[1minfo     [0m] [1mSandbox execution complete: success=True, time=557ms, cached=False[0m [36mreq[0m=[35m4f528690[0m
[2m11:49:05[0m [[32m[1minfo     [0m] [1mStarting sandbox execution: pip=[], apt=[], input_files=[][0m [36mreq[0m=[35m4f528690[0m
[2m11:49:06[0m [[33m[1mwarning  [0m] [1mCode execution failed (exit=1):   File "/workspace/script.py", line 64
    for key in ["success", "result"]:
    ^^^
SyntaxError: expected 'except' or 'finally' block
[0m [36mreq[0m=[35m4f528690[0m
[2m11:49:06[0m [[32m[1minfo     [0m] [1mSandbox execution complete: success=False, time=512ms, cached=False[0m [36mreq[0m=[35m4f528690[0m
[2m11:49:08[0m [[32m[1minfo     [0m] [1mGetting challenge status: id=8bff98fd-9f4a-489d-925d-bd345398cec2[0m [36mreq[0m=[35m1b69b2f2[0m
[2m11:49:08[0m [[32m[1minfo     [0m] [1mrequest_finished                        [0m [36mduration[0m=[35m0.007[0m [36mmethod[0m=[35mGET[0m [36mpath[0m=[35m/api/v1/challenges/8bff98fd-9f4a-489d-925d-bd345398cec2[0m [36mreq[0m=[35m1b69b2f2[0m [36mrequest_id[0m=[35m1b69b2f2-a45a-4ca8-9d13-9eb4da301585[0m [36mstatus[0m=[35m200[0m
[2m11:49:11[0m [[32m[1minfo     [0m] [1mStarting sandbox execution: pip=[], apt=[], input_files=[][0m [36mreq[0m=[35m4f528690[0m
[2m11:49:12[0m [[33m[1mwarning  [0m] [1mCode execution failed (exit=1):   File "/workspace/script.py", line 55
    for key in ["success", "result"]:
    ^^^
SyntaxError: expected 'except' or 'finally' block
[0m [36mreq[0m=[35m4f528690[0m
[2m11:49:12[0m [[32m[1minfo     [0m] [1mSandbox execution complete: success=False, time=450ms, cached=False[0m [36mreq[0m=[35m4f528690[0m
[2m11:49:17[0m [[32m[1minfo     [0m] [1mStarting sandbox execution: pip=[], apt=[], input_files=[][0m [36mreq[0m=[35m4f528690[0m
[2m11:49:17[0m [[32m[1minfo     [0m] [1mSandbox execution complete: success=True, time=557ms, cached=False[0m [36mreq[0m=[35m4f528690[0m
[2m11:49:18[0m [[32m[1minfo     [0m] [1mGetting challenge status: id=8bff98fd-9f4a-489d-925d-bd345398cec2[0m [36mreq[0m=[35m9aa7dec5[0m
[2m11:49:18[0m [[32m[1minfo     [0m] [1mrequest_finished                        [0m [36mduration[0m=[35m0.008[0m [36mmethod[0m=[35mGET[0m [36mpath[0m=[35m/api/v1/challenges/8bff98fd-9f4a-489d-925d-bd345398cec2[0m [36mreq[0m=[35m9aa7dec5[0m [36mrequest_id[0m=[35m9aa7dec5-92fb-4cf1-8cf2-b09fa6af789e[0m [36mstatus[0m=[35m200[0m
[2m11:49:22[0m [[32m[1minfo     [0m] [1mStarting sandbox execution: pip=[], apt=[], input_files=[][0m [36mreq[0m=[35m4f528690[0m
[2m11:49:23[0m [[33m[1mwarning  [0m] [1mCode execution failed (exit=1):   File "/workspace/script.py", line 55
    for key in ["success", "result"]:
    ^^^
SyntaxError: expected 'except' or 'finally' block
[0m [36mreq[0m=[35m4f528690[0m
[2m11:49:23[0m [[32m[1minfo     [0m] [1mSandbox execution complete: success=False, time=827ms, cached=False[0m [36mreq[0m=[35m4f528690[0m
[2m11:49:28[0m [[32m[1minfo     [0m] [1mGetting challenge status: id=8bff98fd-9f4a-489d-925d-bd345398cec2[0m [36mreq[0m=[35m34208f02[0m
[2m11:49:28[0m [[32m[1minfo     [0m] [1mrequest_finished                        [0m [36mduration[0m=[35m0.01[0m [36mmethod[0m=[35mGET[0m [36mpath[0m=[35m/api/v1/challenges/8bff98fd-9f4a-489d-925d-bd345398cec2[0m [36mreq[0m=[35m34208f02[0m [36mrequest_id[0m=[35m34208f02-33e2-42c3-a7cd-ecb83f28ff1d[0m [36mstatus[0m=[35m200[0m
[2m11:49:28[0m [[32m[1minfo     [0m] [1mSkill skill_output_ist_rein_theoretisch_/_beschreibend: parent comparison passed (new=0.33, parent=0.33)[0m [36mreq[0m=[35m4f528690[0m
[2m11:49:28[0m [[32m[1minfo     [0m] [1mParent validation passed: Passed parent comparison[0m [36mreq[0m=[35m4f528690[0m
[2m11:49:29[0m [[32m[1minfo     [0m] [1mUpdated existing skill: 0bed85f0-825f-403e-872e-df77ed5c4a4c[0m [36mreq[0m=[35m4f528690[0m
[2m11:49:29[0m [[32m[1minfo     [0m] [1mRecorded build attempt: capability=Output ist rein theoretisch / beschreibend, success=True, error_type=None[0m [36mreq[0m=[35m4f528690[0m
[2m11:49:29[0m [[32m[1minfo     [0m] [1mSkill development complete: skill_output_ist_rein_theoretisch_/_beschreibend in 74102ms[0m [36mreq[0m=[35m4f528690[0m
[2m11:49:29[0m [[32m[1minfo     [0m] [1mInjecting skill 0bed85f0... with plan: target_agent=bc9b7c24..., rationale=The report_generator is the ideal agent for transforming raw data into human-readable, descriptive summaries.[0m [36mreq[0m=[35m4f528690[0m
[2m11:49:29[0m [[32m[1minfo     [0m] [1mLoading topology from database...       [0m [36mreq[0m=[35m4f528690[0m
[2m11:49:29[0m [[32m[1minfo     [0m] [1mMapped 9 skill entries to 8 capabilities[0m [36mreq[0m=[35m4f528690[0m
[2m11:49:29[0m [[32m[1minfo     [0m] [1mTopology validated: 11 agents in 5 waves[0m [36mreq[0m=[35m4f528690[0m
[2m11:49:29[0m [[32m[1minfo     [0m] [1mLoaded 9 skills for topology            [0m [36mreq[0m=[35m4f528690[0m
[2m11:49:29[0m [[32m[1minfo     [0m] [1mTopology loaded: 11 agents, 5 waves     [0m [36mreq[0m=[35m4f528690[0m
[2m11:49:29[0m [[32m[1minfo     [0m] [1mPlan-based injection complete: skill=0bed85f0... -> agent=report_generator[0m [36mreq[0m=[35m4f528690[0m
[2m11:49:29[0m [[32m[1minfo     [0m] [1mbuild_on_demand: skill 'skill_output_ist_rein_theoretisch_/_beschreibend' built and injected (inject_ok=True, msg=Skill injected and bound to agent 'report_generator' via architect plan)[0m [36mreq[0m=[35m4f528690[0m
[2m11:49:29[0m [[32m[1minfo     [0m] [1mArtifact pool cleared: 5 artifacts discarded[0m [36mreq[0m=[35m4f528690[0m
[2m11:49:32[0m [[32m[1minfo     [0m] [1mLoading topology from database...       [0m [36mreq[0m=[35m4f528690[0m
[2m11:49:32[0m [[32m[1minfo     [0m] [1mMapped 9 skill entries to 8 capabilities[0m [36mreq[0m=[35m4f528690[0m
[2m11:49:32[0m [[32m[1minfo     [0m] [1mTopology validated: 11 agents in 5 waves[0m [36mreq[0m=[35m4f528690[0m
[2m11:49:32[0m [[32m[1minfo     [0m] [1mLoaded 9 skills for topology            [0m [36mreq[0m=[35m4f528690[0m
[2m11:49:32[0m [[32m[1minfo     [0m] [1mTopology loaded: 11 agents, 5 waves     [0m [36mreq[0m=[35m4f528690[0m
[2m11:49:32[0m [[32m[1minfo     [0m] [1mSkipping dev-team agent 'product_owner' in execution wave[0m [36mreq[0m=[35m4f528690[0m
[2m11:49:32[0m [[32m[1minfo     [0m] [1mSkipping dev-team agent 'quality_judge' in execution wave[0m [36mreq[0m=[35m4f528690[0m
[2m11:49:32[0m [[32m[1minfo     [0m] [1mSkipping dev-team agent 'execution_analyzer' in execution wave[0m [36mreq[0m=[35m4f528690[0m
[2m11:49:32[0m [[32m[1minfo     [0m] [1mExecuting agent: transcript_analyzer (b2972519-389d-4c28-b232-f7fc483725f6)[0m [36mreq[0m=[35m4f528690[0m
[2m11:49:32[0m [[32m[1minfo     [0m] [1mshared_memory_metrics agent=transcript_analyzer facts_kept=5 facts_total=8 hypotheses=0 relations=0 approx_tokens=1085 query_chars=450[0m [36mreq[0m=[35m4f528690[0m
[2m11:49:33[0m [[32m[1minfo     [0m] [1mTool call 1/15: skill_connect_to_postgresql_database_using_provided_credentials[0m [36mreq[0m=[35m4f528690[0m
[2m11:49:33[0m [[32m[1minfo     [0m] [1mStarting sandbox execution: pip=['psycopg2-binary'], apt=[], input_files=[][0m [36mreq[0m=[35m4f528690[0m
[2m11:49:33[0m [[32m[1minfo     [0m] [1mFound cached image: lumari-sandbox:custom-c3a5332b (usage=34)[0m [36mreq[0m=[35m4f528690[0m
[2m11:49:33[0m [[32m[1minfo     [0m] [1mUsing cached image: lumari-sandbox:custom-c3a5332b[0m [36mreq[0m=[35m4f528690[0m
[2m11:49:34[0m [[32m[1minfo     [0m] [1mSandbox execution complete: success=True, time=455ms, cached=True[0m [36mreq[0m=[35m4f528690[0m
[2m11:49:38[0m [[32m[1minfo     [0m] [1mGetting challenge status: id=8bff98fd-9f4a-489d-925d-bd345398cec2[0m [36mreq[0m=[35m5032c194[0m
[2m11:49:38[0m [[32m[1minfo     [0m] [1mrequest_finished                        [0m [36mduration[0m=[35m0.007[0m [36mmethod[0m=[35mGET[0m [36mpath[0m=[35m/api/v1/challenges/8bff98fd-9f4a-489d-925d-bd345398cec2[0m [36mreq[0m=[35m5032c194[0m [36mrequest_id[0m=[35m5032c194-bac1-4524-bb1d-811363259e08[0m [36mstatus[0m=[35m200[0m
[2m11:49:40[0m [[32m[1minfo     [0m] [1mTool call 2/15: skill_direkter_sql_datenbank_konnektor_(die_verfügbaren_agenten_nutzen_generische_skills,_die_eine_abstraktion_der_datenbankverbindung_voraussetzen)[0m [36mreq[0m=[35m4f528690[0m
[2m11:49:40[0m [[32m[1minfo     [0m] [1mStarting sandbox execution: pip=['psycopg2-binary', 'sqlalchemy'], apt=[], input_files=[][0m [36mreq[0m=[35m4f528690[0m
[2m11:49:40[0m [[32m[1minfo     [0m] [1mFound cached image: lumari-sandbox:custom-95cd1c6e (usage=16)[0m [36mreq[0m=[35m4f528690[0m
[2m11:49:40[0m [[32m[1minfo     [0m] [1mUsing cached image: lumari-sandbox:custom-95cd1c6e[0m [36mreq[0m=[35m4f528690[0m
[2m11:49:41[0m [[32m[1minfo     [0m] [1mSandbox execution complete: success=True, time=570ms, cached=True[0m [36mreq[0m=[35m4f528690[0m
[2m11:49:47[0m [[32m[1minfo     [0m] [1mTool call 3/15: skill_direkter_sql_datenbank_konnektor_(die_verfügbaren_agenten_nutzen_generische_skills,_die_eine_abstraktion_der_datenbankverbindung_voraussetzen)[0m [36mreq[0m=[35m4f528690[0m
[2m11:49:47[0m [[32m[1minfo     [0m] [1mStarting sandbox execution: pip=['psycopg2-binary', 'sqlalchemy'], apt=[], input_files=[][0m [36mreq[0m=[35m4f528690[0m
[2m11:49:47[0m [[32m[1minfo     [0m] [1mFound cached image: lumari-sandbox:custom-95cd1c6e (usage=17)[0m [36mreq[0m=[35m4f528690[0m
[2m11:49:47[0m [[32m[1minfo     [0m] [1mUsing cached image: lumari-sandbox:custom-95cd1c6e[0m [36mreq[0m=[35m4f528690[0m
[2m11:49:48[0m [[32m[1minfo     [0m] [1mSandbox execution complete: success=True, time=534ms, cached=True[0m [36mreq[0m=[35m4f528690[0m
[2m11:49:48[0m [[32m[1minfo     [0m] [1mGetting challenge status: id=8bff98fd-9f4a-489d-925d-bd345398cec2[0m [36mreq[0m=[35m4cd2879b[0m
[2m11:49:48[0m [[32m[1minfo     [0m] [1mrequest_finished                        [0m [36mduration[0m=[35m0.008[0m [36mmethod[0m=[35mGET[0m [36mpath[0m=[35m/api/v1/challenges/8bff98fd-9f4a-489d-925d-bd345398cec2[0m [36mreq[0m=[35m4cd2879b[0m [36mrequest_id[0m=[35m4cd2879b-f626-4149-b856-79f2d6c96829[0m [36mstatus[0m=[35m200[0m
[2m11:49:54[0m [[32m[1minfo     [0m] [1mTool call 4/15: skill_direkter_sql_datenbank_konnektor_(die_verfügbaren_agenten_nutzen_generische_skills,_die_eine_abstraktion_der_datenbankverbindung_voraussetzen)[0m [36mreq[0m=[35m4f528690[0m
[2m11:49:54[0m [[32m[1minfo     [0m] [1mStarting sandbox execution: pip=['psycopg2-binary', 'sqlalchemy'], apt=[], input_files=[][0m [36mreq[0m=[35m4f528690[0m
[2m11:49:54[0m [[32m[1minfo     [0m] [1mFound cached image: lumari-sandbox:custom-95cd1c6e (usage=18)[0m [36mreq[0m=[35m4f528690[0m
[2m11:49:54[0m [[32m[1minfo     [0m] [1mUsing cached image: lumari-sandbox:custom-95cd1c6e[0m [36mreq[0m=[35m4f528690[0m
[2m11:49:55[0m [[32m[1minfo     [0m] [1mSandbox execution complete: success=True, time=562ms, cached=True[0m [36mreq[0m=[35m4f528690[0m
[2m11:49:58[0m [[32m[1minfo     [0m] [1mGetting challenge status: id=8bff98fd-9f4a-489d-925d-bd345398cec2[0m [36mreq[0m=[35m0f6cc843[0m
[2m11:49:58[0m [[32m[1minfo     [0m] [1mrequest_finished                        [0m [36mduration[0m=[35m0.008[0m [36mmethod[0m=[35mGET[0m [36mpath[0m=[35m/api/v1/challenges/8bff98fd-9f4a-489d-925d-bd345398cec2[0m [36mreq[0m=[35m0f6cc843[0m [36mrequest_id[0m=[35m0f6cc843-3b64-4c55-b5ce-eeadb2c98d03[0m [36mstatus[0m=[35m200[0m
[2m11:50:01[0m [[32m[1minfo     [0m] [1mAgent transcript_analyzer returned final answer after 4 tool calls[0m [36mreq[0m=[35m4f528690[0m
[2m11:50:02[0m [[32m[1minfo     [0m] [1mAgent transcript_analyzer completed     [0m [36mreq[0m=[35m4f528690[0m
[2m11:50:02[0m [[32m[1minfo     [0m] [1mWave 310 agent 'transcript_analyzer' completed: success=True, skipped=False, result_len=831[0m [36mreq[0m=[35m4f528690[0m
[2m11:50:02[0m [[32m[1minfo     [0m] [1mSkipping dev-team agent 'control_agent' in execution wave[0m [36mreq[0m=[35m4f528690[0m
[2m11:50:02[0m [[32m[1minfo     [0m] [1mExecuting agent: context_retriever (7eab52e8-a142-4154-a4a2-1cd6172eab46)[0m [36mreq[0m=[35m4f528690[0m
[2m11:50:03[0m [[32m[1minfo     [0m] [1mTool call 1/15: skill_execute_sql_queries_to_list_database_tables[0m [36mreq[0m=[35m4f528690[0m
[2m11:50:03[0m [[32m[1minfo     [0m] [1mStarting sandbox execution: pip=['psycopg2-binary', 'sqlalchemy'], apt=[], input_files=[][0m [36mreq[0m=[35m4f528690[0m
[2m11:50:03[0m [[32m[1minfo     [0m] [1mFound cached image: lumari-sandbox:custom-95cd1c6e (usage=19)[0m [36mreq[0m=[35m4f528690[0m
[2m11:50:03[0m [[32m[1minfo     [0m] [1mUsing cached image: lumari-sandbox:custom-95cd1c6e[0m [36mreq[0m=[35m4f528690[0m
[2m11:50:03[0m [[32m[1minfo     [0m] [1mSandbox execution complete: success=True, time=545ms, cached=True[0m [36mreq[0m=[35m4f528690[0m
[2m11:50:08[0m [[32m[1minfo     [0m] [1mGetting challenge status: id=8bff98fd-9f4a-489d-925d-bd345398cec2[0m [36mreq[0m=[35m67ba4c9f[0m
[2m11:50:08[0m [[32m[1minfo     [0m] [1mrequest_finished                        [0m [36mduration[0m=[35m0.008[0m [36mmethod[0m=[35mGET[0m [36mpath[0m=[35m/api/v1/challenges/8bff98fd-9f4a-489d-925d-bd345398cec2[0m [36mreq[0m=[35m67ba4c9f[0m [36mrequest_id[0m=[35m67ba4c9f-b884-4d31-a829-6d73b0b1848d[0m [36mstatus[0m=[35m200[0m
[2m11:50:09[0m [[32m[1minfo     [0m] [1mTool call 2/15: skill_direkter_sql_datenbank_konnektor_(die_verfügbaren_agenten_nutzen_generische_skills,_die_eine_abstraktion_der_datenbankverbindung_voraussetzen)[0m [36mreq[0m=[35m4f528690[0m
[2m11:50:09[0m [[32m[1minfo     [0m] [1mStarting sandbox execution: pip=['psycopg2-binary', 'sqlalchemy'], apt=[], input_files=[][0m [36mreq[0m=[35m4f528690[0m
[2m11:50:09[0m [[32m[1minfo     [0m] [1mFound cached image: lumari-sandbox:custom-95cd1c6e (usage=20)[0m [36mreq[0m=[35m4f528690[0m
[2m11:50:09[0m [[32m[1minfo     [0m] [1mUsing cached image: lumari-sandbox:custom-95cd1c6e[0m [36mreq[0m=[35m4f528690[0m
[2m11:50:10[0m [[32m[1minfo     [0m] [1mSandbox execution complete: success=True, time=480ms, cached=True[0m [36mreq[0m=[35m4f528690[0m
[2m11:50:17[0m [[32m[1minfo     [0m] [1mAgent context_retriever returned final answer after 2 tool calls[0m [36mreq[0m=[35m4f528690[0m
[2m11:50:17[0m [[32m[1minfo     [0m] [1mAgent context_retriever completed       [0m [36mreq[0m=[35m4f528690[0m
[2m11:50:17[0m [[32m[1minfo     [0m] [1mWave 311 agent 'context_retriever' completed: success=True, skipped=False, result_len=739[0m [36mreq[0m=[35m4f528690[0m
[2m11:50:17[0m [[32m[1minfo     [0m] [1mSkipping dev-team agent 'prompt_engineer' in execution wave[0m [36mreq[0m=[35m4f528690[0m
[2m11:50:17[0m [[32m[1minfo     [0m] [1mSkipping dev-team agent 'tool_builder' in execution wave[0m [36mreq[0m=[35m4f528690[0m
[2m11:50:17[0m [[32m[1minfo     [0m] [1mExecuting agent: report_generator (bc9b7c24-be22-4edb-9f80-55721c052340)[0m [36mreq[0m=[35m4f528690[0m
[2m11:50:18[0m [[32m[1minfo     [0m] [1mGetting challenge status: id=8bff98fd-9f4a-489d-925d-bd345398cec2[0m [36mreq[0m=[35mefc6aea5[0m
[2m11:50:18[0m [[32m[1minfo     [0m] [1mrequest_finished                        [0m [36mduration[0m=[35m0.007[0m [36mmethod[0m=[35mGET[0m [36mpath[0m=[35m/api/v1/challenges/8bff98fd-9f4a-489d-925d-bd345398cec2[0m [36mreq[0m=[35mefc6aea5[0m [36mrequest_id[0m=[35mefc6aea5-770c-4f44-bed5-a42bd2edd6f0[0m [36mstatus[0m=[35m200[0m
[2m11:50:20[0m [[32m[1minfo     [0m] [1mAgent report_generator returned final answer after 0 tool calls[0m [36mreq[0m=[35m4f528690[0m
[2m11:50:20[0m [[32m[1minfo     [0m] [1mAgent report_generator completed        [0m [36mreq[0m=[35m4f528690[0m
[2m11:50:20[0m [[32m[1minfo     [0m] [1mWave 312 agent 'report_generator' completed: success=True, skipped=False, result_len=1956[0m [36mreq[0m=[35m4f528690[0m
[2m11:50:20[0m [[32m[1minfo     [0m] [1mExecuting agent: quality_validator (b7cb497a-e30c-4e2d-8aaa-b1ec8e9bbf38)[0m [36mreq[0m=[35m4f528690[0m
[2m11:50:21[0m [[32m[1minfo     [0m] [1mAgent quality_validator returned final answer after 0 tool calls[0m [36mreq[0m=[35m4f528690[0m
[2m11:50:21[0m [[32m[1minfo     [0m] [1mAgent quality_validator completed       [0m [36mreq[0m=[35m4f528690[0m
[2m11:50:21[0m [[32m[1minfo     [0m] [1mWave 313 agent 'quality_validator' completed: success=True, skipped=False, result_len=217[0m [36mreq[0m=[35m4f528690[0m
[2m11:50:21[0m [[32m[1minfo     [0m] [1mExecuting agent: report_finalizer (4920a302-a1e9-4c8b-95f4-afd7adbda99a)[0m [36mreq[0m=[35m4f528690[0m
[2m11:50:24[0m [[32m[1minfo     [0m] [1mAgent report_finalizer returned final answer after 0 tool calls[0m [36mreq[0m=[35m4f528690[0m
[2m11:50:24[0m [[32m[1minfo     [0m] [1mAgent report_finalizer completed        [0m [36mreq[0m=[35m4f528690[0m
[2m11:50:24[0m [[32m[1minfo     [0m] [1mWave 314 agent 'report_finalizer' completed: success=True, skipped=False, result_len=2278[0m [36mreq[0m=[35m4f528690[0m
[2m11:50:25[0m [[32m[1minfo     [0m] [1mScore-Stagnation: 0.20 -> 0.20, Adapt-Loop beendet nach 3 Runden[0m [36mreq[0m=[35m4f528690[0m
[2m11:50:25[0m [[32m[1minfo     [0m] [1mArtifact pool cleared: 5 artifacts discarded[0m [36mreq[0m=[35m4f528690[0m
[2m11:50:26[0m [[32m[1minfo     [0m] [1mPersisted 1 facts to shared memory for execution 91f659c8-e24c-4e72-971b-cdf448fa26a6[0m [36mreq[0m=[35m4f528690[0m
[2m11:50:26[0m [[32m[1minfo     [0m] [1mStarting telemetry for agent=b2972519..., execution=91f659c8...[0m [36mreq[0m=[35m4f528690[0m
[2m11:50:26[0m [[32m[1minfo     [0m] [1mCreating telemetry record for agent=b2972519..., execution=91f659c8...[0m [36mreq[0m=[35m4f528690[0m
[2m11:50:26[0m [[32m[1minfo     [0m] [1mExecution completed: challenge_id=8bff98fd-9f4a-489d-925d-bd345398cec2, success=True[0m [36mreq[0m=[35m4f528690[0m
[2m11:50:26[0m [[32m[1minfo     [0m] [1mCreated telemetry record id=8396f57c-0e3f-409a-a318-e41851f8aecf[0m [36mreq[0m=[35m4f528690[0m
[2m11:50:26[0m [[32m[1minfo     [0m] [1mStarted telemetry id=8396f57c-0e3f-409a-a318-e41851f8aecf, input_hash=60f177c32b787f93..., trace_id=None[0m [36mreq[0m=[35m4f528690[0m
[2m11:50:26[0m [[32m[1minfo     [0m] [1mCompleting telemetry id=8396f57c-0e3f-409a-a318-e41851f8aecf, outcome=success[0m [36mreq[0m=[35m4f528690[0m
[2m11:50:26[0m [[32m[1minfo     [0m] [1mUpdating telemetry record id=8396f57c-0e3f-409a-a318-e41851f8aecf[0m [36mreq[0m=[35m4f528690[0m
[2m11:50:26[0m [[32m[1minfo     [0m] [1mUpdated telemetry record id=8396f57c-0e3f-409a-a318-e41851f8aecf, outcome=success[0m [36mreq[0m=[35m4f528690[0m
[2m11:50:26[0m [[32m[1minfo     [0m] [1mCompleted telemetry id=8396f57c-0e3f-409a-a318-e41851f8aecf, latency=15.59ms, tokens=119331, output_hash=44136fa355b3678a...[0m [36mreq[0m=[35m4f528690[0m
[2m11:50:26[0m [[32m[1minfo     [0m] [1mConfigured epicbox profile: image=lumari-sandbox:latest, limits={'cputime': 5, 'realtime': 10, 'memory': 128, 'processes': 1}[0m [36mreq[0m=[35m4f528690[0m
[2m11:50:26[0m [[32m[1minfo     [0m] [1mStarting analysis pipeline for execution_id=91f659c8...[0m [36mreq[0m=[35m4f528690[0m
[2m11:50:26[0m [[32m[1minfo     [0m] [1mRetrieved telemetry for agent=b2972519..., outcome=success[0m [36mreq[0m=[35m4f528690[0m
[2m11:50:26[0m [[32m[1minfo     [0m] [1mRetrieved 2 historical executions for pattern context[0m [36mreq[0m=[35m4f528690[0m
[2m11:50:26[0m [[32m[1minfo     [0m] [1mAnalyzing execution_id=91f659c8...      [0m [36mreq[0m=[35m4f528690[0m
[2m11:50:27[0m [[32m[1minfo     [0m] [1mAnalysis complete: 1 findings for execution_id=91f659c8...[0m [36mreq[0m=[35m4f528690[0m
[2m11:50:27[0m [[32m[1minfo     [0m] [1mAnalyzer generated 1 findings: summary='The execution was successful with low latency, but...'[0m [36mreq[0m=[35m4f528690[0m
[2m11:50:27[0m [[32m[1minfo     [0m] [1mCreating finding for execution=91f659c8..., category=topology, severity=info[0m [36mreq[0m=[35m4f528690[0m
/Users/patrick/Documents/Uni/master_project/.venv/lib/python3.13/site-packages/structlog/stdlib.py:1166: UserWarning: Remove `format_exc_info` from your processor chain if you want pretty exceptions.
  ed = p(logger, meth_name, ed)  # type: ignore[arg-type]
[2m11:50:27[0m [[31m[1merror    [0m] [1mEvolution loop failed for execution_id=91f659c8-e24c-4e72-971b-cdf448fa26a6[0m [36mreq[0m=[35m4f528690[0m
Traceback (most recent call last):
  File "/Users/patrick/Documents/Uni/master_project/.venv/lib/python3.13/site-packages/sqlalchemy/dialects/postgresql/asyncpg.py", line 550, in _prepare_and_execute
    self._rows = deque(await prepared_stmt.fetch(*parameters))
                       ^^^^^^^^^^^^^^^^^^^^^^^^^^^^^^^^^^^^^^
  File "/Users/patrick/Documents/Uni/master_project/.venv/lib/python3.13/site-packages/asyncpg/prepared_stmt.py", line 177, in fetch
    data = await self.__bind_execute(args, 0, timeout)
           ^^^^^^^^^^^^^^^^^^^^^^^^^^^^^^^^^^^^^^^^^^^
  File "/Users/patrick/Documents/Uni/master_project/.venv/lib/python3.13/site-packages/asyncpg/prepared_stmt.py", line 268, in __bind_execute
    data, status, _ = await self.__do_execute(
                      ^^^^^^^^^^^^^^^^^^^^^^^^
        lambda protocol: protocol.bind_execute(
        ^^^^^^^^^^^^^^^^^^^^^^^^^^^^^^^^^^^^^^^
            self._state, args, '', limit, True, timeout))
            ^^^^^^^^^^^^^^^^^^^^^^^^^^^^^^^^^^^^^^^^^^^^^
  File "/Users/patrick/Documents/Uni/master_project/.venv/lib/python3.13/site-packages/asyncpg/prepared_stmt.py", line 257, in __do_execute
    return await executor(protocol)
           ^^^^^^^^^^^^^^^^^^^^^^^^
  File "asyncpg/protocol/protocol.pyx", line 205, in bind_execute
asyncpg.exceptions.ForeignKeyViolationError: insert or update on table "analysis_finding" violates foreign key constraint "analysis_finding_execution_telemetry_id_fkey"
DETAIL:  Key (execution_telemetry_id)=(91f659c8-e24c-4e72-971b-cdf448fa26a6) is not present in table "execution_telemetry".

The above exception was the direct cause of the following exception:

Traceback (most recent call last):
  File "/Users/patrick/Documents/Uni/master_project/.venv/lib/python3.13/site-packages/sqlalchemy/engine/base.py", line 1967, in _exec_single_context
    self.dialect.do_execute(
    ~~~~~~~~~~~~~~~~~~~~~~~^
        cursor, str_statement, effective_parameters, context
        ^^^^^^^^^^^^^^^^^^^^^^^^^^^^^^^^^^^^^^^^^^^^^^^^^^^^
    )
    ^
  File "/Users/patrick/Documents/Uni/master_project/.venv/lib/python3.13/site-packages/sqlalchemy/engine/default.py", line 951, in do_execute
    cursor.execute(statement, parameters)
    ~~~~~~~~~~~~~~^^^^^^^^^^^^^^^^^^^^^^^
  File "/Users/patrick/Documents/Uni/master_project/.venv/lib/python3.13/site-packages/sqlalchemy/dialects/postgresql/asyncpg.py", line 585, in execute
    self._adapt_connection.await_(
    ~~~~~~~~~~~~~~~~~~~~~~~~~~~~~^
        self._prepare_and_execute(operation, parameters)
        ^^^^^^^^^^^^^^^^^^^^^^^^^^^^^^^^^^^^^^^^^^^^^^^^
    )
    ^
  File "/Users/patrick/Documents/Uni/master_project/.venv/lib/python3.13/site-packages/sqlalchemy/util/_concurrency_py3k.py", line 132, in await_only
    return current.parent.switch(awaitable)  # type: ignore[no-any-return,attr-defined] # noqa: E501
           ~~~~~~~~~~~~~~~~~~~~~^^^^^^^^^^^
  File "/Users/patrick/Documents/Uni/master_project/.venv/lib/python3.13/site-packages/sqlalchemy/util/_concurrency_py3k.py", line 196, in greenlet_spawn
    value = await result
            ^^^^^^^^^^^^
  File "/Users/patrick/Documents/Uni/master_project/.venv/lib/python3.13/site-packages/sqlalchemy/dialects/postgresql/asyncpg.py", line 563, in _prepare_and_execute
    self._handle_exception(error)
    ~~~~~~~~~~~~~~~~~~~~~~^^^^^^^
  File "/Users/patrick/Documents/Uni/master_project/.venv/lib/python3.13/site-packages/sqlalchemy/dialects/postgresql/asyncpg.py", line 513, in _handle_exception
    self._adapt_connection._handle_exception(error)
    ~~~~~~~~~~~~~~~~~~~~~~~~~~~~~~~~~~~~~~~~^^^^^^^
  File "/Users/patrick/Documents/Uni/master_project/.venv/lib/python3.13/site-packages/sqlalchemy/dialects/postgresql/asyncpg.py", line 797, in _handle_exception
    raise translated_error from error
sqlalchemy.dialects.postgresql.asyncpg.AsyncAdapt_asyncpg_dbapi.IntegrityError: <class 'asyncpg.exceptions.ForeignKeyViolationError'>: insert or update on table "analysis_finding" violates foreign key constraint "analysis_finding_execution_telemetry_id_fkey"
DETAIL:  Key (execution_telemetry_id)=(91f659c8-e24c-4e72-971b-cdf448fa26a6) is not present in table "execution_telemetry".

The above exception was the direct cause of the following exception:

Traceback (most recent call last):
  File "/Users/patrick/Documents/Uni/master_project/backend/app/services/evolution_loop_service.py", line 81, in run_post_execution_evolution
    await self.analysis_pipeline.run(execution_id)
  File "/Users/patrick/Documents/Uni/master_project/backend/app/services/analysis_pipeline.py", line 156, in run
    stored = await self.finding_repo.create(create_data)
             ^^^^^^^^^^^^^^^^^^^^^^^^^^^^^^^^^^^^^^^^^^^
  File "/Users/patrick/Documents/Uni/master_project/backend/app/repositories/finding_repository.py", line 66, in create
    await self.session.commit()
  File "/Users/patrick/Documents/Uni/master_project/.venv/lib/python3.13/site-packages/sqlalchemy/ext/asyncio/session.py", line 1000, in commit
    await greenlet_spawn(self.sync_session.commit)
  File "/Users/patrick/Documents/Uni/master_project/.venv/lib/python3.13/site-packages/sqlalchemy/util/_concurrency_py3k.py", line 203, in greenlet_spawn
    result = context.switch(value)
  File "/Users/patrick/Documents/Uni/master_project/.venv/lib/python3.13/site-packages/sqlalchemy/orm/session.py", line 2030, in commit
    trans.commit(_to_root=True)
    ~~~~~~~~~~~~^^^^^^^^^^^^^^^
  File "<string>", line 2, in commit
  File "/Users/patrick/Documents/Uni/master_project/.venv/lib/python3.13/site-packages/sqlalchemy/orm/state_changes.py", line 137, in _go
    ret_value = fn(self, *arg, **kw)
  File "/Users/patrick/Documents/Uni/master_project/.venv/lib/python3.13/site-packages/sqlalchemy/orm/session.py", line 1311, in commit
    self._prepare_impl()
    ~~~~~~~~~~~~~~~~~~^^
  File "<string>", line 2, in _prepare_impl
  File "/Users/patrick/Documents/Uni/master_project/.venv/lib/python3.13/site-packages/sqlalchemy/orm/state_changes.py", line 137, in _go
    ret_value = fn(self, *arg, **kw)
  File "/Users/patrick/Documents/Uni/master_project/.venv/lib/python3.13/site-packages/sqlalchemy/orm/session.py", line 1286, in _prepare_impl
    self.session.flush()
    ~~~~~~~~~~~~~~~~~~^^
  File "/Users/patrick/Documents/Uni/master_project/.venv/lib/python3.13/site-packages/sqlalchemy/orm/session.py", line 4331, in flush
    self._flush(objects)
    ~~~~~~~~~~~^^^^^^^^^
  File "/Users/patrick/Documents/Uni/master_project/.venv/lib/python3.13/site-packages/sqlalchemy/orm/session.py", line 4466, in _flush
    with util.safe_reraise():
         ~~~~~~~~~~~~~~~~~^^
  File "/Users/patrick/Documents/Uni/master_project/.venv/lib/python3.13/site-packages/sqlalchemy/util/langhelpers.py", line 224, in __exit__
    raise exc_value.with_traceback(exc_tb)
  File "/Users/patrick/Documents/Uni/master_project/.venv/lib/python3.13/site-packages/sqlalchemy/orm/session.py", line 4427, in _flush
    flush_context.execute()
    ~~~~~~~~~~~~~~~~~~~~~^^
  File "/Users/patrick/Documents/Uni/master_project/.venv/lib/python3.13/site-packages/sqlalchemy/orm/unitofwork.py", line 466, in execute
    rec.execute(self)
    ~~~~~~~~~~~^^^^^^
  File "/Users/patrick/Documents/Uni/master_project/.venv/lib/python3.13/site-packages/sqlalchemy/orm/unitofwork.py", line 642, in execute
    util.preloaded.orm_persistence.save_obj(
    ~~~~~~~~~~~~~~~~~~~~~~~~~~~~~~~~~~~~~~~^
        self.mapper,
        ^^^^^^^^^^^^
        uow.states_for_mapper_hierarchy(self.mapper, False, False),
        ^^^^^^^^^^^^^^^^^^^^^^^^^^^^^^^^^^^^^^^^^^^^^^^^^^^^^^^^^^^
        uow,
        ^^^^
    )
    ^
  File "/Users/patrick/Documents/Uni/master_project/.venv/lib/python3.13/site-packages/sqlalchemy/orm/persistence.py", line 93, in save_obj
    _emit_insert_statements(
    ~~~~~~~~~~~~~~~~~~~~~~~^
        base_mapper,
        ^^^^^^^^^^^^
    ...<3 lines>...
        insert,
        ^^^^^^^
    )
    ^
  File "/Users/patrick/Documents/Uni/master_project/.venv/lib/python3.13/site-packages/sqlalchemy/orm/persistence.py", line 1233, in _emit_insert_statements
    result = connection.execute(
        statement,
        params,
        execution_options=execution_options,
    )
  File "/Users/patrick/Documents/Uni/master_project/.venv/lib/python3.13/site-packages/sqlalchemy/engine/base.py", line 1419, in execute
    return meth(
        self,
        distilled_parameters,
        execution_options or NO_OPTIONS,
    )
  File "/Users/patrick/Documents/Uni/master_project/.venv/lib/python3.13/site-packages/sqlalchemy/sql/elements.py", line 526, in _execute_on_connection
    return connection._execute_clauseelement(
           ~~~~~~~~~~~~~~~~~~~~~~~~~~~~~~~~~^
        self, distilled_params, execution_options
        ^^^^^^^^^^^^^^^^^^^^^^^^^^^^^^^^^^^^^^^^^
    )
    ^
  File "/Users/patrick/Documents/Uni/master_project/.venv/lib/python3.13/site-packages/sqlalchemy/engine/base.py", line 1641, in _execute_clauseelement
    ret = self._execute_context(
        dialect,
    ...<8 lines>...
        cache_hit=cache_hit,
    )
  File "/Users/patrick/Documents/Uni/master_project/.venv/lib/python3.13/site-packages/sqlalchemy/engine/base.py", line 1846, in _execute_context
    return self._exec_single_context(
           ~~~~~~~~~~~~~~~~~~~~~~~~~^
        dialect, context, statement, parameters
        ^^^^^^^^^^^^^^^^^^^^^^^^^^^^^^^^^^^^^^^
    )
    ^
  File "/Users/patrick/Documents/Uni/master_project/.venv/lib/python3.13/site-packages/sqlalchemy/engine/base.py", line 1986, in _exec_single_context
    self._handle_dbapi_exception(
    ~~~~~~~~~~~~~~~~~~~~~~~~~~~~^
        e, str_statement, effective_parameters, cursor, context
        ^^^^^^^^^^^^^^^^^^^^^^^^^^^^^^^^^^^^^^^^^^^^^^^^^^^^^^^
    )
    ^
  File "/Users/patrick/Documents/Uni/master_project/.venv/lib/python3.13/site-packages/sqlalchemy/engine/base.py", line 2355, in _handle_dbapi_exception
    raise sqlalchemy_exception.with_traceback(exc_info[2]) from e
  File "/Users/patrick/Documents/Uni/master_project/.venv/lib/python3.13/site-packages/sqlalchemy/engine/base.py", line 1967, in _exec_single_context
    self.dialect.do_execute(
    ~~~~~~~~~~~~~~~~~~~~~~~^
        cursor, str_statement, effective_parameters, context
        ^^^^^^^^^^^^^^^^^^^^^^^^^^^^^^^^^^^^^^^^^^^^^^^^^^^^
    )
    ^
  File "/Users/patrick/Documents/Uni/master_project/.venv/lib/python3.13/site-packages/sqlalchemy/engine/default.py", line 951, in do_execute
    cursor.execute(statement, parameters)
    ~~~~~~~~~~~~~~^^^^^^^^^^^^^^^^^^^^^^^
  File "/Users/patrick/Documents/Uni/master_project/.venv/lib/python3.13/site-packages/sqlalchemy/dialects/postgresql/asyncpg.py", line 585, in execute
    self._adapt_connection.await_(
    ~~~~~~~~~~~~~~~~~~~~~~~~~~~~~^
        self._prepare_and_execute(operation, parameters)
        ^^^^^^^^^^^^^^^^^^^^^^^^^^^^^^^^^^^^^^^^^^^^^^^^
    )
    ^
  File "/Users/patrick/Documents/Uni/master_project/.venv/lib/python3.13/site-packages/sqlalchemy/util/_concurrency_py3k.py", line 132, in await_only
    return current.parent.switch(awaitable)  # type: ignore[no-any-return,attr-defined] # noqa: E501
           ~~~~~~~~~~~~~~~~~~~~~^^^^^^^^^^^
  File "/Users/patrick/Documents/Uni/master_project/.venv/lib/python3.13/site-packages/sqlalchemy/util/_concurrency_py3k.py", line 196, in greenlet_spawn
    value = await result
            ^^^^^^^^^^^^
  File "/Users/patrick/Documents/Uni/master_project/.venv/lib/python3.13/site-packages/sqlalchemy/dialects/postgresql/asyncpg.py", line 563, in _prepare_and_execute
    self._handle_exception(error)
    ~~~~~~~~~~~~~~~~~~~~~~^^^^^^^
  File "/Users/patrick/Documents/Uni/master_project/.venv/lib/python3.13/site-packages/sqlalchemy/dialects/postgresql/asyncpg.py", line 513, in _handle_exception
    self._adapt_connection._handle_exception(error)
    ~~~~~~~~~~~~~~~~~~~~~~~~~~~~~~~~~~~~~~~~^^^^^^^
  File "/Users/patrick/Documents/Uni/master_project/.venv/lib/python3.13/site-packages/sqlalchemy/dialects/postgresql/asyncpg.py", line 797, in _handle_exception
    raise translated_error from error
sqlalchemy.exc.IntegrityError: (sqlalchemy.dialects.postgresql.asyncpg.IntegrityError) <class 'asyncpg.exceptions.ForeignKeyViolationError'>: insert or update on table "analysis_finding" violates foreign key constraint "analysis_finding_execution_telemetry_id_fkey"
DETAIL:  Key (execution_telemetry_id)=(91f659c8-e24c-4e72-971b-cdf448fa26a6) is not present in table "execution_telemetry".
[SQL: INSERT INTO analysis_finding (id, execution_telemetry_id, category, severity, evidence, suggested_fix, priority_rank, input_content, output_content, created_at) VALUES ($1::VARCHAR, $2::VARCHAR, $3::VARCHAR, $4::VARCHAR, $5::VARCHAR, $6::VARCHAR, $7::INTEGER, $8::VARCHAR, $9::VARCHAR, $10::TIMESTAMP WITH TIME ZONE)]
[parameters: ('0f89f1e5-f735-4ff1-80f6-abd41b8d9264', '91f659c8-e24c-4e72-971b-cdf448fa26a6', 'topology', 'info', 'Execution 91f659c8-e24c-4e72-971b-cdf448fa26a6 processed 109,327 input tokens to produce only 10,004 output tokens, resulting in a high input-to-output ratio.', 'Review the context window management for agent b2972519-389d-4c28-b232-f7fc483725f6; implement a summarization step or context pruning to reduce redundant input data passed to the agent.', None, None, None, datetime.datetime(2026, 5, 18, 11, 50, 27, 546182, tzinfo=datetime.timezone.utc))]
(Background on this error at: https://sqlalche.me/e/20/gkpj)
[2m11:50:27[0m [[33m[1mwarning  [0m] [1mFailed to emit evolution event evolution.failed for 91f659c8-e24c-4e72-971b-cdf448fa26a6: This Session's transaction has been rolled back due to a previous exception during flush. To begin a new transaction with this Session, first issue Session.rollback(). Original exception was: (sqlalchemy.dialects.postgresql.asyncpg.IntegrityError) <class 'asyncpg.exceptions.ForeignKeyViolationError'>: insert or update on table "analysis_finding" violates foreign key constraint "analysis_finding_execution_telemetry_id_fkey"
DETAIL:  Key (execution_telemetry_id)=(91f659c8-e24c-4e72-971b-cdf448fa26a6) is not present in table "execution_telemetry".
[SQL: INSERT INTO analysis_finding (id, execution_telemetry_id, category, severity, evidence, suggested_fix, priority_rank, input_content, output_content, created_at) VALUES ($1::VARCHAR, $2::VARCHAR, $3::VARCHAR, $4::VARCHAR, $5::VARCHAR, $6::VARCHAR, $7::INTEGER, $8::VARCHAR, $9::VARCHAR, $10::TIMESTAMP WITH TIME ZONE)]
[parameters: ('0f89f1e5-f735-4ff1-80f6-abd41b8d9264', '91f659c8-e24c-4e72-971b-cdf448fa26a6', 'topology', 'info', 'Execution 91f659c8-e24c-4e72-971b-cdf448fa26a6 processed 109,327 input tokens to produce only 10,004 output tokens, resulting in a high input-to-output ratio.', 'Review the context window management for agent b2972519-389d-4c28-b232-f7fc483725f6; implement a summarization step or context pruning to reduce redundant input data passed to the agent.', None, None, None, datetime.datetime(2026, 5, 18, 11, 50, 27, 546182, tzinfo=datetime.timezone.utc))]
(Background on this error at: https://sqlalche.me/e/20/gkpj) (Background on this error at: https://sqlalche.me/e/20/7s2a)[0m [36mreq[0m=[35m4f528690[0m
<sys>:0: SAWarning: Session's state has been changed on a non-active transaction - this state will be discarded.
[2m11:50:27[0m [[31m[1merror    [0m] [1mEvolution task failed for 91f659c8-e24c-4e72-971b-cdf448fa26a6: (sqlalchemy.dialects.postgresql.asyncpg.IntegrityError) <class 'asyncpg.exceptions.ForeignKeyViolationError'>: insert or update on table "analysis_finding" violates foreign key constraint "analysis_finding_execution_telemetry_id_fkey"
DETAIL:  Key (execution_telemetry_id)=(91f659c8-e24c-4e72-971b-cdf448fa26a6) is not present in table "execution_telemetry".
[SQL: INSERT INTO analysis_finding (id, execution_telemetry_id, category, severity, evidence, suggested_fix, priority_rank, input_content, output_content, created_at) VALUES ($1::VARCHAR, $2::VARCHAR, $3::VARCHAR, $4::VARCHAR, $5::VARCHAR, $6::VARCHAR, $7::INTEGER, $8::VARCHAR, $9::VARCHAR, $10::TIMESTAMP WITH TIME ZONE)]
[parameters: ('0f89f1e5-f735-4ff1-80f6-abd41b8d9264', '91f659c8-e24c-4e72-971b-cdf448fa26a6', 'topology', 'info', 'Execution 91f659c8-e24c-4e72-971b-cdf448fa26a6 processed 109,327 input tokens to produce only 10,004 output tokens, resulting in a high input-to-output ratio.', 'Review the context window management for agent b2972519-389d-4c28-b232-f7fc483725f6; implement a summarization step or context pruning to reduce redundant input data passed to the agent.', None, None, None, datetime.datetime(2026, 5, 18, 11, 50, 27, 546182, tzinfo=datetime.timezone.utc))]
(Background on this error at: https://sqlalche.me/e/20/gkpj)[0m [36mreq[0m=[35m4f528690[0m
Traceback (most recent call last):
  File "/Users/patrick/Documents/Uni/master_project/.venv/lib/python3.13/site-packages/sqlalchemy/dialects/postgresql/asyncpg.py", line 550, in _prepare_and_execute
    self._rows = deque(await prepared_stmt.fetch(*parameters))
                       ^^^^^^^^^^^^^^^^^^^^^^^^^^^^^^^^^^^^^^
  File "/Users/patrick/Documents/Uni/master_project/.venv/lib/python3.13/site-packages/asyncpg/prepared_stmt.py", line 177, in fetch
    data = await self.__bind_execute(args, 0, timeout)
           ^^^^^^^^^^^^^^^^^^^^^^^^^^^^^^^^^^^^^^^^^^^
  File "/Users/patrick/Documents/Uni/master_project/.venv/lib/python3.13/site-packages/asyncpg/prepared_stmt.py", line 268, in __bind_execute
    data, status, _ = await self.__do_execute(
                      ^^^^^^^^^^^^^^^^^^^^^^^^
        lambda protocol: protocol.bind_execute(
        ^^^^^^^^^^^^^^^^^^^^^^^^^^^^^^^^^^^^^^^
            self._state, args, '', limit, True, timeout))
            ^^^^^^^^^^^^^^^^^^^^^^^^^^^^^^^^^^^^^^^^^^^^^
  File "/Users/patrick/Documents/Uni/master_project/.venv/lib/python3.13/site-packages/asyncpg/prepared_stmt.py", line 257, in __do_execute
    return await executor(protocol)
           ^^^^^^^^^^^^^^^^^^^^^^^^
  File "asyncpg/protocol/protocol.pyx", line 205, in bind_execute
asyncpg.exceptions.ForeignKeyViolationError: insert or update on table "analysis_finding" violates foreign key constraint "analysis_finding_execution_telemetry_id_fkey"
DETAIL:  Key (execution_telemetry_id)=(91f659c8-e24c-4e72-971b-cdf448fa26a6) is not present in table "execution_telemetry".

The above exception was the direct cause of the following exception:

Traceback (most recent call last):
  File "/Users/patrick/Documents/Uni/master_project/.venv/lib/python3.13/site-packages/sqlalchemy/engine/base.py", line 1967, in _exec_single_context
    self.dialect.do_execute(
    ~~~~~~~~~~~~~~~~~~~~~~~^
        cursor, str_statement, effective_parameters, context
        ^^^^^^^^^^^^^^^^^^^^^^^^^^^^^^^^^^^^^^^^^^^^^^^^^^^^
    )
    ^
  File "/Users/patrick/Documents/Uni/master_project/.venv/lib/python3.13/site-packages/sqlalchemy/engine/default.py", line 951, in do_execute
    cursor.execute(statement, parameters)
    ~~~~~~~~~~~~~~^^^^^^^^^^^^^^^^^^^^^^^
  File "/Users/patrick/Documents/Uni/master_project/.venv/lib/python3.13/site-packages/sqlalchemy/dialects/postgresql/asyncpg.py", line 585, in execute
    self._adapt_connection.await_(
    ~~~~~~~~~~~~~~~~~~~~~~~~~~~~~^
        self._prepare_and_execute(operation, parameters)
        ^^^^^^^^^^^^^^^^^^^^^^^^^^^^^^^^^^^^^^^^^^^^^^^^
    )
    ^
  File "/Users/patrick/Documents/Uni/master_project/.venv/lib/python3.13/site-packages/sqlalchemy/util/_concurrency_py3k.py", line 132, in await_only
    return current.parent.switch(awaitable)  # type: ignore[no-any-return,attr-defined] # noqa: E501
           ~~~~~~~~~~~~~~~~~~~~~^^^^^^^^^^^
  File "/Users/patrick/Documents/Uni/master_project/.venv/lib/python3.13/site-packages/sqlalchemy/util/_concurrency_py3k.py", line 196, in greenlet_spawn
    value = await result
            ^^^^^^^^^^^^
  File "/Users/patrick/Documents/Uni/master_project/.venv/lib/python3.13/site-packages/sqlalchemy/dialects/postgresql/asyncpg.py", line 563, in _prepare_and_execute
    self._handle_exception(error)
    ~~~~~~~~~~~~~~~~~~~~~~^^^^^^^
  File "/Users/patrick/Documents/Uni/master_project/.venv/lib/python3.13/site-packages/sqlalchemy/dialects/postgresql/asyncpg.py", line 513, in _handle_exception
    self._adapt_connection._handle_exception(error)
    ~~~~~~~~~~~~~~~~~~~~~~~~~~~~~~~~~~~~~~~~^^^^^^^
  File "/Users/patrick/Documents/Uni/master_project/.venv/lib/python3.13/site-packages/sqlalchemy/dialects/postgresql/asyncpg.py", line 797, in _handle_exception
    raise translated_error from error
sqlalchemy.dialects.postgresql.asyncpg.AsyncAdapt_asyncpg_dbapi.IntegrityError: <class 'asyncpg.exceptions.ForeignKeyViolationError'>: insert or update on table "analysis_finding" violates foreign key constraint "analysis_finding_execution_telemetry_id_fkey"
DETAIL:  Key (execution_telemetry_id)=(91f659c8-e24c-4e72-971b-cdf448fa26a6) is not present in table "execution_telemetry".

The above exception was the direct cause of the following exception:

Traceback (most recent call last):
  File "/Users/patrick/Documents/Uni/master_project/backend/app/orchestration/orchestrators/hybrid_orchestrator.py", line 1392, in _run_evolution_loop_safely
    await service.run_post_execution_evolution(execution_id)
  File "/Users/patrick/Documents/Uni/master_project/backend/app/services/evolution_loop_service.py", line 81, in run_post_execution_evolution
    await self.analysis_pipeline.run(execution_id)
  File "/Users/patrick/Documents/Uni/master_project/backend/app/services/analysis_pipeline.py", line 156, in run
    stored = await self.finding_repo.create(create_data)
             ^^^^^^^^^^^^^^^^^^^^^^^^^^^^^^^^^^^^^^^^^^^
  File "/Users/patrick/Documents/Uni/master_project/backend/app/repositories/finding_repository.py", line 66, in create
    await self.session.commit()
  File "/Users/patrick/Documents/Uni/master_project/.venv/lib/python3.13/site-packages/sqlalchemy/ext/asyncio/session.py", line 1000, in commit
    await greenlet_spawn(self.sync_session.commit)
  File "/Users/patrick/Documents/Uni/master_project/.venv/lib/python3.13/site-packages/sqlalchemy/util/_concurrency_py3k.py", line 203, in greenlet_spawn
    result = context.switch(value)
  File "/Users/patrick/Documents/Uni/master_project/.venv/lib/python3.13/site-packages/sqlalchemy/orm/session.py", line 2030, in commit
    trans.commit(_to_root=True)
    ~~~~~~~~~~~~^^^^^^^^^^^^^^^
  File "<string>", line 2, in commit
  File "/Users/patrick/Documents/Uni/master_project/.venv/lib/python3.13/site-packages/sqlalchemy/orm/state_changes.py", line 137, in _go
    ret_value = fn(self, *arg, **kw)
  File "/Users/patrick/Documents/Uni/master_project/.venv/lib/python3.13/site-packages/sqlalchemy/orm/session.py", line 1311, in commit
    self._prepare_impl()
    ~~~~~~~~~~~~~~~~~~^^
  File "<string>", line 2, in _prepare_impl
  File "/Users/patrick/Documents/Uni/master_project/.venv/lib/python3.13/site-packages/sqlalchemy/orm/state_changes.py", line 137, in _go
    ret_value = fn(self, *arg, **kw)
  File "/Users/patrick/Documents/Uni/master_project/.venv/lib/python3.13/site-packages/sqlalchemy/orm/session.py", line 1286, in _prepare_impl
    self.session.flush()
    ~~~~~~~~~~~~~~~~~~^^
  File "/Users/patrick/Documents/Uni/master_project/.venv/lib/python3.13/site-packages/sqlalchemy/orm/session.py", line 4331, in flush
    self._flush(objects)
    ~~~~~~~~~~~^^^^^^^^^
  File "/Users/patrick/Documents/Uni/master_project/.venv/lib/python3.13/site-packages/sqlalchemy/orm/session.py", line 4466, in _flush
    with util.safe_reraise():
         ~~~~~~~~~~~~~~~~~^^
  File "/Users/patrick/Documents/Uni/master_project/.venv/lib/python3.13/site-packages/sqlalchemy/util/langhelpers.py", line 224, in __exit__
    raise exc_value.with_traceback(exc_tb)
  File "/Users/patrick/Documents/Uni/master_project/.venv/lib/python3.13/site-packages/sqlalchemy/orm/session.py", line 4427, in _flush
    flush_context.execute()
    ~~~~~~~~~~~~~~~~~~~~~^^
  File "/Users/patrick/Documents/Uni/master_project/.venv/lib/python3.13/site-packages/sqlalchemy/orm/unitofwork.py", line 466, in execute
    rec.execute(self)
    ~~~~~~~~~~~^^^^^^
  File "/Users/patrick/Documents/Uni/master_project/.venv/lib/python3.13/site-packages/sqlalchemy/orm/unitofwork.py", line 642, in execute
    util.preloaded.orm_persistence.save_obj(
    ~~~~~~~~~~~~~~~~~~~~~~~~~~~~~~~~~~~~~~~^
        self.mapper,
        ^^^^^^^^^^^^
        uow.states_for_mapper_hierarchy(self.mapper, False, False),
        ^^^^^^^^^^^^^^^^^^^^^^^^^^^^^^^^^^^^^^^^^^^^^^^^^^^^^^^^^^^
        uow,
        ^^^^
    )
    ^
  File "/Users/patrick/Documents/Uni/master_project/.venv/lib/python3.13/site-packages/sqlalchemy/orm/persistence.py", line 93, in save_obj
    _emit_insert_statements(
    ~~~~~~~~~~~~~~~~~~~~~~~^
        base_mapper,
        ^^^^^^^^^^^^
    ...<3 lines>...
        insert,
        ^^^^^^^
    )
    ^
  File "/Users/patrick/Documents/Uni/master_project/.venv/lib/python3.13/site-packages/sqlalchemy/orm/persistence.py", line 1233, in _emit_insert_statements
    result = connection.execute(
        statement,
        params,
        execution_options=execution_options,
    )
  File "/Users/patrick/Documents/Uni/master_project/.venv/lib/python3.13/site-packages/sqlalchemy/engine/base.py", line 1419, in execute
    return meth(
        self,
        distilled_parameters,
        execution_options or NO_OPTIONS,
    )
  File "/Users/patrick/Documents/Uni/master_project/.venv/lib/python3.13/site-packages/sqlalchemy/sql/elements.py", line 526, in _execute_on_connection
    return connection._execute_clauseelement(
           ~~~~~~~~~~~~~~~~~~~~~~~~~~~~~~~~~^
        self, distilled_params, execution_options
        ^^^^^^^^^^^^^^^^^^^^^^^^^^^^^^^^^^^^^^^^^
    )
    ^
  File "/Users/patrick/Documents/Uni/master_project/.venv/lib/python3.13/site-packages/sqlalchemy/engine/base.py", line 1641, in _execute_clauseelement
    ret = self._execute_context(
        dialect,
    ...<8 lines>...
        cache_hit=cache_hit,
    )
  File "/Users/patrick/Documents/Uni/master_project/.venv/lib/python3.13/site-packages/sqlalchemy/engine/base.py", line 1846, in _execute_context
    return self._exec_single_context(
           ~~~~~~~~~~~~~~~~~~~~~~~~~^
        dialect, context, statement, parameters
        ^^^^^^^^^^^^^^^^^^^^^^^^^^^^^^^^^^^^^^^
    )
    ^
  File "/Users/patrick/Documents/Uni/master_project/.venv/lib/python3.13/site-packages/sqlalchemy/engine/base.py", line 1986, in _exec_single_context
    self._handle_dbapi_exception(
    ~~~~~~~~~~~~~~~~~~~~~~~~~~~~^
        e, str_statement, effective_parameters, cursor, context
        ^^^^^^^^^^^^^^^^^^^^^^^^^^^^^^^^^^^^^^^^^^^^^^^^^^^^^^^
    )
    ^
  File "/Users/patrick/Documents/Uni/master_project/.venv/lib/python3.13/site-packages/sqlalchemy/engine/base.py", line 2355, in _handle_dbapi_exception
    raise sqlalchemy_exception.with_traceback(exc_info[2]) from e
  File "/Users/patrick/Documents/Uni/master_project/.venv/lib/python3.13/site-packages/sqlalchemy/engine/base.py", line 1967, in _exec_single_context
    self.dialect.do_execute(
    ~~~~~~~~~~~~~~~~~~~~~~~^
        cursor, str_statement, effective_parameters, context
        ^^^^^^^^^^^^^^^^^^^^^^^^^^^^^^^^^^^^^^^^^^^^^^^^^^^^
    )
    ^
  File "/Users/patrick/Documents/Uni/master_project/.venv/lib/python3.13/site-packages/sqlalchemy/engine/default.py", line 951, in do_execute
    cursor.execute(statement, parameters)
    ~~~~~~~~~~~~~~^^^^^^^^^^^^^^^^^^^^^^^
  File "/Users/patrick/Documents/Uni/master_project/.venv/lib/python3.13/site-packages/sqlalchemy/dialects/postgresql/asyncpg.py", line 585, in execute
    self._adapt_connection.await_(
    ~~~~~~~~~~~~~~~~~~~~~~~~~~~~~^
        self._prepare_and_execute(operation, parameters)
        ^^^^^^^^^^^^^^^^^^^^^^^^^^^^^^^^^^^^^^^^^^^^^^^^
    )
    ^
  File "/Users/patrick/Documents/Uni/master_project/.venv/lib/python3.13/site-packages/sqlalchemy/util/_concurrency_py3k.py", line 132, in await_only
    return current.parent.switch(awaitable)  # type: ignore[no-any-return,attr-defined] # noqa: E501
           ~~~~~~~~~~~~~~~~~~~~~^^^^^^^^^^^
  File "/Users/patrick/Documents/Uni/master_project/.venv/lib/python3.13/site-packages/sqlalchemy/util/_concurrency_py3k.py", line 196, in greenlet_spawn
    value = await result
            ^^^^^^^^^^^^
  File "/Users/patrick/Documents/Uni/master_project/.venv/lib/python3.13/site-packages/sqlalchemy/dialects/postgresql/asyncpg.py", line 563, in _prepare_and_execute
    self._handle_exception(error)
    ~~~~~~~~~~~~~~~~~~~~~~^^^^^^^
  File "/Users/patrick/Documents/Uni/master_project/.venv/lib/python3.13/site-packages/sqlalchemy/dialects/postgresql/asyncpg.py", line 513, in _handle_exception
    self._adapt_connection._handle_exception(error)
    ~~~~~~~~~~~~~~~~~~~~~~~~~~~~~~~~~~~~~~~~^^^^^^^
  File "/Users/patrick/Documents/Uni/master_project/.venv/lib/python3.13/site-packages/sqlalchemy/dialects/postgresql/asyncpg.py", line 797, in _handle_exception
    raise translated_error from error
sqlalchemy.exc.IntegrityError: (sqlalchemy.dialects.postgresql.asyncpg.IntegrityError) <class 'asyncpg.exceptions.ForeignKeyViolationError'>: insert or update on table "analysis_finding" violates foreign key constraint "analysis_finding_execution_telemetry_id_fkey"
DETAIL:  Key (execution_telemetry_id)=(91f659c8-e24c-4e72-971b-cdf448fa26a6) is not present in table "execution_telemetry".
[SQL: INSERT INTO analysis_finding (id, execution_telemetry_id, category, severity, evidence, suggested_fix, priority_rank, input_content, output_content, created_at) VALUES ($1::VARCHAR, $2::VARCHAR, $3::VARCHAR, $4::VARCHAR, $5::VARCHAR, $6::VARCHAR, $7::INTEGER, $8::VARCHAR, $9::VARCHAR, $10::TIMESTAMP WITH TIME ZONE)]
[parameters: ('0f89f1e5-f735-4ff1-80f6-abd41b8d9264', '91f659c8-e24c-4e72-971b-cdf448fa26a6', 'topology', 'info', 'Execution 91f659c8-e24c-4e72-971b-cdf448fa26a6 processed 109,327 input tokens to produce only 10,004 output tokens, resulting in a high input-to-output ratio.', 'Review the context window management for agent b2972519-389d-4c28-b232-f7fc483725f6; implement a summarization step or context pruning to reduce redundant input data passed to the agent.', None, None, None, datetime.datetime(2026, 5, 18, 11, 50, 27, 546182, tzinfo=datetime.timezone.utc))]
(Background on this error at: https://sqlalche.me/e/20/gkpj)
[2m11:50:28[0m [[32m[1minfo     [0m] [1mGetting challenge status: id=8bff98fd-9f4a-489d-925d-bd345398cec2[0m [36mreq[0m=[35mdaaa9e75[0m
[2m11:50:28[0m [[32m[1minfo     [0m] [1mrequest_finished                        [0m [36mduration[0m=[35m0.009[0m [36mmethod[0m=[35mGET[0m [36mpath[0m=[35m/api/v1/challenges/8bff98fd-9f4a-489d-925d-bd345398cec2[0m [36mreq[0m=[35mdaaa9e75[0m [36mrequest_id[0m=[35mdaaa9e75-f316-48b4-9df2-7f539537c5ee[0m [36mstatus[0m=[35m200[0m
[2m11:50:28[0m [[32m[1minfo     [0m] [1mGetting challenge results: id=8bff98fd-9f4a-489d-925d-bd345398cec2[0m [36mreq[0m=[35m826490ff[0m
[2m11:50:28[0m [[32m[1minfo     [0m] [1mrequest_finished                        [0m [36mduration[0m=[35m0.008[0m [36mmethod[0m=[35mGET[0m [36mpath[0m=[35m/api/v1/challenges/8bff98fd-9f4a-489d-925d-bd345398cec2/results[0m [36mreq[0m=[35m826490ff[0m [36mrequest_id[0m=[35m826490ff-d9a1-4a8e-9946-36946ef25d43[0m [36mstatus[0m=[35m200[0m
[2m11:50:30[0m [[32m[1minfo     [0m] [1mDirect challenge analysis: execution_id=318386e1-dab5-43e3-9600-6d55c5797da7[0m [36mreq[0m=[35m501f4849[0m
/Users/patrick/Documents/Uni/master_project/backend/app/orchestration/analysis/orchestrator.py:309: UserWarning: Qdrant client version 1.16.1 is incompatible with server version 1.18.0. Major versions should match and minor version difference must not exceed 1. Set check_compatibility=False to skip version check.
  qdrant_client = QdrantClient(url=qdrant_url)
[2m11:50:30[0m [[32m[1minfo     [0m] [1mPre-execution analysis starting for execution 318386e1-dab5-43e3-9600-6d55c5797da7[0m [36mreq[0m=[35m501f4849[0m
[2m11:50:30[0m [[32m[1minfo     [0m] [1mAnalyzing challenge for execution 318386e1-dab5-43e3-9600-6d55c5797da7[0m [36mreq[0m=[35m501f4849[0m
[2m11:50:30[0m [[32m[1minfo     [0m] [1mLoading topology from database...       [0m [36mreq[0m=[35m501f4849[0m
[2m11:50:31[0m [[32m[1minfo     [0m] [1mMapped 9 skill entries to 8 capabilities[0m [36mreq[0m=[35m501f4849[0m
[2m11:50:31[0m [[32m[1minfo     [0m] [1mTopology validated: 11 agents in 5 waves[0m [36mreq[0m=[35m501f4849[0m
[2m11:50:31[0m [[32m[1minfo     [0m] [1mLoaded 9 skills for topology            [0m [36mreq[0m=[35m501f4849[0m
[2m11:50:31[0m [[32m[1minfo     [0m] [1mTopology loaded: 11 agents, 5 waves     [0m [36mreq[0m=[35m501f4849[0m
[2m11:50:31[0m [[32m[1minfo     [0m] [1mSkill 'skill_connect_to_postgresql_database_using_provided_credentials' provides affected_capability: 'connect to PostgreSQL database using provided credentials'[0m [36mreq[0m=[35m501f4849[0m
[2m11:50:31[0m [[32m[1minfo     [0m] [1mSkill 'skill_execute_sql_queries_to_list_database_tables' provides affected_capability: 'execute SQL queries to list database tables'[0m [36mreq[0m=[35m501f4849[0m
[2m11:50:31[0m [[32m[1minfo     [0m] [1mSkill 'skill_generate_a_text_based_schema_diagram' provides affected_capability: 'generate a text-based schema diagram'[0m [36mreq[0m=[35m501f4849[0m
[2m11:50:31[0m [[32m[1minfo     [0m] [1mSkill 'skill_calculate_progress_percentages,_total_hours,_and_report_counts_per_trade' provides affected_capability: 'calculate progress percentages, total hours, and report counts per trade'[0m [36mreq[0m=[35m501f4849[0m
[2m11:50:31[0m [[32m[1minfo     [0m] [1mSkill 'skill_direkter_sql_datenbank_konnektor_(die_verfügbaren_agenten_nutzen_generische_skills,_die_eine_abstraktion_der_datenbankverbindung_voraussetzen)' provides affected_capability: 'Direkter SQL-Datenbank-Konnektor (die verfügbaren Agenten nutzen generische Skills, die eine Abstraktion der Datenbankverbindung voraussetzen)'[0m [36mreq[0m=[35m501f4849[0m
[2m11:50:31[0m [[32m[1minfo     [0m] [1mSkill 'skill_execute_sql_queries_to_retrieve_column_metadata_and_foreign_key_constraints' provides affected_capability: 'execute SQL queries to retrieve column metadata and foreign key constraints'[0m [36mreq[0m=[35m501f4849[0m
[2m11:50:31[0m [[32m[1minfo     [0m] [1mSkill 'skill_analyze_database_schema_structure' provides affected_capability: 'analyze database schema structure'[0m [36mreq[0m=[35m501f4849[0m
[2m11:50:31[0m [[32m[1minfo     [0m] [1mSkill 'skill_direkter_sql_datenbank_konnektor_(die_verfügbaren_agenten_sind_auf_text/kontext_verarbeitung_spezialisiert,_die_datenbank_abfrage_muss_durch_einen_spezialisierten_db_agenten_oder_ein_tool_interface_innerhalb_des_context_retriever_erfolgen)' provides affected_capability: 'Direkter SQL-Datenbank-Konnektor (die verfügbaren Agenten sind auf Text/Kontext-Verarbeitung spezialisiert, die Datenbank-Abfrage muss durch einen spezialisierten DB-Agenten oder ein Tool-Interface innerhalb des context_retriever erfolgen)'[0m [36mreq[0m=[35m501f4849[0m
[2m11:50:31[0m [[32m[1minfo     [0m] [1mSkill 'skill_output_ist_rein_theoretisch_/_beschreibend' provides affected_capability: 'Output ist rein theoretisch / beschreibend'[0m [36mreq[0m=[35m501f4849[0m
[2m11:50:31[0m [[32m[1minfo     [0m] [1mExtracted 9 capabilities from 9 active skills[0m [36mreq[0m=[35m501f4849[0m
[2m11:50:31[0m [[32m[1minfo     [0m] [1mPrompt 'prompt_analyze_project_data_to_identify_the_trade_with_the_highest_delay_risk' provides affected_capability: 'analyze project data to identify the trade with the highest delay risk'[0m [36mreq[0m=[35m501f4849[0m
[2m11:50:31[0m [[32m[1minfo     [0m] [1mExtracted 1 capabilities from 1 active prompts[0m [36mreq[0m=[35m501f4849[0m
[2m11:50:31[0m [[32m[1minfo     [0m] [1mLLM extracted 5 capabilities: 4 execution, 1 knowledge[0m [36mreq[0m=[35m501f4849[0m
[2m11:50:31[0m [[32m[1minfo     [0m] [1mExtracted 5 required capabilities       [0m [36mreq[0m=[35m501f4849[0m
[2m11:50:33[0m [[32m[1minfo     [0m] [1mAssessment complete: MAYBE (3 gaps, 3 suggestions)[0m [36mreq[0m=[35m501f4849[0m
[2m11:50:33[0m [[32m[1minfo     [0m] [1mASSESSMENT_LOG execution_id=318386e1-dab5-43e3-9600-6d55c5797da7 confidence=MAYBE gaps=3 route=developer_team duration_ms=2881[0m [36mreq[0m=[35m501f4849[0m
[2m11:50:33[0m [[32m[1minfo     [0m] [1mPre-execution analysis complete: MAYBE -> route: developer_team[0m [36mreq[0m=[35m501f4849[0m
[2m11:50:33[0m [[32m[1minfo     [0m] [1mOrchestrator analysis complete: confidence=MAYBE, route=developer_team[0m [36mreq[0m=[35m501f4849[0m
[2m11:50:33[0m [[32m[1minfo     [0m] [1m0 gaps already satisfied, 3 remaining   [0m [36mreq[0m=[35m501f4849[0m
[2m11:50:33[0m [[32m[1minfo     [0m] [1mGenerated build plan for challenge 1f899a88-2666-4898-9237-5f1731afdc1c: 3 items, 0 critical[0m [36mreq[0m=[35m501f4849[0m
[2m11:50:33[0m [[32m[1minfo     [0m] [1mrequest_finished                        [0m [36mduration[0m=[35m3.015[0m [36mmethod[0m=[35mPOST[0m [36mpath[0m=[35m/api/v1/challenges/analyze[0m [36mreq[0m=[35m501f4849[0m [36mrequest_id[0m=[35m501f4849-46d0-401f-a575-a3eaa458d065[0m [36mstatus[0m=[35m200[0m
[2m11:50:33[0m [[32m[1minfo     [0m] [1mStarting capability building: challenge_id=1f899a88-2666-4898-9237-5f1731afdc1c[0m [36mreq[0m=[35m501f4849[0m
[2m11:50:33[0m [[32m[1minfo     [0m] [1mLoading topology from database...       [0m [36mreq[0m=[35m501f4849[0m
[2m11:50:33[0m [[32m[1minfo     [0m] [1mMapped 9 skill entries to 8 capabilities[0m [36mreq[0m=[35m501f4849[0m
[2m11:50:33[0m [[32m[1minfo     [0m] [1mTopology validated: 11 agents in 5 waves[0m [36mreq[0m=[35m501f4849[0m
[2m11:50:34[0m [[32m[1minfo     [0m] [1mLoaded 9 skills for topology            [0m [36mreq[0m=[35m501f4849[0m
[2m11:50:34[0m [[32m[1minfo     [0m] [1mTopology loaded: 11 agents, 5 waves     [0m [36mreq[0m=[35m501f4849[0m
[2m11:50:34[0m [[32m[1minfo     [0m] [1mRuntimeAgentRegistry initialized with max_concurrent=5[0m [36mreq[0m=[35m501f4849[0m
[2m11:50:34[0m [[32m[1minfo     [0m] [1mProcessing blocked challenge: id=1f899a88..., attempt=1/5[0m [36mreq[0m=[35m501f4849[0m
[2m11:50:34[0m [[32m[1minfo     [0m] [1mCreated gap plan: id=69dfd53a..., challenge=1f899a88..., gaps=3, cycle=1[0m [36mreq[0m=[35m501f4849[0m
[2m11:50:34[0m [[32m[1minfo     [0m] [1mCreated gap plan: 69dfd53a..., cycle=1, gaps=3[0m [36mreq[0m=[35m501f4849[0m
[2m11:50:34[0m [[32m[1minfo     [0m] [1mStarted gap plan: 69dfd53a...           [0m [36mreq[0m=[35m501f4849[0m
[2m11:50:34[0m [[32m[1minfo     [0m] [1mExecuting gap plan: 69dfd53a..., total_gaps=3, cycle=1[0m [36mreq[0m=[35m501f4849[0m
[2m11:50:34[0m [[32m[1minfo     [0m] [1mProcessing gap: 3de35de5... type=missing_skill, capability=execute SQL queries to aggregate defect counts by severity and status, severity=important[0m [36mreq[0m=[35m501f4849[0m
[2m11:50:34[0m [[32m[1minfo     [0m] [1mStrategy proposed for execute SQL queries to aggregate defect counts by severity and status: direct (confidence=0.5)[0m [36mreq[0m=[35m501f4849[0m
[2m11:50:34[0m [[32m[1minfo     [0m] [1mBuilding capability: gap_type=missing_skill, severity=important, attempt=1, approach=direct[0m [36mreq[0m=[35m501f4849[0m
[2m11:50:34[0m [[32m[1minfo     [0m] [1mUsing Skill Team for capability: execute SQL queries to aggregate defect counts by severity and status[0m [36mreq[0m=[35m501f4849[0m
[2m11:50:34[0m [[32m[1minfo     [0m] [1mStarting team-based skill development for: execute SQL queries to aggregate defect counts by severity and status[0m [36mreq[0m=[35m501f4849[0m
[2m11:50:34[0m [[32m[1minfo     [0m] [1mResearching capability: execute SQL queries to aggregate defect counts by severity and status[0m [36mreq[0m=[35m501f4849[0m
[2m11:50:34[0m [[32m[1minfo     [0m] [1mresponse: https://en.wikipedia.org/w/api.php?action=opensearch&profile=fuzzy&limit=1&search=python%20execute%20SQL%20queries%20to%20aggregate%20defect%20counts%20by%20severity%20and%20status%20implementation%20example%20code 200[0m
[2m11:50:34[0m [[32m[1minfo     [0m] [1mresponse: https://grokipedia.com/api/typeahead?query=python+execute+SQL+queries+to+aggregate+defect+counts+by+severity+and+status+implementation+example+code&limit=1 200[0m
[2m11:50:34[0m [[32m[1minfo     [0m] [1mresponse: https://www.google.com/search?q=python+execute+SQL+queries+to+aggregate+defect+counts+by+severity+and+status+implementation+example+code&filter=1&start=0&hl=en-US&lr=lang_en&cr=countryUS 200[0m
[2m11:50:34[0m [[32m[1minfo     [0m] [1mresponse: https://search.brave.com/search?q=python+execute+SQL+queries+to+aggregate+defect+counts+by+severity+and+status+implementation+example+code&source=web 429[0m
[2m11:50:35[0m [[32m[1minfo     [0m] [1mresponse: https://search.yahoo.com/search;_ylt=80kc526RoR4QfFZYumd9OqWS;_ylu=mtf5mLWdlG3ffyl2gpI69zD4asG7m8pzNmOXxPZtv1ZoThg?p=python+execute+SQL+queries+to+aggregate+defect+counts+by+severity+and+status+implementation+example+code 200[0m
[2m11:50:35[0m [[32m[1minfo     [0m] [1mWeb search for 'python execute SQL queries to aggregate defect counts by sev' returned 5 results[0m [36mreq[0m=[35m501f4849[0m
[2m11:50:38[0m [[32m[1minfo     [0m] [1mSummarized 5 sources into 2683 chars    [0m [36mreq[0m=[35m501f4849[0m
[2m11:50:38[0m [[32m[1minfo     [0m] [1mResearch complete for execute SQL queries to aggregate defect counts by severity and status: pip=['psycopg2-binary'], examples=1[0m [36mreq[0m=[35m501f4849[0m
[2m11:50:38[0m [[32m[1minfo     [0m] [1mResearch complete: 1 packages found     [0m [36mreq[0m=[35m501f4849[0m
[2m11:50:41[0m [[32m[1minfo     [0m] [1mArchitecture complete: 2 test cases defined[0m [36mreq[0m=[35m501f4849[0m
[2m11:50:41[0m [[32m[1minfo     [0m] [1mSession start: iteration=1/10, pip=1, apt=0[0m [36mreq[0m=[35m501f4849[0m
[2m11:50:41[0m [[32m[1minfo     [0m] [1mDocker client connected successfully    [0m [36mreq[0m=[35m501f4849[0m
[2m11:50:42[0m [[32m[1minfo     [0m] [1mSession container created: 2a0c5659646f [0m [36mreq[0m=[35m501f4849[0m
[2m11:50:42[0m [[32m[1minfo     [0m] [1mInstalling pip packages: "psycopg2-binary"[0m [36mreq[0m=[35m501f4849[0m
[2m11:50:43[0m [[32m[1minfo     [0m] [1mPip packages installed successfully     [0m [36mreq[0m=[35m501f4849[0m
[2m11:50:43[0m [[32m[1minfo     [0m] [1mImplementation iteration 1/10           [0m [36mreq[0m=[35m501f4849[0m
[2m11:50:43[0m [[32m[1minfo     [0m] [1mGetting challenge status: id=1f899a88-2666-4898-9237-5f1731afdc1c[0m [36mreq[0m=[35m48ddf0e6[0m
[2m11:50:43[0m [[32m[1minfo     [0m] [1mrequest_finished                        [0m [36mduration[0m=[35m0.011[0m [36mmethod[0m=[35mGET[0m [36mpath[0m=[35m/api/v1/challenges/1f899a88-2666-4898-9237-5f1731afdc1c[0m [36mreq[0m=[35m48ddf0e6[0m [36mrequest_id[0m=[35m48ddf0e6-fb40-4b57-90ef-f7d5bd877f63[0m [36mstatus[0m=[35m200[0m
[2m11:50:45[0m [[33m[1mwarning  [0m] [1mCode execution failed (exit=1): Testing with input: {'db_type': 'postgresql', 'connection_params': {'dsn': 'postgresql://lumari:lumari_dev@lumari-postgres:5432/lumari'}, 'query': 'SELECT severity, status, COUNT(*) as count FROM defects GROUP BY severity, status;'}
Result: {'success': False, 'error': 'Database error: relation "defects" does not exist\nLINE 1: SELECT severity, status, COUNT(*) as count FROM defects GROU...\n                                                        ^\n'}
TEST FAILED: Database error: relation "defec[0m [36mreq[0m=[35m501f4849[0m
[2m11:50:45[0m [[32m[1minfo     [0m] [1mRecorded build attempt: capability=execute SQL queries to aggregate defect counts by severity and status, success=False, error_type=ErrorType.RUNTIME_ERROR[0m [36mreq[0m=[35m501f4849[0m
[2m11:50:47[0m [[32m[1minfo     [0m] [1mDebug [LOGIC_ERROR]: produced fixed code (2126 chars)[0m [36mreq[0m=[35m501f4849[0m
[2m11:50:47[0m [[32m[1minfo     [0m] [1mImplementation iteration 2/10           [0m [36mreq[0m=[35m501f4849[0m
[2m11:50:47[0m [[33m[1mwarning  [0m] [1mCode execution failed (exit=1): Testing with input: {'db_type': 'postgresql', 'connection_params': {'dsn': 'postgresql://lumari:lumari_dev@lumari-postgres:5432/lumari'}, 'query': 'SELECT severity, status, COUNT(*) as count FROM defects GROUP BY severity, status;'}
Result: {'success': False, 'error': 'Database error: relation "defects" does not exist\nLINE 1: SELECT severity, status, COUNT(*) as count FROM defects GROU...\n                                                        ^\n'}
TEST FAILED: Database error: relation "defec[0m [36mreq[0m=[35m501f4849[0m
[2m11:50:47[0m [[32m[1minfo     [0m] [1mRecorded build attempt: capability=execute SQL queries to aggregate defect counts by severity and status, success=False, error_type=ErrorType.RUNTIME_ERROR[0m [36mreq[0m=[35m501f4849[0m
[2m11:50:49[0m [[32m[1minfo     [0m] [1mDebug [LOGIC_ERROR]: produced fixed code (2301 chars)[0m [36mreq[0m=[35m501f4849[0m
[2m11:50:49[0m [[32m[1minfo     [0m] [1mImplementation iteration 3/10           [0m [36mreq[0m=[35m501f4849[0m
[2m11:50:49[0m [[33m[1mwarning  [0m] [1mCode execution failed (exit=1): Testing with input: {'db_type': 'postgresql', 'connection_params': {'dsn': 'postgresql://lumari:lumari_dev@lumari-postgres:5432/lumari'}, 'query': 'SELECT severity, status, COUNT(*) as count FROM defects GROUP BY severity, status;'}
Result: {'success': False, 'error': 'Database error: relation "defect" does not exist\nLINE 1: SELECT severity, status, COUNT(*) as count FROM defect GROUP...\n                                                        ^\n'}
TEST FAILED: Database error: relation "defect[0m [36mreq[0m=[35m501f4849[0m
[2m11:50:49[0m [[32m[1minfo     [0m] [1mRecorded build attempt: capability=execute SQL queries to aggregate defect counts by severity and status, success=False, error_type=ErrorType.RUNTIME_ERROR[0m [36mreq[0m=[35m501f4849[0m
[2m11:50:49[0m [[33m[1mwarning  [0m] [1mApproach-Switch: psycopg2 scheitert wiederholt[0m [36mreq[0m=[35m501f4849[0m
[2m11:50:51[0m [[32m[1minfo     [0m] [1mDebug [LOGIC_ERROR]: produced fixed code (2368 chars)[0m [36mreq[0m=[35m501f4849[0m
[2m11:50:53[0m [[32m[1minfo     [0m] [1mGetting challenge status: id=1f899a88-2666-4898-9237-5f1731afdc1c[0m [36mreq[0m=[35m7bef9db2[0m
[2m11:50:53[0m [[32m[1minfo     [0m] [1mrequest_finished                        [0m [36mduration[0m=[35m0.008[0m [36mmethod[0m=[35mGET[0m [36mpath[0m=[35m/api/v1/challenges/1f899a88-2666-4898-9237-5f1731afdc1c[0m [36mreq[0m=[35m7bef9db2[0m [36mrequest_id[0m=[35m7bef9db2-74c0-4053-a78a-90bac018f387[0m [36mstatus[0m=[35m200[0m
[2m11:50:56[0m [[32m[1minfo     [0m] [1mSession start: iteration=4/10, pip=0, apt=0[0m [36mreq[0m=[35m501f4849[0m
[2m11:50:56[0m [[32m[1minfo     [0m] [1mSession container created: 9ad3198b0c66 [0m [36mreq[0m=[35m501f4849[0m
[2m11:50:56[0m [[32m[1minfo     [0m] [1mImplementation iteration 4/10           [0m [36mreq[0m=[35m501f4849[0m
[2m11:50:56[0m [[32m[1minfo     [0m] [1mProaktiv erkannte neue Packages: ['psycopg2-binary'][0m [36mreq[0m=[35m501f4849[0m
[2m11:51:02[0m [[32m[1minfo     [0m] [1mSession start: iteration=5/10, pip=1, apt=0[0m [36mreq[0m=[35m501f4849[0m
[2m11:51:02[0m [[32m[1minfo     [0m] [1mSession container created: 094a8dec0748 [0m [36mreq[0m=[35m501f4849[0m
[2m11:51:02[0m [[32m[1minfo     [0m] [1mInstalling pip packages: "psycopg2-binary"[0m [36mreq[0m=[35m501f4849[0m
[2m11:51:03[0m [[32m[1minfo     [0m] [1mPip packages installed successfully     [0m [36mreq[0m=[35m501f4849[0m
[2m11:51:03[0m [[32m[1minfo     [0m] [1mImplementation iteration 5/10           [0m [36mreq[0m=[35m501f4849[0m
[2m11:51:03[0m [[33m[1mwarning  [0m] [1mCode execution failed (exit=1): Testing with input: {'db_type': 'postgresql', 'connection_params': {'dsn': 'postgresql://lumari:lumari_dev@lumari-postgres:5432/lumari'}, 'query': 'SELECT severity, status, COUNT(*) as count FROM defects GROUP BY severity, status;'}
Result: {'success': False, 'error': 'Database error: relation "defect" does not exist\nLINE 1: SELECT severity, status, COUNT(*) as count FROM defect GROUP...\n                                                        ^\n'}
TEST FAILED: Database error: relation "defect[0m [36mreq[0m=[35m501f4849[0m
[2m11:51:03[0m [[32m[1minfo     [0m] [1mRecorded build attempt: capability=execute SQL queries to aggregate defect counts by severity and status, success=False, error_type=ErrorType.RUNTIME_ERROR[0m [36mreq[0m=[35m501f4849[0m
[2m11:51:03[0m [[33m[1mwarning  [0m] [1mApproach-Switch: psycopg2 scheitert wiederholt[0m [36mreq[0m=[35m501f4849[0m
[2m11:51:03[0m [[32m[1minfo     [0m] [1mGetting challenge status: id=1f899a88-2666-4898-9237-5f1731afdc1c[0m [36mreq[0m=[35mba1c0ff2[0m
[2m11:51:03[0m [[32m[1minfo     [0m] [1mrequest_finished                        [0m [36mduration[0m=[35m0.004[0m [36mmethod[0m=[35mGET[0m [36mpath[0m=[35m/api/v1/challenges/1f899a88-2666-4898-9237-5f1731afdc1c[0m [36mreq[0m=[35mba1c0ff2[0m [36mrequest_id[0m=[35mba1c0ff2-3f1a-4b01-895e-532df9f58fde[0m [36mstatus[0m=[35m200[0m
[2m11:51:06[0m [[32m[1minfo     [0m] [1mDebug [LOGIC_ERROR]: produced fixed code (2421 chars)[0m [36mreq[0m=[35m501f4849[0m
[2m11:51:12[0m [[32m[1minfo     [0m] [1mSession start: iteration=6/10, pip=0, apt=0[0m [36mreq[0m=[35m501f4849[0m
[2m11:51:12[0m [[32m[1minfo     [0m] [1mSession container created: 9f0f2dd9ca9b [0m [36mreq[0m=[35m501f4849[0m
[2m11:51:12[0m [[32m[1minfo     [0m] [1mImplementation iteration 6/10           [0m [36mreq[0m=[35m501f4849[0m
[2m11:51:12[0m [[32m[1minfo     [0m] [1mProaktiv erkannte neue Packages: ['psycopg2-binary'][0m [36mreq[0m=[35m501f4849[0m
[2m11:51:13[0m [[32m[1minfo     [0m] [1mGetting challenge status: id=1f899a88-2666-4898-9237-5f1731afdc1c[0m [36mreq[0m=[35m93004390[0m
[2m11:51:13[0m [[32m[1minfo     [0m] [1mrequest_finished                        [0m [36mduration[0m=[35m0.008[0m [36mmethod[0m=[35mGET[0m [36mpath[0m=[35m/api/v1/challenges/1f899a88-2666-4898-9237-5f1731afdc1c[0m [36mreq[0m=[35m93004390[0m [36mrequest_id[0m=[35m93004390-5f89-42bc-b7c1-8bfbbe905a06[0m [36mstatus[0m=[35m200[0m
[2m11:51:17[0m [[32m[1minfo     [0m] [1mSession start: iteration=7/10, pip=1, apt=0[0m [36mreq[0m=[35m501f4849[0m
[2m11:51:18[0m [[32m[1minfo     [0m] [1mSession container created: 9eb6419cfd14 [0m [36mreq[0m=[35m501f4849[0m
[2m11:51:18[0m [[32m[1minfo     [0m] [1mInstalling pip packages: "psycopg2-binary"[0m [36mreq[0m=[35m501f4849[0m
[2m11:51:19[0m [[32m[1minfo     [0m] [1mPip packages installed successfully     [0m [36mreq[0m=[35m501f4849[0m
[2m11:51:19[0m [[32m[1minfo     [0m] [1mImplementation iteration 7/10           [0m [36mreq[0m=[35m501f4849[0m
[2m11:51:19[0m [[33m[1mwarning  [0m] [1mCode execution failed (exit=1): Testing with input: {'db_type': 'postgresql', 'connection_params': {'dsn': 'postgresql://lumari:lumari_dev@lumari-postgres:5432/lumari'}, 'query': 'SELECT severity, status, COUNT(*) as count FROM defects GROUP BY severity, status;'}
Result: {'success': False, 'error': 'Database error: relation "defects" does not exist\nLINE 1: SELECT severity, status, COUNT(*) as count FROM defects GROU...\n                                                        ^\n'}
TEST FAILED: Database error: relation "defec[0m [36mreq[0m=[35m501f4849[0m
[2m11:51:19[0m [[32m[1minfo     [0m] [1mRecorded build attempt: capability=execute SQL queries to aggregate defect counts by severity and status, success=False, error_type=ErrorType.RUNTIME_ERROR[0m [36mreq[0m=[35m501f4849[0m
[2m11:51:19[0m [[33m[1mwarning  [0m] [1mApproach-Switch: psycopg2 scheitert wiederholt[0m [36mreq[0m=[35m501f4849[0m
[2m11:51:21[0m [[32m[1minfo     [0m] [1mDebug [LOGIC_ERROR]: produced fixed code (2242 chars)[0m [36mreq[0m=[35m501f4849[0m
[2m11:51:24[0m [[32m[1minfo     [0m] [1mGetting challenge status: id=1f899a88-2666-4898-9237-5f1731afdc1c[0m [36mreq[0m=[35mcb99a450[0m
[2m11:51:24[0m [[32m[1minfo     [0m] [1mrequest_finished                        [0m [36mduration[0m=[35m0.006[0m [36mmethod[0m=[35mGET[0m [36mpath[0m=[35m/api/v1/challenges/1f899a88-2666-4898-9237-5f1731afdc1c[0m [36mreq[0m=[35mcb99a450[0m [36mrequest_id[0m=[35mcb99a450-c0c8-4450-be54-3499886033aa[0m [36mstatus[0m=[35m200[0m
[2m11:51:26[0m [[32m[1minfo     [0m] [1mSession start: iteration=8/10, pip=0, apt=0[0m [36mreq[0m=[35m501f4849[0m
[2m11:51:27[0m [[32m[1minfo     [0m] [1mSession container created: adaea306b17d [0m [36mreq[0m=[35m501f4849[0m
[2m11:51:27[0m [[32m[1minfo     [0m] [1mImplementation iteration 8/10           [0m [36mreq[0m=[35m501f4849[0m
[2m11:51:27[0m [[32m[1minfo     [0m] [1mProaktiv erkannte neue Packages: ['psycopg2-binary'][0m [36mreq[0m=[35m501f4849[0m
[2m11:51:32[0m [[32m[1minfo     [0m] [1mSession start: iteration=9/10, pip=1, apt=0[0m [36mreq[0m=[35m501f4849[0m
[2m11:51:32[0m [[32m[1minfo     [0m] [1mSession container created: 04594fc2716e [0m [36mreq[0m=[35m501f4849[0m
[2m11:51:32[0m [[32m[1minfo     [0m] [1mInstalling pip packages: "psycopg2-binary"[0m [36mreq[0m=[35m501f4849[0m
[2m11:51:34[0m [[32m[1minfo     [0m] [1mPip packages installed successfully     [0m [36mreq[0m=[35m501f4849[0m
[2m11:51:34[0m [[32m[1minfo     [0m] [1mImplementation iteration 9/10           [0m [36mreq[0m=[35m501f4849[0m
[2m11:51:34[0m [[32m[1minfo     [0m] [1mGetting challenge status: id=1f899a88-2666-4898-9237-5f1731afdc1c[0m [36mreq[0m=[35mbe855aa6[0m
[2m11:51:34[0m [[32m[1minfo     [0m] [1mrequest_finished                        [0m [36mduration[0m=[35m0.008[0m [36mmethod[0m=[35mGET[0m [36mpath[0m=[35m/api/v1/challenges/1f899a88-2666-4898-9237-5f1731afdc1c[0m [36mreq[0m=[35mbe855aa6[0m [36mrequest_id[0m=[35mbe855aa6-b1c8-4c24-9dab-8bb8c2d9261a[0m [36mstatus[0m=[35m200[0m
[2m11:51:34[0m [[33m[1mwarning  [0m] [1mCode execution failed (exit=1): Testing with input: {'db_type': 'postgresql', 'connection_params': {'dsn': 'postgresql://lumari:lumari_dev@lumari-postgres:5432/lumari'}, 'query': 'SELECT severity, status, COUNT(*) as count FROM defects GROUP BY severity, status;'}
Result: {'success': False, 'error': 'Database error: relation "defects" does not exist\nLINE 1: SELECT severity, status, COUNT(*) as count FROM defects GROU...\n                                                        ^\n'}
TEST FAILED: Database error: relation "defec[0m [36mreq[0m=[35m501f4849[0m
[2m11:51:34[0m [[32m[1minfo     [0m] [1mRecorded build attempt: capability=execute SQL queries to aggregate defect counts by severity and status, success=False, error_type=ErrorType.RUNTIME_ERROR[0m [36mreq[0m=[35m501f4849[0m
[2m11:51:34[0m [[33m[1mwarning  [0m] [1mApproach-Switch: psycopg2 scheitert wiederholt[0m [36mreq[0m=[35m501f4849[0m
[2m11:51:36[0m [[32m[1minfo     [0m] [1mDebug [LOGIC_ERROR]: produced fixed code (2547 chars)[0m [36mreq[0m=[35m501f4849[0m
[2m11:51:41[0m [[32m[1minfo     [0m] [1mSession start: iteration=10/10, pip=0, apt=0[0m [36mreq[0m=[35m501f4849[0m
[2m11:51:41[0m [[32m[1minfo     [0m] [1mSession container created: 4faa0a211b0f [0m [36mreq[0m=[35m501f4849[0m
[2m11:51:41[0m [[32m[1minfo     [0m] [1mImplementation iteration 10/10          [0m [36mreq[0m=[35m501f4849[0m
[2m11:51:41[0m [[32m[1minfo     [0m] [1mProaktiv erkannte neue Packages: ['psycopg2-binary'][0m [36mreq[0m=[35m501f4849[0m
[2m11:51:44[0m [[32m[1minfo     [0m] [1mGetting challenge status: id=1f899a88-2666-4898-9237-5f1731afdc1c[0m [36mreq[0m=[35m2f609e63[0m
[2m11:51:44[0m [[32m[1minfo     [0m] [1mrequest_finished                        [0m [36mduration[0m=[35m0.007[0m [36mmethod[0m=[35mGET[0m [36mpath[0m=[35m/api/v1/challenges/1f899a88-2666-4898-9237-5f1731afdc1c[0m [36mreq[0m=[35m2f609e63[0m [36mrequest_id[0m=[35m2f609e63-cd87-4c6c-ae6a-e9a69cf351a7[0m [36mstatus[0m=[35m200[0m
[2m11:51:47[0m [[33m[1mwarning  [0m] [1mImplementation fehlgeschlagen nach 10 Iterationen[0m [36mreq[0m=[35m501f4849[0m
[2m11:51:47[0m [[33m[1mwarning  [0m] [1mSkill Team failed: phase=TeamRole.IMPLEMENTER, reason=Implementation failed after max iterations[0m [36mreq[0m=[35m501f4849[0m
[2m11:51:47[0m [[32m[1minfo     [0m] [1mRecorded build attempt: capability=execute SQL queries to aggregate defect counts by severity and status, success=False, error_type=ErrorType.RUNTIME_ERROR[0m [36mreq[0m=[35m501f4849[0m
[2m11:51:47[0m [[33m[1mwarning  [0m] [1mGap build failed: 3de35de5... - Implementation failed after max iterations[0m [36mreq[0m=[35m501f4849[0m
[2m11:51:47[0m [[32m[1minfo     [0m] [1mProcessing gap: d7eb119b... type=missing_planning_skill, capability=filter and extract open critical defects requiring immediate attention, severity=important[0m [36mreq[0m=[35m501f4849[0m
[2m11:51:47[0m [[33m[1mwarning  [0m] [1mUnknown gap type 'missing_planning_skill', using generic builder[0m [36mreq[0m=[35m501f4849[0m
[2m11:51:47[0m [[32m[1minfo     [0m] [1mBuilding capability: gap_type=missing_planning_skill, severity=important, attempt=1, approach=direct[0m [36mreq[0m=[35m501f4849[0m
[2m11:51:47[0m [[32m[1minfo     [0m] [1mDecomposing task id=a087d2ab..., files=1[0m [36mreq[0m=[35m501f4849[0m
[2m11:51:49[0m [[32m[1minfo     [0m] [1mDecomposed task into 3 subtasks, 3 waves[0m [36mreq[0m=[35m501f4849[0m
[2m11:51:49[0m [[32m[1minfo     [0m] [1mExecuting wave 1/3, files=['db_connector.py'][0m [36mreq[0m=[35m501f4849[0m
[2m11:51:49[0m [[32m[1minfo     [0m] [1mRegistered agent id=89dfc1b3..., task=a087d2ab..., file=db_connector.py[0m [36mreq[0m=[35m501f4849[0m
[2m11:51:49[0m [[32m[1minfo     [0m] [1mUpdated agent id=89dfc1b3... status=running[0m [36mreq[0m=[35m501f4849[0m
[2m11:51:49[0m [[32m[1minfo     [0m] [1mExecuting agent id=89dfc1b3..., file=db_connector.py[0m [36mreq[0m=[35m501f4849[0m
[2m11:51:51[0m [[32m[1minfo     [0m] [1mAgent completed id=89dfc1b3..., duration=1.80s[0m [36mreq[0m=[35m501f4849[0m
[2m11:51:51[0m [[32m[1minfo     [0m] [1mUpdated agent id=89dfc1b3... status=completed[0m [36mreq[0m=[35m501f4849[0m
[2m11:51:51[0m [[32m[1minfo     [0m] [1mExecuting wave 2/3, files=['analysis_engine.py'][0m [36mreq[0m=[35m501f4849[0m
[2m11:51:51[0m [[32m[1minfo     [0m] [1mRegistered agent id=b16186fb..., task=a087d2ab..., file=analysis_engine.py[0m [36mreq[0m=[35m501f4849[0m
[2m11:51:51[0m [[32m[1minfo     [0m] [1mUpdated agent id=b16186fb... status=running[0m [36mreq[0m=[35m501f4849[0m
[2m11:51:51[0m [[32m[1minfo     [0m] [1mExecuting agent id=b16186fb..., file=analysis_engine.py[0m [36mreq[0m=[35m501f4849[0m
{
    "name": "developer_team.decompose_task",
    "context": {
        "trace_id": "0xbdd84de00d813a2f47b04e333de1d804",
        "span_id": "0x3ee34c8625ff0eae",
        "trace_state": "[]"
    },
    "kind": "SpanKind.INTERNAL",
    "parent_id": "0xa331757a6ae4a598",
    "start_time": "2026-05-18T11:51:47.130854Z",
    "end_time": "2026-05-18T11:51:49.464509Z",
    "status": {
        "status_code": "UNSET"
    },
    "attributes": {},
    "events": [],
    "links": [],
    "resource": {
        "attributes": {
            "telemetry.sdk.language": "python",
            "telemetry.sdk.name": "opentelemetry",
            "telemetry.sdk.version": "1.40.0",
            "service.name": "lumari-backend",
            "service.version": "0.1.0",
            "service.namespace": "lumari",
            "deployment.environment": "development",
            "telemetry.middleware.version": "1.0.0"
        },
        "schema_url": ""
    }
}
{
    "name": "agent_spawner.spawn_and_execute",
    "context": {
        "trace_id": "0xbdd84de00d813a2f47b04e333de1d804",
        "span_id": "0x59421b9cd5a04049",
        "trace_state": "[]"
    },
    "kind": "SpanKind.INTERNAL",
    "parent_id": "0x9468f93ca924c261",
    "start_time": "2026-05-18T11:51:49.464945Z",
    "end_time": "2026-05-18T11:51:51.262983Z",
    "status": {
        "status_code": "UNSET"
    },
    "attributes": {
        "agent.id": "89dfc1b3-ba19-4ca6-9bac-234b810634d8",
        "agent.task_id": "a087d2ab-d7b3-40e3-b199-1610d5400644",
        "agent.file_path": "db_connector.py",
        "agent.timeout_seconds": 300,
        "agent.registered": true,
        "agent.success": true,
        "agent.duration_seconds": 1.797652244567871
    },
    "events": [],
    "links": [],
    "resource": {
        "attributes": {
            "telemetry.sdk.language": "python",
            "telemetry.sdk.name": "opentelemetry",
            "telemetry.sdk.version": "1.40.0",
            "service.name": "lumari-backend",
            "service.version": "0.1.0",
            "service.namespace": "lumari",
            "deployment.environment": "development",
            "telemetry.middleware.version": "1.0.0"
        },
        "schema_url": ""
    }
}
{
    "name": "developer_team.execute_wave",
    "context": {
        "trace_id": "0xbdd84de00d813a2f47b04e333de1d804",
        "span_id": "0x9468f93ca924c261",
        "trace_state": "[]"
    },
    "kind": "SpanKind.INTERNAL",
    "parent_id": "0xa331757a6ae4a598",
    "start_time": "2026-05-18T11:51:49.464638Z",
    "end_time": "2026-05-18T11:51:51.263322Z",
    "status": {
        "status_code": "UNSET"
    },
    "attributes": {
        "wave.files": [
            "db_connector.py"
        ]
    },
    "events": [],
    "links": [],
    "resource": {
        "attributes": {
            "telemetry.sdk.language": "python",
            "telemetry.sdk.name": "opentelemetry",
            "telemetry.sdk.version": "1.40.0",
            "service.name": "lumari-backend",
            "service.version": "0.1.0",
            "service.namespace": "lumari",
            "deployment.environment": "development",
            "telemetry.middleware.version": "1.0.0"
        },
        "schema_url": ""
    }
}
[2m11:51:53[0m [[32m[1minfo     [0m] [1mAgent completed id=b16186fb..., duration=2.71s[0m [36mreq[0m=[35m501f4849[0m
[2m11:51:53[0m [[32m[1minfo     [0m] [1mUpdated agent id=b16186fb... status=completed[0m [36mreq[0m=[35m501f4849[0m
[2m11:51:53[0m [[32m[1minfo     [0m] [1mExecuting wave 3/3, files=['prompts/generated/prompt_filter_and_extract_open_critical_defects_requiring_immediate_attention.txt'][0m [36mreq[0m=[35m501f4849[0m
[2m11:51:53[0m [[32m[1minfo     [0m] [1mRegistered agent id=2f200cf0..., task=a087d2ab..., file=prompts/generated/prompt_filter_and_extract_open_critical_defects_requiring_immediate_attention.txt[0m [36mreq[0m=[35m501f4849[0m
[2m11:51:53[0m [[32m[1minfo     [0m] [1mUpdated agent id=2f200cf0... status=running[0m [36mreq[0m=[35m501f4849[0m
[2m11:51:53[0m [[32m[1minfo     [0m] [1mExecuting agent id=2f200cf0..., file=prompts/generated/prompt_filter_and_extract_open_critical_defects_requiring_immediate_attention.txt[0m [36mreq[0m=[35m501f4849[0m
[2m11:51:54[0m [[32m[1minfo     [0m] [1mGetting challenge status: id=1f899a88-2666-4898-9237-5f1731afdc1c[0m [36mreq[0m=[35mcd3a7792[0m
[2m11:51:54[0m [[32m[1minfo     [0m] [1mrequest_finished                        [0m [36mduration[0m=[35m0.008[0m [36mmethod[0m=[35mGET[0m [36mpath[0m=[35m/api/v1/challenges/1f899a88-2666-4898-9237-5f1731afdc1c[0m [36mreq[0m=[35mcd3a7792[0m [36mrequest_id[0m=[35mcd3a7792-89c2-409d-889d-a608495e6d7a[0m [36mstatus[0m=[35m200[0m
[2m11:51:56[0m [[32m[1minfo     [0m] [1mAgent completed id=2f200cf0..., duration=2.05s[0m [36mreq[0m=[35m501f4849[0m
[2m11:51:56[0m [[32m[1minfo     [0m] [1mUpdated agent id=2f200cf0... status=completed[0m [36mreq[0m=[35m501f4849[0m
[2m11:51:56[0m [[32m[1minfo     [0m] [1mUnregistered agent id=89dfc1b3...       [0m [36mreq[0m=[35m501f4849[0m
[2m11:51:56[0m [[32m[1minfo     [0m] [1mUnregistered agent id=b16186fb...       [0m [36mreq[0m=[35m501f4849[0m
[2m11:51:56[0m [[32m[1minfo     [0m] [1mUnregistered agent id=2f200cf0...       [0m [36mreq[0m=[35m501f4849[0m
[2m11:51:56[0m [[32m[1minfo     [0m] [1mCleaned up 3 agents for task a087d2ab...[0m [36mreq[0m=[35m501f4849[0m
[2m11:51:56[0m [[32m[1minfo     [0m] [1mBuilt prompt: id=514a0456..., name=prompt_filter_and_extract_open_critical_defects_requiring_immediate_attention[0m [36mreq[0m=[35m501f4849[0m
[2m11:51:56[0m [[32m[1minfo     [0m] [1mInjecting capability: type=prompt, id=514a0456...[0m [36mreq[0m=[35m501f4849[0m
[2m11:51:56[0m [[32m[1minfo     [0m] [1mLoading topology from database...       [0m [36mreq[0m=[35m501f4849[0m
[2m11:51:56[0m [[32m[1minfo     [0m] [1mMapped 9 skill entries to 8 capabilities[0m [36mreq[0m=[35m501f4849[0m
[2m11:51:56[0m [[32m[1minfo     [0m] [1mTopology validated: 11 agents in 5 waves[0m [36mreq[0m=[35m501f4849[0m
[2m11:51:56[0m [[32m[1minfo     [0m] [1mLoaded 9 skills for topology            [0m [36mreq[0m=[35m501f4849[0m
[2m11:51:56[0m [[32m[1minfo     [0m] [1mTopology loaded: 11 agents, 5 waves     [0m [36mreq[0m=[35m501f4849[0m
[2m11:51:56[0m [[32m[1minfo     [0m] [1mCapability injected successfully: prompt/514a0456...[0m [36mreq[0m=[35m501f4849[0m
[2m11:51:56[0m [[32m[1minfo     [0m] [1mRecorded build attempt: capability=filter and extract open critical defects requiring immediate attention, success=True, error_type=None[0m [36mreq[0m=[35m501f4849[0m
[2m11:51:56[0m [[32m[1minfo     [0m] [1mGap completed: d7eb119b... -> prompt/514a0456...[0m [36mreq[0m=[35m501f4849[0m
[2m11:51:56[0m [[32m[1minfo     [0m] [1mProcessing gap: d900aa1e... type=missing_planning_skill, capability=analyze defect data to generate a comprehensive defect analysis report, severity=important[0m [36mreq[0m=[35m501f4849[0m
[2m11:51:56[0m [[33m[1mwarning  [0m] [1mUnknown gap type 'missing_planning_skill', using generic builder[0m [36mreq[0m=[35m501f4849[0m
[2m11:51:56[0m [[32m[1minfo     [0m] [1mBuilding capability: gap_type=missing_planning_skill, severity=important, attempt=1, approach=direct[0m [36mreq[0m=[35m501f4849[0m
[2m11:51:56[0m [[32m[1minfo     [0m] [1mDecomposing task id=bb97cbd0..., files=1[0m [36mreq[0m=[35m501f4849[0m
{
    "name": "agent_spawner.spawn_and_execute",
    "context": {
        "trace_id": "0xbdd84de00d813a2f47b04e333de1d804",
        "span_id": "0x3733a3b80228a505",
        "trace_state": "[]"
    },
    "kind": "SpanKind.INTERNAL",
    "parent_id": "0x4a7feea952b54137",
    "start_time": "2026-05-18T11:51:51.263595Z",
    "end_time": "2026-05-18T11:51:53.970063Z",
    "status": {
        "status_code": "UNSET"
    },
    "attributes": {
        "agent.id": "b16186fb-a075-43de-9f66-35475c0d1b93",
        "agent.task_id": "a087d2ab-d7b3-40e3-b199-1610d5400644",
        "agent.file_path": "analysis_engine.py",
        "agent.timeout_seconds": 300,
        "agent.registered": true,
        "agent.success": true,
        "agent.duration_seconds": 2.7060399055480957
    },
    "events": [],
    "links": [],
    "resource": {
        "attributes": {
            "telemetry.sdk.language": "python",
            "telemetry.sdk.name": "opentelemetry",
            "telemetry.sdk.version": "1.40.0",
            "service.name": "lumari-backend",
            "service.version": "0.1.0",
            "service.namespace": "lumari",
            "deployment.environment": "development",
            "telemetry.middleware.version": "1.0.0"
        },
        "schema_url": ""
    }
}
{
    "name": "developer_team.execute_wave",
    "context": {
        "trace_id": "0xbdd84de00d813a2f47b04e333de1d804",
        "span_id": "0x4a7feea952b54137",
        "trace_state": "[]"
    },
    "kind": "SpanKind.INTERNAL",
    "parent_id": "0xa331757a6ae4a598",
    "start_time": "2026-05-18T11:51:51.263486Z",
    "end_time": "2026-05-18T11:51:53.970319Z",
    "status": {
        "status_code": "UNSET"
    },
    "attributes": {
        "wave.files": [
            "analysis_engine.py"
        ]
    },
    "events": [],
    "links": [],
    "resource": {
        "attributes": {
            "telemetry.sdk.language": "python",
            "telemetry.sdk.name": "opentelemetry",
            "telemetry.sdk.version": "1.40.0",
            "service.name": "lumari-backend",
            "service.version": "0.1.0",
            "service.namespace": "lumari",
            "deployment.environment": "development",
            "telemetry.middleware.version": "1.0.0"
        },
        "schema_url": ""
    }
}
{
    "name": "agent_spawner.spawn_and_execute",
    "context": {
        "trace_id": "0xbdd84de00d813a2f47b04e333de1d804",
        "span_id": "0xb6da26045db8168e",
        "trace_state": "[]"
    },
    "kind": "SpanKind.INTERNAL",
    "parent_id": "0x72eddf35f1a42406",
    "start_time": "2026-05-18T11:51:53.970533Z",
    "end_time": "2026-05-18T11:51:56.019110Z",
    "status": {
        "status_code": "UNSET"
    },
    "attributes": {
        "agent.id": "2f200cf0-d667-40fc-ae60-5827343eca1c",
        "agent.task_id": "a087d2ab-d7b3-40e3-b199-1610d5400644",
        "agent.file_path": "prompts/generated/prompt_filter_and_extract_open_critical_defects_requiring_immediate_attention.txt",
        "agent.timeout_seconds": 300,
        "agent.registered": true,
        "agent.success": true,
        "agent.duration_seconds": 2.0482420921325684
    },
    "events": [],
    "links": [],
    "resource": {
        "attributes": {
            "telemetry.sdk.language": "python",
            "telemetry.sdk.name": "opentelemetry",
            "telemetry.sdk.version": "1.40.0",
            "service.name": "lumari-backend",
            "service.version": "0.1.0",
            "service.namespace": "lumari",
            "deployment.environment": "development",
            "telemetry.middleware.version": "1.0.0"
        },
        "schema_url": ""
    }
}
{
    "name": "developer_team.execute_wave",
    "context": {
        "trace_id": "0xbdd84de00d813a2f47b04e333de1d804",
        "span_id": "0x72eddf35f1a42406",
        "trace_state": "[]"
    },
    "kind": "SpanKind.INTERNAL",
    "parent_id": "0xa331757a6ae4a598",
    "start_time": "2026-05-18T11:51:53.970427Z",
    "end_time": "2026-05-18T11:51:56.019372Z",
    "status": {
        "status_code": "UNSET"
    },
    "attributes": {
        "wave.files": [
            "prompts/generated/prompt_filter_and_extract_open_critical_defects_requiring_immediate_attention.txt"
        ]
    },
    "events": [],
    "links": [],
    "resource": {
        "attributes": {
            "telemetry.sdk.language": "python",
            "telemetry.sdk.name": "opentelemetry",
            "telemetry.sdk.version": "1.40.0",
            "service.name": "lumari-backend",
            "service.version": "0.1.0",
            "service.namespace": "lumari",
            "deployment.environment": "development",
            "telemetry.middleware.version": "1.0.0"
        },
        "schema_url": ""
    }
}
{
    "name": "developer_team.execute_complex_task",
    "context": {
        "trace_id": "0xbdd84de00d813a2f47b04e333de1d804",
        "span_id": "0xa331757a6ae4a598",
        "trace_state": "[]"
    },
    "kind": "SpanKind.INTERNAL",
    "parent_id": null,
    "start_time": "2026-05-18T11:51:47.130679Z",
    "end_time": "2026-05-18T11:51:56.019581Z",
    "status": {
        "status_code": "UNSET"
    },
    "attributes": {
        "task.id": "a087d2ab-d7b3-40e3-b199-1610d5400644",
        "task.files_count": 1,
        "task.subtasks_count": 3,
        "task.waves_count": 3,
        "task.files_completed": 3,
        "task.files_failed": 0,
        "task.success": true
    },
    "events": [],
    "links": [],
    "resource": {
        "attributes": {
            "telemetry.sdk.language": "python",
            "telemetry.sdk.name": "opentelemetry",
            "telemetry.sdk.version": "1.40.0",
            "service.name": "lumari-backend",
            "service.version": "0.1.0",
            "service.namespace": "lumari",
            "deployment.environment": "development",
            "telemetry.middleware.version": "1.0.0"
        },
        "schema_url": ""
    }
}
[2m11:52:00[0m [[32m[1minfo     [0m] [1mDecomposed task into 3 subtasks, 3 waves[0m [36mreq[0m=[35m501f4849[0m
[2m11:52:00[0m [[32m[1minfo     [0m] [1mExecuting wave 1/3, files=['src/db_connector.py'][0m [36mreq[0m=[35m501f4849[0m
[2m11:52:00[0m [[32m[1minfo     [0m] [1mRegistered agent id=6d788573..., task=bb97cbd0..., file=src/db_connector.py[0m [36mreq[0m=[35m501f4849[0m
[2m11:52:00[0m [[32m[1minfo     [0m] [1mUpdated agent id=6d788573... status=running[0m [36mreq[0m=[35m501f4849[0m
[2m11:52:00[0m [[32m[1minfo     [0m] [1mExecuting agent id=6d788573..., file=src/db_connector.py[0m [36mreq[0m=[35m501f4849[0m
[2m11:52:02[0m [[32m[1minfo     [0m] [1mAgent completed id=6d788573..., duration=1.73s[0m [36mreq[0m=[35m501f4849[0m
[2m11:52:02[0m [[32m[1minfo     [0m] [1mUpdated agent id=6d788573... status=completed[0m [36mreq[0m=[35m501f4849[0m
[2m11:52:02[0m [[32m[1minfo     [0m] [1mExecuting wave 2/3, files=['src/analysis_engine.py'][0m [36mreq[0m=[35m501f4849[0m
[2m11:52:02[0m [[32m[1minfo     [0m] [1mRegistered agent id=36e8d0d0..., task=bb97cbd0..., file=src/analysis_engine.py[0m [36mreq[0m=[35m501f4849[0m
[2m11:52:02[0m [[32m[1minfo     [0m] [1mUpdated agent id=36e8d0d0... status=running[0m [36mreq[0m=[35m501f4849[0m
[2m11:52:02[0m [[32m[1minfo     [0m] [1mExecuting agent id=36e8d0d0..., file=src/analysis_engine.py[0m [36mreq[0m=[35m501f4849[0m
{
    "name": "developer_team.decompose_task",
    "context": {
        "trace_id": "0x577b36e7024af0cb8f31ba5c57e06658",
        "span_id": "0x5594663816f326b3",
        "trace_state": "[]"
    },
    "kind": "SpanKind.INTERNAL",
    "parent_id": "0xb1ce8b87d21fc03d",
    "start_time": "2026-05-18T11:51:56.200234Z",
    "end_time": "2026-05-18T11:52:00.320012Z",
    "status": {
        "status_code": "UNSET"
    },
    "attributes": {},
    "events": [],
    "links": [],
    "resource": {
        "attributes": {
            "telemetry.sdk.language": "python",
            "telemetry.sdk.name": "opentelemetry",
            "telemetry.sdk.version": "1.40.0",
            "service.name": "lumari-backend",
            "service.version": "0.1.0",
            "service.namespace": "lumari",
            "deployment.environment": "development",
            "telemetry.middleware.version": "1.0.0"
        },
        "schema_url": ""
    }
}
{
    "name": "agent_spawner.spawn_and_execute",
    "context": {
        "trace_id": "0x577b36e7024af0cb8f31ba5c57e06658",
        "span_id": "0x265c61f5ca5d9a54",
        "trace_state": "[]"
    },
    "kind": "SpanKind.INTERNAL",
    "parent_id": "0xf07ae8e545ccfec9",
    "start_time": "2026-05-18T11:52:00.320476Z",
    "end_time": "2026-05-18T11:52:02.046680Z",
    "status": {
        "status_code": "UNSET"
    },
    "attributes": {
        "agent.id": "6d788573-8bf0-4042-969c-f7347fa62c87",
        "agent.task_id": "bb97cbd0-d652-4712-8d7a-03c201ede6b2",
        "agent.file_path": "src/db_connector.py",
        "agent.timeout_seconds": 300,
        "agent.registered": true,
        "agent.success": true,
        "agent.duration_seconds": 1.7257788181304932
    },
    "events": [],
    "links": [],
    "resource": {
        "attributes": {
            "telemetry.sdk.language": "python",
            "telemetry.sdk.name": "opentelemetry",
            "telemetry.sdk.version": "1.40.0",
            "service.name": "lumari-backend",
            "service.version": "0.1.0",
            "service.namespace": "lumari",
            "deployment.environment": "development",
            "telemetry.middleware.version": "1.0.0"
        },
        "schema_url": ""
    }
}
{
    "name": "developer_team.execute_wave",
    "context": {
        "trace_id": "0x577b36e7024af0cb8f31ba5c57e06658",
        "span_id": "0xf07ae8e545ccfec9",
        "trace_state": "[]"
    },
    "kind": "SpanKind.INTERNAL",
    "parent_id": "0xb1ce8b87d21fc03d",
    "start_time": "2026-05-18T11:52:00.320121Z",
    "end_time": "2026-05-18T11:52:02.047020Z",
    "status": {
        "status_code": "UNSET"
    },
    "attributes": {
        "wave.files": [
            "src/db_connector.py"
        ]
    },
    "events": [],
    "links": [],
    "resource": {
        "attributes": {
            "telemetry.sdk.language": "python",
            "telemetry.sdk.name": "opentelemetry",
            "telemetry.sdk.version": "1.40.0",
            "service.name": "lumari-backend",
            "service.version": "0.1.0",
            "service.namespace": "lumari",
            "deployment.environment": "development",
            "telemetry.middleware.version": "1.0.0"
        },
        "schema_url": ""
    }
}
[2m11:52:04[0m [[32m[1minfo     [0m] [1mGetting challenge status: id=1f899a88-2666-4898-9237-5f1731afdc1c[0m [36mreq[0m=[35m9a7a02fe[0m
[2m11:52:04[0m [[32m[1minfo     [0m] [1mrequest_finished                        [0m [36mduration[0m=[35m0.008[0m [36mmethod[0m=[35mGET[0m [36mpath[0m=[35m/api/v1/challenges/1f899a88-2666-4898-9237-5f1731afdc1c[0m [36mreq[0m=[35m9a7a02fe[0m [36mrequest_id[0m=[35m9a7a02fe-11e9-4d49-915d-493cb0f395a3[0m [36mstatus[0m=[35m200[0m
[2m11:52:04[0m [[32m[1minfo     [0m] [1mAgent completed id=36e8d0d0..., duration=2.27s[0m [36mreq[0m=[35m501f4849[0m
[2m11:52:04[0m [[32m[1minfo     [0m] [1mUpdated agent id=36e8d0d0... status=completed[0m [36mreq[0m=[35m501f4849[0m
[2m11:52:04[0m [[32m[1minfo     [0m] [1mExecuting wave 3/3, files=['prompts/generated/prompt_analyze_defect_data_to_generate_a_comprehensive_defect_analysis_report.txt'][0m [36mreq[0m=[35m501f4849[0m
[2m11:52:04[0m [[32m[1minfo     [0m] [1mRegistered agent id=e6ce02ee..., task=bb97cbd0..., file=prompts/generated/prompt_analyze_defect_data_to_generate_a_comprehensive_defect_analysis_report.txt[0m [36mreq[0m=[35m501f4849[0m
[2m11:52:04[0m [[32m[1minfo     [0m] [1mUpdated agent id=e6ce02ee... status=running[0m [36mreq[0m=[35m501f4849[0m
[2m11:52:04[0m [[32m[1minfo     [0m] [1mExecuting agent id=e6ce02ee..., file=prompts/generated/prompt_analyze_defect_data_to_generate_a_comprehensive_defect_analysis_report.txt[0m [36mreq[0m=[35m501f4849[0m
[2m11:52:06[0m [[32m[1minfo     [0m] [1mAgent completed id=e6ce02ee..., duration=2.25s[0m [36mreq[0m=[35m501f4849[0m
[2m11:52:06[0m [[32m[1minfo     [0m] [1mUpdated agent id=e6ce02ee... status=completed[0m [36mreq[0m=[35m501f4849[0m
[2m11:52:06[0m [[32m[1minfo     [0m] [1mUnregistered agent id=6d788573...       [0m [36mreq[0m=[35m501f4849[0m
[2m11:52:06[0m [[32m[1minfo     [0m] [1mUnregistered agent id=36e8d0d0...       [0m [36mreq[0m=[35m501f4849[0m
[2m11:52:06[0m [[32m[1minfo     [0m] [1mUnregistered agent id=e6ce02ee...       [0m [36mreq[0m=[35m501f4849[0m
[2m11:52:06[0m [[32m[1minfo     [0m] [1mCleaned up 3 agents for task bb97cbd0...[0m [36mreq[0m=[35m501f4849[0m
[2m11:52:06[0m [[32m[1minfo     [0m] [1mBuilt prompt: id=002e023c..., name=prompt_analyze_defect_data_to_generate_a_comprehensive_defect_analysis_report[0m [36mreq[0m=[35m501f4849[0m
[2m11:52:06[0m [[32m[1minfo     [0m] [1mInjecting capability: type=prompt, id=002e023c...[0m [36mreq[0m=[35m501f4849[0m
[2m11:52:06[0m [[32m[1minfo     [0m] [1mLoading topology from database...       [0m [36mreq[0m=[35m501f4849[0m
[2m11:52:06[0m [[32m[1minfo     [0m] [1mMapped 9 skill entries to 8 capabilities[0m [36mreq[0m=[35m501f4849[0m
[2m11:52:06[0m [[32m[1minfo     [0m] [1mTopology validated: 11 agents in 5 waves[0m [36mreq[0m=[35m501f4849[0m
[2m11:52:06[0m [[32m[1minfo     [0m] [1mLoaded 9 skills for topology            [0m [36mreq[0m=[35m501f4849[0m
[2m11:52:06[0m [[32m[1minfo     [0m] [1mTopology loaded: 11 agents, 5 waves     [0m [36mreq[0m=[35m501f4849[0m
[2m11:52:06[0m [[32m[1minfo     [0m] [1mCapability injected successfully: prompt/002e023c...[0m [36mreq[0m=[35m501f4849[0m
[2m11:52:06[0m [[32m[1minfo     [0m] [1mRecorded build attempt: capability=analyze defect data to generate a comprehensive defect analysis report, success=True, error_type=None[0m [36mreq[0m=[35m501f4849[0m
[2m11:52:06[0m [[32m[1minfo     [0m] [1mGap completed: d900aa1e... -> prompt/002e023c...[0m [36mreq[0m=[35m501f4849[0m
[2m11:52:06[0m [[32m[1minfo     [0m] [1mAll gaps processed for plan 69dfd53a... [0m [36mreq[0m=[35m501f4849[0m
[2m11:52:06[0m [[32m[1minfo     [0m] [1mCompleted gap plan: 69dfd53a..., status=partial, completed=2, failed=1[0m [36mreq[0m=[35m501f4849[0m
[2m11:52:06[0m [[32m[1minfo     [0m] [1mGap plan execution finished: 69dfd53a..., completed=2, failed=1, artifacts=2[0m [36mreq[0m=[35m501f4849[0m
[2m11:52:06[0m [[32m[1minfo     [0m] [1mVerifying gap closure after cycle 1, built 2 capabilities[0m [36mreq[0m=[35m501f4849[0m
[2m11:52:06[0m [[32m[1minfo     [0m] [1mGap OPEN: 'execute SQL queries to aggregate defect counts by severity and status'[0m [36mreq[0m=[35m501f4849[0m
[2m11:52:06[0m [[32m[1minfo     [0m] [1mGap CLOSED: 'filter and extract open critical defects requiring immediate attention' by prompt/514a0456...[0m [36mreq[0m=[35m501f4849[0m
[2m11:52:06[0m [[32m[1minfo     [0m] [1mGap CLOSED: 'analyze defect data to generate a comprehensive defect analysis report' by prompt/002e023c...[0m [36mreq[0m=[35m501f4849[0m
[2m11:52:06[0m [[32m[1minfo     [0m] [1mPlan verification complete: 69dfd53a..., closed=2/3, all_closed=False[0m [36mreq[0m=[35m501f4849[0m
[2m11:52:06[0m [[32m[1minfo     [0m] [1mVerification result: closed=2/3, all_closed=False[0m [36mreq[0m=[35m501f4849[0m
[2m11:52:06[0m [[32m[1minfo     [0m] [1mCreated gap plan: id=93a252a7..., challenge=1f899a88..., gaps=1, cycle=2[0m [36mreq[0m=[35m501f4849[0m
[2m11:52:06[0m [[32m[1minfo     [0m] [1mCreated new cycle 2 with 1 REMAINING gaps (not new ones!) for challenge 1f899a88...[0m [36mreq[0m=[35m501f4849[0m
[2m11:52:06[0m [[32m[1minfo     [0m] [1mCapability building partial: 1f899a88-2666-4898-9237-5f1731afdc1c, built=2[0m [36mreq[0m=[35m501f4849[0m
{
    "name": "agent_spawner.spawn_and_execute",
    "context": {
        "trace_id": "0x577b36e7024af0cb8f31ba5c57e06658",
        "span_id": "0xbbfb0bc3b6b9acb7",
        "trace_state": "[]"
    },
    "kind": "SpanKind.INTERNAL",
    "parent_id": "0xea3607f6a9db7006",
    "start_time": "2026-05-18T11:52:02.047461Z",
    "end_time": "2026-05-18T11:52:04.312998Z",
    "status": {
        "status_code": "UNSET"
    },
    "attributes": {
        "agent.id": "36e8d0d0-50fb-4c83-afe7-9f74cfbd70cf",
        "agent.task_id": "bb97cbd0-d652-4712-8d7a-03c201ede6b2",
        "agent.file_path": "src/analysis_engine.py",
        "agent.timeout_seconds": 300,
        "agent.registered": true,
        "agent.success": true,
        "agent.duration_seconds": 2.265123128890991
    },
    "events": [],
    "links": [],
    "resource": {
        "attributes": {
            "telemetry.sdk.language": "python",
            "telemetry.sdk.name": "opentelemetry",
            "telemetry.sdk.version": "1.40.0",
            "service.name": "lumari-backend",
            "service.version": "0.1.0",
            "service.namespace": "lumari",
            "deployment.environment": "development",
            "telemetry.middleware.version": "1.0.0"
        },
        "schema_url": ""
    }
}
{
    "name": "developer_team.execute_wave",
    "context": {
        "trace_id": "0x577b36e7024af0cb8f31ba5c57e06658",
        "span_id": "0xea3607f6a9db7006",
        "trace_state": "[]"
    },
    "kind": "SpanKind.INTERNAL",
    "parent_id": "0xb1ce8b87d21fc03d",
    "start_time": "2026-05-18T11:52:02.047163Z",
    "end_time": "2026-05-18T11:52:04.313279Z",
    "status": {
        "status_code": "UNSET"
    },
    "attributes": {
        "wave.files": [
            "src/analysis_engine.py"
        ]
    },
    "events": [],
    "links": [],
    "resource": {
        "attributes": {
            "telemetry.sdk.language": "python",
            "telemetry.sdk.name": "opentelemetry",
            "telemetry.sdk.version": "1.40.0",
            "service.name": "lumari-backend",
            "service.version": "0.1.0",
            "service.namespace": "lumari",
            "deployment.environment": "development",
            "telemetry.middleware.version": "1.0.0"
        },
        "schema_url": ""
    }
}
{
    "name": "agent_spawner.spawn_and_execute",
    "context": {
        "trace_id": "0x577b36e7024af0cb8f31ba5c57e06658",
        "span_id": "0x3bd976c7bb138c26",
        "trace_state": "[]"
    },
    "kind": "SpanKind.INTERNAL",
    "parent_id": "0x761b5ec23bb7cc41",
    "start_time": "2026-05-18T11:52:04.313573Z",
    "end_time": "2026-05-18T11:52:06.566784Z",
    "status": {
        "status_code": "UNSET"
    },
    "attributes": {
        "agent.id": "e6ce02ee-88bc-45f6-b87f-fabe49e7d3bd",
        "agent.task_id": "bb97cbd0-d652-4712-8d7a-03c201ede6b2",
        "agent.file_path": "prompts/generated/prompt_analyze_defect_data_to_generate_a_comprehensive_defect_analysis_report.txt",
        "agent.timeout_seconds": 300,
        "agent.registered": true,
        "agent.success": true,
        "agent.duration_seconds": 2.252830743789673
    },
    "events": [],
    "links": [],
    "resource": {
        "attributes": {
            "telemetry.sdk.language": "python",
            "telemetry.sdk.name": "opentelemetry",
            "telemetry.sdk.version": "1.40.0",
            "service.name": "lumari-backend",
            "service.version": "0.1.0",
            "service.namespace": "lumari",
            "deployment.environment": "development",
            "telemetry.middleware.version": "1.0.0"
        },
        "schema_url": ""
    }
}
{
    "name": "developer_team.execute_wave",
    "context": {
        "trace_id": "0x577b36e7024af0cb8f31ba5c57e06658",
        "span_id": "0x761b5ec23bb7cc41",
        "trace_state": "[]"
    },
    "kind": "SpanKind.INTERNAL",
    "parent_id": "0xb1ce8b87d21fc03d",
    "start_time": "2026-05-18T11:52:04.313455Z",
    "end_time": "2026-05-18T11:52:06.567079Z",
    "status": {
        "status_code": "UNSET"
    },
    "attributes": {
        "wave.files": [
            "prompts/generated/prompt_analyze_defect_data_to_generate_a_comprehensive_defect_analysis_report.txt"
        ]
    },
    "events": [],
    "links": [],
    "resource": {
        "attributes": {
            "telemetry.sdk.language": "python",
            "telemetry.sdk.name": "opentelemetry",
            "telemetry.sdk.version": "1.40.0",
            "service.name": "lumari-backend",
            "service.version": "0.1.0",
            "service.namespace": "lumari",
            "deployment.environment": "development",
            "telemetry.middleware.version": "1.0.0"
        },
        "schema_url": ""
    }
}
{
    "name": "developer_team.execute_complex_task",
    "context": {
        "trace_id": "0x577b36e7024af0cb8f31ba5c57e06658",
        "span_id": "0xb1ce8b87d21fc03d",
        "trace_state": "[]"
    },
    "kind": "SpanKind.INTERNAL",
    "parent_id": null,
    "start_time": "2026-05-18T11:51:56.200170Z",
    "end_time": "2026-05-18T11:52:06.567544Z",
    "status": {
        "status_code": "UNSET"
    },
    "attributes": {
        "task.id": "bb97cbd0-d652-4712-8d7a-03c201ede6b2",
        "task.files_count": 1,
        "task.subtasks_count": 3,
        "task.waves_count": 3,
        "task.files_completed": 3,
        "task.files_failed": 0,
        "task.success": true
    },
    "events": [],
    "links": [],
    "resource": {
        "attributes": {
            "telemetry.sdk.language": "python",
            "telemetry.sdk.name": "opentelemetry",
            "telemetry.sdk.version": "1.40.0",
            "service.name": "lumari-backend",
            "service.version": "0.1.0",
            "service.namespace": "lumari",
            "deployment.environment": "development",
            "telemetry.middleware.version": "1.0.0"
        },
        "schema_url": ""
    }
}
[2m11:52:14[0m [[32m[1minfo     [0m] [1mGetting challenge status: id=1f899a88-2666-4898-9237-5f1731afdc1c[0m [36mreq[0m=[35m4f59d0d3[0m
[2m11:52:14[0m [[32m[1minfo     [0m] [1mrequest_finished                        [0m [36mduration[0m=[35m0.006[0m [36mmethod[0m=[35mGET[0m [36mpath[0m=[35m/api/v1/challenges/1f899a88-2666-4898-9237-5f1731afdc1c[0m [36mreq[0m=[35m4f59d0d3[0m [36mrequest_id[0m=[35m4f59d0d3-4266-4a46-b170-0399080c120e[0m [36mstatus[0m=[35m200[0m
[2m11:52:14[0m [[32m[1minfo     [0m] [1mExecuting challenge: id=1f899a88-2666-4898-9237-5f1731afdc1c[0m [36mreq[0m=[35mbf10851c[0m
[2m11:52:14[0m [[32m[1minfo     [0m] [1mrequest_finished                        [0m [36mduration[0m=[35m0.01[0m [36mmethod[0m=[35mPOST[0m [36mpath[0m=[35m/api/v1/challenges/1f899a88-2666-4898-9237-5f1731afdc1c/execute[0m [36mreq[0m=[35mbf10851c[0m [36mrequest_id[0m=[35mbf10851c-306b-4aba-a02e-9e5529d24b77[0m [36mstatus[0m=[35m200[0m
[2m11:52:14[0m [[32m[1minfo     [0m] [1mStarting background execution: challenge_id=1f899a88-2666-4898-9237-5f1731afdc1c[0m [36mreq[0m=[35mbf10851c[0m
[2m11:52:14[0m [[32m[1minfo     [0m] [1mLoading topology from database...       [0m [36mreq[0m=[35mbf10851c[0m
[2m11:52:14[0m [[32m[1minfo     [0m] [1mMapped 9 skill entries to 8 capabilities[0m [36mreq[0m=[35mbf10851c[0m
[2m11:52:14[0m [[32m[1minfo     [0m] [1mTopology validated: 11 agents in 5 waves[0m [36mreq[0m=[35mbf10851c[0m
[2m11:52:14[0m [[32m[1minfo     [0m] [1mLoaded 9 skills for topology            [0m [36mreq[0m=[35mbf10851c[0m
[2m11:52:14[0m [[32m[1minfo     [0m] [1mTopology loaded: 11 agents, 5 waves     [0m [36mreq[0m=[35mbf10851c[0m
[2m11:52:14[0m [[32m[1minfo     [0m] [1mShared memory initialized with Qdrant   [0m [36mreq[0m=[35mbf10851c[0m
[2m11:52:14[0m [[32m[1minfo     [0m] [1mHybridOrchestrator initialized          [0m [36mreq[0m=[35mbf10851c[0m
[2m11:52:14[0m [[32m[1minfo     [0m] [1mStarting execution: 318386e1-dab5-43e3-9600-6d55c5797da7[0m [36mreq[0m=[35mbf10851c[0m
[2m11:52:17[0m [[32m[1minfo     [0m] [1mTeamAssembler meldet Gaps: 1 fehlende Capabilities[0m [36mreq[0m=[35mbf10851c[0m
[2m11:52:17[0m [[32m[1minfo     [0m] [1mLoading topology from database...       [0m [36mreq[0m=[35mbf10851c[0m
[2m11:52:17[0m [[32m[1minfo     [0m] [1mMapped 9 skill entries to 8 capabilities[0m [36mreq[0m=[35mbf10851c[0m
[2m11:52:17[0m [[32m[1minfo     [0m] [1mTopology validated: 11 agents in 5 waves[0m [36mreq[0m=[35mbf10851c[0m
[2m11:52:17[0m [[32m[1minfo     [0m] [1mLoaded 9 skills for topology            [0m [36mreq[0m=[35mbf10851c[0m
[2m11:52:17[0m [[32m[1minfo     [0m] [1mTopology loaded: 11 agents, 5 waves     [0m [36mreq[0m=[35mbf10851c[0m
[2m11:52:17[0m [[32m[1minfo     [0m] [1mRuntimeAgentRegistry initialized with max_concurrent=5[0m [36mreq[0m=[35mbf10851c[0m
[2m11:52:17[0m [[32m[1minfo     [0m] [1mbuild_on_demand: building skill for 'Direkter SQL-Datenbank-Connector (die Aufgabe erfordert Datenbankzugriff, die verfügbaren Agenten sind auf Text/Transkript-Analyse spezialisiert; die Ausführung setzt voraus, dass der transcript_analyzer die Datenbank-Schnittstelle als Skill kapselt).'[0m [36mreq[0m=[35mbf10851c[0m
[2m11:52:17[0m [[32m[1minfo     [0m] [1mStarting team-based skill development for: Direkter SQL-Datenbank-Connector (die Aufgabe erfordert Datenbankzugriff, die verfügbaren Agenten sind auf Text/Transkript-Analyse spezialisiert; die Ausführung setzt voraus, dass der transcript_analyzer die Datenbank-Schnittstelle als Skill kapselt).[0m [36mreq[0m=[35mbf10851c[0m
[2m11:52:17[0m [[32m[1minfo     [0m] [1mResearching capability: Direkter SQL-Datenbank-Connector (die Aufgabe erfordert Datenbankzugriff, die verfügbaren Agenten sind auf Text/Transkript-Analyse spezialisiert; die Ausführung setzt voraus, dass der transcript_analyzer die Datenbank-Schnittstelle als Skill kapselt).[0m [36mreq[0m=[35mbf10851c[0m
[2m11:52:17[0m [[32m[1minfo     [0m] [1mresponse: https://en.wikipedia.org/w/api.php?action=opensearch&profile=fuzzy&limit=1&search=python%20Direkter%20SQL-Datenbank-Connector%20%28die%20Aufgabe%20erfordert%20Datenbankzugriff%2C%20die%20verf%C3%BCgbaren%20Agenten%20sind%20auf%20Text/Transkript-Analyse%20spezialisiert%3B%20die%20Ausf%C3%BChrung%20setzt%20voraus%2C%20dass%20der%20transcript_analyzer%20die%20Datenbank-Schnittstelle%20als%20Skill%20kapselt%29.%20implementation%20example%20code 200[0m
[2m11:52:18[0m [[32m[1minfo     [0m] [1mresponse: https://grokipedia.com/api/typeahead?query=python+Direkter+SQL-Datenbank-Connector+%28die+Aufgabe+erfordert+Datenbankzugriff%2C+die+verf%C3%BCgbaren+Agenten+sind+auf+Text%2FTranskript-Analyse+spezialisiert%3B+die+Ausf%C3%BChrung+setzt+voraus%2C+dass+der+transcript_analyzer+die+Datenbank-Schnittstelle+als+Skill+kapselt%29.+implementation+example+code&limit=1 200[0m
[2m11:52:19[0m [[32m[1minfo     [0m] [1mresponse: https://consent.yahoo.com/v2/collectConsent?sessionId=3_cc-session_15a28f1f-66f6-43e0-be4f-e296f69aed06 200[0m
[2m11:52:19[0m [[32m[1minfo     [0m] [1mresponse: https://yandex.com/search/site/?text=python+Direkter+SQL-Datenbank-Connector+%28die+Aufgabe+erfordert+Datenbankzugriff%2C+die+verf%C3%BCgbaren+Agenten+sind+auf+Text%2FTranskript-Analyse+spezialisiert%3B+die+Ausf%C3%BChrung+setzt+voraus%2C+dass+der+transcript_analyzer+die+Datenbank-Schnittstelle+als+Skill+kapselt%29.+implementation+example+code&web=1&searchid=7398783 200[0m
[2m11:52:19[0m [[32m[1minfo     [0m] [1mWeb search for 'python Direkter SQL-Datenbank-Connector (die Aufgabe erforde' returned 5 results[0m [36mreq[0m=[35mbf10851c[0m
[2m11:52:24[0m [[32m[1minfo     [0m] [1mGetting challenge status: id=1f899a88-2666-4898-9237-5f1731afdc1c[0m [36mreq[0m=[35m1125beb6[0m
[2m11:52:24[0m [[32m[1minfo     [0m] [1mrequest_finished                        [0m [36mduration[0m=[35m0.008[0m [36mmethod[0m=[35mGET[0m [36mpath[0m=[35m/api/v1/challenges/1f899a88-2666-4898-9237-5f1731afdc1c[0m [36mreq[0m=[35m1125beb6[0m [36mrequest_id[0m=[35m1125beb6-5e63-4446-b6d8-6e84df2c9a02[0m [36mstatus[0m=[35m200[0m
[2m11:52:25[0m [[32m[1minfo     [0m] [1mSummarized 6 sources into 3316 chars    [0m [36mreq[0m=[35mbf10851c[0m
[2m11:52:25[0m [[32m[1minfo     [0m] [1mResearch complete for Direkter SQL-Datenbank-Connector (die Aufgabe erfordert Datenbankzugriff, die verfügbaren Agenten sind auf Text/Transkript-Analyse spezialisiert; die Ausführung setzt voraus, dass der transcript_analyzer die Datenbank-Schnittstelle als Skill kapselt).: pip=['psycopg2-binary'], examples=1[0m [36mreq[0m=[35mbf10851c[0m
[2m11:52:25[0m [[32m[1minfo     [0m] [1mResearch complete: 1 packages found     [0m [36mreq[0m=[35mbf10851c[0m
[2m11:52:27[0m [[32m[1minfo     [0m] [1mArchitecture complete: 1 test cases defined[0m [36mreq[0m=[35mbf10851c[0m
[2m11:52:27[0m [[32m[1minfo     [0m] [1mSession start: iteration=1/10, pip=1, apt=0[0m [36mreq[0m=[35mbf10851c[0m
[2m11:52:27[0m [[32m[1minfo     [0m] [1mDocker client connected successfully    [0m [36mreq[0m=[35mbf10851c[0m
[2m11:52:27[0m [[32m[1minfo     [0m] [1mSession container created: 8b4aed122e03 [0m [36mreq[0m=[35mbf10851c[0m
[2m11:52:27[0m [[32m[1minfo     [0m] [1mInstalling pip packages: "psycopg2-binary"[0m [36mreq[0m=[35mbf10851c[0m
[2m11:52:29[0m [[32m[1minfo     [0m] [1mPip packages installed successfully     [0m [36mreq[0m=[35mbf10851c[0m
[2m11:52:29[0m [[32m[1minfo     [0m] [1mImplementation iteration 1/10           [0m [36mreq[0m=[35mbf10851c[0m
[2m11:52:31[0m [[32m[1minfo     [0m] [1mProaktiv erkannte neue Packages: ['sqlalchemy'][0m [36mreq[0m=[35mbf10851c[0m
[2m11:52:34[0m [[32m[1minfo     [0m] [1mGetting challenge status: id=1f899a88-2666-4898-9237-5f1731afdc1c[0m [36mreq[0m=[35m507e5678[0m
[2m11:52:34[0m [[32m[1minfo     [0m] [1mrequest_finished                        [0m [36mduration[0m=[35m0.01[0m [36mmethod[0m=[35mGET[0m [36mpath[0m=[35m/api/v1/challenges/1f899a88-2666-4898-9237-5f1731afdc1c[0m [36mreq[0m=[35m507e5678[0m [36mrequest_id[0m=[35m507e5678-1fb4-4c64-b6f2-2055eb92f899[0m [36mstatus[0m=[35m200[0m
[2m11:52:36[0m [[32m[1minfo     [0m] [1mSession start: iteration=2/10, pip=2, apt=0[0m [36mreq[0m=[35mbf10851c[0m
[2m11:52:36[0m [[32m[1minfo     [0m] [1mSession container created: a61c6a635ab4 [0m [36mreq[0m=[35mbf10851c[0m
[2m11:52:36[0m [[32m[1minfo     [0m] [1mInstalling pip packages: "psycopg2-binary" "sqlalchemy"[0m [36mreq[0m=[35mbf10851c[0m
[2m11:52:39[0m [[32m[1minfo     [0m] [1mPip packages installed successfully     [0m [36mreq[0m=[35mbf10851c[0m
[2m11:52:39[0m [[32m[1minfo     [0m] [1mImplementation iteration 2/10           [0m [36mreq[0m=[35mbf10851c[0m
[2m11:52:39[0m [[32m[1minfo     [0m] [1mImplementation erfolgreich nach 2 Iterationen[0m [36mreq[0m=[35mbf10851c[0m
[2m11:52:44[0m [[32m[1minfo     [0m] [1mGetting challenge status: id=1f899a88-2666-4898-9237-5f1731afdc1c[0m [36mreq[0m=[35mbedf813a[0m
[2m11:52:44[0m [[32m[1minfo     [0m] [1mrequest_finished                        [0m [36mduration[0m=[35m0.007[0m [36mmethod[0m=[35mGET[0m [36mpath[0m=[35m/api/v1/challenges/1f899a88-2666-4898-9237-5f1731afdc1c[0m [36mreq[0m=[35mbedf813a[0m [36mrequest_id[0m=[35mbedf813a-04ab-4f63-8099-4482ce9d0118[0m [36mstatus[0m=[35m200[0m
[2m11:52:44[0m [[32m[1minfo     [0m] [1mReview iteration 1/2                    [0m [36mreq[0m=[35mbf10851c[0m
[2m11:52:48[0m [[32m[1minfo     [0m] [1mStarting sandbox execution: pip=['psycopg2-binary', 'sqlalchemy'], apt=[], input_files=[][0m [36mreq[0m=[35mbf10851c[0m
[2m11:52:49[0m [[32m[1minfo     [0m] [1mInstalling pip packages: "psycopg2-binary" "sqlalchemy"[0m [36mreq[0m=[35mbf10851c[0m
[2m11:52:51[0m [[32m[1minfo     [0m] [1mPip packages installed successfully     [0m [36mreq[0m=[35mbf10851c[0m
[2m11:52:51[0m [[32m[1minfo     [0m] [1mSandbox execution complete: success=True, time=3211ms, cached=False[0m [36mreq[0m=[35mbf10851c[0m
[2m11:52:54[0m [[32m[1minfo     [0m] [1mGetting challenge status: id=1f899a88-2666-4898-9237-5f1731afdc1c[0m [36mreq[0m=[35me6e2dd52[0m
[2m11:52:54[0m [[32m[1minfo     [0m] [1mrequest_finished                        [0m [36mduration[0m=[35m0.007[0m [36mmethod[0m=[35mGET[0m [36mpath[0m=[35m/api/v1/challenges/1f899a88-2666-4898-9237-5f1731afdc1c[0m [36mreq[0m=[35me6e2dd52[0m [36mrequest_id[0m=[35me6e2dd52-e1a2-483f-8cf3-4f53458e3c75[0m [36mstatus[0m=[35m200[0m
[2m11:52:57[0m [[32m[1minfo     [0m] [1mReview iteration 2/2                    [0m [36mreq[0m=[35mbf10851c[0m
[2m11:52:59[0m [[33m[1mwarning  [0m] [1mReview-Iterationen erschöpft, akzeptiere pre-review Code[0m [36mreq[0m=[35mbf10851c[0m
[2m11:52:59[0m [[32m[1minfo     [0m] [1mStarting sandbox execution: pip=['psycopg2-binary', 'sqlalchemy'], apt=[], input_files=[][0m [36mreq[0m=[35mbf10851c[0m
[2m11:53:00[0m [[32m[1minfo     [0m] [1mInstalling pip packages: "psycopg2-binary" "sqlalchemy"[0m [36mreq[0m=[35mbf10851c[0m
[2m11:53:02[0m [[32m[1minfo     [0m] [1mPip packages installed successfully     [0m [36mreq[0m=[35mbf10851c[0m
[2m11:53:02[0m [[32m[1minfo     [0m] [1mSandbox execution complete: success=True, time=3118ms, cached=False[0m [36mreq[0m=[35mbf10851c[0m
[2m11:53:04[0m [[32m[1minfo     [0m] [1mGetting challenge status: id=1f899a88-2666-4898-9237-5f1731afdc1c[0m [36mreq[0m=[35m33855790[0m
[2m11:53:04[0m [[32m[1minfo     [0m] [1mrequest_finished                        [0m [36mduration[0m=[35m0.01[0m [36mmethod[0m=[35mGET[0m [36mpath[0m=[35m/api/v1/challenges/1f899a88-2666-4898-9237-5f1731afdc1c[0m [36mreq[0m=[35m33855790[0m [36mrequest_id[0m=[35m33855790-eecc-427e-95ac-6154088e17fd[0m [36mstatus[0m=[35m200[0m
[2m11:53:08[0m [[31m[1merror    [0m] [1mSkill development failed: (sqlalchemy.dialects.postgresql.asyncpg.Error) <class 'asyncpg.exceptions.StringDataRightTruncationError'>: value too long for type character varying(255)
[SQL: INSERT INTO skills (id, parent_id, name, description, skill_type, applicability, instructions, termination, interface, code, dependencies, test_cases, skill_metadata, is_active) VALUES ($1::VARCHAR, $2::VARCHAR, $3::VARCHAR, $4::VARCHAR, $5::VARCHAR, $6::VARCHAR, $7::VARCHAR, $8::VARCHAR, $9::JSON, $10::VARCHAR, $11::JSON, $12::JSON, $13::JSON, $14::BOOLEAN) RETURNING skills.created_at]
[parameters: ('f92ae546-6273-44fe-a3b4-af7ee9b16b64', None, 'skill_direkter_sql_datenbank_connector_(die_aufgabe_erfordert_datenbankzugriff,_die_verfügbaren_agenten_sind_auf_text/transkript_analyse_spezialisiert;_die_ausführung_setzt_voraus,_dass_der_transcript_analyzer_die_datenbank_schnittstelle_als_skill_kapselt).', 'Auto-generated skill for: Direkter SQL-Datenbank-Connector (die Aufgabe erfordert Datenbankzugriff, die verfügbaren Agenten sind auf Text/Transkript-Analyse spezialisiert; die Ausführung setzt voraus, dass der transcript_analyzer die Datenbank-Schnittstelle als Skill kapselt).', 'functional', None, None, None, '{"input": {"type": "object", "required": ["database_url", "query"], "properties": {"database_url": {"type": "string", "description": "SQLAlchemy conn ... (327 characters truncated) ... cess", "data"], "properties": {"success": {"type": "boolean"}, "data": {"type": "array", "items": {"type": "object"}}, "error": {"type": "string"}}}}', 'import sqlalchemy\nfrom sqlalchemy import create_engine, text\nfrom functools import lru_cache\n\n@lru_cache(maxsize=10)\ndef get_engine(database_url ... (1650 characters truncated) ... tion.commit()\n                return {"success": True, "data": []}\n\n    except Exception as e:\n        return {"success": False, "error": str(e)}', '{}', '[{"name": "read_only_select_test", "input_data": {"database_url": "postgresql://lumari:lumari_dev@lumari-postgres:5432/lumari", "query": "SELECT 1 as test_val"}, "expected_output": null, "expected_output_type": "dict", "expected_keys": ["success", "data"], "timeout_seconds": 60}]', '{"pip_requirements": ["psycopg2-binary", "sqlalchemy"], "system_packages": [], "auto_generated": true, "team_built": true, "generated_at": "2026-05-1 ... (471 characters truncated) ...  Row objects to dictionaries to ensure JSON serializability. Non-serializable types (like datetime) should be handled by the caller or cast in SQL."}', True)]
(Background on this error at: https://sqlalche.me/e/20/dbapi)[0m [36mreq[0m=[35mbf10851c[0m
Traceback (most recent call last):
  File "/Users/patrick/Documents/Uni/master_project/.venv/lib/python3.13/site-packages/sqlalchemy/dialects/postgresql/asyncpg.py", line 550, in _prepare_and_execute
    self._rows = deque(await prepared_stmt.fetch(*parameters))
                       ^^^^^^^^^^^^^^^^^^^^^^^^^^^^^^^^^^^^^^
  File "/Users/patrick/Documents/Uni/master_project/.venv/lib/python3.13/site-packages/asyncpg/prepared_stmt.py", line 177, in fetch
    data = await self.__bind_execute(args, 0, timeout)
           ^^^^^^^^^^^^^^^^^^^^^^^^^^^^^^^^^^^^^^^^^^^
  File "/Users/patrick/Documents/Uni/master_project/.venv/lib/python3.13/site-packages/asyncpg/prepared_stmt.py", line 268, in __bind_execute
    data, status, _ = await self.__do_execute(
                      ^^^^^^^^^^^^^^^^^^^^^^^^
        lambda protocol: protocol.bind_execute(
        ^^^^^^^^^^^^^^^^^^^^^^^^^^^^^^^^^^^^^^^
            self._state, args, '', limit, True, timeout))
            ^^^^^^^^^^^^^^^^^^^^^^^^^^^^^^^^^^^^^^^^^^^^^
  File "/Users/patrick/Documents/Uni/master_project/.venv/lib/python3.13/site-packages/asyncpg/prepared_stmt.py", line 257, in __do_execute
    return await executor(protocol)
           ^^^^^^^^^^^^^^^^^^^^^^^^
  File "asyncpg/protocol/protocol.pyx", line 205, in bind_execute
asyncpg.exceptions.StringDataRightTruncationError: value too long for type character varying(255)

The above exception was the direct cause of the following exception:

Traceback (most recent call last):
  File "/Users/patrick/Documents/Uni/master_project/.venv/lib/python3.13/site-packages/sqlalchemy/engine/base.py", line 1967, in _exec_single_context
    self.dialect.do_execute(
    ~~~~~~~~~~~~~~~~~~~~~~~^
        cursor, str_statement, effective_parameters, context
        ^^^^^^^^^^^^^^^^^^^^^^^^^^^^^^^^^^^^^^^^^^^^^^^^^^^^
    )
    ^
  File "/Users/patrick/Documents/Uni/master_project/.venv/lib/python3.13/site-packages/sqlalchemy/engine/default.py", line 951, in do_execute
    cursor.execute(statement, parameters)
    ~~~~~~~~~~~~~~^^^^^^^^^^^^^^^^^^^^^^^
  File "/Users/patrick/Documents/Uni/master_project/.venv/lib/python3.13/site-packages/sqlalchemy/dialects/postgresql/asyncpg.py", line 585, in execute
    self._adapt_connection.await_(
    ~~~~~~~~~~~~~~~~~~~~~~~~~~~~~^
        self._prepare_and_execute(operation, parameters)
        ^^^^^^^^^^^^^^^^^^^^^^^^^^^^^^^^^^^^^^^^^^^^^^^^
    )
    ^
  File "/Users/patrick/Documents/Uni/master_project/.venv/lib/python3.13/site-packages/sqlalchemy/util/_concurrency_py3k.py", line 132, in await_only
    return current.parent.switch(awaitable)  # type: ignore[no-any-return,attr-defined] # noqa: E501
           ~~~~~~~~~~~~~~~~~~~~~^^^^^^^^^^^
  File "/Users/patrick/Documents/Uni/master_project/.venv/lib/python3.13/site-packages/sqlalchemy/util/_concurrency_py3k.py", line 196, in greenlet_spawn
    value = await result
            ^^^^^^^^^^^^
  File "/Users/patrick/Documents/Uni/master_project/.venv/lib/python3.13/site-packages/sqlalchemy/dialects/postgresql/asyncpg.py", line 563, in _prepare_and_execute
    self._handle_exception(error)
    ~~~~~~~~~~~~~~~~~~~~~~^^^^^^^
  File "/Users/patrick/Documents/Uni/master_project/.venv/lib/python3.13/site-packages/sqlalchemy/dialects/postgresql/asyncpg.py", line 513, in _handle_exception
    self._adapt_connection._handle_exception(error)
    ~~~~~~~~~~~~~~~~~~~~~~~~~~~~~~~~~~~~~~~~^^^^^^^
  File "/Users/patrick/Documents/Uni/master_project/.venv/lib/python3.13/site-packages/sqlalchemy/dialects/postgresql/asyncpg.py", line 797, in _handle_exception
    raise translated_error from error
sqlalchemy.dialects.postgresql.asyncpg.AsyncAdapt_asyncpg_dbapi.Error: <class 'asyncpg.exceptions.StringDataRightTruncationError'>: value too long for type character varying(255)

The above exception was the direct cause of the following exception:

Traceback (most recent call last):
  File "/Users/patrick/Documents/Uni/master_project/backend/app/services/skill_team_orchestrator.py", line 335, in develop_skill
    skill = await self._persist_skill(capability, code, design, research)
            ^^^^^^^^^^^^^^^^^^^^^^^^^^^^^^^^^^^^^^^^^^^^^^^^^^^^^^^^^^^^^
  File "/Users/patrick/Documents/Uni/master_project/backend/app/services/skill_team_orchestrator.py", line 1594, in _persist_skill
    await db.commit()
  File "/Users/patrick/Documents/Uni/master_project/.venv/lib/python3.13/site-packages/sqlalchemy/ext/asyncio/session.py", line 1000, in commit
    await greenlet_spawn(self.sync_session.commit)
  File "/Users/patrick/Documents/Uni/master_project/.venv/lib/python3.13/site-packages/sqlalchemy/util/_concurrency_py3k.py", line 203, in greenlet_spawn
    result = context.switch(value)
  File "/Users/patrick/Documents/Uni/master_project/.venv/lib/python3.13/site-packages/sqlalchemy/orm/session.py", line 2030, in commit
    trans.commit(_to_root=True)
    ~~~~~~~~~~~~^^^^^^^^^^^^^^^
  File "<string>", line 2, in commit
  File "/Users/patrick/Documents/Uni/master_project/.venv/lib/python3.13/site-packages/sqlalchemy/orm/state_changes.py", line 137, in _go
    ret_value = fn(self, *arg, **kw)
  File "/Users/patrick/Documents/Uni/master_project/.venv/lib/python3.13/site-packages/sqlalchemy/orm/session.py", line 1311, in commit
    self._prepare_impl()
    ~~~~~~~~~~~~~~~~~~^^
  File "<string>", line 2, in _prepare_impl
  File "/Users/patrick/Documents/Uni/master_project/.venv/lib/python3.13/site-packages/sqlalchemy/orm/state_changes.py", line 137, in _go
    ret_value = fn(self, *arg, **kw)
  File "/Users/patrick/Documents/Uni/master_project/.venv/lib/python3.13/site-packages/sqlalchemy/orm/session.py", line 1286, in _prepare_impl
    self.session.flush()
    ~~~~~~~~~~~~~~~~~~^^
  File "/Users/patrick/Documents/Uni/master_project/.venv/lib/python3.13/site-packages/sqlalchemy/orm/session.py", line 4331, in flush
    self._flush(objects)
    ~~~~~~~~~~~^^^^^^^^^
  File "/Users/patrick/Documents/Uni/master_project/.venv/lib/python3.13/site-packages/sqlalchemy/orm/session.py", line 4466, in _flush
    with util.safe_reraise():
         ~~~~~~~~~~~~~~~~~^^
  File "/Users/patrick/Documents/Uni/master_project/.venv/lib/python3.13/site-packages/sqlalchemy/util/langhelpers.py", line 224, in __exit__
    raise exc_value.with_traceback(exc_tb)
  File "/Users/patrick/Documents/Uni/master_project/.venv/lib/python3.13/site-packages/sqlalchemy/orm/session.py", line 4427, in _flush
    flush_context.execute()
    ~~~~~~~~~~~~~~~~~~~~~^^
  File "/Users/patrick/Documents/Uni/master_project/.venv/lib/python3.13/site-packages/sqlalchemy/orm/unitofwork.py", line 466, in execute
    rec.execute(self)
    ~~~~~~~~~~~^^^^^^
  File "/Users/patrick/Documents/Uni/master_project/.venv/lib/python3.13/site-packages/sqlalchemy/orm/unitofwork.py", line 642, in execute
    util.preloaded.orm_persistence.save_obj(
    ~~~~~~~~~~~~~~~~~~~~~~~~~~~~~~~~~~~~~~~^
        self.mapper,
        ^^^^^^^^^^^^
        uow.states_for_mapper_hierarchy(self.mapper, False, False),
        ^^^^^^^^^^^^^^^^^^^^^^^^^^^^^^^^^^^^^^^^^^^^^^^^^^^^^^^^^^^
        uow,
        ^^^^
    )
    ^
  File "/Users/patrick/Documents/Uni/master_project/.venv/lib/python3.13/site-packages/sqlalchemy/orm/persistence.py", line 93, in save_obj
    _emit_insert_statements(
    ~~~~~~~~~~~~~~~~~~~~~~~^
        base_mapper,
        ^^^^^^^^^^^^
    ...<3 lines>...
        insert,
        ^^^^^^^
    )
    ^
  File "/Users/patrick/Documents/Uni/master_project/.venv/lib/python3.13/site-packages/sqlalchemy/orm/persistence.py", line 1233, in _emit_insert_statements
    result = connection.execute(
        statement,
        params,
        execution_options=execution_options,
    )
  File "/Users/patrick/Documents/Uni/master_project/.venv/lib/python3.13/site-packages/sqlalchemy/engine/base.py", line 1419, in execute
    return meth(
        self,
        distilled_parameters,
        execution_options or NO_OPTIONS,
    )
  File "/Users/patrick/Documents/Uni/master_project/.venv/lib/python3.13/site-packages/sqlalchemy/sql/elements.py", line 526, in _execute_on_connection
    return connection._execute_clauseelement(
           ~~~~~~~~~~~~~~~~~~~~~~~~~~~~~~~~~^
        self, distilled_params, execution_options
        ^^^^^^^^^^^^^^^^^^^^^^^^^^^^^^^^^^^^^^^^^
    )
    ^
  File "/Users/patrick/Documents/Uni/master_project/.venv/lib/python3.13/site-packages/sqlalchemy/engine/base.py", line 1641, in _execute_clauseelement
    ret = self._execute_context(
        dialect,
    ...<8 lines>...
        cache_hit=cache_hit,
    )
  File "/Users/patrick/Documents/Uni/master_project/.venv/lib/python3.13/site-packages/sqlalchemy/engine/base.py", line 1846, in _execute_context
    return self._exec_single_context(
           ~~~~~~~~~~~~~~~~~~~~~~~~~^
        dialect, context, statement, parameters
        ^^^^^^^^^^^^^^^^^^^^^^^^^^^^^^^^^^^^^^^
    )
    ^
  File "/Users/patrick/Documents/Uni/master_project/.venv/lib/python3.13/site-packages/sqlalchemy/engine/base.py", line 1986, in _exec_single_context
    self._handle_dbapi_exception(
    ~~~~~~~~~~~~~~~~~~~~~~~~~~~~^
        e, str_statement, effective_parameters, cursor, context
        ^^^^^^^^^^^^^^^^^^^^^^^^^^^^^^^^^^^^^^^^^^^^^^^^^^^^^^^
    )
    ^
  File "/Users/patrick/Documents/Uni/master_project/.venv/lib/python3.13/site-packages/sqlalchemy/engine/base.py", line 2355, in _handle_dbapi_exception
    raise sqlalchemy_exception.with_traceback(exc_info[2]) from e
  File "/Users/patrick/Documents/Uni/master_project/.venv/lib/python3.13/site-packages/sqlalchemy/engine/base.py", line 1967, in _exec_single_context
    self.dialect.do_execute(
    ~~~~~~~~~~~~~~~~~~~~~~~^
        cursor, str_statement, effective_parameters, context
        ^^^^^^^^^^^^^^^^^^^^^^^^^^^^^^^^^^^^^^^^^^^^^^^^^^^^
    )
    ^
  File "/Users/patrick/Documents/Uni/master_project/.venv/lib/python3.13/site-packages/sqlalchemy/engine/default.py", line 951, in do_execute
    cursor.execute(statement, parameters)
    ~~~~~~~~~~~~~~^^^^^^^^^^^^^^^^^^^^^^^
  File "/Users/patrick/Documents/Uni/master_project/.venv/lib/python3.13/site-packages/sqlalchemy/dialects/postgresql/asyncpg.py", line 585, in execute
    self._adapt_connection.await_(
    ~~~~~~~~~~~~~~~~~~~~~~~~~~~~~^
        self._prepare_and_execute(operation, parameters)
        ^^^^^^^^^^^^^^^^^^^^^^^^^^^^^^^^^^^^^^^^^^^^^^^^
    )
    ^
  File "/Users/patrick/Documents/Uni/master_project/.venv/lib/python3.13/site-packages/sqlalchemy/util/_concurrency_py3k.py", line 132, in await_only
    return current.parent.switch(awaitable)  # type: ignore[no-any-return,attr-defined] # noqa: E501
           ~~~~~~~~~~~~~~~~~~~~~^^^^^^^^^^^
  File "/Users/patrick/Documents/Uni/master_project/.venv/lib/python3.13/site-packages/sqlalchemy/util/_concurrency_py3k.py", line 196, in greenlet_spawn
    value = await result
            ^^^^^^^^^^^^
  File "/Users/patrick/Documents/Uni/master_project/.venv/lib/python3.13/site-packages/sqlalchemy/dialects/postgresql/asyncpg.py", line 563, in _prepare_and_execute
    self._handle_exception(error)
    ~~~~~~~~~~~~~~~~~~~~~~^^^^^^^
  File "/Users/patrick/Documents/Uni/master_project/.venv/lib/python3.13/site-packages/sqlalchemy/dialects/postgresql/asyncpg.py", line 513, in _handle_exception
    self._adapt_connection._handle_exception(error)
    ~~~~~~~~~~~~~~~~~~~~~~~~~~~~~~~~~~~~~~~~^^^^^^^
  File "/Users/patrick/Documents/Uni/master_project/.venv/lib/python3.13/site-packages/sqlalchemy/dialects/postgresql/asyncpg.py", line 797, in _handle_exception
    raise translated_error from error
sqlalchemy.exc.DBAPIError: (sqlalchemy.dialects.postgresql.asyncpg.Error) <class 'asyncpg.exceptions.StringDataRightTruncationError'>: value too long for type character varying(255)
[SQL: INSERT INTO skills (id, parent_id, name, description, skill_type, applicability, instructions, termination, interface, code, dependencies, test_cases, skill_metadata, is_active) VALUES ($1::VARCHAR, $2::VARCHAR, $3::VARCHAR, $4::VARCHAR, $5::VARCHAR, $6::VARCHAR, $7::VARCHAR, $8::VARCHAR, $9::JSON, $10::VARCHAR, $11::JSON, $12::JSON, $13::JSON, $14::BOOLEAN) RETURNING skills.created_at]
[parameters: ('f92ae546-6273-44fe-a3b4-af7ee9b16b64', None, 'skill_direkter_sql_datenbank_connector_(die_aufgabe_erfordert_datenbankzugriff,_die_verfügbaren_agenten_sind_auf_text/transkript_analyse_spezialisiert;_die_ausführung_setzt_voraus,_dass_der_transcript_analyzer_die_datenbank_schnittstelle_als_skill_kapselt).', 'Auto-generated skill for: Direkter SQL-Datenbank-Connector (die Aufgabe erfordert Datenbankzugriff, die verfügbaren Agenten sind auf Text/Transkript-Analyse spezialisiert; die Ausführung setzt voraus, dass der transcript_analyzer die Datenbank-Schnittstelle als Skill kapselt).', 'functional', None, None, None, '{"input": {"type": "object", "required": ["database_url", "query"], "properties": {"database_url": {"type": "string", "description": "SQLAlchemy conn ... (327 characters truncated) ... cess", "data"], "properties": {"success": {"type": "boolean"}, "data": {"type": "array", "items": {"type": "object"}}, "error": {"type": "string"}}}}', 'import sqlalchemy\nfrom sqlalchemy import create_engine, text\nfrom functools import lru_cache\n\n@lru_cache(maxsize=10)\ndef get_engine(database_url ... (1650 characters truncated) ... tion.commit()\n                return {"success": True, "data": []}\n\n    except Exception as e:\n        return {"success": False, "error": str(e)}', '{}', '[{"name": "read_only_select_test", "input_data": {"database_url": "postgresql://lumari:lumari_dev@lumari-postgres:5432/lumari", "query": "SELECT 1 as test_val"}, "expected_output": null, "expected_output_type": "dict", "expected_keys": ["success", "data"], "timeout_seconds": 60}]', '{"pip_requirements": ["psycopg2-binary", "sqlalchemy"], "system_packages": [], "auto_generated": true, "team_built": true, "generated_at": "2026-05-1 ... (471 characters truncated) ...  Row objects to dictionaries to ensure JSON serializability. Non-serializable types (like datetime) should be handled by the caller or cast in SQL."}', True)]
(Background on this error at: https://sqlalche.me/e/20/dbapi)
[2m11:53:08[0m [[33m[1mwarning  [0m] [1mbuild_on_demand: failed for 'Direkter SQL-Datenbank-Connector (die Aufgabe erfordert Datenbankzugriff, die verfügbaren Agenten sind auf Text/Transkript-Analyse spezialisiert; die Ausführung setzt voraus, dass der transcript_analyzer die Datenbank-Schnittstelle als Skill kapselt).': (sqlalchemy.dialects.postgresql.asyncpg.Error) <class 'asyncpg.exceptions.StringDataRightTruncationError'>: value too long for type character varying(255)
[SQL: INSERT INTO skills (id, parent_id, name, description, skill_type, applicability, instructions, termination, interface, code, dependencies, test_cases, skill_metadata, is_active) VALUES ($1::VARCHAR, $2::VARCHAR, $3::VARCHAR, $4::VARCHAR, $5::VARCHAR, $6::VARCHAR, $7::VARCHAR, $8::VARCHAR, $9::JSON, $10::VARCHAR, $11::JSON, $12::JSON, $13::JSON, $14::BOOLEAN) RETURNING skills.created_at]
[parameters: ('f92ae546-6273-44fe-a3b4-af7ee9b16b64', None, 'skill_direkter_sql_datenbank_connector_(die_aufgabe_erfordert_datenbankzugriff,_die_verfügbaren_agenten_sind_auf_text/transkript_analyse_spezialisiert;_die_ausführung_setzt_voraus,_dass_der_transcript_analyzer_die_datenbank_schnittstelle_als_skill_kapselt).', 'Auto-generated skill for: Direkter SQL-Datenbank-Connector (die Aufgabe erfordert Datenbankzugriff, die verfügbaren Agenten sind auf Text/Transkript-Analyse spezialisiert; die Ausführung setzt voraus, dass der transcript_analyzer die Datenbank-Schnittstelle als Skill kapselt).', 'functional', None, None, None, '{"input": {"type": "object", "required": ["database_url", "query"], "properties": {"database_url": {"type": "string", "description": "SQLAlchemy conn ... (327 characters truncated) ... cess", "data"], "properties": {"success": {"type": "boolean"}, "data": {"type": "array", "items": {"type": "object"}}, "error": {"type": "string"}}}}', 'import sqlalchemy\nfrom sqlalchemy import create_engine, text\nfrom functools import lru_cache\n\n@lru_cache(maxsize=10)\ndef get_engine(database_url ... (1650 characters truncated) ... tion.commit()\n                return {"success": True, "data": []}\n\n    except Exception as e:\n        return {"success": False, "error": str(e)}', '{}', '[{"name": "read_only_select_test", "input_data": {"database_url": "postgresql://lumari:lumari_dev@lumari-postgres:5432/lumari", "query": "SELECT 1 as test_val"}, "expected_output": null, "expected_output_type": "dict", "expected_keys": ["success", "data"], "timeout_seconds": 60}]', '{"pip_requirements": ["psycopg2-binary", "sqlalchemy"], "system_packages": [], "auto_generated": true, "team_built": true, "generated_at": "2026-05-1 ... (471 characters truncated) ...  Row objects to dictionaries to ensure JSON serializability. Non-serializable types (like datetime) should be handled by the caller or cast in SQL."}', True)]
(Background on this error at: https://sqlalche.me/e/20/dbapi)[0m [36mreq[0m=[35mbf10851c[0m
[2m11:53:11[0m [[33m[1mwarning  [0m] [1mTeam assembly: Gaps nach Gap-Build noch offen, Fallback[0m [36mreq[0m=[35mbf10851c[0m
[2m11:53:11[0m [[32m[1minfo     [0m] [1mLoading topology from database...       [0m [36mreq[0m=[35mbf10851c[0m
[2m11:53:11[0m [[32m[1minfo     [0m] [1mMapped 9 skill entries to 8 capabilities[0m [36mreq[0m=[35mbf10851c[0m
[2m11:53:11[0m [[32m[1minfo     [0m] [1mTopology validated: 11 agents in 5 waves[0m [36mreq[0m=[35mbf10851c[0m
[2m11:53:11[0m [[32m[1minfo     [0m] [1mLoaded 9 skills for topology            [0m [36mreq[0m=[35mbf10851c[0m
[2m11:53:11[0m [[32m[1minfo     [0m] [1mTopology loaded: 11 agents, 5 waves     [0m [36mreq[0m=[35mbf10851c[0m
[2m11:53:11[0m [[32m[1minfo     [0m] [1mDocker client connected successfully    [0m [36mreq[0m=[35mbf10851c[0m
[2m11:53:11[0m [[32m[1minfo     [0m] [1mCreated DynamicSandbox executor (Docker-based, unrestricted)[0m [36mreq[0m=[35mbf10851c[0m
[2m11:53:11[0m [[32m[1minfo     [0m] [1mLoading topology from database...       [0m [36mreq[0m=[35mbf10851c[0m
[2m11:53:11[0m [[32m[1minfo     [0m] [1mMapped 9 skill entries to 8 capabilities[0m [36mreq[0m=[35mbf10851c[0m
[2m11:53:11[0m [[32m[1minfo     [0m] [1mTopology validated: 11 agents in 5 waves[0m [36mreq[0m=[35mbf10851c[0m
[2m11:53:11[0m [[32m[1minfo     [0m] [1mLoaded 9 skills for topology            [0m [36mreq[0m=[35mbf10851c[0m
[2m11:53:11[0m [[32m[1minfo     [0m] [1mTopology loaded: 11 agents, 5 waves     [0m [36mreq[0m=[35mbf10851c[0m
[2m11:53:11[0m [[32m[1minfo     [0m] [1mRuntimeAgentRegistry initialized with max_concurrent=5[0m [36mreq[0m=[35mbf10851c[0m
[2m11:53:11[0m [[32m[1minfo     [0m] [1mExecuting wave 1/5: ['b2972519-389d-4c28-b232-f7fc483725f6', '89bbc5ee-1be6-41d6-93f1-a3e688122d9c', '73b1df33-d616-42b7-9681-a6b7053ec062', 'ba9c6211-ea51-445d-8046-24986542cf64'][0m [36mreq[0m=[35mbf10851c[0m
[2m11:53:11[0m [[32m[1minfo     [0m] [1mSkipping dev-team agent 'product_owner' in execution wave[0m [36mreq[0m=[35mbf10851c[0m
[2m11:53:11[0m [[32m[1minfo     [0m] [1mSkipping dev-team agent 'quality_judge' in execution wave[0m [36mreq[0m=[35mbf10851c[0m
[2m11:53:11[0m [[32m[1minfo     [0m] [1mSkipping dev-team agent 'execution_analyzer' in execution wave[0m [36mreq[0m=[35mbf10851c[0m
[2m11:53:11[0m [[32m[1minfo     [0m] [1mExecuting agent: transcript_analyzer (b2972519-389d-4c28-b232-f7fc483725f6)[0m [36mreq[0m=[35mbf10851c[0m
[2m11:53:11[0m [[32m[1minfo     [0m] [1mshared_memory_metrics agent=transcript_analyzer facts_kept=5 facts_total=8 hypotheses=0 relations=0 approx_tokens=1085 query_chars=450[0m [36mreq[0m=[35mbf10851c[0m
[2m11:53:12[0m [[32m[1minfo     [0m] [1mTool call 1/15: skill_connect_to_postgresql_database_using_provided_credentials[0m [36mreq[0m=[35mbf10851c[0m
[2m11:53:12[0m [[32m[1minfo     [0m] [1mStarting sandbox execution: pip=['psycopg2-binary'], apt=[], input_files=[][0m [36mreq[0m=[35mbf10851c[0m
[2m11:53:12[0m [[32m[1minfo     [0m] [1mFound cached image: lumari-sandbox:custom-c3a5332b (usage=35)[0m [36mreq[0m=[35mbf10851c[0m
[2m11:53:12[0m [[32m[1minfo     [0m] [1mUsing cached image: lumari-sandbox:custom-c3a5332b[0m [36mreq[0m=[35mbf10851c[0m
[2m11:53:12[0m [[32m[1minfo     [0m] [1mSandbox execution complete: success=True, time=423ms, cached=True[0m [36mreq[0m=[35mbf10851c[0m
[2m11:53:14[0m [[32m[1minfo     [0m] [1mGetting challenge status: id=1f899a88-2666-4898-9237-5f1731afdc1c[0m [36mreq[0m=[35m3e863578[0m
[2m11:53:14[0m [[32m[1minfo     [0m] [1mrequest_finished                        [0m [36mduration[0m=[35m0.009[0m [36mmethod[0m=[35mGET[0m [36mpath[0m=[35m/api/v1/challenges/1f899a88-2666-4898-9237-5f1731afdc1c[0m [36mreq[0m=[35m3e863578[0m [36mrequest_id[0m=[35m3e863578-148e-4717-8ae8-f67ef48c5c18[0m [36mstatus[0m=[35m200[0m
[2m11:53:19[0m [[32m[1minfo     [0m] [1mTool call 2/15: skill_direkter_sql_datenbank_konnektor_(die_verfügbaren_agenten_sind_auf_text/kontext_verarbeitung_spezialisiert,_die_datenbank_abfrage_muss_durch_einen_spezialisierten_db_agenten_oder_ein_tool_interface_innerhalb_des_context_retriever_erfolgen)[0m [36mreq[0m=[35mbf10851c[0m
[2m11:53:19[0m [[32m[1minfo     [0m] [1mStarting sandbox execution: pip=['psycopg2-binary', 'sqlalchemy'], apt=[], input_files=[][0m [36mreq[0m=[35mbf10851c[0m
[2m11:53:19[0m [[32m[1minfo     [0m] [1mFound cached image: lumari-sandbox:custom-95cd1c6e (usage=21)[0m [36mreq[0m=[35mbf10851c[0m
[2m11:53:19[0m [[32m[1minfo     [0m] [1mUsing cached image: lumari-sandbox:custom-95cd1c6e[0m [36mreq[0m=[35mbf10851c[0m
[2m11:53:20[0m [[33m[1mwarning  [0m] [1mCode execution failed (exit=1): Traceback (most recent call last):
  File "/workspace/script.py", line 70, in <module>
    _result = get_engine(_input)
              ^^^^^^^^^^^^^^^^^^
TypeError: unhashable type: 'dict'
[0m [36mreq[0m=[35mbf10851c[0m
[2m11:53:20[0m [[32m[1minfo     [0m] [1mSandbox execution complete: success=False, time=569ms, cached=True[0m [36mreq[0m=[35mbf10851c[0m
[2m11:53:24[0m [[32m[1minfo     [0m] [1mGetting challenge status: id=1f899a88-2666-4898-9237-5f1731afdc1c[0m [36mreq[0m=[35m45bb3bf4[0m
[2m11:53:24[0m [[32m[1minfo     [0m] [1mrequest_finished                        [0m [36mduration[0m=[35m0.008[0m [36mmethod[0m=[35mGET[0m [36mpath[0m=[35m/api/v1/challenges/1f899a88-2666-4898-9237-5f1731afdc1c[0m [36mreq[0m=[35m45bb3bf4[0m [36mrequest_id[0m=[35m45bb3bf4-8f93-4705-91c5-fb0ff3c1f7c3[0m [36mstatus[0m=[35m200[0m
[2m11:53:26[0m [[32m[1minfo     [0m] [1mTool call 3/15: skill_direkter_sql_datenbank_konnektor_(die_verfügbaren_agenten_nutzen_generische_skills,_die_eine_abstraktion_der_datenbankverbindung_voraussetzen)[0m [36mreq[0m=[35mbf10851c[0m
[2m11:53:26[0m [[32m[1minfo     [0m] [1mStarting sandbox execution: pip=['psycopg2-binary', 'sqlalchemy'], apt=[], input_files=[][0m [36mreq[0m=[35mbf10851c[0m
[2m11:53:26[0m [[32m[1minfo     [0m] [1mFound cached image: lumari-sandbox:custom-95cd1c6e (usage=22)[0m [36mreq[0m=[35mbf10851c[0m
[2m11:53:26[0m [[32m[1minfo     [0m] [1mUsing cached image: lumari-sandbox:custom-95cd1c6e[0m [36mreq[0m=[35mbf10851c[0m
[2m11:53:27[0m [[32m[1minfo     [0m] [1mSandbox execution complete: success=True, time=529ms, cached=True[0m [36mreq[0m=[35mbf10851c[0m
[2m11:53:34[0m [[32m[1minfo     [0m] [1mGetting challenge status: id=1f899a88-2666-4898-9237-5f1731afdc1c[0m [36mreq[0m=[35m68956973[0m
[2m11:53:34[0m [[32m[1minfo     [0m] [1mrequest_finished                        [0m [36mduration[0m=[35m0.007[0m [36mmethod[0m=[35mGET[0m [36mpath[0m=[35m/api/v1/challenges/1f899a88-2666-4898-9237-5f1731afdc1c[0m [36mreq[0m=[35m68956973[0m [36mrequest_id[0m=[35m68956973-460d-443b-af3c-709b2c4b6688[0m [36mstatus[0m=[35m200[0m
[2m11:53:34[0m [[32m[1minfo     [0m] [1mAgent transcript_analyzer returned final answer after 3 tool calls[0m [36mreq[0m=[35mbf10851c[0m
[2m11:53:35[0m [[32m[1minfo     [0m] [1mAgent transcript_analyzer completed     [0m [36mreq[0m=[35mbf10851c[0m
[2m11:53:35[0m [[32m[1minfo     [0m] [1mWave 1 agent 'transcript_analyzer' completed: success=True, skipped=False, result_len=1519[0m [36mreq[0m=[35mbf10851c[0m
[2m11:53:35[0m [[32m[1minfo     [0m] [1mExecuting wave 2/5: ['7eab52e8-a142-4154-a4a2-1cd6172eab46', '4842fd71-80d9-4aed-b00a-61c4a1d60407'][0m [36mreq[0m=[35mbf10851c[0m
[2m11:53:35[0m [[32m[1minfo     [0m] [1mSkipping dev-team agent 'control_agent' in execution wave[0m [36mreq[0m=[35mbf10851c[0m
[2m11:53:35[0m [[32m[1minfo     [0m] [1mExecuting agent: context_retriever (7eab52e8-a142-4154-a4a2-1cd6172eab46)[0m [36mreq[0m=[35mbf10851c[0m
[2m11:53:36[0m [[32m[1minfo     [0m] [1mTool call 1/15: skill_execute_sql_queries_to_list_database_tables[0m [36mreq[0m=[35mbf10851c[0m
[2m11:53:36[0m [[32m[1minfo     [0m] [1mStarting sandbox execution: pip=['psycopg2-binary', 'sqlalchemy'], apt=[], input_files=[][0m [36mreq[0m=[35mbf10851c[0m
[2m11:53:36[0m [[32m[1minfo     [0m] [1mFound cached image: lumari-sandbox:custom-95cd1c6e (usage=23)[0m [36mreq[0m=[35mbf10851c[0m
[2m11:53:36[0m [[32m[1minfo     [0m] [1mUsing cached image: lumari-sandbox:custom-95cd1c6e[0m [36mreq[0m=[35mbf10851c[0m
[2m11:53:37[0m [[32m[1minfo     [0m] [1mSandbox execution complete: success=True, time=481ms, cached=True[0m [36mreq[0m=[35mbf10851c[0m
[2m11:53:44[0m [[32m[1minfo     [0m] [1mGetting challenge status: id=1f899a88-2666-4898-9237-5f1731afdc1c[0m [36mreq[0m=[35m785a5550[0m
[2m11:53:44[0m [[32m[1minfo     [0m] [1mrequest_finished                        [0m [36mduration[0m=[35m0.01[0m [36mmethod[0m=[35mGET[0m [36mpath[0m=[35m/api/v1/challenges/1f899a88-2666-4898-9237-5f1731afdc1c[0m [36mreq[0m=[35m785a5550[0m [36mrequest_id[0m=[35m785a5550-94ac-42f3-884a-c86c8e9575fd[0m [36mstatus[0m=[35m200[0m
[2m11:53:44[0m [[32m[1minfo     [0m] [1mAgent context_retriever returned final answer after 1 tool calls[0m [36mreq[0m=[35mbf10851c[0m
[2m11:53:44[0m [[32m[1minfo     [0m] [1mAgent context_retriever completed       [0m [36mreq[0m=[35mbf10851c[0m
[2m11:53:44[0m [[32m[1minfo     [0m] [1mWave 2 agent 'context_retriever' completed: success=True, skipped=False, result_len=827[0m [36mreq[0m=[35mbf10851c[0m
[2m11:53:44[0m [[32m[1minfo     [0m] [1mExecuting wave 3/5: ['bc9b7c24-be22-4edb-9f80-55721c052340', '03c7ecc0-d8de-4c8f-9638-19909c3d0cf4', 'e76607a6-a46b-4d58-8003-b849ea6d8785'][0m [36mreq[0m=[35mbf10851c[0m
[2m11:53:44[0m [[32m[1minfo     [0m] [1mSkipping dev-team agent 'prompt_engineer' in execution wave[0m [36mreq[0m=[35mbf10851c[0m
[2m11:53:44[0m [[32m[1minfo     [0m] [1mSkipping dev-team agent 'tool_builder' in execution wave[0m [36mreq[0m=[35mbf10851c[0m
[2m11:53:44[0m [[32m[1minfo     [0m] [1mExecuting agent: report_generator (bc9b7c24-be22-4edb-9f80-55721c052340)[0m [36mreq[0m=[35mbf10851c[0m
[2m11:53:46[0m [[32m[1minfo     [0m] [1mAgent report_generator returned final answer after 0 tool calls[0m [36mreq[0m=[35mbf10851c[0m
[2m11:53:47[0m [[32m[1minfo     [0m] [1mAgent report_generator completed        [0m [36mreq[0m=[35mbf10851c[0m
[2m11:53:47[0m [[32m[1minfo     [0m] [1mWave 3 agent 'report_generator' completed: success=True, skipped=False, result_len=1686[0m [36mreq[0m=[35mbf10851c[0m
[2m11:53:47[0m [[32m[1minfo     [0m] [1mExecuting wave 4/5: ['b7cb497a-e30c-4e2d-8aaa-b1ec8e9bbf38'][0m [36mreq[0m=[35mbf10851c[0m
[2m11:53:47[0m [[32m[1minfo     [0m] [1mExecuting agent: quality_validator (b7cb497a-e30c-4e2d-8aaa-b1ec8e9bbf38)[0m [36mreq[0m=[35mbf10851c[0m
[2m11:53:48[0m [[32m[1minfo     [0m] [1mAgent quality_validator returned final answer after 0 tool calls[0m [36mreq[0m=[35mbf10851c[0m
[2m11:53:48[0m [[32m[1minfo     [0m] [1mAgent quality_validator completed       [0m [36mreq[0m=[35mbf10851c[0m
[2m11:53:48[0m [[32m[1minfo     [0m] [1mWave 4 agent 'quality_validator' completed: success=True, skipped=False, result_len=600[0m [36mreq[0m=[35mbf10851c[0m
[2m11:53:48[0m [[32m[1minfo     [0m] [1mExecuting wave 5/5: ['4920a302-a1e9-4c8b-95f4-afd7adbda99a'][0m [36mreq[0m=[35mbf10851c[0m
[2m11:53:48[0m [[32m[1minfo     [0m] [1mExecuting agent: report_finalizer (4920a302-a1e9-4c8b-95f4-afd7adbda99a)[0m [36mreq[0m=[35mbf10851c[0m
[2m11:53:51[0m [[32m[1minfo     [0m] [1mAgent report_finalizer returned final answer after 0 tool calls[0m [36mreq[0m=[35mbf10851c[0m
[2m11:53:51[0m [[32m[1minfo     [0m] [1mAgent report_finalizer completed        [0m [36mreq[0m=[35mbf10851c[0m
[2m11:53:51[0m [[32m[1minfo     [0m] [1mWave 5 agent 'report_finalizer' completed: success=True, skipped=False, result_len=2296[0m [36mreq[0m=[35mbf10851c[0m
[2m11:53:53[0m [[32m[1minfo     [0m] [1mVerification: score=0.20, action=escalate, round 1[0m [36mreq[0m=[35mbf10851c[0m
[2m11:53:53[0m [[32m[1minfo     [0m] [1mEskalation: Gap-Building für ['Output ist rein theoretisch / beschreibend'][0m [36mreq[0m=[35mbf10851c[0m
[2m11:53:53[0m [[32m[1minfo     [0m] [1mLoading topology from database...       [0m [36mreq[0m=[35mbf10851c[0m
[2m11:53:53[0m [[32m[1minfo     [0m] [1mMapped 9 skill entries to 8 capabilities[0m [36mreq[0m=[35mbf10851c[0m
[2m11:53:53[0m [[32m[1minfo     [0m] [1mTopology validated: 11 agents in 5 waves[0m [36mreq[0m=[35mbf10851c[0m
[2m11:53:53[0m [[32m[1minfo     [0m] [1mLoaded 9 skills for topology            [0m [36mreq[0m=[35mbf10851c[0m
[2m11:53:53[0m [[32m[1minfo     [0m] [1mTopology loaded: 11 agents, 5 waves     [0m [36mreq[0m=[35mbf10851c[0m
[2m11:53:53[0m [[32m[1minfo     [0m] [1mRuntimeAgentRegistry initialized with max_concurrent=5[0m [36mreq[0m=[35mbf10851c[0m
[2m11:53:53[0m [[32m[1minfo     [0m] [1mbuild_on_demand: building skill for 'Output ist rein theoretisch / beschreibend'[0m [36mreq[0m=[35mbf10851c[0m
[2m11:53:53[0m [[32m[1minfo     [0m] [1mStarting team-based skill development for: Output ist rein theoretisch / beschreibend[0m [36mreq[0m=[35mbf10851c[0m
[2m11:53:53[0m [[32m[1minfo     [0m] [1mResearching capability: Output ist rein theoretisch / beschreibend[0m [36mreq[0m=[35mbf10851c[0m
[2m11:53:53[0m [[32m[1minfo     [0m] [1mUsing cached research for: Output ist rein theoretisch / beschreibend[0m [36mreq[0m=[35mbf10851c[0m
[2m11:53:53[0m [[32m[1minfo     [0m] [1mResearch complete: 0 packages found     [0m [36mreq[0m=[35mbf10851c[0m
[2m11:53:54[0m [[32m[1minfo     [0m] [1mGetting challenge status: id=1f899a88-2666-4898-9237-5f1731afdc1c[0m [36mreq[0m=[35m02d14f65[0m
[2m11:53:54[0m [[32m[1minfo     [0m] [1mrequest_finished                        [0m [36mduration[0m=[35m0.007[0m [36mmethod[0m=[35mGET[0m [36mpath[0m=[35m/api/v1/challenges/1f899a88-2666-4898-9237-5f1731afdc1c[0m [36mreq[0m=[35m02d14f65[0m [36mrequest_id[0m=[35m02d14f65-bf43-413b-a4c7-18b08638cea4[0m [36mstatus[0m=[35m200[0m
[2m11:53:56[0m [[32m[1minfo     [0m] [1mArchitecture complete: 2 test cases defined[0m [36mreq[0m=[35mbf10851c[0m
[2m11:53:56[0m [[32m[1minfo     [0m] [1mSession start: iteration=1/10, pip=0, apt=0[0m [36mreq[0m=[35mbf10851c[0m
[2m11:53:56[0m [[32m[1minfo     [0m] [1mDocker client connected successfully    [0m [36mreq[0m=[35mbf10851c[0m
[2m11:53:56[0m [[32m[1minfo     [0m] [1mSession container created: 147ffed835a9 [0m [36mreq[0m=[35mbf10851c[0m
[2m11:53:56[0m [[32m[1minfo     [0m] [1mImplementation iteration 1/10           [0m [36mreq[0m=[35mbf10851c[0m
[2m11:53:58[0m [[32m[1minfo     [0m] [1mImplementation erfolgreich nach 1 Iterationen[0m [36mreq[0m=[35mbf10851c[0m
[2m11:54:03[0m [[32m[1minfo     [0m] [1mReview iteration 1/2                    [0m [36mreq[0m=[35mbf10851c[0m
[2m11:54:04[0m [[32m[1minfo     [0m] [1mGetting challenge status: id=1f899a88-2666-4898-9237-5f1731afdc1c[0m [36mreq[0m=[35mf2f5c0d3[0m
[2m11:54:04[0m [[32m[1minfo     [0m] [1mrequest_finished                        [0m [36mduration[0m=[35m0.007[0m [36mmethod[0m=[35mGET[0m [36mpath[0m=[35m/api/v1/challenges/1f899a88-2666-4898-9237-5f1731afdc1c[0m [36mreq[0m=[35mf2f5c0d3[0m [36mrequest_id[0m=[35mf2f5c0d3-bf49-4827-82b3-62ff8e904ac3[0m [36mstatus[0m=[35m200[0m
[2m11:54:07[0m [[32m[1minfo     [0m] [1mStarting sandbox execution: pip=[], apt=[], input_files=[][0m [36mreq[0m=[35mbf10851c[0m
[2m11:54:07[0m [[32m[1minfo     [0m] [1mSandbox execution complete: success=True, time=400ms, cached=False[0m [36mreq[0m=[35mbf10851c[0m
[2m11:54:12[0m [[32m[1minfo     [0m] [1mReview iteration 2/2                    [0m [36mreq[0m=[35mbf10851c[0m
[2m11:54:14[0m [[32m[1minfo     [0m] [1mStarting sandbox execution: pip=[], apt=[], input_files=[][0m [36mreq[0m=[35mbf10851c[0m
[2m11:54:14[0m [[32m[1minfo     [0m] [1mGetting challenge status: id=1f899a88-2666-4898-9237-5f1731afdc1c[0m [36mreq[0m=[35mb84a4f1f[0m
[2m11:54:14[0m [[32m[1minfo     [0m] [1mrequest_finished                        [0m [36mduration[0m=[35m0.005[0m [36mmethod[0m=[35mGET[0m [36mpath[0m=[35m/api/v1/challenges/1f899a88-2666-4898-9237-5f1731afdc1c[0m [36mreq[0m=[35mb84a4f1f[0m [36mrequest_id[0m=[35mb84a4f1f-9014-4615-a7a9-9829ea6f5878[0m [36mstatus[0m=[35m200[0m
[2m11:54:14[0m [[32m[1minfo     [0m] [1mSandbox execution complete: success=True, time=445ms, cached=False[0m [36mreq[0m=[35mbf10851c[0m
[2m11:54:19[0m [[32m[1minfo     [0m] [1mStarting sandbox execution: pip=[], apt=[], input_files=[][0m [36mreq[0m=[35mbf10851c[0m
[2m11:54:20[0m [[33m[1mwarning  [0m] [1mCode execution failed (exit=1):   File "/workspace/script.py", line 85
    for key in ["success", "result"]:
    ^^^
SyntaxError: expected 'except' or 'finally' block
[0m [36mreq[0m=[35mbf10851c[0m
[2m11:54:20[0m [[32m[1minfo     [0m] [1mSandbox execution complete: success=False, time=449ms, cached=False[0m [36mreq[0m=[35mbf10851c[0m
[2m11:54:24[0m [[32m[1minfo     [0m] [1mGetting challenge status: id=1f899a88-2666-4898-9237-5f1731afdc1c[0m [36mreq[0m=[35m945d5e01[0m
[2m11:54:24[0m [[32m[1minfo     [0m] [1mrequest_finished                        [0m [36mduration[0m=[35m0.008[0m [36mmethod[0m=[35mGET[0m [36mpath[0m=[35m/api/v1/challenges/1f899a88-2666-4898-9237-5f1731afdc1c[0m [36mreq[0m=[35m945d5e01[0m [36mrequest_id[0m=[35m945d5e01-6f46-49e9-9279-db0a324475fe[0m [36mstatus[0m=[35m200[0m
[2m11:54:25[0m [[32m[1minfo     [0m] [1mStarting sandbox execution: pip=[], apt=[], input_files=[][0m [36mreq[0m=[35mbf10851c[0m
[2m11:54:26[0m [[32m[1minfo     [0m] [1mSandbox execution complete: success=True, time=611ms, cached=False[0m [36mreq[0m=[35mbf10851c[0m
[2m11:54:31[0m [[32m[1minfo     [0m] [1mStarting sandbox execution: pip=[], apt=[], input_files=[][0m [36mreq[0m=[35mbf10851c[0m
[2m11:54:31[0m [[33m[1mwarning  [0m] [1mCode execution failed (exit=1):   File "/workspace/script.py", line 85
    for key in ["success", "result"]:
    ^^^
SyntaxError: expected 'except' or 'finally' block
[0m [36mreq[0m=[35mbf10851c[0m
[2m11:54:31[0m [[32m[1minfo     [0m] [1mSandbox execution complete: success=False, time=449ms, cached=False[0m [36mreq[0m=[35mbf10851c[0m
[2m11:54:34[0m [[32m[1minfo     [0m] [1mGetting challenge status: id=1f899a88-2666-4898-9237-5f1731afdc1c[0m [36mreq[0m=[35m3f185bb1[0m
[2m11:54:34[0m [[32m[1minfo     [0m] [1mrequest_finished                        [0m [36mduration[0m=[35m0.008[0m [36mmethod[0m=[35mGET[0m [36mpath[0m=[35m/api/v1/challenges/1f899a88-2666-4898-9237-5f1731afdc1c[0m [36mreq[0m=[35m3f185bb1[0m [36mrequest_id[0m=[35m3f185bb1-a0b6-4e90-aaf7-9f9a5e3513e1[0m [36mstatus[0m=[35m200[0m
[2m11:54:36[0m [[32m[1minfo     [0m] [1mStarting sandbox execution: pip=[], apt=[], input_files=[][0m [36mreq[0m=[35mbf10851c[0m
[2m11:54:37[0m [[32m[1minfo     [0m] [1mSandbox execution complete: success=True, time=551ms, cached=False[0m [36mreq[0m=[35mbf10851c[0m
[2m11:54:42[0m [[32m[1minfo     [0m] [1mStarting sandbox execution: pip=[], apt=[], input_files=[][0m [36mreq[0m=[35mbf10851c[0m
[2m11:54:43[0m [[33m[1mwarning  [0m] [1mCode execution failed (exit=1):   File "/workspace/script.py", line 85
    for key in ["success", "result"]:
    ^^^
SyntaxError: expected 'except' or 'finally' block
[0m [36mreq[0m=[35mbf10851c[0m
[2m11:54:43[0m [[32m[1minfo     [0m] [1mSandbox execution complete: success=False, time=442ms, cached=False[0m [36mreq[0m=[35mbf10851c[0m
[2m11:54:44[0m [[32m[1minfo     [0m] [1mGetting challenge status: id=1f899a88-2666-4898-9237-5f1731afdc1c[0m [36mreq[0m=[35me70ccc1f[0m
[2m11:54:44[0m [[32m[1minfo     [0m] [1mrequest_finished                        [0m [36mduration[0m=[35m0.005[0m [36mmethod[0m=[35mGET[0m [36mpath[0m=[35m/api/v1/challenges/1f899a88-2666-4898-9237-5f1731afdc1c[0m [36mreq[0m=[35me70ccc1f[0m [36mrequest_id[0m=[35me70ccc1f-a6d6-438b-b4e5-ef5d7a2e29a3[0m [36mstatus[0m=[35m200[0m
[2m11:54:48[0m [[32m[1minfo     [0m] [1mStarting sandbox execution: pip=[], apt=[], input_files=[][0m [36mreq[0m=[35mbf10851c[0m
[2m11:54:48[0m [[33m[1mwarning  [0m] [1mCode execution failed (exit=1):   File "/workspace/script.py", line 85
    for key in ["success", "result"]:
    ^^^
SyntaxError: expected 'except' or 'finally' block
[0m [36mreq[0m=[35mbf10851c[0m
[2m11:54:48[0m [[32m[1minfo     [0m] [1mSandbox execution complete: success=False, time=447ms, cached=False[0m [36mreq[0m=[35mbf10851c[0m
[2m11:54:53[0m [[32m[1minfo     [0m] [1mStarting sandbox execution: pip=[], apt=[], input_files=[][0m [36mreq[0m=[35mbf10851c[0m
[2m11:54:54[0m [[32m[1minfo     [0m] [1mGetting challenge status: id=1f899a88-2666-4898-9237-5f1731afdc1c[0m [36mreq[0m=[35me069e3f5[0m
[2m11:54:54[0m [[32m[1minfo     [0m] [1mrequest_finished                        [0m [36mduration[0m=[35m0.007[0m [36mmethod[0m=[35mGET[0m [36mpath[0m=[35m/api/v1/challenges/1f899a88-2666-4898-9237-5f1731afdc1c[0m [36mreq[0m=[35me069e3f5[0m [36mrequest_id[0m=[35me069e3f5-c7df-4759-98e2-220b1c8526f4[0m [36mstatus[0m=[35m200[0m
[2m11:54:54[0m [[33m[1mwarning  [0m] [1mCode execution failed (exit=1):   File "/workspace/script.py", line 64
    for key in ["success", "result"]:
    ^^^
SyntaxError: expected 'except' or 'finally' block
[0m [36mreq[0m=[35mbf10851c[0m
[2m11:54:54[0m [[32m[1minfo     [0m] [1mSandbox execution complete: success=False, time=425ms, cached=False[0m [36mreq[0m=[35mbf10851c[0m
[2m11:54:59[0m [[32m[1minfo     [0m] [1mStarting sandbox execution: pip=[], apt=[], input_files=[][0m [36mreq[0m=[35mbf10851c[0m
[2m11:55:00[0m [[32m[1minfo     [0m] [1mSandbox execution complete: success=True, time=630ms, cached=False[0m [36mreq[0m=[35mbf10851c[0m
[2m11:55:04[0m [[32m[1minfo     [0m] [1mGetting challenge status: id=1f899a88-2666-4898-9237-5f1731afdc1c[0m [36mreq[0m=[35md55b0aa1[0m
[2m11:55:04[0m [[32m[1minfo     [0m] [1mrequest_finished                        [0m [36mduration[0m=[35m0.007[0m [36mmethod[0m=[35mGET[0m [36mpath[0m=[35m/api/v1/challenges/1f899a88-2666-4898-9237-5f1731afdc1c[0m [36mreq[0m=[35md55b0aa1[0m [36mrequest_id[0m=[35md55b0aa1-ac50-4260-aedf-5a1b82d3502d[0m [36mstatus[0m=[35m200[0m
[2m11:55:05[0m [[32m[1minfo     [0m] [1mStarting sandbox execution: pip=[], apt=[], input_files=[][0m [36mreq[0m=[35mbf10851c[0m
[2m11:55:05[0m [[33m[1mwarning  [0m] [1mCode execution failed (exit=1):   File "/workspace/script.py", line 64
    for key in ["success", "result"]:
    ^^^
SyntaxError: expected 'except' or 'finally' block
[0m [36mreq[0m=[35mbf10851c[0m
[2m11:55:05[0m [[32m[1minfo     [0m] [1mSandbox execution complete: success=False, time=469ms, cached=False[0m [36mreq[0m=[35mbf10851c[0m
[2m11:55:11[0m [[32m[1minfo     [0m] [1mStarting sandbox execution: pip=[], apt=[], input_files=[][0m [36mreq[0m=[35mbf10851c[0m
[2m11:55:11[0m [[33m[1mwarning  [0m] [1mCode execution failed (exit=1):   File "/workspace/script.py", line 64
    for key in ["success", "result"]:
    ^^^
SyntaxError: expected 'except' or 'finally' block
[0m [36mreq[0m=[35mbf10851c[0m
[2m11:55:11[0m [[32m[1minfo     [0m] [1mSandbox execution complete: success=False, time=416ms, cached=False[0m [36mreq[0m=[35mbf10851c[0m
[2m11:55:14[0m [[32m[1minfo     [0m] [1mGetting challenge status: id=1f899a88-2666-4898-9237-5f1731afdc1c[0m [36mreq[0m=[35ma1394d5d[0m
[2m11:55:14[0m [[32m[1minfo     [0m] [1mrequest_finished                        [0m [36mduration[0m=[35m0.008[0m [36mmethod[0m=[35mGET[0m [36mpath[0m=[35m/api/v1/challenges/1f899a88-2666-4898-9237-5f1731afdc1c[0m [36mreq[0m=[35ma1394d5d[0m [36mrequest_id[0m=[35ma1394d5d-26e5-457b-b11e-9e436a4b5256[0m [36mstatus[0m=[35m200[0m
[2m11:55:16[0m [[32m[1minfo     [0m] [1mSkill skill_output_ist_rein_theoretisch_/_beschreibend: parent comparison passed (new=0.25, parent=0.25)[0m [36mreq[0m=[35mbf10851c[0m
[2m11:55:16[0m [[32m[1minfo     [0m] [1mParent validation passed: Passed parent comparison[0m [36mreq[0m=[35mbf10851c[0m
[2m11:55:16[0m [[32m[1minfo     [0m] [1mUpdated existing skill: 0bed85f0-825f-403e-872e-df77ed5c4a4c[0m [36mreq[0m=[35mbf10851c[0m
[2m11:55:16[0m [[32m[1minfo     [0m] [1mRecorded build attempt: capability=Output ist rein theoretisch / beschreibend, success=True, error_type=None[0m [36mreq[0m=[35mbf10851c[0m
[2m11:55:16[0m [[32m[1minfo     [0m] [1mSkill development complete: skill_output_ist_rein_theoretisch_/_beschreibend in 83443ms[0m [36mreq[0m=[35mbf10851c[0m
[2m11:55:16[0m [[32m[1minfo     [0m] [1mInjecting skill 0bed85f0... with plan: target_agent=bc9b7c24..., rationale=The report_generator is the ideal agent for transforming raw data into human-readable, descriptive summaries, which is the primary purpose of this skill.[0m [36mreq[0m=[35mbf10851c[0m
[2m11:55:16[0m [[32m[1minfo     [0m] [1mLoading topology from database...       [0m [36mreq[0m=[35mbf10851c[0m
[2m11:55:16[0m [[32m[1minfo     [0m] [1mMapped 9 skill entries to 8 capabilities[0m [36mreq[0m=[35mbf10851c[0m
[2m11:55:16[0m [[32m[1minfo     [0m] [1mTopology validated: 11 agents in 5 waves[0m [36mreq[0m=[35mbf10851c[0m
[2m11:55:16[0m [[32m[1minfo     [0m] [1mLoaded 9 skills for topology            [0m [36mreq[0m=[35mbf10851c[0m
[2m11:55:16[0m [[32m[1minfo     [0m] [1mTopology loaded: 11 agents, 5 waves     [0m [36mreq[0m=[35mbf10851c[0m
[2m11:55:16[0m [[32m[1minfo     [0m] [1mPlan-based injection complete: skill=0bed85f0... -> agent=report_generator[0m [36mreq[0m=[35mbf10851c[0m
[2m11:55:16[0m [[32m[1minfo     [0m] [1mbuild_on_demand: skill 'skill_output_ist_rein_theoretisch_/_beschreibend' built and injected (inject_ok=True, msg=Skill injected and bound to agent 'report_generator' via architect plan)[0m [36mreq[0m=[35mbf10851c[0m
[2m11:55:16[0m [[32m[1minfo     [0m] [1mArtifact pool cleared: 5 artifacts discarded[0m [36mreq[0m=[35mbf10851c[0m
[2m11:55:20[0m [[32m[1minfo     [0m] [1mLoading topology from database...       [0m [36mreq[0m=[35mbf10851c[0m
[2m11:55:20[0m [[32m[1minfo     [0m] [1mMapped 9 skill entries to 8 capabilities[0m [36mreq[0m=[35mbf10851c[0m
[2m11:55:20[0m [[32m[1minfo     [0m] [1mTopology validated: 11 agents in 5 waves[0m [36mreq[0m=[35mbf10851c[0m
[2m11:55:20[0m [[32m[1minfo     [0m] [1mLoaded 9 skills for topology            [0m [36mreq[0m=[35mbf10851c[0m
[2m11:55:20[0m [[32m[1minfo     [0m] [1mTopology loaded: 11 agents, 5 waves     [0m [36mreq[0m=[35mbf10851c[0m
[2m11:55:20[0m [[32m[1minfo     [0m] [1mSkipping dev-team agent 'product_owner' in execution wave[0m [36mreq[0m=[35mbf10851c[0m
[2m11:55:20[0m [[32m[1minfo     [0m] [1mSkipping dev-team agent 'quality_judge' in execution wave[0m [36mreq[0m=[35mbf10851c[0m
[2m11:55:20[0m [[32m[1minfo     [0m] [1mSkipping dev-team agent 'execution_analyzer' in execution wave[0m [36mreq[0m=[35mbf10851c[0m
[2m11:55:20[0m [[32m[1minfo     [0m] [1mExecuting agent: transcript_analyzer (b2972519-389d-4c28-b232-f7fc483725f6)[0m [36mreq[0m=[35mbf10851c[0m
[2m11:55:20[0m [[32m[1minfo     [0m] [1mshared_memory_metrics agent=transcript_analyzer facts_kept=5 facts_total=8 hypotheses=0 relations=0 approx_tokens=1085 query_chars=450[0m [36mreq[0m=[35mbf10851c[0m
[2m11:55:21[0m [[32m[1minfo     [0m] [1mTool call 1/15: skill_connect_to_postgresql_database_using_provided_credentials[0m [36mreq[0m=[35mbf10851c[0m
[2m11:55:21[0m [[32m[1minfo     [0m] [1mStarting sandbox execution: pip=['psycopg2-binary'], apt=[], input_files=[][0m [36mreq[0m=[35mbf10851c[0m
[2m11:55:21[0m [[32m[1minfo     [0m] [1mFound cached image: lumari-sandbox:custom-c3a5332b (usage=36)[0m [36mreq[0m=[35mbf10851c[0m
[2m11:55:21[0m [[32m[1minfo     [0m] [1mUsing cached image: lumari-sandbox:custom-c3a5332b[0m [36mreq[0m=[35mbf10851c[0m
[2m11:55:21[0m [[32m[1minfo     [0m] [1mSandbox execution complete: success=True, time=467ms, cached=True[0m [36mreq[0m=[35mbf10851c[0m
[2m11:55:24[0m [[32m[1minfo     [0m] [1mGetting challenge status: id=1f899a88-2666-4898-9237-5f1731afdc1c[0m [36mreq[0m=[35ma712627f[0m
[2m11:55:24[0m [[32m[1minfo     [0m] [1mrequest_finished                        [0m [36mduration[0m=[35m0.006[0m [36mmethod[0m=[35mGET[0m [36mpath[0m=[35m/api/v1/challenges/1f899a88-2666-4898-9237-5f1731afdc1c[0m [36mreq[0m=[35ma712627f[0m [36mrequest_id[0m=[35ma712627f-feea-4f0e-80dd-cc5e51d3f10f[0m [36mstatus[0m=[35m200[0m
[2m11:55:27[0m [[32m[1minfo     [0m] [1mTool call 2/15: skill_direkter_sql_datenbank_konnektor_(die_verfügbaren_agenten_sind_auf_text/kontext_verarbeitung_spezialisiert,_die_datenbank_abfrage_muss_durch_einen_spezialisierten_db_agenten_oder_ein_tool_interface_innerhalb_des_context_retriever_erfolgen)[0m [36mreq[0m=[35mbf10851c[0m
[2m11:55:27[0m [[32m[1minfo     [0m] [1mStarting sandbox execution: pip=['psycopg2-binary', 'sqlalchemy'], apt=[], input_files=[][0m [36mreq[0m=[35mbf10851c[0m
[2m11:55:27[0m [[32m[1minfo     [0m] [1mFound cached image: lumari-sandbox:custom-95cd1c6e (usage=24)[0m [36mreq[0m=[35mbf10851c[0m
[2m11:55:27[0m [[32m[1minfo     [0m] [1mUsing cached image: lumari-sandbox:custom-95cd1c6e[0m [36mreq[0m=[35mbf10851c[0m
[2m11:55:28[0m [[33m[1mwarning  [0m] [1mCode execution failed (exit=1): Traceback (most recent call last):
  File "/workspace/script.py", line 70, in <module>
    _result = get_engine(_input)
              ^^^^^^^^^^^^^^^^^^
TypeError: unhashable type: 'dict'
[0m [36mreq[0m=[35mbf10851c[0m
[2m11:55:28[0m [[32m[1minfo     [0m] [1mSandbox execution complete: success=False, time=463ms, cached=True[0m [36mreq[0m=[35mbf10851c[0m
[2m11:55:34[0m [[32m[1minfo     [0m] [1mGetting challenge status: id=1f899a88-2666-4898-9237-5f1731afdc1c[0m [36mreq[0m=[35m52a8cb4f[0m
[2m11:55:34[0m [[32m[1minfo     [0m] [1mrequest_finished                        [0m [36mduration[0m=[35m0.008[0m [36mmethod[0m=[35mGET[0m [36mpath[0m=[35m/api/v1/challenges/1f899a88-2666-4898-9237-5f1731afdc1c[0m [36mreq[0m=[35m52a8cb4f[0m [36mrequest_id[0m=[35m52a8cb4f-68d6-4ddf-acb9-ce1790ae8290[0m [36mstatus[0m=[35m200[0m
[2m11:55:34[0m [[32m[1minfo     [0m] [1mTool call 3/15: skill_direkter_sql_datenbank_konnektor_(die_verfügbaren_agenten_nutzen_generische_skills,_die_eine_abstraktion_der_datenbankverbindung_voraussetzen)[0m [36mreq[0m=[35mbf10851c[0m
[2m11:55:34[0m [[32m[1minfo     [0m] [1mStarting sandbox execution: pip=['psycopg2-binary', 'sqlalchemy'], apt=[], input_files=[][0m [36mreq[0m=[35mbf10851c[0m
[2m11:55:34[0m [[32m[1minfo     [0m] [1mFound cached image: lumari-sandbox:custom-95cd1c6e (usage=25)[0m [36mreq[0m=[35mbf10851c[0m
[2m11:55:34[0m [[32m[1minfo     [0m] [1mUsing cached image: lumari-sandbox:custom-95cd1c6e[0m [36mreq[0m=[35mbf10851c[0m
[2m11:55:35[0m [[32m[1minfo     [0m] [1mSandbox execution complete: success=True, time=633ms, cached=True[0m [36mreq[0m=[35mbf10851c[0m
[2m11:55:43[0m [[32m[1minfo     [0m] [1mAgent transcript_analyzer returned final answer after 3 tool calls[0m [36mreq[0m=[35mbf10851c[0m
[2m11:55:43[0m [[32m[1minfo     [0m] [1mAgent transcript_analyzer completed     [0m [36mreq[0m=[35mbf10851c[0m
[2m11:55:43[0m [[32m[1minfo     [0m] [1mWave 300 agent 'transcript_analyzer' completed: success=True, skipped=False, result_len=1680[0m [36mreq[0m=[35mbf10851c[0m
[2m11:55:43[0m [[32m[1minfo     [0m] [1mSkipping dev-team agent 'control_agent' in execution wave[0m [36mreq[0m=[35mbf10851c[0m
[2m11:55:43[0m [[32m[1minfo     [0m] [1mExecuting agent: context_retriever (7eab52e8-a142-4154-a4a2-1cd6172eab46)[0m [36mreq[0m=[35mbf10851c[0m
[2m11:55:44[0m [[32m[1minfo     [0m] [1mGetting challenge status: id=1f899a88-2666-4898-9237-5f1731afdc1c[0m [36mreq[0m=[35m8f0bb108[0m
[2m11:55:44[0m [[32m[1minfo     [0m] [1mrequest_finished                        [0m [36mduration[0m=[35m0.006[0m [36mmethod[0m=[35mGET[0m [36mpath[0m=[35m/api/v1/challenges/1f899a88-2666-4898-9237-5f1731afdc1c[0m [36mreq[0m=[35m8f0bb108[0m [36mrequest_id[0m=[35m8f0bb108-ea4c-468e-99fa-e0056ec49c56[0m [36mstatus[0m=[35m200[0m
[2m11:55:44[0m [[32m[1minfo     [0m] [1mTool call 1/15: skill_execute_sql_queries_to_list_database_tables[0m [36mreq[0m=[35mbf10851c[0m
[2m11:55:44[0m [[32m[1minfo     [0m] [1mStarting sandbox execution: pip=['psycopg2-binary', 'sqlalchemy'], apt=[], input_files=[][0m [36mreq[0m=[35mbf10851c[0m
[2m11:55:44[0m [[32m[1minfo     [0m] [1mFound cached image: lumari-sandbox:custom-95cd1c6e (usage=26)[0m [36mreq[0m=[35mbf10851c[0m
[2m11:55:44[0m [[32m[1minfo     [0m] [1mUsing cached image: lumari-sandbox:custom-95cd1c6e[0m [36mreq[0m=[35mbf10851c[0m
[2m11:55:45[0m [[32m[1minfo     [0m] [1mSandbox execution complete: success=True, time=588ms, cached=True[0m [36mreq[0m=[35mbf10851c[0m
[2m11:55:51[0m [[32m[1minfo     [0m] [1mTool call 2/15: skill_direkter_sql_datenbank_konnektor_(die_verfügbaren_agenten_sind_auf_text/kontext_verarbeitung_spezialisiert,_die_datenbank_abfrage_muss_durch_einen_spezialisierten_db_agenten_oder_ein_tool_interface_innerhalb_des_context_retriever_erfolgen)[0m [36mreq[0m=[35mbf10851c[0m
[2m11:55:51[0m [[32m[1minfo     [0m] [1mStarting sandbox execution: pip=['psycopg2-binary', 'sqlalchemy'], apt=[], input_files=[][0m [36mreq[0m=[35mbf10851c[0m
[2m11:55:51[0m [[32m[1minfo     [0m] [1mFound cached image: lumari-sandbox:custom-95cd1c6e (usage=27)[0m [36mreq[0m=[35mbf10851c[0m
[2m11:55:51[0m [[32m[1minfo     [0m] [1mUsing cached image: lumari-sandbox:custom-95cd1c6e[0m [36mreq[0m=[35mbf10851c[0m
[2m11:55:52[0m [[33m[1mwarning  [0m] [1mCode execution failed (exit=1): Traceback (most recent call last):
  File "/workspace/script.py", line 70, in <module>
    _result = get_engine(_input)
              ^^^^^^^^^^^^^^^^^^
TypeError: unhashable type: 'dict'
[0m [36mreq[0m=[35mbf10851c[0m
[2m11:55:52[0m [[32m[1minfo     [0m] [1mSandbox execution complete: success=False, time=558ms, cached=True[0m [36mreq[0m=[35mbf10851c[0m
[2m11:55:54[0m [[32m[1minfo     [0m] [1mGetting challenge status: id=1f899a88-2666-4898-9237-5f1731afdc1c[0m [36mreq[0m=[35mf3c2c205[0m
[2m11:55:54[0m [[32m[1minfo     [0m] [1mrequest_finished                        [0m [36mduration[0m=[35m0.008[0m [36mmethod[0m=[35mGET[0m [36mpath[0m=[35m/api/v1/challenges/1f899a88-2666-4898-9237-5f1731afdc1c[0m [36mreq[0m=[35mf3c2c205[0m [36mrequest_id[0m=[35mf3c2c205-ca7d-4b40-8212-b4142aec207e[0m [36mstatus[0m=[35m200[0m
[2m11:55:59[0m [[32m[1minfo     [0m] [1mAgent context_retriever returned final answer after 2 tool calls[0m [36mreq[0m=[35mbf10851c[0m
[2m11:55:59[0m [[32m[1minfo     [0m] [1mAgent context_retriever completed       [0m [36mreq[0m=[35mbf10851c[0m
[2m11:55:59[0m [[32m[1minfo     [0m] [1mWave 301 agent 'context_retriever' completed: success=True, skipped=False, result_len=1078[0m [36mreq[0m=[35mbf10851c[0m
[2m11:55:59[0m [[32m[1minfo     [0m] [1mSkipping dev-team agent 'prompt_engineer' in execution wave[0m [36mreq[0m=[35mbf10851c[0m
[2m11:55:59[0m [[32m[1minfo     [0m] [1mSkipping dev-team agent 'tool_builder' in execution wave[0m [36mreq[0m=[35mbf10851c[0m
[2m11:55:59[0m [[32m[1minfo     [0m] [1mExecuting agent: report_generator (bc9b7c24-be22-4edb-9f80-55721c052340)[0m [36mreq[0m=[35mbf10851c[0m
[2m11:56:02[0m [[32m[1minfo     [0m] [1mAgent report_generator returned final answer after 0 tool calls[0m [36mreq[0m=[35mbf10851c[0m
[2m11:56:03[0m [[32m[1minfo     [0m] [1mAgent report_generator completed        [0m [36mreq[0m=[35mbf10851c[0m
[2m11:56:03[0m [[32m[1minfo     [0m] [1mWave 302 agent 'report_generator' completed: success=True, skipped=False, result_len=2278[0m [36mreq[0m=[35mbf10851c[0m
[2m11:56:03[0m [[32m[1minfo     [0m] [1mExecuting agent: quality_validator (b7cb497a-e30c-4e2d-8aaa-b1ec8e9bbf38)[0m [36mreq[0m=[35mbf10851c[0m
[2m11:56:04[0m [[32m[1minfo     [0m] [1mAgent quality_validator returned final answer after 0 tool calls[0m [36mreq[0m=[35mbf10851c[0m
[2m11:56:04[0m [[32m[1minfo     [0m] [1mAgent quality_validator completed       [0m [36mreq[0m=[35mbf10851c[0m
[2m11:56:04[0m [[32m[1minfo     [0m] [1mWave 303 agent 'quality_validator' completed: success=True, skipped=False, result_len=266[0m [36mreq[0m=[35mbf10851c[0m
[2m11:56:04[0m [[32m[1minfo     [0m] [1mExecuting agent: report_finalizer (4920a302-a1e9-4c8b-95f4-afd7adbda99a)[0m [36mreq[0m=[35mbf10851c[0m
[2m11:56:04[0m [[32m[1minfo     [0m] [1mGetting challenge status: id=1f899a88-2666-4898-9237-5f1731afdc1c[0m [36mreq[0m=[35md5aa9dfb[0m
[2m11:56:04[0m [[32m[1minfo     [0m] [1mrequest_finished                        [0m [36mduration[0m=[35m0.007[0m [36mmethod[0m=[35mGET[0m [36mpath[0m=[35m/api/v1/challenges/1f899a88-2666-4898-9237-5f1731afdc1c[0m [36mreq[0m=[35md5aa9dfb[0m [36mrequest_id[0m=[35md5aa9dfb-30a2-44b1-919d-d158c5f50e3e[0m [36mstatus[0m=[35m200[0m
[2m11:56:07[0m [[32m[1minfo     [0m] [1mAgent report_finalizer returned final answer after 0 tool calls[0m [36mreq[0m=[35mbf10851c[0m
[2m11:56:08[0m [[32m[1minfo     [0m] [1mAgent report_finalizer completed        [0m [36mreq[0m=[35mbf10851c[0m
[2m11:56:08[0m [[32m[1minfo     [0m] [1mWave 304 agent 'report_finalizer' completed: success=True, skipped=False, result_len=2854[0m [36mreq[0m=[35mbf10851c[0m
[2m11:56:09[0m [[32m[1minfo     [0m] [1mScore-Stagnation: 0.20 -> 0.20, Adapt-Loop beendet nach 2 Runden[0m [36mreq[0m=[35mbf10851c[0m
[2m11:56:09[0m [[32m[1minfo     [0m] [1mArtifact pool cleared: 5 artifacts discarded[0m [36mreq[0m=[35mbf10851c[0m
[2m11:56:09[0m [[32m[1minfo     [0m] [1mPersisted 1 facts to shared memory for execution 318386e1-dab5-43e3-9600-6d55c5797da7[0m [36mreq[0m=[35mbf10851c[0m
[2m11:56:09[0m [[32m[1minfo     [0m] [1mStarting telemetry for agent=b2972519..., execution=318386e1...[0m [36mreq[0m=[35mbf10851c[0m
[2m11:56:09[0m [[32m[1minfo     [0m] [1mCreating telemetry record for agent=b2972519..., execution=318386e1...[0m [36mreq[0m=[35mbf10851c[0m
[2m11:56:09[0m [[32m[1minfo     [0m] [1mExecution completed: challenge_id=1f899a88-2666-4898-9237-5f1731afdc1c, success=True[0m [36mreq[0m=[35mbf10851c[0m
[2m11:56:09[0m [[32m[1minfo     [0m] [1mCreated telemetry record id=ecd36559-982f-4855-9801-494072e53f67[0m [36mreq[0m=[35mbf10851c[0m
[2m11:56:09[0m [[32m[1minfo     [0m] [1mStarted telemetry id=ecd36559-982f-4855-9801-494072e53f67, input_hash=9a97dde4bce1ec82..., trace_id=None[0m [36mreq[0m=[35mbf10851c[0m
[2m11:56:09[0m [[32m[1minfo     [0m] [1mCompleting telemetry id=ecd36559-982f-4855-9801-494072e53f67, outcome=success[0m [36mreq[0m=[35mbf10851c[0m
[2m11:56:09[0m [[32m[1minfo     [0m] [1mUpdating telemetry record id=ecd36559-982f-4855-9801-494072e53f67[0m [36mreq[0m=[35mbf10851c[0m
[2m11:56:09[0m [[32m[1minfo     [0m] [1mUpdated telemetry record id=ecd36559-982f-4855-9801-494072e53f67, outcome=success[0m [36mreq[0m=[35mbf10851c[0m
[2m11:56:09[0m [[32m[1minfo     [0m] [1mCompleted telemetry id=ecd36559-982f-4855-9801-494072e53f67, latency=29.99ms, tokens=84846, output_hash=44136fa355b3678a...[0m [36mreq[0m=[35mbf10851c[0m
[2m11:56:09[0m [[32m[1minfo     [0m] [1mConfigured epicbox profile: image=lumari-sandbox:latest, limits={'cputime': 5, 'realtime': 10, 'memory': 128, 'processes': 1}[0m [36mreq[0m=[35mbf10851c[0m
[2m11:56:09[0m [[32m[1minfo     [0m] [1mStarting analysis pipeline for execution_id=318386e1...[0m [36mreq[0m=[35mbf10851c[0m
[2m11:56:09[0m [[32m[1minfo     [0m] [1mRetrieved telemetry for agent=b2972519..., outcome=success[0m [36mreq[0m=[35mbf10851c[0m
[2m11:56:09[0m [[32m[1minfo     [0m] [1mRetrieved 3 historical executions for pattern context[0m [36mreq[0m=[35mbf10851c[0m
[2m11:56:09[0m [[32m[1minfo     [0m] [1mAnalyzing execution_id=318386e1...      [0m [36mreq[0m=[35mbf10851c[0m
[2m11:56:11[0m [[32m[1minfo     [0m] [1mAnalysis complete: 1 findings for execution_id=318386e1...[0m [36mreq[0m=[35mbf10851c[0m
[2m11:56:11[0m [[32m[1minfo     [0m] [1mAnalyzer generated 1 findings: summary='The execution was successful with no errors or per...'[0m [36mreq[0m=[35mbf10851c[0m
[2m11:56:11[0m [[32m[1minfo     [0m] [1mCreating finding for execution=318386e1..., category=topology, severity=info[0m [36mreq[0m=[35mbf10851c[0m
[2m11:56:11[0m [[31m[1merror    [0m] [1mEvolution loop failed for execution_id=318386e1-dab5-43e3-9600-6d55c5797da7[0m [36mreq[0m=[35mbf10851c[0m
Traceback (most recent call last):
  File "/Users/patrick/Documents/Uni/master_project/.venv/lib/python3.13/site-packages/sqlalchemy/dialects/postgresql/asyncpg.py", line 550, in _prepare_and_execute
    self._rows = deque(await prepared_stmt.fetch(*parameters))
                       ^^^^^^^^^^^^^^^^^^^^^^^^^^^^^^^^^^^^^^
  File "/Users/patrick/Documents/Uni/master_project/.venv/lib/python3.13/site-packages/asyncpg/prepared_stmt.py", line 177, in fetch
    data = await self.__bind_execute(args, 0, timeout)
           ^^^^^^^^^^^^^^^^^^^^^^^^^^^^^^^^^^^^^^^^^^^
  File "/Users/patrick/Documents/Uni/master_project/.venv/lib/python3.13/site-packages/asyncpg/prepared_stmt.py", line 268, in __bind_execute
    data, status, _ = await self.__do_execute(
                      ^^^^^^^^^^^^^^^^^^^^^^^^
        lambda protocol: protocol.bind_execute(
        ^^^^^^^^^^^^^^^^^^^^^^^^^^^^^^^^^^^^^^^
            self._state, args, '', limit, True, timeout))
            ^^^^^^^^^^^^^^^^^^^^^^^^^^^^^^^^^^^^^^^^^^^^^
  File "/Users/patrick/Documents/Uni/master_project/.venv/lib/python3.13/site-packages/asyncpg/prepared_stmt.py", line 257, in __do_execute
    return await executor(protocol)
           ^^^^^^^^^^^^^^^^^^^^^^^^
  File "asyncpg/protocol/protocol.pyx", line 205, in bind_execute
asyncpg.exceptions.ForeignKeyViolationError: insert or update on table "analysis_finding" violates foreign key constraint "analysis_finding_execution_telemetry_id_fkey"
DETAIL:  Key (execution_telemetry_id)=(318386e1-dab5-43e3-9600-6d55c5797da7) is not present in table "execution_telemetry".

The above exception was the direct cause of the following exception:

Traceback (most recent call last):
  File "/Users/patrick/Documents/Uni/master_project/.venv/lib/python3.13/site-packages/sqlalchemy/engine/base.py", line 1967, in _exec_single_context
    self.dialect.do_execute(
    ~~~~~~~~~~~~~~~~~~~~~~~^
        cursor, str_statement, effective_parameters, context
        ^^^^^^^^^^^^^^^^^^^^^^^^^^^^^^^^^^^^^^^^^^^^^^^^^^^^
    )
    ^
  File "/Users/patrick/Documents/Uni/master_project/.venv/lib/python3.13/site-packages/sqlalchemy/engine/default.py", line 951, in do_execute
    cursor.execute(statement, parameters)
    ~~~~~~~~~~~~~~^^^^^^^^^^^^^^^^^^^^^^^
  File "/Users/patrick/Documents/Uni/master_project/.venv/lib/python3.13/site-packages/sqlalchemy/dialects/postgresql/asyncpg.py", line 585, in execute
    self._adapt_connection.await_(
    ~~~~~~~~~~~~~~~~~~~~~~~~~~~~~^
        self._prepare_and_execute(operation, parameters)
        ^^^^^^^^^^^^^^^^^^^^^^^^^^^^^^^^^^^^^^^^^^^^^^^^
    )
    ^
  File "/Users/patrick/Documents/Uni/master_project/.venv/lib/python3.13/site-packages/sqlalchemy/util/_concurrency_py3k.py", line 132, in await_only
    return current.parent.switch(awaitable)  # type: ignore[no-any-return,attr-defined] # noqa: E501
           ~~~~~~~~~~~~~~~~~~~~~^^^^^^^^^^^
  File "/Users/patrick/Documents/Uni/master_project/.venv/lib/python3.13/site-packages/sqlalchemy/util/_concurrency_py3k.py", line 196, in greenlet_spawn
    value = await result
            ^^^^^^^^^^^^
  File "/Users/patrick/Documents/Uni/master_project/.venv/lib/python3.13/site-packages/sqlalchemy/dialects/postgresql/asyncpg.py", line 563, in _prepare_and_execute
    self._handle_exception(error)
    ~~~~~~~~~~~~~~~~~~~~~~^^^^^^^
  File "/Users/patrick/Documents/Uni/master_project/.venv/lib/python3.13/site-packages/sqlalchemy/dialects/postgresql/asyncpg.py", line 513, in _handle_exception
    self._adapt_connection._handle_exception(error)
    ~~~~~~~~~~~~~~~~~~~~~~~~~~~~~~~~~~~~~~~~^^^^^^^
  File "/Users/patrick/Documents/Uni/master_project/.venv/lib/python3.13/site-packages/sqlalchemy/dialects/postgresql/asyncpg.py", line 797, in _handle_exception
    raise translated_error from error
sqlalchemy.dialects.postgresql.asyncpg.AsyncAdapt_asyncpg_dbapi.IntegrityError: <class 'asyncpg.exceptions.ForeignKeyViolationError'>: insert or update on table "analysis_finding" violates foreign key constraint "analysis_finding_execution_telemetry_id_fkey"
DETAIL:  Key (execution_telemetry_id)=(318386e1-dab5-43e3-9600-6d55c5797da7) is not present in table "execution_telemetry".

The above exception was the direct cause of the following exception:

Traceback (most recent call last):
  File "/Users/patrick/Documents/Uni/master_project/backend/app/services/evolution_loop_service.py", line 81, in run_post_execution_evolution
    await self.analysis_pipeline.run(execution_id)
  File "/Users/patrick/Documents/Uni/master_project/backend/app/services/analysis_pipeline.py", line 156, in run
    stored = await self.finding_repo.create(create_data)
             ^^^^^^^^^^^^^^^^^^^^^^^^^^^^^^^^^^^^^^^^^^^
  File "/Users/patrick/Documents/Uni/master_project/backend/app/repositories/finding_repository.py", line 66, in create
    await self.session.commit()
  File "/Users/patrick/Documents/Uni/master_project/.venv/lib/python3.13/site-packages/sqlalchemy/ext/asyncio/session.py", line 1000, in commit
    await greenlet_spawn(self.sync_session.commit)
  File "/Users/patrick/Documents/Uni/master_project/.venv/lib/python3.13/site-packages/sqlalchemy/util/_concurrency_py3k.py", line 203, in greenlet_spawn
    result = context.switch(value)
  File "/Users/patrick/Documents/Uni/master_project/.venv/lib/python3.13/site-packages/sqlalchemy/orm/session.py", line 2030, in commit
    trans.commit(_to_root=True)
    ~~~~~~~~~~~~^^^^^^^^^^^^^^^
  File "<string>", line 2, in commit
  File "/Users/patrick/Documents/Uni/master_project/.venv/lib/python3.13/site-packages/sqlalchemy/orm/state_changes.py", line 137, in _go
    ret_value = fn(self, *arg, **kw)
  File "/Users/patrick/Documents/Uni/master_project/.venv/lib/python3.13/site-packages/sqlalchemy/orm/session.py", line 1311, in commit
    self._prepare_impl()
    ~~~~~~~~~~~~~~~~~~^^
  File "<string>", line 2, in _prepare_impl
  File "/Users/patrick/Documents/Uni/master_project/.venv/lib/python3.13/site-packages/sqlalchemy/orm/state_changes.py", line 137, in _go
    ret_value = fn(self, *arg, **kw)
  File "/Users/patrick/Documents/Uni/master_project/.venv/lib/python3.13/site-packages/sqlalchemy/orm/session.py", line 1286, in _prepare_impl
    self.session.flush()
    ~~~~~~~~~~~~~~~~~~^^
  File "/Users/patrick/Documents/Uni/master_project/.venv/lib/python3.13/site-packages/sqlalchemy/orm/session.py", line 4331, in flush
    self._flush(objects)
    ~~~~~~~~~~~^^^^^^^^^
  File "/Users/patrick/Documents/Uni/master_project/.venv/lib/python3.13/site-packages/sqlalchemy/orm/session.py", line 4466, in _flush
    with util.safe_reraise():
         ~~~~~~~~~~~~~~~~~^^
  File "/Users/patrick/Documents/Uni/master_project/.venv/lib/python3.13/site-packages/sqlalchemy/util/langhelpers.py", line 224, in __exit__
    raise exc_value.with_traceback(exc_tb)
  File "/Users/patrick/Documents/Uni/master_project/.venv/lib/python3.13/site-packages/sqlalchemy/orm/session.py", line 4427, in _flush
    flush_context.execute()
    ~~~~~~~~~~~~~~~~~~~~~^^
  File "/Users/patrick/Documents/Uni/master_project/.venv/lib/python3.13/site-packages/sqlalchemy/orm/unitofwork.py", line 466, in execute
    rec.execute(self)
    ~~~~~~~~~~~^^^^^^
  File "/Users/patrick/Documents/Uni/master_project/.venv/lib/python3.13/site-packages/sqlalchemy/orm/unitofwork.py", line 642, in execute
    util.preloaded.orm_persistence.save_obj(
    ~~~~~~~~~~~~~~~~~~~~~~~~~~~~~~~~~~~~~~~^
        self.mapper,
        ^^^^^^^^^^^^
        uow.states_for_mapper_hierarchy(self.mapper, False, False),
        ^^^^^^^^^^^^^^^^^^^^^^^^^^^^^^^^^^^^^^^^^^^^^^^^^^^^^^^^^^^
        uow,
        ^^^^
    )
    ^
  File "/Users/patrick/Documents/Uni/master_project/.venv/lib/python3.13/site-packages/sqlalchemy/orm/persistence.py", line 93, in save_obj
    _emit_insert_statements(
    ~~~~~~~~~~~~~~~~~~~~~~~^
        base_mapper,
        ^^^^^^^^^^^^
    ...<3 lines>...
        insert,
        ^^^^^^^
    )
    ^
  File "/Users/patrick/Documents/Uni/master_project/.venv/lib/python3.13/site-packages/sqlalchemy/orm/persistence.py", line 1233, in _emit_insert_statements
    result = connection.execute(
        statement,
        params,
        execution_options=execution_options,
    )
  File "/Users/patrick/Documents/Uni/master_project/.venv/lib/python3.13/site-packages/sqlalchemy/engine/base.py", line 1419, in execute
    return meth(
        self,
        distilled_parameters,
        execution_options or NO_OPTIONS,
    )
  File "/Users/patrick/Documents/Uni/master_project/.venv/lib/python3.13/site-packages/sqlalchemy/sql/elements.py", line 526, in _execute_on_connection
    return connection._execute_clauseelement(
           ~~~~~~~~~~~~~~~~~~~~~~~~~~~~~~~~~^
        self, distilled_params, execution_options
        ^^^^^^^^^^^^^^^^^^^^^^^^^^^^^^^^^^^^^^^^^
    )
    ^
  File "/Users/patrick/Documents/Uni/master_project/.venv/lib/python3.13/site-packages/sqlalchemy/engine/base.py", line 1641, in _execute_clauseelement
    ret = self._execute_context(
        dialect,
    ...<8 lines>...
        cache_hit=cache_hit,
    )
  File "/Users/patrick/Documents/Uni/master_project/.venv/lib/python3.13/site-packages/sqlalchemy/engine/base.py", line 1846, in _execute_context
    return self._exec_single_context(
           ~~~~~~~~~~~~~~~~~~~~~~~~~^
        dialect, context, statement, parameters
        ^^^^^^^^^^^^^^^^^^^^^^^^^^^^^^^^^^^^^^^
    )
    ^
  File "/Users/patrick/Documents/Uni/master_project/.venv/lib/python3.13/site-packages/sqlalchemy/engine/base.py", line 1986, in _exec_single_context
    self._handle_dbapi_exception(
    ~~~~~~~~~~~~~~~~~~~~~~~~~~~~^
        e, str_statement, effective_parameters, cursor, context
        ^^^^^^^^^^^^^^^^^^^^^^^^^^^^^^^^^^^^^^^^^^^^^^^^^^^^^^^
    )
    ^
  File "/Users/patrick/Documents/Uni/master_project/.venv/lib/python3.13/site-packages/sqlalchemy/engine/base.py", line 2355, in _handle_dbapi_exception
    raise sqlalchemy_exception.with_traceback(exc_info[2]) from e
  File "/Users/patrick/Documents/Uni/master_project/.venv/lib/python3.13/site-packages/sqlalchemy/engine/base.py", line 1967, in _exec_single_context
    self.dialect.do_execute(
    ~~~~~~~~~~~~~~~~~~~~~~~^
        cursor, str_statement, effective_parameters, context
        ^^^^^^^^^^^^^^^^^^^^^^^^^^^^^^^^^^^^^^^^^^^^^^^^^^^^
    )
    ^
  File "/Users/patrick/Documents/Uni/master_project/.venv/lib/python3.13/site-packages/sqlalchemy/engine/default.py", line 951, in do_execute
    cursor.execute(statement, parameters)
    ~~~~~~~~~~~~~~^^^^^^^^^^^^^^^^^^^^^^^
  File "/Users/patrick/Documents/Uni/master_project/.venv/lib/python3.13/site-packages/sqlalchemy/dialects/postgresql/asyncpg.py", line 585, in execute
    self._adapt_connection.await_(
    ~~~~~~~~~~~~~~~~~~~~~~~~~~~~~^
        self._prepare_and_execute(operation, parameters)
        ^^^^^^^^^^^^^^^^^^^^^^^^^^^^^^^^^^^^^^^^^^^^^^^^
    )
    ^
  File "/Users/patrick/Documents/Uni/master_project/.venv/lib/python3.13/site-packages/sqlalchemy/util/_concurrency_py3k.py", line 132, in await_only
    return current.parent.switch(awaitable)  # type: ignore[no-any-return,attr-defined] # noqa: E501
           ~~~~~~~~~~~~~~~~~~~~~^^^^^^^^^^^
  File "/Users/patrick/Documents/Uni/master_project/.venv/lib/python3.13/site-packages/sqlalchemy/util/_concurrency_py3k.py", line 196, in greenlet_spawn
    value = await result
            ^^^^^^^^^^^^
  File "/Users/patrick/Documents/Uni/master_project/.venv/lib/python3.13/site-packages/sqlalchemy/dialects/postgresql/asyncpg.py", line 563, in _prepare_and_execute
    self._handle_exception(error)
    ~~~~~~~~~~~~~~~~~~~~~~^^^^^^^
  File "/Users/patrick/Documents/Uni/master_project/.venv/lib/python3.13/site-packages/sqlalchemy/dialects/postgresql/asyncpg.py", line 513, in _handle_exception
    self._adapt_connection._handle_exception(error)
    ~~~~~~~~~~~~~~~~~~~~~~~~~~~~~~~~~~~~~~~~^^^^^^^
  File "/Users/patrick/Documents/Uni/master_project/.venv/lib/python3.13/site-packages/sqlalchemy/dialects/postgresql/asyncpg.py", line 797, in _handle_exception
    raise translated_error from error
sqlalchemy.exc.IntegrityError: (sqlalchemy.dialects.postgresql.asyncpg.IntegrityError) <class 'asyncpg.exceptions.ForeignKeyViolationError'>: insert or update on table "analysis_finding" violates foreign key constraint "analysis_finding_execution_telemetry_id_fkey"
DETAIL:  Key (execution_telemetry_id)=(318386e1-dab5-43e3-9600-6d55c5797da7) is not present in table "execution_telemetry".
[SQL: INSERT INTO analysis_finding (id, execution_telemetry_id, category, severity, evidence, suggested_fix, priority_rank, input_content, output_content, created_at) VALUES ($1::VARCHAR, $2::VARCHAR, $3::VARCHAR, $4::VARCHAR, $5::VARCHAR, $6::VARCHAR, $7::INTEGER, $8::VARCHAR, $9::VARCHAR, $10::TIMESTAMP WITH TIME ZONE)]
[parameters: ('4540fc6d-1125-410b-b3d3-dae8f8d5f80c', '318386e1-dab5-43e3-9600-6d55c5797da7', 'topology', 'info', 'Execution 318386e1-dab5-43e3-9600-6d55c5797da7 processed 77,327 input tokens for a 29.99ms execution time, suggesting a high volume of context passed to the agent that may be redundant.', 'Implement a context pruning or summarization step before passing data to this agent to reduce the input token overhead in future cycles.', None, None, None, datetime.datetime(2026, 5, 18, 11, 56, 11, 367387, tzinfo=datetime.timezone.utc))]
(Background on this error at: https://sqlalche.me/e/20/gkpj)
[2m11:56:11[0m [[33m[1mwarning  [0m] [1mFailed to emit evolution event evolution.failed for 318386e1-dab5-43e3-9600-6d55c5797da7: This Session's transaction has been rolled back due to a previous exception during flush. To begin a new transaction with this Session, first issue Session.rollback(). Original exception was: (sqlalchemy.dialects.postgresql.asyncpg.IntegrityError) <class 'asyncpg.exceptions.ForeignKeyViolationError'>: insert or update on table "analysis_finding" violates foreign key constraint "analysis_finding_execution_telemetry_id_fkey"
DETAIL:  Key (execution_telemetry_id)=(318386e1-dab5-43e3-9600-6d55c5797da7) is not present in table "execution_telemetry".
[SQL: INSERT INTO analysis_finding (id, execution_telemetry_id, category, severity, evidence, suggested_fix, priority_rank, input_content, output_content, created_at) VALUES ($1::VARCHAR, $2::VARCHAR, $3::VARCHAR, $4::VARCHAR, $5::VARCHAR, $6::VARCHAR, $7::INTEGER, $8::VARCHAR, $9::VARCHAR, $10::TIMESTAMP WITH TIME ZONE)]
[parameters: ('4540fc6d-1125-410b-b3d3-dae8f8d5f80c', '318386e1-dab5-43e3-9600-6d55c5797da7', 'topology', 'info', 'Execution 318386e1-dab5-43e3-9600-6d55c5797da7 processed 77,327 input tokens for a 29.99ms execution time, suggesting a high volume of context passed to the agent that may be redundant.', 'Implement a context pruning or summarization step before passing data to this agent to reduce the input token overhead in future cycles.', None, None, None, datetime.datetime(2026, 5, 18, 11, 56, 11, 367387, tzinfo=datetime.timezone.utc))]
(Background on this error at: https://sqlalche.me/e/20/gkpj) (Background on this error at: https://sqlalche.me/e/20/7s2a)[0m [36mreq[0m=[35mbf10851c[0m
[2m11:56:11[0m [[31m[1merror    [0m] [1mEvolution task failed for 318386e1-dab5-43e3-9600-6d55c5797da7: (sqlalchemy.dialects.postgresql.asyncpg.IntegrityError) <class 'asyncpg.exceptions.ForeignKeyViolationError'>: insert or update on table "analysis_finding" violates foreign key constraint "analysis_finding_execution_telemetry_id_fkey"
DETAIL:  Key (execution_telemetry_id)=(318386e1-dab5-43e3-9600-6d55c5797da7) is not present in table "execution_telemetry".
[SQL: INSERT INTO analysis_finding (id, execution_telemetry_id, category, severity, evidence, suggested_fix, priority_rank, input_content, output_content, created_at) VALUES ($1::VARCHAR, $2::VARCHAR, $3::VARCHAR, $4::VARCHAR, $5::VARCHAR, $6::VARCHAR, $7::INTEGER, $8::VARCHAR, $9::VARCHAR, $10::TIMESTAMP WITH TIME ZONE)]
[parameters: ('4540fc6d-1125-410b-b3d3-dae8f8d5f80c', '318386e1-dab5-43e3-9600-6d55c5797da7', 'topology', 'info', 'Execution 318386e1-dab5-43e3-9600-6d55c5797da7 processed 77,327 input tokens for a 29.99ms execution time, suggesting a high volume of context passed to the agent that may be redundant.', 'Implement a context pruning or summarization step before passing data to this agent to reduce the input token overhead in future cycles.', None, None, None, datetime.datetime(2026, 5, 18, 11, 56, 11, 367387, tzinfo=datetime.timezone.utc))]
(Background on this error at: https://sqlalche.me/e/20/gkpj)[0m [36mreq[0m=[35mbf10851c[0m
Traceback (most recent call last):
  File "/Users/patrick/Documents/Uni/master_project/.venv/lib/python3.13/site-packages/sqlalchemy/dialects/postgresql/asyncpg.py", line 550, in _prepare_and_execute
    self._rows = deque(await prepared_stmt.fetch(*parameters))
                       ^^^^^^^^^^^^^^^^^^^^^^^^^^^^^^^^^^^^^^
  File "/Users/patrick/Documents/Uni/master_project/.venv/lib/python3.13/site-packages/asyncpg/prepared_stmt.py", line 177, in fetch
    data = await self.__bind_execute(args, 0, timeout)
           ^^^^^^^^^^^^^^^^^^^^^^^^^^^^^^^^^^^^^^^^^^^
  File "/Users/patrick/Documents/Uni/master_project/.venv/lib/python3.13/site-packages/asyncpg/prepared_stmt.py", line 268, in __bind_execute
    data, status, _ = await self.__do_execute(
                      ^^^^^^^^^^^^^^^^^^^^^^^^
        lambda protocol: protocol.bind_execute(
        ^^^^^^^^^^^^^^^^^^^^^^^^^^^^^^^^^^^^^^^
            self._state, args, '', limit, True, timeout))
            ^^^^^^^^^^^^^^^^^^^^^^^^^^^^^^^^^^^^^^^^^^^^^
  File "/Users/patrick/Documents/Uni/master_project/.venv/lib/python3.13/site-packages/asyncpg/prepared_stmt.py", line 257, in __do_execute
    return await executor(protocol)
           ^^^^^^^^^^^^^^^^^^^^^^^^
  File "asyncpg/protocol/protocol.pyx", line 205, in bind_execute
asyncpg.exceptions.ForeignKeyViolationError: insert or update on table "analysis_finding" violates foreign key constraint "analysis_finding_execution_telemetry_id_fkey"
DETAIL:  Key (execution_telemetry_id)=(318386e1-dab5-43e3-9600-6d55c5797da7) is not present in table "execution_telemetry".

The above exception was the direct cause of the following exception:

Traceback (most recent call last):
  File "/Users/patrick/Documents/Uni/master_project/.venv/lib/python3.13/site-packages/sqlalchemy/engine/base.py", line 1967, in _exec_single_context
    self.dialect.do_execute(
    ~~~~~~~~~~~~~~~~~~~~~~~^
        cursor, str_statement, effective_parameters, context
        ^^^^^^^^^^^^^^^^^^^^^^^^^^^^^^^^^^^^^^^^^^^^^^^^^^^^
    )
    ^
  File "/Users/patrick/Documents/Uni/master_project/.venv/lib/python3.13/site-packages/sqlalchemy/engine/default.py", line 951, in do_execute
    cursor.execute(statement, parameters)
    ~~~~~~~~~~~~~~^^^^^^^^^^^^^^^^^^^^^^^
  File "/Users/patrick/Documents/Uni/master_project/.venv/lib/python3.13/site-packages/sqlalchemy/dialects/postgresql/asyncpg.py", line 585, in execute
    self._adapt_connection.await_(
    ~~~~~~~~~~~~~~~~~~~~~~~~~~~~~^
        self._prepare_and_execute(operation, parameters)
        ^^^^^^^^^^^^^^^^^^^^^^^^^^^^^^^^^^^^^^^^^^^^^^^^
    )
    ^
  File "/Users/patrick/Documents/Uni/master_project/.venv/lib/python3.13/site-packages/sqlalchemy/util/_concurrency_py3k.py", line 132, in await_only
    return current.parent.switch(awaitable)  # type: ignore[no-any-return,attr-defined] # noqa: E501
           ~~~~~~~~~~~~~~~~~~~~~^^^^^^^^^^^
  File "/Users/patrick/Documents/Uni/master_project/.venv/lib/python3.13/site-packages/sqlalchemy/util/_concurrency_py3k.py", line 196, in greenlet_spawn
    value = await result
            ^^^^^^^^^^^^
  File "/Users/patrick/Documents/Uni/master_project/.venv/lib/python3.13/site-packages/sqlalchemy/dialects/postgresql/asyncpg.py", line 563, in _prepare_and_execute
    self._handle_exception(error)
    ~~~~~~~~~~~~~~~~~~~~~~^^^^^^^
  File "/Users/patrick/Documents/Uni/master_project/.venv/lib/python3.13/site-packages/sqlalchemy/dialects/postgresql/asyncpg.py", line 513, in _handle_exception
    self._adapt_connection._handle_exception(error)
    ~~~~~~~~~~~~~~~~~~~~~~~~~~~~~~~~~~~~~~~~^^^^^^^
  File "/Users/patrick/Documents/Uni/master_project/.venv/lib/python3.13/site-packages/sqlalchemy/dialects/postgresql/asyncpg.py", line 797, in _handle_exception
    raise translated_error from error
sqlalchemy.dialects.postgresql.asyncpg.AsyncAdapt_asyncpg_dbapi.IntegrityError: <class 'asyncpg.exceptions.ForeignKeyViolationError'>: insert or update on table "analysis_finding" violates foreign key constraint "analysis_finding_execution_telemetry_id_fkey"
DETAIL:  Key (execution_telemetry_id)=(318386e1-dab5-43e3-9600-6d55c5797da7) is not present in table "execution_telemetry".

The above exception was the direct cause of the following exception:

Traceback (most recent call last):
  File "/Users/patrick/Documents/Uni/master_project/backend/app/orchestration/orchestrators/hybrid_orchestrator.py", line 1392, in _run_evolution_loop_safely
    await service.run_post_execution_evolution(execution_id)
  File "/Users/patrick/Documents/Uni/master_project/backend/app/services/evolution_loop_service.py", line 81, in run_post_execution_evolution
    await self.analysis_pipeline.run(execution_id)
  File "/Users/patrick/Documents/Uni/master_project/backend/app/services/analysis_pipeline.py", line 156, in run
    stored = await self.finding_repo.create(create_data)
             ^^^^^^^^^^^^^^^^^^^^^^^^^^^^^^^^^^^^^^^^^^^
  File "/Users/patrick/Documents/Uni/master_project/backend/app/repositories/finding_repository.py", line 66, in create
    await self.session.commit()
  File "/Users/patrick/Documents/Uni/master_project/.venv/lib/python3.13/site-packages/sqlalchemy/ext/asyncio/session.py", line 1000, in commit
    await greenlet_spawn(self.sync_session.commit)
  File "/Users/patrick/Documents/Uni/master_project/.venv/lib/python3.13/site-packages/sqlalchemy/util/_concurrency_py3k.py", line 203, in greenlet_spawn
    result = context.switch(value)
  File "/Users/patrick/Documents/Uni/master_project/.venv/lib/python3.13/site-packages/sqlalchemy/orm/session.py", line 2030, in commit
    trans.commit(_to_root=True)
    ~~~~~~~~~~~~^^^^^^^^^^^^^^^
  File "<string>", line 2, in commit
  File "/Users/patrick/Documents/Uni/master_project/.venv/lib/python3.13/site-packages/sqlalchemy/orm/state_changes.py", line 137, in _go
    ret_value = fn(self, *arg, **kw)
  File "/Users/patrick/Documents/Uni/master_project/.venv/lib/python3.13/site-packages/sqlalchemy/orm/session.py", line 1311, in commit
    self._prepare_impl()
    ~~~~~~~~~~~~~~~~~~^^
  File "<string>", line 2, in _prepare_impl
  File "/Users/patrick/Documents/Uni/master_project/.venv/lib/python3.13/site-packages/sqlalchemy/orm/state_changes.py", line 137, in _go
    ret_value = fn(self, *arg, **kw)
  File "/Users/patrick/Documents/Uni/master_project/.venv/lib/python3.13/site-packages/sqlalchemy/orm/session.py", line 1286, in _prepare_impl
    self.session.flush()
    ~~~~~~~~~~~~~~~~~~^^
  File "/Users/patrick/Documents/Uni/master_project/.venv/lib/python3.13/site-packages/sqlalchemy/orm/session.py", line 4331, in flush
    self._flush(objects)
    ~~~~~~~~~~~^^^^^^^^^
  File "/Users/patrick/Documents/Uni/master_project/.venv/lib/python3.13/site-packages/sqlalchemy/orm/session.py", line 4466, in _flush
    with util.safe_reraise():
         ~~~~~~~~~~~~~~~~~^^
  File "/Users/patrick/Documents/Uni/master_project/.venv/lib/python3.13/site-packages/sqlalchemy/util/langhelpers.py", line 224, in __exit__
    raise exc_value.with_traceback(exc_tb)
  File "/Users/patrick/Documents/Uni/master_project/.venv/lib/python3.13/site-packages/sqlalchemy/orm/session.py", line 4427, in _flush
    flush_context.execute()
    ~~~~~~~~~~~~~~~~~~~~~^^
  File "/Users/patrick/Documents/Uni/master_project/.venv/lib/python3.13/site-packages/sqlalchemy/orm/unitofwork.py", line 466, in execute
    rec.execute(self)
    ~~~~~~~~~~~^^^^^^
  File "/Users/patrick/Documents/Uni/master_project/.venv/lib/python3.13/site-packages/sqlalchemy/orm/unitofwork.py", line 642, in execute
    util.preloaded.orm_persistence.save_obj(
    ~~~~~~~~~~~~~~~~~~~~~~~~~~~~~~~~~~~~~~~^
        self.mapper,
        ^^^^^^^^^^^^
        uow.states_for_mapper_hierarchy(self.mapper, False, False),
        ^^^^^^^^^^^^^^^^^^^^^^^^^^^^^^^^^^^^^^^^^^^^^^^^^^^^^^^^^^^
        uow,
        ^^^^
    )
    ^
  File "/Users/patrick/Documents/Uni/master_project/.venv/lib/python3.13/site-packages/sqlalchemy/orm/persistence.py", line 93, in save_obj
    _emit_insert_statements(
    ~~~~~~~~~~~~~~~~~~~~~~~^
        base_mapper,
        ^^^^^^^^^^^^
    ...<3 lines>...
        insert,
        ^^^^^^^
    )
    ^
  File "/Users/patrick/Documents/Uni/master_project/.venv/lib/python3.13/site-packages/sqlalchemy/orm/persistence.py", line 1233, in _emit_insert_statements
    result = connection.execute(
        statement,
        params,
        execution_options=execution_options,
    )
  File "/Users/patrick/Documents/Uni/master_project/.venv/lib/python3.13/site-packages/sqlalchemy/engine/base.py", line 1419, in execute
    return meth(
        self,
        distilled_parameters,
        execution_options or NO_OPTIONS,
    )
  File "/Users/patrick/Documents/Uni/master_project/.venv/lib/python3.13/site-packages/sqlalchemy/sql/elements.py", line 526, in _execute_on_connection
    return connection._execute_clauseelement(
           ~~~~~~~~~~~~~~~~~~~~~~~~~~~~~~~~~^
        self, distilled_params, execution_options
        ^^^^^^^^^^^^^^^^^^^^^^^^^^^^^^^^^^^^^^^^^
    )
    ^
  File "/Users/patrick/Documents/Uni/master_project/.venv/lib/python3.13/site-packages/sqlalchemy/engine/base.py", line 1641, in _execute_clauseelement
    ret = self._execute_context(
        dialect,
    ...<8 lines>...
        cache_hit=cache_hit,
    )
  File "/Users/patrick/Documents/Uni/master_project/.venv/lib/python3.13/site-packages/sqlalchemy/engine/base.py", line 1846, in _execute_context
    return self._exec_single_context(
           ~~~~~~~~~~~~~~~~~~~~~~~~~^
        dialect, context, statement, parameters
        ^^^^^^^^^^^^^^^^^^^^^^^^^^^^^^^^^^^^^^^
    )
    ^
  File "/Users/patrick/Documents/Uni/master_project/.venv/lib/python3.13/site-packages/sqlalchemy/engine/base.py", line 1986, in _exec_single_context
    self._handle_dbapi_exception(
    ~~~~~~~~~~~~~~~~~~~~~~~~~~~~^
        e, str_statement, effective_parameters, cursor, context
        ^^^^^^^^^^^^^^^^^^^^^^^^^^^^^^^^^^^^^^^^^^^^^^^^^^^^^^^
    )
    ^
  File "/Users/patrick/Documents/Uni/master_project/.venv/lib/python3.13/site-packages/sqlalchemy/engine/base.py", line 2355, in _handle_dbapi_exception
    raise sqlalchemy_exception.with_traceback(exc_info[2]) from e
  File "/Users/patrick/Documents/Uni/master_project/.venv/lib/python3.13/site-packages/sqlalchemy/engine/base.py", line 1967, in _exec_single_context
    self.dialect.do_execute(
    ~~~~~~~~~~~~~~~~~~~~~~~^
        cursor, str_statement, effective_parameters, context
        ^^^^^^^^^^^^^^^^^^^^^^^^^^^^^^^^^^^^^^^^^^^^^^^^^^^^
    )
    ^
  File "/Users/patrick/Documents/Uni/master_project/.venv/lib/python3.13/site-packages/sqlalchemy/engine/default.py", line 951, in do_execute
    cursor.execute(statement, parameters)
    ~~~~~~~~~~~~~~^^^^^^^^^^^^^^^^^^^^^^^
  File "/Users/patrick/Documents/Uni/master_project/.venv/lib/python3.13/site-packages/sqlalchemy/dialects/postgresql/asyncpg.py", line 585, in execute
    self._adapt_connection.await_(
    ~~~~~~~~~~~~~~~~~~~~~~~~~~~~~^
        self._prepare_and_execute(operation, parameters)
        ^^^^^^^^^^^^^^^^^^^^^^^^^^^^^^^^^^^^^^^^^^^^^^^^
    )
    ^
  File "/Users/patrick/Documents/Uni/master_project/.venv/lib/python3.13/site-packages/sqlalchemy/util/_concurrency_py3k.py", line 132, in await_only
    return current.parent.switch(awaitable)  # type: ignore[no-any-return,attr-defined] # noqa: E501
           ~~~~~~~~~~~~~~~~~~~~~^^^^^^^^^^^
  File "/Users/patrick/Documents/Uni/master_project/.venv/lib/python3.13/site-packages/sqlalchemy/util/_concurrency_py3k.py", line 196, in greenlet_spawn
    value = await result
            ^^^^^^^^^^^^
  File "/Users/patrick/Documents/Uni/master_project/.venv/lib/python3.13/site-packages/sqlalchemy/dialects/postgresql/asyncpg.py", line 563, in _prepare_and_execute
    self._handle_exception(error)
    ~~~~~~~~~~~~~~~~~~~~~~^^^^^^^
  File "/Users/patrick/Documents/Uni/master_project/.venv/lib/python3.13/site-packages/sqlalchemy/dialects/postgresql/asyncpg.py", line 513, in _handle_exception
    self._adapt_connection._handle_exception(error)
    ~~~~~~~~~~~~~~~~~~~~~~~~~~~~~~~~~~~~~~~~^^^^^^^
  File "/Users/patrick/Documents/Uni/master_project/.venv/lib/python3.13/site-packages/sqlalchemy/dialects/postgresql/asyncpg.py", line 797, in _handle_exception
    raise translated_error from error
sqlalchemy.exc.IntegrityError: (sqlalchemy.dialects.postgresql.asyncpg.IntegrityError) <class 'asyncpg.exceptions.ForeignKeyViolationError'>: insert or update on table "analysis_finding" violates foreign key constraint "analysis_finding_execution_telemetry_id_fkey"
DETAIL:  Key (execution_telemetry_id)=(318386e1-dab5-43e3-9600-6d55c5797da7) is not present in table "execution_telemetry".
[SQL: INSERT INTO analysis_finding (id, execution_telemetry_id, category, severity, evidence, suggested_fix, priority_rank, input_content, output_content, created_at) VALUES ($1::VARCHAR, $2::VARCHAR, $3::VARCHAR, $4::VARCHAR, $5::VARCHAR, $6::VARCHAR, $7::INTEGER, $8::VARCHAR, $9::VARCHAR, $10::TIMESTAMP WITH TIME ZONE)]
[parameters: ('4540fc6d-1125-410b-b3d3-dae8f8d5f80c', '318386e1-dab5-43e3-9600-6d55c5797da7', 'topology', 'info', 'Execution 318386e1-dab5-43e3-9600-6d55c5797da7 processed 77,327 input tokens for a 29.99ms execution time, suggesting a high volume of context passed to the agent that may be redundant.', 'Implement a context pruning or summarization step before passing data to this agent to reduce the input token overhead in future cycles.', None, None, None, datetime.datetime(2026, 5, 18, 11, 56, 11, 367387, tzinfo=datetime.timezone.utc))]
(Background on this error at: https://sqlalche.me/e/20/gkpj)
[2m11:56:14[0m [[32m[1minfo     [0m] [1mGetting challenge status: id=1f899a88-2666-4898-9237-5f1731afdc1c[0m [36mreq[0m=[35mfd52cdc7[0m
[2m11:56:14[0m [[32m[1minfo     [0m] [1mrequest_finished                        [0m [36mduration[0m=[35m0.012[0m [36mmethod[0m=[35mGET[0m [36mpath[0m=[35m/api/v1/challenges/1f899a88-2666-4898-9237-5f1731afdc1c[0m [36mreq[0m=[35mfd52cdc7[0m [36mrequest_id[0m=[35mfd52cdc7-5c62-458e-b318-f8a7cd24ef3b[0m [36mstatus[0m=[35m200[0m
[2m11:56:14[0m [[32m[1minfo     [0m] [1mGetting challenge results: id=1f899a88-2666-4898-9237-5f1731afdc1c[0m [36mreq[0m=[35mab9591ae[0m
[2m11:56:14[0m [[32m[1minfo     [0m] [1mrequest_finished                        [0m [36mduration[0m=[35m0.008[0m [36mmethod[0m=[35mGET[0m [36mpath[0m=[35m/api/v1/challenges/1f899a88-2666-4898-9237-5f1731afdc1c/results[0m [36mreq[0m=[35mab9591ae[0m [36mrequest_id[0m=[35mab9591ae-3a3a-4550-900a-92d36c4f9895[0m [36mstatus[0m=[35m200[0m
[2m11:56:19[0m [[32m[1minfo     [0m] [1mDirect challenge analysis: execution_id=e59d5fe4-66ce-48aa-afa5-d089f731d81d[0m [36mreq[0m=[35ma6fed0f4[0m
[2m11:56:19[0m [[32m[1minfo     [0m] [1mPre-execution analysis starting for execution e59d5fe4-66ce-48aa-afa5-d089f731d81d[0m [36mreq[0m=[35ma6fed0f4[0m
[2m11:56:19[0m [[32m[1minfo     [0m] [1mAnalyzing challenge for execution e59d5fe4-66ce-48aa-afa5-d089f731d81d[0m [36mreq[0m=[35ma6fed0f4[0m
[2m11:56:19[0m [[32m[1minfo     [0m] [1mLoading topology from database...       [0m [36mreq[0m=[35ma6fed0f4[0m
[2m11:56:19[0m [[32m[1minfo     [0m] [1mMapped 9 skill entries to 8 capabilities[0m [36mreq[0m=[35ma6fed0f4[0m
[2m11:56:19[0m [[32m[1minfo     [0m] [1mTopology validated: 11 agents in 5 waves[0m [36mreq[0m=[35ma6fed0f4[0m
[2m11:56:19[0m [[32m[1minfo     [0m] [1mLoaded 9 skills for topology            [0m [36mreq[0m=[35ma6fed0f4[0m
[2m11:56:19[0m [[32m[1minfo     [0m] [1mTopology loaded: 11 agents, 5 waves     [0m [36mreq[0m=[35ma6fed0f4[0m
[2m11:56:19[0m [[32m[1minfo     [0m] [1mSkill 'skill_connect_to_postgresql_database_using_provided_credentials' provides affected_capability: 'connect to PostgreSQL database using provided credentials'[0m [36mreq[0m=[35ma6fed0f4[0m
[2m11:56:19[0m [[32m[1minfo     [0m] [1mSkill 'skill_execute_sql_queries_to_list_database_tables' provides affected_capability: 'execute SQL queries to list database tables'[0m [36mreq[0m=[35ma6fed0f4[0m
[2m11:56:19[0m [[32m[1minfo     [0m] [1mSkill 'skill_generate_a_text_based_schema_diagram' provides affected_capability: 'generate a text-based schema diagram'[0m [36mreq[0m=[35ma6fed0f4[0m
[2m11:56:19[0m [[32m[1minfo     [0m] [1mSkill 'skill_calculate_progress_percentages,_total_hours,_and_report_counts_per_trade' provides affected_capability: 'calculate progress percentages, total hours, and report counts per trade'[0m [36mreq[0m=[35ma6fed0f4[0m
[2m11:56:19[0m [[32m[1minfo     [0m] [1mSkill 'skill_direkter_sql_datenbank_konnektor_(die_verfügbaren_agenten_nutzen_generische_skills,_die_eine_abstraktion_der_datenbankverbindung_voraussetzen)' provides affected_capability: 'Direkter SQL-Datenbank-Konnektor (die verfügbaren Agenten nutzen generische Skills, die eine Abstraktion der Datenbankverbindung voraussetzen)'[0m [36mreq[0m=[35ma6fed0f4[0m
[2m11:56:19[0m [[32m[1minfo     [0m] [1mSkill 'skill_execute_sql_queries_to_retrieve_column_metadata_and_foreign_key_constraints' provides affected_capability: 'execute SQL queries to retrieve column metadata and foreign key constraints'[0m [36mreq[0m=[35ma6fed0f4[0m
[2m11:56:19[0m [[32m[1minfo     [0m] [1mSkill 'skill_analyze_database_schema_structure' provides affected_capability: 'analyze database schema structure'[0m [36mreq[0m=[35ma6fed0f4[0m
[2m11:56:19[0m [[32m[1minfo     [0m] [1mSkill 'skill_direkter_sql_datenbank_konnektor_(die_verfügbaren_agenten_sind_auf_text/kontext_verarbeitung_spezialisiert,_die_datenbank_abfrage_muss_durch_einen_spezialisierten_db_agenten_oder_ein_tool_interface_innerhalb_des_context_retriever_erfolgen)' provides affected_capability: 'Direkter SQL-Datenbank-Konnektor (die verfügbaren Agenten sind auf Text/Kontext-Verarbeitung spezialisiert, die Datenbank-Abfrage muss durch einen spezialisierten DB-Agenten oder ein Tool-Interface innerhalb des context_retriever erfolgen)'[0m [36mreq[0m=[35ma6fed0f4[0m
[2m11:56:19[0m [[32m[1minfo     [0m] [1mSkill 'skill_output_ist_rein_theoretisch_/_beschreibend' provides affected_capability: 'Output ist rein theoretisch / beschreibend'[0m [36mreq[0m=[35ma6fed0f4[0m
[2m11:56:19[0m [[32m[1minfo     [0m] [1mExtracted 9 capabilities from 9 active skills[0m [36mreq[0m=[35ma6fed0f4[0m
[2m11:56:19[0m [[32m[1minfo     [0m] [1mPrompt 'prompt_analyze_project_data_to_identify_the_trade_with_the_highest_delay_risk' provides affected_capability: 'analyze project data to identify the trade with the highest delay risk'[0m [36mreq[0m=[35ma6fed0f4[0m
[2m11:56:19[0m [[32m[1minfo     [0m] [1mPrompt 'prompt_filter_and_extract_open_critical_defects_requiring_immediate_attention' provides affected_capability: 'filter and extract open critical defects requiring immediate attention'[0m [36mreq[0m=[35ma6fed0f4[0m
[2m11:56:19[0m [[32m[1minfo     [0m] [1mPrompt 'prompt_analyze_defect_data_to_generate_a_comprehensive_defect_analysis_report' provides affected_capability: 'analyze defect data to generate a comprehensive defect analysis report'[0m [36mreq[0m=[35ma6fed0f4[0m
[2m11:56:19[0m [[32m[1minfo     [0m] [1mExtracted 3 capabilities from 3 active prompts[0m [36mreq[0m=[35ma6fed0f4[0m
[2m11:56:21[0m [[32m[1minfo     [0m] [1mLLM extracted 5 capabilities: 3 execution, 2 knowledge[0m [36mreq[0m=[35ma6fed0f4[0m
[2m11:56:21[0m [[32m[1minfo     [0m] [1mExtracted 5 required capabilities       [0m [36mreq[0m=[35ma6fed0f4[0m
[2m11:56:22[0m [[32m[1minfo     [0m] [1mINFEASIBLE: 'establish database connection to PostgreSQL instance' cannot be performed by agent 'b2972519-389d-4c28-b232-f7fc483725f6': Although the agent's capabilities list mentions database connectivity, the 'Available Tools/Skills' section explicitly states 'No executable skills/tools bound to this agent', meaning it lacks the functional implementation to perform the action.[0m [36mreq[0m=[35ma6fed0f4[0m
[2m11:56:24[0m [[32m[1minfo     [0m] [1mFeasibility check complete: 2 feasible, 1 infeasible out of 3 execution capabilities[0m [36mreq[0m=[35ma6fed0f4[0m
[2m11:56:24[0m [[32m[1minfo     [0m] [1mFeasibility check failed for 1 execution capabilities: ['establish database connection to PostgreSQL instance'][0m [36mreq[0m=[35ma6fed0f4[0m
[2m11:56:25[0m [[32m[1minfo     [0m] [1mAssessment complete: MAYBE (3 gaps, 2 suggestions)[0m [36mreq[0m=[35ma6fed0f4[0m
[2m11:56:25[0m [[32m[1minfo     [0m] [1mASSESSMENT_LOG execution_id=e59d5fe4-66ce-48aa-afa5-d089f731d81d confidence=MAYBE gaps=3 route=developer_team duration_ms=5969[0m [36mreq[0m=[35ma6fed0f4[0m
[2m11:56:25[0m [[32m[1minfo     [0m] [1mPre-execution analysis complete: MAYBE -> route: developer_team[0m [36mreq[0m=[35ma6fed0f4[0m
[2m11:56:25[0m [[32m[1minfo     [0m] [1mOrchestrator analysis complete: confidence=MAYBE, route=developer_team[0m [36mreq[0m=[35ma6fed0f4[0m
[2m11:56:25[0m [[32m[1minfo     [0m] [1m0 gaps already satisfied, 3 remaining   [0m [36mreq[0m=[35ma6fed0f4[0m
[2m11:56:25[0m [[32m[1minfo     [0m] [1mGenerated build plan for challenge 2e814422-1759-4268-a992-8493060a2d98: 3 items, 1 critical[0m [36mreq[0m=[35ma6fed0f4[0m
[2m11:56:25[0m [[32m[1minfo     [0m] [1mrequest_finished                        [0m [36mduration[0m=[35m6.114[0m [36mmethod[0m=[35mPOST[0m [36mpath[0m=[35m/api/v1/challenges/analyze[0m [36mreq[0m=[35ma6fed0f4[0m [36mrequest_id[0m=[35ma6fed0f4-9067-4c25-9fca-3a45d420fbac[0m [36mstatus[0m=[35m200[0m
[2m11:56:25[0m [[32m[1minfo     [0m] [1mStarting capability building: challenge_id=2e814422-1759-4268-a992-8493060a2d98[0m [36mreq[0m=[35ma6fed0f4[0m
[2m11:56:26[0m [[32m[1minfo     [0m] [1mLoading topology from database...       [0m [36mreq[0m=[35ma6fed0f4[0m
[2m11:56:26[0m [[32m[1minfo     [0m] [1mMapped 9 skill entries to 8 capabilities[0m [36mreq[0m=[35ma6fed0f4[0m
[2m11:56:26[0m [[32m[1minfo     [0m] [1mTopology validated: 11 agents in 5 waves[0m [36mreq[0m=[35ma6fed0f4[0m
[2m11:56:26[0m [[32m[1minfo     [0m] [1mLoaded 9 skills for topology            [0m [36mreq[0m=[35ma6fed0f4[0m
[2m11:56:26[0m [[32m[1minfo     [0m] [1mTopology loaded: 11 agents, 5 waves     [0m [36mreq[0m=[35ma6fed0f4[0m
[2m11:56:26[0m [[32m[1minfo     [0m] [1mRuntimeAgentRegistry initialized with max_concurrent=5[0m [36mreq[0m=[35ma6fed0f4[0m
[2m11:56:26[0m [[32m[1minfo     [0m] [1mProcessing blocked challenge: id=2e814422..., attempt=1/5[0m [36mreq[0m=[35ma6fed0f4[0m
[2m11:56:26[0m [[32m[1minfo     [0m] [1mCreated gap plan: id=97c3f816..., challenge=2e814422..., gaps=3, cycle=1[0m [36mreq[0m=[35ma6fed0f4[0m
[2m11:56:26[0m [[32m[1minfo     [0m] [1mCreated gap plan: 97c3f816..., cycle=1, gaps=3[0m [36mreq[0m=[35ma6fed0f4[0m
[2m11:56:26[0m [[32m[1minfo     [0m] [1mStarted gap plan: 97c3f816...           [0m [36mreq[0m=[35ma6fed0f4[0m
[2m11:56:26[0m [[32m[1minfo     [0m] [1mExecuting gap plan: 97c3f816..., total_gaps=3, cycle=1[0m [36mreq[0m=[35ma6fed0f4[0m
[2m11:56:26[0m [[32m[1minfo     [0m] [1mProcessing gap: eed07951... type=missing_skill, capability=establish database connection to PostgreSQL instance, severity=critical[0m [36mreq[0m=[35ma6fed0f4[0m
[2m11:56:26[0m [[32m[1minfo     [0m] [1mStrategy proposed for establish database connection to PostgreSQL instance: direct (confidence=0.5)[0m [36mreq[0m=[35ma6fed0f4[0m
[2m11:56:26[0m [[32m[1minfo     [0m] [1mBuilding capability: gap_type=missing_skill, severity=critical, attempt=1, approach=direct[0m [36mreq[0m=[35ma6fed0f4[0m
[2m11:56:26[0m [[32m[1minfo     [0m] [1mUsing Skill Team for capability: establish database connection to PostgreSQL instance[0m [36mreq[0m=[35ma6fed0f4[0m
[2m11:56:26[0m [[32m[1minfo     [0m] [1mStarting team-based skill development for: establish database connection to PostgreSQL instance[0m [36mreq[0m=[35ma6fed0f4[0m
[2m11:56:26[0m [[32m[1minfo     [0m] [1mResearching capability: establish database connection to PostgreSQL instance[0m [36mreq[0m=[35ma6fed0f4[0m
[2m11:56:26[0m [[32m[1minfo     [0m] [1mresponse: https://en.wikipedia.org/w/api.php?action=opensearch&profile=fuzzy&limit=1&search=python%20establish%20database%20connection%20to%20PostgreSQL%20instance%20implementation%20example%20code 200[0m
[2m11:56:26[0m [[32m[1minfo     [0m] [1mresponse: https://grokipedia.com/api/typeahead?query=python+establish+database+connection+to+PostgreSQL+instance+implementation+example+code&limit=1 200[0m
[2m11:56:26[0m [[32m[1minfo     [0m] [1mresponse: https://www.google.com/search?q=python+establish+database+connection+to+PostgreSQL+instance+implementation+example+code&filter=1&start=0&hl=en-US&lr=lang_en&cr=countryUS 200[0m
[2m11:56:27[0m [[32m[1minfo     [0m] [1mresponse: https://www.mojeek.com/search?q=python+establish+database+connection+to+PostgreSQL+instance+implementation+example+code 200[0m
[2m11:56:28[0m [[32m[1minfo     [0m] [1mWeb search for 'python establish database connection to PostgreSQL instance ' returned 5 results[0m [36mreq[0m=[35ma6fed0f4[0m
[2m11:56:33[0m [[32m[1minfo     [0m] [1mSummarized 5 sources into 2987 chars    [0m [36mreq[0m=[35ma6fed0f4[0m
[2m11:56:33[0m [[32m[1minfo     [0m] [1mResearch complete for establish database connection to PostgreSQL instance: pip=['psycopg2-binary'], examples=1[0m [36mreq[0m=[35ma6fed0f4[0m
[2m11:56:33[0m [[32m[1minfo     [0m] [1mResearch complete: 1 packages found     [0m [36mreq[0m=[35ma6fed0f4[0m
[2m11:56:35[0m [[32m[1minfo     [0m] [1mArchitecture complete: 1 test cases defined[0m [36mreq[0m=[35ma6fed0f4[0m
[2m11:56:35[0m [[32m[1minfo     [0m] [1mSession start: iteration=1/10, pip=1, apt=0[0m [36mreq[0m=[35ma6fed0f4[0m
[2m11:56:35[0m [[32m[1minfo     [0m] [1mDocker client connected successfully    [0m [36mreq[0m=[35ma6fed0f4[0m
[2m11:56:35[0m [[32m[1minfo     [0m] [1mGetting challenge status: id=2e814422-1759-4268-a992-8493060a2d98[0m [36mreq[0m=[35m3fe3a4e0[0m
[2m11:56:36[0m [[32m[1minfo     [0m] [1mrequest_finished                        [0m [36mduration[0m=[35m0.018[0m [36mmethod[0m=[35mGET[0m [36mpath[0m=[35m/api/v1/challenges/2e814422-1759-4268-a992-8493060a2d98[0m [36mreq[0m=[35m3fe3a4e0[0m [36mrequest_id[0m=[35m3fe3a4e0-7581-4785-96bd-9e3d5322f802[0m [36mstatus[0m=[35m200[0m
[2m11:56:36[0m [[32m[1minfo     [0m] [1mSession container created: f6a34bfe13b5 [0m [36mreq[0m=[35ma6fed0f4[0m
[2m11:56:36[0m [[32m[1minfo     [0m] [1mInstalling pip packages: "psycopg2-binary"[0m [36mreq[0m=[35ma6fed0f4[0m
[2m11:56:37[0m [[32m[1minfo     [0m] [1mPip packages installed successfully     [0m [36mreq[0m=[35ma6fed0f4[0m
[2m11:56:37[0m [[32m[1minfo     [0m] [1mImplementation iteration 1/10           [0m [36mreq[0m=[35ma6fed0f4[0m
[2m11:56:39[0m [[32m[1minfo     [0m] [1mImplementation erfolgreich nach 1 Iterationen[0m [36mreq[0m=[35ma6fed0f4[0m
[2m11:56:44[0m [[32m[1minfo     [0m] [1mReview iteration 1/2                    [0m [36mreq[0m=[35ma6fed0f4[0m
[2m11:56:46[0m [[32m[1minfo     [0m] [1mGetting challenge status: id=2e814422-1759-4268-a992-8493060a2d98[0m [36mreq[0m=[35m62daa424[0m
[2m11:56:46[0m [[32m[1minfo     [0m] [1mrequest_finished                        [0m [36mduration[0m=[35m0.009[0m [36mmethod[0m=[35mGET[0m [36mpath[0m=[35m/api/v1/challenges/2e814422-1759-4268-a992-8493060a2d98[0m [36mreq[0m=[35m62daa424[0m [36mrequest_id[0m=[35m62daa424-b200-4dd9-b946-1b6474b18ca4[0m [36mstatus[0m=[35m200[0m
[2m11:56:49[0m [[32m[1minfo     [0m] [1mStarting sandbox execution: pip=['psycopg2-binary'], apt=[], input_files=[][0m [36mreq[0m=[35ma6fed0f4[0m
[2m11:56:49[0m [[32m[1minfo     [0m] [1mInstalling pip packages: "psycopg2-binary"[0m [36mreq[0m=[35ma6fed0f4[0m
[2m11:56:50[0m [[32m[1minfo     [0m] [1mPip packages installed successfully     [0m [36mreq[0m=[35ma6fed0f4[0m
[2m11:56:50[0m [[32m[1minfo     [0m] [1mSandbox execution complete: success=True, time=1783ms, cached=False[0m [36mreq[0m=[35ma6fed0f4[0m
[2m11:56:56[0m [[32m[1minfo     [0m] [1mGetting challenge status: id=2e814422-1759-4268-a992-8493060a2d98[0m [36mreq[0m=[35m5de05646[0m
[2m11:56:56[0m [[32m[1minfo     [0m] [1mReview iteration 2/2                    [0m [36mreq[0m=[35ma6fed0f4[0m
[2m11:56:56[0m [[32m[1minfo     [0m] [1mrequest_finished                        [0m [36mduration[0m=[35m0.021[0m [36mmethod[0m=[35mGET[0m [36mpath[0m=[35m/api/v1/challenges/2e814422-1759-4268-a992-8493060a2d98[0m [36mreq[0m=[35m5de05646[0m [36mrequest_id[0m=[35m5de05646-d53f-41f6-a192-282174121a2f[0m [36mstatus[0m=[35m200[0m
[2m11:56:58[0m [[33m[1mwarning  [0m] [1mReview-Iterationen erschöpft, akzeptiere pre-review Code[0m [36mreq[0m=[35ma6fed0f4[0m
[2m11:56:58[0m [[32m[1minfo     [0m] [1mStarting sandbox execution: pip=['psycopg2-binary'], apt=[], input_files=[][0m [36mreq[0m=[35ma6fed0f4[0m
[2m11:56:58[0m [[32m[1minfo     [0m] [1mInstalling pip packages: "psycopg2-binary"[0m [36mreq[0m=[35ma6fed0f4[0m
[2m11:57:00[0m [[32m[1minfo     [0m] [1mPip packages installed successfully     [0m [36mreq[0m=[35ma6fed0f4[0m
[2m11:57:00[0m [[32m[1minfo     [0m] [1mSandbox execution complete: success=True, time=1683ms, cached=False[0m [36mreq[0m=[35ma6fed0f4[0m
[2m11:57:05[0m [[32m[1minfo     [0m] [1mCreated new skill: 72217a17-ec5e-4cea-a2ee-c1bed911150b[0m [36mreq[0m=[35ma6fed0f4[0m
[2m11:57:05[0m [[32m[1minfo     [0m] [1mRecorded build attempt: capability=establish database connection to PostgreSQL instance, success=True, error_type=None[0m [36mreq[0m=[35ma6fed0f4[0m
[2m11:57:05[0m [[32m[1minfo     [0m] [1mSkill development complete: skill_establish_database_connection_to_postgresql_instance in 39338ms[0m [36mreq[0m=[35ma6fed0f4[0m
[2m11:57:05[0m [[32m[1minfo     [0m] [1mSkill Team built skill: skill_establish_database_connection_to_postgresql_instance, duration=39.4s[0m [36mreq[0m=[35ma6fed0f4[0m
[2m11:57:05[0m [[32m[1minfo     [0m] [1mAgent 'transcript_analyzer' already has capability 'establish database connection to PostgreSQL instance'[0m [36mreq[0m=[35ma6fed0f4[0m
[2m11:57:05[0m [[32m[1minfo     [0m] [1mCreated skill binding: skill=72217a17..., agent=b2972519..., capability='establish database connection to PostgreSQL instance'[0m [36mreq[0m=[35ma6fed0f4[0m
[2m11:57:05[0m [[32m[1minfo     [0m] [1mInjecting skill 72217a17... with plan: target_agent=7eab52e8..., rationale=The context_retriever is best suited for this skill as it is responsible for fetching data from external sources (databases) to provide the necessary information for further analysis or reporting.[0m [36mreq[0m=[35ma6fed0f4[0m
[2m11:57:05[0m [[32m[1minfo     [0m] [1mCreated skill binding: skill=72217a17... -> agent=7eab52e8...[0m [36mreq[0m=[35ma6fed0f4[0m
[2m11:57:05[0m [[32m[1minfo     [0m] [1mLoading topology from database...       [0m [36mreq[0m=[35ma6fed0f4[0m
[2m11:57:05[0m [[32m[1minfo     [0m] [1mMapped 10 skill entries to 9 capabilities[0m [36mreq[0m=[35ma6fed0f4[0m
[2m11:57:05[0m [[32m[1minfo     [0m] [1mTopology validated: 11 agents in 5 waves[0m [36mreq[0m=[35ma6fed0f4[0m
[2m11:57:05[0m [[32m[1minfo     [0m] [1mLoaded 10 skills for topology           [0m [36mreq[0m=[35ma6fed0f4[0m
[2m11:57:05[0m [[32m[1minfo     [0m] [1mTopology loaded: 11 agents, 5 waves     [0m [36mreq[0m=[35ma6fed0f4[0m
[2m11:57:05[0m [[32m[1minfo     [0m] [1mPlan-based injection complete: skill=72217a17... -> agent=context_retriever[0m [36mreq[0m=[35ma6fed0f4[0m
[2m11:57:05[0m [[32m[1minfo     [0m] [1mRecorded build attempt: capability=establish database connection to PostgreSQL instance, success=True, error_type=None[0m [36mreq[0m=[35ma6fed0f4[0m
[2m11:57:05[0m [[32m[1minfo     [0m] [1mGap completed: eed07951... -> skill/72217a17...[0m [36mreq[0m=[35ma6fed0f4[0m
[2m11:57:05[0m [[32m[1minfo     [0m] [1mProcessing gap: 5bfea212... type=missing_planning_skill, capability=analyze cost data to forecast project budget adherence, severity=important[0m [36mreq[0m=[35ma6fed0f4[0m
[2m11:57:05[0m [[33m[1mwarning  [0m] [1mUnknown gap type 'missing_planning_skill', using generic builder[0m [36mreq[0m=[35ma6fed0f4[0m
[2m11:57:05[0m [[32m[1minfo     [0m] [1mBuilding capability: gap_type=missing_planning_skill, severity=important, attempt=1, approach=direct[0m [36mreq[0m=[35ma6fed0f4[0m
[2m11:57:05[0m [[32m[1minfo     [0m] [1mDecomposing task id=43770748..., files=1[0m [36mreq[0m=[35ma6fed0f4[0m
[2m11:57:06[0m [[32m[1minfo     [0m] [1mGetting challenge status: id=2e814422-1759-4268-a992-8493060a2d98[0m [36mreq[0m=[35m815b3878[0m
[2m11:57:06[0m [[32m[1minfo     [0m] [1mrequest_finished                        [0m [36mduration[0m=[35m0.004[0m [36mmethod[0m=[35mGET[0m [36mpath[0m=[35m/api/v1/challenges/2e814422-1759-4268-a992-8493060a2d98[0m [36mreq[0m=[35m815b3878[0m [36mrequest_id[0m=[35m815b3878-444f-4401-a609-7b479ce09650[0m [36mstatus[0m=[35m200[0m
[2m11:57:08[0m [[32m[1minfo     [0m] [1mDecomposed task into 2 subtasks, 2 waves[0m [36mreq[0m=[35ma6fed0f4[0m
[2m11:57:08[0m [[32m[1minfo     [0m] [1mExecuting wave 1/2, files=['prompts/generated/prompt_analyze_cost_data_to_forecast_project_budget_adherence.txt'][0m [36mreq[0m=[35ma6fed0f4[0m
[2m11:57:08[0m [[32m[1minfo     [0m] [1mRegistered agent id=7909374e..., task=43770748..., file=prompts/generated/prompt_analyze_cost_data_to_forecast_project_budget_adherence.txt[0m [36mreq[0m=[35ma6fed0f4[0m
[2m11:57:08[0m [[32m[1minfo     [0m] [1mUpdated agent id=7909374e... status=running[0m [36mreq[0m=[35ma6fed0f4[0m
[2m11:57:08[0m [[32m[1minfo     [0m] [1mExecuting agent id=7909374e..., file=prompts/generated/prompt_analyze_cost_data_to_forecast_project_budget_adherence.txt[0m [36mreq[0m=[35ma6fed0f4[0m
[2m11:57:11[0m [[32m[1minfo     [0m] [1mAgent completed id=7909374e..., duration=2.56s[0m [36mreq[0m=[35ma6fed0f4[0m
[2m11:57:11[0m [[32m[1minfo     [0m] [1mUpdated agent id=7909374e... status=completed[0m [36mreq[0m=[35ma6fed0f4[0m
[2m11:57:11[0m [[32m[1minfo     [0m] [1mExecuting wave 2/2, files=['scripts/analyze_budget.py'][0m [36mreq[0m=[35ma6fed0f4[0m
[2m11:57:11[0m [[32m[1minfo     [0m] [1mRegistered agent id=66a51e52..., task=43770748..., file=scripts/analyze_budget.py[0m [36mreq[0m=[35ma6fed0f4[0m
[2m11:57:11[0m [[32m[1minfo     [0m] [1mUpdated agent id=66a51e52... status=running[0m [36mreq[0m=[35ma6fed0f4[0m
[2m11:57:11[0m [[32m[1minfo     [0m] [1mExecuting agent id=66a51e52..., file=scripts/analyze_budget.py[0m [36mreq[0m=[35ma6fed0f4[0m
{
    "name": "developer_team.decompose_task",
    "context": {
        "trace_id": "0x3f83d3164273adf4aa3e75e091a643e6",
        "span_id": "0x203d8d160d7ba046",
        "trace_state": "[]"
    },
    "kind": "SpanKind.INTERNAL",
    "parent_id": "0xf5352a6bbd3c6fa6",
    "start_time": "2026-05-18T11:57:05.709883Z",
    "end_time": "2026-05-18T11:57:08.443382Z",
    "status": {
        "status_code": "UNSET"
    },
    "attributes": {},
    "events": [],
    "links": [],
    "resource": {
        "attributes": {
            "telemetry.sdk.language": "python",
            "telemetry.sdk.name": "opentelemetry",
            "telemetry.sdk.version": "1.40.0",
            "service.name": "lumari-backend",
            "service.version": "0.1.0",
            "service.namespace": "lumari",
            "deployment.environment": "development",
            "telemetry.middleware.version": "1.0.0"
        },
        "schema_url": ""
    }
}
{
    "name": "agent_spawner.spawn_and_execute",
    "context": {
        "trace_id": "0x3f83d3164273adf4aa3e75e091a643e6",
        "span_id": "0xa4638ec9d522858d",
        "trace_state": "[]"
    },
    "kind": "SpanKind.INTERNAL",
    "parent_id": "0x178854abd4823b88",
    "start_time": "2026-05-18T11:57:08.443866Z",
    "end_time": "2026-05-18T11:57:11.005026Z",
    "status": {
        "status_code": "UNSET"
    },
    "attributes": {
        "agent.id": "7909374e-c82f-4d13-8ac4-9997ac226242",
        "agent.task_id": "43770748-82b1-44f5-bf8e-d8c8c91fef89",
        "agent.file_path": "prompts/generated/prompt_analyze_cost_data_to_forecast_project_budget_adherence.txt",
        "agent.timeout_seconds": 300,
        "agent.registered": true,
        "agent.success": true,
        "agent.duration_seconds": 2.560624122619629
    },
    "events": [],
    "links": [],
    "resource": {
        "attributes": {
            "telemetry.sdk.language": "python",
            "telemetry.sdk.name": "opentelemetry",
            "telemetry.sdk.version": "1.40.0",
            "service.name": "lumari-backend",
            "service.version": "0.1.0",
            "service.namespace": "lumari",
            "deployment.environment": "development",
            "telemetry.middleware.version": "1.0.0"
        },
        "schema_url": ""
    }
}
{
    "name": "developer_team.execute_wave",
    "context": {
        "trace_id": "0x3f83d3164273adf4aa3e75e091a643e6",
        "span_id": "0x178854abd4823b88",
        "trace_state": "[]"
    },
    "kind": "SpanKind.INTERNAL",
    "parent_id": "0xf5352a6bbd3c6fa6",
    "start_time": "2026-05-18T11:57:08.443511Z",
    "end_time": "2026-05-18T11:57:11.005410Z",
    "status": {
        "status_code": "UNSET"
    },
    "attributes": {
        "wave.files": [
            "prompts/generated/prompt_analyze_cost_data_to_forecast_project_budget_adherence.txt"
        ]
    },
    "events": [],
    "links": [],
    "resource": {
        "attributes": {
            "telemetry.sdk.language": "python",
            "telemetry.sdk.name": "opentelemetry",
            "telemetry.sdk.version": "1.40.0",
            "service.name": "lumari-backend",
            "service.version": "0.1.0",
            "service.namespace": "lumari",
            "deployment.environment": "development",
            "telemetry.middleware.version": "1.0.0"
        },
        "schema_url": ""
    }
}
[2m11:57:13[0m [[32m[1minfo     [0m] [1mAgent completed id=66a51e52..., duration=2.76s[0m [36mreq[0m=[35ma6fed0f4[0m
[2m11:57:13[0m [[32m[1minfo     [0m] [1mUpdated agent id=66a51e52... status=completed[0m [36mreq[0m=[35ma6fed0f4[0m
[2m11:57:13[0m [[32m[1minfo     [0m] [1mUnregistered agent id=7909374e...       [0m [36mreq[0m=[35ma6fed0f4[0m
[2m11:57:13[0m [[32m[1minfo     [0m] [1mUnregistered agent id=66a51e52...       [0m [36mreq[0m=[35ma6fed0f4[0m
[2m11:57:13[0m [[32m[1minfo     [0m] [1mCleaned up 2 agents for task 43770748...[0m [36mreq[0m=[35ma6fed0f4[0m
[2m11:57:13[0m [[32m[1minfo     [0m] [1mBuilt prompt: id=b2bd4b37..., name=prompt_analyze_cost_data_to_forecast_project_budget_adherence[0m [36mreq[0m=[35ma6fed0f4[0m
[2m11:57:13[0m [[32m[1minfo     [0m] [1mInjecting capability: type=prompt, id=b2bd4b37...[0m [36mreq[0m=[35ma6fed0f4[0m
[2m11:57:13[0m [[32m[1minfo     [0m] [1mLoading topology from database...       [0m [36mreq[0m=[35ma6fed0f4[0m
[2m11:57:13[0m [[32m[1minfo     [0m] [1mMapped 10 skill entries to 9 capabilities[0m [36mreq[0m=[35ma6fed0f4[0m
[2m11:57:13[0m [[32m[1minfo     [0m] [1mTopology validated: 11 agents in 5 waves[0m [36mreq[0m=[35ma6fed0f4[0m
[2m11:57:13[0m [[32m[1minfo     [0m] [1mLoaded 10 skills for topology           [0m [36mreq[0m=[35ma6fed0f4[0m
[2m11:57:13[0m [[32m[1minfo     [0m] [1mTopology loaded: 11 agents, 5 waves     [0m [36mreq[0m=[35ma6fed0f4[0m
[2m11:57:13[0m [[32m[1minfo     [0m] [1mCapability injected successfully: prompt/b2bd4b37...[0m [36mreq[0m=[35ma6fed0f4[0m
[2m11:57:13[0m [[32m[1minfo     [0m] [1mRecorded build attempt: capability=analyze cost data to forecast project budget adherence, success=True, error_type=None[0m [36mreq[0m=[35ma6fed0f4[0m
[2m11:57:13[0m [[32m[1minfo     [0m] [1mGap completed: 5bfea212... -> prompt/b2bd4b37...[0m [36mreq[0m=[35ma6fed0f4[0m
[2m11:57:13[0m [[32m[1minfo     [0m] [1mProcessing gap: ce5c50ec... type=missing_planning_skill, capability=generate a cost comparison report summarizing findings and projections, severity=minor[0m [36mreq[0m=[35ma6fed0f4[0m
[2m11:57:13[0m [[33m[1mwarning  [0m] [1mUnknown gap type 'missing_planning_skill', using generic builder[0m [36mreq[0m=[35ma6fed0f4[0m
[2m11:57:13[0m [[32m[1minfo     [0m] [1mBuilding capability: gap_type=missing_planning_skill, severity=minor, attempt=1, approach=direct[0m [36mreq[0m=[35ma6fed0f4[0m
[2m11:57:13[0m [[32m[1minfo     [0m] [1mDecomposing task id=5a964441..., files=1[0m [36mreq[0m=[35ma6fed0f4[0m
[2m11:57:16[0m [[32m[1minfo     [0m] [1mGetting challenge status: id=2e814422-1759-4268-a992-8493060a2d98[0m [36mreq[0m=[35m2578e96a[0m
[2m11:57:16[0m [[32m[1minfo     [0m] [1mrequest_finished                        [0m [36mduration[0m=[35m0.009[0m [36mmethod[0m=[35mGET[0m [36mpath[0m=[35m/api/v1/challenges/2e814422-1759-4268-a992-8493060a2d98[0m [36mreq[0m=[35m2578e96a[0m [36mrequest_id[0m=[35m2578e96a-520d-4747-9e71-e4d643c764d6[0m [36mstatus[0m=[35m200[0m
[2m11:57:16[0m [[32m[1minfo     [0m] [1mDecomposed task into 3 subtasks, 3 waves[0m [36mreq[0m=[35ma6fed0f4[0m
[2m11:57:16[0m [[32m[1minfo     [0m] [1mExecuting wave 1/3, files=['db/connection.py'][0m [36mreq[0m=[35ma6fed0f4[0m
[2m11:57:16[0m [[32m[1minfo     [0m] [1mRegistered agent id=a5895e5c..., task=5a964441..., file=db/connection.py[0m [36mreq[0m=[35ma6fed0f4[0m
[2m11:57:16[0m [[32m[1minfo     [0m] [1mUpdated agent id=a5895e5c... status=running[0m [36mreq[0m=[35ma6fed0f4[0m
[2m11:57:16[0m [[32m[1minfo     [0m] [1mExecuting agent id=a5895e5c..., file=db/connection.py[0m [36mreq[0m=[35ma6fed0f4[0m
{
    "name": "agent_spawner.spawn_and_execute",
    "context": {
        "trace_id": "0x3f83d3164273adf4aa3e75e091a643e6",
        "span_id": "0xb1d532e48c2d8394",
        "trace_state": "[]"
    },
    "kind": "SpanKind.INTERNAL",
    "parent_id": "0x3830e47269e4334c",
    "start_time": "2026-05-18T11:57:11.005877Z",
    "end_time": "2026-05-18T11:57:13.769276Z",
    "status": {
        "status_code": "UNSET"
    },
    "attributes": {
        "agent.id": "66a51e52-3b30-437f-807a-e5115cdb5b10",
        "agent.task_id": "43770748-82b1-44f5-bf8e-d8c8c91fef89",
        "agent.file_path": "scripts/analyze_budget.py",
        "agent.timeout_seconds": 300,
        "agent.registered": true,
        "agent.success": true,
        "agent.duration_seconds": 2.762998104095459
    },
    "events": [],
    "links": [],
    "resource": {
        "attributes": {
            "telemetry.sdk.language": "python",
            "telemetry.sdk.name": "opentelemetry",
            "telemetry.sdk.version": "1.40.0",
            "service.name": "lumari-backend",
            "service.version": "0.1.0",
            "service.namespace": "lumari",
            "deployment.environment": "development",
            "telemetry.middleware.version": "1.0.0"
        },
        "schema_url": ""
    }
}
{
    "name": "developer_team.execute_wave",
    "context": {
        "trace_id": "0x3f83d3164273adf4aa3e75e091a643e6",
        "span_id": "0x3830e47269e4334c",
        "trace_state": "[]"
    },
    "kind": "SpanKind.INTERNAL",
    "parent_id": "0xf5352a6bbd3c6fa6",
    "start_time": "2026-05-18T11:57:11.005707Z",
    "end_time": "2026-05-18T11:57:13.769618Z",
    "status": {
        "status_code": "UNSET"
    },
    "attributes": {
        "wave.files": [
            "scripts/analyze_budget.py"
        ]
    },
    "events": [],
    "links": [],
    "resource": {
        "attributes": {
            "telemetry.sdk.language": "python",
            "telemetry.sdk.name": "opentelemetry",
            "telemetry.sdk.version": "1.40.0",
            "service.name": "lumari-backend",
            "service.version": "0.1.0",
            "service.namespace": "lumari",
            "deployment.environment": "development",
            "telemetry.middleware.version": "1.0.0"
        },
        "schema_url": ""
    }
}
{
    "name": "developer_team.execute_complex_task",
    "context": {
        "trace_id": "0x3f83d3164273adf4aa3e75e091a643e6",
        "span_id": "0xf5352a6bbd3c6fa6",
        "trace_state": "[]"
    },
    "kind": "SpanKind.INTERNAL",
    "parent_id": null,
    "start_time": "2026-05-18T11:57:05.709797Z",
    "end_time": "2026-05-18T11:57:13.769795Z",
    "status": {
        "status_code": "UNSET"
    },
    "attributes": {
        "task.id": "43770748-82b1-44f5-bf8e-d8c8c91fef89",
        "task.files_count": 1,
        "task.subtasks_count": 2,
        "task.waves_count": 2,
        "task.files_completed": 2,
        "task.files_failed": 0,
        "task.success": true
    },
    "events": [],
    "links": [],
    "resource": {
        "attributes": {
            "telemetry.sdk.language": "python",
            "telemetry.sdk.name": "opentelemetry",
            "telemetry.sdk.version": "1.40.0",
            "service.name": "lumari-backend",
            "service.version": "0.1.0",
            "service.namespace": "lumari",
            "deployment.environment": "development",
            "telemetry.middleware.version": "1.0.0"
        },
        "schema_url": ""
    }
}
{
    "name": "developer_team.decompose_task",
    "context": {
        "trace_id": "0xb310929ff098e16033b4b8603a0d8441",
        "span_id": "0xdfe0b23cd69a73da",
        "trace_state": "[]"
    },
    "kind": "SpanKind.INTERNAL",
    "parent_id": "0x47a6bf0347aa5a21",
    "start_time": "2026-05-18T11:57:13.959619Z",
    "end_time": "2026-05-18T11:57:16.431714Z",
    "status": {
        "status_code": "UNSET"
    },
    "attributes": {},
    "events": [],
    "links": [],
    "resource": {
        "attributes": {
            "telemetry.sdk.language": "python",
            "telemetry.sdk.name": "opentelemetry",
            "telemetry.sdk.version": "1.40.0",
            "service.name": "lumari-backend",
            "service.version": "0.1.0",
            "service.namespace": "lumari",
            "deployment.environment": "development",
            "telemetry.middleware.version": "1.0.0"
        },
        "schema_url": ""
    }
}
[2m11:57:17[0m [[32m[1minfo     [0m] [1mAgent completed id=a5895e5c..., duration=1.43s[0m [36mreq[0m=[35ma6fed0f4[0m
[2m11:57:17[0m [[32m[1minfo     [0m] [1mUpdated agent id=a5895e5c... status=completed[0m [36mreq[0m=[35ma6fed0f4[0m
[2m11:57:17[0m [[32m[1minfo     [0m] [1mExecuting wave 2/3, files=['reports/cost_analyzer.py'][0m [36mreq[0m=[35ma6fed0f4[0m
[2m11:57:17[0m [[32m[1minfo     [0m] [1mRegistered agent id=72be5f8a..., task=5a964441..., file=reports/cost_analyzer.py[0m [36mreq[0m=[35ma6fed0f4[0m
[2m11:57:17[0m [[32m[1minfo     [0m] [1mUpdated agent id=72be5f8a... status=running[0m [36mreq[0m=[35ma6fed0f4[0m
[2m11:57:17[0m [[32m[1minfo     [0m] [1mExecuting agent id=72be5f8a..., file=reports/cost_analyzer.py[0m [36mreq[0m=[35ma6fed0f4[0m
[2m11:57:20[0m [[32m[1minfo     [0m] [1mAgent completed id=72be5f8a..., duration=2.66s[0m [36mreq[0m=[35ma6fed0f4[0m
[2m11:57:20[0m [[32m[1minfo     [0m] [1mUpdated agent id=72be5f8a... status=completed[0m [36mreq[0m=[35ma6fed0f4[0m
[2m11:57:20[0m [[32m[1minfo     [0m] [1mExecuting wave 3/3, files=['prompts/generated/prompt_generate_a_cost_comparison_report_summarizing_findings_and_projections.txt'][0m [36mreq[0m=[35ma6fed0f4[0m
[2m11:57:20[0m [[32m[1minfo     [0m] [1mRegistered agent id=431bee0b..., task=5a964441..., file=prompts/generated/prompt_generate_a_cost_comparison_report_summarizing_findings_and_projections.txt[0m [36mreq[0m=[35ma6fed0f4[0m
[2m11:57:20[0m [[32m[1minfo     [0m] [1mUpdated agent id=431bee0b... status=running[0m [36mreq[0m=[35ma6fed0f4[0m
[2m11:57:20[0m [[32m[1minfo     [0m] [1mExecuting agent id=431bee0b..., file=prompts/generated/prompt_generate_a_cost_comparison_report_summarizing_findings_and_projections.txt[0m [36mreq[0m=[35ma6fed0f4[0m
{
    "name": "agent_spawner.spawn_and_execute",
    "context": {
        "trace_id": "0xb310929ff098e16033b4b8603a0d8441",
        "span_id": "0x0a3d5b70d12d75ff",
        "trace_state": "[]"
    },
    "kind": "SpanKind.INTERNAL",
    "parent_id": "0xaccd8265143ce7cc",
    "start_time": "2026-05-18T11:57:16.432100Z",
    "end_time": "2026-05-18T11:57:17.865067Z",
    "status": {
        "status_code": "UNSET"
    },
    "attributes": {
        "agent.id": "a5895e5c-0d87-426e-8af9-420fe660e722",
        "agent.task_id": "5a964441-2d5e-4bb4-9263-df9cd613fb4b",
        "agent.file_path": "db/connection.py",
        "agent.timeout_seconds": 300,
        "agent.registered": true,
        "agent.success": true,
        "agent.duration_seconds": 1.4326000213623047
    },
    "events": [],
    "links": [],
    "resource": {
        "attributes": {
            "telemetry.sdk.language": "python",
            "telemetry.sdk.name": "opentelemetry",
            "telemetry.sdk.version": "1.40.0",
            "service.name": "lumari-backend",
            "service.version": "0.1.0",
            "service.namespace": "lumari",
            "deployment.environment": "development",
            "telemetry.middleware.version": "1.0.0"
        },
        "schema_url": ""
    }
}
{
    "name": "developer_team.execute_wave",
    "context": {
        "trace_id": "0xb310929ff098e16033b4b8603a0d8441",
        "span_id": "0xaccd8265143ce7cc",
        "trace_state": "[]"
    },
    "kind": "SpanKind.INTERNAL",
    "parent_id": "0x47a6bf0347aa5a21",
    "start_time": "2026-05-18T11:57:16.431832Z",
    "end_time": "2026-05-18T11:57:17.865389Z",
    "status": {
        "status_code": "UNSET"
    },
    "attributes": {
        "wave.files": [
            "db/connection.py"
        ]
    },
    "events": [],
    "links": [],
    "resource": {
        "attributes": {
            "telemetry.sdk.language": "python",
            "telemetry.sdk.name": "opentelemetry",
            "telemetry.sdk.version": "1.40.0",
            "service.name": "lumari-backend",
            "service.version": "0.1.0",
            "service.namespace": "lumari",
            "deployment.environment": "development",
            "telemetry.middleware.version": "1.0.0"
        },
        "schema_url": ""
    }
}
{
    "name": "agent_spawner.spawn_and_execute",
    "context": {
        "trace_id": "0xb310929ff098e16033b4b8603a0d8441",
        "span_id": "0x1272e046ebb1a886",
        "trace_state": "[]"
    },
    "kind": "SpanKind.INTERNAL",
    "parent_id": "0xe22be8cac9e8be5c",
    "start_time": "2026-05-18T11:57:17.865716Z",
    "end_time": "2026-05-18T11:57:20.526834Z",
    "status": {
        "status_code": "UNSET"
    },
    "attributes": {
        "agent.id": "72be5f8a-02fa-4795-bbe9-67642565415e",
        "agent.task_id": "5a964441-2d5e-4bb4-9263-df9cd613fb4b",
        "agent.file_path": "reports/cost_analyzer.py",
        "agent.timeout_seconds": 300,
        "agent.registered": true,
        "agent.success": true,
        "agent.duration_seconds": 2.6608190536499023
    },
    "events": [],
    "links": [],
    "resource": {
        "attributes": {
            "telemetry.sdk.language": "python",
            "telemetry.sdk.name": "opentelemetry",
            "telemetry.sdk.version": "1.40.0",
            "service.name": "lumari-backend",
            "service.version": "0.1.0",
            "service.namespace": "lumari",
            "deployment.environment": "development",
            "telemetry.middleware.version": "1.0.0"
        },
        "schema_url": ""
    }
}
{
    "name": "developer_team.execute_wave",
    "context": {
        "trace_id": "0xb310929ff098e16033b4b8603a0d8441",
        "span_id": "0xe22be8cac9e8be5c",
        "trace_state": "[]"
    },
    "kind": "SpanKind.INTERNAL",
    "parent_id": "0x47a6bf0347aa5a21",
    "start_time": "2026-05-18T11:57:17.865531Z",
    "end_time": "2026-05-18T11:57:20.527086Z",
    "status": {
        "status_code": "UNSET"
    },
    "attributes": {
        "wave.files": [
            "reports/cost_analyzer.py"
        ]
    },
    "events": [],
    "links": [],
    "resource": {
        "attributes": {
            "telemetry.sdk.language": "python",
            "telemetry.sdk.name": "opentelemetry",
            "telemetry.sdk.version": "1.40.0",
            "service.name": "lumari-backend",
            "service.version": "0.1.0",
            "service.namespace": "lumari",
            "deployment.environment": "development",
            "telemetry.middleware.version": "1.0.0"
        },
        "schema_url": ""
    }
}
[2m11:57:22[0m [[32m[1minfo     [0m] [1mAgent completed id=431bee0b..., duration=2.05s[0m [36mreq[0m=[35ma6fed0f4[0m
[2m11:57:22[0m [[32m[1minfo     [0m] [1mUpdated agent id=431bee0b... status=completed[0m [36mreq[0m=[35ma6fed0f4[0m
[2m11:57:22[0m [[32m[1minfo     [0m] [1mUnregistered agent id=a5895e5c...       [0m [36mreq[0m=[35ma6fed0f4[0m
[2m11:57:22[0m [[32m[1minfo     [0m] [1mUnregistered agent id=72be5f8a...       [0m [36mreq[0m=[35ma6fed0f4[0m
[2m11:57:22[0m [[32m[1minfo     [0m] [1mUnregistered agent id=431bee0b...       [0m [36mreq[0m=[35ma6fed0f4[0m
[2m11:57:22[0m [[32m[1minfo     [0m] [1mCleaned up 3 agents for task 5a964441...[0m [36mreq[0m=[35ma6fed0f4[0m
[2m11:57:22[0m [[32m[1minfo     [0m] [1mBuilt prompt: id=3b1eb4b4..., name=prompt_generate_a_cost_comparison_report_summarizing_findings_and_projections[0m [36mreq[0m=[35ma6fed0f4[0m
[2m11:57:22[0m [[32m[1minfo     [0m] [1mInjecting capability: type=prompt, id=3b1eb4b4...[0m [36mreq[0m=[35ma6fed0f4[0m
[2m11:57:22[0m [[32m[1minfo     [0m] [1mLoading topology from database...       [0m [36mreq[0m=[35ma6fed0f4[0m
[2m11:57:22[0m [[32m[1minfo     [0m] [1mMapped 10 skill entries to 9 capabilities[0m [36mreq[0m=[35ma6fed0f4[0m
[2m11:57:22[0m [[32m[1minfo     [0m] [1mTopology validated: 11 agents in 5 waves[0m [36mreq[0m=[35ma6fed0f4[0m
[2m11:57:22[0m [[32m[1minfo     [0m] [1mLoaded 10 skills for topology           [0m [36mreq[0m=[35ma6fed0f4[0m
[2m11:57:22[0m [[32m[1minfo     [0m] [1mTopology loaded: 11 agents, 5 waves     [0m [36mreq[0m=[35ma6fed0f4[0m
[2m11:57:22[0m [[32m[1minfo     [0m] [1mCapability injected successfully: prompt/3b1eb4b4...[0m [36mreq[0m=[35ma6fed0f4[0m
[2m11:57:22[0m [[32m[1minfo     [0m] [1mRecorded build attempt: capability=generate a cost comparison report summarizing findings and projections, success=True, error_type=None[0m [36mreq[0m=[35ma6fed0f4[0m
[2m11:57:22[0m [[32m[1minfo     [0m] [1mGap completed: ce5c50ec... -> prompt/3b1eb4b4...[0m [36mreq[0m=[35ma6fed0f4[0m
[2m11:57:22[0m [[32m[1minfo     [0m] [1mAll gaps processed for plan 97c3f816... [0m [36mreq[0m=[35ma6fed0f4[0m
[2m11:57:22[0m [[32m[1minfo     [0m] [1mCompleted gap plan: 97c3f816..., status=completed, completed=3, failed=0[0m [36mreq[0m=[35ma6fed0f4[0m
[2m11:57:22[0m [[32m[1minfo     [0m] [1mGap plan execution finished: 97c3f816..., completed=3, failed=0, artifacts=3[0m [36mreq[0m=[35ma6fed0f4[0m
[2m11:57:22[0m [[32m[1minfo     [0m] [1mVerifying gap closure after cycle 1, built 3 capabilities[0m [36mreq[0m=[35ma6fed0f4[0m
[2m11:57:22[0m [[32m[1minfo     [0m] [1mGap CLOSED: 'establish database connection to PostgreSQL instance' by skill/72217a17...[0m [36mreq[0m=[35ma6fed0f4[0m
[2m11:57:22[0m [[32m[1minfo     [0m] [1mGap CLOSED: 'analyze cost data to forecast project budget adherence' by prompt/b2bd4b37...[0m [36mreq[0m=[35ma6fed0f4[0m
[2m11:57:22[0m [[32m[1minfo     [0m] [1mGap CLOSED: 'generate a cost comparison report summarizing findings and projections' by prompt/3b1eb4b4...[0m [36mreq[0m=[35ma6fed0f4[0m
[2m11:57:22[0m [[32m[1minfo     [0m] [1mPlan verification complete: 97c3f816..., closed=3/3, all_closed=True[0m [36mreq[0m=[35ma6fed0f4[0m
[2m11:57:22[0m [[32m[1minfo     [0m] [1mVerification result: closed=3/3, all_closed=True[0m [36mreq[0m=[35ma6fed0f4[0m
[2m11:57:22[0m [[32m[1minfo     [0m] [1mChallenge 2e814422... RESOLVED          [0m [36mreq[0m=[35ma6fed0f4[0m
[2m11:57:22[0m [[32m[1minfo     [0m] [1mUSER_NOTIFICATION: Challenge 2e814422... RESOLVED after 1 attempts[0m [36mreq[0m=[35ma6fed0f4[0m
[2m11:57:22[0m [[32m[1minfo     [0m] [1mChallenge RESOLVED after cycle 1: 2e814422... (all 3 gaps closed)[0m [36mreq[0m=[35ma6fed0f4[0m
[2m11:57:22[0m [[32m[1minfo     [0m] [1mCapability building successful: 2e814422-1759-4268-a992-8493060a2d98[0m [36mreq[0m=[35ma6fed0f4[0m
[2m11:57:26[0m [[32m[1minfo     [0m] [1mGetting challenge status: id=2e814422-1759-4268-a992-8493060a2d98[0m [36mreq[0m=[35m50c4f499[0m
[2m11:57:26[0m [[32m[1minfo     [0m] [1mrequest_finished                        [0m [36mduration[0m=[35m0.007[0m [36mmethod[0m=[35mGET[0m [36mpath[0m=[35m/api/v1/challenges/2e814422-1759-4268-a992-8493060a2d98[0m [36mreq[0m=[35m50c4f499[0m [36mrequest_id[0m=[35m50c4f499-d9ca-4dda-8759-7d8c05a508dd[0m [36mstatus[0m=[35m200[0m
[2m11:57:26[0m [[32m[1minfo     [0m] [1mExecuting challenge: id=2e814422-1759-4268-a992-8493060a2d98[0m [36mreq[0m=[35m9f37decb[0m
[2m11:57:26[0m [[32m[1minfo     [0m] [1mrequest_finished                        [0m [36mduration[0m=[35m0.007[0m [36mmethod[0m=[35mPOST[0m [36mpath[0m=[35m/api/v1/challenges/2e814422-1759-4268-a992-8493060a2d98/execute[0m [36mreq[0m=[35m9f37decb[0m [36mrequest_id[0m=[35m9f37decb-3c57-4511-bf28-b8e4b87111bf[0m [36mstatus[0m=[35m200[0m
[2m11:57:26[0m [[32m[1minfo     [0m] [1mStarting background execution: challenge_id=2e814422-1759-4268-a992-8493060a2d98[0m [36mreq[0m=[35m9f37decb[0m
[2m11:57:26[0m [[32m[1minfo     [0m] [1mLoading topology from database...       [0m [36mreq[0m=[35m9f37decb[0m
[2m11:57:26[0m [[32m[1minfo     [0m] [1mMapped 10 skill entries to 9 capabilities[0m [36mreq[0m=[35m9f37decb[0m
[2m11:57:26[0m [[32m[1minfo     [0m] [1mTopology validated: 11 agents in 5 waves[0m [36mreq[0m=[35m9f37decb[0m
[2m11:57:26[0m [[32m[1minfo     [0m] [1mLoaded 10 skills for topology           [0m [36mreq[0m=[35m9f37decb[0m
[2m11:57:26[0m [[32m[1minfo     [0m] [1mTopology loaded: 11 agents, 5 waves     [0m [36mreq[0m=[35m9f37decb[0m
[2m11:57:26[0m [[32m[1minfo     [0m] [1mShared memory initialized with Qdrant   [0m [36mreq[0m=[35m9f37decb[0m
[2m11:57:26[0m [[32m[1minfo     [0m] [1mHybridOrchestrator initialized          [0m [36mreq[0m=[35m9f37decb[0m
[2m11:57:26[0m [[32m[1minfo     [0m] [1mStarting execution: e59d5fe4-66ce-48aa-afa5-d089f731d81d[0m [36mreq[0m=[35m9f37decb[0m
{
    "name": "agent_spawner.spawn_and_execute",
    "context": {
        "trace_id": "0xb310929ff098e16033b4b8603a0d8441",
        "span_id": "0xbcbcdeb9cbe91603",
        "trace_state": "[]"
    },
    "kind": "SpanKind.INTERNAL",
    "parent_id": "0x84077dbb42ce2fc8",
    "start_time": "2026-05-18T11:57:20.527294Z",
    "end_time": "2026-05-18T11:57:22.575815Z",
    "status": {
        "status_code": "UNSET"
    },
    "attributes": {
        "agent.id": "431bee0b-2d13-40a9-bdd7-fe479d8bdc8d",
        "agent.task_id": "5a964441-2d5e-4bb4-9263-df9cd613fb4b",
        "agent.file_path": "prompts/generated/prompt_generate_a_cost_comparison_report_summarizing_findings_and_projections.txt",
        "agent.timeout_seconds": 300,
        "agent.registered": true,
        "agent.success": true,
        "agent.duration_seconds": 2.048219919204712
    },
    "events": [],
    "links": [],
    "resource": {
        "attributes": {
            "telemetry.sdk.language": "python",
            "telemetry.sdk.name": "opentelemetry",
            "telemetry.sdk.version": "1.40.0",
            "service.name": "lumari-backend",
            "service.version": "0.1.0",
            "service.namespace": "lumari",
            "deployment.environment": "development",
            "telemetry.middleware.version": "1.0.0"
        },
        "schema_url": ""
    }
}
{
    "name": "developer_team.execute_wave",
    "context": {
        "trace_id": "0xb310929ff098e16033b4b8603a0d8441",
        "span_id": "0x84077dbb42ce2fc8",
        "trace_state": "[]"
    },
    "kind": "SpanKind.INTERNAL",
    "parent_id": "0x47a6bf0347aa5a21",
    "start_time": "2026-05-18T11:57:20.527192Z",
    "end_time": "2026-05-18T11:57:22.576109Z",
    "status": {
        "status_code": "UNSET"
    },
    "attributes": {
        "wave.files": [
            "prompts/generated/prompt_generate_a_cost_comparison_report_summarizing_findings_and_projections.txt"
        ]
    },
    "events": [],
    "links": [],
    "resource": {
        "attributes": {
            "telemetry.sdk.language": "python",
            "telemetry.sdk.name": "opentelemetry",
            "telemetry.sdk.version": "1.40.0",
            "service.name": "lumari-backend",
            "service.version": "0.1.0",
            "service.namespace": "lumari",
            "deployment.environment": "development",
            "telemetry.middleware.version": "1.0.0"
        },
        "schema_url": ""
    }
}
{
    "name": "developer_team.execute_complex_task",
    "context": {
        "trace_id": "0xb310929ff098e16033b4b8603a0d8441",
        "span_id": "0x47a6bf0347aa5a21",
        "trace_state": "[]"
    },
    "kind": "SpanKind.INTERNAL",
    "parent_id": null,
    "start_time": "2026-05-18T11:57:13.959559Z",
    "end_time": "2026-05-18T11:57:22.576284Z",
    "status": {
        "status_code": "UNSET"
    },
    "attributes": {
        "task.id": "5a964441-2d5e-4bb4-9263-df9cd613fb4b",
        "task.files_count": 1,
        "task.subtasks_count": 3,
        "task.waves_count": 3,
        "task.files_completed": 3,
        "task.files_failed": 0,
        "task.success": true
    },
    "events": [],
    "links": [],
    "resource": {
        "attributes": {
            "telemetry.sdk.language": "python",
            "telemetry.sdk.name": "opentelemetry",
            "telemetry.sdk.version": "1.40.0",
            "service.name": "lumari-backend",
            "service.version": "0.1.0",
            "service.namespace": "lumari",
            "deployment.environment": "development",
            "telemetry.middleware.version": "1.0.0"
        },
        "schema_url": ""
    }
}
[2m11:57:29[0m [[32m[1minfo     [0m] [1mTeamAssembler meldet Gaps: 1 fehlende Capabilities[0m [36mreq[0m=[35m9f37decb[0m
[2m11:57:29[0m [[32m[1minfo     [0m] [1mLoading topology from database...       [0m [36mreq[0m=[35m9f37decb[0m
[2m11:57:29[0m [[32m[1minfo     [0m] [1mMapped 10 skill entries to 9 capabilities[0m [36mreq[0m=[35m9f37decb[0m
[2m11:57:29[0m [[32m[1minfo     [0m] [1mTopology validated: 11 agents in 5 waves[0m [36mreq[0m=[35m9f37decb[0m
[2m11:57:29[0m [[32m[1minfo     [0m] [1mLoaded 10 skills for topology           [0m [36mreq[0m=[35m9f37decb[0m
[2m11:57:29[0m [[32m[1minfo     [0m] [1mTopology loaded: 11 agents, 5 waves     [0m [36mreq[0m=[35m9f37decb[0m
[2m11:57:29[0m [[32m[1minfo     [0m] [1mRuntimeAgentRegistry initialized with max_concurrent=5[0m [36mreq[0m=[35m9f37decb[0m
[2m11:57:29[0m [[32m[1minfo     [0m] [1mbuild_on_demand: building skill for 'Direkter SQL-Datenbank-Konnektor (die verfügbaren Agenten sind auf generische Textverarbeitung spezialisiert, der Zugriff auf die Datenbank muss über die Skill-Ebene der Agenten abstrahiert werden)'[0m [36mreq[0m=[35m9f37decb[0m
[2m11:57:29[0m [[32m[1minfo     [0m] [1mStarting team-based skill development for: Direkter SQL-Datenbank-Konnektor (die verfügbaren Agenten sind auf generische Textverarbeitung spezialisiert, der Zugriff auf die Datenbank muss über die Skill-Ebene der Agenten abstrahiert werden)[0m [36mreq[0m=[35m9f37decb[0m
[2m11:57:29[0m [[32m[1minfo     [0m] [1mResearching capability: Direkter SQL-Datenbank-Konnektor (die verfügbaren Agenten sind auf generische Textverarbeitung spezialisiert, der Zugriff auf die Datenbank muss über die Skill-Ebene der Agenten abstrahiert werden)[0m [36mreq[0m=[35m9f37decb[0m
[2m11:57:29[0m [[32m[1minfo     [0m] [1mresponse: https://en.wikipedia.org/w/api.php?action=opensearch&profile=fuzzy&limit=1&search=python%20Direkter%20SQL-Datenbank-Konnektor%20%28die%20verf%C3%BCgbaren%20Agenten%20sind%20auf%20generische%20Textverarbeitung%20spezialisiert%2C%20der%20Zugriff%20auf%20die%20Datenbank%20muss%20%C3%BCber%20die%20Skill-Ebene%20der%20Agenten%20abstrahiert%20werden%29%20implementation%20example%20code 200[0m
[2m11:57:29[0m [[32m[1minfo     [0m] [1mresponse: https://grokipedia.com/api/typeahead?query=python+Direkter+SQL-Datenbank-Konnektor+%28die+verf%C3%BCgbaren+Agenten+sind+auf+generische+Textverarbeitung+spezialisiert%2C+der+Zugriff+auf+die+Datenbank+muss+%C3%BCber+die+Skill-Ebene+der+Agenten+abstrahiert+werden%29+implementation+example+code&limit=1 200[0m
[2m11:57:29[0m [[32m[1minfo     [0m] [1mresponse: https://html.duckduckgo.com/html/ 202[0m
[2m11:57:30[0m [[32m[1minfo     [0m] [1mresponse: https://search.brave.com/search?q=python+Direkter+SQL-Datenbank-Konnektor+%28die+verf%C3%BCgbaren+Agenten+sind+auf+generische+Textverarbeitung+spezialisiert%2C+der+Zugriff+auf+die+Datenbank+muss+%C3%BCber+die+Skill-Ebene+der+Agenten+abstrahiert+werden%29+implementation+example+code&source=web 429[0m
[2m11:57:31[0m [[32m[1minfo     [0m] [1mresponse: https://www.mojeek.com/search?q=python+Direkter+SQL-Datenbank-Konnektor+%28die+verf%C3%BCgbaren+Agenten+sind+auf+generische+Textverarbeitung+spezialisiert%2C+der+Zugriff+auf+die+Datenbank+muss+%C3%BCber+die+Skill-Ebene+der+Agenten+abstrahiert+werden%29+implementation+example+code 200[0m
[2m11:57:31[0m [[32m[1minfo     [0m] [1mresponse: https://www.google.com/search?q=python+Direkter+SQL-Datenbank-Konnektor+%28die+verf%C3%BCgbaren+Agenten+sind+auf+generische+Textverarbeitung+spezialisiert%2C+der+Zugriff+auf+die+Datenbank+muss+%C3%BCber+die+Skill-Ebene+der+Agenten+abstrahiert+werden%29+implementation+example+code&filter=1&start=0&hl=en-US&lr=lang_en&cr=countryUS 200[0m
[2m11:57:32[0m [[32m[1minfo     [0m] [1mresponse: https://consent.yahoo.com/v2/collectConsent?sessionId=3_cc-session_2ed8de03-b554-41d6-8123-aecb14c26b75 200[0m
[2m11:57:33[0m [[32m[1minfo     [0m] [1mresponse: https://yandex.com/search/site/?text=python+Direkter+SQL-Datenbank-Konnektor+%28die+verf%C3%BCgbaren+Agenten+sind+auf+generische+Textverarbeitung+spezialisiert%2C+der+Zugriff+auf+die+Datenbank+muss+%C3%BCber+die+Skill-Ebene+der+Agenten+abstrahiert+werden%29+implementation+example+code&web=1&searchid=4042966 200[0m
[2m11:57:33[0m [[32m[1minfo     [0m] [1mWeb search for 'python Direkter SQL-Datenbank-Konnektor (die verfügbaren Age' returned 5 results[0m [36mreq[0m=[35m9f37decb[0m
[2m11:57:36[0m [[32m[1minfo     [0m] [1mGetting challenge status: id=2e814422-1759-4268-a992-8493060a2d98[0m [36mreq[0m=[35m0ed1a0e5[0m
[2m11:57:36[0m [[32m[1minfo     [0m] [1mrequest_finished                        [0m [36mduration[0m=[35m0.009[0m [36mmethod[0m=[35mGET[0m [36mpath[0m=[35m/api/v1/challenges/2e814422-1759-4268-a992-8493060a2d98[0m [36mreq[0m=[35m0ed1a0e5[0m [36mrequest_id[0m=[35m0ed1a0e5-6d6f-4663-94ad-7f1dcc78618a[0m [36mstatus[0m=[35m200[0m
[2m11:57:37[0m [[32m[1minfo     [0m] [1mSummarized 6 sources into 3534 chars    [0m [36mreq[0m=[35m9f37decb[0m
[2m11:57:37[0m [[32m[1minfo     [0m] [1mResearch complete for Direkter SQL-Datenbank-Konnektor (die verfügbaren Agenten sind auf generische Textverarbeitung spezialisiert, der Zugriff auf die Datenbank muss über die Skill-Ebene der Agenten abstrahiert werden): pip=['psycopg2-binary'], examples=1[0m [36mreq[0m=[35m9f37decb[0m
[2m11:57:37[0m [[32m[1minfo     [0m] [1mResearch complete: 1 packages found     [0m [36mreq[0m=[35m9f37decb[0m
[2m11:57:40[0m [[32m[1minfo     [0m] [1mArchitecture complete: 1 test cases defined[0m [36mreq[0m=[35m9f37decb[0m
[2m11:57:40[0m [[32m[1minfo     [0m] [1mSession start: iteration=1/10, pip=1, apt=0[0m [36mreq[0m=[35m9f37decb[0m
[2m11:57:40[0m [[32m[1minfo     [0m] [1mDocker client connected successfully    [0m [36mreq[0m=[35m9f37decb[0m
[2m11:57:40[0m [[32m[1minfo     [0m] [1mSession container created: 625738ce259a [0m [36mreq[0m=[35m9f37decb[0m
[2m11:57:40[0m [[32m[1minfo     [0m] [1mInstalling pip packages: "psycopg2-binary"[0m [36mreq[0m=[35m9f37decb[0m
[2m11:57:42[0m [[32m[1minfo     [0m] [1mPip packages installed successfully     [0m [36mreq[0m=[35m9f37decb[0m
[2m11:57:42[0m [[32m[1minfo     [0m] [1mImplementation iteration 1/10           [0m [36mreq[0m=[35m9f37decb[0m
[2m11:57:43[0m [[32m[1minfo     [0m] [1mProaktiv erkannte neue Packages: ['sqlalchemy'][0m [36mreq[0m=[35m9f37decb[0m
[2m11:57:46[0m [[32m[1minfo     [0m] [1mGetting challenge status: id=2e814422-1759-4268-a992-8493060a2d98[0m [36mreq[0m=[35me456d603[0m
[2m11:57:46[0m [[32m[1minfo     [0m] [1mrequest_finished                        [0m [36mduration[0m=[35m0.016[0m [36mmethod[0m=[35mGET[0m [36mpath[0m=[35m/api/v1/challenges/2e814422-1759-4268-a992-8493060a2d98[0m [36mreq[0m=[35me456d603[0m [36mrequest_id[0m=[35me456d603-b39a-4278-ad62-c91dee476b36[0m [36mstatus[0m=[35m200[0m
[2m11:57:49[0m [[32m[1minfo     [0m] [1mSession start: iteration=2/10, pip=2, apt=0[0m [36mreq[0m=[35m9f37decb[0m
[2m11:57:49[0m [[32m[1minfo     [0m] [1mSession container created: 5bc42e6c22d8 [0m [36mreq[0m=[35m9f37decb[0m
[2m11:57:49[0m [[32m[1minfo     [0m] [1mInstalling pip packages: "psycopg2-binary" "sqlalchemy"[0m [36mreq[0m=[35m9f37decb[0m
[2m11:57:52[0m [[32m[1minfo     [0m] [1mPip packages installed successfully     [0m [36mreq[0m=[35m9f37decb[0m
[2m11:57:52[0m [[32m[1minfo     [0m] [1mImplementation iteration 2/10           [0m [36mreq[0m=[35m9f37decb[0m
[2m11:57:52[0m [[32m[1minfo     [0m] [1mImplementation erfolgreich nach 2 Iterationen[0m [36mreq[0m=[35m9f37decb[0m
[2m11:57:56[0m [[32m[1minfo     [0m] [1mGetting challenge status: id=2e814422-1759-4268-a992-8493060a2d98[0m [36mreq[0m=[35md69e9d24[0m
[2m11:57:56[0m [[32m[1minfo     [0m] [1mrequest_finished                        [0m [36mduration[0m=[35m0.008[0m [36mmethod[0m=[35mGET[0m [36mpath[0m=[35m/api/v1/challenges/2e814422-1759-4268-a992-8493060a2d98[0m [36mreq[0m=[35md69e9d24[0m [36mrequest_id[0m=[35md69e9d24-efd0-47ce-912d-d3c7b98e1c15[0m [36mstatus[0m=[35m200[0m
[2m11:57:57[0m [[32m[1minfo     [0m] [1mReview iteration 1/2                    [0m [36mreq[0m=[35m9f37decb[0m
[2m11:58:02[0m [[32m[1minfo     [0m] [1mStarting sandbox execution: pip=['psycopg2-binary', 'sqlalchemy'], apt=[], input_files=[][0m [36mreq[0m=[35m9f37decb[0m
[2m11:58:03[0m [[32m[1minfo     [0m] [1mInstalling pip packages: "psycopg2-binary" "sqlalchemy"[0m [36mreq[0m=[35m9f37decb[0m
[2m11:58:05[0m [[32m[1minfo     [0m] [1mPip packages installed successfully     [0m [36mreq[0m=[35m9f37decb[0m
[2m11:58:05[0m [[33m[1mwarning  [0m] [1mCode execution failed (exit=1): Traceback (most recent call last):
  File "/workspace/script.py", line 1, in <module>
    import sqlparse
ModuleNotFoundError: No module named 'sqlparse'
[0m [36mreq[0m=[35m9f37decb[0m
[2m11:58:05[0m [[32m[1minfo     [0m] [1mSandbox execution complete: success=False, time=2853ms, cached=False[0m [36mreq[0m=[35m9f37decb[0m
[2m11:58:06[0m [[32m[1minfo     [0m] [1mGetting challenge status: id=2e814422-1759-4268-a992-8493060a2d98[0m [36mreq[0m=[35m782adea4[0m
[2m11:58:06[0m [[32m[1minfo     [0m] [1mrequest_finished                        [0m [36mduration[0m=[35m0.006[0m [36mmethod[0m=[35mGET[0m [36mpath[0m=[35m/api/v1/challenges/2e814422-1759-4268-a992-8493060a2d98[0m [36mreq[0m=[35m782adea4[0m [36mrequest_id[0m=[35m782adea4-95c2-433b-96fb-943f0689a7cb[0m [36mstatus[0m=[35m200[0m
[2m11:58:11[0m [[33m[1mwarning  [0m] [1mRevision broke the code: Traceback (most recent call last):
  File "/workspace/script.py", line 1, in <module>
    import sqlparse
ModuleNotFoundError: No module named 'sqlparse'
. Reverting to pre-review code.[0m [36mreq[0m=[35m9f37decb[0m
[2m11:58:11[0m [[32m[1minfo     [0m] [1mStarting sandbox execution: pip=['psycopg2-binary', 'sqlalchemy'], apt=[], input_files=[][0m [36mreq[0m=[35m9f37decb[0m
[2m11:58:11[0m [[32m[1minfo     [0m] [1mInstalling pip packages: "psycopg2-binary" "sqlalchemy"[0m [36mreq[0m=[35m9f37decb[0m
[2m11:58:14[0m [[32m[1minfo     [0m] [1mPip packages installed successfully     [0m [36mreq[0m=[35m9f37decb[0m
[2m11:58:14[0m [[32m[1minfo     [0m] [1mSandbox execution complete: success=True, time=3493ms, cached=False[0m [36mreq[0m=[35m9f37decb[0m
[2m11:58:16[0m [[32m[1minfo     [0m] [1mGetting challenge status: id=2e814422-1759-4268-a992-8493060a2d98[0m [36mreq[0m=[35m2e5dc263[0m
[2m11:58:16[0m [[32m[1minfo     [0m] [1mrequest_finished                        [0m [36mduration[0m=[35m0.013[0m [36mmethod[0m=[35mGET[0m [36mpath[0m=[35m/api/v1/challenges/2e814422-1759-4268-a992-8493060a2d98[0m [36mreq[0m=[35m2e5dc263[0m [36mrequest_id[0m=[35m2e5dc263-07ab-4a97-835e-946d29a0e583[0m [36mstatus[0m=[35m200[0m
[2m11:58:19[0m [[32m[1minfo     [0m] [1mCreated new skill: f579e985-f195-4cde-9628-51f00da3bc94[0m [36mreq[0m=[35m9f37decb[0m
[2m11:58:19[0m [[32m[1minfo     [0m] [1mRecorded build attempt: capability=Direkter SQL-Datenbank-Konnektor (die verfügbaren Agenten sind auf generische Textverarbeitung spezialisiert, der Zugriff auf die Datenbank muss über die Skill-Ebene der Agenten abstrahiert werden), success=True, error_type=None[0m [36mreq[0m=[35m9f37decb[0m
[2m11:58:19[0m [[32m[1minfo     [0m] [1mSkill development complete: skill_direkter_sql_datenbank_konnektor_(die_verfügbaren_agenten_sind_auf_generische_textverarbeitung_spezialisiert,_der_zugriff_auf_die_datenbank_muss_über_die_skill_ebene_der_agenten_abstrahiert_werden) in 50771ms[0m [36mreq[0m=[35m9f37decb[0m
[2m11:58:19[0m [[32m[1minfo     [0m] [1mInjecting skill f579e985... with plan: target_agent=7eab52e8..., rationale=The context_retriever is the most appropriate agent to handle database interactions, as its primary purpose is fetching relevant information from external data sources to inform other agents.[0m [36mreq[0m=[35m9f37decb[0m
[2m11:58:19[0m [[32m[1minfo     [0m] [1mCreated skill binding: skill=f579e985... -> agent=7eab52e8...[0m [36mreq[0m=[35m9f37decb[0m
[2m11:58:20[0m [[32m[1minfo     [0m] [1mLoading topology from database...       [0m [36mreq[0m=[35m9f37decb[0m
[2m11:58:20[0m [[32m[1minfo     [0m] [1mMapped 11 skill entries to 9 capabilities[0m [36mreq[0m=[35m9f37decb[0m
[2m11:58:20[0m [[32m[1minfo     [0m] [1mTopology validated: 11 agents in 5 waves[0m [36mreq[0m=[35m9f37decb[0m
[2m11:58:20[0m [[32m[1minfo     [0m] [1mLoaded 11 skills for topology           [0m [36mreq[0m=[35m9f37decb[0m
[2m11:58:20[0m [[32m[1minfo     [0m] [1mTopology loaded: 11 agents, 5 waves     [0m [36mreq[0m=[35m9f37decb[0m
[2m11:58:20[0m [[32m[1minfo     [0m] [1mPlan-based injection complete: skill=f579e985... -> agent=context_retriever[0m [36mreq[0m=[35m9f37decb[0m
[2m11:58:20[0m [[32m[1minfo     [0m] [1mbuild_on_demand: skill 'skill_direkter_sql_datenbank_konnektor_(die_verfügbaren_agenten_sind_auf_generische_textverarbeitung_spezialisiert,_der_zugriff_auf_die_datenbank_muss_über_die_skill_ebene_der_agenten_abstrahiert_werden)' built and injected (inject_ok=True, msg=Skill injected and bound to agent 'context_retriever' via architect plan)[0m [36mreq[0m=[35m9f37decb[0m
[2m11:58:22[0m [[33m[1mwarning  [0m] [1mTeam assembly: Gaps nach Gap-Build noch offen, Fallback[0m [36mreq[0m=[35m9f37decb[0m
[2m11:58:22[0m [[32m[1minfo     [0m] [1mLoading topology from database...       [0m [36mreq[0m=[35m9f37decb[0m
[2m11:58:22[0m [[32m[1minfo     [0m] [1mMapped 11 skill entries to 9 capabilities[0m [36mreq[0m=[35m9f37decb[0m
[2m11:58:22[0m [[32m[1minfo     [0m] [1mTopology validated: 11 agents in 5 waves[0m [36mreq[0m=[35m9f37decb[0m
[2m11:58:22[0m [[32m[1minfo     [0m] [1mLoaded 11 skills for topology           [0m [36mreq[0m=[35m9f37decb[0m
[2m11:58:22[0m [[32m[1minfo     [0m] [1mTopology loaded: 11 agents, 5 waves     [0m [36mreq[0m=[35m9f37decb[0m
[2m11:58:22[0m [[32m[1minfo     [0m] [1mDocker client connected successfully    [0m [36mreq[0m=[35m9f37decb[0m
[2m11:58:22[0m [[32m[1minfo     [0m] [1mCreated DynamicSandbox executor (Docker-based, unrestricted)[0m [36mreq[0m=[35m9f37decb[0m
[2m11:58:22[0m [[32m[1minfo     [0m] [1mLoading topology from database...       [0m [36mreq[0m=[35m9f37decb[0m
[2m11:58:22[0m [[32m[1minfo     [0m] [1mMapped 11 skill entries to 9 capabilities[0m [36mreq[0m=[35m9f37decb[0m
[2m11:58:22[0m [[32m[1minfo     [0m] [1mTopology validated: 11 agents in 5 waves[0m [36mreq[0m=[35m9f37decb[0m
[2m11:58:22[0m [[32m[1minfo     [0m] [1mLoaded 11 skills for topology           [0m [36mreq[0m=[35m9f37decb[0m
[2m11:58:22[0m [[32m[1minfo     [0m] [1mTopology loaded: 11 agents, 5 waves     [0m [36mreq[0m=[35m9f37decb[0m
[2m11:58:22[0m [[32m[1minfo     [0m] [1mRuntimeAgentRegistry initialized with max_concurrent=5[0m [36mreq[0m=[35m9f37decb[0m
[2m11:58:22[0m [[32m[1minfo     [0m] [1mExecuting wave 1/5: ['b2972519-389d-4c28-b232-f7fc483725f6', '89bbc5ee-1be6-41d6-93f1-a3e688122d9c', '73b1df33-d616-42b7-9681-a6b7053ec062', 'ba9c6211-ea51-445d-8046-24986542cf64'][0m [36mreq[0m=[35m9f37decb[0m
[2m11:58:22[0m [[32m[1minfo     [0m] [1mSkipping dev-team agent 'product_owner' in execution wave[0m [36mreq[0m=[35m9f37decb[0m
[2m11:58:22[0m [[32m[1minfo     [0m] [1mSkipping dev-team agent 'quality_judge' in execution wave[0m [36mreq[0m=[35m9f37decb[0m
[2m11:58:22[0m [[32m[1minfo     [0m] [1mSkipping dev-team agent 'execution_analyzer' in execution wave[0m [36mreq[0m=[35m9f37decb[0m
[2m11:58:22[0m [[32m[1minfo     [0m] [1mExecuting agent: transcript_analyzer (b2972519-389d-4c28-b232-f7fc483725f6)[0m [36mreq[0m=[35m9f37decb[0m
[2m11:58:22[0m [[32m[1minfo     [0m] [1mshared_memory_metrics agent=transcript_analyzer facts_kept=5 facts_total=8 hypotheses=0 relations=0 approx_tokens=692 query_chars=536[0m [36mreq[0m=[35m9f37decb[0m
[2m11:58:24[0m [[32m[1minfo     [0m] [1mTool call 1/15: skill_direkter_sql_datenbank_konnektor_(die_verfügbaren_agenten_nutzen_generische_skills,_die_eine_abstraktion_der_datenbankverbindung_voraussetzen)[0m [36mreq[0m=[35m9f37decb[0m
[2m11:58:24[0m [[32m[1minfo     [0m] [1mStarting sandbox execution: pip=['psycopg2-binary', 'sqlalchemy'], apt=[], input_files=[][0m [36mreq[0m=[35m9f37decb[0m
[2m11:58:24[0m [[32m[1minfo     [0m] [1mFound cached image: lumari-sandbox:custom-95cd1c6e (usage=28)[0m [36mreq[0m=[35m9f37decb[0m
[2m11:58:24[0m [[32m[1minfo     [0m] [1mUsing cached image: lumari-sandbox:custom-95cd1c6e[0m [36mreq[0m=[35m9f37decb[0m
[2m11:58:24[0m [[32m[1minfo     [0m] [1mSandbox execution complete: success=True, time=535ms, cached=True[0m [36mreq[0m=[35m9f37decb[0m
[2m11:58:26[0m [[32m[1minfo     [0m] [1mGetting challenge status: id=2e814422-1759-4268-a992-8493060a2d98[0m [36mreq[0m=[35m39d22aa1[0m
[2m11:58:26[0m [[32m[1minfo     [0m] [1mrequest_finished                        [0m [36mduration[0m=[35m0.009[0m [36mmethod[0m=[35mGET[0m [36mpath[0m=[35m/api/v1/challenges/2e814422-1759-4268-a992-8493060a2d98[0m [36mreq[0m=[35m39d22aa1[0m [36mrequest_id[0m=[35m39d22aa1-2f60-45fc-9aa6-e07ac35fc4c2[0m [36mstatus[0m=[35m200[0m
[2m11:58:30[0m [[32m[1minfo     [0m] [1mTool call 2/15: skill_execute_sql_queries_to_list_database_tables[0m [36mreq[0m=[35m9f37decb[0m
[2m11:58:30[0m [[32m[1minfo     [0m] [1mStarting sandbox execution: pip=['psycopg2-binary', 'sqlalchemy'], apt=[], input_files=[][0m [36mreq[0m=[35m9f37decb[0m
[2m11:58:30[0m [[32m[1minfo     [0m] [1mFound cached image: lumari-sandbox:custom-95cd1c6e (usage=29)[0m [36mreq[0m=[35m9f37decb[0m
[2m11:58:30[0m [[32m[1minfo     [0m] [1mUsing cached image: lumari-sandbox:custom-95cd1c6e[0m [36mreq[0m=[35m9f37decb[0m
[2m11:58:31[0m [[32m[1minfo     [0m] [1mSandbox execution complete: success=True, time=481ms, cached=True[0m [36mreq[0m=[35m9f37decb[0m
[2m11:58:36[0m [[32m[1minfo     [0m] [1mGetting challenge status: id=2e814422-1759-4268-a992-8493060a2d98[0m [36mreq[0m=[35mbcd573b4[0m
[2m11:58:36[0m [[32m[1minfo     [0m] [1mrequest_finished                        [0m [36mduration[0m=[35m0.007[0m [36mmethod[0m=[35mGET[0m [36mpath[0m=[35m/api/v1/challenges/2e814422-1759-4268-a992-8493060a2d98[0m [36mreq[0m=[35mbcd573b4[0m [36mrequest_id[0m=[35mbcd573b4-2784-497e-be29-60ada7a7f269[0m [36mstatus[0m=[35m200[0m
[2m11:58:37[0m [[32m[1minfo     [0m] [1mAgent transcript_analyzer returned final answer after 2 tool calls[0m [36mreq[0m=[35m9f37decb[0m
[2m11:58:38[0m [[32m[1minfo     [0m] [1mAgent transcript_analyzer completed     [0m [36mreq[0m=[35m9f37decb[0m
[2m11:58:38[0m [[32m[1minfo     [0m] [1mWave 1 agent 'transcript_analyzer' completed: success=True, skipped=False, result_len=571[0m [36mreq[0m=[35m9f37decb[0m
[2m11:58:38[0m [[32m[1minfo     [0m] [1mExecuting wave 2/5: ['7eab52e8-a142-4154-a4a2-1cd6172eab46', '4842fd71-80d9-4aed-b00a-61c4a1d60407'][0m [36mreq[0m=[35m9f37decb[0m
[2m11:58:38[0m [[32m[1minfo     [0m] [1mSkipping dev-team agent 'control_agent' in execution wave[0m [36mreq[0m=[35m9f37decb[0m
[2m11:58:38[0m [[32m[1minfo     [0m] [1mExecuting agent: context_retriever (7eab52e8-a142-4154-a4a2-1cd6172eab46)[0m [36mreq[0m=[35m9f37decb[0m
[2m11:58:39[0m [[32m[1minfo     [0m] [1mTool call 1/15: skill_execute_sql_queries_to_list_database_tables[0m [36mreq[0m=[35m9f37decb[0m
[2m11:58:39[0m [[32m[1minfo     [0m] [1mStarting sandbox execution: pip=['psycopg2-binary', 'sqlalchemy'], apt=[], input_files=[][0m [36mreq[0m=[35m9f37decb[0m
[2m11:58:39[0m [[32m[1minfo     [0m] [1mFound cached image: lumari-sandbox:custom-95cd1c6e (usage=30)[0m [36mreq[0m=[35m9f37decb[0m
[2m11:58:39[0m [[32m[1minfo     [0m] [1mUsing cached image: lumari-sandbox:custom-95cd1c6e[0m [36mreq[0m=[35m9f37decb[0m
[2m11:58:39[0m [[32m[1minfo     [0m] [1mSandbox execution complete: success=True, time=488ms, cached=True[0m [36mreq[0m=[35m9f37decb[0m
[2m11:58:46[0m [[32m[1minfo     [0m] [1mGetting challenge status: id=2e814422-1759-4268-a992-8493060a2d98[0m [36mreq[0m=[35me97608ab[0m
[2m11:58:46[0m [[32m[1minfo     [0m] [1mrequest_finished                        [0m [36mduration[0m=[35m0.009[0m [36mmethod[0m=[35mGET[0m [36mpath[0m=[35m/api/v1/challenges/2e814422-1759-4268-a992-8493060a2d98[0m [36mreq[0m=[35me97608ab[0m [36mrequest_id[0m=[35me97608ab-0761-463a-8a8f-6e8e019b2336[0m [36mstatus[0m=[35m200[0m
[2m11:58:46[0m [[32m[1minfo     [0m] [1mAgent context_retriever returned final answer after 1 tool calls[0m [36mreq[0m=[35m9f37decb[0m
[2m11:58:46[0m [[32m[1minfo     [0m] [1mAgent context_retriever completed       [0m [36mreq[0m=[35m9f37decb[0m
[2m11:58:46[0m [[32m[1minfo     [0m] [1mWave 2 agent 'context_retriever' completed: success=True, skipped=False, result_len=712[0m [36mreq[0m=[35m9f37decb[0m
[2m11:58:46[0m [[32m[1minfo     [0m] [1mExecuting wave 3/5: ['bc9b7c24-be22-4edb-9f80-55721c052340', '03c7ecc0-d8de-4c8f-9638-19909c3d0cf4', 'e76607a6-a46b-4d58-8003-b849ea6d8785'][0m [36mreq[0m=[35m9f37decb[0m
[2m11:58:46[0m [[32m[1minfo     [0m] [1mSkipping dev-team agent 'prompt_engineer' in execution wave[0m [36mreq[0m=[35m9f37decb[0m
[2m11:58:46[0m [[32m[1minfo     [0m] [1mSkipping dev-team agent 'tool_builder' in execution wave[0m [36mreq[0m=[35m9f37decb[0m
[2m11:58:46[0m [[32m[1minfo     [0m] [1mExecuting agent: report_generator (bc9b7c24-be22-4edb-9f80-55721c052340)[0m [36mreq[0m=[35m9f37decb[0m
[2m11:58:48[0m [[32m[1minfo     [0m] [1mAgent report_generator returned final answer after 0 tool calls[0m [36mreq[0m=[35m9f37decb[0m
[2m11:58:49[0m [[32m[1minfo     [0m] [1mAgent report_generator completed        [0m [36mreq[0m=[35m9f37decb[0m
[2m11:58:49[0m [[32m[1minfo     [0m] [1mWave 3 agent 'report_generator' completed: success=True, skipped=False, result_len=1500[0m [36mreq[0m=[35m9f37decb[0m
[2m11:58:49[0m [[32m[1minfo     [0m] [1mExecuting wave 4/5: ['b7cb497a-e30c-4e2d-8aaa-b1ec8e9bbf38'][0m [36mreq[0m=[35m9f37decb[0m
[2m11:58:49[0m [[32m[1minfo     [0m] [1mExecuting agent: quality_validator (b7cb497a-e30c-4e2d-8aaa-b1ec8e9bbf38)[0m [36mreq[0m=[35m9f37decb[0m
[2m11:58:50[0m [[32m[1minfo     [0m] [1mAgent quality_validator returned final answer after 0 tool calls[0m [36mreq[0m=[35m9f37decb[0m
[2m11:58:50[0m [[32m[1minfo     [0m] [1mAgent quality_validator completed       [0m [36mreq[0m=[35m9f37decb[0m
[2m11:58:50[0m [[32m[1minfo     [0m] [1mWave 4 agent 'quality_validator' completed: success=True, skipped=False, result_len=244[0m [36mreq[0m=[35m9f37decb[0m
[2m11:58:50[0m [[32m[1minfo     [0m] [1mExecuting wave 5/5: ['4920a302-a1e9-4c8b-95f4-afd7adbda99a'][0m [36mreq[0m=[35m9f37decb[0m
[2m11:58:50[0m [[32m[1minfo     [0m] [1mExecuting agent: report_finalizer (4920a302-a1e9-4c8b-95f4-afd7adbda99a)[0m [36mreq[0m=[35m9f37decb[0m
[2m11:58:52[0m [[32m[1minfo     [0m] [1mAgent report_finalizer returned final answer after 0 tool calls[0m [36mreq[0m=[35m9f37decb[0m
[2m11:58:52[0m [[32m[1minfo     [0m] [1mAgent report_finalizer completed        [0m [36mreq[0m=[35m9f37decb[0m
[2m11:58:52[0m [[32m[1minfo     [0m] [1mWave 5 agent 'report_finalizer' completed: success=True, skipped=False, result_len=1817[0m [36mreq[0m=[35m9f37decb[0m
[2m11:58:54[0m [[32m[1minfo     [0m] [1mVerification: score=0.10, action=escalate, round 1[0m [36mreq[0m=[35m9f37decb[0m
[2m11:58:54[0m [[32m[1minfo     [0m] [1mEskalation: Gap-Building für ['Output ist rein theoretisch / beschreibend'][0m [36mreq[0m=[35m9f37decb[0m
[2m11:58:54[0m [[32m[1minfo     [0m] [1mLoading topology from database...       [0m [36mreq[0m=[35m9f37decb[0m
[2m11:58:54[0m [[32m[1minfo     [0m] [1mMapped 11 skill entries to 9 capabilities[0m [36mreq[0m=[35m9f37decb[0m
[2m11:58:54[0m [[32m[1minfo     [0m] [1mTopology validated: 11 agents in 5 waves[0m [36mreq[0m=[35m9f37decb[0m
[2m11:58:54[0m [[32m[1minfo     [0m] [1mLoaded 11 skills for topology           [0m [36mreq[0m=[35m9f37decb[0m
[2m11:58:54[0m [[32m[1minfo     [0m] [1mTopology loaded: 11 agents, 5 waves     [0m [36mreq[0m=[35m9f37decb[0m
[2m11:58:54[0m [[32m[1minfo     [0m] [1mRuntimeAgentRegistry initialized with max_concurrent=5[0m [36mreq[0m=[35m9f37decb[0m
[2m11:58:54[0m [[32m[1minfo     [0m] [1mbuild_on_demand: building skill for 'Output ist rein theoretisch / beschreibend'[0m [36mreq[0m=[35m9f37decb[0m
[2m11:58:54[0m [[32m[1minfo     [0m] [1mStarting team-based skill development for: Output ist rein theoretisch / beschreibend[0m [36mreq[0m=[35m9f37decb[0m
[2m11:58:54[0m [[32m[1minfo     [0m] [1mResearching capability: Output ist rein theoretisch / beschreibend[0m [36mreq[0m=[35m9f37decb[0m
[2m11:58:54[0m [[32m[1minfo     [0m] [1mUsing cached research for: Output ist rein theoretisch / beschreibend[0m [36mreq[0m=[35m9f37decb[0m
[2m11:58:54[0m [[32m[1minfo     [0m] [1mResearch complete: 0 packages found     [0m [36mreq[0m=[35m9f37decb[0m
[2m11:58:56[0m [[32m[1minfo     [0m] [1mGetting challenge status: id=2e814422-1759-4268-a992-8493060a2d98[0m [36mreq[0m=[35m2d6f2549[0m
[2m11:58:56[0m [[32m[1minfo     [0m] [1mrequest_finished                        [0m [36mduration[0m=[35m0.007[0m [36mmethod[0m=[35mGET[0m [36mpath[0m=[35m/api/v1/challenges/2e814422-1759-4268-a992-8493060a2d98[0m [36mreq[0m=[35m2d6f2549[0m [36mrequest_id[0m=[35m2d6f2549-8612-4eae-8659-58fd212f545a[0m [36mstatus[0m=[35m200[0m
[2m11:58:56[0m [[32m[1minfo     [0m] [1mArchitecture complete: 2 test cases defined[0m [36mreq[0m=[35m9f37decb[0m
[2m11:58:57[0m [[32m[1minfo     [0m] [1mSession start: iteration=1/10, pip=0, apt=0[0m [36mreq[0m=[35m9f37decb[0m
[2m11:58:57[0m [[32m[1minfo     [0m] [1mDocker client connected successfully    [0m [36mreq[0m=[35m9f37decb[0m
[2m11:58:57[0m [[32m[1minfo     [0m] [1mSession container created: 5071be97db26 [0m [36mreq[0m=[35m9f37decb[0m
[2m11:58:57[0m [[32m[1minfo     [0m] [1mImplementation iteration 1/10           [0m [36mreq[0m=[35m9f37decb[0m
[2m11:58:59[0m [[32m[1minfo     [0m] [1mImplementation erfolgreich nach 1 Iterationen[0m [36mreq[0m=[35m9f37decb[0m
[2m11:59:04[0m [[32m[1minfo     [0m] [1mReview iteration 1/2                    [0m [36mreq[0m=[35m9f37decb[0m
[2m11:59:06[0m [[32m[1minfo     [0m] [1mGetting challenge status: id=2e814422-1759-4268-a992-8493060a2d98[0m [36mreq[0m=[35m6ea66b35[0m
[2m11:59:06[0m [[32m[1minfo     [0m] [1mrequest_finished                        [0m [36mduration[0m=[35m0.008[0m [36mmethod[0m=[35mGET[0m [36mpath[0m=[35m/api/v1/challenges/2e814422-1759-4268-a992-8493060a2d98[0m [36mreq[0m=[35m6ea66b35[0m [36mrequest_id[0m=[35m6ea66b35-dbbb-491b-9d55-511de6e21b35[0m [36mstatus[0m=[35m200[0m
[2m11:59:06[0m [[32m[1minfo     [0m] [1mStarting sandbox execution: pip=[], apt=[], input_files=[][0m [36mreq[0m=[35m9f37decb[0m
[2m11:59:06[0m [[32m[1minfo     [0m] [1mSandbox execution complete: success=True, time=402ms, cached=False[0m [36mreq[0m=[35m9f37decb[0m
[2m11:59:12[0m [[32m[1minfo     [0m] [1mStarting sandbox execution: pip=[], apt=[], input_files=[][0m [36mreq[0m=[35m9f37decb[0m
[2m11:59:12[0m [[33m[1mwarning  [0m] [1mCode execution failed (exit=1):   File "/workspace/script.py", line 67
    for key in ["success", "result"]:
    ^^^
SyntaxError: expected 'except' or 'finally' block
[0m [36mreq[0m=[35m9f37decb[0m
[2m11:59:12[0m [[32m[1minfo     [0m] [1mSandbox execution complete: success=False, time=448ms, cached=False[0m [36mreq[0m=[35m9f37decb[0m
[2m11:59:16[0m [[32m[1minfo     [0m] [1mGetting challenge status: id=2e814422-1759-4268-a992-8493060a2d98[0m [36mreq[0m=[35m44995305[0m
[2m11:59:16[0m [[32m[1minfo     [0m] [1mrequest_finished                        [0m [36mduration[0m=[35m0.009[0m [36mmethod[0m=[35mGET[0m [36mpath[0m=[35m/api/v1/challenges/2e814422-1759-4268-a992-8493060a2d98[0m [36mreq[0m=[35m44995305[0m [36mrequest_id[0m=[35m44995305-63ce-41bb-b535-682b5e90975e[0m [36mstatus[0m=[35m200[0m
[2m11:59:17[0m [[32m[1minfo     [0m] [1mStarting sandbox execution: pip=[], apt=[], input_files=[][0m [36mreq[0m=[35m9f37decb[0m
[2m11:59:18[0m [[33m[1mwarning  [0m] [1mCode execution failed (exit=1):   File "/workspace/script.py", line 67
    for key in ["success", "result"]:
    ^^^
SyntaxError: expected 'except' or 'finally' block
[0m [36mreq[0m=[35m9f37decb[0m
[2m11:59:18[0m [[32m[1minfo     [0m] [1mSandbox execution complete: success=False, time=476ms, cached=False[0m [36mreq[0m=[35m9f37decb[0m
[2m11:59:23[0m [[33m[1mwarning  [0m] [1mSkill rejected by parent validation: All 2 tests failed[0m [36mreq[0m=[35m9f37decb[0m
[2m11:59:23[0m [[33m[1mwarning  [0m] [1mbuild_on_demand: failed for 'Output ist rein theoretisch / beschreibend': Parent regression: All 2 tests failed[0m [36mreq[0m=[35m9f37decb[0m
[2m11:59:23[0m [[32m[1minfo     [0m] [1mArtifact pool cleared: 5 artifacts discarded[0m [36mreq[0m=[35m9f37decb[0m
[2m11:59:26[0m [[32m[1minfo     [0m] [1mGetting challenge status: id=2e814422-1759-4268-a992-8493060a2d98[0m [36mreq[0m=[35m2b600b58[0m
[2m11:59:26[0m [[32m[1minfo     [0m] [1mrequest_finished                        [0m [36mduration[0m=[35m0.005[0m [36mmethod[0m=[35mGET[0m [36mpath[0m=[35m/api/v1/challenges/2e814422-1759-4268-a992-8493060a2d98[0m [36mreq[0m=[35m2b600b58[0m [36mrequest_id[0m=[35m2b600b58-b43a-4bab-862b-67194295a9a5[0m [36mstatus[0m=[35m200[0m
[2m11:59:26[0m [[32m[1minfo     [0m] [1mLoading topology from database...       [0m [36mreq[0m=[35m9f37decb[0m
[2m11:59:26[0m [[32m[1minfo     [0m] [1mMapped 11 skill entries to 9 capabilities[0m [36mreq[0m=[35m9f37decb[0m
[2m11:59:26[0m [[32m[1minfo     [0m] [1mTopology validated: 11 agents in 5 waves[0m [36mreq[0m=[35m9f37decb[0m
[2m11:59:26[0m [[32m[1minfo     [0m] [1mLoaded 11 skills for topology           [0m [36mreq[0m=[35m9f37decb[0m
[2m11:59:26[0m [[32m[1minfo     [0m] [1mTopology loaded: 11 agents, 5 waves     [0m [36mreq[0m=[35m9f37decb[0m
[2m11:59:26[0m [[32m[1minfo     [0m] [1mSkipping dev-team agent 'product_owner' in execution wave[0m [36mreq[0m=[35m9f37decb[0m
[2m11:59:26[0m [[32m[1minfo     [0m] [1mSkipping dev-team agent 'quality_judge' in execution wave[0m [36mreq[0m=[35m9f37decb[0m
[2m11:59:26[0m [[32m[1minfo     [0m] [1mSkipping dev-team agent 'execution_analyzer' in execution wave[0m [36mreq[0m=[35m9f37decb[0m
[2m11:59:26[0m [[32m[1minfo     [0m] [1mExecuting agent: transcript_analyzer (b2972519-389d-4c28-b232-f7fc483725f6)[0m [36mreq[0m=[35m9f37decb[0m
[2m11:59:26[0m [[32m[1minfo     [0m] [1mshared_memory_metrics agent=transcript_analyzer facts_kept=5 facts_total=8 hypotheses=0 relations=0 approx_tokens=692 query_chars=536[0m [36mreq[0m=[35m9f37decb[0m
[2m11:59:28[0m [[32m[1minfo     [0m] [1mTool call 1/15: skill_direkter_sql_datenbank_konnektor_(die_verfügbaren_agenten_nutzen_generische_skills,_die_eine_abstraktion_der_datenbankverbindung_voraussetzen)[0m [36mreq[0m=[35m9f37decb[0m
[2m11:59:28[0m [[32m[1minfo     [0m] [1mStarting sandbox execution: pip=['psycopg2-binary', 'sqlalchemy'], apt=[], input_files=[][0m [36mreq[0m=[35m9f37decb[0m
[2m11:59:28[0m [[32m[1minfo     [0m] [1mFound cached image: lumari-sandbox:custom-95cd1c6e (usage=31)[0m [36mreq[0m=[35m9f37decb[0m
[2m11:59:28[0m [[32m[1minfo     [0m] [1mUsing cached image: lumari-sandbox:custom-95cd1c6e[0m [36mreq[0m=[35m9f37decb[0m
[2m11:59:28[0m [[32m[1minfo     [0m] [1mSandbox execution complete: success=True, time=576ms, cached=True[0m [36mreq[0m=[35m9f37decb[0m
[2m11:59:34[0m [[32m[1minfo     [0m] [1mTool call 2/15: skill_execute_sql_queries_to_list_database_tables[0m [36mreq[0m=[35m9f37decb[0m
[2m11:59:34[0m [[32m[1minfo     [0m] [1mStarting sandbox execution: pip=['psycopg2-binary', 'sqlalchemy'], apt=[], input_files=[][0m [36mreq[0m=[35m9f37decb[0m
[2m11:59:34[0m [[32m[1minfo     [0m] [1mFound cached image: lumari-sandbox:custom-95cd1c6e (usage=32)[0m [36mreq[0m=[35m9f37decb[0m
[2m11:59:34[0m [[32m[1minfo     [0m] [1mUsing cached image: lumari-sandbox:custom-95cd1c6e[0m [36mreq[0m=[35m9f37decb[0m
[2m11:59:35[0m [[32m[1minfo     [0m] [1mSandbox execution complete: success=True, time=577ms, cached=True[0m [36mreq[0m=[35m9f37decb[0m
[2m11:59:36[0m [[32m[1minfo     [0m] [1mGetting challenge status: id=2e814422-1759-4268-a992-8493060a2d98[0m [36mreq[0m=[35mbd63bde2[0m
[2m11:59:36[0m [[32m[1minfo     [0m] [1mrequest_finished                        [0m [36mduration[0m=[35m0.006[0m [36mmethod[0m=[35mGET[0m [36mpath[0m=[35m/api/v1/challenges/2e814422-1759-4268-a992-8493060a2d98[0m [36mreq[0m=[35mbd63bde2[0m [36mrequest_id[0m=[35mbd63bde2-9312-412f-b5cd-d54f029cac0b[0m [36mstatus[0m=[35m200[0m
[2m11:59:41[0m [[32m[1minfo     [0m] [1mAgent transcript_analyzer returned final answer after 2 tool calls[0m [36mreq[0m=[35m9f37decb[0m
[2m11:59:41[0m [[32m[1minfo     [0m] [1mAgent transcript_analyzer completed     [0m [36mreq[0m=[35m9f37decb[0m
[2m11:59:41[0m [[32m[1minfo     [0m] [1mWave 300 agent 'transcript_analyzer' completed: success=True, skipped=False, result_len=374[0m [36mreq[0m=[35m9f37decb[0m
[2m11:59:41[0m [[32m[1minfo     [0m] [1mSkipping dev-team agent 'control_agent' in execution wave[0m [36mreq[0m=[35m9f37decb[0m
[2m11:59:41[0m [[32m[1minfo     [0m] [1mExecuting agent: context_retriever (7eab52e8-a142-4154-a4a2-1cd6172eab46)[0m [36mreq[0m=[35m9f37decb[0m
[2m11:59:42[0m [[32m[1minfo     [0m] [1mTool call 1/15: skill_execute_sql_queries_to_list_database_tables[0m [36mreq[0m=[35m9f37decb[0m
[2m11:59:42[0m [[32m[1minfo     [0m] [1mStarting sandbox execution: pip=['psycopg2-binary', 'sqlalchemy'], apt=[], input_files=[][0m [36mreq[0m=[35m9f37decb[0m
[2m11:59:42[0m [[32m[1minfo     [0m] [1mFound cached image: lumari-sandbox:custom-95cd1c6e (usage=33)[0m [36mreq[0m=[35m9f37decb[0m
[2m11:59:42[0m [[32m[1minfo     [0m] [1mUsing cached image: lumari-sandbox:custom-95cd1c6e[0m [36mreq[0m=[35m9f37decb[0m
[2m11:59:43[0m [[32m[1minfo     [0m] [1mSandbox execution complete: success=True, time=461ms, cached=True[0m [36mreq[0m=[35m9f37decb[0m
[2m11:59:46[0m [[32m[1minfo     [0m] [1mGetting challenge status: id=2e814422-1759-4268-a992-8493060a2d98[0m [36mreq[0m=[35mdcea7036[0m
[2m11:59:46[0m [[32m[1minfo     [0m] [1mrequest_finished                        [0m [36mduration[0m=[35m0.008[0m [36mmethod[0m=[35mGET[0m [36mpath[0m=[35m/api/v1/challenges/2e814422-1759-4268-a992-8493060a2d98[0m [36mreq[0m=[35mdcea7036[0m [36mrequest_id[0m=[35mdcea7036-a18d-4b3f-aca9-2265e3a1ee7c[0m [36mstatus[0m=[35m200[0m
[2m11:59:49[0m [[32m[1minfo     [0m] [1mTool call 2/15: skill_analyze_database_schema_structure[0m [36mreq[0m=[35m9f37decb[0m
[2m11:59:49[0m [[32m[1minfo     [0m] [1mStarting sandbox execution: pip=['psycopg2-binary', 'sqlalchemy'], apt=[], input_files=[][0m [36mreq[0m=[35m9f37decb[0m
[2m11:59:49[0m [[32m[1minfo     [0m] [1mFound cached image: lumari-sandbox:custom-95cd1c6e (usage=34)[0m [36mreq[0m=[35m9f37decb[0m
[2m11:59:49[0m [[32m[1minfo     [0m] [1mUsing cached image: lumari-sandbox:custom-95cd1c6e[0m [36mreq[0m=[35m9f37decb[0m
[2m11:59:49[0m [[32m[1minfo     [0m] [1mSandbox execution complete: success=True, time=460ms, cached=True[0m [36mreq[0m=[35m9f37decb[0m
[2m11:59:56[0m [[32m[1minfo     [0m] [1mGetting challenge status: id=2e814422-1759-4268-a992-8493060a2d98[0m [36mreq[0m=[35mfbdf010f[0m
[2m11:59:56[0m [[32m[1minfo     [0m] [1mrequest_finished                        [0m [36mduration[0m=[35m0.008[0m [36mmethod[0m=[35mGET[0m [36mpath[0m=[35m/api/v1/challenges/2e814422-1759-4268-a992-8493060a2d98[0m [36mreq[0m=[35mfbdf010f[0m [36mrequest_id[0m=[35mfbdf010f-f273-413d-af27-a2757e28161b[0m [36mstatus[0m=[35m200[0m
[2m11:59:57[0m [[32m[1minfo     [0m] [1mAgent context_retriever returned final answer after 2 tool calls[0m [36mreq[0m=[35m9f37decb[0m
[2m11:59:57[0m [[32m[1minfo     [0m] [1mAgent context_retriever completed       [0m [36mreq[0m=[35m9f37decb[0m
[2m11:59:57[0m [[32m[1minfo     [0m] [1mWave 301 agent 'context_retriever' completed: success=True, skipped=False, result_len=1237[0m [36mreq[0m=[35m9f37decb[0m
[2m11:59:57[0m [[32m[1minfo     [0m] [1mSkipping dev-team agent 'prompt_engineer' in execution wave[0m [36mreq[0m=[35m9f37decb[0m
[2m11:59:57[0m [[32m[1minfo     [0m] [1mSkipping dev-team agent 'tool_builder' in execution wave[0m [36mreq[0m=[35m9f37decb[0m
[2m11:59:57[0m [[32m[1minfo     [0m] [1mExecuting agent: report_generator (bc9b7c24-be22-4edb-9f80-55721c052340)[0m [36mreq[0m=[35m9f37decb[0m
[2m12:00:00[0m [[32m[1minfo     [0m] [1mAgent report_generator returned final answer after 0 tool calls[0m [36mreq[0m=[35m9f37decb[0m
[2m12:00:00[0m [[32m[1minfo     [0m] [1mAgent report_generator completed        [0m [36mreq[0m=[35m9f37decb[0m
[2m12:00:00[0m [[32m[1minfo     [0m] [1mWave 302 agent 'report_generator' completed: success=True, skipped=False, result_len=1744[0m [36mreq[0m=[35m9f37decb[0m
[2m12:00:00[0m [[32m[1minfo     [0m] [1mExecuting agent: quality_validator (b7cb497a-e30c-4e2d-8aaa-b1ec8e9bbf38)[0m [36mreq[0m=[35m9f37decb[0m
[2m12:00:02[0m [[32m[1minfo     [0m] [1mAgent quality_validator returned final answer after 0 tool calls[0m [36mreq[0m=[35m9f37decb[0m
[2m12:00:02[0m [[32m[1minfo     [0m] [1mAgent quality_validator completed       [0m [36mreq[0m=[35m9f37decb[0m
[2m12:00:02[0m [[32m[1minfo     [0m] [1mWave 303 agent 'quality_validator' completed: success=True, skipped=False, result_len=455[0m [36mreq[0m=[35m9f37decb[0m
[2m12:00:02[0m [[32m[1minfo     [0m] [1mExecuting agent: report_finalizer (4920a302-a1e9-4c8b-95f4-afd7adbda99a)[0m [36mreq[0m=[35m9f37decb[0m
[2m12:00:05[0m [[32m[1minfo     [0m] [1mAgent report_finalizer returned final answer after 0 tool calls[0m [36mreq[0m=[35m9f37decb[0m
[2m12:00:05[0m [[32m[1minfo     [0m] [1mAgent report_finalizer completed        [0m [36mreq[0m=[35m9f37decb[0m
[2m12:00:05[0m [[32m[1minfo     [0m] [1mWave 304 agent 'report_finalizer' completed: success=True, skipped=False, result_len=2300[0m [36mreq[0m=[35m9f37decb[0m
[2m12:00:06[0m [[32m[1minfo     [0m] [1mGetting challenge status: id=2e814422-1759-4268-a992-8493060a2d98[0m [36mreq[0m=[35m40ff72de[0m
[2m12:00:06[0m [[32m[1minfo     [0m] [1mrequest_finished                        [0m [36mduration[0m=[35m0.008[0m [36mmethod[0m=[35mGET[0m [36mpath[0m=[35m/api/v1/challenges/2e814422-1759-4268-a992-8493060a2d98[0m [36mreq[0m=[35m40ff72de[0m [36mrequest_id[0m=[35m40ff72de-65f9-4003-bec0-9567b18ad5c1[0m [36mstatus[0m=[35m200[0m
[2m12:00:07[0m [[32m[1minfo     [0m] [1mScore-Stagnation: 0.10 -> 0.10, Adapt-Loop beendet nach 2 Runden[0m [36mreq[0m=[35m9f37decb[0m
[2m12:00:07[0m [[32m[1minfo     [0m] [1mArtifact pool cleared: 5 artifacts discarded[0m [36mreq[0m=[35m9f37decb[0m
[2m12:00:07[0m [[32m[1minfo     [0m] [1mPersisted 1 facts to shared memory for execution e59d5fe4-66ce-48aa-afa5-d089f731d81d[0m [36mreq[0m=[35m9f37decb[0m
[2m12:00:07[0m [[32m[1minfo     [0m] [1mStarting telemetry for agent=b2972519..., execution=e59d5fe4...[0m [36mreq[0m=[35m9f37decb[0m
[2m12:00:07[0m [[32m[1minfo     [0m] [1mCreating telemetry record for agent=b2972519..., execution=e59d5fe4...[0m [36mreq[0m=[35m9f37decb[0m
[2m12:00:07[0m [[32m[1minfo     [0m] [1mExecution completed: challenge_id=2e814422-1759-4268-a992-8493060a2d98, success=True[0m [36mreq[0m=[35m9f37decb[0m
[2m12:00:07[0m [[32m[1minfo     [0m] [1mCreated telemetry record id=1bc10a3e-9955-452b-8fbf-172ab8ee9eec[0m [36mreq[0m=[35m9f37decb[0m
[2m12:00:07[0m [[32m[1minfo     [0m] [1mStarted telemetry id=1bc10a3e-9955-452b-8fbf-172ab8ee9eec, input_hash=3ce339362ac3b433..., trace_id=None[0m [36mreq[0m=[35m9f37decb[0m
[2m12:00:07[0m [[32m[1minfo     [0m] [1mCompleting telemetry id=1bc10a3e-9955-452b-8fbf-172ab8ee9eec, outcome=success[0m [36mreq[0m=[35m9f37decb[0m
[2m12:00:07[0m [[32m[1minfo     [0m] [1mUpdating telemetry record id=1bc10a3e-9955-452b-8fbf-172ab8ee9eec[0m [36mreq[0m=[35m9f37decb[0m
[2m12:00:07[0m [[32m[1minfo     [0m] [1mUpdated telemetry record id=1bc10a3e-9955-452b-8fbf-172ab8ee9eec, outcome=success[0m [36mreq[0m=[35m9f37decb[0m
[2m12:00:07[0m [[32m[1minfo     [0m] [1mCompleted telemetry id=1bc10a3e-9955-452b-8fbf-172ab8ee9eec, latency=12.81ms, tokens=53683, output_hash=44136fa355b3678a...[0m [36mreq[0m=[35m9f37decb[0m
[2m12:00:07[0m [[32m[1minfo     [0m] [1mConfigured epicbox profile: image=lumari-sandbox:latest, limits={'cputime': 5, 'realtime': 10, 'memory': 128, 'processes': 1}[0m [36mreq[0m=[35m9f37decb[0m
[2m12:00:07[0m [[32m[1minfo     [0m] [1mStarting analysis pipeline for execution_id=e59d5fe4...[0m [36mreq[0m=[35m9f37decb[0m
[2m12:00:07[0m [[32m[1minfo     [0m] [1mRetrieved telemetry for agent=b2972519..., outcome=success[0m [36mreq[0m=[35m9f37decb[0m
[2m12:00:07[0m [[32m[1minfo     [0m] [1mRetrieved 4 historical executions for pattern context[0m [36mreq[0m=[35m9f37decb[0m
[2m12:00:07[0m [[32m[1minfo     [0m] [1mAnalyzing execution_id=e59d5fe4...      [0m [36mreq[0m=[35m9f37decb[0m
[2m12:00:08[0m [[32m[1minfo     [0m] [1mAnalysis complete: 0 findings for execution_id=e59d5fe4...[0m [36mreq[0m=[35m9f37decb[0m
[2m12:00:08[0m [[32m[1minfo     [0m] [1mAnalyzer generated 0 findings: summary='The execution completed successfully with no ident...'[0m [36mreq[0m=[35m9f37decb[0m
[2m12:00:08[0m [[32m[1minfo     [0m] [1mNo findings generated - pipeline complete[0m [36mreq[0m=[35m9f37decb[0m
[2m12:00:16[0m [[32m[1minfo     [0m] [1mGetting challenge status: id=2e814422-1759-4268-a992-8493060a2d98[0m [36mreq[0m=[35m1e333287[0m
[2m12:00:16[0m [[32m[1minfo     [0m] [1mrequest_finished                        [0m [36mduration[0m=[35m0.008[0m [36mmethod[0m=[35mGET[0m [36mpath[0m=[35m/api/v1/challenges/2e814422-1759-4268-a992-8493060a2d98[0m [36mreq[0m=[35m1e333287[0m [36mrequest_id[0m=[35m1e333287-4bc6-4a14-a126-c9c27bfde81e[0m [36mstatus[0m=[35m200[0m
[2m12:00:16[0m [[32m[1minfo     [0m] [1mGetting challenge results: id=2e814422-1759-4268-a992-8493060a2d98[0m [36mreq[0m=[35m3c59f5e9[0m
[2m12:00:16[0m [[32m[1minfo     [0m] [1mrequest_finished                        [0m [36mduration[0m=[35m0.006[0m [36mmethod[0m=[35mGET[0m [36mpath[0m=[35m/api/v1/challenges/2e814422-1759-4268-a992-8493060a2d98/results[0m [36mreq[0m=[35m3c59f5e9[0m [36mrequest_id[0m=[35m3c59f5e9-d522-498c-9203-776f888c5d5b[0m [36mstatus[0m=[35m200[0m
[2m12:00:18[0m [[32m[1minfo     [0m] [1mDirect challenge analysis: execution_id=1880a291-2d38-4f43-896e-f86b4aff4312[0m [36mreq[0m=[35m2e908391[0m
[2m12:00:18[0m [[32m[1minfo     [0m] [1mPre-execution analysis starting for execution 1880a291-2d38-4f43-896e-f86b4aff4312[0m [36mreq[0m=[35m2e908391[0m
[2m12:00:18[0m [[32m[1minfo     [0m] [1mAnalyzing challenge for execution 1880a291-2d38-4f43-896e-f86b4aff4312[0m [36mreq[0m=[35m2e908391[0m
[2m12:00:18[0m [[32m[1minfo     [0m] [1mLoading topology from database...       [0m [36mreq[0m=[35m2e908391[0m
[2m12:00:18[0m [[32m[1minfo     [0m] [1mMapped 11 skill entries to 9 capabilities[0m [36mreq[0m=[35m2e908391[0m
[2m12:00:18[0m [[32m[1minfo     [0m] [1mTopology validated: 11 agents in 5 waves[0m [36mreq[0m=[35m2e908391[0m
[2m12:00:18[0m [[32m[1minfo     [0m] [1mLoaded 11 skills for topology           [0m [36mreq[0m=[35m2e908391[0m
[2m12:00:18[0m [[32m[1minfo     [0m] [1mTopology loaded: 11 agents, 5 waves     [0m [36mreq[0m=[35m2e908391[0m
[2m12:00:18[0m [[32m[1minfo     [0m] [1mSkill 'skill_connect_to_postgresql_database_using_provided_credentials' provides affected_capability: 'connect to PostgreSQL database using provided credentials'[0m [36mreq[0m=[35m2e908391[0m
[2m12:00:18[0m [[32m[1minfo     [0m] [1mSkill 'skill_execute_sql_queries_to_list_database_tables' provides affected_capability: 'execute SQL queries to list database tables'[0m [36mreq[0m=[35m2e908391[0m
[2m12:00:18[0m [[32m[1minfo     [0m] [1mSkill 'skill_generate_a_text_based_schema_diagram' provides affected_capability: 'generate a text-based schema diagram'[0m [36mreq[0m=[35m2e908391[0m
[2m12:00:18[0m [[32m[1minfo     [0m] [1mSkill 'skill_calculate_progress_percentages,_total_hours,_and_report_counts_per_trade' provides affected_capability: 'calculate progress percentages, total hours, and report counts per trade'[0m [36mreq[0m=[35m2e908391[0m
[2m12:00:18[0m [[32m[1minfo     [0m] [1mSkill 'skill_direkter_sql_datenbank_konnektor_(die_verfügbaren_agenten_nutzen_generische_skills,_die_eine_abstraktion_der_datenbankverbindung_voraussetzen)' provides affected_capability: 'Direkter SQL-Datenbank-Konnektor (die verfügbaren Agenten nutzen generische Skills, die eine Abstraktion der Datenbankverbindung voraussetzen)'[0m [36mreq[0m=[35m2e908391[0m
[2m12:00:18[0m [[32m[1minfo     [0m] [1mSkill 'skill_execute_sql_queries_to_retrieve_column_metadata_and_foreign_key_constraints' provides affected_capability: 'execute SQL queries to retrieve column metadata and foreign key constraints'[0m [36mreq[0m=[35m2e908391[0m
[2m12:00:18[0m [[32m[1minfo     [0m] [1mSkill 'skill_analyze_database_schema_structure' provides affected_capability: 'analyze database schema structure'[0m [36mreq[0m=[35m2e908391[0m
[2m12:00:18[0m [[32m[1minfo     [0m] [1mSkill 'skill_direkter_sql_datenbank_konnektor_(die_verfügbaren_agenten_sind_auf_text/kontext_verarbeitung_spezialisiert,_die_datenbank_abfrage_muss_durch_einen_spezialisierten_db_agenten_oder_ein_tool_interface_innerhalb_des_context_retriever_erfolgen)' provides affected_capability: 'Direkter SQL-Datenbank-Konnektor (die verfügbaren Agenten sind auf Text/Kontext-Verarbeitung spezialisiert, die Datenbank-Abfrage muss durch einen spezialisierten DB-Agenten oder ein Tool-Interface innerhalb des context_retriever erfolgen)'[0m [36mreq[0m=[35m2e908391[0m
[2m12:00:18[0m [[32m[1minfo     [0m] [1mSkill 'skill_output_ist_rein_theoretisch_/_beschreibend' provides affected_capability: 'Output ist rein theoretisch / beschreibend'[0m [36mreq[0m=[35m2e908391[0m
[2m12:00:18[0m [[32m[1minfo     [0m] [1mSkill 'skill_direkter_sql_datenbank_konnektor_(die_verfügbaren_agenten_sind_auf_generische_textverarbeitung_spezialisiert,_der_zugriff_auf_die_datenbank_muss_über_die_skill_ebene_der_agenten_abstrahiert_werden)' provides affected_capability: 'Direkter SQL-Datenbank-Konnektor (die verfügbaren Agenten sind auf generische Textverarbeitung spezialisiert, der Zugriff auf die Datenbank muss über die Skill-Ebene der Agenten abstrahiert werden)'[0m [36mreq[0m=[35m2e908391[0m
[2m12:00:18[0m [[32m[1minfo     [0m] [1mSkill 'skill_establish_database_connection_to_postgresql_instance' provides affected_capability: 'establish database connection to PostgreSQL instance'[0m [36mreq[0m=[35m2e908391[0m
[2m12:00:18[0m [[32m[1minfo     [0m] [1mExtracted 11 capabilities from 11 active skills[0m [36mreq[0m=[35m2e908391[0m
[2m12:00:18[0m [[32m[1minfo     [0m] [1mPrompt 'prompt_analyze_project_data_to_identify_the_trade_with_the_highest_delay_risk' provides affected_capability: 'analyze project data to identify the trade with the highest delay risk'[0m [36mreq[0m=[35m2e908391[0m
[2m12:00:18[0m [[32m[1minfo     [0m] [1mPrompt 'prompt_filter_and_extract_open_critical_defects_requiring_immediate_attention' provides affected_capability: 'filter and extract open critical defects requiring immediate attention'[0m [36mreq[0m=[35m2e908391[0m
[2m12:00:18[0m [[32m[1minfo     [0m] [1mPrompt 'prompt_analyze_defect_data_to_generate_a_comprehensive_defect_analysis_report' provides affected_capability: 'analyze defect data to generate a comprehensive defect analysis report'[0m [36mreq[0m=[35m2e908391[0m
[2m12:00:18[0m [[32m[1minfo     [0m] [1mPrompt 'prompt_analyze_cost_data_to_forecast_project_budget_adherence' provides affected_capability: 'analyze cost data to forecast project budget adherence'[0m [36mreq[0m=[35m2e908391[0m
[2m12:00:18[0m [[32m[1minfo     [0m] [1mPrompt 'prompt_generate_a_cost_comparison_report_summarizing_findings_and_projections' provides affected_capability: 'generate a cost comparison report summarizing findings and projections'[0m [36mreq[0m=[35m2e908391[0m
[2m12:00:18[0m [[32m[1minfo     [0m] [1mExtracted 5 capabilities from 5 active prompts[0m [36mreq[0m=[35m2e908391[0m
[2m12:00:19[0m [[32m[1minfo     [0m] [1mLLM extracted 6 capabilities: 5 execution, 1 knowledge[0m [36mreq[0m=[35m2e908391[0m
[2m12:00:19[0m [[32m[1minfo     [0m] [1mExtracted 6 required capabilities       [0m [36mreq[0m=[35m2e908391[0m
[2m12:00:21[0m [[32m[1minfo     [0m] [1mAssessment complete: MAYBE (2 gaps, 2 suggestions)[0m [36mreq[0m=[35m2e908391[0m
[2m12:00:21[0m [[32m[1minfo     [0m] [1mASSESSMENT_LOG execution_id=1880a291-2d38-4f43-896e-f86b4aff4312 confidence=MAYBE gaps=2 route=developer_team duration_ms=3147[0m [36mreq[0m=[35m2e908391[0m
[2m12:00:21[0m [[32m[1minfo     [0m] [1mPre-execution analysis complete: MAYBE -> route: developer_team[0m [36mreq[0m=[35m2e908391[0m
[2m12:00:21[0m [[32m[1minfo     [0m] [1mOrchestrator analysis complete: confidence=MAYBE, route=developer_team[0m [36mreq[0m=[35m2e908391[0m
[2m12:00:21[0m [[32m[1minfo     [0m] [1m0 gaps already satisfied, 2 remaining   [0m [36mreq[0m=[35m2e908391[0m
[2m12:00:21[0m [[32m[1minfo     [0m] [1mGenerated build plan for challenge 0e010cc1-87fa-4352-bc62-c8d838e3ca60: 2 items, 1 critical[0m [36mreq[0m=[35m2e908391[0m
[2m12:00:21[0m [[32m[1minfo     [0m] [1mrequest_finished                        [0m [36mduration[0m=[35m3.256[0m [36mmethod[0m=[35mPOST[0m [36mpath[0m=[35m/api/v1/challenges/analyze[0m [36mreq[0m=[35m2e908391[0m [36mrequest_id[0m=[35m2e908391-47d0-476c-a779-28de2e855620[0m [36mstatus[0m=[35m200[0m
[2m12:00:21[0m [[32m[1minfo     [0m] [1mStarting capability building: challenge_id=0e010cc1-87fa-4352-bc62-c8d838e3ca60[0m [36mreq[0m=[35m2e908391[0m
[2m12:00:21[0m [[32m[1minfo     [0m] [1mLoading topology from database...       [0m [36mreq[0m=[35m2e908391[0m
[2m12:00:21[0m [[32m[1minfo     [0m] [1mMapped 11 skill entries to 9 capabilities[0m [36mreq[0m=[35m2e908391[0m
[2m12:00:21[0m [[32m[1minfo     [0m] [1mTopology validated: 11 agents in 5 waves[0m [36mreq[0m=[35m2e908391[0m
[2m12:00:21[0m [[32m[1minfo     [0m] [1mLoaded 11 skills for topology           [0m [36mreq[0m=[35m2e908391[0m
[2m12:00:21[0m [[32m[1minfo     [0m] [1mTopology loaded: 11 agents, 5 waves     [0m [36mreq[0m=[35m2e908391[0m
[2m12:00:21[0m [[32m[1minfo     [0m] [1mRuntimeAgentRegistry initialized with max_concurrent=5[0m [36mreq[0m=[35m2e908391[0m
[2m12:00:21[0m [[32m[1minfo     [0m] [1mProcessing blocked challenge: id=0e010cc1..., attempt=1/5[0m [36mreq[0m=[35m2e908391[0m
[2m12:00:21[0m [[32m[1minfo     [0m] [1mCreated gap plan: id=96a299e6..., challenge=0e010cc1..., gaps=2, cycle=1[0m [36mreq[0m=[35m2e908391[0m
[2m12:00:21[0m [[32m[1minfo     [0m] [1mCreated gap plan: 96a299e6..., cycle=1, gaps=2[0m [36mreq[0m=[35m2e908391[0m
[2m12:00:21[0m [[32m[1minfo     [0m] [1mStarted gap plan: 96a299e6...           [0m [36mreq[0m=[35m2e908391[0m
[2m12:00:21[0m [[32m[1minfo     [0m] [1mExecuting gap plan: 96a299e6..., total_gaps=2, cycle=1[0m [36mreq[0m=[35m2e908391[0m
[2m12:00:21[0m [[32m[1minfo     [0m] [1mProcessing gap: 0a9bc3ca... type=missing_skill, capability=parse and load multiple CSV files from a directory, severity=critical[0m [36mreq[0m=[35m2e908391[0m
[2m12:00:21[0m [[32m[1minfo     [0m] [1mStrategy proposed for parse and load multiple CSV files from a directory: direct (confidence=0.5)[0m [36mreq[0m=[35m2e908391[0m
[2m12:00:21[0m [[32m[1minfo     [0m] [1mBuilding capability: gap_type=missing_skill, severity=critical, attempt=1, approach=direct[0m [36mreq[0m=[35m2e908391[0m
[2m12:00:21[0m [[32m[1minfo     [0m] [1mUsing Skill Team for capability: parse and load multiple CSV files from a directory[0m [36mreq[0m=[35m2e908391[0m
[2m12:00:21[0m [[32m[1minfo     [0m] [1mStarting team-based skill development for: parse and load multiple CSV files from a directory[0m [36mreq[0m=[35m2e908391[0m
[2m12:00:21[0m [[32m[1minfo     [0m] [1mResearching capability: parse and load multiple CSV files from a directory[0m [36mreq[0m=[35m2e908391[0m
[2m12:00:22[0m [[32m[1minfo     [0m] [1mresponse: https://en.wikipedia.org/w/api.php?action=opensearch&profile=fuzzy&limit=1&search=python%20parse%20and%20load%20multiple%20CSV%20files%20from%20a%20directory%20implementation%20example%20code 200[0m
[2m12:00:22[0m [[32m[1minfo     [0m] [1mresponse: https://grokipedia.com/api/typeahead?query=python+parse+and+load+multiple+CSV+files+from+a+directory+implementation+example+code&limit=1 200[0m
[2m12:00:22[0m [[32m[1minfo     [0m] [1mresponse: https://www.google.com/search?q=python+parse+and+load+multiple+CSV+files+from+a+directory+implementation+example+code&filter=1&start=0&hl=en-US&lr=lang_en&cr=countryUS 200[0m
[2m12:00:23[0m [[32m[1minfo     [0m] [1mresponse: https://www.mojeek.com/search?q=python+parse+and+load+multiple+CSV+files+from+a+directory+implementation+example+code 200[0m
[2m12:00:23[0m [[32m[1minfo     [0m] [1mWeb search for 'python parse and load multiple CSV files from a directory im' returned 5 results[0m [36mreq[0m=[35m2e908391[0m
[2m12:00:31[0m [[32m[1minfo     [0m] [1mGetting challenge status: id=0e010cc1-87fa-4352-bc62-c8d838e3ca60[0m [36mreq[0m=[35mc3ce1681[0m
[2m12:00:31[0m [[32m[1minfo     [0m] [1mrequest_finished                        [0m [36mduration[0m=[35m0.009[0m [36mmethod[0m=[35mGET[0m [36mpath[0m=[35m/api/v1/challenges/0e010cc1-87fa-4352-bc62-c8d838e3ca60[0m [36mreq[0m=[35mc3ce1681[0m [36mrequest_id[0m=[35mc3ce1681-be94-44eb-98a7-2400219ad7a7[0m [36mstatus[0m=[35m200[0m
[2m12:00:41[0m [[32m[1minfo     [0m] [1mSummarized 3 sources into 2580 chars    [0m [36mreq[0m=[35m2e908391[0m
[2m12:00:41[0m [[32m[1minfo     [0m] [1mResearch complete for parse and load multiple CSV files from a directory: pip=[], examples=1[0m [36mreq[0m=[35m2e908391[0m
[2m12:00:41[0m [[32m[1minfo     [0m] [1mResearch complete: 0 packages found     [0m [36mreq[0m=[35m2e908391[0m
[2m12:00:41[0m [[32m[1minfo     [0m] [1mGetting challenge status: id=0e010cc1-87fa-4352-bc62-c8d838e3ca60[0m [36mreq[0m=[35m505c72f4[0m
[2m12:00:41[0m [[32m[1minfo     [0m] [1mrequest_finished                        [0m [36mduration[0m=[35m0.007[0m [36mmethod[0m=[35mGET[0m [36mpath[0m=[35m/api/v1/challenges/0e010cc1-87fa-4352-bc62-c8d838e3ca60[0m [36mreq[0m=[35m505c72f4[0m [36mrequest_id[0m=[35m505c72f4-99df-456e-a8b8-37105601472d[0m [36mstatus[0m=[35m200[0m
[2m12:00:44[0m [[32m[1minfo     [0m] [1mArchitecture complete: 2 test cases defined[0m [36mreq[0m=[35m2e908391[0m
[2m12:00:44[0m [[32m[1minfo     [0m] [1mSession start: iteration=1/10, pip=0, apt=0[0m [36mreq[0m=[35m2e908391[0m
[2m12:00:44[0m [[32m[1minfo     [0m] [1mDocker client connected successfully    [0m [36mreq[0m=[35m2e908391[0m
[2m12:00:44[0m [[32m[1minfo     [0m] [1mSession container created: 506d58db25d4 [0m [36mreq[0m=[35m2e908391[0m
[2m12:00:44[0m [[32m[1minfo     [0m] [1mImplementation iteration 1/10           [0m [36mreq[0m=[35m2e908391[0m
[2m12:00:46[0m [[32m[1minfo     [0m] [1mProaktiv erkannte neue Packages: ['sqlalchemy', 'pandas'][0m [36mreq[0m=[35m2e908391[0m
[2m12:00:51[0m [[32m[1minfo     [0m] [1mGetting challenge status: id=0e010cc1-87fa-4352-bc62-c8d838e3ca60[0m [36mreq[0m=[35m8269e702[0m
[2m12:00:51[0m [[32m[1minfo     [0m] [1mrequest_finished                        [0m [36mduration[0m=[35m0.005[0m [36mmethod[0m=[35mGET[0m [36mpath[0m=[35m/api/v1/challenges/0e010cc1-87fa-4352-bc62-c8d838e3ca60[0m [36mreq[0m=[35m8269e702[0m [36mrequest_id[0m=[35m8269e702-b7d9-4357-81e9-86f72acf5040[0m [36mstatus[0m=[35m200[0m
[2m12:00:52[0m [[32m[1minfo     [0m] [1mSession start: iteration=2/10, pip=2, apt=0[0m [36mreq[0m=[35m2e908391[0m
[2m12:00:52[0m [[32m[1minfo     [0m] [1mSession container created: 7744e3040cc7 [0m [36mreq[0m=[35m2e908391[0m
[2m12:00:52[0m [[32m[1minfo     [0m] [1mInstalling pip packages: "sqlalchemy" "pandas"[0m [36mreq[0m=[35m2e908391[0m
[2m12:00:59[0m [[32m[1minfo     [0m] [1mPip packages installed successfully     [0m [36mreq[0m=[35m2e908391[0m
[2m12:00:59[0m [[32m[1minfo     [0m] [1mImplementation iteration 2/10           [0m [36mreq[0m=[35m2e908391[0m
[2m12:01:00[0m [[33m[1mwarning  [0m] [1mCode execution failed (exit=1): Testing with input: {'directory_path': '/data/etl_data/', 'db_connection_string': 'postgresql://lumari:lumari_dev@lumari-postgres:5432/lumari'}
Result: {'success': False, 'error': "No module named 'psycopg2'"}
TEST FAILED: No module named 'psycopg2'
[0m [36mreq[0m=[35m2e908391[0m
[2m12:01:00[0m [[32m[1minfo     [0m] [1mRecorded build attempt: capability=parse and load multiple CSV files from a directory, success=False, error_type=ErrorType.RUNTIME_ERROR[0m [36mreq[0m=[35m2e908391[0m
[2m12:01:01[0m [[32m[1minfo     [0m] [1mGetting challenge status: id=0e010cc1-87fa-4352-bc62-c8d838e3ca60[0m [36mreq[0m=[35m3c074164[0m
[2m12:01:01[0m [[32m[1minfo     [0m] [1mrequest_finished                        [0m [36mduration[0m=[35m0.006[0m [36mmethod[0m=[35mGET[0m [36mpath[0m=[35m/api/v1/challenges/0e010cc1-87fa-4352-bc62-c8d838e3ca60[0m [36mreq[0m=[35m3c074164[0m [36mrequest_id[0m=[35m3c074164-66b8-4d2c-92d6-fca726a88fb0[0m [36mstatus[0m=[35m200[0m
[2m12:01:02[0m [[32m[1minfo     [0m] [1mDebug [LOGIC_ERROR]: produced fixed code (2728 chars)[0m [36mreq[0m=[35m2e908391[0m
[2m12:01:02[0m [[32m[1minfo     [0m] [1mProaktiv erkannte neue Packages nach Debug: ['psycopg2_binary', 'psycopg2-binary'][0m [36mreq[0m=[35m2e908391[0m
[2m12:01:07[0m [[32m[1minfo     [0m] [1mSession start: iteration=3/10, pip=4, apt=0[0m [36mreq[0m=[35m2e908391[0m
[2m12:01:08[0m [[32m[1minfo     [0m] [1mSession container created: 1cb4b297b261 [0m [36mreq[0m=[35m2e908391[0m
[2m12:01:08[0m [[32m[1minfo     [0m] [1mInstalling pip packages: "sqlalchemy" "pandas" "psycopg2_binary" "psycopg2-binary"[0m [36mreq[0m=[35m2e908391[0m
[2m12:01:11[0m [[32m[1minfo     [0m] [1mGetting challenge status: id=0e010cc1-87fa-4352-bc62-c8d838e3ca60[0m [36mreq[0m=[35m4daa3f04[0m
[2m12:01:11[0m [[32m[1minfo     [0m] [1mrequest_finished                        [0m [36mduration[0m=[35m0.006[0m [36mmethod[0m=[35mGET[0m [36mpath[0m=[35m/api/v1/challenges/0e010cc1-87fa-4352-bc62-c8d838e3ca60[0m [36mreq[0m=[35m4daa3f04[0m [36mrequest_id[0m=[35m4daa3f04-1be8-4a51-9693-0f5fc18ad0d2[0m [36mstatus[0m=[35m200[0m
[2m12:01:14[0m [[32m[1minfo     [0m] [1mPip packages installed successfully     [0m [36mreq[0m=[35m2e908391[0m
[2m12:01:14[0m [[32m[1minfo     [0m] [1mImplementation iteration 3/10           [0m [36mreq[0m=[35m2e908391[0m
[2m12:01:15[0m [[32m[1minfo     [0m] [1mImplementation erfolgreich nach 3 Iterationen[0m [36mreq[0m=[35m2e908391[0m
[2m12:01:21[0m [[32m[1minfo     [0m] [1mReview iteration 1/2                    [0m [36mreq[0m=[35m2e908391[0m
[2m12:01:21[0m [[32m[1minfo     [0m] [1mGetting challenge status: id=0e010cc1-87fa-4352-bc62-c8d838e3ca60[0m [36mreq[0m=[35m35604d24[0m
[2m12:01:21[0m [[32m[1minfo     [0m] [1mrequest_finished                        [0m [36mduration[0m=[35m0.011[0m [36mmethod[0m=[35mGET[0m [36mpath[0m=[35m/api/v1/challenges/0e010cc1-87fa-4352-bc62-c8d838e3ca60[0m [36mreq[0m=[35m35604d24[0m [36mrequest_id[0m=[35m35604d24-7557-4d26-abb4-9997d9618529[0m [36mstatus[0m=[35m200[0m
[2m12:01:26[0m [[32m[1minfo     [0m] [1mStarting sandbox execution: pip=['sqlalchemy', 'pandas', 'psycopg2_binary', 'psycopg2-binary'], apt=[], input_files=[][0m [36mreq[0m=[35m2e908391[0m
[2m12:01:26[0m [[32m[1minfo     [0m] [1mInstalling pip packages: "sqlalchemy" "pandas" "psycopg2_binary" "psycopg2-binary"[0m [36mreq[0m=[35m2e908391[0m
[2m12:01:31[0m [[32m[1minfo     [0m] [1mGetting challenge status: id=0e010cc1-87fa-4352-bc62-c8d838e3ca60[0m [36mreq[0m=[35mc500d32c[0m
[2m12:01:31[0m [[32m[1minfo     [0m] [1mrequest_finished                        [0m [36mduration[0m=[35m0.008[0m [36mmethod[0m=[35mGET[0m [36mpath[0m=[35m/api/v1/challenges/0e010cc1-87fa-4352-bc62-c8d838e3ca60[0m [36mreq[0m=[35mc500d32c[0m [36mrequest_id[0m=[35mc500d32c-bc4c-470c-8818-bf39cda51b1e[0m [36mstatus[0m=[35m200[0m
[2m12:01:33[0m [[32m[1minfo     [0m] [1mPip packages installed successfully     [0m [36mreq[0m=[35m2e908391[0m
[2m12:01:34[0m [[32m[1minfo     [0m] [1mSandbox execution complete: success=True, time=8063ms, cached=False[0m [36mreq[0m=[35m2e908391[0m
[2m12:01:39[0m [[32m[1minfo     [0m] [1mReview iteration 2/2                    [0m [36mreq[0m=[35m2e908391[0m
[2m12:01:41[0m [[32m[1minfo     [0m] [1mGetting challenge status: id=0e010cc1-87fa-4352-bc62-c8d838e3ca60[0m [36mreq[0m=[35md5ad3e63[0m
[2m12:01:42[0m [[32m[1minfo     [0m] [1mrequest_finished                        [0m [36mduration[0m=[35m0.016[0m [36mmethod[0m=[35mGET[0m [36mpath[0m=[35m/api/v1/challenges/0e010cc1-87fa-4352-bc62-c8d838e3ca60[0m [36mreq[0m=[35md5ad3e63[0m [36mrequest_id[0m=[35md5ad3e63-eae8-4814-8552-042372a2c193[0m [36mstatus[0m=[35m200[0m
[2m12:01:42[0m [[33m[1mwarning  [0m] [1mReview-Iterationen erschöpft, akzeptiere pre-review Code[0m [36mreq[0m=[35m2e908391[0m
[2m12:01:42[0m [[32m[1minfo     [0m] [1mStarting sandbox execution: pip=['sqlalchemy', 'pandas', 'psycopg2_binary', 'psycopg2-binary'], apt=[], input_files=[][0m [36mreq[0m=[35m2e908391[0m
[2m12:01:43[0m [[32m[1minfo     [0m] [1mInstalling pip packages: "sqlalchemy" "pandas" "psycopg2_binary" "psycopg2-binary"[0m [36mreq[0m=[35m2e908391[0m
[2m12:01:50[0m [[32m[1minfo     [0m] [1mPip packages installed successfully     [0m [36mreq[0m=[35m2e908391[0m
[2m12:01:51[0m [[32m[1minfo     [0m] [1mSandbox execution complete: success=True, time=8546ms, cached=False[0m [36mreq[0m=[35m2e908391[0m
[2m12:01:52[0m [[32m[1minfo     [0m] [1mGetting challenge status: id=0e010cc1-87fa-4352-bc62-c8d838e3ca60[0m [36mreq[0m=[35m1d1af390[0m
[2m12:01:52[0m [[32m[1minfo     [0m] [1mrequest_finished                        [0m [36mduration[0m=[35m0.009[0m [36mmethod[0m=[35mGET[0m [36mpath[0m=[35m/api/v1/challenges/0e010cc1-87fa-4352-bc62-c8d838e3ca60[0m [36mreq[0m=[35m1d1af390[0m [36mrequest_id[0m=[35m1d1af390-0dbe-4166-9f48-9407cb2bd48b[0m [36mstatus[0m=[35m200[0m
[2m12:01:56[0m [[32m[1minfo     [0m] [1mCreated new skill: 5976ae37-6b19-4add-b97a-01a71625bd8d[0m [36mreq[0m=[35m2e908391[0m
[2m12:01:56[0m [[32m[1minfo     [0m] [1mRecorded build attempt: capability=parse and load multiple CSV files from a directory, success=True, error_type=None[0m [36mreq[0m=[35m2e908391[0m
[2m12:01:56[0m [[32m[1minfo     [0m] [1mSkill development complete: skill_parse_and_load_multiple_csv_files_from_a_directory in 94835ms[0m [36mreq[0m=[35m2e908391[0m
[2m12:01:56[0m [[32m[1minfo     [0m] [1mSkill Team built skill: skill_parse_and_load_multiple_csv_files_from_a_directory, duration=94.9s[0m [36mreq[0m=[35m2e908391[0m
[2m12:01:56[0m [[32m[1minfo     [0m] [1mAgent 'transcript_analyzer' already has capability 'parse and load multiple CSV files from a directory'[0m [36mreq[0m=[35m2e908391[0m
[2m12:01:56[0m [[32m[1minfo     [0m] [1mCreated skill binding: skill=5976ae37..., agent=b2972519..., capability='parse and load multiple CSV files from a directory'[0m [36mreq[0m=[35m2e908391[0m
[2m12:01:56[0m [[32m[1minfo     [0m] [1mInjecting skill 5976ae37... with plan: target_agent=7eab52e8..., rationale=The context_retriever is best suited for gathering, parsing, and normalizing raw data from external sources (filesystems) into a structured format for downstream analysis.[0m [36mreq[0m=[35m2e908391[0m
[2m12:01:56[0m [[32m[1minfo     [0m] [1mCreated skill binding: skill=5976ae37... -> agent=7eab52e8...[0m [36mreq[0m=[35m2e908391[0m
[2m12:01:57[0m [[32m[1minfo     [0m] [1mLoading topology from database...       [0m [36mreq[0m=[35m2e908391[0m
[2m12:01:57[0m [[32m[1minfo     [0m] [1mMapped 12 skill entries to 10 capabilities[0m [36mreq[0m=[35m2e908391[0m
[2m12:01:57[0m [[32m[1minfo     [0m] [1mTopology validated: 11 agents in 5 waves[0m [36mreq[0m=[35m2e908391[0m
[2m12:01:57[0m [[32m[1minfo     [0m] [1mLoaded 12 skills for topology           [0m [36mreq[0m=[35m2e908391[0m
[2m12:01:57[0m [[32m[1minfo     [0m] [1mTopology loaded: 11 agents, 5 waves     [0m [36mreq[0m=[35m2e908391[0m
[2m12:01:57[0m [[32m[1minfo     [0m] [1mPlan-based injection complete: skill=5976ae37... -> agent=context_retriever[0m [36mreq[0m=[35m2e908391[0m
[2m12:01:57[0m [[32m[1minfo     [0m] [1mRecorded build attempt: capability=parse and load multiple CSV files from a directory, success=True, error_type=None[0m [36mreq[0m=[35m2e908391[0m
[2m12:01:57[0m [[32m[1minfo     [0m] [1mGap completed: 0a9bc3ca... -> skill/5976ae37...[0m [36mreq[0m=[35m2e908391[0m
[2m12:01:57[0m [[32m[1minfo     [0m] [1mProcessing gap: bccc72d4... type=missing_planning_skill, capability=extract sub-contractor names from file naming patterns, severity=important[0m [36mreq[0m=[35m2e908391[0m
[2m12:01:57[0m [[33m[1mwarning  [0m] [1mUnknown gap type 'missing_planning_skill', using generic builder[0m [36mreq[0m=[35m2e908391[0m
[2m12:01:57[0m [[32m[1minfo     [0m] [1mBuilding capability: gap_type=missing_planning_skill, severity=important, attempt=1, approach=direct[0m [36mreq[0m=[35m2e908391[0m
[2m12:01:57[0m [[32m[1minfo     [0m] [1mDecomposing task id=7c61ba32..., files=1[0m [36mreq[0m=[35m2e908391[0m
[2m12:02:00[0m [[32m[1minfo     [0m] [1mDecomposed task into 2 subtasks, 2 waves[0m [36mreq[0m=[35m2e908391[0m
[2m12:02:00[0m [[32m[1minfo     [0m] [1mExecuting wave 1/2, files=['prompts/generated/prompt_extract_sub-contractor_names_from_file_naming_patterns.txt'][0m [36mreq[0m=[35m2e908391[0m
[2m12:02:00[0m [[32m[1minfo     [0m] [1mRegistered agent id=655d29bd..., task=7c61ba32..., file=prompts/generated/prompt_extract_sub-contractor_names_from_file_naming_patterns.txt[0m [36mreq[0m=[35m2e908391[0m
[2m12:02:00[0m [[32m[1minfo     [0m] [1mUpdated agent id=655d29bd... status=running[0m [36mreq[0m=[35m2e908391[0m
[2m12:02:00[0m [[32m[1minfo     [0m] [1mExecuting agent id=655d29bd..., file=prompts/generated/prompt_extract_sub-contractor_names_from_file_naming_patterns.txt[0m [36mreq[0m=[35m2e908391[0m
[2m12:02:02[0m [[32m[1minfo     [0m] [1mGetting challenge status: id=0e010cc1-87fa-4352-bc62-c8d838e3ca60[0m [36mreq[0m=[35m3a144505[0m
[2m12:02:02[0m [[32m[1minfo     [0m] [1mrequest_finished                        [0m [36mduration[0m=[35m0.009[0m [36mmethod[0m=[35mGET[0m [36mpath[0m=[35m/api/v1/challenges/0e010cc1-87fa-4352-bc62-c8d838e3ca60[0m [36mreq[0m=[35m3a144505[0m [36mrequest_id[0m=[35m3a144505-e082-4c29-8488-381b77ccc6c6[0m [36mstatus[0m=[35m200[0m
{
    "name": "developer_team.decompose_task",
    "context": {
        "trace_id": "0xd9abc13453c1a4f6548e1bac4dcaedc7",
        "span_id": "0x0d8aaf72764953ac",
        "trace_state": "[]"
    },
    "kind": "SpanKind.INTERNAL",
    "parent_id": "0xca33bbbfdcb40942",
    "start_time": "2026-05-18T12:01:57.089246Z",
    "end_time": "2026-05-18T12:02:00.903645Z",
    "status": {
        "status_code": "UNSET"
    },
    "attributes": {},
    "events": [],
    "links": [],
    "resource": {
        "attributes": {
            "telemetry.sdk.language": "python",
            "telemetry.sdk.name": "opentelemetry",
            "telemetry.sdk.version": "1.40.0",
            "service.name": "lumari-backend",
            "service.version": "0.1.0",
            "service.namespace": "lumari",
            "deployment.environment": "development",
            "telemetry.middleware.version": "1.0.0"
        },
        "schema_url": ""
    }
}
[2m12:02:03[0m [[32m[1minfo     [0m] [1mAgent completed id=655d29bd..., duration=2.35s[0m [36mreq[0m=[35m2e908391[0m
[2m12:02:03[0m [[32m[1minfo     [0m] [1mUpdated agent id=655d29bd... status=completed[0m [36mreq[0m=[35m2e908391[0m
[2m12:02:03[0m [[32m[1minfo     [0m] [1mExecuting wave 2/2, files=['scripts/extract_subcontractors.py'][0m [36mreq[0m=[35m2e908391[0m
[2m12:02:03[0m [[32m[1minfo     [0m] [1mRegistered agent id=c6f0c98b..., task=7c61ba32..., file=scripts/extract_subcontractors.py[0m [36mreq[0m=[35m2e908391[0m
[2m12:02:03[0m [[32m[1minfo     [0m] [1mUpdated agent id=c6f0c98b... status=running[0m [36mreq[0m=[35m2e908391[0m
[2m12:02:03[0m [[32m[1minfo     [0m] [1mExecuting agent id=c6f0c98b..., file=scripts/extract_subcontractors.py[0m [36mreq[0m=[35m2e908391[0m
[2m12:02:05[0m [[32m[1minfo     [0m] [1mAgent completed id=c6f0c98b..., duration=2.46s[0m [36mreq[0m=[35m2e908391[0m
[2m12:02:05[0m [[32m[1minfo     [0m] [1mUpdated agent id=c6f0c98b... status=completed[0m [36mreq[0m=[35m2e908391[0m
[2m12:02:05[0m [[32m[1minfo     [0m] [1mUnregistered agent id=655d29bd...       [0m [36mreq[0m=[35m2e908391[0m
[2m12:02:05[0m [[32m[1minfo     [0m] [1mUnregistered agent id=c6f0c98b...       [0m [36mreq[0m=[35m2e908391[0m
[2m12:02:05[0m [[32m[1minfo     [0m] [1mCleaned up 2 agents for task 7c61ba32...[0m [36mreq[0m=[35m2e908391[0m
[2m12:02:05[0m [[32m[1minfo     [0m] [1mBuilt prompt: id=255e9635..., name=prompt_extract_sub-contractor_names_from_file_naming_patterns[0m [36mreq[0m=[35m2e908391[0m
[2m12:02:05[0m [[32m[1minfo     [0m] [1mInjecting capability: type=prompt, id=255e9635...[0m [36mreq[0m=[35m2e908391[0m
[2m12:02:05[0m [[32m[1minfo     [0m] [1mLoading topology from database...       [0m [36mreq[0m=[35m2e908391[0m
[2m12:02:05[0m [[32m[1minfo     [0m] [1mMapped 12 skill entries to 10 capabilities[0m [36mreq[0m=[35m2e908391[0m
[2m12:02:05[0m [[32m[1minfo     [0m] [1mTopology validated: 11 agents in 5 waves[0m [36mreq[0m=[35m2e908391[0m
[2m12:02:05[0m [[32m[1minfo     [0m] [1mLoaded 12 skills for topology           [0m [36mreq[0m=[35m2e908391[0m
[2m12:02:05[0m [[32m[1minfo     [0m] [1mTopology loaded: 11 agents, 5 waves     [0m [36mreq[0m=[35m2e908391[0m
[2m12:02:05[0m [[32m[1minfo     [0m] [1mCapability injected successfully: prompt/255e9635...[0m [36mreq[0m=[35m2e908391[0m
[2m12:02:05[0m [[32m[1minfo     [0m] [1mRecorded build attempt: capability=extract sub-contractor names from file naming patterns, success=True, error_type=None[0m [36mreq[0m=[35m2e908391[0m
[2m12:02:05[0m [[32m[1minfo     [0m] [1mGap completed: bccc72d4... -> prompt/255e9635...[0m [36mreq[0m=[35m2e908391[0m
[2m12:02:05[0m [[32m[1minfo     [0m] [1mAll gaps processed for plan 96a299e6... [0m [36mreq[0m=[35m2e908391[0m
[2m12:02:05[0m [[32m[1minfo     [0m] [1mCompleted gap plan: 96a299e6..., status=completed, completed=2, failed=0[0m [36mreq[0m=[35m2e908391[0m
[2m12:02:05[0m [[32m[1minfo     [0m] [1mGap plan execution finished: 96a299e6..., completed=2, failed=0, artifacts=2[0m [36mreq[0m=[35m2e908391[0m
[2m12:02:05[0m [[32m[1minfo     [0m] [1mVerifying gap closure after cycle 1, built 2 capabilities[0m [36mreq[0m=[35m2e908391[0m
[2m12:02:05[0m [[32m[1minfo     [0m] [1mGap CLOSED: 'parse and load multiple CSV files from a directory' by skill/5976ae37...[0m [36mreq[0m=[35m2e908391[0m
[2m12:02:05[0m [[32m[1minfo     [0m] [1mGap CLOSED: 'extract sub-contractor names from file naming patterns' by prompt/255e9635...[0m [36mreq[0m=[35m2e908391[0m
[2m12:02:05[0m [[32m[1minfo     [0m] [1mPlan verification complete: 96a299e6..., closed=2/2, all_closed=True[0m [36mreq[0m=[35m2e908391[0m
[2m12:02:05[0m [[32m[1minfo     [0m] [1mVerification result: closed=2/2, all_closed=True[0m [36mreq[0m=[35m2e908391[0m
[2m12:02:05[0m [[32m[1minfo     [0m] [1mChallenge 0e010cc1... RESOLVED          [0m [36mreq[0m=[35m2e908391[0m
[2m12:02:05[0m [[32m[1minfo     [0m] [1mUSER_NOTIFICATION: Challenge 0e010cc1... RESOLVED after 1 attempts[0m [36mreq[0m=[35m2e908391[0m
[2m12:02:05[0m [[32m[1minfo     [0m] [1mChallenge RESOLVED after cycle 1: 0e010cc1... (all 2 gaps closed)[0m [36mreq[0m=[35m2e908391[0m
[2m12:02:05[0m [[32m[1minfo     [0m] [1mCapability building successful: 0e010cc1-87fa-4352-bc62-c8d838e3ca60[0m [36mreq[0m=[35m2e908391[0m
{
    "name": "agent_spawner.spawn_and_execute",
    "context": {
        "trace_id": "0xd9abc13453c1a4f6548e1bac4dcaedc7",
        "span_id": "0x5a83a91c63154684",
        "trace_state": "[]"
    },
    "kind": "SpanKind.INTERNAL",
    "parent_id": "0x489a3264ff0cb8af",
    "start_time": "2026-05-18T12:02:00.904165Z",
    "end_time": "2026-05-18T12:02:03.255263Z",
    "status": {
        "status_code": "UNSET"
    },
    "attributes": {
        "agent.id": "655d29bd-38bb-430e-8336-cd906fd9069d",
        "agent.task_id": "7c61ba32-a57c-417d-8cda-82387c0403b0",
        "agent.file_path": "prompts/generated/prompt_extract_sub-contractor_names_from_file_naming_patterns.txt",
        "agent.timeout_seconds": 300,
        "agent.registered": true,
        "agent.success": true,
        "agent.duration_seconds": 2.3506760597229004
    },
    "events": [],
    "links": [],
    "resource": {
        "attributes": {
            "telemetry.sdk.language": "python",
            "telemetry.sdk.name": "opentelemetry",
            "telemetry.sdk.version": "1.40.0",
            "service.name": "lumari-backend",
            "service.version": "0.1.0",
            "service.namespace": "lumari",
            "deployment.environment": "development",
            "telemetry.middleware.version": "1.0.0"
        },
        "schema_url": ""
    }
}
{
    "name": "developer_team.execute_wave",
    "context": {
        "trace_id": "0xd9abc13453c1a4f6548e1bac4dcaedc7",
        "span_id": "0x489a3264ff0cb8af",
        "trace_state": "[]"
    },
    "kind": "SpanKind.INTERNAL",
    "parent_id": "0xca33bbbfdcb40942",
    "start_time": "2026-05-18T12:02:00.903809Z",
    "end_time": "2026-05-18T12:02:03.255508Z",
    "status": {
        "status_code": "UNSET"
    },
    "attributes": {
        "wave.files": [
            "prompts/generated/prompt_extract_sub-contractor_names_from_file_naming_patterns.txt"
        ]
    },
    "events": [],
    "links": [],
    "resource": {
        "attributes": {
            "telemetry.sdk.language": "python",
            "telemetry.sdk.name": "opentelemetry",
            "telemetry.sdk.version": "1.40.0",
            "service.name": "lumari-backend",
            "service.version": "0.1.0",
            "service.namespace": "lumari",
            "deployment.environment": "development",
            "telemetry.middleware.version": "1.0.0"
        },
        "schema_url": ""
    }
}
{
    "name": "agent_spawner.spawn_and_execute",
    "context": {
        "trace_id": "0xd9abc13453c1a4f6548e1bac4dcaedc7",
        "span_id": "0x69a2833a2d48f0d0",
        "trace_state": "[]"
    },
    "kind": "SpanKind.INTERNAL",
    "parent_id": "0x8ffb603b1d76df59",
    "start_time": "2026-05-18T12:02:03.255714Z",
    "end_time": "2026-05-18T12:02:05.714106Z",
    "status": {
        "status_code": "UNSET"
    },
    "attributes": {
        "agent.id": "c6f0c98b-412e-4e35-891a-a5499b9d1112",
        "agent.task_id": "7c61ba32-a57c-417d-8cda-82387c0403b0",
        "agent.file_path": "scripts/extract_subcontractors.py",
        "agent.timeout_seconds": 300,
        "agent.registered": true,
        "agent.success": true,
        "agent.duration_seconds": 2.4581081867218018
    },
    "events": [],
    "links": [],
    "resource": {
        "attributes": {
            "telemetry.sdk.language": "python",
            "telemetry.sdk.name": "opentelemetry",
            "telemetry.sdk.version": "1.40.0",
            "service.name": "lumari-backend",
            "service.version": "0.1.0",
            "service.namespace": "lumari",
            "deployment.environment": "development",
            "telemetry.middleware.version": "1.0.0"
        },
        "schema_url": ""
    }
}
{
    "name": "developer_team.execute_wave",
    "context": {
        "trace_id": "0xd9abc13453c1a4f6548e1bac4dcaedc7",
        "span_id": "0x8ffb603b1d76df59",
        "trace_state": "[]"
    },
    "kind": "SpanKind.INTERNAL",
    "parent_id": "0xca33bbbfdcb40942",
    "start_time": "2026-05-18T12:02:03.255609Z",
    "end_time": "2026-05-18T12:02:05.714362Z",
    "status": {
        "status_code": "UNSET"
    },
    "attributes": {
        "wave.files": [
            "scripts/extract_subcontractors.py"
        ]
    },
    "events": [],
    "links": [],
    "resource": {
        "attributes": {
            "telemetry.sdk.language": "python",
            "telemetry.sdk.name": "opentelemetry",
            "telemetry.sdk.version": "1.40.0",
            "service.name": "lumari-backend",
            "service.version": "0.1.0",
            "service.namespace": "lumari",
            "deployment.environment": "development",
            "telemetry.middleware.version": "1.0.0"
        },
        "schema_url": ""
    }
}
{
    "name": "developer_team.execute_complex_task",
    "context": {
        "trace_id": "0xd9abc13453c1a4f6548e1bac4dcaedc7",
        "span_id": "0xca33bbbfdcb40942",
        "trace_state": "[]"
    },
    "kind": "SpanKind.INTERNAL",
    "parent_id": null,
    "start_time": "2026-05-18T12:01:57.089152Z",
    "end_time": "2026-05-18T12:02:05.714553Z",
    "status": {
        "status_code": "UNSET"
    },
    "attributes": {
        "task.id": "7c61ba32-a57c-417d-8cda-82387c0403b0",
        "task.files_count": 1,
        "task.subtasks_count": 2,
        "task.waves_count": 2,
        "task.files_completed": 2,
        "task.files_failed": 0,
        "task.success": true
    },
    "events": [],
    "links": [],
    "resource": {
        "attributes": {
            "telemetry.sdk.language": "python",
            "telemetry.sdk.name": "opentelemetry",
            "telemetry.sdk.version": "1.40.0",
            "service.name": "lumari-backend",
            "service.version": "0.1.0",
            "service.namespace": "lumari",
            "deployment.environment": "development",
            "telemetry.middleware.version": "1.0.0"
        },
        "schema_url": ""
    }
}
[2m12:02:12[0m [[32m[1minfo     [0m] [1mGetting challenge status: id=0e010cc1-87fa-4352-bc62-c8d838e3ca60[0m [36mreq[0m=[35m72a26b93[0m
[2m12:02:12[0m [[32m[1minfo     [0m] [1mrequest_finished                        [0m [36mduration[0m=[35m0.007[0m [36mmethod[0m=[35mGET[0m [36mpath[0m=[35m/api/v1/challenges/0e010cc1-87fa-4352-bc62-c8d838e3ca60[0m [36mreq[0m=[35m72a26b93[0m [36mrequest_id[0m=[35m72a26b93-7eec-4500-a391-e7bc398eba97[0m [36mstatus[0m=[35m200[0m
[2m12:02:12[0m [[32m[1minfo     [0m] [1mExecuting challenge: id=0e010cc1-87fa-4352-bc62-c8d838e3ca60[0m [36mreq[0m=[35m69562c71[0m
[2m12:02:12[0m [[32m[1minfo     [0m] [1mrequest_finished                        [0m [36mduration[0m=[35m0.008[0m [36mmethod[0m=[35mPOST[0m [36mpath[0m=[35m/api/v1/challenges/0e010cc1-87fa-4352-bc62-c8d838e3ca60/execute[0m [36mreq[0m=[35m69562c71[0m [36mrequest_id[0m=[35m69562c71-3936-4325-929b-036d34cab47d[0m [36mstatus[0m=[35m200[0m
[2m12:02:12[0m [[32m[1minfo     [0m] [1mStarting background execution: challenge_id=0e010cc1-87fa-4352-bc62-c8d838e3ca60[0m [36mreq[0m=[35m69562c71[0m
[2m12:02:12[0m [[32m[1minfo     [0m] [1mLoading topology from database...       [0m [36mreq[0m=[35m69562c71[0m
[2m12:02:12[0m [[32m[1minfo     [0m] [1mMapped 12 skill entries to 10 capabilities[0m [36mreq[0m=[35m69562c71[0m
[2m12:02:12[0m [[32m[1minfo     [0m] [1mTopology validated: 11 agents in 5 waves[0m [36mreq[0m=[35m69562c71[0m
[2m12:02:12[0m [[32m[1minfo     [0m] [1mLoaded 12 skills for topology           [0m [36mreq[0m=[35m69562c71[0m
[2m12:02:12[0m [[32m[1minfo     [0m] [1mTopology loaded: 11 agents, 5 waves     [0m [36mreq[0m=[35m69562c71[0m
[2m12:02:12[0m [[32m[1minfo     [0m] [1mShared memory initialized with Qdrant   [0m [36mreq[0m=[35m69562c71[0m
[2m12:02:12[0m [[32m[1minfo     [0m] [1mHybridOrchestrator initialized          [0m [36mreq[0m=[35m69562c71[0m
[2m12:02:12[0m [[32m[1minfo     [0m] [1mStarting execution: 1880a291-2d38-4f43-896e-f86b4aff4312[0m [36mreq[0m=[35m69562c71[0m
[2m12:02:15[0m [[32m[1minfo     [0m] [1mTeamAssembler meldet Gaps: 2 fehlende Capabilities[0m [36mreq[0m=[35m69562c71[0m
[2m12:02:15[0m [[32m[1minfo     [0m] [1mLoading topology from database...       [0m [36mreq[0m=[35m69562c71[0m
[2m12:02:15[0m [[32m[1minfo     [0m] [1mMapped 12 skill entries to 10 capabilities[0m [36mreq[0m=[35m69562c71[0m
[2m12:02:15[0m [[32m[1minfo     [0m] [1mTopology validated: 11 agents in 5 waves[0m [36mreq[0m=[35m69562c71[0m
[2m12:02:15[0m [[32m[1minfo     [0m] [1mLoaded 12 skills for topology           [0m [36mreq[0m=[35m69562c71[0m
[2m12:02:15[0m [[32m[1minfo     [0m] [1mTopology loaded: 11 agents, 5 waves     [0m [36mreq[0m=[35m69562c71[0m
[2m12:02:15[0m [[32m[1minfo     [0m] [1mRuntimeAgentRegistry initialized with max_concurrent=5[0m [36mreq[0m=[35m69562c71[0m
[2m12:02:15[0m [[32m[1minfo     [0m] [1mbuild_on_demand: building skill for 'Direkter Datenbank-Connector (SQL-Execution)'[0m [36mreq[0m=[35m69562c71[0m
[2m12:02:15[0m [[32m[1minfo     [0m] [1mStarting team-based skill development for: Direkter Datenbank-Connector (SQL-Execution)[0m [36mreq[0m=[35m69562c71[0m
[2m12:02:15[0m [[32m[1minfo     [0m] [1mResearching capability: Direkter Datenbank-Connector (SQL-Execution)[0m [36mreq[0m=[35m69562c71[0m
[2m12:02:15[0m [[32m[1minfo     [0m] [1mresponse: https://en.wikipedia.org/w/api.php?action=opensearch&profile=fuzzy&limit=1&search=python%20Direkter%20Datenbank-Connector%20%28SQL-Execution%29%20implementation%20example%20code 200[0m
[2m12:02:16[0m [[32m[1minfo     [0m] [1mresponse: https://grokipedia.com/api/typeahead?query=python+Direkter+Datenbank-Connector+%28SQL-Execution%29+implementation+example+code&limit=1 200[0m
[2m12:02:16[0m [[32m[1minfo     [0m] [1mresponse: https://consent.yahoo.com/v2/collectConsent?sessionId=3_cc-session_4330a298-e805-4903-8434-b8d121149bc5 200[0m
[2m12:02:16[0m [[32m[1minfo     [0m] [1mresponse: https://html.duckduckgo.com/html/ 202[0m
[2m12:02:17[0m [[32m[1minfo     [0m] [1mresponse: https://search.brave.com/search?q=python+Direkter+Datenbank-Connector+%28SQL-Execution%29+implementation+example+code&source=web 429[0m
[2m12:02:17[0m [[32m[1minfo     [0m] [1mresponse: https://yandex.com/search/site/?text=python+Direkter+Datenbank-Connector+%28SQL-Execution%29+implementation+example+code&web=1&searchid=6642185 200[0m
[2m12:02:17[0m [[32m[1minfo     [0m] [1mWeb search for 'python Direkter Datenbank-Connector (SQL-Execution) implemen' returned 5 results[0m [36mreq[0m=[35m69562c71[0m
[2m12:02:21[0m [[32m[1minfo     [0m] [1mSummarized 6 sources into 3018 chars    [0m [36mreq[0m=[35m69562c71[0m
[2m12:02:22[0m [[32m[1minfo     [0m] [1mResearch complete for Direkter Datenbank-Connector (SQL-Execution): pip=['psycopg2-binary'], examples=1[0m [36mreq[0m=[35m69562c71[0m
[2m12:02:22[0m [[32m[1minfo     [0m] [1mResearch complete: 1 packages found     [0m [36mreq[0m=[35m69562c71[0m
[2m12:02:22[0m [[32m[1minfo     [0m] [1mGetting challenge status: id=0e010cc1-87fa-4352-bc62-c8d838e3ca60[0m [36mreq[0m=[35me8bd1299[0m
[2m12:02:22[0m [[32m[1minfo     [0m] [1mrequest_finished                        [0m [36mduration[0m=[35m0.009[0m [36mmethod[0m=[35mGET[0m [36mpath[0m=[35m/api/v1/challenges/0e010cc1-87fa-4352-bc62-c8d838e3ca60[0m [36mreq[0m=[35me8bd1299[0m [36mrequest_id[0m=[35me8bd1299-d26c-4ee6-a42d-8cf1cf28091d[0m [36mstatus[0m=[35m200[0m
[2m12:02:24[0m [[32m[1minfo     [0m] [1mArchitecture complete: 2 test cases defined[0m [36mreq[0m=[35m69562c71[0m
[2m12:02:24[0m [[32m[1minfo     [0m] [1mSession start: iteration=1/10, pip=1, apt=0[0m [36mreq[0m=[35m69562c71[0m
[2m12:02:24[0m [[32m[1minfo     [0m] [1mDocker client connected successfully    [0m [36mreq[0m=[35m69562c71[0m
[2m12:02:25[0m [[32m[1minfo     [0m] [1mSession container created: 8051a5a83d17 [0m [36mreq[0m=[35m69562c71[0m
[2m12:02:25[0m [[32m[1minfo     [0m] [1mInstalling pip packages: "psycopg2-binary"[0m [36mreq[0m=[35m69562c71[0m
[2m12:02:26[0m [[32m[1minfo     [0m] [1mPip packages installed successfully     [0m [36mreq[0m=[35m69562c71[0m
[2m12:02:26[0m [[32m[1minfo     [0m] [1mImplementation iteration 1/10           [0m [36mreq[0m=[35m69562c71[0m
[2m12:02:28[0m [[32m[1minfo     [0m] [1mImplementation erfolgreich nach 1 Iterationen[0m [36mreq[0m=[35m69562c71[0m
[2m12:02:32[0m [[32m[1minfo     [0m] [1mGetting challenge status: id=0e010cc1-87fa-4352-bc62-c8d838e3ca60[0m [36mreq[0m=[35m5ad2335b[0m
[2m12:02:32[0m [[32m[1minfo     [0m] [1mrequest_finished                        [0m [36mduration[0m=[35m0.009[0m [36mmethod[0m=[35mGET[0m [36mpath[0m=[35m/api/v1/challenges/0e010cc1-87fa-4352-bc62-c8d838e3ca60[0m [36mreq[0m=[35m5ad2335b[0m [36mrequest_id[0m=[35m5ad2335b-d3ea-4df7-8cf7-a14321f19a9c[0m [36mstatus[0m=[35m200[0m
[2m12:02:34[0m [[32m[1minfo     [0m] [1mReview iteration 1/2                    [0m [36mreq[0m=[35m69562c71[0m
[2m12:02:39[0m [[32m[1minfo     [0m] [1mStarting sandbox execution: pip=['psycopg2-binary'], apt=[], input_files=[][0m [36mreq[0m=[35m69562c71[0m
[2m12:02:40[0m [[32m[1minfo     [0m] [1mInstalling pip packages: "psycopg2-binary"[0m [36mreq[0m=[35m69562c71[0m
[2m12:02:41[0m [[32m[1minfo     [0m] [1mPip packages installed successfully     [0m [36mreq[0m=[35m69562c71[0m
[2m12:02:41[0m [[32m[1minfo     [0m] [1mSandbox execution complete: success=True, time=1781ms, cached=False[0m [36mreq[0m=[35m69562c71[0m
[2m12:02:42[0m [[32m[1minfo     [0m] [1mGetting challenge status: id=0e010cc1-87fa-4352-bc62-c8d838e3ca60[0m [36mreq[0m=[35m53ce2ef6[0m
[2m12:02:42[0m [[32m[1minfo     [0m] [1mrequest_finished                        [0m [36mduration[0m=[35m0.007[0m [36mmethod[0m=[35mGET[0m [36mpath[0m=[35m/api/v1/challenges/0e010cc1-87fa-4352-bc62-c8d838e3ca60[0m [36mreq[0m=[35m53ce2ef6[0m [36mrequest_id[0m=[35m53ce2ef6-81c8-41a5-9698-5f6e32ca6dc8[0m [36mstatus[0m=[35m200[0m
[2m12:02:46[0m [[32m[1minfo     [0m] [1mReview iteration 2/2                    [0m [36mreq[0m=[35m69562c71[0m
[2m12:02:49[0m [[33m[1mwarning  [0m] [1mReview-Iterationen erschöpft, akzeptiere pre-review Code[0m [36mreq[0m=[35m69562c71[0m
[2m12:02:49[0m [[32m[1minfo     [0m] [1mStarting sandbox execution: pip=['psycopg2-binary'], apt=[], input_files=[][0m [36mreq[0m=[35m69562c71[0m
[2m12:02:49[0m [[32m[1minfo     [0m] [1mInstalling pip packages: "psycopg2-binary"[0m [36mreq[0m=[35m69562c71[0m
[2m12:02:51[0m [[32m[1minfo     [0m] [1mPip packages installed successfully     [0m [36mreq[0m=[35m69562c71[0m
[2m12:02:51[0m [[32m[1minfo     [0m] [1mSandbox execution complete: success=True, time=1737ms, cached=False[0m [36mreq[0m=[35m69562c71[0m
[2m12:02:52[0m [[32m[1minfo     [0m] [1mGetting challenge status: id=0e010cc1-87fa-4352-bc62-c8d838e3ca60[0m [36mreq[0m=[35m055db54d[0m
[2m12:02:52[0m [[32m[1minfo     [0m] [1mrequest_finished                        [0m [36mduration[0m=[35m0.008[0m [36mmethod[0m=[35mGET[0m [36mpath[0m=[35m/api/v1/challenges/0e010cc1-87fa-4352-bc62-c8d838e3ca60[0m [36mreq[0m=[35m055db54d[0m [36mrequest_id[0m=[35m055db54d-8f23-45ab-9376-82801d5f933f[0m [36mstatus[0m=[35m200[0m
[2m12:02:56[0m [[32m[1minfo     [0m] [1mCreated new skill: 68e5208c-1f54-4fca-b857-d6912ca32cbd[0m [36mreq[0m=[35m69562c71[0m
[2m12:02:56[0m [[32m[1minfo     [0m] [1mRecorded build attempt: capability=Direkter Datenbank-Connector (SQL-Execution), success=True, error_type=None[0m [36mreq[0m=[35m69562c71[0m
[2m12:02:56[0m [[32m[1minfo     [0m] [1mSkill development complete: skill_direkter_datenbank_connector_(sql_execution) in 41156ms[0m [36mreq[0m=[35m69562c71[0m
[2m12:02:56[0m [[32m[1minfo     [0m] [1mInjecting skill 68e5208c... with plan: target_agent=e76607a6..., rationale=The tool_builder is the most appropriate agent for creating robust, reusable infrastructure utilities like database connectors that serve as foundational components for other agents.[0m [36mreq[0m=[35m69562c71[0m
[2m12:02:56[0m [[32m[1minfo     [0m] [1mCreated skill binding: skill=68e5208c... -> agent=e76607a6...[0m [36mreq[0m=[35m69562c71[0m
[2m12:02:56[0m [[32m[1minfo     [0m] [1mLoading topology from database...       [0m [36mreq[0m=[35m69562c71[0m
[2m12:02:56[0m [[32m[1minfo     [0m] [1mMapped 13 skill entries to 11 capabilities[0m [36mreq[0m=[35m69562c71[0m
[2m12:02:56[0m [[32m[1minfo     [0m] [1mTopology validated: 11 agents in 5 waves[0m [36mreq[0m=[35m69562c71[0m
[2m12:02:56[0m [[32m[1minfo     [0m] [1mLoaded 13 skills for topology           [0m [36mreq[0m=[35m69562c71[0m
[2m12:02:56[0m [[32m[1minfo     [0m] [1mTopology loaded: 11 agents, 5 waves     [0m [36mreq[0m=[35m69562c71[0m
[2m12:02:56[0m [[32m[1minfo     [0m] [1mPlan-based injection complete: skill=68e5208c... -> agent=tool_builder[0m [36mreq[0m=[35m69562c71[0m
[2m12:02:56[0m [[32m[1minfo     [0m] [1mbuild_on_demand: skill 'skill_direkter_datenbank_connector_(sql_execution)' built and injected (inject_ok=True, msg=Skill injected and bound to agent 'tool_builder' via architect plan)[0m [36mreq[0m=[35m69562c71[0m
[2m12:02:56[0m [[32m[1minfo     [0m] [1mbuild_on_demand: building skill for 'Automatisierter Dateisystem-Crawler für CSV-Batch-Verarbeitung'[0m [36mreq[0m=[35m69562c71[0m
[2m12:02:56[0m [[32m[1minfo     [0m] [1mStarting team-based skill development for: Automatisierter Dateisystem-Crawler für CSV-Batch-Verarbeitung[0m [36mreq[0m=[35m69562c71[0m
[2m12:02:56[0m [[32m[1minfo     [0m] [1mResearching capability: Automatisierter Dateisystem-Crawler für CSV-Batch-Verarbeitung[0m [36mreq[0m=[35m69562c71[0m
[2m12:02:56[0m [[32m[1minfo     [0m] [1mUsing cached research for: Automatisierter Dateisystem-Crawler für CSV-Batch-Verarbeitung[0m [36mreq[0m=[35m69562c71[0m
[2m12:02:56[0m [[32m[1minfo     [0m] [1mResearch complete: 0 packages found     [0m [36mreq[0m=[35m69562c71[0m
[2m12:02:59[0m [[32m[1minfo     [0m] [1mArchitecture complete: 1 test cases defined[0m [36mreq[0m=[35m69562c71[0m
[2m12:02:59[0m [[32m[1minfo     [0m] [1mSession start: iteration=1/10, pip=0, apt=0[0m [36mreq[0m=[35m69562c71[0m
[2m12:02:59[0m [[32m[1minfo     [0m] [1mSession container created: 08a4461cdf55 [0m [36mreq[0m=[35m69562c71[0m
[2m12:02:59[0m [[32m[1minfo     [0m] [1mImplementation iteration 1/10           [0m [36mreq[0m=[35m69562c71[0m
[2m12:03:01[0m [[32m[1minfo     [0m] [1mImplementation erfolgreich nach 1 Iterationen[0m [36mreq[0m=[35m69562c71[0m
[2m12:03:02[0m [[32m[1minfo     [0m] [1mGetting challenge status: id=0e010cc1-87fa-4352-bc62-c8d838e3ca60[0m [36mreq[0m=[35mb64166a0[0m
[2m12:03:02[0m [[32m[1minfo     [0m] [1mrequest_finished                        [0m [36mduration[0m=[35m0.009[0m [36mmethod[0m=[35mGET[0m [36mpath[0m=[35m/api/v1/challenges/0e010cc1-87fa-4352-bc62-c8d838e3ca60[0m [36mreq[0m=[35mb64166a0[0m [36mrequest_id[0m=[35mb64166a0-10f7-44af-b128-89a160f4d8c5[0m [36mstatus[0m=[35m200[0m
[2m12:03:06[0m [[32m[1minfo     [0m] [1mReview iteration 1/2                    [0m [36mreq[0m=[35m69562c71[0m
[2m12:03:11[0m [[32m[1minfo     [0m] [1mStarting sandbox execution: pip=[], apt=[], input_files=[][0m [36mreq[0m=[35m69562c71[0m
[2m12:03:12[0m [[32m[1minfo     [0m] [1mGetting challenge status: id=0e010cc1-87fa-4352-bc62-c8d838e3ca60[0m [36mreq[0m=[35m028a4863[0m
[2m12:03:12[0m [[32m[1minfo     [0m] [1mrequest_finished                        [0m [36mduration[0m=[35m0.005[0m [36mmethod[0m=[35mGET[0m [36mpath[0m=[35m/api/v1/challenges/0e010cc1-87fa-4352-bc62-c8d838e3ca60[0m [36mreq[0m=[35m028a4863[0m [36mrequest_id[0m=[35m028a4863-24cb-458f-9eca-dd8dfcbfb0b2[0m [36mstatus[0m=[35m200[0m
[2m12:03:12[0m [[33m[1mwarning  [0m] [1mCode execution failed (exit=1): Testing with input: {'input_path': '/workspace/test_input', 'output_path': '/workspace/test_output', 'error_path': '/workspace/test_errors'}
Result: {'success': False, 'error': 'Access denied: Path outside base directory.'}
TEST FAILED: Access denied: Path outside base directory.
[0m [36mreq[0m=[35m69562c71[0m
[2m12:03:12[0m [[32m[1minfo     [0m] [1mSandbox execution complete: success=False, time=535ms, cached=False[0m [36mreq[0m=[35m69562c71[0m
[2m12:03:17[0m [[33m[1mwarning  [0m] [1mRevision broke the code: Testing with input: {'input_path': '/workspace/test_input', 'output_path': '/workspace/test_output', 'error_path': '/workspace/test_errors'}
Result: {'success': False, 'error': 'Access denied: Path ou. Reverting to pre-review code.[0m [36mreq[0m=[35m69562c71[0m
[2m12:03:17[0m [[32m[1minfo     [0m] [1mStarting sandbox execution: pip=[], apt=[], input_files=[][0m [36mreq[0m=[35m69562c71[0m
[2m12:03:18[0m [[32m[1minfo     [0m] [1mSandbox execution complete: success=True, time=548ms, cached=False[0m [36mreq[0m=[35m69562c71[0m
[2m12:03:22[0m [[32m[1minfo     [0m] [1mGetting challenge status: id=0e010cc1-87fa-4352-bc62-c8d838e3ca60[0m [36mreq[0m=[35m773791c7[0m
[2m12:03:22[0m [[32m[1minfo     [0m] [1mrequest_finished                        [0m [36mduration[0m=[35m0.008[0m [36mmethod[0m=[35mGET[0m [36mpath[0m=[35m/api/v1/challenges/0e010cc1-87fa-4352-bc62-c8d838e3ca60[0m [36mreq[0m=[35m773791c7[0m [36mrequest_id[0m=[35m773791c7-d239-4e07-b740-300b9ad6f01e[0m [36mstatus[0m=[35m200[0m
[2m12:03:23[0m [[32m[1minfo     [0m] [1mCreated new skill: 3d8f720a-82c5-4fa8-b131-716725ae2951[0m [36mreq[0m=[35m69562c71[0m
[2m12:03:23[0m [[32m[1minfo     [0m] [1mRecorded build attempt: capability=Automatisierter Dateisystem-Crawler für CSV-Batch-Verarbeitung, success=True, error_type=None[0m [36mreq[0m=[35m69562c71[0m
[2m12:03:23[0m [[32m[1minfo     [0m] [1mSkill development complete: skill_automatisierter_dateisystem_crawler_für_csv_batch_verarbeitung in 26565ms[0m [36mreq[0m=[35m69562c71[0m
[2m12:03:23[0m [[32m[1minfo     [0m] [1mInjecting skill 3d8f720a... with plan: target_agent=e76607a6..., rationale=The tool_builder is the most appropriate agent for creating robust, reusable utility functions that handle data ingestion and file system operations.[0m [36mreq[0m=[35m69562c71[0m
[2m12:03:23[0m [[32m[1minfo     [0m] [1mCreated skill binding: skill=3d8f720a... -> agent=e76607a6...[0m [36mreq[0m=[35m69562c71[0m
[2m12:03:23[0m [[32m[1minfo     [0m] [1mLoading topology from database...       [0m [36mreq[0m=[35m69562c71[0m
[2m12:03:23[0m [[32m[1minfo     [0m] [1mMapped 14 skill entries to 12 capabilities[0m [36mreq[0m=[35m69562c71[0m
[2m12:03:23[0m [[32m[1minfo     [0m] [1mTopology validated: 11 agents in 5 waves[0m [36mreq[0m=[35m69562c71[0m
[2m12:03:23[0m [[32m[1minfo     [0m] [1mLoaded 14 skills for topology           [0m [36mreq[0m=[35m69562c71[0m
[2m12:03:23[0m [[32m[1minfo     [0m] [1mTopology loaded: 11 agents, 5 waves     [0m [36mreq[0m=[35m69562c71[0m
[2m12:03:23[0m [[32m[1minfo     [0m] [1mPlan-based injection complete: skill=3d8f720a... -> agent=tool_builder[0m [36mreq[0m=[35m69562c71[0m
[2m12:03:23[0m [[32m[1minfo     [0m] [1mbuild_on_demand: skill 'skill_automatisierter_dateisystem_crawler_für_csv_batch_verarbeitung' built and injected (inject_ok=True, msg=Skill injected and bound to agent 'tool_builder' via architect plan)[0m [36mreq[0m=[35m69562c71[0m
[2m12:03:26[0m [[33m[1mwarning  [0m] [1mTeam assembly: Gaps nach Gap-Build noch offen, Fallback[0m [36mreq[0m=[35m69562c71[0m
[2m12:03:26[0m [[32m[1minfo     [0m] [1mLoading topology from database...       [0m [36mreq[0m=[35m69562c71[0m
[2m12:03:26[0m [[32m[1minfo     [0m] [1mMapped 14 skill entries to 12 capabilities[0m [36mreq[0m=[35m69562c71[0m
[2m12:03:26[0m [[32m[1minfo     [0m] [1mTopology validated: 11 agents in 5 waves[0m [36mreq[0m=[35m69562c71[0m
[2m12:03:26[0m [[32m[1minfo     [0m] [1mLoaded 14 skills for topology           [0m [36mreq[0m=[35m69562c71[0m
[2m12:03:26[0m [[32m[1minfo     [0m] [1mTopology loaded: 11 agents, 5 waves     [0m [36mreq[0m=[35m69562c71[0m
[2m12:03:26[0m [[32m[1minfo     [0m] [1mDocker client connected successfully    [0m [36mreq[0m=[35m69562c71[0m
[2m12:03:26[0m [[32m[1minfo     [0m] [1mCreated DynamicSandbox executor (Docker-based, unrestricted)[0m [36mreq[0m=[35m69562c71[0m
[2m12:03:26[0m [[32m[1minfo     [0m] [1mLoading topology from database...       [0m [36mreq[0m=[35m69562c71[0m
[2m12:03:26[0m [[32m[1minfo     [0m] [1mMapped 14 skill entries to 12 capabilities[0m [36mreq[0m=[35m69562c71[0m
[2m12:03:26[0m [[32m[1minfo     [0m] [1mTopology validated: 11 agents in 5 waves[0m [36mreq[0m=[35m69562c71[0m
[2m12:03:26[0m [[32m[1minfo     [0m] [1mLoaded 14 skills for topology           [0m [36mreq[0m=[35m69562c71[0m
[2m12:03:26[0m [[32m[1minfo     [0m] [1mTopology loaded: 11 agents, 5 waves     [0m [36mreq[0m=[35m69562c71[0m
[2m12:03:26[0m [[32m[1minfo     [0m] [1mRuntimeAgentRegistry initialized with max_concurrent=5[0m [36mreq[0m=[35m69562c71[0m
[2m12:03:26[0m [[32m[1minfo     [0m] [1mExecuting wave 1/5: ['b2972519-389d-4c28-b232-f7fc483725f6', '89bbc5ee-1be6-41d6-93f1-a3e688122d9c', '73b1df33-d616-42b7-9681-a6b7053ec062', 'ba9c6211-ea51-445d-8046-24986542cf64'][0m [36mreq[0m=[35m69562c71[0m
[2m12:03:26[0m [[32m[1minfo     [0m] [1mSkipping dev-team agent 'product_owner' in execution wave[0m [36mreq[0m=[35m69562c71[0m
[2m12:03:26[0m [[32m[1minfo     [0m] [1mSkipping dev-team agent 'quality_judge' in execution wave[0m [36mreq[0m=[35m69562c71[0m
[2m12:03:26[0m [[32m[1minfo     [0m] [1mSkipping dev-team agent 'execution_analyzer' in execution wave[0m [36mreq[0m=[35m69562c71[0m
[2m12:03:26[0m [[32m[1minfo     [0m] [1mExecuting agent: transcript_analyzer (b2972519-389d-4c28-b232-f7fc483725f6)[0m [36mreq[0m=[35m69562c71[0m
[2m12:03:26[0m [[32m[1minfo     [0m] [1mshared_memory_metrics agent=transcript_analyzer facts_kept=5 facts_total=8 hypotheses=0 relations=0 approx_tokens=692 query_chars=679[0m [36mreq[0m=[35m69562c71[0m
[2m12:03:27[0m [[32m[1minfo     [0m] [1mTool call 1/15: skill_parse_and_load_multiple_csv_files_from_a_directory[0m [36mreq[0m=[35m69562c71[0m
[2m12:03:27[0m [[32m[1minfo     [0m] [1mStarting sandbox execution: pip=['sqlalchemy', 'pandas', 'psycopg2_binary', 'psycopg2-binary'], apt=[], input_files=[][0m [36mreq[0m=[35m69562c71[0m
[2m12:03:27[0m [[32m[1minfo     [0m] [1mInstalling pip packages: "sqlalchemy" "pandas" "psycopg2_binary" "psycopg2-binary"[0m [36mreq[0m=[35m69562c71[0m
[2m12:03:32[0m [[32m[1minfo     [0m] [1mGetting challenge status: id=0e010cc1-87fa-4352-bc62-c8d838e3ca60[0m [36mreq[0m=[35mfe8bff6b[0m
[2m12:03:32[0m [[32m[1minfo     [0m] [1mrequest_finished                        [0m [36mduration[0m=[35m0.006[0m [36mmethod[0m=[35mGET[0m [36mpath[0m=[35m/api/v1/challenges/0e010cc1-87fa-4352-bc62-c8d838e3ca60[0m [36mreq[0m=[35mfe8bff6b[0m [36mrequest_id[0m=[35mfe8bff6b-bdd5-417c-83bc-eb5b25d6335e[0m [36mstatus[0m=[35m200[0m
[2m12:03:35[0m [[32m[1minfo     [0m] [1mPip packages installed successfully     [0m [36mreq[0m=[35m69562c71[0m
[2m12:03:36[0m [[32m[1minfo     [0m] [1mSandbox execution complete: success=True, time=8380ms, cached=False[0m [36mreq[0m=[35m69562c71[0m
[2m12:03:36[0m [[32m[1minfo     [0m] [1mCaching container image for future use...[0m [36mreq[0m=[35m69562c71[0m
[2m12:03:36[0m [[32m[1minfo     [0m] [1mBuilding image: lumari-sandbox:excel-70e0ee8a[0m [36mreq[0m=[35m69562c71[0m
[2m12:03:36[0m [[32m[1minfo     [0m] [1m  pip: ['sqlalchemy', 'pandas', 'psycopg2_binary', 'psycopg2-binary'][0m [36mreq[0m=[35m69562c71[0m
[2m12:03:36[0m [[32m[1minfo     [0m] [1m  apt: []                               [0m [36mreq[0m=[35m69562c71[0m
[2m12:03:42[0m [[32m[1minfo     [0m] [1mGetting challenge status: id=0e010cc1-87fa-4352-bc62-c8d838e3ca60[0m [36mreq[0m=[35m0dc05e54[0m
[2m12:03:42[0m [[32m[1minfo     [0m] [1mrequest_finished                        [0m [36mduration[0m=[35m0.009[0m [36mmethod[0m=[35mGET[0m [36mpath[0m=[35m/api/v1/challenges/0e010cc1-87fa-4352-bc62-c8d838e3ca60[0m [36mreq[0m=[35m0dc05e54[0m [36mrequest_id[0m=[35m0dc05e54-97eb-43e3-a293-a1d624da43a6[0m [36mstatus[0m=[35m200[0m
[2m12:03:52[0m [[32m[1minfo     [0m] [1mGetting challenge status: id=0e010cc1-87fa-4352-bc62-c8d838e3ca60[0m [36mreq[0m=[35m842db7cc[0m
[2m12:03:52[0m [[32m[1minfo     [0m] [1mrequest_finished                        [0m [36mduration[0m=[35m0.006[0m [36mmethod[0m=[35mGET[0m [36mpath[0m=[35m/api/v1/challenges/0e010cc1-87fa-4352-bc62-c8d838e3ca60[0m [36mreq[0m=[35m842db7cc[0m [36mrequest_id[0m=[35m842db7cc-6ded-4a4f-b202-ce79b6aa83a3[0m [36mstatus[0m=[35m200[0m
[2m12:03:55[0m [[32m[1minfo     [0m] [1mImage built successfully: lumari-sandbox:excel-70e0ee8a (19539ms)[0m [36mreq[0m=[35m69562c71[0m
[2m12:04:02[0m [[32m[1minfo     [0m] [1mGetting challenge status: id=0e010cc1-87fa-4352-bc62-c8d838e3ca60[0m [36mreq[0m=[35meaa40d0d[0m
[2m12:04:02[0m [[32m[1minfo     [0m] [1mrequest_finished                        [0m [36mduration[0m=[35m0.008[0m [36mmethod[0m=[35mGET[0m [36mpath[0m=[35m/api/v1/challenges/0e010cc1-87fa-4352-bc62-c8d838e3ca60[0m [36mreq[0m=[35meaa40d0d[0m [36mrequest_id[0m=[35meaa40d0d-8d83-427a-8aeb-241e02d97e83[0m [36mstatus[0m=[35m200[0m
[2m12:04:02[0m [[32m[1minfo     [0m] [1mTool call 2/15: skill_direkter_sql_datenbank_konnektor_(die_verfügbaren_agenten_sind_auf_generische_textverarbeitung_spezialisiert,_der_zugriff_auf_die_datenbank_muss_über_die_skill_ebene_der_agenten_abstrahiert_werden)[0m [36mreq[0m=[35m69562c71[0m
[2m12:04:02[0m [[32m[1minfo     [0m] [1mStarting sandbox execution: pip=['psycopg2-binary', 'sqlalchemy'], apt=[], input_files=[][0m [36mreq[0m=[35m69562c71[0m
[2m12:04:02[0m [[32m[1minfo     [0m] [1mFound cached image: lumari-sandbox:custom-95cd1c6e (usage=35)[0m [36mreq[0m=[35m69562c71[0m
[2m12:04:02[0m [[32m[1minfo     [0m] [1mUsing cached image: lumari-sandbox:custom-95cd1c6e[0m [36mreq[0m=[35m69562c71[0m
[2m12:04:02[0m [[32m[1minfo     [0m] [1mSandbox execution complete: success=True, time=502ms, cached=True[0m [36mreq[0m=[35m69562c71[0m
[2m12:04:09[0m [[32m[1minfo     [0m] [1mTool call 3/15: skill_execute_sql_queries_to_retrieve_column_metadata_and_foreign_key_constraints[0m [36mreq[0m=[35m69562c71[0m
[2m12:04:09[0m [[32m[1minfo     [0m] [1mStarting sandbox execution: pip=['psycopg2-binary', 'sqlalchemy'], apt=[], input_files=[][0m [36mreq[0m=[35m69562c71[0m
[2m12:04:09[0m [[32m[1minfo     [0m] [1mFound cached image: lumari-sandbox:custom-95cd1c6e (usage=36)[0m [36mreq[0m=[35m69562c71[0m
[2m12:04:09[0m [[32m[1minfo     [0m] [1mUsing cached image: lumari-sandbox:custom-95cd1c6e[0m [36mreq[0m=[35m69562c71[0m
[2m12:04:09[0m [[32m[1minfo     [0m] [1mSandbox execution complete: success=True, time=521ms, cached=True[0m [36mreq[0m=[35m69562c71[0m
[2m12:04:12[0m [[32m[1minfo     [0m] [1mGetting challenge status: id=0e010cc1-87fa-4352-bc62-c8d838e3ca60[0m [36mreq[0m=[35mef285f25[0m
[2m12:04:12[0m [[32m[1minfo     [0m] [1mrequest_finished                        [0m [36mduration[0m=[35m0.006[0m [36mmethod[0m=[35mGET[0m [36mpath[0m=[35m/api/v1/challenges/0e010cc1-87fa-4352-bc62-c8d838e3ca60[0m [36mreq[0m=[35mef285f25[0m [36mrequest_id[0m=[35mef285f25-38e3-47af-a0ce-f50c621cb20b[0m [36mstatus[0m=[35m200[0m
[2m12:04:16[0m [[32m[1minfo     [0m] [1mTool call 4/15: skill_execute_sql_queries_to_retrieve_column_metadata_and_foreign_key_constraints[0m [36mreq[0m=[35m69562c71[0m
[2m12:04:16[0m [[32m[1minfo     [0m] [1mStarting sandbox execution: pip=['psycopg2-binary', 'sqlalchemy'], apt=[], input_files=[][0m [36mreq[0m=[35m69562c71[0m
[2m12:04:16[0m [[32m[1minfo     [0m] [1mFound cached image: lumari-sandbox:custom-95cd1c6e (usage=37)[0m [36mreq[0m=[35m69562c71[0m
[2m12:04:16[0m [[32m[1minfo     [0m] [1mUsing cached image: lumari-sandbox:custom-95cd1c6e[0m [36mreq[0m=[35m69562c71[0m
[2m12:04:16[0m [[32m[1minfo     [0m] [1mSandbox execution complete: success=True, time=522ms, cached=True[0m [36mreq[0m=[35m69562c71[0m
[2m12:04:22[0m [[32m[1minfo     [0m] [1mGetting challenge status: id=0e010cc1-87fa-4352-bc62-c8d838e3ca60[0m [36mreq[0m=[35m250693c0[0m
[2m12:04:22[0m [[32m[1minfo     [0m] [1mrequest_finished                        [0m [36mduration[0m=[35m0.009[0m [36mmethod[0m=[35mGET[0m [36mpath[0m=[35m/api/v1/challenges/0e010cc1-87fa-4352-bc62-c8d838e3ca60[0m [36mreq[0m=[35m250693c0[0m [36mrequest_id[0m=[35m250693c0-aa6a-4213-90ca-14aed7609511[0m [36mstatus[0m=[35m200[0m
[2m12:04:24[0m [[32m[1minfo     [0m] [1mAgent transcript_analyzer returned final answer after 4 tool calls[0m [36mreq[0m=[35m69562c71[0m
[2m12:04:25[0m [[32m[1minfo     [0m] [1mAgent transcript_analyzer completed     [0m [36mreq[0m=[35m69562c71[0m
[2m12:04:25[0m [[32m[1minfo     [0m] [1mWave 1 agent 'transcript_analyzer' completed: success=True, skipped=False, result_len=1581[0m [36mreq[0m=[35m69562c71[0m
[2m12:04:25[0m [[32m[1minfo     [0m] [1mExecuting wave 2/5: ['7eab52e8-a142-4154-a4a2-1cd6172eab46', '4842fd71-80d9-4aed-b00a-61c4a1d60407'][0m [36mreq[0m=[35m69562c71[0m
[2m12:04:25[0m [[32m[1minfo     [0m] [1mSkipping dev-team agent 'control_agent' in execution wave[0m [36mreq[0m=[35m69562c71[0m
[2m12:04:25[0m [[32m[1minfo     [0m] [1mExecuting agent: context_retriever (7eab52e8-a142-4154-a4a2-1cd6172eab46)[0m [36mreq[0m=[35m69562c71[0m
[2m12:04:26[0m [[32m[1minfo     [0m] [1mTool call 1/15: skill_analyze_database_schema_structure[0m [36mreq[0m=[35m69562c71[0m
[2m12:04:26[0m [[32m[1minfo     [0m] [1mStarting sandbox execution: pip=['psycopg2-binary', 'sqlalchemy'], apt=[], input_files=[][0m [36mreq[0m=[35m69562c71[0m
[2m12:04:26[0m [[32m[1minfo     [0m] [1mFound cached image: lumari-sandbox:custom-95cd1c6e (usage=38)[0m [36mreq[0m=[35m69562c71[0m
[2m12:04:26[0m [[32m[1minfo     [0m] [1mUsing cached image: lumari-sandbox:custom-95cd1c6e[0m [36mreq[0m=[35m69562c71[0m
[2m12:04:26[0m [[32m[1minfo     [0m] [1mSandbox execution complete: success=True, time=567ms, cached=True[0m [36mreq[0m=[35m69562c71[0m
[2m12:04:32[0m [[32m[1minfo     [0m] [1mGetting challenge status: id=0e010cc1-87fa-4352-bc62-c8d838e3ca60[0m [36mreq[0m=[35me2d7db19[0m
[2m12:04:32[0m [[32m[1minfo     [0m] [1mrequest_finished                        [0m [36mduration[0m=[35m0.007[0m [36mmethod[0m=[35mGET[0m [36mpath[0m=[35m/api/v1/challenges/0e010cc1-87fa-4352-bc62-c8d838e3ca60[0m [36mreq[0m=[35me2d7db19[0m [36mrequest_id[0m=[35me2d7db19-137f-454f-8a08-74a69d58ba1e[0m [36mstatus[0m=[35m200[0m
[2m12:04:33[0m [[32m[1minfo     [0m] [1mAgent context_retriever returned final answer after 1 tool calls[0m [36mreq[0m=[35m69562c71[0m
[2m12:04:34[0m [[32m[1minfo     [0m] [1mAgent context_retriever completed       [0m [36mreq[0m=[35m69562c71[0m
[2m12:04:34[0m [[32m[1minfo     [0m] [1mWave 2 agent 'context_retriever' completed: success=True, skipped=False, result_len=1264[0m [36mreq[0m=[35m69562c71[0m
[2m12:04:34[0m [[32m[1minfo     [0m] [1mExecuting wave 3/5: ['bc9b7c24-be22-4edb-9f80-55721c052340', '03c7ecc0-d8de-4c8f-9638-19909c3d0cf4', 'e76607a6-a46b-4d58-8003-b849ea6d8785'][0m [36mreq[0m=[35m69562c71[0m
[2m12:04:34[0m [[32m[1minfo     [0m] [1mSkipping dev-team agent 'prompt_engineer' in execution wave[0m [36mreq[0m=[35m69562c71[0m
[2m12:04:34[0m [[32m[1minfo     [0m] [1mSkipping dev-team agent 'tool_builder' in execution wave[0m [36mreq[0m=[35m69562c71[0m
[2m12:04:34[0m [[32m[1minfo     [0m] [1mExecuting agent: report_generator (bc9b7c24-be22-4edb-9f80-55721c052340)[0m [36mreq[0m=[35m69562c71[0m
[2m12:04:37[0m [[32m[1minfo     [0m] [1mAgent report_generator returned final answer after 0 tool calls[0m [36mreq[0m=[35m69562c71[0m
[2m12:04:38[0m [[32m[1minfo     [0m] [1mAgent report_generator completed        [0m [36mreq[0m=[35m69562c71[0m
[2m12:04:38[0m [[32m[1minfo     [0m] [1mWave 3 agent 'report_generator' completed: success=True, skipped=False, result_len=2585[0m [36mreq[0m=[35m69562c71[0m
[2m12:04:38[0m [[32m[1minfo     [0m] [1mExecuting wave 4/5: ['b7cb497a-e30c-4e2d-8aaa-b1ec8e9bbf38'][0m [36mreq[0m=[35m69562c71[0m
[2m12:04:38[0m [[32m[1minfo     [0m] [1mExecuting agent: quality_validator (b7cb497a-e30c-4e2d-8aaa-b1ec8e9bbf38)[0m [36mreq[0m=[35m69562c71[0m
[2m12:04:39[0m [[32m[1minfo     [0m] [1mAgent quality_validator returned final answer after 0 tool calls[0m [36mreq[0m=[35m69562c71[0m
[2m12:04:39[0m [[32m[1minfo     [0m] [1mAgent quality_validator completed       [0m [36mreq[0m=[35m69562c71[0m
[2m12:04:39[0m [[32m[1minfo     [0m] [1mWave 4 agent 'quality_validator' completed: success=True, skipped=False, result_len=592[0m [36mreq[0m=[35m69562c71[0m
[2m12:04:39[0m [[32m[1minfo     [0m] [1mExecuting wave 5/5: ['4920a302-a1e9-4c8b-95f4-afd7adbda99a'][0m [36mreq[0m=[35m69562c71[0m
[2m12:04:39[0m [[32m[1minfo     [0m] [1mExecuting agent: report_finalizer (4920a302-a1e9-4c8b-95f4-afd7adbda99a)[0m [36mreq[0m=[35m69562c71[0m
[2m12:04:42[0m [[32m[1minfo     [0m] [1mGetting challenge status: id=0e010cc1-87fa-4352-bc62-c8d838e3ca60[0m [36mreq[0m=[35mbc52aaa5[0m
[2m12:04:42[0m [[32m[1minfo     [0m] [1mrequest_finished                        [0m [36mduration[0m=[35m0.007[0m [36mmethod[0m=[35mGET[0m [36mpath[0m=[35m/api/v1/challenges/0e010cc1-87fa-4352-bc62-c8d838e3ca60[0m [36mreq[0m=[35mbc52aaa5[0m [36mrequest_id[0m=[35mbc52aaa5-b721-4570-84e3-b98de82462b2[0m [36mstatus[0m=[35m200[0m
[2m12:04:42[0m [[32m[1minfo     [0m] [1mAgent report_finalizer returned final answer after 0 tool calls[0m [36mreq[0m=[35m69562c71[0m
[2m12:04:43[0m [[32m[1minfo     [0m] [1mAgent report_finalizer completed        [0m [36mreq[0m=[35m69562c71[0m
[2m12:04:43[0m [[32m[1minfo     [0m] [1mWave 5 agent 'report_finalizer' completed: success=True, skipped=False, result_len=3004[0m [36mreq[0m=[35m69562c71[0m
[2m12:04:44[0m [[32m[1minfo     [0m] [1mVerification: score=0.10, action=escalate, round 1[0m [36mreq[0m=[35m69562c71[0m
[2m12:04:44[0m [[32m[1minfo     [0m] [1mEskalation: Gap-Building für ['Output ist rein theoretisch / beschreibend'][0m [36mreq[0m=[35m69562c71[0m
[2m12:04:45[0m [[32m[1minfo     [0m] [1mLoading topology from database...       [0m [36mreq[0m=[35m69562c71[0m
[2m12:04:45[0m [[32m[1minfo     [0m] [1mMapped 14 skill entries to 12 capabilities[0m [36mreq[0m=[35m69562c71[0m
[2m12:04:45[0m [[32m[1minfo     [0m] [1mTopology validated: 11 agents in 5 waves[0m [36mreq[0m=[35m69562c71[0m
[2m12:04:45[0m [[32m[1minfo     [0m] [1mLoaded 14 skills for topology           [0m [36mreq[0m=[35m69562c71[0m
[2m12:04:45[0m [[32m[1minfo     [0m] [1mTopology loaded: 11 agents, 5 waves     [0m [36mreq[0m=[35m69562c71[0m
[2m12:04:45[0m [[32m[1minfo     [0m] [1mRuntimeAgentRegistry initialized with max_concurrent=5[0m [36mreq[0m=[35m69562c71[0m
[2m12:04:45[0m [[32m[1minfo     [0m] [1mbuild_on_demand: building skill for 'Output ist rein theoretisch / beschreibend'[0m [36mreq[0m=[35m69562c71[0m
[2m12:04:45[0m [[32m[1minfo     [0m] [1mStarting team-based skill development for: Output ist rein theoretisch / beschreibend[0m [36mreq[0m=[35m69562c71[0m
[2m12:04:45[0m [[32m[1minfo     [0m] [1mResearching capability: Output ist rein theoretisch / beschreibend[0m [36mreq[0m=[35m69562c71[0m
[2m12:04:45[0m [[32m[1minfo     [0m] [1mUsing cached research for: Output ist rein theoretisch / beschreibend[0m [36mreq[0m=[35m69562c71[0m
[2m12:04:45[0m [[32m[1minfo     [0m] [1mResearch complete: 0 packages found     [0m [36mreq[0m=[35m69562c71[0m
[2m12:04:47[0m [[32m[1minfo     [0m] [1mArchitecture complete: 2 test cases defined[0m [36mreq[0m=[35m69562c71[0m
[2m12:04:47[0m [[32m[1minfo     [0m] [1mSession start: iteration=1/10, pip=0, apt=0[0m [36mreq[0m=[35m69562c71[0m
[2m12:04:47[0m [[32m[1minfo     [0m] [1mDocker client connected successfully    [0m [36mreq[0m=[35m69562c71[0m
[2m12:04:48[0m [[32m[1minfo     [0m] [1mSession container created: 6ebf36dcec8b [0m [36mreq[0m=[35m69562c71[0m
[2m12:04:48[0m [[32m[1minfo     [0m] [1mImplementation iteration 1/10           [0m [36mreq[0m=[35m69562c71[0m
[2m12:04:50[0m [[32m[1minfo     [0m] [1mImplementation erfolgreich nach 1 Iterationen[0m [36mreq[0m=[35m69562c71[0m
[2m12:04:52[0m [[32m[1minfo     [0m] [1mGetting challenge status: id=0e010cc1-87fa-4352-bc62-c8d838e3ca60[0m [36mreq[0m=[35m64689f81[0m
[2m12:04:52[0m [[32m[1minfo     [0m] [1mrequest_finished                        [0m [36mduration[0m=[35m0.007[0m [36mmethod[0m=[35mGET[0m [36mpath[0m=[35m/api/v1/challenges/0e010cc1-87fa-4352-bc62-c8d838e3ca60[0m [36mreq[0m=[35m64689f81[0m [36mrequest_id[0m=[35m64689f81-200d-4817-a959-31f431e6dada[0m [36mstatus[0m=[35m200[0m
[2m12:04:55[0m [[32m[1minfo     [0m] [1mReview iteration 1/2                    [0m [36mreq[0m=[35m69562c71[0m
[2m12:04:57[0m [[32m[1minfo     [0m] [1mStarting sandbox execution: pip=[], apt=[], input_files=[][0m [36mreq[0m=[35m69562c71[0m
[2m12:04:57[0m [[32m[1minfo     [0m] [1mSandbox execution complete: success=True, time=457ms, cached=False[0m [36mreq[0m=[35m69562c71[0m
[2m12:05:02[0m [[32m[1minfo     [0m] [1mGetting challenge status: id=0e010cc1-87fa-4352-bc62-c8d838e3ca60[0m [36mreq[0m=[35m8a0a00b6[0m
[2m12:05:02[0m [[32m[1minfo     [0m] [1mrequest_finished                        [0m [36mduration[0m=[35m0.007[0m [36mmethod[0m=[35mGET[0m [36mpath[0m=[35m/api/v1/challenges/0e010cc1-87fa-4352-bc62-c8d838e3ca60[0m [36mreq[0m=[35m8a0a00b6[0m [36mrequest_id[0m=[35m8a0a00b6-04dc-4564-bd6c-1d2591485d12[0m [36mstatus[0m=[35m200[0m
[2m12:05:02[0m [[32m[1minfo     [0m] [1mStarting sandbox execution: pip=[], apt=[], input_files=[][0m [36mreq[0m=[35m69562c71[0m
[2m12:05:03[0m [[33m[1mwarning  [0m] [1mCode execution failed (exit=1):   File "/workspace/script.py", line 72
    for key in ["success", "result"]:
    ^^^
SyntaxError: expected 'except' or 'finally' block
[0m [36mreq[0m=[35m69562c71[0m
[2m12:05:03[0m [[32m[1minfo     [0m] [1mSandbox execution complete: success=False, time=473ms, cached=False[0m [36mreq[0m=[35m69562c71[0m
[2m12:05:08[0m [[32m[1minfo     [0m] [1mStarting sandbox execution: pip=[], apt=[], input_files=[][0m [36mreq[0m=[35m69562c71[0m
[2m12:05:08[0m [[33m[1mwarning  [0m] [1mCode execution failed (exit=1):   File "/workspace/script.py", line 72
    for key in ["success", "result"]:
    ^^^
SyntaxError: expected 'except' or 'finally' block
[0m [36mreq[0m=[35m69562c71[0m
[2m12:05:08[0m [[32m[1minfo     [0m] [1mSandbox execution complete: success=False, time=430ms, cached=False[0m [36mreq[0m=[35m69562c71[0m
[2m12:05:12[0m [[32m[1minfo     [0m] [1mGetting challenge status: id=0e010cc1-87fa-4352-bc62-c8d838e3ca60[0m [36mreq[0m=[35m4e1945b1[0m
[2m12:05:12[0m [[32m[1minfo     [0m] [1mrequest_finished                        [0m [36mduration[0m=[35m0.008[0m [36mmethod[0m=[35mGET[0m [36mpath[0m=[35m/api/v1/challenges/0e010cc1-87fa-4352-bc62-c8d838e3ca60[0m [36mreq[0m=[35m4e1945b1[0m [36mrequest_id[0m=[35m4e1945b1-19d6-4532-9442-841e8935a92a[0m [36mstatus[0m=[35m200[0m
[2m12:05:14[0m [[33m[1mwarning  [0m] [1mSkill rejected by parent validation: All 2 tests failed[0m [36mreq[0m=[35m69562c71[0m
[2m12:05:14[0m [[33m[1mwarning  [0m] [1mbuild_on_demand: failed for 'Output ist rein theoretisch / beschreibend': Parent regression: All 2 tests failed[0m [36mreq[0m=[35m69562c71[0m
[2m12:05:14[0m [[32m[1minfo     [0m] [1mArtifact pool cleared: 5 artifacts discarded[0m [36mreq[0m=[35m69562c71[0m
[2m12:05:17[0m [[32m[1minfo     [0m] [1mLoading topology from database...       [0m [36mreq[0m=[35m69562c71[0m
[2m12:05:17[0m [[32m[1minfo     [0m] [1mMapped 14 skill entries to 12 capabilities[0m [36mreq[0m=[35m69562c71[0m
[2m12:05:17[0m [[32m[1minfo     [0m] [1mTopology validated: 11 agents in 5 waves[0m [36mreq[0m=[35m69562c71[0m
[2m12:05:17[0m [[32m[1minfo     [0m] [1mLoaded 14 skills for topology           [0m [36mreq[0m=[35m69562c71[0m
[2m12:05:17[0m [[32m[1minfo     [0m] [1mTopology loaded: 11 agents, 5 waves     [0m [36mreq[0m=[35m69562c71[0m
[2m12:05:17[0m [[32m[1minfo     [0m] [1mSkipping dev-team agent 'product_owner' in execution wave[0m [36mreq[0m=[35m69562c71[0m
[2m12:05:17[0m [[32m[1minfo     [0m] [1mSkipping dev-team agent 'quality_judge' in execution wave[0m [36mreq[0m=[35m69562c71[0m
[2m12:05:17[0m [[32m[1minfo     [0m] [1mSkipping dev-team agent 'execution_analyzer' in execution wave[0m [36mreq[0m=[35m69562c71[0m
[2m12:05:17[0m [[32m[1minfo     [0m] [1mExecuting agent: transcript_analyzer (b2972519-389d-4c28-b232-f7fc483725f6)[0m [36mreq[0m=[35m69562c71[0m
[2m12:05:17[0m [[32m[1minfo     [0m] [1mshared_memory_metrics agent=transcript_analyzer facts_kept=5 facts_total=8 hypotheses=0 relations=0 approx_tokens=692 query_chars=679[0m [36mreq[0m=[35m69562c71[0m
[2m12:05:18[0m [[32m[1minfo     [0m] [1mTool call 1/15: skill_parse_and_load_multiple_csv_files_from_a_directory[0m [36mreq[0m=[35m69562c71[0m
[2m12:05:18[0m [[32m[1minfo     [0m] [1mStarting sandbox execution: pip=['sqlalchemy', 'pandas', 'psycopg2_binary', 'psycopg2-binary'], apt=[], input_files=[][0m [36mreq[0m=[35m69562c71[0m
[2m12:05:18[0m [[32m[1minfo     [0m] [1mFound cached image: lumari-sandbox:excel-70e0ee8a (usage=0)[0m [36mreq[0m=[35m69562c71[0m
[2m12:05:18[0m [[32m[1minfo     [0m] [1mUsing cached image: lumari-sandbox:excel-70e0ee8a[0m [36mreq[0m=[35m69562c71[0m
[2m12:05:20[0m [[32m[1minfo     [0m] [1mSandbox execution complete: success=True, time=2188ms, cached=True[0m [36mreq[0m=[35m69562c71[0m
[2m12:05:22[0m [[32m[1minfo     [0m] [1mGetting challenge status: id=0e010cc1-87fa-4352-bc62-c8d838e3ca60[0m [36mreq[0m=[35m4910bd6a[0m
[2m12:05:22[0m [[32m[1minfo     [0m] [1mrequest_finished                        [0m [36mduration[0m=[35m0.007[0m [36mmethod[0m=[35mGET[0m [36mpath[0m=[35m/api/v1/challenges/0e010cc1-87fa-4352-bc62-c8d838e3ca60[0m [36mreq[0m=[35m4910bd6a[0m [36mrequest_id[0m=[35m4910bd6a-cbbf-4416-99cd-c994ccfd8a00[0m [36mstatus[0m=[35m200[0m
[2m12:05:27[0m [[32m[1minfo     [0m] [1mTool call 2/15: skill_direkter_sql_datenbank_konnektor_(die_verfügbaren_agenten_sind_auf_generische_textverarbeitung_spezialisiert,_der_zugriff_auf_die_datenbank_muss_über_die_skill_ebene_der_agenten_abstrahiert_werden)[0m [36mreq[0m=[35m69562c71[0m
[2m12:05:27[0m [[32m[1minfo     [0m] [1mStarting sandbox execution: pip=['psycopg2-binary', 'sqlalchemy'], apt=[], input_files=[][0m [36mreq[0m=[35m69562c71[0m
[2m12:05:27[0m [[32m[1minfo     [0m] [1mFound cached image: lumari-sandbox:custom-95cd1c6e (usage=39)[0m [36mreq[0m=[35m69562c71[0m
[2m12:05:27[0m [[32m[1minfo     [0m] [1mUsing cached image: lumari-sandbox:custom-95cd1c6e[0m [36mreq[0m=[35m69562c71[0m
[2m12:05:27[0m [[32m[1minfo     [0m] [1mSandbox execution complete: success=True, time=561ms, cached=True[0m [36mreq[0m=[35m69562c71[0m
[2m12:05:32[0m [[32m[1minfo     [0m] [1mGetting challenge status: id=0e010cc1-87fa-4352-bc62-c8d838e3ca60[0m [36mreq[0m=[35madf7af51[0m
[2m12:05:32[0m [[32m[1minfo     [0m] [1mrequest_finished                        [0m [36mduration[0m=[35m0.006[0m [36mmethod[0m=[35mGET[0m [36mpath[0m=[35m/api/v1/challenges/0e010cc1-87fa-4352-bc62-c8d838e3ca60[0m [36mreq[0m=[35madf7af51[0m [36mrequest_id[0m=[35madf7af51-a035-4eef-b1e8-b5fd4ef41578[0m [36mstatus[0m=[35m200[0m
[2m12:05:33[0m [[32m[1minfo     [0m] [1mTool call 3/15: skill_analyze_database_schema_structure[0m [36mreq[0m=[35m69562c71[0m
[2m12:05:33[0m [[32m[1minfo     [0m] [1mStarting sandbox execution: pip=['psycopg2-binary', 'sqlalchemy'], apt=[], input_files=[][0m [36mreq[0m=[35m69562c71[0m
[2m12:05:33[0m [[32m[1minfo     [0m] [1mFound cached image: lumari-sandbox:custom-95cd1c6e (usage=40)[0m [36mreq[0m=[35m69562c71[0m
[2m12:05:33[0m [[32m[1minfo     [0m] [1mUsing cached image: lumari-sandbox:custom-95cd1c6e[0m [36mreq[0m=[35m69562c71[0m
[2m12:05:34[0m [[32m[1minfo     [0m] [1mSandbox execution complete: success=True, time=497ms, cached=True[0m [36mreq[0m=[35m69562c71[0m
[2m12:05:40[0m [[32m[1minfo     [0m] [1mTool call 4/15: skill_execute_sql_queries_to_list_database_tables[0m [36mreq[0m=[35m69562c71[0m
[2m12:05:40[0m [[32m[1minfo     [0m] [1mStarting sandbox execution: pip=['psycopg2-binary', 'sqlalchemy'], apt=[], input_files=[][0m [36mreq[0m=[35m69562c71[0m
[2m12:05:40[0m [[32m[1minfo     [0m] [1mFound cached image: lumari-sandbox:custom-95cd1c6e (usage=41)[0m [36mreq[0m=[35m69562c71[0m
[2m12:05:40[0m [[32m[1minfo     [0m] [1mUsing cached image: lumari-sandbox:custom-95cd1c6e[0m [36mreq[0m=[35m69562c71[0m
[2m12:05:40[0m [[32m[1minfo     [0m] [1mSandbox execution complete: success=True, time=491ms, cached=True[0m [36mreq[0m=[35m69562c71[0m
[2m12:05:42[0m [[32m[1minfo     [0m] [1mGetting challenge status: id=0e010cc1-87fa-4352-bc62-c8d838e3ca60[0m [36mreq[0m=[35m2ffeb0f0[0m
[2m12:05:42[0m [[32m[1minfo     [0m] [1mrequest_finished                        [0m [36mduration[0m=[35m0.008[0m [36mmethod[0m=[35mGET[0m [36mpath[0m=[35m/api/v1/challenges/0e010cc1-87fa-4352-bc62-c8d838e3ca60[0m [36mreq[0m=[35m2ffeb0f0[0m [36mrequest_id[0m=[35m2ffeb0f0-90c2-40f5-8e65-dbb1f4b484f6[0m [36mstatus[0m=[35m200[0m
[2m12:05:47[0m [[32m[1minfo     [0m] [1mTool call 5/15: skill_direkter_sql_datenbank_konnektor_(die_verfügbaren_agenten_nutzen_generische_skills,_die_eine_abstraktion_der_datenbankverbindung_voraussetzen)[0m [36mreq[0m=[35m69562c71[0m
[2m12:05:47[0m [[32m[1minfo     [0m] [1mStarting sandbox execution: pip=['psycopg2-binary', 'sqlalchemy'], apt=[], input_files=[][0m [36mreq[0m=[35m69562c71[0m
[2m12:05:47[0m [[32m[1minfo     [0m] [1mFound cached image: lumari-sandbox:custom-95cd1c6e (usage=42)[0m [36mreq[0m=[35m69562c71[0m
[2m12:05:47[0m [[32m[1minfo     [0m] [1mUsing cached image: lumari-sandbox:custom-95cd1c6e[0m [36mreq[0m=[35m69562c71[0m
[2m12:05:48[0m [[32m[1minfo     [0m] [1mSandbox execution complete: success=True, time=591ms, cached=True[0m [36mreq[0m=[35m69562c71[0m
[2m12:05:52[0m [[32m[1minfo     [0m] [1mGetting challenge status: id=0e010cc1-87fa-4352-bc62-c8d838e3ca60[0m [36mreq[0m=[35m89d5a5b3[0m
[2m12:05:52[0m [[32m[1minfo     [0m] [1mrequest_finished                        [0m [36mduration[0m=[35m0.009[0m [36mmethod[0m=[35mGET[0m [36mpath[0m=[35m/api/v1/challenges/0e010cc1-87fa-4352-bc62-c8d838e3ca60[0m [36mreq[0m=[35m89d5a5b3[0m [36mrequest_id[0m=[35m89d5a5b3-de38-41d7-82ee-86a487530a2b[0m [36mstatus[0m=[35m200[0m
[2m12:05:55[0m [[32m[1minfo     [0m] [1mAgent transcript_analyzer returned final answer after 5 tool calls[0m [36mreq[0m=[35m69562c71[0m
[2m12:05:56[0m [[32m[1minfo     [0m] [1mAgent transcript_analyzer completed     [0m [36mreq[0m=[35m69562c71[0m
[2m12:05:56[0m [[32m[1minfo     [0m] [1mWave 300 agent 'transcript_analyzer' completed: success=True, skipped=False, result_len=1494[0m [36mreq[0m=[35m69562c71[0m
[2m12:05:56[0m [[32m[1minfo     [0m] [1mSkipping dev-team agent 'control_agent' in execution wave[0m [36mreq[0m=[35m69562c71[0m
[2m12:05:56[0m [[32m[1minfo     [0m] [1mExecuting agent: context_retriever (7eab52e8-a142-4154-a4a2-1cd6172eab46)[0m [36mreq[0m=[35m69562c71[0m
[2m12:05:57[0m [[32m[1minfo     [0m] [1mTool call 1/15: skill_analyze_database_schema_structure[0m [36mreq[0m=[35m69562c71[0m
[2m12:05:57[0m [[32m[1minfo     [0m] [1mStarting sandbox execution: pip=['psycopg2-binary', 'sqlalchemy'], apt=[], input_files=[][0m [36mreq[0m=[35m69562c71[0m
[2m12:05:57[0m [[32m[1minfo     [0m] [1mFound cached image: lumari-sandbox:custom-95cd1c6e (usage=43)[0m [36mreq[0m=[35m69562c71[0m
[2m12:05:57[0m [[32m[1minfo     [0m] [1mUsing cached image: lumari-sandbox:custom-95cd1c6e[0m [36mreq[0m=[35m69562c71[0m
[2m12:05:57[0m [[33m[1mwarning  [0m] [1mCode execution failed (exit=1): Traceback (most recent call last):
  File "/workspace/script.py", line 82, in <module>
    _result = execute(_input)
              ^^^^^^^^^^^^^^^
  File "/workspace/script.py", line 21, in execute
    engine = create_engine(connection_string)
             ^^^^^^^^^^^^^^^^^^^^^^^^^^^^^^^^
  File "<string>", line 2, in create_engine
  File "/usr/local/lib/python3.11/site-packages/sqlalchemy/util/deprecations.py", line 281, in warned
    return fn(*args, **kwargs)  # type: ignore[no-any-return]
  [0m [36mreq[0m=[35m69562c71[0m
[2m12:05:57[0m [[32m[1minfo     [0m] [1mSandbox execution complete: success=False, time=554ms, cached=True[0m [36mreq[0m=[35m69562c71[0m
[2m12:06:02[0m [[32m[1minfo     [0m] [1mGetting challenge status: id=0e010cc1-87fa-4352-bc62-c8d838e3ca60[0m [36mreq[0m=[35m786e1894[0m
[2m12:06:02[0m [[32m[1minfo     [0m] [1mrequest_finished                        [0m [36mduration[0m=[35m0.008[0m [36mmethod[0m=[35mGET[0m [36mpath[0m=[35m/api/v1/challenges/0e010cc1-87fa-4352-bc62-c8d838e3ca60[0m [36mreq[0m=[35m786e1894[0m [36mrequest_id[0m=[35m786e1894-2d8f-4a3b-afb9-8296636b519d[0m [36mstatus[0m=[35m200[0m
[2m12:06:04[0m [[32m[1minfo     [0m] [1mTool call 2/15: skill_execute_sql_queries_to_list_database_tables[0m [36mreq[0m=[35m69562c71[0m
[2m12:06:04[0m [[32m[1minfo     [0m] [1mStarting sandbox execution: pip=['psycopg2-binary', 'sqlalchemy'], apt=[], input_files=[][0m [36mreq[0m=[35m69562c71[0m
[2m12:06:04[0m [[32m[1minfo     [0m] [1mFound cached image: lumari-sandbox:custom-95cd1c6e (usage=44)[0m [36mreq[0m=[35m69562c71[0m
[2m12:06:04[0m [[32m[1minfo     [0m] [1mUsing cached image: lumari-sandbox:custom-95cd1c6e[0m [36mreq[0m=[35m69562c71[0m
[2m12:06:04[0m [[32m[1minfo     [0m] [1mSandbox execution complete: success=True, time=506ms, cached=True[0m [36mreq[0m=[35m69562c71[0m
[2m12:06:12[0m [[32m[1minfo     [0m] [1mAgent context_retriever returned final answer after 2 tool calls[0m [36mreq[0m=[35m69562c71[0m
[2m12:06:12[0m [[32m[1minfo     [0m] [1mGetting challenge status: id=0e010cc1-87fa-4352-bc62-c8d838e3ca60[0m [36mreq[0m=[35m76829d8b[0m
[2m12:06:12[0m [[32m[1minfo     [0m] [1mrequest_finished                        [0m [36mduration[0m=[35m0.021[0m [36mmethod[0m=[35mGET[0m [36mpath[0m=[35m/api/v1/challenges/0e010cc1-87fa-4352-bc62-c8d838e3ca60[0m [36mreq[0m=[35m76829d8b[0m [36mrequest_id[0m=[35m76829d8b-8e07-4cba-9f3c-02c9836cfbaa[0m [36mstatus[0m=[35m200[0m
[2m12:06:12[0m [[32m[1minfo     [0m] [1mAgent context_retriever completed       [0m [36mreq[0m=[35m69562c71[0m
[2m12:06:12[0m [[32m[1minfo     [0m] [1mWave 301 agent 'context_retriever' completed: success=True, skipped=False, result_len=1579[0m [36mreq[0m=[35m69562c71[0m
[2m12:06:12[0m [[32m[1minfo     [0m] [1mSkipping dev-team agent 'prompt_engineer' in execution wave[0m [36mreq[0m=[35m69562c71[0m
[2m12:06:12[0m [[32m[1minfo     [0m] [1mSkipping dev-team agent 'tool_builder' in execution wave[0m [36mreq[0m=[35m69562c71[0m
[2m12:06:12[0m [[32m[1minfo     [0m] [1mExecuting agent: report_generator (bc9b7c24-be22-4edb-9f80-55721c052340)[0m [36mreq[0m=[35m69562c71[0m
[2m12:06:15[0m [[32m[1minfo     [0m] [1mAgent report_generator returned final answer after 0 tool calls[0m [36mreq[0m=[35m69562c71[0m
[2m12:06:16[0m [[32m[1minfo     [0m] [1mAgent report_generator completed        [0m [36mreq[0m=[35m69562c71[0m
[2m12:06:16[0m [[32m[1minfo     [0m] [1mWave 302 agent 'report_generator' completed: success=True, skipped=False, result_len=2120[0m [36mreq[0m=[35m69562c71[0m
[2m12:06:16[0m [[32m[1minfo     [0m] [1mExecuting agent: quality_validator (b7cb497a-e30c-4e2d-8aaa-b1ec8e9bbf38)[0m [36mreq[0m=[35m69562c71[0m
[2m12:06:17[0m [[32m[1minfo     [0m] [1mAgent quality_validator returned final answer after 0 tool calls[0m [36mreq[0m=[35m69562c71[0m
[2m12:06:17[0m [[32m[1minfo     [0m] [1mAgent quality_validator completed       [0m [36mreq[0m=[35m69562c71[0m
[2m12:06:17[0m [[32m[1minfo     [0m] [1mWave 303 agent 'quality_validator' completed: success=True, skipped=False, result_len=257[0m [36mreq[0m=[35m69562c71[0m
[2m12:06:17[0m [[32m[1minfo     [0m] [1mExecuting agent: report_finalizer (4920a302-a1e9-4c8b-95f4-afd7adbda99a)[0m [36mreq[0m=[35m69562c71[0m
[2m12:06:19[0m [[32m[1minfo     [0m] [1mAgent report_finalizer returned final answer after 0 tool calls[0m [36mreq[0m=[35m69562c71[0m
[2m12:06:20[0m [[32m[1minfo     [0m] [1mAgent report_finalizer completed        [0m [36mreq[0m=[35m69562c71[0m
[2m12:06:20[0m [[32m[1minfo     [0m] [1mWave 304 agent 'report_finalizer' completed: success=True, skipped=False, result_len=2635[0m [36mreq[0m=[35m69562c71[0m
[2m12:06:21[0m [[32m[1minfo     [0m] [1mScore-Stagnation: 0.10 -> 0.10, Adapt-Loop beendet nach 2 Runden[0m [36mreq[0m=[35m69562c71[0m
[2m12:06:21[0m [[32m[1minfo     [0m] [1mArtifact pool cleared: 5 artifacts discarded[0m [36mreq[0m=[35m69562c71[0m
[2m12:06:21[0m [[32m[1minfo     [0m] [1mPersisted 1 facts to shared memory for execution 1880a291-2d38-4f43-896e-f86b4aff4312[0m [36mreq[0m=[35m69562c71[0m
[2m12:06:21[0m [[32m[1minfo     [0m] [1mStarting telemetry for agent=b2972519..., execution=1880a291...[0m [36mreq[0m=[35m69562c71[0m
[2m12:06:21[0m [[32m[1minfo     [0m] [1mCreating telemetry record for agent=b2972519..., execution=1880a291...[0m [36mreq[0m=[35m69562c71[0m
[2m12:06:21[0m [[32m[1minfo     [0m] [1mExecution completed: challenge_id=0e010cc1-87fa-4352-bc62-c8d838e3ca60, success=True[0m [36mreq[0m=[35m69562c71[0m
[2m12:06:21[0m [[32m[1minfo     [0m] [1mCreated telemetry record id=0d8d8428-63df-4653-92ce-e93194a93bee[0m [36mreq[0m=[35m69562c71[0m
[2m12:06:21[0m [[32m[1minfo     [0m] [1mStarted telemetry id=0d8d8428-63df-4653-92ce-e93194a93bee, input_hash=855fc713d9889b96..., trace_id=None[0m [36mreq[0m=[35m69562c71[0m
[2m12:06:21[0m [[32m[1minfo     [0m] [1mCompleting telemetry id=0d8d8428-63df-4653-92ce-e93194a93bee, outcome=success[0m [36mreq[0m=[35m69562c71[0m
[2m12:06:21[0m [[32m[1minfo     [0m] [1mUpdating telemetry record id=0d8d8428-63df-4653-92ce-e93194a93bee[0m [36mreq[0m=[35m69562c71[0m
[2m12:06:21[0m [[32m[1minfo     [0m] [1mUpdated telemetry record id=0d8d8428-63df-4653-92ce-e93194a93bee, outcome=success[0m [36mreq[0m=[35m69562c71[0m
[2m12:06:21[0m [[32m[1minfo     [0m] [1mCompleted telemetry id=0d8d8428-63df-4653-92ce-e93194a93bee, latency=14.24ms, tokens=101543, output_hash=44136fa355b3678a...[0m [36mreq[0m=[35m69562c71[0m
[2m12:06:21[0m [[32m[1minfo     [0m] [1mConfigured epicbox profile: image=lumari-sandbox:latest, limits={'cputime': 5, 'realtime': 10, 'memory': 128, 'processes': 1}[0m [36mreq[0m=[35m69562c71[0m
[2m12:06:21[0m [[32m[1minfo     [0m] [1mStarting analysis pipeline for execution_id=1880a291...[0m [36mreq[0m=[35m69562c71[0m
[2m12:06:21[0m [[32m[1minfo     [0m] [1mRetrieved telemetry for agent=b2972519..., outcome=success[0m [36mreq[0m=[35m69562c71[0m
[2m12:06:21[0m [[32m[1minfo     [0m] [1mRetrieved 5 historical executions for pattern context[0m [36mreq[0m=[35m69562c71[0m
[2m12:06:21[0m [[32m[1minfo     [0m] [1mAnalyzing execution_id=1880a291...      [0m [36mreq[0m=[35m69562c71[0m
[2m12:06:22[0m [[32m[1minfo     [0m] [1mGetting challenge status: id=0e010cc1-87fa-4352-bc62-c8d838e3ca60[0m [36mreq[0m=[35m62c565b8[0m
[2m12:06:22[0m [[32m[1minfo     [0m] [1mAnalysis complete: 0 findings for execution_id=1880a291...[0m [36mreq[0m=[35m69562c71[0m
[2m12:06:22[0m [[32m[1minfo     [0m] [1mAnalyzer generated 0 findings: summary='The execution completed successfully with no error...'[0m [36mreq[0m=[35m69562c71[0m
[2m12:06:22[0m [[32m[1minfo     [0m] [1mNo findings generated - pipeline complete[0m [36mreq[0m=[35m69562c71[0m
[2m12:06:22[0m [[32m[1minfo     [0m] [1mrequest_finished                        [0m [36mduration[0m=[35m0.01[0m [36mmethod[0m=[35mGET[0m [36mpath[0m=[35m/api/v1/challenges/0e010cc1-87fa-4352-bc62-c8d838e3ca60[0m [36mreq[0m=[35m62c565b8[0m [36mrequest_id[0m=[35m62c565b8-097b-4f6d-b32e-1528d15b8ccf[0m [36mstatus[0m=[35m200[0m
[2m12:06:22[0m [[32m[1minfo     [0m] [1mGetting challenge results: id=0e010cc1-87fa-4352-bc62-c8d838e3ca60[0m [36mreq[0m=[35m681e6c9a[0m
[2m12:06:22[0m [[32m[1minfo     [0m] [1mrequest_finished                        [0m [36mduration[0m=[35m0.005[0m [36mmethod[0m=[35mGET[0m [36mpath[0m=[35m/api/v1/challenges/0e010cc1-87fa-4352-bc62-c8d838e3ca60/results[0m [36mreq[0m=[35m681e6c9a[0m [36mrequest_id[0m=[35m681e6c9a-d445-4169-a227-4340f5770686[0m [36mstatus[0m=[35m200[0m
