INFO:     Will watch for changes in these directories: ['/Users/patrick/Documents/Uni/master_project/backend']
INFO:     Uvicorn running on http://127.0.0.1:8000 (Press CTRL+C to quit)
INFO:     Started reloader process [28364] using WatchFiles
[2m14:10:36[0m [[32m[1minfo     [0m] [1mStarted server process [28370]          [0m
[2m14:10:36[0m [[32m[1minfo     [0m] [1mWaiting for application startup.        [0m
[2m14:10:36[0m [[32m[1minfo     [0m] [1mDatabase already initialized (30 tables)[0m
[2m14:10:36[0m [[32m[1minfo     [0m] [1mSetting up OpenTelemetry for lumari-backend v0.1.0[0m
[2m14:10:36[0m [[32m[1minfo     [0m] [1mConsole span exporter enabled           [0m
[2m14:10:36[0m [[32m[1minfo     [0m] [1mFastAPI instrumentation complete        [0m
[2m14:10:36[0m [[32m[1minfo     [0m] [1mOpenTelemetry instrumentation initialized[0m
[2m14:10:36[0m [[32m[1minfo     [0m] [1mApplication startup complete.           [0m
[2m14:10:42[0m [[32m[1minfo     [0m] [1mUpdating user settings: auto_apply=True [0m [36mreq[0m=[35ma1fc8d82[0m
[2m14:10:42[0m [[32m[1minfo     [0m] [1mUpdated settings for user default: auto_apply=True[0m [36mreq[0m=[35ma1fc8d82[0m
[2m14:10:42[0m [[32m[1minfo     [0m] [1mrequest_finished                        [0m [36mduration[0m=[35m0.029[0m [36mmethod[0m=[35mPUT[0m [36mpath[0m=[35m/api/v1/challenges/settings/user[0m [36mreq[0m=[35ma1fc8d82[0m [36mrequest_id[0m=[35ma1fc8d82-2384-4a6a-ab46-b9ce79353eb1[0m [36mstatus[0m=[35m200[0m
[2m14:10:42[0m [[32m[1minfo     [0m] [1mDirect challenge analysis: execution_id=48f2d8e7-4d7f-4206-82e4-7d8c44f7158a[0m [36mreq[0m=[35m93efa3ff[0m
[2m14:10:42[0m [[32m[1minfo     [0m] [1mPre-execution analysis starting for execution 48f2d8e7-4d7f-4206-82e4-7d8c44f7158a[0m [36mreq[0m=[35m93efa3ff[0m
[2m14:10:42[0m [[32m[1minfo     [0m] [1mAnalyzing challenge for execution 48f2d8e7-4d7f-4206-82e4-7d8c44f7158a[0m [36mreq[0m=[35m93efa3ff[0m
[2m14:10:42[0m [[32m[1minfo     [0m] [1mLoading topology from database...       [0m [36mreq[0m=[35m93efa3ff[0m
[2m14:10:42[0m [[32m[1minfo     [0m] [1mMapped 12 skill entries to 12 capabilities[0m [36mreq[0m=[35m93efa3ff[0m
[2m14:10:42[0m [[32m[1minfo     [0m] [1mTopology validated: 11 agents in 5 waves[0m [36mreq[0m=[35m93efa3ff[0m
[2m14:10:42[0m [[32m[1minfo     [0m] [1mLoaded 12 skills for topology           [0m [36mreq[0m=[35m93efa3ff[0m
[2m14:10:42[0m [[32m[1minfo     [0m] [1mTopology loaded: 11 agents, 5 waves     [0m [36mreq[0m=[35m93efa3ff[0m
[2m14:10:42[0m [[32m[1minfo     [0m] [1mSkill 'skill_write_a_formal_daily_construction_report' provides applicability: 'This skill should be selected when you need to generate and save a formal, text-based daily construction progress report. It requires the site name and progress summary as input to produce a timestamped file in a specified directory.'[0m [36mreq[0m=[35m93efa3ff[0m
[2m14:10:42[0m [[32m[1minfo     [0m] [1mSkill 'skill_create_a_final_pdf_or_text_based_report_of_the_pouring_protocol' provides applicability: 'Select this skill when you need to generate a formal, documented record of a completed pouring protocol in either PDF or text format. It should be used once all protocol data—including the ID, operator, timestamp, and step list—has been finalized and validated.'[0m [36mreq[0m=[35m93efa3ff[0m
[2m14:10:42[0m [[32m[1minfo     [0m] [1mSkill 'skill_define_technical_migration_and_api_integration_roadmap' provides applicability: 'Select this skill when planning the transition from a legacy system to a new API architecture to generate a structured implementation roadmap and validation plan based on a chosen migration strategy (strangler fig, big bang, or dual-write).'[0m [36mreq[0m=[35m93efa3ff[0m
[2m14:10:42[0m [[32m[1minfo     [0m] [1mSkill 'skill_calculate_financial_impact_and_transaction_statistics' provides applicability: 'Select this skill when you need to derive aggregate financial metrics, such as total volume, averages, and category-specific impacts, from a structured list of transaction records. It is best utilized when transaction amounts require normalization from mixed string or numeric formats into a consistent float representation.'[0m [36mreq[0m=[35m93efa3ff[0m
[2m14:10:42[0m [[32m[1minfo     [0m] [1mSkill 'skill_calculate_budget_impact_of_proposed_cost_saving_measures' provides applicability: 'Select this skill when you need to determine the financial effect of multiple cost-saving initiatives on an existing budget. It should be used when you have a defined current budget and a list of specific proposed savings amounts to calculate the new budget total and the overall percentage reduction.'[0m [36mreq[0m=[35m93efa3ff[0m
[2m14:10:42[0m [[32m[1minfo     [0m] [1mSkill 'skill_audio_transcription' provides applicability: 'audio transcription'[0m [36mreq[0m=[35m93efa3ff[0m
[2m14:10:42[0m [[32m[1minfo     [0m] [1mSkill 'skill_generate_a_risk_matrix_visualization_or_summary_table' provides applicability: 'Select this skill when you need to visualize or summarize a list of risks by plotting their likelihood and impact scores on a 5x5 matrix. It should be used when your input data contains structured risk entries with defined numerical likelihood and impact values.'[0m [36mreq[0m=[35m93efa3ff[0m
[2m14:10:42[0m [[32m[1minfo     [0m] [1mSkill 'skill_evaluate_technical_risks_of_custom_abap_code_and_interface_dependencies' provides applicability: 'This skill should be selected when assessing the technical debt or stability risks of an SAP environment by identifying high-complexity custom ABAP objects and critical integration hubs. It is best applied during system audits or migration planning to prioritize objects requiring refactoring or rigorous testing based on their weighted risk scores and dependency density.'[0m [36mreq[0m=[35m93efa3ff[0m
[2m14:10:42[0m [[32m[1minfo     [0m] [1mSkill 'skill_analyze_csv_file_structure_and_identify_unique_sub_contractors' provides applicability: 'Select this skill when you need to extract a unique list of sub-contractors from a specific column in a CSV file, particularly when processing large datasets that require memory-efficient chunking.'[0m [36mreq[0m=[35m93efa3ff[0m
[2m14:10:42[0m [[32m[1minfo     [0m] [1mSkill 'skill_list_all_postgresql_table_names_from_a_database_url_parameter' provides applicability: 'Select this skill when you need to retrieve a list of all user-defined table names from a PostgreSQL database by providing its connection URL. It is applicable whenever you require an automated way to inspect the schema structure of a specific PostgreSQL instance.'[0m [36mreq[0m=[35m93efa3ff[0m
[2m14:10:42[0m [[32m[1minfo     [0m] [1mSkill 'skill_connect_to_a_postgresql_database_and_list_all_table_names._the_function_receives_a_database_url_parameter_and_returns_the_list_of_table_names_in_the_public_schema.' provides applicability: 'Use this skill when you need to discover the structure of a PostgreSQL database by retrieving a list of all base table names within a specific schema. It should be selected when you have a valid database connection URL and need to programmatically identify available tables for further data operations.'[0m [36mreq[0m=[35m93efa3ff[0m
[2m14:10:42[0m [[32m[1minfo     [0m] [1mSkill 'skill_parse_and_import_50_csv_files_into_the_database' provides applicability: 'Select this skill when you need to perform a bulk ingestion of multiple CSV files from a local directory into a specified database table. It is best suited for scenarios requiring memory-efficient processing via chunking and automated error handling for large-scale data imports.'[0m [36mreq[0m=[35m93efa3ff[0m
[2m14:10:42[0m [[32m[1minfo     [0m] [1mExtracted 12 capabilities from 12 active skills[0m [36mreq[0m=[35m93efa3ff[0m
[2m14:10:42[0m [[32m[1minfo     [0m] [1mPrompt 'report_generator_prompt' provides affected_capability: 'structure inspection findings into a formal report format'[0m [36mreq[0m=[35m93efa3ff[0m
[2m14:10:42[0m [[32m[1minfo     [0m] [1mPrompt 'prompt_generate_professional_business_correspondence' provides affected_capability: 'generate professional business correspondence'[0m [36mreq[0m=[35m93efa3ff[0m
[2m14:10:42[0m [[32m[1minfo     [0m] [1mPrompt 'transcript_analyzer_prompt' provides affected_capability: 'analyze meeting transcript'[0m [36mreq[0m=[35m93efa3ff[0m
[2m14:10:42[0m [[32m[1minfo     [0m] [1mPrompt 'prompt_analyze_construction_site_personnel_data' provides affected_capability: 'analyze construction site personnel data'[0m [36mreq[0m=[35m93efa3ff[0m
[2m14:10:42[0m [[32m[1minfo     [0m] [1mPrompt 'prompt_generate_a_structured_change_order_document_for_the_client' provides affected_capability: 'generate a structured change order document for the client'[0m [36mreq[0m=[35m93efa3ff[0m
[2m14:10:42[0m [[32m[1minfo     [0m] [1mPrompt 'prompt_structure_cost_breakdown_for_project_management' provides affected_capability: 'structure cost breakdown for project management'[0m [36mreq[0m=[35m93efa3ff[0m
[2m14:10:42[0m [[32m[1minfo     [0m] [1mPrompt 'report_finalizer_prompt' provides affected_capability: 'generate a formal network disruption report document'[0m [36mreq[0m=[35m93efa3ff[0m
[2m14:10:42[0m [[32m[1minfo     [0m] [1mPrompt 'prompt_analyze_incident_and_change_logs' provides affected_capability: 'analyze incident and change logs'[0m [36mreq[0m=[35m93efa3ff[0m
[2m14:10:42[0m [[32m[1minfo     [0m] [1mExtracted 8 capabilities from 8 active prompts[0m [36mreq[0m=[35m93efa3ff[0m
[2m14:10:44[0m [[32m[1minfo     [0m] [1mLLM extracted 5 capabilities: 3 execution, 2 knowledge[0m [36mreq[0m=[35m93efa3ff[0m
[2m14:10:44[0m [[32m[1minfo     [0m] [1mExtracted 5 required capabilities       [0m [36mreq[0m=[35m93efa3ff[0m
[2m14:10:44[0m [[32m[1minfo     [0m] [1mLoading embedding model: BAAI/bge-base-en-v1.5[0m
[2m14:10:44[0m [[32m[1minfo     [0m] [1mEmbedding model loaded                  [0m
[2m14:10:47[0m [[32m[1minfo     [0m] [1mAssessment complete: MAYBE (3 gaps, 3 suggestions)[0m [36mreq[0m=[35m93efa3ff[0m
[2m14:10:47[0m [[32m[1minfo     [0m] [1mASSESSMENT_LOG execution_id=48f2d8e7-4d7f-4206-82e4-7d8c44f7158a confidence=MAYBE gaps=3 route=developer_team duration_ms=4877[0m [36mreq[0m=[35m93efa3ff[0m
[2m14:10:47[0m [[32m[1minfo     [0m] [1mPre-execution analysis complete: MAYBE -> route: developer_team[0m [36mreq[0m=[35m93efa3ff[0m
[2m14:10:47[0m [[32m[1minfo     [0m] [1mOrchestrator analysis complete: confidence=MAYBE, route=developer_team[0m [36mreq[0m=[35m93efa3ff[0m
[2m14:10:47[0m [[32m[1minfo     [0m] [1m0 gaps already satisfied, 3 remaining   [0m [36mreq[0m=[35m93efa3ff[0m
[2m14:10:47[0m [[32m[1minfo     [0m] [1mGenerated build plan for challenge a860a4bb-28c2-40bb-83c5-117b3cd63ef6: 3 items, 1 critical[0m [36mreq[0m=[35m93efa3ff[0m
[2m14:10:47[0m [[32m[1minfo     [0m] [1mrequest_finished                        [0m [36mduration[0m=[35m5.238[0m [36mmethod[0m=[35mPOST[0m [36mpath[0m=[35m/api/v1/challenges/analyze[0m [36mreq[0m=[35m93efa3ff[0m [36mrequest_id[0m=[35m93efa3ff-d115-4fd8-bce3-6efa6a7c0d92[0m [36mstatus[0m=[35m200[0m
[2m14:10:47[0m [[32m[1minfo     [0m] [1mStarting capability building: challenge_id=a860a4bb-28c2-40bb-83c5-117b3cd63ef6[0m [36mreq[0m=[35m93efa3ff[0m
[2m14:10:47[0m [[32m[1minfo     [0m] [1mLoading topology from database...       [0m [36mreq[0m=[35m93efa3ff[0m
[2m14:10:47[0m [[32m[1minfo     [0m] [1mMapped 12 skill entries to 12 capabilities[0m [36mreq[0m=[35m93efa3ff[0m
[2m14:10:47[0m [[32m[1minfo     [0m] [1mTopology validated: 11 agents in 5 waves[0m [36mreq[0m=[35m93efa3ff[0m
[2m14:10:47[0m [[32m[1minfo     [0m] [1mLoaded 12 skills for topology           [0m [36mreq[0m=[35m93efa3ff[0m
[2m14:10:47[0m [[32m[1minfo     [0m] [1mTopology loaded: 11 agents, 5 waves     [0m [36mreq[0m=[35m93efa3ff[0m
[2m14:10:47[0m [[32m[1minfo     [0m] [1mRuntimeAgentRegistry initialized with max_concurrent=5[0m [36mreq[0m=[35m93efa3ff[0m
[2m14:10:47[0m [[32m[1minfo     [0m] [1mProcessing blocked challenge: id=a860a4bb..., attempt=1/5[0m [36mreq[0m=[35m93efa3ff[0m
[2m14:10:47[0m [[32m[1minfo     [0m] [1mCreated gap plan: id=21980034..., challenge=a860a4bb..., gaps=3, cycle=1[0m [36mreq[0m=[35m93efa3ff[0m
[2m14:10:47[0m [[32m[1minfo     [0m] [1mCreated gap plan: 21980034..., cycle=1, gaps=3[0m [36mreq[0m=[35m93efa3ff[0m
[2m14:10:47[0m [[32m[1minfo     [0m] [1mStarted gap plan: 21980034...           [0m [36mreq[0m=[35m93efa3ff[0m
[2m14:10:47[0m [[32m[1minfo     [0m] [1mExecuting gap plan: 21980034..., total_gaps=3, cycle=1[0m [36mreq[0m=[35m93efa3ff[0m
[2m14:10:47[0m [[32m[1minfo     [0m] [1mProcessing gap: 1c816a32... type=missing_skill, capability=connect to PostgreSQL database, severity=critical[0m [36mreq[0m=[35m93efa3ff[0m
[2m14:10:47[0m [[32m[1minfo     [0m] [1mStrategy proposed for connect to PostgreSQL database: direct (confidence=0.5)[0m [36mreq[0m=[35m93efa3ff[0m
[2m14:10:47[0m [[32m[1minfo     [0m] [1mBuilding capability: gap_type=missing_skill, severity=critical, attempt=1, approach=direct[0m [36mreq[0m=[35m93efa3ff[0m
[2m14:10:47[0m [[32m[1minfo     [0m] [1mUsing Skill Team for capability: connect to PostgreSQL database[0m [36mreq[0m=[35m93efa3ff[0m
[2m14:10:47[0m [[32m[1minfo     [0m] [1mStarting team-based skill development for: connect to PostgreSQL database[0m [36mreq[0m=[35m93efa3ff[0m
[2m14:10:47[0m [[32m[1minfo     [0m] [1mFound 10 previous failures to learn from[0m [36mreq[0m=[35m93efa3ff[0m
[2m14:10:47[0m [[32m[1minfo     [0m] [1mResearching capability: connect to PostgreSQL database[0m [36mreq[0m=[35m93efa3ff[0m
[2m14:10:47[0m [[32m[1minfo     [0m] [1mUsing cached research for: connect to PostgreSQL database[0m [36mreq[0m=[35m93efa3ff[0m
[2m14:10:47[0m [[32m[1minfo     [0m] [1mResearch complete: 1 packages found     [0m [36mreq[0m=[35m93efa3ff[0m
[2m14:10:50[0m [[32m[1minfo     [0m] [1mArchitecture complete: 1 test cases defined[0m [36mreq[0m=[35m93efa3ff[0m
[2m14:10:50[0m [[32m[1minfo     [0m] [1mSession start: iteration=1/10, pip=1, apt=0[0m [36mreq[0m=[35m93efa3ff[0m
[2m14:10:50[0m [[32m[1minfo     [0m] [1mDocker client connected successfully    [0m [36mreq[0m=[35m93efa3ff[0m
[2m14:10:50[0m [[32m[1minfo     [0m] [1mSession container created: ed34f9c4b610 [0m [36mreq[0m=[35m93efa3ff[0m
[2m14:10:50[0m [[32m[1minfo     [0m] [1mInstalling pip packages: "psycopg2-binary>=2.9.0"[0m [36mreq[0m=[35m93efa3ff[0m
[2m14:10:52[0m [[32m[1minfo     [0m] [1mGetting challenge status: id=a860a4bb-28c2-40bb-83c5-117b3cd63ef6[0m [36mreq[0m=[35mdf06f36e[0m
[2m14:10:52[0m [[32m[1minfo     [0m] [1mrequest_finished                        [0m [36mduration[0m=[35m0.005[0m [36mmethod[0m=[35mGET[0m [36mpath[0m=[35m/api/v1/challenges/a860a4bb-28c2-40bb-83c5-117b3cd63ef6[0m [36mreq[0m=[35mdf06f36e[0m [36mrequest_id[0m=[35mdf06f36e-0e19-4bcc-ab12-67a9d22e612d[0m [36mstatus[0m=[35m200[0m
[2m14:10:54[0m [[32m[1minfo     [0m] [1mPip packages installed successfully     [0m [36mreq[0m=[35m93efa3ff[0m
[2m14:10:54[0m [[32m[1minfo     [0m] [1mImplementation iteration 1/10           [0m [36mreq[0m=[35m93efa3ff[0m
[2m14:10:56[0m [[32m[1minfo     [0m] [1mProaktiv erkannte neue Packages: ['psycopg2-binary'][0m [36mreq[0m=[35m93efa3ff[0m
[2m14:10:57[0m [[32m[1minfo     [0m] [1mGetting challenge status: id=a860a4bb-28c2-40bb-83c5-117b3cd63ef6[0m [36mreq[0m=[35md436cba7[0m
[2m14:10:57[0m [[32m[1minfo     [0m] [1mrequest_finished                        [0m [36mduration[0m=[35m0.008[0m [36mmethod[0m=[35mGET[0m [36mpath[0m=[35m/api/v1/challenges/a860a4bb-28c2-40bb-83c5-117b3cd63ef6[0m [36mreq[0m=[35md436cba7[0m [36mrequest_id[0m=[35md436cba7-6d8b-4412-87eb-e5ce3056503b[0m [36mstatus[0m=[35m200[0m
[2m14:11:01[0m [[32m[1minfo     [0m] [1mSession start: iteration=2/10, pip=2, apt=0[0m [36mreq[0m=[35m93efa3ff[0m
[2m14:11:01[0m [[32m[1minfo     [0m] [1mSession container created: 94f9da685639 [0m [36mreq[0m=[35m93efa3ff[0m
[2m14:11:01[0m [[32m[1minfo     [0m] [1mInstalling pip packages: "psycopg2-binary>=2.9.0" "psycopg2-binary"[0m [36mreq[0m=[35m93efa3ff[0m
[2m14:11:02[0m [[32m[1minfo     [0m] [1mGetting challenge status: id=a860a4bb-28c2-40bb-83c5-117b3cd63ef6[0m [36mreq[0m=[35mfed89dc6[0m
[2m14:11:02[0m [[32m[1minfo     [0m] [1mrequest_finished                        [0m [36mduration[0m=[35m0.005[0m [36mmethod[0m=[35mGET[0m [36mpath[0m=[35m/api/v1/challenges/a860a4bb-28c2-40bb-83c5-117b3cd63ef6[0m [36mreq[0m=[35mfed89dc6[0m [36mrequest_id[0m=[35mfed89dc6-d841-4f2e-a277-8f209db53823[0m [36mstatus[0m=[35m200[0m
[2m14:11:03[0m [[32m[1minfo     [0m] [1mPip packages installed successfully     [0m [36mreq[0m=[35m93efa3ff[0m
[2m14:11:03[0m [[32m[1minfo     [0m] [1mImplementation iteration 2/10           [0m [36mreq[0m=[35m93efa3ff[0m
[2m14:11:03[0m [[32m[1minfo     [0m] [1mImplementation erfolgreich nach 2 Iterationen[0m [36mreq[0m=[35m93efa3ff[0m
[2m14:11:07[0m [[32m[1minfo     [0m] [1mGetting challenge status: id=a860a4bb-28c2-40bb-83c5-117b3cd63ef6[0m [36mreq[0m=[35m46aa1d78[0m
[2m14:11:07[0m [[32m[1minfo     [0m] [1mrequest_finished                        [0m [36mduration[0m=[35m0.01[0m [36mmethod[0m=[35mGET[0m [36mpath[0m=[35m/api/v1/challenges/a860a4bb-28c2-40bb-83c5-117b3cd63ef6[0m [36mreq[0m=[35m46aa1d78[0m [36mrequest_id[0m=[35m46aa1d78-e021-4262-98e4-7f4c2bb822a0[0m [36mstatus[0m=[35m200[0m
[2m14:11:08[0m [[32m[1minfo     [0m] [1mReview iteration 1/2                    [0m [36mreq[0m=[35m93efa3ff[0m
[2m14:11:12[0m [[32m[1minfo     [0m] [1mGetting challenge status: id=a860a4bb-28c2-40bb-83c5-117b3cd63ef6[0m [36mreq[0m=[35mb0be3627[0m
[2m14:11:12[0m [[32m[1minfo     [0m] [1mrequest_finished                        [0m [36mduration[0m=[35m0.009[0m [36mmethod[0m=[35mGET[0m [36mpath[0m=[35m/api/v1/challenges/a860a4bb-28c2-40bb-83c5-117b3cd63ef6[0m [36mreq[0m=[35mb0be3627[0m [36mrequest_id[0m=[35mb0be3627-6519-4b44-81f7-dedb70bd40a8[0m [36mstatus[0m=[35m200[0m
[2m14:11:13[0m [[32m[1minfo     [0m] [1mStarting sandbox execution: pip=['psycopg2-binary>=2.9.0', 'psycopg2-binary'], apt=[], input_files=[][0m [36mreq[0m=[35m93efa3ff[0m
[2m14:11:14[0m [[32m[1minfo     [0m] [1mInstalling pip packages: "psycopg2-binary>=2.9.0" "psycopg2-binary"[0m [36mreq[0m=[35m93efa3ff[0m
[2m14:11:15[0m [[32m[1minfo     [0m] [1mPip packages installed successfully     [0m [36mreq[0m=[35m93efa3ff[0m
[2m14:11:15[0m [[33m[1mwarning  [0m] [1mCode execution failed (exit=1): Traceback (most recent call last):
  File "/workspace/script.py", line 3, in <module>
    import sqlparse
ModuleNotFoundError: No module named 'sqlparse'
[0m [36mreq[0m=[35m93efa3ff[0m
[2m14:11:15[0m [[32m[1minfo     [0m] [1mSandbox execution complete: success=False, time=1837ms, cached=False[0m [36mreq[0m=[35m93efa3ff[0m
[2m14:11:17[0m [[32m[1minfo     [0m] [1mGetting challenge status: id=a860a4bb-28c2-40bb-83c5-117b3cd63ef6[0m [36mreq[0m=[35meb9dd196[0m
[2m14:11:17[0m [[32m[1minfo     [0m] [1mrequest_finished                        [0m [36mduration[0m=[35m0.009[0m [36mmethod[0m=[35mGET[0m [36mpath[0m=[35m/api/v1/challenges/a860a4bb-28c2-40bb-83c5-117b3cd63ef6[0m [36mreq[0m=[35meb9dd196[0m [36mrequest_id[0m=[35meb9dd196-a11c-4555-93a1-9a289facd8e2[0m [36mstatus[0m=[35m200[0m
[2m14:11:20[0m [[33m[1mwarning  [0m] [1mRevision broke the code: Traceback (most recent call last):
  File "/workspace/script.py", line 3, in <module>
    import sqlparse
ModuleNotFoundError: No module named 'sqlparse'
. Reverting to pre-review code.[0m [36mreq[0m=[35m93efa3ff[0m
[2m14:11:20[0m [[32m[1minfo     [0m] [1mStarting sandbox execution: pip=['psycopg2-binary>=2.9.0', 'psycopg2-binary'], apt=[], input_files=[][0m [36mreq[0m=[35m93efa3ff[0m
[2m14:11:21[0m [[32m[1minfo     [0m] [1mInstalling pip packages: "psycopg2-binary>=2.9.0" "psycopg2-binary"[0m [36mreq[0m=[35m93efa3ff[0m
[2m14:11:22[0m [[32m[1minfo     [0m] [1mGetting challenge status: id=a860a4bb-28c2-40bb-83c5-117b3cd63ef6[0m [36mreq[0m=[35m2821ace1[0m
[2m14:11:22[0m [[32m[1minfo     [0m] [1mrequest_finished                        [0m [36mduration[0m=[35m0.003[0m [36mmethod[0m=[35mGET[0m [36mpath[0m=[35m/api/v1/challenges/a860a4bb-28c2-40bb-83c5-117b3cd63ef6[0m [36mreq[0m=[35m2821ace1[0m [36mrequest_id[0m=[35m2821ace1-ea95-4e71-aa88-c9bbef8ca6f2[0m [36mstatus[0m=[35m200[0m
[2m14:11:22[0m [[32m[1minfo     [0m] [1mPip packages installed successfully     [0m [36mreq[0m=[35m93efa3ff[0m
[2m14:11:22[0m [[32m[1minfo     [0m] [1mSandbox execution complete: success=True, time=1671ms, cached=False[0m [36mreq[0m=[35m93efa3ff[0m
[2m14:11:27[0m [[32m[1minfo     [0m] [1mGetting challenge status: id=a860a4bb-28c2-40bb-83c5-117b3cd63ef6[0m [36mreq[0m=[35m9581bfcf[0m
[2m14:11:27[0m [[32m[1minfo     [0m] [1mrequest_finished                        [0m [36mduration[0m=[35m0.013[0m [36mmethod[0m=[35mGET[0m [36mpath[0m=[35m/api/v1/challenges/a860a4bb-28c2-40bb-83c5-117b3cd63ef6[0m [36mreq[0m=[35m9581bfcf[0m [36mrequest_id[0m=[35m9581bfcf-dce7-4b6c-902b-590cb51cd9a4[0m [36mstatus[0m=[35m200[0m
[2m14:11:27[0m [[32m[1minfo     [0m] [1mCreated new skill: 2ccd662d-1c9b-48e8-ac9b-26369a3959a7[0m [36mreq[0m=[35m93efa3ff[0m
[2m14:11:27[0m [[32m[1minfo     [0m] [1mRecorded build attempt: capability=connect to PostgreSQL database, success=True, error_type=None[0m [36mreq[0m=[35m93efa3ff[0m
[2m14:11:27[0m [[32m[1minfo     [0m] [1mSkill development complete: skill_connect_to_postgresql_database in 40457ms[0m [36mreq[0m=[35m93efa3ff[0m
[2m14:11:27[0m [[32m[1minfo     [0m] [1mSkill Team built skill: skill_connect_to_postgresql_database, duration=40.5s[0m [36mreq[0m=[35m93efa3ff[0m
[2m14:11:27[0m [[32m[1minfo     [0m] [1mAgent 'context_retriever' already has capability 'connect to PostgreSQL database'[0m [36mreq[0m=[35m93efa3ff[0m
[2m14:11:27[0m [[32m[1minfo     [0m] [1mCreated skill binding: skill=2ccd662d..., agent=49898ec1..., capability='connect to PostgreSQL database'[0m [36mreq[0m=[35m93efa3ff[0m
[2m14:11:27[0m [[32m[1minfo     [0m] [1mInjecting skill 2ccd662d... with plan: target_agent=d01ede79..., rationale=The tool_builder is best suited for creating robust, reusable database connectivity utilities that other agents can consume for data retrieval.[0m [36mreq[0m=[35m93efa3ff[0m
[2m14:11:27[0m [[32m[1minfo     [0m] [1mCreated skill binding: skill=2ccd662d... -> agent=d01ede79...[0m [36mreq[0m=[35m93efa3ff[0m
[2m14:11:28[0m [[32m[1minfo     [0m] [1mLoading topology from database...       [0m [36mreq[0m=[35m93efa3ff[0m
[2m14:11:28[0m [[32m[1minfo     [0m] [1mMapped 13 skill entries to 13 capabilities[0m [36mreq[0m=[35m93efa3ff[0m
[2m14:11:28[0m [[32m[1minfo     [0m] [1mTopology validated: 11 agents in 5 waves[0m [36mreq[0m=[35m93efa3ff[0m
[2m14:11:28[0m [[32m[1minfo     [0m] [1mLoaded 13 skills for topology           [0m [36mreq[0m=[35m93efa3ff[0m
[2m14:11:28[0m [[32m[1minfo     [0m] [1mTopology loaded: 11 agents, 5 waves     [0m [36mreq[0m=[35m93efa3ff[0m
[2m14:11:28[0m [[32m[1minfo     [0m] [1mPlan-based injection complete: skill=2ccd662d... -> agent=tool_builder[0m [36mreq[0m=[35m93efa3ff[0m
[2m14:11:28[0m [[32m[1minfo     [0m] [1mRecorded build attempt: capability=connect to PostgreSQL database, success=True, error_type=None[0m [36mreq[0m=[35m93efa3ff[0m
[2m14:11:28[0m [[32m[1minfo     [0m] [1mGap completed: 1c816a32... -> skill/2ccd662d...[0m [36mreq[0m=[35m93efa3ff[0m
[2m14:11:28[0m [[32m[1minfo     [0m] [1mProcessing gap: 0968e96a... type=missing_planning_skill, capability=calculate project progress percentages and cost variances, severity=important[0m [36mreq[0m=[35m93efa3ff[0m
[2m14:11:28[0m [[33m[1mwarning  [0m] [1mUnknown gap type 'missing_planning_skill', using generic builder[0m [36mreq[0m=[35m93efa3ff[0m
[2m14:11:28[0m [[32m[1minfo     [0m] [1mBuilding capability: gap_type=missing_planning_skill, severity=important, attempt=1, approach=direct[0m [36mreq[0m=[35m93efa3ff[0m
[2m14:11:28[0m [[32m[1minfo     [0m] [1mDecomposing task id=1c30ffb7..., files=1[0m [36mreq[0m=[35m93efa3ff[0m
[2m14:11:30[0m [[32m[1minfo     [0m] [1mDecomposed task into 2 subtasks, 2 waves[0m [36mreq[0m=[35m93efa3ff[0m
[2m14:11:30[0m [[32m[1minfo     [0m] [1mExecuting wave 1/2, files=['prompts/generated/prompt_calculate_project_progress_percentages_and_cost_variances.txt'][0m [36mreq[0m=[35m93efa3ff[0m
[2m14:11:30[0m [[32m[1minfo     [0m] [1mRegistered agent id=75a626a3..., task=1c30ffb7..., file=prompts/generated/prompt_calculate_project_progress_percentages_and_cost_variances.txt[0m [36mreq[0m=[35m93efa3ff[0m
[2m14:11:30[0m [[32m[1minfo     [0m] [1mUpdated agent id=75a626a3... status=running[0m [36mreq[0m=[35m93efa3ff[0m
[2m14:11:30[0m [[32m[1minfo     [0m] [1mExecuting agent id=75a626a3..., file=prompts/generated/prompt_calculate_project_progress_percentages_and_cost_variances.txt[0m [36mreq[0m=[35m93efa3ff[0m
{
    "name": "developer_team.decompose_task",
    "context": {
        "trace_id": "0xc7e23ac1636aec152ef8e2ea185e7e12",
        "span_id": "0x266af91689a804b3",
        "trace_state": "[]"
    },
    "kind": "SpanKind.INTERNAL",
    "parent_id": "0x6b9272ba466ef448",
    "start_time": "2026-05-08T14:11:28.122754Z",
    "end_time": "2026-05-08T14:11:30.258784Z",
    "status": {
        "status_code": "UNSET"
    },
    "attributes": {},
    "events": [],
    "links": [],
    "resource": {
        "attributes": {
            "telemetry.sdk.language": "python",
            "telemetry.sdk.name": "opentelemetry",
            "telemetry.sdk.version": "1.40.0",
            "service.name": "lumari-backend",
            "service.version": "0.1.0",
            "service.namespace": "lumari",
            "deployment.environment": "development",
            "telemetry.middleware.version": "1.0.0"
        },
        "schema_url": ""
    }
}
[2m14:11:32[0m [[32m[1minfo     [0m] [1mGetting challenge status: id=a860a4bb-28c2-40bb-83c5-117b3cd63ef6[0m [36mreq[0m=[35m14be59d6[0m
[2m14:11:32[0m [[32m[1minfo     [0m] [1mrequest_finished                        [0m [36mduration[0m=[35m0.016[0m [36mmethod[0m=[35mGET[0m [36mpath[0m=[35m/api/v1/challenges/a860a4bb-28c2-40bb-83c5-117b3cd63ef6[0m [36mreq[0m=[35m14be59d6[0m [36mrequest_id[0m=[35m14be59d6-bcec-4ac5-a5e2-8c23dcfc033f[0m [36mstatus[0m=[35m200[0m
[2m14:11:32[0m [[32m[1minfo     [0m] [1mAgent completed id=75a626a3..., duration=2.33s[0m [36mreq[0m=[35m93efa3ff[0m
[2m14:11:32[0m [[32m[1minfo     [0m] [1mUpdated agent id=75a626a3... status=completed[0m [36mreq[0m=[35m93efa3ff[0m
[2m14:11:32[0m [[32m[1minfo     [0m] [1mExecuting wave 2/2, files=['scripts/calculate_metrics.py'][0m [36mreq[0m=[35m93efa3ff[0m
[2m14:11:32[0m [[32m[1minfo     [0m] [1mRegistered agent id=ff9ae2b6..., task=1c30ffb7..., file=scripts/calculate_metrics.py[0m [36mreq[0m=[35m93efa3ff[0m
[2m14:11:32[0m [[32m[1minfo     [0m] [1mUpdated agent id=ff9ae2b6... status=running[0m [36mreq[0m=[35m93efa3ff[0m
[2m14:11:32[0m [[32m[1minfo     [0m] [1mExecuting agent id=ff9ae2b6..., file=scripts/calculate_metrics.py[0m [36mreq[0m=[35m93efa3ff[0m
[2m14:11:35[0m [[32m[1minfo     [0m] [1mAgent completed id=ff9ae2b6..., duration=3.17s[0m [36mreq[0m=[35m93efa3ff[0m
[2m14:11:35[0m [[32m[1minfo     [0m] [1mUpdated agent id=ff9ae2b6... status=completed[0m [36mreq[0m=[35m93efa3ff[0m
[2m14:11:35[0m [[32m[1minfo     [0m] [1mUnregistered agent id=75a626a3...       [0m [36mreq[0m=[35m93efa3ff[0m
[2m14:11:35[0m [[32m[1minfo     [0m] [1mUnregistered agent id=ff9ae2b6...       [0m [36mreq[0m=[35m93efa3ff[0m
[2m14:11:35[0m [[32m[1minfo     [0m] [1mCleaned up 2 agents for task 1c30ffb7...[0m [36mreq[0m=[35m93efa3ff[0m
[2m14:11:35[0m [[32m[1minfo     [0m] [1mBuilt prompt: id=7a9dbe53..., name=prompt_calculate_project_progress_percentages_and_cost_variances[0m [36mreq[0m=[35m93efa3ff[0m
[2m14:11:35[0m [[32m[1minfo     [0m] [1mInjecting capability: type=prompt, id=7a9dbe53...[0m [36mreq[0m=[35m93efa3ff[0m
[2m14:11:35[0m [[32m[1minfo     [0m] [1mLoading topology from database...       [0m [36mreq[0m=[35m93efa3ff[0m
[2m14:11:35[0m [[32m[1minfo     [0m] [1mMapped 13 skill entries to 13 capabilities[0m [36mreq[0m=[35m93efa3ff[0m
[2m14:11:35[0m [[32m[1minfo     [0m] [1mTopology validated: 11 agents in 5 waves[0m [36mreq[0m=[35m93efa3ff[0m
[2m14:11:35[0m [[32m[1minfo     [0m] [1mLoaded 13 skills for topology           [0m [36mreq[0m=[35m93efa3ff[0m
[2m14:11:35[0m [[32m[1minfo     [0m] [1mTopology loaded: 11 agents, 5 waves     [0m [36mreq[0m=[35m93efa3ff[0m
[2m14:11:35[0m [[32m[1minfo     [0m] [1mCapability injected successfully: prompt/7a9dbe53...[0m [36mreq[0m=[35m93efa3ff[0m
[2m14:11:35[0m [[32m[1minfo     [0m] [1mRecorded build attempt: capability=calculate project progress percentages and cost variances, success=True, error_type=None[0m [36mreq[0m=[35m93efa3ff[0m
[2m14:11:35[0m [[32m[1minfo     [0m] [1mGap completed: 0968e96a... -> prompt/7a9dbe53...[0m [36mreq[0m=[35m93efa3ff[0m
[2m14:11:35[0m [[32m[1minfo     [0m] [1mProcessing gap: f1cfeca9... type=missing_skill, capability=execute SQL queries to retrieve project, progress, cost, and risk data, severity=important[0m [36mreq[0m=[35m93efa3ff[0m
[2m14:11:35[0m [[32m[1minfo     [0m] [1mStrategy proposed for execute SQL queries to retrieve project, progress, cost, and risk data: direct (confidence=0.5)[0m [36mreq[0m=[35m93efa3ff[0m
[2m14:11:35[0m [[32m[1minfo     [0m] [1mBuilding capability: gap_type=missing_skill, severity=important, attempt=1, approach=direct[0m [36mreq[0m=[35m93efa3ff[0m
[2m14:11:35[0m [[32m[1minfo     [0m] [1mUsing Skill Team for capability: execute SQL queries to retrieve project, progress, cost, and risk data[0m [36mreq[0m=[35m93efa3ff[0m
[2m14:11:35[0m [[32m[1minfo     [0m] [1mStarting team-based skill development for: execute SQL queries to retrieve project, progress, cost, and risk data[0m [36mreq[0m=[35m93efa3ff[0m
[2m14:11:35[0m [[32m[1minfo     [0m] [1mFound 7 previous failures to learn from [0m [36mreq[0m=[35m93efa3ff[0m
[2m14:11:35[0m [[32m[1minfo     [0m] [1mResearching capability: execute SQL queries to retrieve project, progress, cost, and risk data[0m [36mreq[0m=[35m93efa3ff[0m
[2m14:11:35[0m [[32m[1minfo     [0m] [1mUsing cached research for: execute SQL queries to retrieve project, progress, cost, and risk data[0m [36mreq[0m=[35m93efa3ff[0m
[2m14:11:35[0m [[32m[1minfo     [0m] [1mResearch complete: 0 packages found     [0m [36mreq[0m=[35m93efa3ff[0m
{
    "name": "agent_spawner.spawn_and_execute",
    "context": {
        "trace_id": "0xc7e23ac1636aec152ef8e2ea185e7e12",
        "span_id": "0x46f864711a642d27",
        "trace_state": "[]"
    },
    "kind": "SpanKind.INTERNAL",
    "parent_id": "0x24bb4484b2139f66",
    "start_time": "2026-05-08T14:11:30.259692Z",
    "end_time": "2026-05-08T14:11:32.589882Z",
    "status": {
        "status_code": "UNSET"
    },
    "attributes": {
        "agent.id": "75a626a3-0ba0-4098-ae5f-a7184520ff10",
        "agent.task_id": "1c30ffb7-33f2-4978-82cc-802ef601ab72",
        "agent.file_path": "prompts/generated/prompt_calculate_project_progress_percentages_and_cost_variances.txt",
        "agent.timeout_seconds": 300,
        "agent.registered": true,
        "agent.success": true,
        "agent.duration_seconds": 2.3285577297210693
    },
    "events": [],
    "links": [],
    "resource": {
        "attributes": {
            "telemetry.sdk.language": "python",
            "telemetry.sdk.name": "opentelemetry",
            "telemetry.sdk.version": "1.40.0",
            "service.name": "lumari-backend",
            "service.version": "0.1.0",
            "service.namespace": "lumari",
            "deployment.environment": "development",
            "telemetry.middleware.version": "1.0.0"
        },
        "schema_url": ""
    }
}
{
    "name": "developer_team.execute_wave",
    "context": {
        "trace_id": "0xc7e23ac1636aec152ef8e2ea185e7e12",
        "span_id": "0x24bb4484b2139f66",
        "trace_state": "[]"
    },
    "kind": "SpanKind.INTERNAL",
    "parent_id": "0x6b9272ba466ef448",
    "start_time": "2026-05-08T14:11:30.259044Z",
    "end_time": "2026-05-08T14:11:32.590233Z",
    "status": {
        "status_code": "UNSET"
    },
    "attributes": {
        "wave.files": [
            "prompts/generated/prompt_calculate_project_progress_percentages_and_cost_variances.txt"
        ]
    },
    "events": [],
    "links": [],
    "resource": {
        "attributes": {
            "telemetry.sdk.language": "python",
            "telemetry.sdk.name": "opentelemetry",
            "telemetry.sdk.version": "1.40.0",
            "service.name": "lumari-backend",
            "service.version": "0.1.0",
            "service.namespace": "lumari",
            "deployment.environment": "development",
            "telemetry.middleware.version": "1.0.0"
        },
        "schema_url": ""
    }
}
{
    "name": "agent_spawner.spawn_and_execute",
    "context": {
        "trace_id": "0xc7e23ac1636aec152ef8e2ea185e7e12",
        "span_id": "0x96b81453b070c79b",
        "trace_state": "[]"
    },
    "kind": "SpanKind.INTERNAL",
    "parent_id": "0x16cff1c576c4f996",
    "start_time": "2026-05-08T14:11:32.590811Z",
    "end_time": "2026-05-08T14:11:35.762623Z",
    "status": {
        "status_code": "UNSET"
    },
    "attributes": {
        "agent.id": "ff9ae2b6-3fe0-4b28-bfe8-f70a1c7f5cd9",
        "agent.task_id": "1c30ffb7-33f2-4978-82cc-802ef601ab72",
        "agent.file_path": "scripts/calculate_metrics.py",
        "agent.timeout_seconds": 300,
        "agent.registered": true,
        "agent.success": true,
        "agent.duration_seconds": 3.1708333492279053
    },
    "events": [],
    "links": [],
    "resource": {
        "attributes": {
            "telemetry.sdk.language": "python",
            "telemetry.sdk.name": "opentelemetry",
            "telemetry.sdk.version": "1.40.0",
            "service.name": "lumari-backend",
            "service.version": "0.1.0",
            "service.namespace": "lumari",
            "deployment.environment": "development",
            "telemetry.middleware.version": "1.0.0"
        },
        "schema_url": ""
    }
}
{
    "name": "developer_team.execute_wave",
    "context": {
        "trace_id": "0xc7e23ac1636aec152ef8e2ea185e7e12",
        "span_id": "0x16cff1c576c4f996",
        "trace_state": "[]"
    },
    "kind": "SpanKind.INTERNAL",
    "parent_id": "0x6b9272ba466ef448",
    "start_time": "2026-05-08T14:11:32.590546Z",
    "end_time": "2026-05-08T14:11:35.763363Z",
    "status": {
        "status_code": "UNSET"
    },
    "attributes": {
        "wave.files": [
            "scripts/calculate_metrics.py"
        ]
    },
    "events": [],
    "links": [],
    "resource": {
        "attributes": {
            "telemetry.sdk.language": "python",
            "telemetry.sdk.name": "opentelemetry",
            "telemetry.sdk.version": "1.40.0",
            "service.name": "lumari-backend",
            "service.version": "0.1.0",
            "service.namespace": "lumari",
            "deployment.environment": "development",
            "telemetry.middleware.version": "1.0.0"
        },
        "schema_url": ""
    }
}
{
    "name": "developer_team.execute_complex_task",
    "context": {
        "trace_id": "0xc7e23ac1636aec152ef8e2ea185e7e12",
        "span_id": "0x6b9272ba466ef448",
        "trace_state": "[]"
    },
    "kind": "SpanKind.INTERNAL",
    "parent_id": null,
    "start_time": "2026-05-08T14:11:28.122586Z",
    "end_time": "2026-05-08T14:11:35.763868Z",
    "status": {
        "status_code": "UNSET"
    },
    "attributes": {
        "task.id": "1c30ffb7-33f2-4978-82cc-802ef601ab72",
        "task.files_count": 1,
        "task.subtasks_count": 2,
        "task.waves_count": 2,
        "task.files_completed": 2,
        "task.files_failed": 0,
        "task.success": true
    },
    "events": [],
    "links": [],
    "resource": {
        "attributes": {
            "telemetry.sdk.language": "python",
            "telemetry.sdk.name": "opentelemetry",
            "telemetry.sdk.version": "1.40.0",
            "service.name": "lumari-backend",
            "service.version": "0.1.0",
            "service.namespace": "lumari",
            "deployment.environment": "development",
            "telemetry.middleware.version": "1.0.0"
        },
        "schema_url": ""
    }
}
[2m14:11:37[0m [[32m[1minfo     [0m] [1mGetting challenge status: id=a860a4bb-28c2-40bb-83c5-117b3cd63ef6[0m [36mreq[0m=[35m33c3b832[0m
[2m14:11:37[0m [[32m[1minfo     [0m] [1mrequest_finished                        [0m [36mduration[0m=[35m0.009[0m [36mmethod[0m=[35mGET[0m [36mpath[0m=[35m/api/v1/challenges/a860a4bb-28c2-40bb-83c5-117b3cd63ef6[0m [36mreq[0m=[35m33c3b832[0m [36mrequest_id[0m=[35m33c3b832-50cd-4d30-b3c4-7eea2b3484fa[0m [36mstatus[0m=[35m200[0m
[2m14:11:39[0m [[32m[1minfo     [0m] [1mArchitecture complete: 1 test cases defined[0m [36mreq[0m=[35m93efa3ff[0m
[2m14:11:39[0m [[32m[1minfo     [0m] [1mSession start: iteration=1/10, pip=1, apt=1[0m [36mreq[0m=[35m93efa3ff[0m
[2m14:11:39[0m [[32m[1minfo     [0m] [1mSession container created: fcf12d595150 [0m [36mreq[0m=[35m93efa3ff[0m
[2m14:11:39[0m [[32m[1minfo     [0m] [1mInstalling system packages: libpq-dev   [0m [36mreq[0m=[35m93efa3ff[0m
[2m14:11:42[0m [[32m[1minfo     [0m] [1mGetting challenge status: id=a860a4bb-28c2-40bb-83c5-117b3cd63ef6[0m [36mreq[0m=[35m9160fc4e[0m
[2m14:11:42[0m [[32m[1minfo     [0m] [1mrequest_finished                        [0m [36mduration[0m=[35m0.017[0m [36mmethod[0m=[35mGET[0m [36mpath[0m=[35m/api/v1/challenges/a860a4bb-28c2-40bb-83c5-117b3cd63ef6[0m [36mreq[0m=[35m9160fc4e[0m [36mrequest_id[0m=[35m9160fc4e-f0f4-4423-b16e-bffeccade5fe[0m [36mstatus[0m=[35m200[0m
[2m14:11:44[0m [[32m[1minfo     [0m] [1mSystem packages installed successfully: libpq-dev[0m [36mreq[0m=[35m93efa3ff[0m
[2m14:11:44[0m [[32m[1minfo     [0m] [1mInstalling pip packages: "psycopg2-binary>=2.9.9"[0m [36mreq[0m=[35m93efa3ff[0m
[2m14:11:45[0m [[32m[1minfo     [0m] [1mPip packages installed successfully     [0m [36mreq[0m=[35m93efa3ff[0m
[2m14:11:45[0m [[32m[1minfo     [0m] [1mImplementation iteration 1/10           [0m [36mreq[0m=[35m93efa3ff[0m
[2m14:11:47[0m [[32m[1minfo     [0m] [1mGetting challenge status: id=a860a4bb-28c2-40bb-83c5-117b3cd63ef6[0m [36mreq[0m=[35m9b475fe2[0m
[2m14:11:47[0m [[32m[1minfo     [0m] [1mrequest_finished                        [0m [36mduration[0m=[35m0.007[0m [36mmethod[0m=[35mGET[0m [36mpath[0m=[35m/api/v1/challenges/a860a4bb-28c2-40bb-83c5-117b3cd63ef6[0m [36mreq[0m=[35m9b475fe2[0m [36mrequest_id[0m=[35m9b475fe2-5de2-460f-b830-221efc42ae34[0m [36mstatus[0m=[35m200[0m
[2m14:11:47[0m [[32m[1minfo     [0m] [1mProaktiv erkannte neue Packages: ['psycopg2-binary'][0m [36mreq[0m=[35m93efa3ff[0m
[2m14:11:52[0m [[32m[1minfo     [0m] [1mGetting challenge status: id=a860a4bb-28c2-40bb-83c5-117b3cd63ef6[0m [36mreq[0m=[35m62fee8cc[0m
[2m14:11:52[0m [[32m[1minfo     [0m] [1mrequest_finished                        [0m [36mduration[0m=[35m0.008[0m [36mmethod[0m=[35mGET[0m [36mpath[0m=[35m/api/v1/challenges/a860a4bb-28c2-40bb-83c5-117b3cd63ef6[0m [36mreq[0m=[35m62fee8cc[0m [36mrequest_id[0m=[35m62fee8cc-1fea-41ee-a3fd-b4ad19401c7d[0m [36mstatus[0m=[35m200[0m
[2m14:11:52[0m [[32m[1minfo     [0m] [1mSession start: iteration=2/10, pip=2, apt=1[0m [36mreq[0m=[35m93efa3ff[0m
[2m14:11:53[0m [[32m[1minfo     [0m] [1mSession container created: d627c4649625 [0m [36mreq[0m=[35m93efa3ff[0m
[2m14:11:53[0m [[32m[1minfo     [0m] [1mInstalling system packages: libpq-dev   [0m [36mreq[0m=[35m93efa3ff[0m
[2m14:11:57[0m [[32m[1minfo     [0m] [1mSystem packages installed successfully: libpq-dev[0m [36mreq[0m=[35m93efa3ff[0m
[2m14:11:57[0m [[32m[1minfo     [0m] [1mInstalling pip packages: "psycopg2-binary>=2.9.9" "psycopg2-binary"[0m [36mreq[0m=[35m93efa3ff[0m
[2m14:11:57[0m [[32m[1minfo     [0m] [1mGetting challenge status: id=a860a4bb-28c2-40bb-83c5-117b3cd63ef6[0m [36mreq[0m=[35mb56193e1[0m
[2m14:11:57[0m [[32m[1minfo     [0m] [1mrequest_finished                        [0m [36mduration[0m=[35m0.008[0m [36mmethod[0m=[35mGET[0m [36mpath[0m=[35m/api/v1/challenges/a860a4bb-28c2-40bb-83c5-117b3cd63ef6[0m [36mreq[0m=[35mb56193e1[0m [36mrequest_id[0m=[35mb56193e1-5f28-446b-a85a-9e480f48a8a4[0m [36mstatus[0m=[35m200[0m
[2m14:11:58[0m [[32m[1minfo     [0m] [1mPip packages installed successfully     [0m [36mreq[0m=[35m93efa3ff[0m
[2m14:11:58[0m [[32m[1minfo     [0m] [1mImplementation iteration 2/10           [0m [36mreq[0m=[35m93efa3ff[0m
[2m14:11:59[0m [[33m[1mwarning  [0m] [1mCode execution failed (exit=1): Testing with input: {'query': 'SELECT project_name, status FROM projects LIMIT 5', 'database_url': 'postgresql://lumari:lumari_dev@lumari-postgres:5432/lumari'}
Result: {'success': False, 'error': 'Database error: relation "projects" does not exist\nLINE 1: SELECT project_name, status FROM projects LIMIT 5\n                                         ^\n'}
TEST FAILED: Database error: relation "projects" does not exist
LINE 1: SELECT project_name, status FROM projects LIMIT 5
                      [0m [36mreq[0m=[35m93efa3ff[0m
[2m14:11:59[0m [[32m[1minfo     [0m] [1mRecorded build attempt: capability=execute SQL queries to retrieve project, progress, cost, and risk data, success=False, error_type=ErrorType.RUNTIME_ERROR[0m [36mreq[0m=[35m93efa3ff[0m
[2m14:12:01[0m [[32m[1minfo     [0m] [1mDebug [LOGIC_ERROR]: produced fixed code (1730 chars)[0m [36mreq[0m=[35m93efa3ff[0m
[2m14:12:01[0m [[32m[1minfo     [0m] [1mImplementation iteration 3/10           [0m [36mreq[0m=[35m93efa3ff[0m
[2m14:12:01[0m [[33m[1mwarning  [0m] [1mCode execution failed (exit=1): Testing with input: {'query': 'SELECT project_name, status FROM projects LIMIT 5', 'database_url': 'postgresql://lumari:lumari_dev@lumari-postgres:5432/lumari'}
Result: {'success': False, 'error': 'Database error: relation "projects" does not exist\nLINE 1: SELECT project_name, status FROM projects LIMIT 5\n                                         ^'}
TEST FAILED: Database error: relation "projects" does not exist
LINE 1: SELECT project_name, status FROM projects LIMIT 5
                        [0m [36mreq[0m=[35m93efa3ff[0m
[2m14:12:01[0m [[32m[1minfo     [0m] [1mRecorded build attempt: capability=execute SQL queries to retrieve project, progress, cost, and risk data, success=False, error_type=ErrorType.RUNTIME_ERROR[0m [36mreq[0m=[35m93efa3ff[0m
[2m14:12:02[0m [[32m[1minfo     [0m] [1mGetting challenge status: id=a860a4bb-28c2-40bb-83c5-117b3cd63ef6[0m [36mreq[0m=[35m64adaba3[0m
[2m14:12:02[0m [[32m[1minfo     [0m] [1mrequest_finished                        [0m [36mduration[0m=[35m0.005[0m [36mmethod[0m=[35mGET[0m [36mpath[0m=[35m/api/v1/challenges/a860a4bb-28c2-40bb-83c5-117b3cd63ef6[0m [36mreq[0m=[35m64adaba3[0m [36mrequest_id[0m=[35m64adaba3-046f-47e8-94f5-01722f1eb0f4[0m [36mstatus[0m=[35m200[0m
[2m14:12:03[0m [[32m[1minfo     [0m] [1mDebug [LOGIC_ERROR]: produced fixed code (1730 chars)[0m [36mreq[0m=[35m93efa3ff[0m
[2m14:12:03[0m [[32m[1minfo     [0m] [1mImplementation iteration 4/10           [0m [36mreq[0m=[35m93efa3ff[0m
[2m14:12:03[0m [[33m[1mwarning  [0m] [1mCode execution failed (exit=1): Testing with input: {'query': 'SELECT project_name, status FROM projects LIMIT 5', 'database_url': 'postgresql://lumari:lumari_dev@lumari-postgres:5432/lumari'}
Result: {'success': False, 'error': 'Database error: relation "projects" does not exist\nLINE 1: SELECT project_name, status FROM projects LIMIT 5\n                                         ^'}
TEST FAILED: Database error: relation "projects" does not exist
LINE 1: SELECT project_name, status FROM projects LIMIT 5
                        [0m [36mreq[0m=[35m93efa3ff[0m
[2m14:12:03[0m [[32m[1minfo     [0m] [1mRecorded build attempt: capability=execute SQL queries to retrieve project, progress, cost, and risk data, success=False, error_type=ErrorType.RUNTIME_ERROR[0m [36mreq[0m=[35m93efa3ff[0m
[2m14:12:03[0m [[33m[1mwarning  [0m] [1mApproach-Switch: psycopg2 scheitert wiederholt[0m [36mreq[0m=[35m93efa3ff[0m
[2m14:12:04[0m [[32m[1minfo     [0m] [1mDebug [LOGIC_ERROR]: produced fixed code (1730 chars)[0m [36mreq[0m=[35m93efa3ff[0m
[2m14:12:07[0m [[32m[1minfo     [0m] [1mGetting challenge status: id=a860a4bb-28c2-40bb-83c5-117b3cd63ef6[0m [36mreq[0m=[35ma670f6c4[0m
[2m14:12:07[0m [[32m[1minfo     [0m] [1mrequest_finished                        [0m [36mduration[0m=[35m0.004[0m [36mmethod[0m=[35mGET[0m [36mpath[0m=[35m/api/v1/challenges/a860a4bb-28c2-40bb-83c5-117b3cd63ef6[0m [36mreq[0m=[35ma670f6c4[0m [36mrequest_id[0m=[35ma670f6c4-203b-4194-a44a-554a0da0fe81[0m [36mstatus[0m=[35m200[0m
[2m14:12:10[0m [[32m[1minfo     [0m] [1mSession start: iteration=5/10, pip=0, apt=1[0m [36mreq[0m=[35m93efa3ff[0m
[2m14:12:10[0m [[32m[1minfo     [0m] [1mSession container created: 523c910f90c5 [0m [36mreq[0m=[35m93efa3ff[0m
[2m14:12:10[0m [[32m[1minfo     [0m] [1mInstalling system packages: libpq-dev   [0m [36mreq[0m=[35m93efa3ff[0m
[2m14:12:12[0m [[32m[1minfo     [0m] [1mGetting challenge status: id=a860a4bb-28c2-40bb-83c5-117b3cd63ef6[0m [36mreq[0m=[35m34c0752c[0m
[2m14:12:12[0m [[32m[1minfo     [0m] [1mrequest_finished                        [0m [36mduration[0m=[35m0.004[0m [36mmethod[0m=[35mGET[0m [36mpath[0m=[35m/api/v1/challenges/a860a4bb-28c2-40bb-83c5-117b3cd63ef6[0m [36mreq[0m=[35m34c0752c[0m [36mrequest_id[0m=[35m34c0752c-9c13-4dc1-8b93-3e74519d0293[0m [36mstatus[0m=[35m200[0m
[2m14:12:14[0m [[32m[1minfo     [0m] [1mSystem packages installed successfully: libpq-dev[0m [36mreq[0m=[35m93efa3ff[0m
[2m14:12:14[0m [[32m[1minfo     [0m] [1mImplementation iteration 5/10           [0m [36mreq[0m=[35m93efa3ff[0m
[2m14:12:14[0m [[32m[1minfo     [0m] [1mProaktiv erkannte neue Packages: ['psycopg2-binary'][0m [36mreq[0m=[35m93efa3ff[0m
[2m14:12:17[0m [[32m[1minfo     [0m] [1mGetting challenge status: id=a860a4bb-28c2-40bb-83c5-117b3cd63ef6[0m [36mreq[0m=[35mbb8cc5c4[0m
[2m14:12:17[0m [[32m[1minfo     [0m] [1mrequest_finished                        [0m [36mduration[0m=[35m0.007[0m [36mmethod[0m=[35mGET[0m [36mpath[0m=[35m/api/v1/challenges/a860a4bb-28c2-40bb-83c5-117b3cd63ef6[0m [36mreq[0m=[35mbb8cc5c4[0m [36mrequest_id[0m=[35mbb8cc5c4-8c7b-4a91-8c76-c0d8330cb5bd[0m [36mstatus[0m=[35m200[0m
[2m14:12:19[0m [[32m[1minfo     [0m] [1mSession start: iteration=6/10, pip=1, apt=1[0m [36mreq[0m=[35m93efa3ff[0m
[2m14:12:19[0m [[32m[1minfo     [0m] [1mSession container created: 614763ac5588 [0m [36mreq[0m=[35m93efa3ff[0m
[2m14:12:19[0m [[32m[1minfo     [0m] [1mInstalling system packages: libpq-dev   [0m [36mreq[0m=[35m93efa3ff[0m
[2m14:12:22[0m [[32m[1minfo     [0m] [1mGetting challenge status: id=a860a4bb-28c2-40bb-83c5-117b3cd63ef6[0m [36mreq[0m=[35ma18848c8[0m
[2m14:12:22[0m [[32m[1minfo     [0m] [1mrequest_finished                        [0m [36mduration[0m=[35m0.004[0m [36mmethod[0m=[35mGET[0m [36mpath[0m=[35m/api/v1/challenges/a860a4bb-28c2-40bb-83c5-117b3cd63ef6[0m [36mreq[0m=[35ma18848c8[0m [36mrequest_id[0m=[35ma18848c8-a725-479e-af6b-e1fd4baa1648[0m [36mstatus[0m=[35m200[0m
[2m14:12:24[0m [[32m[1minfo     [0m] [1mSystem packages installed successfully: libpq-dev[0m [36mreq[0m=[35m93efa3ff[0m
[2m14:12:24[0m [[32m[1minfo     [0m] [1mInstalling pip packages: "psycopg2-binary"[0m [36mreq[0m=[35m93efa3ff[0m
[2m14:12:26[0m [[32m[1minfo     [0m] [1mPip packages installed successfully     [0m [36mreq[0m=[35m93efa3ff[0m
[2m14:12:26[0m [[32m[1minfo     [0m] [1mImplementation iteration 6/10           [0m [36mreq[0m=[35m93efa3ff[0m
[2m14:12:26[0m [[33m[1mwarning  [0m] [1mCode execution failed (exit=1): Testing with input: {'query': 'SELECT project_name, status FROM projects LIMIT 5', 'database_url': 'postgresql://lumari:lumari_dev@lumari-postgres:5432/lumari'}
Result: {'success': False, 'error': 'Database error: relation "projects" does not exist\nLINE 1: SELECT project_name, status FROM projects LIMIT 5\n                                         ^'}
TEST FAILED: Database error: relation "projects" does not exist
LINE 1: SELECT project_name, status FROM projects LIMIT 5
                        [0m [36mreq[0m=[35m93efa3ff[0m
[2m14:12:26[0m [[32m[1minfo     [0m] [1mRecorded build attempt: capability=execute SQL queries to retrieve project, progress, cost, and risk data, success=False, error_type=ErrorType.RUNTIME_ERROR[0m [36mreq[0m=[35m93efa3ff[0m
[2m14:12:26[0m [[33m[1mwarning  [0m] [1mApproach-Switch: psycopg2 scheitert wiederholt[0m [36mreq[0m=[35m93efa3ff[0m
[2m14:12:27[0m [[32m[1minfo     [0m] [1mGetting challenge status: id=a860a4bb-28c2-40bb-83c5-117b3cd63ef6[0m [36mreq[0m=[35m3c961c4e[0m
[2m14:12:27[0m [[32m[1minfo     [0m] [1mrequest_finished                        [0m [36mduration[0m=[35m0.007[0m [36mmethod[0m=[35mGET[0m [36mpath[0m=[35m/api/v1/challenges/a860a4bb-28c2-40bb-83c5-117b3cd63ef6[0m [36mreq[0m=[35m3c961c4e[0m [36mrequest_id[0m=[35m3c961c4e-83d4-48ac-b8da-37c2cef6114b[0m [36mstatus[0m=[35m200[0m
[2m14:12:27[0m [[32m[1minfo     [0m] [1mDebug [LOGIC_ERROR]: produced fixed code (1730 chars)[0m [36mreq[0m=[35m93efa3ff[0m
[2m14:12:32[0m [[32m[1minfo     [0m] [1mGetting challenge status: id=a860a4bb-28c2-40bb-83c5-117b3cd63ef6[0m [36mreq[0m=[35m9051b996[0m
[2m14:12:32[0m [[32m[1minfo     [0m] [1mrequest_finished                        [0m [36mduration[0m=[35m0.007[0m [36mmethod[0m=[35mGET[0m [36mpath[0m=[35m/api/v1/challenges/a860a4bb-28c2-40bb-83c5-117b3cd63ef6[0m [36mreq[0m=[35m9051b996[0m [36mrequest_id[0m=[35m9051b996-05bf-43ab-85a5-28fa7a0cdfae[0m [36mstatus[0m=[35m200[0m
[2m14:12:33[0m [[32m[1minfo     [0m] [1mSession start: iteration=7/10, pip=0, apt=1[0m [36mreq[0m=[35m93efa3ff[0m
[2m14:12:33[0m [[32m[1minfo     [0m] [1mSession container created: 93620efd92b1 [0m [36mreq[0m=[35m93efa3ff[0m
[2m14:12:33[0m [[32m[1minfo     [0m] [1mInstalling system packages: libpq-dev   [0m [36mreq[0m=[35m93efa3ff[0m
[2m14:12:37[0m [[32m[1minfo     [0m] [1mGetting challenge status: id=a860a4bb-28c2-40bb-83c5-117b3cd63ef6[0m [36mreq[0m=[35m5aeb1f5e[0m
[2m14:12:37[0m [[32m[1minfo     [0m] [1mSystem packages installed successfully: libpq-dev[0m [36mreq[0m=[35m93efa3ff[0m
[2m14:12:37[0m [[32m[1minfo     [0m] [1mImplementation iteration 7/10           [0m [36mreq[0m=[35m93efa3ff[0m
[2m14:12:37[0m [[32m[1minfo     [0m] [1mProaktiv erkannte neue Packages: ['psycopg2-binary'][0m [36mreq[0m=[35m93efa3ff[0m
[2m14:12:37[0m [[32m[1minfo     [0m] [1mrequest_finished                        [0m [36mduration[0m=[35m0.005[0m [36mmethod[0m=[35mGET[0m [36mpath[0m=[35m/api/v1/challenges/a860a4bb-28c2-40bb-83c5-117b3cd63ef6[0m [36mreq[0m=[35m5aeb1f5e[0m [36mrequest_id[0m=[35m5aeb1f5e-0a73-4561-b82e-5bff98be83ae[0m [36mstatus[0m=[35m200[0m
[2m14:12:42[0m [[32m[1minfo     [0m] [1mGetting challenge status: id=a860a4bb-28c2-40bb-83c5-117b3cd63ef6[0m [36mreq[0m=[35m6b986b66[0m
[2m14:12:42[0m [[32m[1minfo     [0m] [1mrequest_finished                        [0m [36mduration[0m=[35m0.013[0m [36mmethod[0m=[35mGET[0m [36mpath[0m=[35m/api/v1/challenges/a860a4bb-28c2-40bb-83c5-117b3cd63ef6[0m [36mreq[0m=[35m6b986b66[0m [36mrequest_id[0m=[35m6b986b66-7548-404e-ae10-f7025a861216[0m [36mstatus[0m=[35m200[0m
[2m14:12:42[0m [[32m[1minfo     [0m] [1mSession start: iteration=8/10, pip=1, apt=1[0m [36mreq[0m=[35m93efa3ff[0m
[2m14:12:43[0m [[32m[1minfo     [0m] [1mSession container created: 13f65b52c8e1 [0m [36mreq[0m=[35m93efa3ff[0m
[2m14:12:43[0m [[32m[1minfo     [0m] [1mInstalling system packages: libpq-dev   [0m [36mreq[0m=[35m93efa3ff[0m
[2m14:12:47[0m [[32m[1minfo     [0m] [1mSystem packages installed successfully: libpq-dev[0m [36mreq[0m=[35m93efa3ff[0m
[2m14:12:47[0m [[32m[1minfo     [0m] [1mInstalling pip packages: "psycopg2-binary"[0m [36mreq[0m=[35m93efa3ff[0m
[2m14:12:47[0m [[32m[1minfo     [0m] [1mGetting challenge status: id=a860a4bb-28c2-40bb-83c5-117b3cd63ef6[0m [36mreq[0m=[35m6c7cc159[0m
[2m14:12:47[0m [[32m[1minfo     [0m] [1mrequest_finished                        [0m [36mduration[0m=[35m0.004[0m [36mmethod[0m=[35mGET[0m [36mpath[0m=[35m/api/v1/challenges/a860a4bb-28c2-40bb-83c5-117b3cd63ef6[0m [36mreq[0m=[35m6c7cc159[0m [36mrequest_id[0m=[35m6c7cc159-e88a-457f-ade1-1833303c62ab[0m [36mstatus[0m=[35m200[0m
[2m14:12:48[0m [[32m[1minfo     [0m] [1mPip packages installed successfully     [0m [36mreq[0m=[35m93efa3ff[0m
[2m14:12:48[0m [[32m[1minfo     [0m] [1mImplementation iteration 8/10           [0m [36mreq[0m=[35m93efa3ff[0m
[2m14:12:48[0m [[33m[1mwarning  [0m] [1mCode execution failed (exit=1): Testing with input: {'query': 'SELECT project_name, status FROM projects LIMIT 5', 'database_url': 'postgresql://lumari:lumari_dev@lumari-postgres:5432/lumari'}
Result: {'success': False, 'error': 'Database error: relation "projects" does not exist\nLINE 1: SELECT project_name, status FROM projects LIMIT 5\n                                         ^'}
TEST FAILED: Database error: relation "projects" does not exist
LINE 1: SELECT project_name, status FROM projects LIMIT 5
                        [0m [36mreq[0m=[35m93efa3ff[0m
[2m14:12:48[0m [[32m[1minfo     [0m] [1mRecorded build attempt: capability=execute SQL queries to retrieve project, progress, cost, and risk data, success=False, error_type=ErrorType.RUNTIME_ERROR[0m [36mreq[0m=[35m93efa3ff[0m
[2m14:12:48[0m [[33m[1mwarning  [0m] [1mApproach-Switch: psycopg2 scheitert wiederholt[0m [36mreq[0m=[35m93efa3ff[0m
[2m14:12:50[0m [[32m[1minfo     [0m] [1mDebug [LOGIC_ERROR]: produced fixed code (1730 chars)[0m [36mreq[0m=[35m93efa3ff[0m
[2m14:12:52[0m [[32m[1minfo     [0m] [1mGetting challenge status: id=a860a4bb-28c2-40bb-83c5-117b3cd63ef6[0m [36mreq[0m=[35m2bb78da5[0m
[2m14:12:52[0m [[32m[1minfo     [0m] [1mrequest_finished                        [0m [36mduration[0m=[35m0.005[0m [36mmethod[0m=[35mGET[0m [36mpath[0m=[35m/api/v1/challenges/a860a4bb-28c2-40bb-83c5-117b3cd63ef6[0m [36mreq[0m=[35m2bb78da5[0m [36mrequest_id[0m=[35m2bb78da5-1772-4b0f-835a-8e78642a4a47[0m [36mstatus[0m=[35m200[0m
[2m14:12:55[0m [[32m[1minfo     [0m] [1mSession start: iteration=9/10, pip=0, apt=1[0m [36mreq[0m=[35m93efa3ff[0m
[2m14:12:55[0m [[32m[1minfo     [0m] [1mSession container created: b68d0eb26469 [0m [36mreq[0m=[35m93efa3ff[0m
[2m14:12:55[0m [[32m[1minfo     [0m] [1mInstalling system packages: libpq-dev   [0m [36mreq[0m=[35m93efa3ff[0m
[2m14:12:57[0m [[32m[1minfo     [0m] [1mGetting challenge status: id=a860a4bb-28c2-40bb-83c5-117b3cd63ef6[0m [36mreq[0m=[35m665a76d1[0m
[2m14:12:57[0m [[32m[1minfo     [0m] [1mrequest_finished                        [0m [36mduration[0m=[35m0.003[0m [36mmethod[0m=[35mGET[0m [36mpath[0m=[35m/api/v1/challenges/a860a4bb-28c2-40bb-83c5-117b3cd63ef6[0m [36mreq[0m=[35m665a76d1[0m [36mrequest_id[0m=[35m665a76d1-777f-4bac-a597-d13c74738ddb[0m [36mstatus[0m=[35m200[0m
[2m14:12:59[0m [[32m[1minfo     [0m] [1mSystem packages installed successfully: libpq-dev[0m [36mreq[0m=[35m93efa3ff[0m
[2m14:12:59[0m [[32m[1minfo     [0m] [1mImplementation iteration 9/10           [0m [36mreq[0m=[35m93efa3ff[0m
[2m14:12:59[0m [[32m[1minfo     [0m] [1mProaktiv erkannte neue Packages: ['psycopg2-binary'][0m [36mreq[0m=[35m93efa3ff[0m
[2m14:13:02[0m [[32m[1minfo     [0m] [1mGetting challenge status: id=a860a4bb-28c2-40bb-83c5-117b3cd63ef6[0m [36mreq[0m=[35m49109aa0[0m
[2m14:13:02[0m [[32m[1minfo     [0m] [1mrequest_finished                        [0m [36mduration[0m=[35m0.008[0m [36mmethod[0m=[35mGET[0m [36mpath[0m=[35m/api/v1/challenges/a860a4bb-28c2-40bb-83c5-117b3cd63ef6[0m [36mreq[0m=[35m49109aa0[0m [36mrequest_id[0m=[35m49109aa0-66c9-4e4e-91f3-f5023accc255[0m [36mstatus[0m=[35m200[0m
[2m14:13:05[0m [[32m[1minfo     [0m] [1mSession start: iteration=10/10, pip=1, apt=1[0m [36mreq[0m=[35m93efa3ff[0m
[2m14:13:05[0m [[32m[1minfo     [0m] [1mSession container created: 59383eb7207e [0m [36mreq[0m=[35m93efa3ff[0m
[2m14:13:05[0m [[32m[1minfo     [0m] [1mInstalling system packages: libpq-dev   [0m [36mreq[0m=[35m93efa3ff[0m
[2m14:13:07[0m [[32m[1minfo     [0m] [1mGetting challenge status: id=a860a4bb-28c2-40bb-83c5-117b3cd63ef6[0m [36mreq[0m=[35me90e6661[0m
[2m14:13:07[0m [[32m[1minfo     [0m] [1mrequest_finished                        [0m [36mduration[0m=[35m0.006[0m [36mmethod[0m=[35mGET[0m [36mpath[0m=[35m/api/v1/challenges/a860a4bb-28c2-40bb-83c5-117b3cd63ef6[0m [36mreq[0m=[35me90e6661[0m [36mrequest_id[0m=[35me90e6661-ecc7-46fe-bcfb-e2be670af5c8[0m [36mstatus[0m=[35m200[0m
[2m14:13:09[0m [[32m[1minfo     [0m] [1mSystem packages installed successfully: libpq-dev[0m [36mreq[0m=[35m93efa3ff[0m
[2m14:13:09[0m [[32m[1minfo     [0m] [1mInstalling pip packages: "psycopg2-binary"[0m [36mreq[0m=[35m93efa3ff[0m
[2m14:13:10[0m [[32m[1minfo     [0m] [1mPip packages installed successfully     [0m [36mreq[0m=[35m93efa3ff[0m
[2m14:13:10[0m [[32m[1minfo     [0m] [1mImplementation iteration 10/10          [0m [36mreq[0m=[35m93efa3ff[0m
[2m14:13:10[0m [[33m[1mwarning  [0m] [1mCode execution failed (exit=1): Testing with input: {'query': 'SELECT project_name, status FROM projects LIMIT 5', 'database_url': 'postgresql://lumari:lumari_dev@lumari-postgres:5432/lumari'}
Result: {'success': False, 'error': 'Database error: relation "projects" does not exist\nLINE 1: SELECT project_name, status FROM projects LIMIT 5\n                                         ^'}
TEST FAILED: Database error: relation "projects" does not exist
LINE 1: SELECT project_name, status FROM projects LIMIT 5
                        [0m [36mreq[0m=[35m93efa3ff[0m
[2m14:13:10[0m [[32m[1minfo     [0m] [1mRecorded build attempt: capability=execute SQL queries to retrieve project, progress, cost, and risk data, success=False, error_type=ErrorType.RUNTIME_ERROR[0m [36mreq[0m=[35m93efa3ff[0m
[2m14:13:10[0m [[33m[1mwarning  [0m] [1mApproach-Switch: psycopg2 scheitert wiederholt[0m [36mreq[0m=[35m93efa3ff[0m
[2m14:13:12[0m [[32m[1minfo     [0m] [1mDebug [LOGIC_ERROR]: produced fixed code (1730 chars)[0m [36mreq[0m=[35m93efa3ff[0m
[2m14:13:12[0m [[32m[1minfo     [0m] [1mGetting challenge status: id=a860a4bb-28c2-40bb-83c5-117b3cd63ef6[0m [36mreq[0m=[35m87cf6294[0m
[2m14:13:12[0m [[32m[1minfo     [0m] [1mrequest_finished                        [0m [36mduration[0m=[35m0.006[0m [36mmethod[0m=[35mGET[0m [36mpath[0m=[35m/api/v1/challenges/a860a4bb-28c2-40bb-83c5-117b3cd63ef6[0m [36mreq[0m=[35m87cf6294[0m [36mrequest_id[0m=[35m87cf6294-01db-4b7b-b27b-32169ed80638[0m [36mstatus[0m=[35m200[0m
[2m14:13:17[0m [[32m[1minfo     [0m] [1mGetting challenge status: id=a860a4bb-28c2-40bb-83c5-117b3cd63ef6[0m [36mreq[0m=[35m282ab220[0m
[2m14:13:17[0m [[32m[1minfo     [0m] [1mrequest_finished                        [0m [36mduration[0m=[35m0.003[0m [36mmethod[0m=[35mGET[0m [36mpath[0m=[35m/api/v1/challenges/a860a4bb-28c2-40bb-83c5-117b3cd63ef6[0m [36mreq[0m=[35m282ab220[0m [36mrequest_id[0m=[35m282ab220-34c6-4493-ad49-70065b64fb19[0m [36mstatus[0m=[35m200[0m
[2m14:13:17[0m [[33m[1mwarning  [0m] [1mImplementation fehlgeschlagen nach 10 Iterationen[0m [36mreq[0m=[35m93efa3ff[0m
[2m14:13:17[0m [[33m[1mwarning  [0m] [1mSkill Team failed: phase=TeamRole.IMPLEMENTER, reason=Implementation failed after max iterations[0m [36mreq[0m=[35m93efa3ff[0m
[2m14:13:17[0m [[32m[1minfo     [0m] [1mRecorded build attempt: capability=execute SQL queries to retrieve project, progress, cost, and risk data, success=False, error_type=ErrorType.RUNTIME_ERROR[0m [36mreq[0m=[35m93efa3ff[0m
[2m14:13:17[0m [[33m[1mwarning  [0m] [1mGap build failed: f1cfeca9... - Implementation failed after max iterations[0m [36mreq[0m=[35m93efa3ff[0m
[2m14:13:17[0m [[32m[1minfo     [0m] [1mAll gaps processed for plan 21980034... [0m [36mreq[0m=[35m93efa3ff[0m
[2m14:13:17[0m [[32m[1minfo     [0m] [1mCompleted gap plan: 21980034..., status=partial, completed=2, failed=1[0m [36mreq[0m=[35m93efa3ff[0m
[2m14:13:17[0m [[32m[1minfo     [0m] [1mGap plan execution finished: 21980034..., completed=2, failed=1, artifacts=2[0m [36mreq[0m=[35m93efa3ff[0m
[2m14:13:17[0m [[32m[1minfo     [0m] [1mVerifying gap closure after cycle 1, built 2 capabilities[0m [36mreq[0m=[35m93efa3ff[0m
[2m14:13:17[0m [[32m[1minfo     [0m] [1mGap CLOSED: 'connect to PostgreSQL database' by skill/2ccd662d...[0m [36mreq[0m=[35m93efa3ff[0m
[2m14:13:17[0m [[32m[1minfo     [0m] [1mGap OPEN: 'calculate project progress percentages and cost variances'[0m [36mreq[0m=[35m93efa3ff[0m
[2m14:13:18[0m [[32m[1minfo     [0m] [1mGap OPEN: 'execute SQL queries to retrieve project, progress, cost, and risk data'[0m [36mreq[0m=[35m93efa3ff[0m
[2m14:13:18[0m [[32m[1minfo     [0m] [1mPlan verification complete: 21980034..., closed=1/3, all_closed=False[0m [36mreq[0m=[35m93efa3ff[0m
[2m14:13:18[0m [[32m[1minfo     [0m] [1mVerification result: closed=1/3, all_closed=False[0m [36mreq[0m=[35m93efa3ff[0m
[2m14:13:18[0m [[32m[1minfo     [0m] [1mCreated gap plan: id=d736189e..., challenge=a860a4bb..., gaps=2, cycle=2[0m [36mreq[0m=[35m93efa3ff[0m
[2m14:13:18[0m [[32m[1minfo     [0m] [1mCreated new cycle 2 with 2 REMAINING gaps (not new ones!) for challenge a860a4bb...[0m [36mreq[0m=[35m93efa3ff[0m
[2m14:13:18[0m [[32m[1minfo     [0m] [1mCapability building partial: a860a4bb-28c2-40bb-83c5-117b3cd63ef6, built=2[0m [36mreq[0m=[35m93efa3ff[0m
[2m14:13:22[0m [[32m[1minfo     [0m] [1mGetting challenge status: id=a860a4bb-28c2-40bb-83c5-117b3cd63ef6[0m [36mreq[0m=[35mf5431516[0m
[2m14:13:22[0m [[32m[1minfo     [0m] [1mrequest_finished                        [0m [36mduration[0m=[35m0.01[0m [36mmethod[0m=[35mGET[0m [36mpath[0m=[35m/api/v1/challenges/a860a4bb-28c2-40bb-83c5-117b3cd63ef6[0m [36mreq[0m=[35mf5431516[0m [36mrequest_id[0m=[35mf5431516-d5be-4f8e-ad0f-862016cf48b3[0m [36mstatus[0m=[35m200[0m
[2m14:13:22[0m [[32m[1minfo     [0m] [1mExecuting challenge: id=a860a4bb-28c2-40bb-83c5-117b3cd63ef6[0m [36mreq[0m=[35m0b0369c4[0m
[2m14:13:22[0m [[32m[1minfo     [0m] [1mrequest_finished                        [0m [36mduration[0m=[35m0.009[0m [36mmethod[0m=[35mPOST[0m [36mpath[0m=[35m/api/v1/challenges/a860a4bb-28c2-40bb-83c5-117b3cd63ef6/execute[0m [36mreq[0m=[35m0b0369c4[0m [36mrequest_id[0m=[35m0b0369c4-5dad-464a-afbf-f7e03c155a02[0m [36mstatus[0m=[35m200[0m
[2m14:13:22[0m [[32m[1minfo     [0m] [1mStarting background execution: challenge_id=a860a4bb-28c2-40bb-83c5-117b3cd63ef6[0m [36mreq[0m=[35m0b0369c4[0m
[2m14:13:22[0m [[32m[1minfo     [0m] [1mLoading topology from database...       [0m [36mreq[0m=[35m0b0369c4[0m
[2m14:13:22[0m [[32m[1minfo     [0m] [1mMapped 13 skill entries to 13 capabilities[0m [36mreq[0m=[35m0b0369c4[0m
[2m14:13:22[0m [[32m[1minfo     [0m] [1mTopology validated: 11 agents in 5 waves[0m [36mreq[0m=[35m0b0369c4[0m
[2m14:13:22[0m [[32m[1minfo     [0m] [1mLoaded 13 skills for topology           [0m [36mreq[0m=[35m0b0369c4[0m
[2m14:13:22[0m [[32m[1minfo     [0m] [1mTopology loaded: 11 agents, 5 waves     [0m [36mreq[0m=[35m0b0369c4[0m
[2m14:13:22[0m [[32m[1minfo     [0m] [1mShared memory initialized with Qdrant   [0m [36mreq[0m=[35m0b0369c4[0m
[2m14:13:22[0m [[32m[1minfo     [0m] [1mHybridOrchestrator initialized          [0m [36mreq[0m=[35m0b0369c4[0m
[2m14:13:22[0m [[32m[1minfo     [0m] [1mStarting execution: 48f2d8e7-4d7f-4206-82e4-7d8c44f7158a[0m [36mreq[0m=[35m0b0369c4[0m
[2m14:13:22[0m [[32m[1minfo     [0m] [1mLoading topology from database...       [0m [36mreq[0m=[35m0b0369c4[0m
[2m14:13:22[0m [[32m[1minfo     [0m] [1mMapped 13 skill entries to 13 capabilities[0m [36mreq[0m=[35m0b0369c4[0m
[2m14:13:22[0m [[32m[1minfo     [0m] [1mTopology validated: 11 agents in 5 waves[0m [36mreq[0m=[35m0b0369c4[0m
[2m14:13:22[0m [[32m[1minfo     [0m] [1mLoaded 13 skills for topology           [0m [36mreq[0m=[35m0b0369c4[0m
[2m14:13:22[0m [[32m[1minfo     [0m] [1mTopology loaded: 11 agents, 5 waves     [0m [36mreq[0m=[35m0b0369c4[0m
[2m14:13:22[0m [[32m[1minfo     [0m] [1mDocker client connected successfully    [0m [36mreq[0m=[35m0b0369c4[0m
[2m14:13:22[0m [[32m[1minfo     [0m] [1mCreated DynamicSandbox executor (Docker-based, unrestricted)[0m [36mreq[0m=[35m0b0369c4[0m
[2m14:13:22[0m [[33m[1mwarning  [0m] [1mCould not create intervention orchestrator for self-healing: create_intervention_orchestrator() got an unexpected keyword argument 'db'[0m [36mreq[0m=[35m0b0369c4[0m
[2m14:13:22[0m [[32m[1minfo     [0m] [1mExecuting wave 1/5: ['05bebe15-b46f-4b91-96e3-a50f6cf9e68d', '90c17f3b-7f91-4174-b3ac-b59a51feb378', '65ad3c5c-f66c-49a0-a7cd-4b9ebc6142b9', '073d766c-ed4f-4519-8e36-8c9631e97c67'][0m [36mreq[0m=[35m0b0369c4[0m
[2m14:13:23[0m [[32m[1minfo     [0m] [1mExecuting agent: transcript_analyzer (05bebe15-b46f-4b91-96e3-a50f6cf9e68d)[0m [36mreq[0m=[35m0b0369c4[0m
[2m14:13:23[0m [[32m[1minfo     [0m] [1mExecuting agent: product_owner (90c17f3b-7f91-4174-b3ac-b59a51feb378)[0m [36mreq[0m=[35m0b0369c4[0m
[2m14:13:23[0m [[33m[1mwarning  [0m] [1mAgent product_owner expected artifacts ['analysis_findings'] but none found in pool[0m [36mreq[0m=[35m0b0369c4[0m
[2m14:13:23[0m [[32m[1minfo     [0m] [1mExecuting agent: quality_judge (65ad3c5c-f66c-49a0-a7cd-4b9ebc6142b9)[0m [36mreq[0m=[35m0b0369c4[0m
[2m14:13:23[0m [[33m[1mwarning  [0m] [1mAgent quality_judge expected artifacts ['ab_test_samples'] but none found in pool[0m [36mreq[0m=[35m0b0369c4[0m
[2m14:13:23[0m [[32m[1minfo     [0m] [1mExecuting agent: execution_analyzer (073d766c-ed4f-4519-8e36-8c9631e97c67)[0m [36mreq[0m=[35m0b0369c4[0m
[2m14:13:23[0m [[33m[1mwarning  [0m] [1mAgent execution_analyzer expected artifacts ['execution_telemetry'] but none found in pool[0m [36mreq[0m=[35m0b0369c4[0m
[2m14:13:23[0m [[32m[1minfo     [0m] [1mshared_memory_metrics agent=transcript_analyzer facts_kept=5 facts_total=8 hypotheses=0 relations=0 approx_tokens=2389 query_chars=3075[0m [36mreq[0m=[35m0b0369c4[0m
[2m14:13:24[0m [[32m[1minfo     [0m] [1mAgent quality_judge returned final answer after 0 tool calls[0m [36mreq[0m=[35m0b0369c4[0m
[2m14:13:24[0m [[32m[1minfo     [0m] [1mAgent quality_judge completed           [0m [36mreq[0m=[35m0b0369c4[0m
[2m14:13:24[0m [[32m[1minfo     [0m] [1mAgent execution_analyzer returned final answer after 0 tool calls[0m [36mreq[0m=[35m0b0369c4[0m
[2m14:13:24[0m [[32m[1minfo     [0m] [1mAgent execution_analyzer completed      [0m [36mreq[0m=[35m0b0369c4[0m
[2m14:13:24[0m [[32m[1minfo     [0m] [1mTool call 1/5: skill_connect_to_a_postgresql_database_and_list_all_table_names._the_function_receives_a_database_url_parameter_and_returns_the_list_of_table_names_in_the_public_schema.[0m [36mreq[0m=[35m0b0369c4[0m
[2m14:13:24[0m [[32m[1minfo     [0m] [1mStarting sandbox execution: pip=['psycopg2-binary>=2.9.0', 'psycopg2-binary'], apt=[], input_files=[][0m [36mreq[0m=[35m0b0369c4[0m
[2m14:13:24[0m [[32m[1minfo     [0m] [1mFound cached image: lumari-sandbox:custom-b45b88ad (usage=19)[0m [36mreq[0m=[35m0b0369c4[0m
[2m14:13:24[0m [[32m[1minfo     [0m] [1mUsing cached image: lumari-sandbox:custom-b45b88ad[0m [36mreq[0m=[35m0b0369c4[0m
[2m14:13:24[0m [[32m[1minfo     [0m] [1mAgent product_owner returned final answer after 0 tool calls[0m [36mreq[0m=[35m0b0369c4[0m
[2m14:13:24[0m [[32m[1minfo     [0m] [1mAgent product_owner completed           [0m [36mreq[0m=[35m0b0369c4[0m
[2m14:13:24[0m [[32m[1minfo     [0m] [1mSandbox execution complete: success=True, time=503ms, cached=True[0m [36mreq[0m=[35m0b0369c4[0m
[2m14:13:27[0m [[32m[1minfo     [0m] [1mGetting challenge status: id=a860a4bb-28c2-40bb-83c5-117b3cd63ef6[0m [36mreq[0m=[35m0a9cb9eb[0m
[2m14:13:27[0m [[32m[1minfo     [0m] [1mrequest_finished                        [0m [36mduration[0m=[35m0.014[0m [36mmethod[0m=[35mGET[0m [36mpath[0m=[35m/api/v1/challenges/a860a4bb-28c2-40bb-83c5-117b3cd63ef6[0m [36mreq[0m=[35m0a9cb9eb[0m [36mrequest_id[0m=[35m0a9cb9eb-de99-4638-8339-e92fc195083d[0m [36mstatus[0m=[35m200[0m
[2m14:13:31[0m [[32m[1minfo     [0m] [1mTool call 2/5: skill_connect_to_postgresql_database[0m [36mreq[0m=[35m0b0369c4[0m
[2m14:13:31[0m [[32m[1minfo     [0m] [1mStarting sandbox execution: pip=['psycopg2-binary>=2.9.0', 'psycopg2-binary'], apt=[], input_files=[][0m [36mreq[0m=[35m0b0369c4[0m
[2m14:13:31[0m [[32m[1minfo     [0m] [1mFound cached image: lumari-sandbox:custom-b45b88ad (usage=20)[0m [36mreq[0m=[35m0b0369c4[0m
[2m14:13:31[0m [[32m[1minfo     [0m] [1mUsing cached image: lumari-sandbox:custom-b45b88ad[0m [36mreq[0m=[35m0b0369c4[0m
[2m14:13:31[0m [[32m[1minfo     [0m] [1mSandbox execution complete: success=True, time=375ms, cached=True[0m [36mreq[0m=[35m0b0369c4[0m
[2m14:13:32[0m [[32m[1minfo     [0m] [1mGetting challenge status: id=a860a4bb-28c2-40bb-83c5-117b3cd63ef6[0m [36mreq[0m=[35mb2bbd6f0[0m
[2m14:13:32[0m [[32m[1minfo     [0m] [1mrequest_finished                        [0m [36mduration[0m=[35m0.008[0m [36mmethod[0m=[35mGET[0m [36mpath[0m=[35m/api/v1/challenges/a860a4bb-28c2-40bb-83c5-117b3cd63ef6[0m [36mreq[0m=[35mb2bbd6f0[0m [36mrequest_id[0m=[35mb2bbd6f0-7807-4057-b7f9-171038f29b2e[0m [36mstatus[0m=[35m200[0m
[2m14:13:37[0m [[32m[1minfo     [0m] [1mGetting challenge status: id=a860a4bb-28c2-40bb-83c5-117b3cd63ef6[0m [36mreq[0m=[35mf69b9d31[0m
[2m14:13:37[0m [[32m[1minfo     [0m] [1mrequest_finished                        [0m [36mduration[0m=[35m0.009[0m [36mmethod[0m=[35mGET[0m [36mpath[0m=[35m/api/v1/challenges/a860a4bb-28c2-40bb-83c5-117b3cd63ef6[0m [36mreq[0m=[35mf69b9d31[0m [36mrequest_id[0m=[35mf69b9d31-f46c-4f9a-b59c-f2f9ebdfde89[0m [36mstatus[0m=[35m200[0m
[2m14:13:39[0m [[32m[1minfo     [0m] [1mTool call 3/5: skill_connect_to_postgresql_database[0m [36mreq[0m=[35m0b0369c4[0m
[2m14:13:39[0m [[32m[1minfo     [0m] [1mStarting sandbox execution: pip=['psycopg2-binary>=2.9.0', 'psycopg2-binary'], apt=[], input_files=[][0m [36mreq[0m=[35m0b0369c4[0m
[2m14:13:39[0m [[32m[1minfo     [0m] [1mFound cached image: lumari-sandbox:custom-b45b88ad (usage=21)[0m [36mreq[0m=[35m0b0369c4[0m
[2m14:13:39[0m [[32m[1minfo     [0m] [1mUsing cached image: lumari-sandbox:custom-b45b88ad[0m [36mreq[0m=[35m0b0369c4[0m
[2m14:13:39[0m [[32m[1minfo     [0m] [1mSandbox execution complete: success=True, time=369ms, cached=True[0m [36mreq[0m=[35m0b0369c4[0m
[2m14:13:42[0m [[32m[1minfo     [0m] [1mGetting challenge status: id=a860a4bb-28c2-40bb-83c5-117b3cd63ef6[0m [36mreq[0m=[35me1dbf459[0m
[2m14:13:42[0m [[32m[1minfo     [0m] [1mrequest_finished                        [0m [36mduration[0m=[35m0.008[0m [36mmethod[0m=[35mGET[0m [36mpath[0m=[35m/api/v1/challenges/a860a4bb-28c2-40bb-83c5-117b3cd63ef6[0m [36mreq[0m=[35me1dbf459[0m [36mrequest_id[0m=[35me1dbf459-08e6-4291-bc05-f6f05a3bde1d[0m [36mstatus[0m=[35m200[0m
[2m14:13:46[0m [[32m[1minfo     [0m] [1mTool call 4/5: skill_connect_to_postgresql_database[0m [36mreq[0m=[35m0b0369c4[0m
[2m14:13:46[0m [[32m[1minfo     [0m] [1mStarting sandbox execution: pip=['psycopg2-binary>=2.9.0', 'psycopg2-binary'], apt=[], input_files=[][0m [36mreq[0m=[35m0b0369c4[0m
[2m14:13:46[0m [[32m[1minfo     [0m] [1mFound cached image: lumari-sandbox:custom-b45b88ad (usage=22)[0m [36mreq[0m=[35m0b0369c4[0m
[2m14:13:46[0m [[32m[1minfo     [0m] [1mUsing cached image: lumari-sandbox:custom-b45b88ad[0m [36mreq[0m=[35m0b0369c4[0m
[2m14:13:46[0m [[32m[1minfo     [0m] [1mSandbox execution complete: success=True, time=356ms, cached=True[0m [36mreq[0m=[35m0b0369c4[0m
[2m14:13:47[0m [[32m[1minfo     [0m] [1mGetting challenge status: id=a860a4bb-28c2-40bb-83c5-117b3cd63ef6[0m [36mreq[0m=[35md7d25e2e[0m
[2m14:13:47[0m [[32m[1minfo     [0m] [1mrequest_finished                        [0m [36mduration[0m=[35m0.006[0m [36mmethod[0m=[35mGET[0m [36mpath[0m=[35m/api/v1/challenges/a860a4bb-28c2-40bb-83c5-117b3cd63ef6[0m [36mreq[0m=[35md7d25e2e[0m [36mrequest_id[0m=[35md7d25e2e-43e3-440c-a425-1705828398d8[0m [36mstatus[0m=[35m200[0m
[2m14:13:52[0m [[32m[1minfo     [0m] [1mGetting challenge status: id=a860a4bb-28c2-40bb-83c5-117b3cd63ef6[0m [36mreq[0m=[35m2c8c8f10[0m
[2m14:13:52[0m [[32m[1minfo     [0m] [1mrequest_finished                        [0m [36mduration[0m=[35m0.008[0m [36mmethod[0m=[35mGET[0m [36mpath[0m=[35m/api/v1/challenges/a860a4bb-28c2-40bb-83c5-117b3cd63ef6[0m [36mreq[0m=[35m2c8c8f10[0m [36mrequest_id[0m=[35m2c8c8f10-0e16-4993-9868-4039bc79e2e7[0m [36mstatus[0m=[35m200[0m
[2m14:13:55[0m [[32m[1minfo     [0m] [1mAgent transcript_analyzer returned final answer after 4 tool calls[0m [36mreq[0m=[35m0b0369c4[0m
[2m14:13:56[0m [[32m[1minfo     [0m] [1mAgent transcript_analyzer completed     [0m [36mreq[0m=[35m0b0369c4[0m
[2m14:13:56[0m [[32m[1minfo     [0m] [1mWave 1 agent 'transcript_analyzer' completed: success=True, skipped=False, result_len=1949[0m [36mreq[0m=[35m0b0369c4[0m
[2m14:13:56[0m [[32m[1minfo     [0m] [1mWave 1 agent 'product_owner' completed: success=True, skipped=False, result_len=643[0m [36mreq[0m=[35m0b0369c4[0m
[2m14:13:56[0m [[32m[1minfo     [0m] [1mWave 1 agent 'quality_judge' completed: success=True, skipped=False, result_len=159[0m [36mreq[0m=[35m0b0369c4[0m
[2m14:13:56[0m [[32m[1minfo     [0m] [1mWave 1 agent 'execution_analyzer' completed: success=True, skipped=False, result_len=248[0m [36mreq[0m=[35m0b0369c4[0m
[2m14:13:56[0m [[32m[1minfo     [0m] [1mExecuting wave 2/5: ['49898ec1-10da-4a11-8457-1358d844c805', '07f8b963-9d7c-4232-ba20-52aa8d850e1d'][0m [36mreq[0m=[35m0b0369c4[0m
[2m14:13:56[0m [[32m[1minfo     [0m] [1mExecuting agent: context_retriever (49898ec1-10da-4a11-8457-1358d844c805)[0m [36mreq[0m=[35m0b0369c4[0m
[2m14:13:56[0m [[32m[1minfo     [0m] [1mExecuting agent: control_agent (07f8b963-9d7c-4232-ba20-52aa8d850e1d)[0m [36mreq[0m=[35m0b0369c4[0m
[2m14:13:57[0m [[32m[1minfo     [0m] [1mAgent control_agent returned final answer after 0 tool calls[0m [36mreq[0m=[35m0b0369c4[0m
[2m14:13:57[0m [[32m[1minfo     [0m] [1mAgent control_agent completed           [0m [36mreq[0m=[35m0b0369c4[0m
[2m14:13:57[0m [[32m[1minfo     [0m] [1mGetting challenge status: id=a860a4bb-28c2-40bb-83c5-117b3cd63ef6[0m [36mreq[0m=[35m826005d3[0m
[2m14:13:57[0m [[32m[1minfo     [0m] [1mrequest_finished                        [0m [36mduration[0m=[35m0.006[0m [36mmethod[0m=[35mGET[0m [36mpath[0m=[35m/api/v1/challenges/a860a4bb-28c2-40bb-83c5-117b3cd63ef6[0m [36mreq[0m=[35m826005d3[0m [36mrequest_id[0m=[35m826005d3-fd23-4bd5-af4a-b569600eacd3[0m [36mstatus[0m=[35m200[0m
[2m14:13:58[0m [[32m[1minfo     [0m] [1mAgent context_retriever returned final answer after 0 tool calls[0m [36mreq[0m=[35m0b0369c4[0m
[2m14:13:59[0m [[32m[1minfo     [0m] [1mAgent context_retriever completed       [0m [36mreq[0m=[35m0b0369c4[0m
[2m14:13:59[0m [[32m[1minfo     [0m] [1mWave 2 agent 'context_retriever' completed: success=True, skipped=False, result_len=1578[0m [36mreq[0m=[35m0b0369c4[0m
[2m14:13:59[0m [[32m[1minfo     [0m] [1mWave 2 agent 'control_agent' completed: success=True, skipped=False, result_len=157[0m [36mreq[0m=[35m0b0369c4[0m
[2m14:13:59[0m [[32m[1minfo     [0m] [1mExecuting wave 3/5: ['f54aabd1-ca21-4768-b12e-ccf5ca95d0da', 'a676e764-25ce-41cf-95d1-b838c8e6804d', 'd01ede79-d82b-465b-ae42-d1a7a2ec4188'][0m [36mreq[0m=[35m0b0369c4[0m
[2m14:13:59[0m [[32m[1minfo     [0m] [1mExecuting agent: report_generator (f54aabd1-ca21-4768-b12e-ccf5ca95d0da)[0m [36mreq[0m=[35m0b0369c4[0m
[2m14:13:59[0m [[32m[1minfo     [0m] [1mExecuting agent: prompt_engineer (a676e764-25ce-41cf-95d1-b838c8e6804d)[0m [36mreq[0m=[35m0b0369c4[0m
[2m14:13:59[0m [[32m[1minfo     [0m] [1mExecuting agent: tool_builder (d01ede79-d82b-465b-ae42-d1a7a2ec4188)[0m [36mreq[0m=[35m0b0369c4[0m
[2m14:14:01[0m [[32m[1minfo     [0m] [1mAgent prompt_engineer returned final answer after 0 tool calls[0m [36mreq[0m=[35m0b0369c4[0m
[2m14:14:01[0m [[32m[1minfo     [0m] [1mAgent prompt_engineer completed         [0m [36mreq[0m=[35m0b0369c4[0m
[2m14:14:02[0m [[32m[1minfo     [0m] [1mAgent report_generator returned final answer after 0 tool calls[0m [36mreq[0m=[35m0b0369c4[0m
[2m14:14:02[0m [[32m[1minfo     [0m] [1mAgent tool_builder returned final answer after 0 tool calls[0m [36mreq[0m=[35m0b0369c4[0m
[2m14:14:02[0m [[32m[1minfo     [0m] [1mAgent report_generator completed        [0m [36mreq[0m=[35m0b0369c4[0m
[2m14:14:02[0m [[32m[1minfo     [0m] [1mAgent tool_builder completed            [0m [36mreq[0m=[35m0b0369c4[0m
[2m14:14:02[0m [[32m[1minfo     [0m] [1mWave 3 agent 'report_generator' completed: success=True, skipped=False, result_len=2486[0m [36mreq[0m=[35m0b0369c4[0m
[2m14:14:02[0m [[32m[1minfo     [0m] [1mWave 3 agent 'prompt_engineer' completed: success=True, skipped=False, result_len=1790[0m [36mreq[0m=[35m0b0369c4[0m
[2m14:14:02[0m [[32m[1minfo     [0m] [1mWave 3 agent 'tool_builder' completed: success=True, skipped=False, result_len=3650[0m [36mreq[0m=[35m0b0369c4[0m
[2m14:14:02[0m [[32m[1minfo     [0m] [1mExecuting wave 4/5: ['85860279-90e3-4984-b25d-af840d3dca9b'][0m [36mreq[0m=[35m0b0369c4[0m
[2m14:14:02[0m [[32m[1minfo     [0m] [1mExecuting agent: quality_validator (85860279-90e3-4984-b25d-af840d3dca9b)[0m [36mreq[0m=[35m0b0369c4[0m
[2m14:14:02[0m [[32m[1minfo     [0m] [1mGetting challenge status: id=a860a4bb-28c2-40bb-83c5-117b3cd63ef6[0m [36mreq[0m=[35m8e3926b1[0m
[2m14:14:02[0m [[32m[1minfo     [0m] [1mrequest_finished                        [0m [36mduration[0m=[35m0.008[0m [36mmethod[0m=[35mGET[0m [36mpath[0m=[35m/api/v1/challenges/a860a4bb-28c2-40bb-83c5-117b3cd63ef6[0m [36mreq[0m=[35m8e3926b1[0m [36mrequest_id[0m=[35m8e3926b1-3119-4aca-a5b3-730e03dc13c8[0m [36mstatus[0m=[35m200[0m
[2m14:14:04[0m [[32m[1minfo     [0m] [1mAgent quality_validator returned final answer after 0 tool calls[0m [36mreq[0m=[35m0b0369c4[0m
[2m14:14:04[0m [[32m[1minfo     [0m] [1mAgent quality_validator completed       [0m [36mreq[0m=[35m0b0369c4[0m
[2m14:14:04[0m [[32m[1minfo     [0m] [1mWave 4 agent 'quality_validator' completed: success=True, skipped=False, result_len=230[0m [36mreq[0m=[35m0b0369c4[0m
[2m14:14:04[0m [[32m[1minfo     [0m] [1mExecuting wave 5/5: ['bbd241f8-1df0-49f4-950a-dc61efa2c950'][0m [36mreq[0m=[35m0b0369c4[0m
[2m14:14:04[0m [[32m[1minfo     [0m] [1mExecuting agent: report_finalizer (bbd241f8-1df0-49f4-950a-dc61efa2c950)[0m [36mreq[0m=[35m0b0369c4[0m
[2m14:14:07[0m [[32m[1minfo     [0m] [1mAgent report_finalizer returned final answer after 0 tool calls[0m [36mreq[0m=[35m0b0369c4[0m
[2m14:14:08[0m [[32m[1minfo     [0m] [1mGetting challenge status: id=a860a4bb-28c2-40bb-83c5-117b3cd63ef6[0m [36mreq[0m=[35m547a0e0f[0m
[2m14:14:08[0m [[32m[1minfo     [0m] [1mrequest_finished                        [0m [36mduration[0m=[35m0.005[0m [36mmethod[0m=[35mGET[0m [36mpath[0m=[35m/api/v1/challenges/a860a4bb-28c2-40bb-83c5-117b3cd63ef6[0m [36mreq[0m=[35m547a0e0f[0m [36mrequest_id[0m=[35m547a0e0f-a284-4929-a02e-a321a3b26e3f[0m [36mstatus[0m=[35m200[0m
[2m14:14:08[0m [[32m[1minfo     [0m] [1mAgent report_finalizer completed        [0m [36mreq[0m=[35m0b0369c4[0m
[2m14:14:08[0m [[32m[1minfo     [0m] [1mWave 5 agent 'report_finalizer' completed: success=True, skipped=False, result_len=3069[0m [36mreq[0m=[35m0b0369c4[0m
[2m14:14:08[0m [[32m[1minfo     [0m] [1mArtifact pool cleared: 11 artifacts discarded[0m [36mreq[0m=[35m0b0369c4[0m
[2m14:14:08[0m [[32m[1minfo     [0m] [1mPersisted 1 facts to shared memory for execution 48f2d8e7-4d7f-4206-82e4-7d8c44f7158a[0m [36mreq[0m=[35m0b0369c4[0m
[2m14:14:08[0m [[32m[1minfo     [0m] [1mStarting telemetry for agent=05bebe15..., execution=48f2d8e7...[0m [36mreq[0m=[35m0b0369c4[0m
[2m14:14:08[0m [[33m[1mwarning  [0m] [1mTelemetrie-Bridge fehlgeschlagen: 1 validation error for ExecutionTelemetryCreate
outcome
  Input should be 'success', 'error', 'timeout' or 'cancelled' [type=literal_error, input_value='running', input_type=str]
    For further information visit https://errors.pydantic.dev/2.11/v/literal_error[0m [36mreq[0m=[35m0b0369c4[0m
[2m14:14:08[0m [[32m[1minfo     [0m] [1mConfigured epicbox profile: image=lumari-sandbox:latest, limits={'cputime': 5, 'realtime': 10, 'memory': 128, 'processes': 1}[0m [36mreq[0m=[35m0b0369c4[0m
[2m14:14:08[0m [[32m[1minfo     [0m] [1mStarting analysis pipeline for execution_id=48f2d8e7...[0m [36mreq[0m=[35m0b0369c4[0m
[2m14:14:08[0m [[32m[1minfo     [0m] [1mExecution completed: challenge_id=a860a4bb-28c2-40bb-83c5-117b3cd63ef6, success=True[0m [36mreq[0m=[35m0b0369c4[0m
[2m14:14:08[0m [[33m[1mwarning  [0m] [1mNo telemetry found for execution 48f2d8e7-4d7f-4206-82e4-7d8c44f7158a[0m [36mreq[0m=[35m0b0369c4[0m
[2m14:14:13[0m [[32m[1minfo     [0m] [1mGetting challenge status: id=a860a4bb-28c2-40bb-83c5-117b3cd63ef6[0m [36mreq[0m=[35m6c7a98ea[0m
[2m14:14:13[0m [[32m[1minfo     [0m] [1mrequest_finished                        [0m [36mduration[0m=[35m0.027[0m [36mmethod[0m=[35mGET[0m [36mpath[0m=[35m/api/v1/challenges/a860a4bb-28c2-40bb-83c5-117b3cd63ef6[0m [36mreq[0m=[35m6c7a98ea[0m [36mrequest_id[0m=[35m6c7a98ea-e94d-4630-a686-275baec72cde[0m [36mstatus[0m=[35m200[0m
[2m14:14:13[0m [[32m[1minfo     [0m] [1mGetting challenge results: id=a860a4bb-28c2-40bb-83c5-117b3cd63ef6[0m [36mreq[0m=[35mb1aff5d0[0m
[2m14:14:13[0m [[32m[1minfo     [0m] [1mrequest_finished                        [0m [36mduration[0m=[35m0.019[0m [36mmethod[0m=[35mGET[0m [36mpath[0m=[35m/api/v1/challenges/a860a4bb-28c2-40bb-83c5-117b3cd63ef6/results[0m [36mreq[0m=[35mb1aff5d0[0m [36mrequest_id[0m=[35mb1aff5d0-33f3-4942-97c7-ffab783f0afc[0m [36mstatus[0m=[35m200[0m
[2m14:14:15[0m [[32m[1minfo     [0m] [1mDirect challenge analysis: execution_id=b6dad54c-4edc-4107-b85c-437d7edbb579[0m [36mreq[0m=[35m4019efd0[0m
[2m14:14:15[0m [[32m[1minfo     [0m] [1mPre-execution analysis starting for execution b6dad54c-4edc-4107-b85c-437d7edbb579[0m [36mreq[0m=[35m4019efd0[0m
[2m14:14:15[0m [[32m[1minfo     [0m] [1mAnalyzing challenge for execution b6dad54c-4edc-4107-b85c-437d7edbb579[0m [36mreq[0m=[35m4019efd0[0m
[2m14:14:15[0m [[32m[1minfo     [0m] [1mLoading topology from database...       [0m [36mreq[0m=[35m4019efd0[0m
[2m14:14:15[0m [[32m[1minfo     [0m] [1mMapped 13 skill entries to 13 capabilities[0m [36mreq[0m=[35m4019efd0[0m
[2m14:14:15[0m [[32m[1minfo     [0m] [1mTopology validated: 11 agents in 5 waves[0m [36mreq[0m=[35m4019efd0[0m
[2m14:14:15[0m [[32m[1minfo     [0m] [1mLoaded 13 skills for topology           [0m [36mreq[0m=[35m4019efd0[0m
[2m14:14:15[0m [[32m[1minfo     [0m] [1mTopology loaded: 11 agents, 5 waves     [0m [36mreq[0m=[35m4019efd0[0m
[2m14:14:15[0m [[32m[1minfo     [0m] [1mSkill 'skill_write_a_formal_daily_construction_report' provides applicability: 'This skill should be selected when you need to generate and save a formal, text-based daily construction progress report. It requires the site name and progress summary as input to produce a timestamped file in a specified directory.'[0m [36mreq[0m=[35m4019efd0[0m
[2m14:14:15[0m [[32m[1minfo     [0m] [1mSkill 'skill_create_a_final_pdf_or_text_based_report_of_the_pouring_protocol' provides applicability: 'Select this skill when you need to generate a formal, documented record of a completed pouring protocol in either PDF or text format. It should be used once all protocol data—including the ID, operator, timestamp, and step list—has been finalized and validated.'[0m [36mreq[0m=[35m4019efd0[0m
[2m14:14:15[0m [[32m[1minfo     [0m] [1mSkill 'skill_define_technical_migration_and_api_integration_roadmap' provides applicability: 'Select this skill when planning the transition from a legacy system to a new API architecture to generate a structured implementation roadmap and validation plan based on a chosen migration strategy (strangler fig, big bang, or dual-write).'[0m [36mreq[0m=[35m4019efd0[0m
[2m14:14:15[0m [[32m[1minfo     [0m] [1mSkill 'skill_calculate_financial_impact_and_transaction_statistics' provides applicability: 'Select this skill when you need to derive aggregate financial metrics, such as total volume, averages, and category-specific impacts, from a structured list of transaction records. It is best utilized when transaction amounts require normalization from mixed string or numeric formats into a consistent float representation.'[0m [36mreq[0m=[35m4019efd0[0m
[2m14:14:15[0m [[32m[1minfo     [0m] [1mSkill 'skill_calculate_budget_impact_of_proposed_cost_saving_measures' provides applicability: 'Select this skill when you need to determine the financial effect of multiple cost-saving initiatives on an existing budget. It should be used when you have a defined current budget and a list of specific proposed savings amounts to calculate the new budget total and the overall percentage reduction.'[0m [36mreq[0m=[35m4019efd0[0m
[2m14:14:15[0m [[32m[1minfo     [0m] [1mSkill 'skill_audio_transcription' provides applicability: 'audio transcription'[0m [36mreq[0m=[35m4019efd0[0m
[2m14:14:15[0m [[32m[1minfo     [0m] [1mSkill 'skill_generate_a_risk_matrix_visualization_or_summary_table' provides applicability: 'Select this skill when you need to visualize or summarize a list of risks by plotting their likelihood and impact scores on a 5x5 matrix. It should be used when your input data contains structured risk entries with defined numerical likelihood and impact values.'[0m [36mreq[0m=[35m4019efd0[0m
[2m14:14:15[0m [[32m[1minfo     [0m] [1mSkill 'skill_evaluate_technical_risks_of_custom_abap_code_and_interface_dependencies' provides applicability: 'This skill should be selected when assessing the technical debt or stability risks of an SAP environment by identifying high-complexity custom ABAP objects and critical integration hubs. It is best applied during system audits or migration planning to prioritize objects requiring refactoring or rigorous testing based on their weighted risk scores and dependency density.'[0m [36mreq[0m=[35m4019efd0[0m
[2m14:14:15[0m [[32m[1minfo     [0m] [1mSkill 'skill_analyze_csv_file_structure_and_identify_unique_sub_contractors' provides applicability: 'Select this skill when you need to extract a unique list of sub-contractors from a specific column in a CSV file, particularly when processing large datasets that require memory-efficient chunking.'[0m [36mreq[0m=[35m4019efd0[0m
[2m14:14:15[0m [[32m[1minfo     [0m] [1mSkill 'skill_list_all_postgresql_table_names_from_a_database_url_parameter' provides applicability: 'Select this skill when you need to retrieve a list of all user-defined table names from a PostgreSQL database by providing its connection URL. It is applicable whenever you require an automated way to inspect the schema structure of a specific PostgreSQL instance.'[0m [36mreq[0m=[35m4019efd0[0m
[2m14:14:15[0m [[32m[1minfo     [0m] [1mSkill 'skill_connect_to_a_postgresql_database_and_list_all_table_names._the_function_receives_a_database_url_parameter_and_returns_the_list_of_table_names_in_the_public_schema.' provides applicability: 'Use this skill when you need to discover the structure of a PostgreSQL database by retrieving a list of all base table names within a specific schema. It should be selected when you have a valid database connection URL and need to programmatically identify available tables for further data operations.'[0m [36mreq[0m=[35m4019efd0[0m
[2m14:14:15[0m [[32m[1minfo     [0m] [1mSkill 'skill_connect_to_postgresql_database' provides affected_capability: 'connect to PostgreSQL database'[0m [36mreq[0m=[35m4019efd0[0m
[2m14:14:15[0m [[32m[1minfo     [0m] [1mSkill 'skill_parse_and_import_50_csv_files_into_the_database' provides applicability: 'Select this skill when you need to perform a bulk ingestion of multiple CSV files from a local directory into a specified database table. It is best suited for scenarios requiring memory-efficient processing via chunking and automated error handling for large-scale data imports.'[0m [36mreq[0m=[35m4019efd0[0m
[2m14:14:15[0m [[32m[1minfo     [0m] [1mExtracted 13 capabilities from 13 active skills[0m [36mreq[0m=[35m4019efd0[0m
[2m14:14:15[0m [[32m[1minfo     [0m] [1mPrompt 'report_generator_prompt' provides affected_capability: 'structure inspection findings into a formal report format'[0m [36mreq[0m=[35m4019efd0[0m
[2m14:14:15[0m [[32m[1minfo     [0m] [1mPrompt 'prompt_generate_professional_business_correspondence' provides affected_capability: 'generate professional business correspondence'[0m [36mreq[0m=[35m4019efd0[0m
[2m14:14:15[0m [[32m[1minfo     [0m] [1mPrompt 'transcript_analyzer_prompt' provides affected_capability: 'analyze meeting transcript'[0m [36mreq[0m=[35m4019efd0[0m
[2m14:14:15[0m [[32m[1minfo     [0m] [1mPrompt 'prompt_analyze_construction_site_personnel_data' provides affected_capability: 'analyze construction site personnel data'[0m [36mreq[0m=[35m4019efd0[0m
[2m14:14:15[0m [[32m[1minfo     [0m] [1mPrompt 'prompt_generate_a_structured_change_order_document_for_the_client' provides affected_capability: 'generate a structured change order document for the client'[0m [36mreq[0m=[35m4019efd0[0m
[2m14:14:15[0m [[32m[1minfo     [0m] [1mPrompt 'prompt_structure_cost_breakdown_for_project_management' provides affected_capability: 'structure cost breakdown for project management'[0m [36mreq[0m=[35m4019efd0[0m
[2m14:14:15[0m [[32m[1minfo     [0m] [1mPrompt 'report_finalizer_prompt' provides affected_capability: 'generate a formal network disruption report document'[0m [36mreq[0m=[35m4019efd0[0m
[2m14:14:15[0m [[32m[1minfo     [0m] [1mPrompt 'prompt_analyze_incident_and_change_logs' provides affected_capability: 'analyze incident and change logs'[0m [36mreq[0m=[35m4019efd0[0m
[2m14:14:15[0m [[32m[1minfo     [0m] [1mExtracted 8 capabilities from 8 active prompts[0m [36mreq[0m=[35m4019efd0[0m
[2m14:14:17[0m [[32m[1minfo     [0m] [1mLLM extracted 6 capabilities: 3 execution, 3 knowledge[0m [36mreq[0m=[35m4019efd0[0m
[2m14:14:17[0m [[32m[1minfo     [0m] [1mExtracted 6 required capabilities       [0m [36mreq[0m=[35m4019efd0[0m
[2m14:14:19[0m [[32m[1minfo     [0m] [1mAssessment complete: MAYBE (3 gaps, 2 suggestions)[0m [36mreq[0m=[35m4019efd0[0m
[2m14:14:19[0m [[32m[1minfo     [0m] [1mASSESSMENT_LOG execution_id=b6dad54c-4edc-4107-b85c-437d7edbb579 confidence=MAYBE gaps=3 route=developer_team duration_ms=3437[0m [36mreq[0m=[35m4019efd0[0m
[2m14:14:19[0m [[32m[1minfo     [0m] [1mPre-execution analysis complete: MAYBE -> route: developer_team[0m [36mreq[0m=[35m4019efd0[0m
[2m14:14:19[0m [[32m[1minfo     [0m] [1mOrchestrator analysis complete: confidence=MAYBE, route=developer_team[0m [36mreq[0m=[35m4019efd0[0m
[2m14:14:19[0m [[32m[1minfo     [0m] [1mGap already satisfied: 'parse and import 50 CSV files into the database' by skill/fe3daa04...[0m [36mreq[0m=[35m4019efd0[0m
[2m14:14:19[0m [[32m[1minfo     [0m] [1m1 gaps already satisfied, 2 remaining   [0m [36mreq[0m=[35m4019efd0[0m
[2m14:14:19[0m [[32m[1minfo     [0m] [1mGenerated build plan for challenge 8b6f5b3a-96e9-4dda-a5c4-44ec631d77fd: 2 items, 0 critical[0m [36mreq[0m=[35m4019efd0[0m
[2m14:14:19[0m [[32m[1minfo     [0m] [1mrequest_finished                        [0m [36mduration[0m=[35m3.556[0m [36mmethod[0m=[35mPOST[0m [36mpath[0m=[35m/api/v1/challenges/analyze[0m [36mreq[0m=[35m4019efd0[0m [36mrequest_id[0m=[35m4019efd0-6033-4463-9a36-a2ac254067d7[0m [36mstatus[0m=[35m200[0m
[2m14:14:19[0m [[32m[1minfo     [0m] [1mStarting capability building: challenge_id=8b6f5b3a-96e9-4dda-a5c4-44ec631d77fd[0m [36mreq[0m=[35m4019efd0[0m
[2m14:14:19[0m [[32m[1minfo     [0m] [1mLoading topology from database...       [0m [36mreq[0m=[35m4019efd0[0m
[2m14:14:19[0m [[32m[1minfo     [0m] [1mMapped 13 skill entries to 13 capabilities[0m [36mreq[0m=[35m4019efd0[0m
[2m14:14:19[0m [[32m[1minfo     [0m] [1mTopology validated: 11 agents in 5 waves[0m [36mreq[0m=[35m4019efd0[0m
[2m14:14:19[0m [[32m[1minfo     [0m] [1mLoaded 13 skills for topology           [0m [36mreq[0m=[35m4019efd0[0m
[2m14:14:19[0m [[32m[1minfo     [0m] [1mTopology loaded: 11 agents, 5 waves     [0m [36mreq[0m=[35m4019efd0[0m
[2m14:14:19[0m [[32m[1minfo     [0m] [1mRuntimeAgentRegistry initialized with max_concurrent=5[0m [36mreq[0m=[35m4019efd0[0m
[2m14:14:19[0m [[32m[1minfo     [0m] [1mProcessing blocked challenge: id=8b6f5b3a..., attempt=1/5[0m [36mreq[0m=[35m4019efd0[0m
[2m14:14:19[0m [[32m[1minfo     [0m] [1mCreated gap plan: id=ce691a8a..., challenge=8b6f5b3a..., gaps=3, cycle=1[0m [36mreq[0m=[35m4019efd0[0m
[2m14:14:19[0m [[32m[1minfo     [0m] [1mCreated gap plan: ce691a8a..., cycle=1, gaps=3[0m [36mreq[0m=[35m4019efd0[0m
[2m14:14:19[0m [[32m[1minfo     [0m] [1mStarted gap plan: ce691a8a...           [0m [36mreq[0m=[35m4019efd0[0m
[2m14:14:19[0m [[32m[1minfo     [0m] [1mExecuting gap plan: ce691a8a..., total_gaps=3, cycle=1[0m [36mreq[0m=[35m4019efd0[0m
[2m14:14:19[0m [[32m[1minfo     [0m] [1mProcessing gap: e4233aff... type=missing_planning_skill, capability=design normalized relational database schema, severity=important[0m [36mreq[0m=[35m4019efd0[0m
[2m14:14:19[0m [[33m[1mwarning  [0m] [1mUnknown gap type 'missing_planning_skill', using generic builder[0m [36mreq[0m=[35m4019efd0[0m
[2m14:14:19[0m [[32m[1minfo     [0m] [1mBuilding capability: gap_type=missing_planning_skill, severity=important, attempt=1, approach=direct[0m [36mreq[0m=[35m4019efd0[0m
[2m14:14:19[0m [[32m[1minfo     [0m] [1mDecomposing task id=32f0a895..., files=1[0m [36mreq[0m=[35m4019efd0[0m
[2m14:14:23[0m [[32m[1minfo     [0m] [1mDecomposed task into 2 subtasks, 2 waves[0m [36mreq[0m=[35m4019efd0[0m
[2m14:14:23[0m [[32m[1minfo     [0m] [1mExecuting wave 1/2, files=['prompts/generated/prompt_design_normalized_relational_database_schema.txt'][0m [36mreq[0m=[35m4019efd0[0m
[2m14:14:23[0m [[32m[1minfo     [0m] [1mRegistered agent id=0d452706..., task=32f0a895..., file=prompts/generated/prompt_design_normalized_relational_database_schema.txt[0m [36mreq[0m=[35m4019efd0[0m
[2m14:14:23[0m [[32m[1minfo     [0m] [1mUpdated agent id=0d452706... status=running[0m [36mreq[0m=[35m4019efd0[0m
[2m14:14:23[0m [[32m[1minfo     [0m] [1mExecuting agent id=0d452706..., file=prompts/generated/prompt_design_normalized_relational_database_schema.txt[0m [36mreq[0m=[35m4019efd0[0m
[2m14:14:24[0m [[32m[1minfo     [0m] [1mGetting challenge status: id=8b6f5b3a-96e9-4dda-a5c4-44ec631d77fd[0m [36mreq[0m=[35m13f7a729[0m
[2m14:14:24[0m [[32m[1minfo     [0m] [1mrequest_finished                        [0m [36mduration[0m=[35m0.011[0m [36mmethod[0m=[35mGET[0m [36mpath[0m=[35m/api/v1/challenges/8b6f5b3a-96e9-4dda-a5c4-44ec631d77fd[0m [36mreq[0m=[35m13f7a729[0m [36mrequest_id[0m=[35m13f7a729-d28c-4d19-a6a7-cd0c206e08d9[0m [36mstatus[0m=[35m200[0m
[2m14:14:26[0m [[32m[1minfo     [0m] [1mAgent completed id=0d452706..., duration=2.76s[0m [36mreq[0m=[35m4019efd0[0m
[2m14:14:26[0m [[32m[1minfo     [0m] [1mUpdated agent id=0d452706... status=completed[0m [36mreq[0m=[35m4019efd0[0m
[2m14:14:26[0m [[32m[1minfo     [0m] [1mExecuting wave 2/2, files=['scripts/validate_schema_design.py'][0m [36mreq[0m=[35m4019efd0[0m
[2m14:14:26[0m [[32m[1minfo     [0m] [1mRegistered agent id=64e8f88f..., task=32f0a895..., file=scripts/validate_schema_design.py[0m [36mreq[0m=[35m4019efd0[0m
[2m14:14:26[0m [[32m[1minfo     [0m] [1mUpdated agent id=64e8f88f... status=running[0m [36mreq[0m=[35m4019efd0[0m
[2m14:14:26[0m [[32m[1minfo     [0m] [1mExecuting agent id=64e8f88f..., file=scripts/validate_schema_design.py[0m [36mreq[0m=[35m4019efd0[0m
{
    "name": "developer_team.decompose_task",
    "context": {
        "trace_id": "0x92b5ba43c2e624fce970f6708d5471d7",
        "span_id": "0xa4d8e1990a45e972",
        "trace_state": "[]"
    },
    "kind": "SpanKind.INTERNAL",
    "parent_id": "0x159e83689c2d4aab",
    "start_time": "2026-05-08T14:14:19.506590Z",
    "end_time": "2026-05-08T14:14:23.495457Z",
    "status": {
        "status_code": "UNSET"
    },
    "attributes": {},
    "events": [],
    "links": [],
    "resource": {
        "attributes": {
            "telemetry.sdk.language": "python",
            "telemetry.sdk.name": "opentelemetry",
            "telemetry.sdk.version": "1.40.0",
            "service.name": "lumari-backend",
            "service.version": "0.1.0",
            "service.namespace": "lumari",
            "deployment.environment": "development",
            "telemetry.middleware.version": "1.0.0"
        },
        "schema_url": ""
    }
}
{
    "name": "agent_spawner.spawn_and_execute",
    "context": {
        "trace_id": "0x92b5ba43c2e624fce970f6708d5471d7",
        "span_id": "0x25744696a076773f",
        "trace_state": "[]"
    },
    "kind": "SpanKind.INTERNAL",
    "parent_id": "0xdac94b87680bb323",
    "start_time": "2026-05-08T14:14:23.496656Z",
    "end_time": "2026-05-08T14:14:26.262338Z",
    "status": {
        "status_code": "UNSET"
    },
    "attributes": {
        "agent.id": "0d452706-f48c-47cd-9dbc-85748735e90a",
        "agent.task_id": "32f0a895-9535-4982-aa5b-28034913a7e8",
        "agent.file_path": "prompts/generated/prompt_design_normalized_relational_database_schema.txt",
        "agent.timeout_seconds": 300,
        "agent.registered": true,
        "agent.success": true,
        "agent.duration_seconds": 2.7637901306152344
    },
    "events": [],
    "links": [],
    "resource": {
        "attributes": {
            "telemetry.sdk.language": "python",
            "telemetry.sdk.name": "opentelemetry",
            "telemetry.sdk.version": "1.40.0",
            "service.name": "lumari-backend",
            "service.version": "0.1.0",
            "service.namespace": "lumari",
            "deployment.environment": "development",
            "telemetry.middleware.version": "1.0.0"
        },
        "schema_url": ""
    }
}
{
    "name": "developer_team.execute_wave",
    "context": {
        "trace_id": "0x92b5ba43c2e624fce970f6708d5471d7",
        "span_id": "0xdac94b87680bb323",
        "trace_state": "[]"
    },
    "kind": "SpanKind.INTERNAL",
    "parent_id": "0x159e83689c2d4aab",
    "start_time": "2026-05-08T14:14:23.495809Z",
    "end_time": "2026-05-08T14:14:26.262661Z",
    "status": {
        "status_code": "UNSET"
    },
    "attributes": {
        "wave.files": [
            "prompts/generated/prompt_design_normalized_relational_database_schema.txt"
        ]
    },
    "events": [],
    "links": [],
    "resource": {
        "attributes": {
            "telemetry.sdk.language": "python",
            "telemetry.sdk.name": "opentelemetry",
            "telemetry.sdk.version": "1.40.0",
            "service.name": "lumari-backend",
            "service.version": "0.1.0",
            "service.namespace": "lumari",
            "deployment.environment": "development",
            "telemetry.middleware.version": "1.0.0"
        },
        "schema_url": ""
    }
}
[2m14:14:28[0m [[32m[1minfo     [0m] [1mAgent completed id=64e8f88f..., duration=2.46s[0m [36mreq[0m=[35m4019efd0[0m
[2m14:14:28[0m [[32m[1minfo     [0m] [1mUpdated agent id=64e8f88f... status=completed[0m [36mreq[0m=[35m4019efd0[0m
[2m14:14:28[0m [[32m[1minfo     [0m] [1mUnregistered agent id=0d452706...       [0m [36mreq[0m=[35m4019efd0[0m
[2m14:14:28[0m [[32m[1minfo     [0m] [1mUnregistered agent id=64e8f88f...       [0m [36mreq[0m=[35m4019efd0[0m
[2m14:14:28[0m [[32m[1minfo     [0m] [1mCleaned up 2 agents for task 32f0a895...[0m [36mreq[0m=[35m4019efd0[0m
[2m14:14:28[0m [[32m[1minfo     [0m] [1mBuilt prompt: id=7ca60d67..., name=prompt_design_normalized_relational_database_schema[0m [36mreq[0m=[35m4019efd0[0m
[2m14:14:28[0m [[32m[1minfo     [0m] [1mInjecting capability: type=prompt, id=7ca60d67...[0m [36mreq[0m=[35m4019efd0[0m
[2m14:14:28[0m [[32m[1minfo     [0m] [1mLoading topology from database...       [0m [36mreq[0m=[35m4019efd0[0m
[2m14:14:28[0m [[32m[1minfo     [0m] [1mMapped 13 skill entries to 13 capabilities[0m [36mreq[0m=[35m4019efd0[0m
[2m14:14:28[0m [[32m[1minfo     [0m] [1mTopology validated: 11 agents in 5 waves[0m [36mreq[0m=[35m4019efd0[0m
[2m14:14:28[0m [[32m[1minfo     [0m] [1mLoaded 13 skills for topology           [0m [36mreq[0m=[35m4019efd0[0m
[2m14:14:28[0m [[32m[1minfo     [0m] [1mTopology loaded: 11 agents, 5 waves     [0m [36mreq[0m=[35m4019efd0[0m
[2m14:14:28[0m [[32m[1minfo     [0m] [1mCapability injected successfully: prompt/7ca60d67...[0m [36mreq[0m=[35m4019efd0[0m
[2m14:14:28[0m [[32m[1minfo     [0m] [1mRecorded build attempt: capability=design normalized relational database schema, success=True, error_type=None[0m [36mreq[0m=[35m4019efd0[0m
[2m14:14:28[0m [[32m[1minfo     [0m] [1mGap completed: e4233aff... -> prompt/7ca60d67...[0m [36mreq[0m=[35m4019efd0[0m
[2m14:14:28[0m [[32m[1minfo     [0m] [1mProcessing gap: eec2de76... type=missing_skill, capability=parse and import 50 CSV files into the database, severity=important[0m [36mreq[0m=[35m4019efd0[0m
[2m14:14:28[0m [[32m[1minfo     [0m] [1mStrategy proposed for parse and import 50 CSV files into the database: direct (confidence=0.5)[0m [36mreq[0m=[35m4019efd0[0m
[2m14:14:28[0m [[32m[1minfo     [0m] [1mBuilding capability: gap_type=missing_skill, severity=important, attempt=1, approach=direct[0m [36mreq[0m=[35m4019efd0[0m
[2m14:14:28[0m [[32m[1minfo     [0m] [1mStarting sandbox execution: pip=['pandas>=2.0.0', 'sqlalchemy>=2.0.0', 'psycopg2-binary', 'pandas', 'sqlalchemy'], apt=[], input_files=[][0m [36mreq[0m=[35m4019efd0[0m
[2m14:14:28[0m [[32m[1minfo     [0m] [1mDocker client connected successfully    [0m [36mreq[0m=[35m4019efd0[0m
[2m14:14:29[0m [[32m[1minfo     [0m] [1mInstalling pip packages: "pandas>=2.0.0" "sqlalchemy>=2.0.0" "psycopg2-binary" "pandas" "sqlalchemy"[0m [36mreq[0m=[35m4019efd0[0m
[2m14:14:29[0m [[32m[1minfo     [0m] [1mGetting challenge status: id=8b6f5b3a-96e9-4dda-a5c4-44ec631d77fd[0m [36mreq[0m=[35m51bd20ca[0m
[2m14:14:29[0m [[32m[1minfo     [0m] [1mrequest_finished                        [0m [36mduration[0m=[35m0.006[0m [36mmethod[0m=[35mGET[0m [36mpath[0m=[35m/api/v1/challenges/8b6f5b3a-96e9-4dda-a5c4-44ec631d77fd[0m [36mreq[0m=[35m51bd20ca[0m [36mrequest_id[0m=[35m51bd20ca-5de7-44c1-8fa6-86c2eb696c22[0m [36mstatus[0m=[35m200[0m
{
    "name": "agent_spawner.spawn_and_execute",
    "context": {
        "trace_id": "0x92b5ba43c2e624fce970f6708d5471d7",
        "span_id": "0x49aa0df126ef7c08",
        "trace_state": "[]"
    },
    "kind": "SpanKind.INTERNAL",
    "parent_id": "0x93ddb99996aeb882",
    "start_time": "2026-05-08T14:14:26.263217Z",
    "end_time": "2026-05-08T14:14:28.720355Z",
    "status": {
        "status_code": "UNSET"
    },
    "attributes": {
        "agent.id": "64e8f88f-95c2-4985-82a1-5a516835a897",
        "agent.task_id": "32f0a895-9535-4982-aa5b-28034913a7e8",
        "agent.file_path": "scripts/validate_schema_design.py",
        "agent.timeout_seconds": 300,
        "agent.registered": true,
        "agent.success": true,
        "agent.duration_seconds": 2.4558043479919434
    },
    "events": [],
    "links": [],
    "resource": {
        "attributes": {
            "telemetry.sdk.language": "python",
            "telemetry.sdk.name": "opentelemetry",
            "telemetry.sdk.version": "1.40.0",
            "service.name": "lumari-backend",
            "service.version": "0.1.0",
            "service.namespace": "lumari",
            "deployment.environment": "development",
            "telemetry.middleware.version": "1.0.0"
        },
        "schema_url": ""
    }
}
{
    "name": "developer_team.execute_wave",
    "context": {
        "trace_id": "0x92b5ba43c2e624fce970f6708d5471d7",
        "span_id": "0x93ddb99996aeb882",
        "trace_state": "[]"
    },
    "kind": "SpanKind.INTERNAL",
    "parent_id": "0x159e83689c2d4aab",
    "start_time": "2026-05-08T14:14:26.262946Z",
    "end_time": "2026-05-08T14:14:28.721155Z",
    "status": {
        "status_code": "UNSET"
    },
    "attributes": {
        "wave.files": [
            "scripts/validate_schema_design.py"
        ]
    },
    "events": [],
    "links": [],
    "resource": {
        "attributes": {
            "telemetry.sdk.language": "python",
            "telemetry.sdk.name": "opentelemetry",
            "telemetry.sdk.version": "1.40.0",
            "service.name": "lumari-backend",
            "service.version": "0.1.0",
            "service.namespace": "lumari",
            "deployment.environment": "development",
            "telemetry.middleware.version": "1.0.0"
        },
        "schema_url": ""
    }
}
{
    "name": "developer_team.execute_complex_task",
    "context": {
        "trace_id": "0x92b5ba43c2e624fce970f6708d5471d7",
        "span_id": "0x159e83689c2d4aab",
        "trace_state": "[]"
    },
    "kind": "SpanKind.INTERNAL",
    "parent_id": null,
    "start_time": "2026-05-08T14:14:19.506494Z",
    "end_time": "2026-05-08T14:14:28.721722Z",
    "status": {
        "status_code": "UNSET"
    },
    "attributes": {
        "task.id": "32f0a895-9535-4982-aa5b-28034913a7e8",
        "task.files_count": 1,
        "task.subtasks_count": 2,
        "task.waves_count": 2,
        "task.files_completed": 2,
        "task.files_failed": 0,
        "task.success": true
    },
    "events": [],
    "links": [],
    "resource": {
        "attributes": {
            "telemetry.sdk.language": "python",
            "telemetry.sdk.name": "opentelemetry",
            "telemetry.sdk.version": "1.40.0",
            "service.name": "lumari-backend",
            "service.version": "0.1.0",
            "service.namespace": "lumari",
            "deployment.environment": "development",
            "telemetry.middleware.version": "1.0.0"
        },
        "schema_url": ""
    }
}
[2m14:14:34[0m [[32m[1minfo     [0m] [1mGetting challenge status: id=8b6f5b3a-96e9-4dda-a5c4-44ec631d77fd[0m [36mreq[0m=[35m697bd925[0m
[2m14:14:34[0m [[32m[1minfo     [0m] [1mrequest_finished                        [0m [36mduration[0m=[35m0.004[0m [36mmethod[0m=[35mGET[0m [36mpath[0m=[35m/api/v1/challenges/8b6f5b3a-96e9-4dda-a5c4-44ec631d77fd[0m [36mreq[0m=[35m697bd925[0m [36mrequest_id[0m=[35m697bd925-c465-4f1f-aca4-c852d285e53e[0m [36mstatus[0m=[35m200[0m
[2m14:14:38[0m [[32m[1minfo     [0m] [1mPip packages installed successfully     [0m [36mreq[0m=[35m4019efd0[0m
[2m14:14:38[0m [[32m[1minfo     [0m] [1mSandbox execution complete: success=True, time=9706ms, cached=False[0m [36mreq[0m=[35m4019efd0[0m
[2m14:14:39[0m [[32m[1minfo     [0m] [1mGetting challenge status: id=8b6f5b3a-96e9-4dda-a5c4-44ec631d77fd[0m [36mreq[0m=[35m8398fb75[0m
[2m14:14:39[0m [[32m[1minfo     [0m] [1mrequest_finished                        [0m [36mduration[0m=[35m0.01[0m [36mmethod[0m=[35mGET[0m [36mpath[0m=[35m/api/v1/challenges/8b6f5b3a-96e9-4dda-a5c4-44ec631d77fd[0m [36mreq[0m=[35m8398fb75[0m [36mrequest_id[0m=[35m8398fb75-ba96-498d-803d-a90ed4da3833[0m [36mstatus[0m=[35m200[0m
[2m14:14:44[0m [[32m[1minfo     [0m] [1mWarm-Skill 'skill_parse_and_import_50_csv_files_into_the_database' validiert — wiederverwenden[0m [36mreq[0m=[35m4019efd0[0m
[2m14:14:44[0m [[32m[1minfo     [0m] [1mNo suitable agent for capability 'parse and import 50 CSV files into the database' (best score: 0.11) - creating new specialist agent (Option 4)[0m [36mreq[0m=[35m4019efd0[0m
/Users/patrick/Documents/Uni/master_project/.venv/lib/python3.13/site-packages/structlog/stdlib.py:1166: UserWarning: Remove `format_exc_info` from your processor chain if you want pretty exceptions.
  ed = p(logger, meth_name, ed)  # type: ignore[arg-type]
[2m14:14:44[0m [[31m[1merror    [0m] [1mFailed to create specialist agent: 'capabilities' is an invalid keyword argument for Agent[0m [36mreq[0m=[35m4019efd0[0m
Traceback (most recent call last):
  File "/Users/patrick/Documents/Uni/master_project/backend/app/orchestration/intervention/capability_builder.py", line 880, in _create_specialist_agent
    agent = Agent(
        id=str(uuid.uuid4()),
    ...<16 lines>...
        is_active=True
    )
  File "<string>", line 4, in __init__
  File "/Users/patrick/Documents/Uni/master_project/.venv/lib/python3.13/site-packages/sqlalchemy/orm/state.py", line 571, in _initialize_instance
    with util.safe_reraise():
         ~~~~~~~~~~~~~~~~~^^
  File "/Users/patrick/Documents/Uni/master_project/.venv/lib/python3.13/site-packages/sqlalchemy/util/langhelpers.py", line 224, in __exit__
    raise exc_value.with_traceback(exc_tb)
  File "/Users/patrick/Documents/Uni/master_project/.venv/lib/python3.13/site-packages/sqlalchemy/orm/state.py", line 569, in _initialize_instance
    manager.original_init(*mixed[1:], **kwargs)
    ~~~~~~~~~~~~~~~~~~~~~^^^^^^^^^^^^^^^^^^^^^^
  File "/Users/patrick/Documents/Uni/master_project/.venv/lib/python3.13/site-packages/sqlalchemy/orm/decl_base.py", line 2179, in _declarative_constructor
    raise TypeError(
        "%r is an invalid keyword argument for %s" % (k, cls_.__name__)
    )
TypeError: 'capabilities' is an invalid keyword argument for Agent
[2m14:14:44[0m [[32m[1minfo     [0m] [1mInjecting capability: type=skill, id=fe3daa04...[0m [36mreq[0m=[35m4019efd0[0m
[2m14:14:44[0m [[32m[1minfo     [0m] [1mLoading topology from database...       [0m [36mreq[0m=[35m4019efd0[0m
[2m14:14:44[0m [[32m[1minfo     [0m] [1mMapped 13 skill entries to 13 capabilities[0m [36mreq[0m=[35m4019efd0[0m
[2m14:14:44[0m [[32m[1minfo     [0m] [1mTopology validated: 11 agents in 5 waves[0m [36mreq[0m=[35m4019efd0[0m
[2m14:14:44[0m [[32m[1minfo     [0m] [1mLoaded 13 skills for topology           [0m [36mreq[0m=[35m4019efd0[0m
[2m14:14:44[0m [[32m[1minfo     [0m] [1mTopology loaded: 11 agents, 5 waves     [0m [36mreq[0m=[35m4019efd0[0m
[2m14:14:44[0m [[32m[1minfo     [0m] [1mCapability injected successfully: skill/fe3daa04...[0m [36mreq[0m=[35m4019efd0[0m
[2m14:14:44[0m [[32m[1minfo     [0m] [1mRecorded build attempt: capability=parse and import 50 CSV files into the database, success=True, error_type=None[0m [36mreq[0m=[35m4019efd0[0m
[2m14:14:44[0m [[32m[1minfo     [0m] [1mGap completed: eec2de76... -> skill/fe3daa04...[0m [36mreq[0m=[35m4019efd0[0m
[2m14:14:44[0m [[32m[1minfo     [0m] [1mProcessing gap: edcaec86... type=missing_planning_skill, capability=identify data quality issues and provide budget recommendations, severity=minor[0m [36mreq[0m=[35m4019efd0[0m
[2m14:14:44[0m [[33m[1mwarning  [0m] [1mUnknown gap type 'missing_planning_skill', using generic builder[0m [36mreq[0m=[35m4019efd0[0m
[2m14:14:44[0m [[32m[1minfo     [0m] [1mBuilding capability: gap_type=missing_planning_skill, severity=minor, attempt=1, approach=direct[0m [36mreq[0m=[35m4019efd0[0m
[2m14:14:44[0m [[32m[1minfo     [0m] [1mDecomposing task id=1980689c..., files=1[0m [36mreq[0m=[35m4019efd0[0m
[2m14:14:44[0m [[32m[1minfo     [0m] [1mGetting challenge status: id=8b6f5b3a-96e9-4dda-a5c4-44ec631d77fd[0m [36mreq[0m=[35m6674bca4[0m
[2m14:14:44[0m [[32m[1minfo     [0m] [1mrequest_finished                        [0m [36mduration[0m=[35m0.005[0m [36mmethod[0m=[35mGET[0m [36mpath[0m=[35m/api/v1/challenges/8b6f5b3a-96e9-4dda-a5c4-44ec631d77fd[0m [36mreq[0m=[35m6674bca4[0m [36mrequest_id[0m=[35m6674bca4-dd19-448a-978a-96b26ca3b256[0m [36mstatus[0m=[35m200[0m
[2m14:14:47[0m [[32m[1minfo     [0m] [1mDecomposed task into 3 subtasks, 2 waves[0m [36mreq[0m=[35m4019efd0[0m
[2m14:14:47[0m [[32m[1minfo     [0m] [1mExecuting wave 1/2, files=['prompts/generated/prompt_identify_data_quality_issues_and_provide_budget_recommendations.txt', 'database/schema_init.sql'][0m [36mreq[0m=[35m4019efd0[0m
[2m14:14:47[0m [[32m[1minfo     [0m] [1mRegistered agent id=34fe58ec..., task=1980689c..., file=prompts/generated/prompt_identify_data_quality_issues_and_provide_budget_recommendations.txt[0m [36mreq[0m=[35m4019efd0[0m
[2m14:14:47[0m [[32m[1minfo     [0m] [1mUpdated agent id=34fe58ec... status=running[0m [36mreq[0m=[35m4019efd0[0m
[2m14:14:47[0m [[32m[1minfo     [0m] [1mExecuting agent id=34fe58ec..., file=prompts/generated/prompt_identify_data_quality_issues_and_provide_budget_recommendations.txt[0m [36mreq[0m=[35m4019efd0[0m
[2m14:14:47[0m [[32m[1minfo     [0m] [1mRegistered agent id=501ff2e6..., task=1980689c..., file=database/schema_init.sql[0m [36mreq[0m=[35m4019efd0[0m
[2m14:14:47[0m [[32m[1minfo     [0m] [1mUpdated agent id=501ff2e6... status=running[0m [36mreq[0m=[35m4019efd0[0m
[2m14:14:47[0m [[32m[1minfo     [0m] [1mExecuting agent id=501ff2e6..., file=database/schema_init.sql[0m [36mreq[0m=[35m4019efd0[0m
[2m14:14:49[0m [[32m[1minfo     [0m] [1mAgent completed id=501ff2e6..., duration=2.12s[0m [36mreq[0m=[35m4019efd0[0m
[2m14:14:49[0m [[32m[1minfo     [0m] [1mUpdated agent id=501ff2e6... status=completed[0m [36mreq[0m=[35m4019efd0[0m
[2m14:14:49[0m [[32m[1minfo     [0m] [1mGetting challenge status: id=8b6f5b3a-96e9-4dda-a5c4-44ec631d77fd[0m [36mreq[0m=[35mae0beb2d[0m
[2m14:14:49[0m [[32m[1minfo     [0m] [1mrequest_finished                        [0m [36mduration[0m=[35m0.01[0m [36mmethod[0m=[35mGET[0m [36mpath[0m=[35m/api/v1/challenges/8b6f5b3a-96e9-4dda-a5c4-44ec631d77fd[0m [36mreq[0m=[35mae0beb2d[0m [36mrequest_id[0m=[35mae0beb2d-2bbc-4d01-946a-f3c04ee43c8f[0m [36mstatus[0m=[35m200[0m
[2m14:14:49[0m [[32m[1minfo     [0m] [1mAgent completed id=34fe58ec..., duration=2.45s[0m [36mreq[0m=[35m4019efd0[0m
[2m14:14:49[0m [[32m[1minfo     [0m] [1mUpdated agent id=34fe58ec... status=completed[0m [36mreq[0m=[35m4019efd0[0m
[2m14:14:49[0m [[32m[1minfo     [0m] [1mExecuting wave 2/2, files=['scripts/data_processor.py'][0m [36mreq[0m=[35m4019efd0[0m
[2m14:14:49[0m [[32m[1minfo     [0m] [1mRegistered agent id=7c37d624..., task=1980689c..., file=scripts/data_processor.py[0m [36mreq[0m=[35m4019efd0[0m
[2m14:14:49[0m [[32m[1minfo     [0m] [1mUpdated agent id=7c37d624... status=running[0m [36mreq[0m=[35m4019efd0[0m
[2m14:14:49[0m [[32m[1minfo     [0m] [1mExecuting agent id=7c37d624..., file=scripts/data_processor.py[0m [36mreq[0m=[35m4019efd0[0m
{
    "name": "developer_team.decompose_task",
    "context": {
        "trace_id": "0xe88d9f03d845b4f8cbfee86c4993b059",
        "span_id": "0x21bf675815adf3d1",
        "trace_state": "[]"
    },
    "kind": "SpanKind.INTERNAL",
    "parent_id": "0x491ed64c7fca2900",
    "start_time": "2026-05-08T14:14:44.355559Z",
    "end_time": "2026-05-08T14:14:47.259840Z",
    "status": {
        "status_code": "UNSET"
    },
    "attributes": {},
    "events": [],
    "links": [],
    "resource": {
        "attributes": {
            "telemetry.sdk.language": "python",
            "telemetry.sdk.name": "opentelemetry",
            "telemetry.sdk.version": "1.40.0",
            "service.name": "lumari-backend",
            "service.version": "0.1.0",
            "service.namespace": "lumari",
            "deployment.environment": "development",
            "telemetry.middleware.version": "1.0.0"
        },
        "schema_url": ""
    }
}
{
    "name": "agent_spawner.spawn_and_execute",
    "context": {
        "trace_id": "0xe88d9f03d845b4f8cbfee86c4993b059",
        "span_id": "0x9ea5d625ac446016",
        "trace_state": "[]"
    },
    "kind": "SpanKind.INTERNAL",
    "parent_id": "0x557d9321a8ee291c",
    "start_time": "2026-05-08T14:14:47.285831Z",
    "end_time": "2026-05-08T14:14:49.403894Z",
    "status": {
        "status_code": "UNSET"
    },
    "attributes": {
        "agent.id": "501ff2e6-ce83-4872-99d1-20261e389966",
        "agent.task_id": "1980689c-b3a6-430d-82fd-09f3307d8818",
        "agent.file_path": "database/schema_init.sql",
        "agent.timeout_seconds": 300,
        "agent.registered": true,
        "agent.success": true,
        "agent.duration_seconds": 2.1166419982910156
    },
    "events": [],
    "links": [],
    "resource": {
        "attributes": {
            "telemetry.sdk.language": "python",
            "telemetry.sdk.name": "opentelemetry",
            "telemetry.sdk.version": "1.40.0",
            "service.name": "lumari-backend",
            "service.version": "0.1.0",
            "service.namespace": "lumari",
            "deployment.environment": "development",
            "telemetry.middleware.version": "1.0.0"
        },
        "schema_url": ""
    }
}
{
    "name": "agent_spawner.spawn_and_execute",
    "context": {
        "trace_id": "0xe88d9f03d845b4f8cbfee86c4993b059",
        "span_id": "0xc934e5cc2f381033",
        "trace_state": "[]"
    },
    "kind": "SpanKind.INTERNAL",
    "parent_id": "0x557d9321a8ee291c",
    "start_time": "2026-05-08T14:14:47.264009Z",
    "end_time": "2026-05-08T14:14:49.712110Z",
    "status": {
        "status_code": "UNSET"
    },
    "attributes": {
        "agent.id": "34fe58ec-6543-4dc7-b7e3-b5eec0a3a4c8",
        "agent.task_id": "1980689c-b3a6-430d-82fd-09f3307d8818",
        "agent.file_path": "prompts/generated/prompt_identify_data_quality_issues_and_provide_budget_recommendations.txt",
        "agent.timeout_seconds": 300,
        "agent.registered": true,
        "agent.success": true,
        "agent.duration_seconds": 2.446521759033203
    },
    "events": [],
    "links": [],
    "resource": {
        "attributes": {
            "telemetry.sdk.language": "python",
            "telemetry.sdk.name": "opentelemetry",
            "telemetry.sdk.version": "1.40.0",
            "service.name": "lumari-backend",
            "service.version": "0.1.0",
            "service.namespace": "lumari",
            "deployment.environment": "development",
            "telemetry.middleware.version": "1.0.0"
        },
        "schema_url": ""
    }
}
{
    "name": "developer_team.execute_wave",
    "context": {
        "trace_id": "0xe88d9f03d845b4f8cbfee86c4993b059",
        "span_id": "0x557d9321a8ee291c",
        "trace_state": "[]"
    },
    "kind": "SpanKind.INTERNAL",
    "parent_id": "0x491ed64c7fca2900",
    "start_time": "2026-05-08T14:14:47.260229Z",
    "end_time": "2026-05-08T14:14:49.712732Z",
    "status": {
        "status_code": "UNSET"
    },
    "attributes": {
        "wave.files": [
            "prompts/generated/prompt_identify_data_quality_issues_and_provide_budget_recommendations.txt",
            "database/schema_init.sql"
        ]
    },
    "events": [],
    "links": [],
    "resource": {
        "attributes": {
            "telemetry.sdk.language": "python",
            "telemetry.sdk.name": "opentelemetry",
            "telemetry.sdk.version": "1.40.0",
            "service.name": "lumari-backend",
            "service.version": "0.1.0",
            "service.namespace": "lumari",
            "deployment.environment": "development",
            "telemetry.middleware.version": "1.0.0"
        },
        "schema_url": ""
    }
}
[2m14:14:52[0m [[32m[1minfo     [0m] [1mAgent completed id=7c37d624..., duration=3.07s[0m [36mreq[0m=[35m4019efd0[0m
[2m14:14:52[0m [[32m[1minfo     [0m] [1mUpdated agent id=7c37d624... status=completed[0m [36mreq[0m=[35m4019efd0[0m
[2m14:14:52[0m [[32m[1minfo     [0m] [1mUnregistered agent id=34fe58ec...       [0m [36mreq[0m=[35m4019efd0[0m
[2m14:14:52[0m [[32m[1minfo     [0m] [1mUnregistered agent id=501ff2e6...       [0m [36mreq[0m=[35m4019efd0[0m
[2m14:14:52[0m [[32m[1minfo     [0m] [1mUnregistered agent id=7c37d624...       [0m [36mreq[0m=[35m4019efd0[0m
[2m14:14:52[0m [[32m[1minfo     [0m] [1mCleaned up 3 agents for task 1980689c...[0m [36mreq[0m=[35m4019efd0[0m
[2m14:14:52[0m [[32m[1minfo     [0m] [1mBuilt prompt: id=343aeef1..., name=prompt_identify_data_quality_issues_and_provide_budget_recommendations[0m [36mreq[0m=[35m4019efd0[0m
[2m14:14:52[0m [[32m[1minfo     [0m] [1mInjecting capability: type=prompt, id=343aeef1...[0m [36mreq[0m=[35m4019efd0[0m
[2m14:14:52[0m [[32m[1minfo     [0m] [1mLoading topology from database...       [0m [36mreq[0m=[35m4019efd0[0m
[2m14:14:52[0m [[32m[1minfo     [0m] [1mMapped 13 skill entries to 13 capabilities[0m [36mreq[0m=[35m4019efd0[0m
[2m14:14:52[0m [[32m[1minfo     [0m] [1mTopology validated: 11 agents in 5 waves[0m [36mreq[0m=[35m4019efd0[0m
[2m14:14:52[0m [[32m[1minfo     [0m] [1mLoaded 13 skills for topology           [0m [36mreq[0m=[35m4019efd0[0m
[2m14:14:52[0m [[32m[1minfo     [0m] [1mTopology loaded: 11 agents, 5 waves     [0m [36mreq[0m=[35m4019efd0[0m
[2m14:14:52[0m [[32m[1minfo     [0m] [1mCapability injected successfully: prompt/343aeef1...[0m [36mreq[0m=[35m4019efd0[0m
[2m14:14:52[0m [[32m[1minfo     [0m] [1mRecorded build attempt: capability=identify data quality issues and provide budget recommendations, success=True, error_type=None[0m [36mreq[0m=[35m4019efd0[0m
[2m14:14:52[0m [[32m[1minfo     [0m] [1mGap completed: edcaec86... -> prompt/343aeef1...[0m [36mreq[0m=[35m4019efd0[0m
[2m14:14:52[0m [[32m[1minfo     [0m] [1mAll gaps processed for plan ce691a8a... [0m [36mreq[0m=[35m4019efd0[0m
[2m14:14:53[0m [[32m[1minfo     [0m] [1mCompleted gap plan: ce691a8a..., status=completed, completed=3, failed=0[0m [36mreq[0m=[35m4019efd0[0m
[2m14:14:53[0m [[32m[1minfo     [0m] [1mGap plan execution finished: ce691a8a..., completed=3, failed=0, artifacts=3[0m [36mreq[0m=[35m4019efd0[0m
[2m14:14:53[0m [[32m[1minfo     [0m] [1mVerifying gap closure after cycle 1, built 3 capabilities[0m [36mreq[0m=[35m4019efd0[0m
[2m14:14:53[0m [[32m[1minfo     [0m] [1mGap OPEN: 'design normalized relational database schema'[0m [36mreq[0m=[35m4019efd0[0m
[2m14:14:53[0m [[32m[1minfo     [0m] [1mGap CLOSED: 'parse and import 50 CSV files into the database' by skill/fe3daa04...[0m [36mreq[0m=[35m4019efd0[0m
[2m14:14:53[0m [[32m[1minfo     [0m] [1mGap OPEN: 'identify data quality issues and provide budget recommendations'[0m [36mreq[0m=[35m4019efd0[0m
[2m14:14:53[0m [[32m[1minfo     [0m] [1mPlan verification complete: ce691a8a..., closed=1/3, all_closed=False[0m [36mreq[0m=[35m4019efd0[0m
[2m14:14:53[0m [[32m[1minfo     [0m] [1mVerification result: closed=1/3, all_closed=False[0m [36mreq[0m=[35m4019efd0[0m
[2m14:14:53[0m [[32m[1minfo     [0m] [1mCreated gap plan: id=eb7f2d8d..., challenge=8b6f5b3a..., gaps=2, cycle=2[0m [36mreq[0m=[35m4019efd0[0m
[2m14:14:53[0m [[32m[1minfo     [0m] [1mCreated new cycle 2 with 2 REMAINING gaps (not new ones!) for challenge 8b6f5b3a...[0m [36mreq[0m=[35m4019efd0[0m
[2m14:14:53[0m [[32m[1minfo     [0m] [1mCapability building partial: 8b6f5b3a-96e9-4dda-a5c4-44ec631d77fd, built=3[0m [36mreq[0m=[35m4019efd0[0m
[2m14:14:54[0m [[32m[1minfo     [0m] [1mGetting challenge status: id=8b6f5b3a-96e9-4dda-a5c4-44ec631d77fd[0m [36mreq[0m=[35m86044a14[0m
[2m14:14:54[0m [[32m[1minfo     [0m] [1mrequest_finished                        [0m [36mduration[0m=[35m0.008[0m [36mmethod[0m=[35mGET[0m [36mpath[0m=[35m/api/v1/challenges/8b6f5b3a-96e9-4dda-a5c4-44ec631d77fd[0m [36mreq[0m=[35m86044a14[0m [36mrequest_id[0m=[35m86044a14-2713-4a34-a3d9-1c97a49039a9[0m [36mstatus[0m=[35m200[0m
[2m14:14:54[0m [[32m[1minfo     [0m] [1mExecuting challenge: id=8b6f5b3a-96e9-4dda-a5c4-44ec631d77fd[0m [36mreq[0m=[35md0c70cb1[0m
[2m14:14:54[0m [[32m[1minfo     [0m] [1mrequest_finished                        [0m [36mduration[0m=[35m0.011[0m [36mmethod[0m=[35mPOST[0m [36mpath[0m=[35m/api/v1/challenges/8b6f5b3a-96e9-4dda-a5c4-44ec631d77fd/execute[0m [36mreq[0m=[35md0c70cb1[0m [36mrequest_id[0m=[35md0c70cb1-7868-4273-9bc9-dfdf25f1ebf3[0m [36mstatus[0m=[35m200[0m
[2m14:14:54[0m [[32m[1minfo     [0m] [1mStarting background execution: challenge_id=8b6f5b3a-96e9-4dda-a5c4-44ec631d77fd[0m [36mreq[0m=[35md0c70cb1[0m
[2m14:14:54[0m [[32m[1minfo     [0m] [1mLoading topology from database...       [0m [36mreq[0m=[35md0c70cb1[0m
[2m14:14:54[0m [[32m[1minfo     [0m] [1mMapped 13 skill entries to 13 capabilities[0m [36mreq[0m=[35md0c70cb1[0m
[2m14:14:54[0m [[32m[1minfo     [0m] [1mTopology validated: 11 agents in 5 waves[0m [36mreq[0m=[35md0c70cb1[0m
[2m14:14:54[0m [[32m[1minfo     [0m] [1mLoaded 13 skills for topology           [0m [36mreq[0m=[35md0c70cb1[0m
[2m14:14:54[0m [[32m[1minfo     [0m] [1mTopology loaded: 11 agents, 5 waves     [0m [36mreq[0m=[35md0c70cb1[0m
[2m14:14:54[0m [[32m[1minfo     [0m] [1mShared memory initialized with Qdrant   [0m [36mreq[0m=[35md0c70cb1[0m
[2m14:14:54[0m [[32m[1minfo     [0m] [1mHybridOrchestrator initialized          [0m [36mreq[0m=[35md0c70cb1[0m
[2m14:14:54[0m [[32m[1minfo     [0m] [1mStarting execution: b6dad54c-4edc-4107-b85c-437d7edbb579[0m [36mreq[0m=[35md0c70cb1[0m
[2m14:14:54[0m [[32m[1minfo     [0m] [1mLoading topology from database...       [0m [36mreq[0m=[35md0c70cb1[0m
[2m14:14:54[0m [[32m[1minfo     [0m] [1mMapped 13 skill entries to 13 capabilities[0m [36mreq[0m=[35md0c70cb1[0m
[2m14:14:54[0m [[32m[1minfo     [0m] [1mTopology validated: 11 agents in 5 waves[0m [36mreq[0m=[35md0c70cb1[0m
[2m14:14:54[0m [[32m[1minfo     [0m] [1mLoaded 13 skills for topology           [0m [36mreq[0m=[35md0c70cb1[0m
[2m14:14:54[0m [[32m[1minfo     [0m] [1mTopology loaded: 11 agents, 5 waves     [0m [36mreq[0m=[35md0c70cb1[0m
[2m14:14:54[0m [[32m[1minfo     [0m] [1mDocker client connected successfully    [0m [36mreq[0m=[35md0c70cb1[0m
[2m14:14:54[0m [[32m[1minfo     [0m] [1mCreated DynamicSandbox executor (Docker-based, unrestricted)[0m [36mreq[0m=[35md0c70cb1[0m
[2m14:14:54[0m [[33m[1mwarning  [0m] [1mCould not create intervention orchestrator for self-healing: create_intervention_orchestrator() got an unexpected keyword argument 'db'[0m [36mreq[0m=[35md0c70cb1[0m
[2m14:14:54[0m [[32m[1minfo     [0m] [1mExecuting wave 1/5: ['05bebe15-b46f-4b91-96e3-a50f6cf9e68d', '90c17f3b-7f91-4174-b3ac-b59a51feb378', '65ad3c5c-f66c-49a0-a7cd-4b9ebc6142b9', '073d766c-ed4f-4519-8e36-8c9631e97c67'][0m [36mreq[0m=[35md0c70cb1[0m
[2m14:14:54[0m [[32m[1minfo     [0m] [1mExecuting agent: transcript_analyzer (05bebe15-b46f-4b91-96e3-a50f6cf9e68d)[0m [36mreq[0m=[35md0c70cb1[0m
[2m14:14:54[0m [[32m[1minfo     [0m] [1mExecuting agent: product_owner (90c17f3b-7f91-4174-b3ac-b59a51feb378)[0m [36mreq[0m=[35md0c70cb1[0m
[2m14:14:54[0m [[33m[1mwarning  [0m] [1mAgent product_owner expected artifacts ['analysis_findings'] but none found in pool[0m [36mreq[0m=[35md0c70cb1[0m
[2m14:14:54[0m [[32m[1minfo     [0m] [1mExecuting agent: quality_judge (65ad3c5c-f66c-49a0-a7cd-4b9ebc6142b9)[0m [36mreq[0m=[35md0c70cb1[0m
[2m14:14:54[0m [[33m[1mwarning  [0m] [1mAgent quality_judge expected artifacts ['ab_test_samples'] but none found in pool[0m [36mreq[0m=[35md0c70cb1[0m
[2m14:14:54[0m [[32m[1minfo     [0m] [1mExecuting agent: execution_analyzer (073d766c-ed4f-4519-8e36-8c9631e97c67)[0m [36mreq[0m=[35md0c70cb1[0m
[2m14:14:54[0m [[33m[1mwarning  [0m] [1mAgent execution_analyzer expected artifacts ['execution_telemetry'] but none found in pool[0m [36mreq[0m=[35md0c70cb1[0m
[2m14:14:55[0m [[32m[1minfo     [0m] [1mshared_memory_metrics agent=transcript_analyzer facts_kept=5 facts_total=8 hypotheses=0 relations=0 approx_tokens=2389 query_chars=3075[0m [36mreq[0m=[35md0c70cb1[0m
[2m14:14:55[0m [[32m[1minfo     [0m] [1mAgent quality_judge returned final answer after 0 tool calls[0m [36mreq[0m=[35md0c70cb1[0m
[2m14:14:55[0m [[32m[1minfo     [0m] [1mAgent quality_judge completed           [0m [36mreq[0m=[35md0c70cb1[0m
[2m14:14:56[0m [[32m[1minfo     [0m] [1mAgent execution_analyzer returned final answer after 0 tool calls[0m [36mreq[0m=[35md0c70cb1[0m
[2m14:14:56[0m [[32m[1minfo     [0m] [1mAgent product_owner returned final answer after 0 tool calls[0m [36mreq[0m=[35md0c70cb1[0m
[2m14:14:56[0m [[32m[1minfo     [0m] [1mAgent execution_analyzer completed      [0m [36mreq[0m=[35md0c70cb1[0m
[2m14:14:56[0m [[32m[1minfo     [0m] [1mTool call 1/5: skill_analyze_csv_file_structure_and_identify_unique_sub_contractors[0m [36mreq[0m=[35md0c70cb1[0m
[2m14:14:56[0m [[32m[1minfo     [0m] [1mStarting sandbox execution: pip=['pandas>=2.0.0'], apt=[], input_files=[][0m [36mreq[0m=[35md0c70cb1[0m
[2m14:14:56[0m [[32m[1minfo     [0m] [1mFound cached image: lumari-sandbox:custom-80b4d237 (usage=8)[0m [36mreq[0m=[35md0c70cb1[0m
[2m14:14:56[0m [[32m[1minfo     [0m] [1mUsing cached image: lumari-sandbox:custom-80b4d237[0m [36mreq[0m=[35md0c70cb1[0m
[2m14:14:56[0m [[33m[1mwarning  [0m] [1mCached image lumari-sandbox:custom-80b4d237 not found in Docker, falling back to base[0m [36mreq[0m=[35md0c70cb1[0m
[2m14:14:56[0m [[32m[1minfo     [0m] [1mAgent product_owner completed           [0m [36mreq[0m=[35md0c70cb1[0m
{
    "name": "agent_spawner.spawn_and_execute",
    "context": {
        "trace_id": "0xe88d9f03d845b4f8cbfee86c4993b059",
        "span_id": "0x8b9edd281e1b2c7e",
        "trace_state": "[]"
    },
    "kind": "SpanKind.INTERNAL",
    "parent_id": "0xd7562d0f8fece950",
    "start_time": "2026-05-08T14:14:49.713377Z",
    "end_time": "2026-05-08T14:14:52.785276Z",
    "status": {
        "status_code": "UNSET"
    },
    "attributes": {
        "agent.id": "7c37d624-222d-4824-86df-0baa143e6666",
        "agent.task_id": "1980689c-b3a6-430d-82fd-09f3307d8818",
        "agent.file_path": "scripts/data_processor.py",
        "agent.timeout_seconds": 300,
        "agent.registered": true,
        "agent.success": true,
        "agent.duration_seconds": 3.070892095565796
    },
    "events": [],
    "links": [],
    "resource": {
        "attributes": {
            "telemetry.sdk.language": "python",
            "telemetry.sdk.name": "opentelemetry",
            "telemetry.sdk.version": "1.40.0",
            "service.name": "lumari-backend",
            "service.version": "0.1.0",
            "service.namespace": "lumari",
            "deployment.environment": "development",
            "telemetry.middleware.version": "1.0.0"
        },
        "schema_url": ""
    }
}
{
    "name": "developer_team.execute_wave",
    "context": {
        "trace_id": "0xe88d9f03d845b4f8cbfee86c4993b059",
        "span_id": "0xd7562d0f8fece950",
        "trace_state": "[]"
    },
    "kind": "SpanKind.INTERNAL",
    "parent_id": "0x491ed64c7fca2900",
    "start_time": "2026-05-08T14:14:49.713104Z",
    "end_time": "2026-05-08T14:14:52.786175Z",
    "status": {
        "status_code": "UNSET"
    },
    "attributes": {
        "wave.files": [
            "scripts/data_processor.py"
        ]
    },
    "events": [],
    "links": [],
    "resource": {
        "attributes": {
            "telemetry.sdk.language": "python",
            "telemetry.sdk.name": "opentelemetry",
            "telemetry.sdk.version": "1.40.0",
            "service.name": "lumari-backend",
            "service.version": "0.1.0",
            "service.namespace": "lumari",
            "deployment.environment": "development",
            "telemetry.middleware.version": "1.0.0"
        },
        "schema_url": ""
    }
}
{
    "name": "developer_team.execute_complex_task",
    "context": {
        "trace_id": "0xe88d9f03d845b4f8cbfee86c4993b059",
        "span_id": "0x491ed64c7fca2900",
        "trace_state": "[]"
    },
    "kind": "SpanKind.INTERNAL",
    "parent_id": null,
    "start_time": "2026-05-08T14:14:44.355469Z",
    "end_time": "2026-05-08T14:14:52.786759Z",
    "status": {
        "status_code": "UNSET"
    },
    "attributes": {
        "task.id": "1980689c-b3a6-430d-82fd-09f3307d8818",
        "task.files_count": 1,
        "task.subtasks_count": 3,
        "task.waves_count": 2,
        "task.files_completed": 3,
        "task.files_failed": 0,
        "task.success": true
    },
    "events": [],
    "links": [],
    "resource": {
        "attributes": {
            "telemetry.sdk.language": "python",
            "telemetry.sdk.name": "opentelemetry",
            "telemetry.sdk.version": "1.40.0",
            "service.name": "lumari-backend",
            "service.version": "0.1.0",
            "service.namespace": "lumari",
            "deployment.environment": "development",
            "telemetry.middleware.version": "1.0.0"
        },
        "schema_url": ""
    }
}
[2m14:14:56[0m [[32m[1minfo     [0m] [1mInstalling pip packages: "pandas>=2.0.0"[0m [36mreq[0m=[35md0c70cb1[0m
[2m14:14:59[0m [[32m[1minfo     [0m] [1mGetting challenge status: id=8b6f5b3a-96e9-4dda-a5c4-44ec631d77fd[0m [36mreq[0m=[35m730ba02d[0m
[2m14:14:59[0m [[32m[1minfo     [0m] [1mrequest_finished                        [0m [36mduration[0m=[35m0.003[0m [36mmethod[0m=[35mGET[0m [36mpath[0m=[35m/api/v1/challenges/8b6f5b3a-96e9-4dda-a5c4-44ec631d77fd[0m [36mreq[0m=[35m730ba02d[0m [36mrequest_id[0m=[35m730ba02d-a3a6-4527-bd08-6fc2e7866584[0m [36mstatus[0m=[35m200[0m
[2m14:15:02[0m [[32m[1minfo     [0m] [1mPip packages installed successfully     [0m [36mreq[0m=[35md0c70cb1[0m
[2m14:15:02[0m [[32m[1minfo     [0m] [1mSandbox execution complete: success=True, time=6219ms, cached=False[0m [36mreq[0m=[35md0c70cb1[0m
[2m14:15:02[0m [[32m[1minfo     [0m] [1mCaching container image for future use...[0m [36mreq[0m=[35md0c70cb1[0m
[2m14:15:02[0m [[32m[1minfo     [0m] [1mBuilding image: lumari-sandbox:custom-26a3f94f[0m [36mreq[0m=[35md0c70cb1[0m
[2m14:15:02[0m [[32m[1minfo     [0m] [1m  pip: ['pandas>=2.0.0']                [0m [36mreq[0m=[35md0c70cb1[0m
[2m14:15:02[0m [[32m[1minfo     [0m] [1m  apt: []                               [0m [36mreq[0m=[35md0c70cb1[0m
[2m14:15:02[0m [[32m[1minfo     [0m] [1mImage already exists in Docker: lumari-sandbox:custom-26a3f94f[0m [36mreq[0m=[35md0c70cb1[0m
[2m14:15:04[0m [[32m[1minfo     [0m] [1mGetting challenge status: id=8b6f5b3a-96e9-4dda-a5c4-44ec631d77fd[0m [36mreq[0m=[35m5c749e00[0m
[2m14:15:04[0m [[32m[1minfo     [0m] [1mrequest_finished                        [0m [36mduration[0m=[35m0.01[0m [36mmethod[0m=[35mGET[0m [36mpath[0m=[35m/api/v1/challenges/8b6f5b3a-96e9-4dda-a5c4-44ec631d77fd[0m [36mreq[0m=[35m5c749e00[0m [36mrequest_id[0m=[35m5c749e00-e84c-4c37-80a0-e386d2ec6f5b[0m [36mstatus[0m=[35m200[0m
[2m14:15:09[0m [[32m[1minfo     [0m] [1mTool call 2/5: skill_parse_and_import_50_csv_files_into_the_database[0m [36mreq[0m=[35md0c70cb1[0m
[2m14:15:09[0m [[32m[1minfo     [0m] [1mStarting sandbox execution: pip=['pandas>=2.0.0', 'sqlalchemy>=2.0.0', 'psycopg2-binary', 'pandas', 'sqlalchemy'], apt=[], input_files=[][0m [36mreq[0m=[35md0c70cb1[0m
[2m14:15:09[0m [[32m[1minfo     [0m] [1mFound cached image: lumari-sandbox:excel-fd277350 (usage=0)[0m [36mreq[0m=[35md0c70cb1[0m
[2m14:15:09[0m [[32m[1minfo     [0m] [1mUsing cached image: lumari-sandbox:excel-fd277350[0m [36mreq[0m=[35md0c70cb1[0m
[2m14:15:09[0m [[32m[1minfo     [0m] [1mGetting challenge status: id=8b6f5b3a-96e9-4dda-a5c4-44ec631d77fd[0m [36mreq[0m=[35mb9084f80[0m
[2m14:15:09[0m [[32m[1minfo     [0m] [1mrequest_finished                        [0m [36mduration[0m=[35m0.005[0m [36mmethod[0m=[35mGET[0m [36mpath[0m=[35m/api/v1/challenges/8b6f5b3a-96e9-4dda-a5c4-44ec631d77fd[0m [36mreq[0m=[35mb9084f80[0m [36mrequest_id[0m=[35mb9084f80-9844-4402-a4bf-5fc0c18e8776[0m [36mstatus[0m=[35m200[0m
[2m14:15:10[0m [[32m[1minfo     [0m] [1mSandbox execution complete: success=True, time=1505ms, cached=True[0m [36mreq[0m=[35md0c70cb1[0m
[2m14:15:14[0m [[32m[1minfo     [0m] [1mGetting challenge status: id=8b6f5b3a-96e9-4dda-a5c4-44ec631d77fd[0m [36mreq[0m=[35me1716e5c[0m
[2m14:15:14[0m [[32m[1minfo     [0m] [1mrequest_finished                        [0m [36mduration[0m=[35m0.007[0m [36mmethod[0m=[35mGET[0m [36mpath[0m=[35m/api/v1/challenges/8b6f5b3a-96e9-4dda-a5c4-44ec631d77fd[0m [36mreq[0m=[35me1716e5c[0m [36mrequest_id[0m=[35me1716e5c-b948-47a9-8c7a-066b609500cb[0m [36mstatus[0m=[35m200[0m
[2m14:15:18[0m [[32m[1minfo     [0m] [1mAgent transcript_analyzer returned final answer after 2 tool calls[0m [36mreq[0m=[35md0c70cb1[0m
[2m14:15:19[0m [[32m[1minfo     [0m] [1mAgent transcript_analyzer completed     [0m [36mreq[0m=[35md0c70cb1[0m
[2m14:15:19[0m [[32m[1minfo     [0m] [1mWave 1 agent 'transcript_analyzer' completed: success=True, skipped=False, result_len=1385[0m [36mreq[0m=[35md0c70cb1[0m
[2m14:15:19[0m [[32m[1minfo     [0m] [1mWave 1 agent 'product_owner' completed: success=True, skipped=False, result_len=688[0m [36mreq[0m=[35md0c70cb1[0m
[2m14:15:19[0m [[32m[1minfo     [0m] [1mWave 1 agent 'quality_judge' completed: success=True, skipped=False, result_len=173[0m [36mreq[0m=[35md0c70cb1[0m
[2m14:15:19[0m [[32m[1minfo     [0m] [1mWave 1 agent 'execution_analyzer' completed: success=True, skipped=False, result_len=248[0m [36mreq[0m=[35md0c70cb1[0m
[2m14:15:19[0m [[32m[1minfo     [0m] [1mExecuting wave 2/5: ['49898ec1-10da-4a11-8457-1358d844c805', '07f8b963-9d7c-4232-ba20-52aa8d850e1d'][0m [36mreq[0m=[35md0c70cb1[0m
[2m14:15:19[0m [[32m[1minfo     [0m] [1mExecuting agent: context_retriever (49898ec1-10da-4a11-8457-1358d844c805)[0m [36mreq[0m=[35md0c70cb1[0m
[2m14:15:19[0m [[32m[1minfo     [0m] [1mExecuting agent: control_agent (07f8b963-9d7c-4232-ba20-52aa8d850e1d)[0m [36mreq[0m=[35md0c70cb1[0m
[2m14:15:19[0m [[32m[1minfo     [0m] [1mGetting challenge status: id=8b6f5b3a-96e9-4dda-a5c4-44ec631d77fd[0m [36mreq[0m=[35mdbcb510a[0m
[2m14:15:19[0m [[32m[1minfo     [0m] [1mrequest_finished                        [0m [36mduration[0m=[35m0.006[0m [36mmethod[0m=[35mGET[0m [36mpath[0m=[35m/api/v1/challenges/8b6f5b3a-96e9-4dda-a5c4-44ec631d77fd[0m [36mreq[0m=[35mdbcb510a[0m [36mrequest_id[0m=[35mdbcb510a-984a-4003-b2c0-9186463f5845[0m [36mstatus[0m=[35m200[0m
[2m14:15:20[0m [[32m[1minfo     [0m] [1mAgent control_agent returned final answer after 0 tool calls[0m [36mreq[0m=[35md0c70cb1[0m
[2m14:15:20[0m [[32m[1minfo     [0m] [1mAgent control_agent completed           [0m [36mreq[0m=[35md0c70cb1[0m
[2m14:15:21[0m [[32m[1minfo     [0m] [1mAgent context_retriever returned final answer after 0 tool calls[0m [36mreq[0m=[35md0c70cb1[0m
[2m14:15:21[0m [[32m[1minfo     [0m] [1mAgent context_retriever completed       [0m [36mreq[0m=[35md0c70cb1[0m
[2m14:15:21[0m [[32m[1minfo     [0m] [1mWave 2 agent 'context_retriever' completed: success=True, skipped=False, result_len=1094[0m [36mreq[0m=[35md0c70cb1[0m
[2m14:15:21[0m [[32m[1minfo     [0m] [1mWave 2 agent 'control_agent' completed: success=True, skipped=False, result_len=157[0m [36mreq[0m=[35md0c70cb1[0m
[2m14:15:21[0m [[32m[1minfo     [0m] [1mExecuting wave 3/5: ['f54aabd1-ca21-4768-b12e-ccf5ca95d0da', 'a676e764-25ce-41cf-95d1-b838c8e6804d', 'd01ede79-d82b-465b-ae42-d1a7a2ec4188'][0m [36mreq[0m=[35md0c70cb1[0m
[2m14:15:21[0m [[32m[1minfo     [0m] [1mExecuting agent: report_generator (f54aabd1-ca21-4768-b12e-ccf5ca95d0da)[0m [36mreq[0m=[35md0c70cb1[0m
[2m14:15:21[0m [[32m[1minfo     [0m] [1mExecuting agent: prompt_engineer (a676e764-25ce-41cf-95d1-b838c8e6804d)[0m [36mreq[0m=[35md0c70cb1[0m
[2m14:15:21[0m [[32m[1minfo     [0m] [1mExecuting agent: tool_builder (d01ede79-d82b-465b-ae42-d1a7a2ec4188)[0m [36mreq[0m=[35md0c70cb1[0m
[2m14:15:23[0m [[32m[1minfo     [0m] [1mAgent report_generator returned final answer after 0 tool calls[0m [36mreq[0m=[35md0c70cb1[0m
[2m14:15:24[0m [[32m[1minfo     [0m] [1mAgent report_generator completed        [0m [36mreq[0m=[35md0c70cb1[0m
[2m14:15:24[0m [[32m[1minfo     [0m] [1mAgent prompt_engineer returned final answer after 0 tool calls[0m [36mreq[0m=[35md0c70cb1[0m
[2m14:15:24[0m [[32m[1minfo     [0m] [1mGetting challenge status: id=8b6f5b3a-96e9-4dda-a5c4-44ec631d77fd[0m [36mreq[0m=[35md0406e64[0m
[2m14:15:24[0m [[32m[1minfo     [0m] [1mrequest_finished                        [0m [36mduration[0m=[35m0.004[0m [36mmethod[0m=[35mGET[0m [36mpath[0m=[35m/api/v1/challenges/8b6f5b3a-96e9-4dda-a5c4-44ec631d77fd[0m [36mreq[0m=[35md0406e64[0m [36mrequest_id[0m=[35md0406e64-5f61-4239-8b1e-696b9f91f470[0m [36mstatus[0m=[35m200[0m
[2m14:15:24[0m [[32m[1minfo     [0m] [1mAgent prompt_engineer completed         [0m [36mreq[0m=[35md0c70cb1[0m
[2m14:15:25[0m [[32m[1minfo     [0m] [1mAgent tool_builder returned final answer after 0 tool calls[0m [36mreq[0m=[35md0c70cb1[0m
[2m14:15:26[0m [[32m[1minfo     [0m] [1mAgent tool_builder completed            [0m [36mreq[0m=[35md0c70cb1[0m
[2m14:15:26[0m [[32m[1minfo     [0m] [1mWave 3 agent 'report_generator' completed: success=True, skipped=False, result_len=1902[0m [36mreq[0m=[35md0c70cb1[0m
[2m14:15:26[0m [[32m[1minfo     [0m] [1mWave 3 agent 'prompt_engineer' completed: success=True, skipped=False, result_len=1797[0m [36mreq[0m=[35md0c70cb1[0m
[2m14:15:26[0m [[32m[1minfo     [0m] [1mWave 3 agent 'tool_builder' completed: success=True, skipped=False, result_len=3662[0m [36mreq[0m=[35md0c70cb1[0m
[2m14:15:26[0m [[32m[1minfo     [0m] [1mExecuting wave 4/5: ['85860279-90e3-4984-b25d-af840d3dca9b'][0m [36mreq[0m=[35md0c70cb1[0m
[2m14:15:26[0m [[32m[1minfo     [0m] [1mExecuting agent: quality_validator (85860279-90e3-4984-b25d-af840d3dca9b)[0m [36mreq[0m=[35md0c70cb1[0m
[2m14:15:27[0m [[32m[1minfo     [0m] [1mAgent quality_validator returned final answer after 0 tool calls[0m [36mreq[0m=[35md0c70cb1[0m
[2m14:15:27[0m [[32m[1minfo     [0m] [1mAgent quality_validator completed       [0m [36mreq[0m=[35md0c70cb1[0m
[2m14:15:27[0m [[32m[1minfo     [0m] [1mWave 4 agent 'quality_validator' completed: success=True, skipped=False, result_len=105[0m [36mreq[0m=[35md0c70cb1[0m
[2m14:15:27[0m [[32m[1minfo     [0m] [1mExecuting wave 5/5: ['bbd241f8-1df0-49f4-950a-dc61efa2c950'][0m [36mreq[0m=[35md0c70cb1[0m
[2m14:15:27[0m [[32m[1minfo     [0m] [1mExecuting agent: report_finalizer (bbd241f8-1df0-49f4-950a-dc61efa2c950)[0m [36mreq[0m=[35md0c70cb1[0m
[2m14:15:29[0m [[32m[1minfo     [0m] [1mGetting challenge status: id=8b6f5b3a-96e9-4dda-a5c4-44ec631d77fd[0m [36mreq[0m=[35m75a13070[0m
[2m14:15:29[0m [[32m[1minfo     [0m] [1mrequest_finished                        [0m [36mduration[0m=[35m0.01[0m [36mmethod[0m=[35mGET[0m [36mpath[0m=[35m/api/v1/challenges/8b6f5b3a-96e9-4dda-a5c4-44ec631d77fd[0m [36mreq[0m=[35m75a13070[0m [36mrequest_id[0m=[35m75a13070-fcb4-44a5-b2c6-6f9095e7fc6c[0m [36mstatus[0m=[35m200[0m
[2m14:15:29[0m [[32m[1minfo     [0m] [1mAgent report_finalizer returned final answer after 0 tool calls[0m [36mreq[0m=[35md0c70cb1[0m
[2m14:15:30[0m [[32m[1minfo     [0m] [1mAgent report_finalizer completed        [0m [36mreq[0m=[35md0c70cb1[0m
[2m14:15:30[0m [[32m[1minfo     [0m] [1mWave 5 agent 'report_finalizer' completed: success=True, skipped=False, result_len=1996[0m [36mreq[0m=[35md0c70cb1[0m
[2m14:15:30[0m [[32m[1minfo     [0m] [1mArtifact pool cleared: 11 artifacts discarded[0m [36mreq[0m=[35md0c70cb1[0m
[2m14:15:30[0m [[32m[1minfo     [0m] [1mPersisted 1 facts to shared memory for execution b6dad54c-4edc-4107-b85c-437d7edbb579[0m [36mreq[0m=[35md0c70cb1[0m
[2m14:15:30[0m [[32m[1minfo     [0m] [1mStarting telemetry for agent=05bebe15..., execution=b6dad54c...[0m [36mreq[0m=[35md0c70cb1[0m
[2m14:15:30[0m [[33m[1mwarning  [0m] [1mTelemetrie-Bridge fehlgeschlagen: 1 validation error for ExecutionTelemetryCreate
outcome
  Input should be 'success', 'error', 'timeout' or 'cancelled' [type=literal_error, input_value='running', input_type=str]
    For further information visit https://errors.pydantic.dev/2.11/v/literal_error[0m [36mreq[0m=[35md0c70cb1[0m
[2m14:15:30[0m [[32m[1minfo     [0m] [1mConfigured epicbox profile: image=lumari-sandbox:latest, limits={'cputime': 5, 'realtime': 10, 'memory': 128, 'processes': 1}[0m [36mreq[0m=[35md0c70cb1[0m
[2m14:15:30[0m [[32m[1minfo     [0m] [1mStarting analysis pipeline for execution_id=b6dad54c...[0m [36mreq[0m=[35md0c70cb1[0m
[2m14:15:30[0m [[32m[1minfo     [0m] [1mExecution completed: challenge_id=8b6f5b3a-96e9-4dda-a5c4-44ec631d77fd, success=True[0m [36mreq[0m=[35md0c70cb1[0m
[2m14:15:30[0m [[33m[1mwarning  [0m] [1mNo telemetry found for execution b6dad54c-4edc-4107-b85c-437d7edbb579[0m [36mreq[0m=[35md0c70cb1[0m
[2m14:15:34[0m [[32m[1minfo     [0m] [1mGetting challenge status: id=8b6f5b3a-96e9-4dda-a5c4-44ec631d77fd[0m [36mreq[0m=[35m84b9a151[0m
[2m14:15:34[0m [[32m[1minfo     [0m] [1mrequest_finished                        [0m [36mduration[0m=[35m0.012[0m [36mmethod[0m=[35mGET[0m [36mpath[0m=[35m/api/v1/challenges/8b6f5b3a-96e9-4dda-a5c4-44ec631d77fd[0m [36mreq[0m=[35m84b9a151[0m [36mrequest_id[0m=[35m84b9a151-8e18-41d3-b4d1-2db6ef8f3eaf[0m [36mstatus[0m=[35m200[0m
[2m14:15:34[0m [[32m[1minfo     [0m] [1mGetting challenge results: id=8b6f5b3a-96e9-4dda-a5c4-44ec631d77fd[0m [36mreq[0m=[35maf596a84[0m
[2m14:15:34[0m [[32m[1minfo     [0m] [1mrequest_finished                        [0m [36mduration[0m=[35m0.005[0m [36mmethod[0m=[35mGET[0m [36mpath[0m=[35m/api/v1/challenges/8b6f5b3a-96e9-4dda-a5c4-44ec631d77fd/results[0m [36mreq[0m=[35maf596a84[0m [36mrequest_id[0m=[35maf596a84-1f00-4611-be97-e2ba4351e85c[0m [36mstatus[0m=[35m200[0m
[2m14:15:37[0m [[32m[1minfo     [0m] [1mFile upload: tagesbericht_rohbau_20251014.opus, size=205713, type=audio/opus[0m [36mreq[0m=[35mc919b4a1[0m
[2m14:15:37[0m [[32m[1minfo     [0m] [1mSaved binary file to: /Users/patrick/Documents/Uni/master_project/backend/app/api/v1/endpoints/../../../uploads/1c13fd13-a2ad-403c-9e0c-f9d9a6f8b0eb.opus[0m [36mreq[0m=[35mc919b4a1[0m
[2m14:15:37[0m [[32m[1minfo     [0m] [1mAudio transcription skill available: skill_audio_transcription — will transcribe in background[0m [36mreq[0m=[35mc919b4a1[0m
[2m14:15:37[0m [[32m[1minfo     [0m] [1mFile upload: tagesbericht_rohbau_20251014.opus -> challenge_id=8f12338c-010d-43c5-ad96-d8141295b0c3, gaps=0, route=execute[0m [36mreq[0m=[35mc919b4a1[0m
[2m14:15:37[0m [[32m[1minfo     [0m] [1mrequest_finished                        [0m [36mduration[0m=[35m0.045[0m [36mmethod[0m=[35mPOST[0m [36mpath[0m=[35m/api/v1/challenges/upload[0m [36mreq[0m=[35mc919b4a1[0m [36mrequest_id[0m=[35mc919b4a1-7103-4d71-82f6-208b26235e5b[0m [36mstatus[0m=[35m200[0m
[2m14:15:37[0m [[32m[1minfo     [0m] [1mExecuting challenge: id=8f12338c-010d-43c5-ad96-d8141295b0c3[0m [36mreq[0m=[35mec6517de[0m
[2m14:15:37[0m [[32m[1minfo     [0m] [1mrequest_finished                        [0m [36mduration[0m=[35m0.006[0m [36mmethod[0m=[35mPOST[0m [36mpath[0m=[35m/api/v1/challenges/8f12338c-010d-43c5-ad96-d8141295b0c3/execute[0m [36mreq[0m=[35mec6517de[0m [36mrequest_id[0m=[35mec6517de-d27e-46e2-8302-11d7c08197ad[0m [36mstatus[0m=[35m200[0m
[2m14:15:37[0m [[32m[1minfo     [0m] [1mStarting background execution: challenge_id=8f12338c-010d-43c5-ad96-d8141295b0c3[0m [36mreq[0m=[35mec6517de[0m
[2m14:15:37[0m [[32m[1minfo     [0m] [1mTranskribiere Audio vor Execution: /Users/patrick/Documents/Uni/master_project/backend/app/api/v1/endpoints/../../../uploads/1c13fd13-a2ad-403c-9e0c-f9d9a6f8b0eb.opus mit Skill skill_audio_transcription[0m [36mreq[0m=[35mec6517de[0m
[2m14:15:37[0m [[32m[1minfo     [0m] [1mStarting sandbox execution: pip=['openai-whisper'], apt=['ffmpeg'], input_files=['1c13fd13-a2ad-403c-9e0c-f9d9a6f8b0eb.opus'][0m [36mreq[0m=[35mec6517de[0m
[2m14:15:37[0m [[32m[1minfo     [0m] [1mDocker client connected successfully    [0m [36mreq[0m=[35mec6517de[0m
[2m14:15:38[0m [[32m[1minfo     [0m] [1mInstalling system packages: ffmpeg      [0m [36mreq[0m=[35mec6517de[0m
[2m14:15:42[0m [[32m[1minfo     [0m] [1mGetting challenge status: id=8f12338c-010d-43c5-ad96-d8141295b0c3[0m [36mreq[0m=[35m082baefc[0m
[2m14:15:42[0m [[32m[1minfo     [0m] [1mrequest_finished                        [0m [36mduration[0m=[35m0.013[0m [36mmethod[0m=[35mGET[0m [36mpath[0m=[35m/api/v1/challenges/8f12338c-010d-43c5-ad96-d8141295b0c3[0m [36mreq[0m=[35m082baefc[0m [36mrequest_id[0m=[35m082baefc-313a-4893-bfa5-9d4c5e579d37[0m [36mstatus[0m=[35m200[0m
[2m14:15:47[0m [[32m[1minfo     [0m] [1mGetting challenge status: id=8f12338c-010d-43c5-ad96-d8141295b0c3[0m [36mreq[0m=[35m0cd56f78[0m
[2m14:15:47[0m [[32m[1minfo     [0m] [1mrequest_finished                        [0m [36mduration[0m=[35m0.006[0m [36mmethod[0m=[35mGET[0m [36mpath[0m=[35m/api/v1/challenges/8f12338c-010d-43c5-ad96-d8141295b0c3[0m [36mreq[0m=[35m0cd56f78[0m [36mrequest_id[0m=[35m0cd56f78-1f72-4658-91bc-e33cc7f64f53[0m [36mstatus[0m=[35m200[0m
[2m14:15:52[0m [[32m[1minfo     [0m] [1mGetting challenge status: id=8f12338c-010d-43c5-ad96-d8141295b0c3[0m [36mreq[0m=[35m79d31fd4[0m
[2m14:15:52[0m [[32m[1minfo     [0m] [1mrequest_finished                        [0m [36mduration[0m=[35m0.006[0m [36mmethod[0m=[35mGET[0m [36mpath[0m=[35m/api/v1/challenges/8f12338c-010d-43c5-ad96-d8141295b0c3[0m [36mreq[0m=[35m79d31fd4[0m [36mrequest_id[0m=[35m79d31fd4-7b66-40d9-86d7-b1f262cf6837[0m [36mstatus[0m=[35m200[0m
[2m14:15:57[0m [[32m[1minfo     [0m] [1mGetting challenge status: id=8f12338c-010d-43c5-ad96-d8141295b0c3[0m [36mreq[0m=[35m00169080[0m
[2m14:15:57[0m [[32m[1minfo     [0m] [1mrequest_finished                        [0m [36mduration[0m=[35m0.005[0m [36mmethod[0m=[35mGET[0m [36mpath[0m=[35m/api/v1/challenges/8f12338c-010d-43c5-ad96-d8141295b0c3[0m [36mreq[0m=[35m00169080[0m [36mrequest_id[0m=[35m00169080-b146-4dcd-9b33-8da7b85cefad[0m [36mstatus[0m=[35m200[0m
[2m14:16:02[0m [[32m[1minfo     [0m] [1mGetting challenge status: id=8f12338c-010d-43c5-ad96-d8141295b0c3[0m [36mreq[0m=[35mdfac5417[0m
[2m14:16:02[0m [[32m[1minfo     [0m] [1mrequest_finished                        [0m [36mduration[0m=[35m0.003[0m [36mmethod[0m=[35mGET[0m [36mpath[0m=[35m/api/v1/challenges/8f12338c-010d-43c5-ad96-d8141295b0c3[0m [36mreq[0m=[35mdfac5417[0m [36mrequest_id[0m=[35mdfac5417-0b8d-42c9-a598-2546c61b5d41[0m [36mstatus[0m=[35m200[0m
[2m14:16:07[0m [[32m[1minfo     [0m] [1mGetting challenge status: id=8f12338c-010d-43c5-ad96-d8141295b0c3[0m [36mreq[0m=[35m334c36b4[0m
[2m14:16:07[0m [[32m[1minfo     [0m] [1mrequest_finished                        [0m [36mduration[0m=[35m0.005[0m [36mmethod[0m=[35mGET[0m [36mpath[0m=[35m/api/v1/challenges/8f12338c-010d-43c5-ad96-d8141295b0c3[0m [36mreq[0m=[35m334c36b4[0m [36mrequest_id[0m=[35m334c36b4-0fd8-4d60-80f6-9e2dbf7417b6[0m [36mstatus[0m=[35m200[0m
[2m14:16:12[0m [[32m[1minfo     [0m] [1mGetting challenge status: id=8f12338c-010d-43c5-ad96-d8141295b0c3[0m [36mreq[0m=[35m54b34551[0m
[2m14:16:12[0m [[32m[1minfo     [0m] [1mrequest_finished                        [0m [36mduration[0m=[35m0.004[0m [36mmethod[0m=[35mGET[0m [36mpath[0m=[35m/api/v1/challenges/8f12338c-010d-43c5-ad96-d8141295b0c3[0m [36mreq[0m=[35m54b34551[0m [36mrequest_id[0m=[35m54b34551-df31-430a-bc5a-ffe6a6e0bbff[0m [36mstatus[0m=[35m200[0m
[2m14:16:17[0m [[32m[1minfo     [0m] [1mGetting challenge status: id=8f12338c-010d-43c5-ad96-d8141295b0c3[0m [36mreq[0m=[35ma192ea91[0m
[2m14:16:17[0m [[32m[1minfo     [0m] [1mrequest_finished                        [0m [36mduration[0m=[35m0.005[0m [36mmethod[0m=[35mGET[0m [36mpath[0m=[35m/api/v1/challenges/8f12338c-010d-43c5-ad96-d8141295b0c3[0m [36mreq[0m=[35ma192ea91[0m [36mrequest_id[0m=[35ma192ea91-5f8f-46ac-8bd1-354634336d5d[0m [36mstatus[0m=[35m200[0m
[2m14:16:22[0m [[32m[1minfo     [0m] [1mGetting challenge status: id=8f12338c-010d-43c5-ad96-d8141295b0c3[0m [36mreq[0m=[35m34d277fe[0m
[2m14:16:22[0m [[32m[1minfo     [0m] [1mrequest_finished                        [0m [36mduration[0m=[35m0.009[0m [36mmethod[0m=[35mGET[0m [36mpath[0m=[35m/api/v1/challenges/8f12338c-010d-43c5-ad96-d8141295b0c3[0m [36mreq[0m=[35m34d277fe[0m [36mrequest_id[0m=[35m34d277fe-d90a-4043-a66a-ce07870ccfcd[0m [36mstatus[0m=[35m200[0m
[2m14:16:26[0m [[32m[1minfo     [0m] [1mSystem packages installed successfully: ffmpeg[0m [36mreq[0m=[35mec6517de[0m
[2m14:16:26[0m [[32m[1minfo     [0m] [1mInstalling pip packages: "openai-whisper"[0m [36mreq[0m=[35mec6517de[0m
[2m14:16:27[0m [[32m[1minfo     [0m] [1mGetting challenge status: id=8f12338c-010d-43c5-ad96-d8141295b0c3[0m [36mreq[0m=[35m0f73a903[0m
[2m14:16:27[0m [[32m[1minfo     [0m] [1mrequest_finished                        [0m [36mduration[0m=[35m0.004[0m [36mmethod[0m=[35mGET[0m [36mpath[0m=[35m/api/v1/challenges/8f12338c-010d-43c5-ad96-d8141295b0c3[0m [36mreq[0m=[35m0f73a903[0m [36mrequest_id[0m=[35m0f73a903-f5bc-4eb7-a541-6c789f5dce74[0m [36mstatus[0m=[35m200[0m
[2m14:16:32[0m [[32m[1minfo     [0m] [1mGetting challenge status: id=8f12338c-010d-43c5-ad96-d8141295b0c3[0m [36mreq[0m=[35m8561db48[0m
[2m14:16:32[0m [[32m[1minfo     [0m] [1mrequest_finished                        [0m [36mduration[0m=[35m0.022[0m [36mmethod[0m=[35mGET[0m [36mpath[0m=[35m/api/v1/challenges/8f12338c-010d-43c5-ad96-d8141295b0c3[0m [36mreq[0m=[35m8561db48[0m [36mrequest_id[0m=[35m8561db48-c40a-4ef3-bbf0-b9ed7d5e95fc[0m [36mstatus[0m=[35m200[0m
[2m14:16:37[0m [[32m[1minfo     [0m] [1mGetting challenge status: id=8f12338c-010d-43c5-ad96-d8141295b0c3[0m [36mreq[0m=[35m43cf968d[0m
[2m14:16:37[0m [[32m[1minfo     [0m] [1mrequest_finished                        [0m [36mduration[0m=[35m0.006[0m [36mmethod[0m=[35mGET[0m [36mpath[0m=[35m/api/v1/challenges/8f12338c-010d-43c5-ad96-d8141295b0c3[0m [36mreq[0m=[35m43cf968d[0m [36mrequest_id[0m=[35m43cf968d-ec13-4f6d-81da-55530cc9e468[0m [36mstatus[0m=[35m200[0m
[2m14:16:43[0m [[32m[1minfo     [0m] [1mGetting challenge status: id=8f12338c-010d-43c5-ad96-d8141295b0c3[0m [36mreq[0m=[35m38d6af26[0m
[2m14:16:43[0m [[32m[1minfo     [0m] [1mrequest_finished                        [0m [36mduration[0m=[35m0.018[0m [36mmethod[0m=[35mGET[0m [36mpath[0m=[35m/api/v1/challenges/8f12338c-010d-43c5-ad96-d8141295b0c3[0m [36mreq[0m=[35m38d6af26[0m [36mrequest_id[0m=[35m38d6af26-4edc-42b3-8f69-204a89f926f7[0m [36mstatus[0m=[35m200[0m
[2m14:16:48[0m [[32m[1minfo     [0m] [1mGetting challenge status: id=8f12338c-010d-43c5-ad96-d8141295b0c3[0m [36mreq[0m=[35ma5e8b8c0[0m
[2m14:16:48[0m [[32m[1minfo     [0m] [1mrequest_finished                        [0m [36mduration[0m=[35m0.013[0m [36mmethod[0m=[35mGET[0m [36mpath[0m=[35m/api/v1/challenges/8f12338c-010d-43c5-ad96-d8141295b0c3[0m [36mreq[0m=[35ma5e8b8c0[0m [36mrequest_id[0m=[35ma5e8b8c0-4943-4e8b-a01a-cc9c82d425c8[0m [36mstatus[0m=[35m200[0m
[2m14:16:53[0m [[32m[1minfo     [0m] [1mGetting challenge status: id=8f12338c-010d-43c5-ad96-d8141295b0c3[0m [36mreq[0m=[35mc557bd80[0m
[2m14:16:53[0m [[32m[1minfo     [0m] [1mrequest_finished                        [0m [36mduration[0m=[35m0.012[0m [36mmethod[0m=[35mGET[0m [36mpath[0m=[35m/api/v1/challenges/8f12338c-010d-43c5-ad96-d8141295b0c3[0m [36mreq[0m=[35mc557bd80[0m [36mrequest_id[0m=[35mc557bd80-b92f-4a6f-86b4-281ea6480d88[0m [36mstatus[0m=[35m200[0m
[2m14:16:58[0m [[32m[1minfo     [0m] [1mGetting challenge status: id=8f12338c-010d-43c5-ad96-d8141295b0c3[0m [36mreq[0m=[35m32b29a60[0m
[2m14:16:58[0m [[32m[1minfo     [0m] [1mrequest_finished                        [0m [36mduration[0m=[35m0.004[0m [36mmethod[0m=[35mGET[0m [36mpath[0m=[35m/api/v1/challenges/8f12338c-010d-43c5-ad96-d8141295b0c3[0m [36mreq[0m=[35m32b29a60[0m [36mrequest_id[0m=[35m32b29a60-f148-445b-832c-6fffcb20916b[0m [36mstatus[0m=[35m200[0m
[2m14:17:03[0m [[32m[1minfo     [0m] [1mGetting challenge status: id=8f12338c-010d-43c5-ad96-d8141295b0c3[0m [36mreq[0m=[35mee739d72[0m
[2m14:17:03[0m [[32m[1minfo     [0m] [1mrequest_finished                        [0m [36mduration[0m=[35m0.02[0m [36mmethod[0m=[35mGET[0m [36mpath[0m=[35m/api/v1/challenges/8f12338c-010d-43c5-ad96-d8141295b0c3[0m [36mreq[0m=[35mee739d72[0m [36mrequest_id[0m=[35mee739d72-c808-4526-833b-c5c965e3b5ed[0m [36mstatus[0m=[35m200[0m
[2m14:17:08[0m [[32m[1minfo     [0m] [1mGetting challenge status: id=8f12338c-010d-43c5-ad96-d8141295b0c3[0m [36mreq[0m=[35m50b02a9e[0m
[2m14:17:08[0m [[32m[1minfo     [0m] [1mrequest_finished                        [0m [36mduration[0m=[35m0.005[0m [36mmethod[0m=[35mGET[0m [36mpath[0m=[35m/api/v1/challenges/8f12338c-010d-43c5-ad96-d8141295b0c3[0m [36mreq[0m=[35m50b02a9e[0m [36mrequest_id[0m=[35m50b02a9e-e250-44be-94da-7c8116c76f56[0m [36mstatus[0m=[35m200[0m
[2m14:17:13[0m [[32m[1minfo     [0m] [1mGetting challenge status: id=8f12338c-010d-43c5-ad96-d8141295b0c3[0m [36mreq[0m=[35m52b1440c[0m
[2m14:17:13[0m [[32m[1minfo     [0m] [1mrequest_finished                        [0m [36mduration[0m=[35m0.013[0m [36mmethod[0m=[35mGET[0m [36mpath[0m=[35m/api/v1/challenges/8f12338c-010d-43c5-ad96-d8141295b0c3[0m [36mreq[0m=[35m52b1440c[0m [36mrequest_id[0m=[35m52b1440c-8971-46b6-8947-5aaef61a5429[0m [36mstatus[0m=[35m200[0m
[2m14:17:18[0m [[32m[1minfo     [0m] [1mGetting challenge status: id=8f12338c-010d-43c5-ad96-d8141295b0c3[0m [36mreq[0m=[35m76fcd144[0m
[2m14:17:18[0m [[32m[1minfo     [0m] [1mrequest_finished                        [0m [36mduration[0m=[35m0.003[0m [36mmethod[0m=[35mGET[0m [36mpath[0m=[35m/api/v1/challenges/8f12338c-010d-43c5-ad96-d8141295b0c3[0m [36mreq[0m=[35m76fcd144[0m [36mrequest_id[0m=[35m76fcd144-7534-427c-a46e-0b48c2152a03[0m [36mstatus[0m=[35m200[0m
[2m14:17:23[0m [[32m[1minfo     [0m] [1mGetting challenge status: id=8f12338c-010d-43c5-ad96-d8141295b0c3[0m [36mreq[0m=[35m613b96e0[0m
[2m14:17:23[0m [[32m[1minfo     [0m] [1mrequest_finished                        [0m [36mduration[0m=[35m0.003[0m [36mmethod[0m=[35mGET[0m [36mpath[0m=[35m/api/v1/challenges/8f12338c-010d-43c5-ad96-d8141295b0c3[0m [36mreq[0m=[35m613b96e0[0m [36mrequest_id[0m=[35m613b96e0-4465-4b76-b6da-da4d8b640e69[0m [36mstatus[0m=[35m200[0m
[2m14:17:28[0m [[32m[1minfo     [0m] [1mGetting challenge status: id=8f12338c-010d-43c5-ad96-d8141295b0c3[0m [36mreq[0m=[35mef5dbf4e[0m
[2m14:17:28[0m [[32m[1minfo     [0m] [1mrequest_finished                        [0m [36mduration[0m=[35m0.003[0m [36mmethod[0m=[35mGET[0m [36mpath[0m=[35m/api/v1/challenges/8f12338c-010d-43c5-ad96-d8141295b0c3[0m [36mreq[0m=[35mef5dbf4e[0m [36mrequest_id[0m=[35mef5dbf4e-25d6-460c-a6d9-446a65d35d9c[0m [36mstatus[0m=[35m200[0m
[2m14:17:31[0m [[32m[1minfo     [0m] [1mPip packages installed successfully     [0m [36mreq[0m=[35mec6517de[0m
[2m14:17:33[0m [[32m[1minfo     [0m] [1mGetting challenge status: id=8f12338c-010d-43c5-ad96-d8141295b0c3[0m [36mreq[0m=[35m90fe0b54[0m
[2m14:17:33[0m [[32m[1minfo     [0m] [1mrequest_finished                        [0m [36mduration[0m=[35m0.003[0m [36mmethod[0m=[35mGET[0m [36mpath[0m=[35m/api/v1/challenges/8f12338c-010d-43c5-ad96-d8141295b0c3[0m [36mreq[0m=[35m90fe0b54[0m [36mrequest_id[0m=[35m90fe0b54-ed6c-4ca0-a623-f48d1890feee[0m [36mstatus[0m=[35m200[0m
[2m14:17:38[0m [[32m[1minfo     [0m] [1mGetting challenge status: id=8f12338c-010d-43c5-ad96-d8141295b0c3[0m [36mreq[0m=[35md6f3c301[0m
[2m14:17:38[0m [[32m[1minfo     [0m] [1mrequest_finished                        [0m [36mduration[0m=[35m0.005[0m [36mmethod[0m=[35mGET[0m [36mpath[0m=[35m/api/v1/challenges/8f12338c-010d-43c5-ad96-d8141295b0c3[0m [36mreq[0m=[35md6f3c301[0m [36mrequest_id[0m=[35md6f3c301-7bc5-4c0c-9338-a127bb2a61cf[0m [36mstatus[0m=[35m200[0m
[2m14:17:43[0m [[32m[1minfo     [0m] [1mGetting challenge status: id=8f12338c-010d-43c5-ad96-d8141295b0c3[0m [36mreq[0m=[35mb318d88a[0m
[2m14:17:43[0m [[32m[1minfo     [0m] [1mrequest_finished                        [0m [36mduration[0m=[35m0.004[0m [36mmethod[0m=[35mGET[0m [36mpath[0m=[35m/api/v1/challenges/8f12338c-010d-43c5-ad96-d8141295b0c3[0m [36mreq[0m=[35mb318d88a[0m [36mrequest_id[0m=[35mb318d88a-d87f-4f69-b776-0d473b748ae2[0m [36mstatus[0m=[35m200[0m
[2m14:17:48[0m [[32m[1minfo     [0m] [1mGetting challenge status: id=8f12338c-010d-43c5-ad96-d8141295b0c3[0m [36mreq[0m=[35m6d2398e0[0m
[2m14:17:48[0m [[32m[1minfo     [0m] [1mrequest_finished                        [0m [36mduration[0m=[35m0.015[0m [36mmethod[0m=[35mGET[0m [36mpath[0m=[35m/api/v1/challenges/8f12338c-010d-43c5-ad96-d8141295b0c3[0m [36mreq[0m=[35m6d2398e0[0m [36mrequest_id[0m=[35m6d2398e0-9b33-44dd-806b-55689f142d57[0m [36mstatus[0m=[35m200[0m
[2m14:17:53[0m [[32m[1minfo     [0m] [1mGetting challenge status: id=8f12338c-010d-43c5-ad96-d8141295b0c3[0m [36mreq[0m=[35meaffd151[0m
[2m14:17:53[0m [[32m[1minfo     [0m] [1mrequest_finished                        [0m [36mduration[0m=[35m0.009[0m [36mmethod[0m=[35mGET[0m [36mpath[0m=[35m/api/v1/challenges/8f12338c-010d-43c5-ad96-d8141295b0c3[0m [36mreq[0m=[35meaffd151[0m [36mrequest_id[0m=[35meaffd151-326e-4e20-96a8-d9baa0fde84d[0m [36mstatus[0m=[35m200[0m
[2m14:17:58[0m [[32m[1minfo     [0m] [1mGetting challenge status: id=8f12338c-010d-43c5-ad96-d8141295b0c3[0m [36mreq[0m=[35m2dcdf3cc[0m
[2m14:17:58[0m [[32m[1minfo     [0m] [1mrequest_finished                        [0m [36mduration[0m=[35m0.009[0m [36mmethod[0m=[35mGET[0m [36mpath[0m=[35m/api/v1/challenges/8f12338c-010d-43c5-ad96-d8141295b0c3[0m [36mreq[0m=[35m2dcdf3cc[0m [36mrequest_id[0m=[35m2dcdf3cc-1f70-40b7-b556-258f0a3880d3[0m [36mstatus[0m=[35m200[0m
[2m14:18:03[0m [[32m[1minfo     [0m] [1mGetting challenge status: id=8f12338c-010d-43c5-ad96-d8141295b0c3[0m [36mreq[0m=[35m45744220[0m
[2m14:18:03[0m [[32m[1minfo     [0m] [1mrequest_finished                        [0m [36mduration[0m=[35m0.006[0m [36mmethod[0m=[35mGET[0m [36mpath[0m=[35m/api/v1/challenges/8f12338c-010d-43c5-ad96-d8141295b0c3[0m [36mreq[0m=[35m45744220[0m [36mrequest_id[0m=[35m45744220-b746-46ad-9a02-96f9e0315afb[0m [36mstatus[0m=[35m200[0m
[2m14:18:08[0m [[32m[1minfo     [0m] [1mGetting challenge status: id=8f12338c-010d-43c5-ad96-d8141295b0c3[0m [36mreq[0m=[35m86cc88c4[0m
[2m14:18:08[0m [[32m[1minfo     [0m] [1mrequest_finished                        [0m [36mduration[0m=[35m0.007[0m [36mmethod[0m=[35mGET[0m [36mpath[0m=[35m/api/v1/challenges/8f12338c-010d-43c5-ad96-d8141295b0c3[0m [36mreq[0m=[35m86cc88c4[0m [36mrequest_id[0m=[35m86cc88c4-7730-4d83-8f74-983f1c2900c6[0m [36mstatus[0m=[35m200[0m
[2m14:18:13[0m [[32m[1minfo     [0m] [1mGetting challenge status: id=8f12338c-010d-43c5-ad96-d8141295b0c3[0m [36mreq[0m=[35m185d4bff[0m
[2m14:18:13[0m [[32m[1minfo     [0m] [1mrequest_finished                        [0m [36mduration[0m=[35m0.01[0m [36mmethod[0m=[35mGET[0m [36mpath[0m=[35m/api/v1/challenges/8f12338c-010d-43c5-ad96-d8141295b0c3[0m [36mreq[0m=[35m185d4bff[0m [36mrequest_id[0m=[35m185d4bff-f473-4bd8-b4a1-424a58e826e1[0m [36mstatus[0m=[35m200[0m
[2m14:18:18[0m [[32m[1minfo     [0m] [1mGetting challenge status: id=8f12338c-010d-43c5-ad96-d8141295b0c3[0m [36mreq[0m=[35m72e7f8b4[0m
[2m14:18:18[0m [[32m[1minfo     [0m] [1mrequest_finished                        [0m [36mduration[0m=[35m0.006[0m [36mmethod[0m=[35mGET[0m [36mpath[0m=[35m/api/v1/challenges/8f12338c-010d-43c5-ad96-d8141295b0c3[0m [36mreq[0m=[35m72e7f8b4[0m [36mrequest_id[0m=[35m72e7f8b4-ca32-46d9-8dc0-f739420d4419[0m [36mstatus[0m=[35m200[0m
[2m14:18:23[0m [[32m[1minfo     [0m] [1mGetting challenge status: id=8f12338c-010d-43c5-ad96-d8141295b0c3[0m [36mreq[0m=[35mca74ecb4[0m
[2m14:18:23[0m [[32m[1minfo     [0m] [1mrequest_finished                        [0m [36mduration[0m=[35m0.005[0m [36mmethod[0m=[35mGET[0m [36mpath[0m=[35m/api/v1/challenges/8f12338c-010d-43c5-ad96-d8141295b0c3[0m [36mreq[0m=[35mca74ecb4[0m [36mrequest_id[0m=[35mca74ecb4-5827-42be-9d1c-e73c2d194812[0m [36mstatus[0m=[35m200[0m
[2m14:18:28[0m [[32m[1minfo     [0m] [1mGetting challenge status: id=8f12338c-010d-43c5-ad96-d8141295b0c3[0m [36mreq[0m=[35m3efd77e5[0m
[2m14:18:28[0m [[32m[1minfo     [0m] [1mrequest_finished                        [0m [36mduration[0m=[35m0.008[0m [36mmethod[0m=[35mGET[0m [36mpath[0m=[35m/api/v1/challenges/8f12338c-010d-43c5-ad96-d8141295b0c3[0m [36mreq[0m=[35m3efd77e5[0m [36mrequest_id[0m=[35m3efd77e5-e17e-4494-b09a-72ae037fd070[0m [36mstatus[0m=[35m200[0m
[2m14:18:33[0m [[32m[1minfo     [0m] [1mGetting challenge status: id=8f12338c-010d-43c5-ad96-d8141295b0c3[0m [36mreq[0m=[35m135fcf05[0m
[2m14:18:33[0m [[32m[1minfo     [0m] [1mrequest_finished                        [0m [36mduration[0m=[35m0.005[0m [36mmethod[0m=[35mGET[0m [36mpath[0m=[35m/api/v1/challenges/8f12338c-010d-43c5-ad96-d8141295b0c3[0m [36mreq[0m=[35m135fcf05[0m [36mrequest_id[0m=[35m135fcf05-3b46-4370-8f20-816684ea0a99[0m [36mstatus[0m=[35m200[0m
[2m14:18:38[0m [[32m[1minfo     [0m] [1mGetting challenge status: id=8f12338c-010d-43c5-ad96-d8141295b0c3[0m [36mreq[0m=[35md39e154b[0m
[2m14:18:38[0m [[32m[1minfo     [0m] [1mrequest_finished                        [0m [36mduration[0m=[35m0.007[0m [36mmethod[0m=[35mGET[0m [36mpath[0m=[35m/api/v1/challenges/8f12338c-010d-43c5-ad96-d8141295b0c3[0m [36mreq[0m=[35md39e154b[0m [36mrequest_id[0m=[35md39e154b-d9a8-460e-8ec8-bd784f186eee[0m [36mstatus[0m=[35m200[0m
[2m14:18:43[0m [[32m[1minfo     [0m] [1mGetting challenge status: id=8f12338c-010d-43c5-ad96-d8141295b0c3[0m [36mreq[0m=[35m451c1c2b[0m
[2m14:18:43[0m [[32m[1minfo     [0m] [1mrequest_finished                        [0m [36mduration[0m=[35m0.013[0m [36mmethod[0m=[35mGET[0m [36mpath[0m=[35m/api/v1/challenges/8f12338c-010d-43c5-ad96-d8141295b0c3[0m [36mreq[0m=[35m451c1c2b[0m [36mrequest_id[0m=[35m451c1c2b-6e65-41b5-a584-6dff0062f304[0m [36mstatus[0m=[35m200[0m
[2m14:18:48[0m [[32m[1minfo     [0m] [1mGetting challenge status: id=8f12338c-010d-43c5-ad96-d8141295b0c3[0m [36mreq[0m=[35m2aab4148[0m
[2m14:18:48[0m [[32m[1minfo     [0m] [1mrequest_finished                        [0m [36mduration[0m=[35m0.01[0m [36mmethod[0m=[35mGET[0m [36mpath[0m=[35m/api/v1/challenges/8f12338c-010d-43c5-ad96-d8141295b0c3[0m [36mreq[0m=[35m2aab4148[0m [36mrequest_id[0m=[35m2aab4148-6531-41fc-a116-a0feaf78c970[0m [36mstatus[0m=[35m200[0m
[2m14:18:53[0m [[32m[1minfo     [0m] [1mGetting challenge status: id=8f12338c-010d-43c5-ad96-d8141295b0c3[0m [36mreq[0m=[35me63afa22[0m
[2m14:18:53[0m [[32m[1minfo     [0m] [1mrequest_finished                        [0m [36mduration[0m=[35m0.005[0m [36mmethod[0m=[35mGET[0m [36mpath[0m=[35m/api/v1/challenges/8f12338c-010d-43c5-ad96-d8141295b0c3[0m [36mreq[0m=[35me63afa22[0m [36mrequest_id[0m=[35me63afa22-74ab-4206-aee2-b34e8ba54e21[0m [36mstatus[0m=[35m200[0m
[2m14:18:58[0m [[32m[1minfo     [0m] [1mGetting challenge status: id=8f12338c-010d-43c5-ad96-d8141295b0c3[0m [36mreq[0m=[35m9a252543[0m
[2m14:18:58[0m [[32m[1minfo     [0m] [1mrequest_finished                        [0m [36mduration[0m=[35m0.005[0m [36mmethod[0m=[35mGET[0m [36mpath[0m=[35m/api/v1/challenges/8f12338c-010d-43c5-ad96-d8141295b0c3[0m [36mreq[0m=[35m9a252543[0m [36mrequest_id[0m=[35m9a252543-33b5-4744-8491-6d027eea6a71[0m [36mstatus[0m=[35m200[0m
[2m14:19:03[0m [[32m[1minfo     [0m] [1mGetting challenge status: id=8f12338c-010d-43c5-ad96-d8141295b0c3[0m [36mreq[0m=[35mb31340b1[0m
[2m14:19:03[0m [[32m[1minfo     [0m] [1mrequest_finished                        [0m [36mduration[0m=[35m0.005[0m [36mmethod[0m=[35mGET[0m [36mpath[0m=[35m/api/v1/challenges/8f12338c-010d-43c5-ad96-d8141295b0c3[0m [36mreq[0m=[35mb31340b1[0m [36mrequest_id[0m=[35mb31340b1-f62a-4eb4-8065-cfd50f930de4[0m [36mstatus[0m=[35m200[0m
[2m14:19:08[0m [[32m[1minfo     [0m] [1mGetting challenge status: id=8f12338c-010d-43c5-ad96-d8141295b0c3[0m [36mreq[0m=[35mf5492e12[0m
[2m14:19:08[0m [[32m[1minfo     [0m] [1mrequest_finished                        [0m [36mduration[0m=[35m0.007[0m [36mmethod[0m=[35mGET[0m [36mpath[0m=[35m/api/v1/challenges/8f12338c-010d-43c5-ad96-d8141295b0c3[0m [36mreq[0m=[35mf5492e12[0m [36mrequest_id[0m=[35mf5492e12-1c98-432d-a045-b54b3d43d8f2[0m [36mstatus[0m=[35m200[0m
[2m14:19:13[0m [[32m[1minfo     [0m] [1mGetting challenge status: id=8f12338c-010d-43c5-ad96-d8141295b0c3[0m [36mreq[0m=[35mdf9e3693[0m
[2m14:19:13[0m [[32m[1minfo     [0m] [1mrequest_finished                        [0m [36mduration[0m=[35m0.007[0m [36mmethod[0m=[35mGET[0m [36mpath[0m=[35m/api/v1/challenges/8f12338c-010d-43c5-ad96-d8141295b0c3[0m [36mreq[0m=[35mdf9e3693[0m [36mrequest_id[0m=[35mdf9e3693-e1d0-48a0-961e-a56d477ad1e5[0m [36mstatus[0m=[35m200[0m
[2m14:19:18[0m [[32m[1minfo     [0m] [1mGetting challenge status: id=8f12338c-010d-43c5-ad96-d8141295b0c3[0m [36mreq[0m=[35m8bba1535[0m
[2m14:19:18[0m [[32m[1minfo     [0m] [1mrequest_finished                        [0m [36mduration[0m=[35m0.016[0m [36mmethod[0m=[35mGET[0m [36mpath[0m=[35m/api/v1/challenges/8f12338c-010d-43c5-ad96-d8141295b0c3[0m [36mreq[0m=[35m8bba1535[0m [36mrequest_id[0m=[35m8bba1535-0a62-449f-af36-6f2055177850[0m [36mstatus[0m=[35m200[0m
[2m14:19:23[0m [[32m[1minfo     [0m] [1mGetting challenge status: id=8f12338c-010d-43c5-ad96-d8141295b0c3[0m [36mreq[0m=[35m7d196f9e[0m
[2m14:19:23[0m [[32m[1minfo     [0m] [1mrequest_finished                        [0m [36mduration[0m=[35m0.007[0m [36mmethod[0m=[35mGET[0m [36mpath[0m=[35m/api/v1/challenges/8f12338c-010d-43c5-ad96-d8141295b0c3[0m [36mreq[0m=[35m7d196f9e[0m [36mrequest_id[0m=[35m7d196f9e-d798-4b02-90b2-19e66318bb06[0m [36mstatus[0m=[35m200[0m
[2m14:19:28[0m [[32m[1minfo     [0m] [1mGetting challenge status: id=8f12338c-010d-43c5-ad96-d8141295b0c3[0m [36mreq[0m=[35me36dba48[0m
[2m14:19:28[0m [[32m[1minfo     [0m] [1mrequest_finished                        [0m [36mduration[0m=[35m0.005[0m [36mmethod[0m=[35mGET[0m [36mpath[0m=[35m/api/v1/challenges/8f12338c-010d-43c5-ad96-d8141295b0c3[0m [36mreq[0m=[35me36dba48[0m [36mrequest_id[0m=[35me36dba48-9b29-4e70-bfd9-22ae7e913b69[0m [36mstatus[0m=[35m200[0m
[2m14:19:33[0m [[32m[1minfo     [0m] [1mGetting challenge status: id=8f12338c-010d-43c5-ad96-d8141295b0c3[0m [36mreq[0m=[35m36a15a42[0m
[2m14:19:33[0m [[32m[1minfo     [0m] [1mrequest_finished                        [0m [36mduration[0m=[35m0.005[0m [36mmethod[0m=[35mGET[0m [36mpath[0m=[35m/api/v1/challenges/8f12338c-010d-43c5-ad96-d8141295b0c3[0m [36mreq[0m=[35m36a15a42[0m [36mrequest_id[0m=[35m36a15a42-ff18-4a04-a115-a7dc0645adc7[0m [36mstatus[0m=[35m200[0m
[2m14:19:38[0m [[32m[1minfo     [0m] [1mGetting challenge status: id=8f12338c-010d-43c5-ad96-d8141295b0c3[0m [36mreq[0m=[35m19a7e432[0m
[2m14:19:38[0m [[32m[1minfo     [0m] [1mrequest_finished                        [0m [36mduration[0m=[35m0.009[0m [36mmethod[0m=[35mGET[0m [36mpath[0m=[35m/api/v1/challenges/8f12338c-010d-43c5-ad96-d8141295b0c3[0m [36mreq[0m=[35m19a7e432[0m [36mrequest_id[0m=[35m19a7e432-f769-405c-bd81-52d6c2ada3f0[0m [36mstatus[0m=[35m200[0m
[2m14:19:43[0m [[32m[1minfo     [0m] [1mGetting challenge status: id=8f12338c-010d-43c5-ad96-d8141295b0c3[0m [36mreq[0m=[35me53176f0[0m
[2m14:19:43[0m [[32m[1minfo     [0m] [1mrequest_finished                        [0m [36mduration[0m=[35m0.008[0m [36mmethod[0m=[35mGET[0m [36mpath[0m=[35m/api/v1/challenges/8f12338c-010d-43c5-ad96-d8141295b0c3[0m [36mreq[0m=[35me53176f0[0m [36mrequest_id[0m=[35me53176f0-d1aa-41fa-aa5d-e42860135a36[0m [36mstatus[0m=[35m200[0m
[2m14:19:48[0m [[32m[1minfo     [0m] [1mGetting challenge status: id=8f12338c-010d-43c5-ad96-d8141295b0c3[0m [36mreq[0m=[35mf9094abf[0m
[2m14:19:48[0m [[32m[1minfo     [0m] [1mrequest_finished                        [0m [36mduration[0m=[35m0.008[0m [36mmethod[0m=[35mGET[0m [36mpath[0m=[35m/api/v1/challenges/8f12338c-010d-43c5-ad96-d8141295b0c3[0m [36mreq[0m=[35mf9094abf[0m [36mrequest_id[0m=[35mf9094abf-88a4-4cb3-9ea5-68e186e5fe58[0m [36mstatus[0m=[35m200[0m
[2m14:19:53[0m [[32m[1minfo     [0m] [1mGetting challenge status: id=8f12338c-010d-43c5-ad96-d8141295b0c3[0m [36mreq[0m=[35ma1498880[0m
[2m14:19:53[0m [[32m[1minfo     [0m] [1mrequest_finished                        [0m [36mduration[0m=[35m0.006[0m [36mmethod[0m=[35mGET[0m [36mpath[0m=[35m/api/v1/challenges/8f12338c-010d-43c5-ad96-d8141295b0c3[0m [36mreq[0m=[35ma1498880[0m [36mrequest_id[0m=[35ma1498880-8df8-4d24-896b-27da2e1b70ba[0m [36mstatus[0m=[35m200[0m
[2m14:19:58[0m [[32m[1minfo     [0m] [1mGetting challenge status: id=8f12338c-010d-43c5-ad96-d8141295b0c3[0m [36mreq[0m=[35m8d475384[0m
[2m14:19:58[0m [[32m[1minfo     [0m] [1mrequest_finished                        [0m [36mduration[0m=[35m0.006[0m [36mmethod[0m=[35mGET[0m [36mpath[0m=[35m/api/v1/challenges/8f12338c-010d-43c5-ad96-d8141295b0c3[0m [36mreq[0m=[35m8d475384[0m [36mrequest_id[0m=[35m8d475384-89f9-4011-95d3-fd46d4e970e2[0m [36mstatus[0m=[35m200[0m
[2m14:20:03[0m [[32m[1minfo     [0m] [1mGetting challenge status: id=8f12338c-010d-43c5-ad96-d8141295b0c3[0m [36mreq[0m=[35ma8178b7f[0m
[2m14:20:03[0m [[32m[1minfo     [0m] [1mrequest_finished                        [0m [36mduration[0m=[35m0.006[0m [36mmethod[0m=[35mGET[0m [36mpath[0m=[35m/api/v1/challenges/8f12338c-010d-43c5-ad96-d8141295b0c3[0m [36mreq[0m=[35ma8178b7f[0m [36mrequest_id[0m=[35ma8178b7f-1c36-455b-b796-516ee4cf65e7[0m [36mstatus[0m=[35m200[0m
[2m14:20:07[0m [[32m[1minfo     [0m] [1mSandbox execution complete: success=True, time=269719ms, cached=False[0m [36mreq[0m=[35mec6517de[0m
[2m14:20:08[0m [[32m[1minfo     [0m] [1mGetting challenge status: id=8f12338c-010d-43c5-ad96-d8141295b0c3[0m [36mreq[0m=[35mcbaf790c[0m
[2m14:20:08[0m [[32m[1minfo     [0m] [1mrequest_finished                        [0m [36mduration[0m=[35m0.012[0m [36mmethod[0m=[35mGET[0m [36mpath[0m=[35m/api/v1/challenges/8f12338c-010d-43c5-ad96-d8141295b0c3[0m [36mreq[0m=[35mcbaf790c[0m [36mrequest_id[0m=[35mcbaf790c-5433-4d68-9c14-821c965217c7[0m [36mstatus[0m=[35m200[0m
[2m14:20:13[0m [[32m[1minfo     [0m] [1mTranskription erfolgreich: 1186 Zeichen [0m [36mreq[0m=[35mec6517de[0m
[2m14:20:13[0m [[32m[1minfo     [0m] [1mLoading topology from database...       [0m [36mreq[0m=[35mec6517de[0m
[2m14:20:13[0m [[32m[1minfo     [0m] [1mMapped 13 skill entries to 13 capabilities[0m [36mreq[0m=[35mec6517de[0m
[2m14:20:13[0m [[32m[1minfo     [0m] [1mTopology validated: 11 agents in 5 waves[0m [36mreq[0m=[35mec6517de[0m
[2m14:20:13[0m [[32m[1minfo     [0m] [1mLoaded 13 skills for topology           [0m [36mreq[0m=[35mec6517de[0m
[2m14:20:13[0m [[32m[1minfo     [0m] [1mTopology loaded: 11 agents, 5 waves     [0m [36mreq[0m=[35mec6517de[0m
[2m14:20:13[0m [[32m[1minfo     [0m] [1mShared memory initialized with Qdrant   [0m [36mreq[0m=[35mec6517de[0m
[2m14:20:13[0m [[32m[1minfo     [0m] [1mHybridOrchestrator initialized          [0m [36mreq[0m=[35mec6517de[0m
[2m14:20:13[0m [[32m[1minfo     [0m] [1mStarting execution: b4c122a8-f785-4153-9672-45c74e5cc753[0m [36mreq[0m=[35mec6517de[0m
[2m14:20:13[0m [[32m[1minfo     [0m] [1mGetting challenge status: id=8f12338c-010d-43c5-ad96-d8141295b0c3[0m [36mreq[0m=[35m854d1644[0m
[2m14:20:13[0m [[32m[1minfo     [0m] [1mrequest_finished                        [0m [36mduration[0m=[35m0.004[0m [36mmethod[0m=[35mGET[0m [36mpath[0m=[35m/api/v1/challenges/8f12338c-010d-43c5-ad96-d8141295b0c3[0m [36mreq[0m=[35m854d1644[0m [36mrequest_id[0m=[35m854d1644-832b-4d64-8194-33a8288b9101[0m [36mstatus[0m=[35m200[0m
[2m14:20:13[0m [[32m[1minfo     [0m] [1mLoading topology from database...       [0m [36mreq[0m=[35mec6517de[0m
[2m14:20:13[0m [[32m[1minfo     [0m] [1mMapped 13 skill entries to 13 capabilities[0m [36mreq[0m=[35mec6517de[0m
[2m14:20:13[0m [[32m[1minfo     [0m] [1mTopology validated: 11 agents in 5 waves[0m [36mreq[0m=[35mec6517de[0m
[2m14:20:13[0m [[32m[1minfo     [0m] [1mLoaded 13 skills for topology           [0m [36mreq[0m=[35mec6517de[0m
[2m14:20:13[0m [[32m[1minfo     [0m] [1mTopology loaded: 11 agents, 5 waves     [0m [36mreq[0m=[35mec6517de[0m
[2m14:20:13[0m [[32m[1minfo     [0m] [1mDocker client connected successfully    [0m [36mreq[0m=[35mec6517de[0m
[2m14:20:13[0m [[32m[1minfo     [0m] [1mCreated DynamicSandbox executor (Docker-based, unrestricted)[0m [36mreq[0m=[35mec6517de[0m
[2m14:20:13[0m [[33m[1mwarning  [0m] [1mCould not create intervention orchestrator for self-healing: create_intervention_orchestrator() got an unexpected keyword argument 'db'[0m [36mreq[0m=[35mec6517de[0m
[2m14:20:13[0m [[32m[1minfo     [0m] [1mExecuting wave 1/5: ['05bebe15-b46f-4b91-96e3-a50f6cf9e68d', '90c17f3b-7f91-4174-b3ac-b59a51feb378', '65ad3c5c-f66c-49a0-a7cd-4b9ebc6142b9', '073d766c-ed4f-4519-8e36-8c9631e97c67'][0m [36mreq[0m=[35mec6517de[0m
[2m14:20:13[0m [[32m[1minfo     [0m] [1mExecuting agent: transcript_analyzer (05bebe15-b46f-4b91-96e3-a50f6cf9e68d)[0m [36mreq[0m=[35mec6517de[0m
[2m14:20:13[0m [[32m[1minfo     [0m] [1mExecuting agent: product_owner (90c17f3b-7f91-4174-b3ac-b59a51feb378)[0m [36mreq[0m=[35mec6517de[0m
[2m14:20:13[0m [[33m[1mwarning  [0m] [1mAgent product_owner expected artifacts ['analysis_findings'] but none found in pool[0m [36mreq[0m=[35mec6517de[0m
[2m14:20:13[0m [[32m[1minfo     [0m] [1mExecuting agent: quality_judge (65ad3c5c-f66c-49a0-a7cd-4b9ebc6142b9)[0m [36mreq[0m=[35mec6517de[0m
[2m14:20:13[0m [[33m[1mwarning  [0m] [1mAgent quality_judge expected artifacts ['ab_test_samples'] but none found in pool[0m [36mreq[0m=[35mec6517de[0m
[2m14:20:13[0m [[32m[1minfo     [0m] [1mExecuting agent: execution_analyzer (073d766c-ed4f-4519-8e36-8c9631e97c67)[0m [36mreq[0m=[35mec6517de[0m
[2m14:20:13[0m [[33m[1mwarning  [0m] [1mAgent execution_analyzer expected artifacts ['execution_telemetry'] but none found in pool[0m [36mreq[0m=[35mec6517de[0m
[2m14:20:14[0m [[32m[1minfo     [0m] [1mshared_memory_metrics agent=transcript_analyzer facts_kept=5 facts_total=8 hypotheses=0 relations=0 approx_tokens=2389 query_chars=3075[0m [36mreq[0m=[35mec6517de[0m
[2m14:20:15[0m [[32m[1minfo     [0m] [1mAgent execution_analyzer returned final answer after 0 tool calls[0m [36mreq[0m=[35mec6517de[0m
[2m14:20:15[0m [[32m[1minfo     [0m] [1mAgent product_owner returned final answer after 0 tool calls[0m [36mreq[0m=[35mec6517de[0m
[2m14:20:15[0m [[32m[1minfo     [0m] [1mAgent quality_judge returned final answer after 0 tool calls[0m [36mreq[0m=[35mec6517de[0m
[2m14:20:15[0m [[32m[1minfo     [0m] [1mAgent execution_analyzer completed      [0m [36mreq[0m=[35mec6517de[0m
[2m14:20:15[0m [[32m[1minfo     [0m] [1mAgent quality_judge completed           [0m [36mreq[0m=[35mec6517de[0m
[2m14:20:15[0m [[32m[1minfo     [0m] [1mAgent product_owner completed           [0m [36mreq[0m=[35mec6517de[0m
[2m14:20:18[0m [[32m[1minfo     [0m] [1mGetting challenge status: id=8f12338c-010d-43c5-ad96-d8141295b0c3[0m [36mreq[0m=[35m09549f69[0m
[2m14:20:18[0m [[32m[1minfo     [0m] [1mrequest_finished                        [0m [36mduration[0m=[35m0.012[0m [36mmethod[0m=[35mGET[0m [36mpath[0m=[35m/api/v1/challenges/8f12338c-010d-43c5-ad96-d8141295b0c3[0m [36mreq[0m=[35m09549f69[0m [36mrequest_id[0m=[35m09549f69-cb83-4b27-9232-da98c14d91f3[0m [36mstatus[0m=[35m200[0m
[2m14:20:19[0m [[32m[1minfo     [0m] [1mAgent transcript_analyzer returned final answer after 0 tool calls[0m [36mreq[0m=[35mec6517de[0m
[2m14:20:19[0m [[32m[1minfo     [0m] [1mAgent transcript_analyzer completed     [0m [36mreq[0m=[35mec6517de[0m
[2m14:20:19[0m [[32m[1minfo     [0m] [1mWave 1 agent 'transcript_analyzer' completed: success=True, skipped=False, result_len=1002[0m [36mreq[0m=[35mec6517de[0m
[2m14:20:19[0m [[32m[1minfo     [0m] [1mWave 1 agent 'product_owner' completed: success=True, skipped=False, result_len=940[0m [36mreq[0m=[35mec6517de[0m
[2m14:20:19[0m [[32m[1minfo     [0m] [1mWave 1 agent 'quality_judge' completed: success=True, skipped=False, result_len=211[0m [36mreq[0m=[35mec6517de[0m
[2m14:20:19[0m [[32m[1minfo     [0m] [1mWave 1 agent 'execution_analyzer' completed: success=True, skipped=False, result_len=228[0m [36mreq[0m=[35mec6517de[0m
[2m14:20:19[0m [[32m[1minfo     [0m] [1mExecuting wave 2/5: ['49898ec1-10da-4a11-8457-1358d844c805', '07f8b963-9d7c-4232-ba20-52aa8d850e1d'][0m [36mreq[0m=[35mec6517de[0m
[2m14:20:19[0m [[32m[1minfo     [0m] [1mExecuting agent: context_retriever (49898ec1-10da-4a11-8457-1358d844c805)[0m [36mreq[0m=[35mec6517de[0m
[2m14:20:19[0m [[32m[1minfo     [0m] [1mExecuting agent: control_agent (07f8b963-9d7c-4232-ba20-52aa8d850e1d)[0m [36mreq[0m=[35mec6517de[0m
[2m14:20:20[0m [[32m[1minfo     [0m] [1mAgent control_agent returned final answer after 0 tool calls[0m [36mreq[0m=[35mec6517de[0m
[2m14:20:20[0m [[32m[1minfo     [0m] [1mAgent control_agent completed           [0m [36mreq[0m=[35mec6517de[0m
[2m14:20:21[0m [[32m[1minfo     [0m] [1mAgent context_retriever returned final answer after 0 tool calls[0m [36mreq[0m=[35mec6517de[0m
[2m14:20:21[0m [[32m[1minfo     [0m] [1mAgent context_retriever completed       [0m [36mreq[0m=[35mec6517de[0m
[2m14:20:21[0m [[32m[1minfo     [0m] [1mWave 2 agent 'context_retriever' completed: success=True, skipped=False, result_len=1001[0m [36mreq[0m=[35mec6517de[0m
[2m14:20:21[0m [[32m[1minfo     [0m] [1mWave 2 agent 'control_agent' completed: success=True, skipped=False, result_len=164[0m [36mreq[0m=[35mec6517de[0m
[2m14:20:21[0m [[32m[1minfo     [0m] [1mExecuting wave 3/5: ['f54aabd1-ca21-4768-b12e-ccf5ca95d0da', 'a676e764-25ce-41cf-95d1-b838c8e6804d', 'd01ede79-d82b-465b-ae42-d1a7a2ec4188'][0m [36mreq[0m=[35mec6517de[0m
[2m14:20:21[0m [[32m[1minfo     [0m] [1mExecuting agent: report_generator (f54aabd1-ca21-4768-b12e-ccf5ca95d0da)[0m [36mreq[0m=[35mec6517de[0m
[2m14:20:21[0m [[32m[1minfo     [0m] [1mExecuting agent: prompt_engineer (a676e764-25ce-41cf-95d1-b838c8e6804d)[0m [36mreq[0m=[35mec6517de[0m
[2m14:20:21[0m [[32m[1minfo     [0m] [1mExecuting agent: tool_builder (d01ede79-d82b-465b-ae42-d1a7a2ec4188)[0m [36mreq[0m=[35mec6517de[0m
[2m14:20:23[0m [[32m[1minfo     [0m] [1mGetting challenge status: id=8f12338c-010d-43c5-ad96-d8141295b0c3[0m [36mreq[0m=[35m5bdeb1b2[0m
[2m14:20:23[0m [[32m[1minfo     [0m] [1mrequest_finished                        [0m [36mduration[0m=[35m0.006[0m [36mmethod[0m=[35mGET[0m [36mpath[0m=[35m/api/v1/challenges/8f12338c-010d-43c5-ad96-d8141295b0c3[0m [36mreq[0m=[35m5bdeb1b2[0m [36mrequest_id[0m=[35m5bdeb1b2-f650-4c4b-a684-911862552791[0m [36mstatus[0m=[35m200[0m
[2m14:20:24[0m [[32m[1minfo     [0m] [1mAgent prompt_engineer returned final answer after 0 tool calls[0m [36mreq[0m=[35mec6517de[0m
[2m14:20:24[0m [[32m[1minfo     [0m] [1mAgent report_generator returned final answer after 0 tool calls[0m [36mreq[0m=[35mec6517de[0m
[2m14:20:25[0m [[32m[1minfo     [0m] [1mAgent prompt_engineer completed         [0m [36mreq[0m=[35mec6517de[0m
[2m14:20:25[0m [[32m[1minfo     [0m] [1mAgent report_generator completed        [0m [36mreq[0m=[35mec6517de[0m
[2m14:20:25[0m [[32m[1minfo     [0m] [1mAgent tool_builder returned final answer after 0 tool calls[0m [36mreq[0m=[35mec6517de[0m
[2m14:20:26[0m [[32m[1minfo     [0m] [1mAgent tool_builder completed            [0m [36mreq[0m=[35mec6517de[0m
[2m14:20:26[0m [[32m[1minfo     [0m] [1mWave 3 agent 'report_generator' completed: success=True, skipped=False, result_len=1840[0m [36mreq[0m=[35mec6517de[0m
[2m14:20:26[0m [[32m[1minfo     [0m] [1mWave 3 agent 'prompt_engineer' completed: success=True, skipped=False, result_len=1842[0m [36mreq[0m=[35mec6517de[0m
[2m14:20:26[0m [[32m[1minfo     [0m] [1mWave 3 agent 'tool_builder' completed: success=True, skipped=False, result_len=3507[0m [36mreq[0m=[35mec6517de[0m
[2m14:20:26[0m [[32m[1minfo     [0m] [1mExecuting wave 4/5: ['85860279-90e3-4984-b25d-af840d3dca9b'][0m [36mreq[0m=[35mec6517de[0m
[2m14:20:26[0m [[32m[1minfo     [0m] [1mExecuting agent: quality_validator (85860279-90e3-4984-b25d-af840d3dca9b)[0m [36mreq[0m=[35mec6517de[0m
[2m14:20:27[0m [[32m[1minfo     [0m] [1mAgent quality_validator returned final answer after 0 tool calls[0m [36mreq[0m=[35mec6517de[0m
[2m14:20:27[0m [[32m[1minfo     [0m] [1mAgent quality_validator completed       [0m [36mreq[0m=[35mec6517de[0m
[2m14:20:27[0m [[32m[1minfo     [0m] [1mWave 4 agent 'quality_validator' completed: success=True, skipped=False, result_len=199[0m [36mreq[0m=[35mec6517de[0m
[2m14:20:27[0m [[32m[1minfo     [0m] [1mExecuting wave 5/5: ['bbd241f8-1df0-49f4-950a-dc61efa2c950'][0m [36mreq[0m=[35mec6517de[0m
[2m14:20:27[0m [[32m[1minfo     [0m] [1mExecuting agent: report_finalizer (bbd241f8-1df0-49f4-950a-dc61efa2c950)[0m [36mreq[0m=[35mec6517de[0m
[2m14:20:28[0m [[32m[1minfo     [0m] [1mGetting challenge status: id=8f12338c-010d-43c5-ad96-d8141295b0c3[0m [36mreq[0m=[35m58f47280[0m
[2m14:20:28[0m [[32m[1minfo     [0m] [1mrequest_finished                        [0m [36mduration[0m=[35m0.009[0m [36mmethod[0m=[35mGET[0m [36mpath[0m=[35m/api/v1/challenges/8f12338c-010d-43c5-ad96-d8141295b0c3[0m [36mreq[0m=[35m58f47280[0m [36mrequest_id[0m=[35m58f47280-ad24-4afb-93da-249e54bbc06a[0m [36mstatus[0m=[35m200[0m
[2m14:20:32[0m [[32m[1minfo     [0m] [1mAgent report_finalizer returned final answer after 0 tool calls[0m [36mreq[0m=[35mec6517de[0m
[2m14:20:33[0m [[32m[1minfo     [0m] [1mAgent report_finalizer completed        [0m [36mreq[0m=[35mec6517de[0m
[2m14:20:33[0m [[32m[1minfo     [0m] [1mWave 5 agent 'report_finalizer' completed: success=True, skipped=False, result_len=1649[0m [36mreq[0m=[35mec6517de[0m
[2m14:20:33[0m [[32m[1minfo     [0m] [1mArtifact pool cleared: 11 artifacts discarded[0m [36mreq[0m=[35mec6517de[0m
[2m14:20:33[0m [[32m[1minfo     [0m] [1mPersisted 1 facts to shared memory for execution b4c122a8-f785-4153-9672-45c74e5cc753[0m [36mreq[0m=[35mec6517de[0m
[2m14:20:33[0m [[32m[1minfo     [0m] [1mStarting telemetry for agent=05bebe15..., execution=b4c122a8...[0m [36mreq[0m=[35mec6517de[0m
[2m14:20:33[0m [[33m[1mwarning  [0m] [1mTelemetrie-Bridge fehlgeschlagen: 1 validation error for ExecutionTelemetryCreate
outcome
  Input should be 'success', 'error', 'timeout' or 'cancelled' [type=literal_error, input_value='running', input_type=str]
    For further information visit https://errors.pydantic.dev/2.11/v/literal_error[0m [36mreq[0m=[35mec6517de[0m
[2m14:20:33[0m [[32m[1minfo     [0m] [1mConfigured epicbox profile: image=lumari-sandbox:latest, limits={'cputime': 5, 'realtime': 10, 'memory': 128, 'processes': 1}[0m [36mreq[0m=[35mec6517de[0m
[2m14:20:33[0m [[32m[1minfo     [0m] [1mStarting analysis pipeline for execution_id=b4c122a8...[0m [36mreq[0m=[35mec6517de[0m
[2m14:20:33[0m [[32m[1minfo     [0m] [1mExecution completed: challenge_id=8f12338c-010d-43c5-ad96-d8141295b0c3, success=True[0m [36mreq[0m=[35mec6517de[0m
[2m14:20:33[0m [[33m[1mwarning  [0m] [1mNo telemetry found for execution b4c122a8-f785-4153-9672-45c74e5cc753[0m [36mreq[0m=[35mec6517de[0m
[2m14:20:33[0m [[32m[1minfo     [0m] [1mGetting challenge status: id=8f12338c-010d-43c5-ad96-d8141295b0c3[0m [36mreq[0m=[35m1294bac9[0m
[2m14:20:33[0m [[32m[1minfo     [0m] [1mrequest_finished                        [0m [36mduration[0m=[35m0.02[0m [36mmethod[0m=[35mGET[0m [36mpath[0m=[35m/api/v1/challenges/8f12338c-010d-43c5-ad96-d8141295b0c3[0m [36mreq[0m=[35m1294bac9[0m [36mrequest_id[0m=[35m1294bac9-27eb-4e73-a9eb-b03431c69b7b[0m [36mstatus[0m=[35m200[0m
[2m14:20:33[0m [[32m[1minfo     [0m] [1mGetting challenge results: id=8f12338c-010d-43c5-ad96-d8141295b0c3[0m [36mreq[0m=[35mc3fe5da3[0m
[2m14:20:33[0m [[32m[1minfo     [0m] [1mrequest_finished                        [0m [36mduration[0m=[35m0.005[0m [36mmethod[0m=[35mGET[0m [36mpath[0m=[35m/api/v1/challenges/8f12338c-010d-43c5-ad96-d8141295b0c3/results[0m [36mreq[0m=[35mc3fe5da3[0m [36mrequest_id[0m=[35mc3fe5da3-42f3-4359-8ec3-f3b164a49560[0m [36mstatus[0m=[35m200[0m
[2m14:20:35[0m [[32m[1minfo     [0m] [1mFile upload: begehung_maengel_20251022.opus, size=306911, type=audio/opus[0m [36mreq[0m=[35me9fbbba9[0m
[2m14:20:35[0m [[32m[1minfo     [0m] [1mSaved binary file to: /Users/patrick/Documents/Uni/master_project/backend/app/api/v1/endpoints/../../../uploads/dcbc3c28-fa6a-4c93-bf7a-44d13e7ab20f.opus[0m [36mreq[0m=[35me9fbbba9[0m
[2m14:20:35[0m [[32m[1minfo     [0m] [1mAudio transcription skill available: skill_audio_transcription — will transcribe in background[0m [36mreq[0m=[35me9fbbba9[0m
[2m14:20:35[0m [[32m[1minfo     [0m] [1mFile upload: begehung_maengel_20251022.opus -> challenge_id=43c18929-bef4-47ef-8c37-99ede60e5024, gaps=0, route=execute[0m [36mreq[0m=[35me9fbbba9[0m
[2m14:20:35[0m [[32m[1minfo     [0m] [1mrequest_finished                        [0m [36mduration[0m=[35m0.027[0m [36mmethod[0m=[35mPOST[0m [36mpath[0m=[35m/api/v1/challenges/upload[0m [36mreq[0m=[35me9fbbba9[0m [36mrequest_id[0m=[35me9fbbba9-dcf2-458b-91c8-5b0b855f507f[0m [36mstatus[0m=[35m200[0m
[2m14:20:35[0m [[32m[1minfo     [0m] [1mExecuting challenge: id=43c18929-bef4-47ef-8c37-99ede60e5024[0m [36mreq[0m=[35m2cfc6740[0m
[2m14:20:35[0m [[32m[1minfo     [0m] [1mrequest_finished                        [0m [36mduration[0m=[35m0.005[0m [36mmethod[0m=[35mPOST[0m [36mpath[0m=[35m/api/v1/challenges/43c18929-bef4-47ef-8c37-99ede60e5024/execute[0m [36mreq[0m=[35m2cfc6740[0m [36mrequest_id[0m=[35m2cfc6740-5737-406a-a110-1881054aad81[0m [36mstatus[0m=[35m200[0m
[2m14:20:35[0m [[32m[1minfo     [0m] [1mStarting background execution: challenge_id=43c18929-bef4-47ef-8c37-99ede60e5024[0m [36mreq[0m=[35m2cfc6740[0m
[2m14:20:35[0m [[32m[1minfo     [0m] [1mTranskribiere Audio vor Execution: /Users/patrick/Documents/Uni/master_project/backend/app/api/v1/endpoints/../../../uploads/dcbc3c28-fa6a-4c93-bf7a-44d13e7ab20f.opus mit Skill skill_audio_transcription[0m [36mreq[0m=[35m2cfc6740[0m
[2m14:20:35[0m [[32m[1minfo     [0m] [1mStarting sandbox execution: pip=['openai-whisper'], apt=['ffmpeg'], input_files=['dcbc3c28-fa6a-4c93-bf7a-44d13e7ab20f.opus'][0m [36mreq[0m=[35m2cfc6740[0m
[2m14:20:35[0m [[32m[1minfo     [0m] [1mDocker client connected successfully    [0m [36mreq[0m=[35m2cfc6740[0m
[2m14:20:36[0m [[32m[1minfo     [0m] [1mInstalling system packages: ffmpeg      [0m [36mreq[0m=[35m2cfc6740[0m
[2m14:20:40[0m [[32m[1minfo     [0m] [1mGetting challenge status: id=43c18929-bef4-47ef-8c37-99ede60e5024[0m [36mreq[0m=[35m9ed09120[0m
[2m14:20:40[0m [[32m[1minfo     [0m] [1mrequest_finished                        [0m [36mduration[0m=[35m0.005[0m [36mmethod[0m=[35mGET[0m [36mpath[0m=[35m/api/v1/challenges/43c18929-bef4-47ef-8c37-99ede60e5024[0m [36mreq[0m=[35m9ed09120[0m [36mrequest_id[0m=[35m9ed09120-902d-436c-9cfc-3a7bd3164f57[0m [36mstatus[0m=[35m200[0m
[2m14:20:45[0m [[32m[1minfo     [0m] [1mGetting challenge status: id=43c18929-bef4-47ef-8c37-99ede60e5024[0m [36mreq[0m=[35m0f6a24f1[0m
[2m14:20:45[0m [[32m[1minfo     [0m] [1mrequest_finished                        [0m [36mduration[0m=[35m0.009[0m [36mmethod[0m=[35mGET[0m [36mpath[0m=[35m/api/v1/challenges/43c18929-bef4-47ef-8c37-99ede60e5024[0m [36mreq[0m=[35m0f6a24f1[0m [36mrequest_id[0m=[35m0f6a24f1-54b4-4752-a093-55ad89db2335[0m [36mstatus[0m=[35m200[0m
[2m14:20:50[0m [[32m[1minfo     [0m] [1mGetting challenge status: id=43c18929-bef4-47ef-8c37-99ede60e5024[0m [36mreq[0m=[35md286d10c[0m
[2m14:20:50[0m [[32m[1minfo     [0m] [1mrequest_finished                        [0m [36mduration[0m=[35m0.009[0m [36mmethod[0m=[35mGET[0m [36mpath[0m=[35m/api/v1/challenges/43c18929-bef4-47ef-8c37-99ede60e5024[0m [36mreq[0m=[35md286d10c[0m [36mrequest_id[0m=[35md286d10c-61fc-492a-8a5f-7d2df0f30a81[0m [36mstatus[0m=[35m200[0m
[2m14:20:55[0m [[32m[1minfo     [0m] [1mGetting challenge status: id=43c18929-bef4-47ef-8c37-99ede60e5024[0m [36mreq[0m=[35mb0d2d9c0[0m
[2m14:20:55[0m [[32m[1minfo     [0m] [1mrequest_finished                        [0m [36mduration[0m=[35m0.007[0m [36mmethod[0m=[35mGET[0m [36mpath[0m=[35m/api/v1/challenges/43c18929-bef4-47ef-8c37-99ede60e5024[0m [36mreq[0m=[35mb0d2d9c0[0m [36mrequest_id[0m=[35mb0d2d9c0-cdc8-4177-930e-a91453a18305[0m [36mstatus[0m=[35m200[0m
[2m14:21:00[0m [[32m[1minfo     [0m] [1mGetting challenge status: id=43c18929-bef4-47ef-8c37-99ede60e5024[0m [36mreq[0m=[35maddb504d[0m
[2m14:21:00[0m [[32m[1minfo     [0m] [1mrequest_finished                        [0m [36mduration[0m=[35m0.015[0m [36mmethod[0m=[35mGET[0m [36mpath[0m=[35m/api/v1/challenges/43c18929-bef4-47ef-8c37-99ede60e5024[0m [36mreq[0m=[35maddb504d[0m [36mrequest_id[0m=[35maddb504d-045c-4dde-9da0-de1414d42ef5[0m [36mstatus[0m=[35m200[0m
[2m14:21:05[0m [[32m[1minfo     [0m] [1mGetting challenge status: id=43c18929-bef4-47ef-8c37-99ede60e5024[0m [36mreq[0m=[35md951a145[0m
[2m14:21:05[0m [[32m[1minfo     [0m] [1mrequest_finished                        [0m [36mduration[0m=[35m0.009[0m [36mmethod[0m=[35mGET[0m [36mpath[0m=[35m/api/v1/challenges/43c18929-bef4-47ef-8c37-99ede60e5024[0m [36mreq[0m=[35md951a145[0m [36mrequest_id[0m=[35md951a145-4064-4e27-953e-4137e83543a6[0m [36mstatus[0m=[35m200[0m
[2m14:21:10[0m [[32m[1minfo     [0m] [1mGetting challenge status: id=43c18929-bef4-47ef-8c37-99ede60e5024[0m [36mreq[0m=[35m348f6742[0m
[2m14:21:10[0m [[32m[1minfo     [0m] [1mrequest_finished                        [0m [36mduration[0m=[35m0.008[0m [36mmethod[0m=[35mGET[0m [36mpath[0m=[35m/api/v1/challenges/43c18929-bef4-47ef-8c37-99ede60e5024[0m [36mreq[0m=[35m348f6742[0m [36mrequest_id[0m=[35m348f6742-eead-42e2-8ea9-5d3192d1e3c6[0m [36mstatus[0m=[35m200[0m
[2m14:21:15[0m [[32m[1minfo     [0m] [1mGetting challenge status: id=43c18929-bef4-47ef-8c37-99ede60e5024[0m [36mreq[0m=[35mbc72ccf5[0m
[2m14:21:15[0m [[32m[1minfo     [0m] [1mrequest_finished                        [0m [36mduration[0m=[35m0.008[0m [36mmethod[0m=[35mGET[0m [36mpath[0m=[35m/api/v1/challenges/43c18929-bef4-47ef-8c37-99ede60e5024[0m [36mreq[0m=[35mbc72ccf5[0m [36mrequest_id[0m=[35mbc72ccf5-8ad0-4383-a119-752317d6f7fc[0m [36mstatus[0m=[35m200[0m
[2m14:21:20[0m [[32m[1minfo     [0m] [1mGetting challenge status: id=43c18929-bef4-47ef-8c37-99ede60e5024[0m [36mreq[0m=[35m4b562e35[0m
[2m14:21:20[0m [[32m[1minfo     [0m] [1mrequest_finished                        [0m [36mduration[0m=[35m0.006[0m [36mmethod[0m=[35mGET[0m [36mpath[0m=[35m/api/v1/challenges/43c18929-bef4-47ef-8c37-99ede60e5024[0m [36mreq[0m=[35m4b562e35[0m [36mrequest_id[0m=[35m4b562e35-48b7-44ce-bdf3-40c6ff8cab69[0m [36mstatus[0m=[35m200[0m
[2m14:21:25[0m [[32m[1minfo     [0m] [1mGetting challenge status: id=43c18929-bef4-47ef-8c37-99ede60e5024[0m [36mreq[0m=[35mb4330aa2[0m
[2m14:21:25[0m [[32m[1minfo     [0m] [1mrequest_finished                        [0m [36mduration[0m=[35m0.005[0m [36mmethod[0m=[35mGET[0m [36mpath[0m=[35m/api/v1/challenges/43c18929-bef4-47ef-8c37-99ede60e5024[0m [36mreq[0m=[35mb4330aa2[0m [36mrequest_id[0m=[35mb4330aa2-29e1-48f7-9ada-5da8b4716228[0m [36mstatus[0m=[35m200[0m
[2m14:21:30[0m [[32m[1minfo     [0m] [1mGetting challenge status: id=43c18929-bef4-47ef-8c37-99ede60e5024[0m [36mreq[0m=[35m1e9fc957[0m
[2m14:21:30[0m [[32m[1minfo     [0m] [1mrequest_finished                        [0m [36mduration[0m=[35m0.004[0m [36mmethod[0m=[35mGET[0m [36mpath[0m=[35m/api/v1/challenges/43c18929-bef4-47ef-8c37-99ede60e5024[0m [36mreq[0m=[35m1e9fc957[0m [36mrequest_id[0m=[35m1e9fc957-c4c6-4007-a9ef-3748ea252ee2[0m [36mstatus[0m=[35m200[0m
[2m14:21:35[0m [[32m[1minfo     [0m] [1mGetting challenge status: id=43c18929-bef4-47ef-8c37-99ede60e5024[0m [36mreq[0m=[35md6df8b86[0m
[2m14:21:35[0m [[32m[1minfo     [0m] [1mrequest_finished                        [0m [36mduration[0m=[35m0.007[0m [36mmethod[0m=[35mGET[0m [36mpath[0m=[35m/api/v1/challenges/43c18929-bef4-47ef-8c37-99ede60e5024[0m [36mreq[0m=[35md6df8b86[0m [36mrequest_id[0m=[35md6df8b86-e1a8-4360-973e-6418db50ed8e[0m [36mstatus[0m=[35m200[0m
[2m14:21:40[0m [[32m[1minfo     [0m] [1mGetting challenge status: id=43c18929-bef4-47ef-8c37-99ede60e5024[0m [36mreq[0m=[35mf01a4951[0m
[2m14:21:40[0m [[32m[1minfo     [0m] [1mrequest_finished                        [0m [36mduration[0m=[35m0.007[0m [36mmethod[0m=[35mGET[0m [36mpath[0m=[35m/api/v1/challenges/43c18929-bef4-47ef-8c37-99ede60e5024[0m [36mreq[0m=[35mf01a4951[0m [36mrequest_id[0m=[35mf01a4951-c96e-4448-81d9-961a2fe11c4d[0m [36mstatus[0m=[35m200[0m
[2m14:21:46[0m [[32m[1minfo     [0m] [1mGetting challenge status: id=43c18929-bef4-47ef-8c37-99ede60e5024[0m [36mreq[0m=[35m13211f9c[0m
[2m14:21:46[0m [[32m[1minfo     [0m] [1mrequest_finished                        [0m [36mduration[0m=[35m0.013[0m [36mmethod[0m=[35mGET[0m [36mpath[0m=[35m/api/v1/challenges/43c18929-bef4-47ef-8c37-99ede60e5024[0m [36mreq[0m=[35m13211f9c[0m [36mrequest_id[0m=[35m13211f9c-7f27-4e26-9da3-6c30ae678254[0m [36mstatus[0m=[35m200[0m
[2m14:21:47[0m [[32m[1minfo     [0m] [1mSystem packages installed successfully: ffmpeg[0m [36mreq[0m=[35m2cfc6740[0m
[2m14:21:47[0m [[32m[1minfo     [0m] [1mInstalling pip packages: "openai-whisper"[0m [36mreq[0m=[35m2cfc6740[0m
[2m14:21:51[0m [[32m[1minfo     [0m] [1mGetting challenge status: id=43c18929-bef4-47ef-8c37-99ede60e5024[0m [36mreq[0m=[35md5435262[0m
[2m14:21:51[0m [[32m[1minfo     [0m] [1mrequest_finished                        [0m [36mduration[0m=[35m0.004[0m [36mmethod[0m=[35mGET[0m [36mpath[0m=[35m/api/v1/challenges/43c18929-bef4-47ef-8c37-99ede60e5024[0m [36mreq[0m=[35md5435262[0m [36mrequest_id[0m=[35md5435262-0663-4196-b0bc-4112a4a64ca2[0m [36mstatus[0m=[35m200[0m
[2m14:21:56[0m [[32m[1minfo     [0m] [1mGetting challenge status: id=43c18929-bef4-47ef-8c37-99ede60e5024[0m [36mreq[0m=[35m524f7fbe[0m
[2m14:21:56[0m [[32m[1minfo     [0m] [1mrequest_finished                        [0m [36mduration[0m=[35m0.011[0m [36mmethod[0m=[35mGET[0m [36mpath[0m=[35m/api/v1/challenges/43c18929-bef4-47ef-8c37-99ede60e5024[0m [36mreq[0m=[35m524f7fbe[0m [36mrequest_id[0m=[35m524f7fbe-e0bb-47e7-b985-ecaabd6e3d52[0m [36mstatus[0m=[35m200[0m
[2m14:22:01[0m [[32m[1minfo     [0m] [1mGetting challenge status: id=43c18929-bef4-47ef-8c37-99ede60e5024[0m [36mreq[0m=[35m2dee35c8[0m
[2m14:22:01[0m [[32m[1minfo     [0m] [1mrequest_finished                        [0m [36mduration[0m=[35m0.025[0m [36mmethod[0m=[35mGET[0m [36mpath[0m=[35m/api/v1/challenges/43c18929-bef4-47ef-8c37-99ede60e5024[0m [36mreq[0m=[35m2dee35c8[0m [36mrequest_id[0m=[35m2dee35c8-03e7-461a-afa7-185e19bb69cf[0m [36mstatus[0m=[35m200[0m
[2m14:22:06[0m [[32m[1minfo     [0m] [1mGetting challenge status: id=43c18929-bef4-47ef-8c37-99ede60e5024[0m [36mreq[0m=[35m76ee71e5[0m
[2m14:22:06[0m [[32m[1minfo     [0m] [1mrequest_finished                        [0m [36mduration[0m=[35m0.024[0m [36mmethod[0m=[35mGET[0m [36mpath[0m=[35m/api/v1/challenges/43c18929-bef4-47ef-8c37-99ede60e5024[0m [36mreq[0m=[35m76ee71e5[0m [36mrequest_id[0m=[35m76ee71e5-3f34-44fd-980a-ae80a49a9593[0m [36mstatus[0m=[35m200[0m
[2m14:22:11[0m [[32m[1minfo     [0m] [1mGetting challenge status: id=43c18929-bef4-47ef-8c37-99ede60e5024[0m [36mreq[0m=[35meff0296f[0m
[2m14:22:11[0m [[32m[1minfo     [0m] [1mrequest_finished                        [0m [36mduration[0m=[35m0.005[0m [36mmethod[0m=[35mGET[0m [36mpath[0m=[35m/api/v1/challenges/43c18929-bef4-47ef-8c37-99ede60e5024[0m [36mreq[0m=[35meff0296f[0m [36mrequest_id[0m=[35meff0296f-2173-452c-bb52-30a62f9b0b4e[0m [36mstatus[0m=[35m200[0m
[2m14:22:16[0m [[32m[1minfo     [0m] [1mGetting challenge status: id=43c18929-bef4-47ef-8c37-99ede60e5024[0m [36mreq[0m=[35m53757a78[0m
[2m14:22:16[0m [[32m[1minfo     [0m] [1mrequest_finished                        [0m [36mduration[0m=[35m0.009[0m [36mmethod[0m=[35mGET[0m [36mpath[0m=[35m/api/v1/challenges/43c18929-bef4-47ef-8c37-99ede60e5024[0m [36mreq[0m=[35m53757a78[0m [36mrequest_id[0m=[35m53757a78-d795-4ca8-9ae1-77120785e988[0m [36mstatus[0m=[35m200[0m
[2m14:22:21[0m [[32m[1minfo     [0m] [1mGetting challenge status: id=43c18929-bef4-47ef-8c37-99ede60e5024[0m [36mreq[0m=[35m09111e25[0m
[2m14:22:21[0m [[32m[1minfo     [0m] [1mrequest_finished                        [0m [36mduration[0m=[35m0.004[0m [36mmethod[0m=[35mGET[0m [36mpath[0m=[35m/api/v1/challenges/43c18929-bef4-47ef-8c37-99ede60e5024[0m [36mreq[0m=[35m09111e25[0m [36mrequest_id[0m=[35m09111e25-a92d-4c56-9d6a-a6a5ec4c9d06[0m [36mstatus[0m=[35m200[0m
[2m14:22:26[0m [[32m[1minfo     [0m] [1mGetting challenge status: id=43c18929-bef4-47ef-8c37-99ede60e5024[0m [36mreq[0m=[35m761a6097[0m
[2m14:22:26[0m [[32m[1minfo     [0m] [1mrequest_finished                        [0m [36mduration[0m=[35m0.01[0m [36mmethod[0m=[35mGET[0m [36mpath[0m=[35m/api/v1/challenges/43c18929-bef4-47ef-8c37-99ede60e5024[0m [36mreq[0m=[35m761a6097[0m [36mrequest_id[0m=[35m761a6097-4c4e-4ec5-8cb6-66b4e9bb1045[0m [36mstatus[0m=[35m200[0m
[2m14:22:31[0m [[32m[1minfo     [0m] [1mGetting challenge status: id=43c18929-bef4-47ef-8c37-99ede60e5024[0m [36mreq[0m=[35m20da4e75[0m
[2m14:22:31[0m [[32m[1minfo     [0m] [1mrequest_finished                        [0m [36mduration[0m=[35m0.006[0m [36mmethod[0m=[35mGET[0m [36mpath[0m=[35m/api/v1/challenges/43c18929-bef4-47ef-8c37-99ede60e5024[0m [36mreq[0m=[35m20da4e75[0m [36mrequest_id[0m=[35m20da4e75-9980-499c-a9e3-a8968f99d78f[0m [36mstatus[0m=[35m200[0m
[2m14:22:36[0m [[32m[1minfo     [0m] [1mGetting challenge status: id=43c18929-bef4-47ef-8c37-99ede60e5024[0m [36mreq[0m=[35m2e584c61[0m
[2m14:22:36[0m [[32m[1minfo     [0m] [1mrequest_finished                        [0m [36mduration[0m=[35m0.004[0m [36mmethod[0m=[35mGET[0m [36mpath[0m=[35m/api/v1/challenges/43c18929-bef4-47ef-8c37-99ede60e5024[0m [36mreq[0m=[35m2e584c61[0m [36mrequest_id[0m=[35m2e584c61-326b-4106-90ef-f1ca13eca184[0m [36mstatus[0m=[35m200[0m
[2m14:22:41[0m [[32m[1minfo     [0m] [1mPip packages installed successfully     [0m [36mreq[0m=[35m2cfc6740[0m
[2m14:22:41[0m [[32m[1minfo     [0m] [1mGetting challenge status: id=43c18929-bef4-47ef-8c37-99ede60e5024[0m [36mreq[0m=[35m487e9583[0m
[2m14:22:41[0m [[32m[1minfo     [0m] [1mrequest_finished                        [0m [36mduration[0m=[35m0.003[0m [36mmethod[0m=[35mGET[0m [36mpath[0m=[35m/api/v1/challenges/43c18929-bef4-47ef-8c37-99ede60e5024[0m [36mreq[0m=[35m487e9583[0m [36mrequest_id[0m=[35m487e9583-018d-4c31-9db4-1b46ab779fe6[0m [36mstatus[0m=[35m200[0m
[2m14:22:46[0m [[32m[1minfo     [0m] [1mGetting challenge status: id=43c18929-bef4-47ef-8c37-99ede60e5024[0m [36mreq[0m=[35m294ab364[0m
[2m14:22:46[0m [[32m[1minfo     [0m] [1mrequest_finished                        [0m [36mduration[0m=[35m0.004[0m [36mmethod[0m=[35mGET[0m [36mpath[0m=[35m/api/v1/challenges/43c18929-bef4-47ef-8c37-99ede60e5024[0m [36mreq[0m=[35m294ab364[0m [36mrequest_id[0m=[35m294ab364-9e7e-4cb6-97e7-5aaa86543e26[0m [36mstatus[0m=[35m200[0m
[2m14:22:51[0m [[32m[1minfo     [0m] [1mGetting challenge status: id=43c18929-bef4-47ef-8c37-99ede60e5024[0m [36mreq[0m=[35m8a2fa730[0m
[2m14:22:51[0m [[32m[1minfo     [0m] [1mrequest_finished                        [0m [36mduration[0m=[35m0.006[0m [36mmethod[0m=[35mGET[0m [36mpath[0m=[35m/api/v1/challenges/43c18929-bef4-47ef-8c37-99ede60e5024[0m [36mreq[0m=[35m8a2fa730[0m [36mrequest_id[0m=[35m8a2fa730-3cc6-4103-bdd2-53e77a8f2de9[0m [36mstatus[0m=[35m200[0m
[2m14:22:56[0m [[32m[1minfo     [0m] [1mGetting challenge status: id=43c18929-bef4-47ef-8c37-99ede60e5024[0m [36mreq[0m=[35mcede09db[0m
[2m14:22:56[0m [[32m[1minfo     [0m] [1mrequest_finished                        [0m [36mduration[0m=[35m0.006[0m [36mmethod[0m=[35mGET[0m [36mpath[0m=[35m/api/v1/challenges/43c18929-bef4-47ef-8c37-99ede60e5024[0m [36mreq[0m=[35mcede09db[0m [36mrequest_id[0m=[35mcede09db-e963-491b-8ae0-9af165bd3f77[0m [36mstatus[0m=[35m200[0m
[2m14:23:01[0m [[32m[1minfo     [0m] [1mGetting challenge status: id=43c18929-bef4-47ef-8c37-99ede60e5024[0m [36mreq[0m=[35m4ed411c7[0m
[2m14:23:01[0m [[32m[1minfo     [0m] [1mrequest_finished                        [0m [36mduration[0m=[35m0.007[0m [36mmethod[0m=[35mGET[0m [36mpath[0m=[35m/api/v1/challenges/43c18929-bef4-47ef-8c37-99ede60e5024[0m [36mreq[0m=[35m4ed411c7[0m [36mrequest_id[0m=[35m4ed411c7-8be0-4a9c-ad26-dbd0ed8916a9[0m [36mstatus[0m=[35m200[0m
[2m14:23:06[0m [[32m[1minfo     [0m] [1mGetting challenge status: id=43c18929-bef4-47ef-8c37-99ede60e5024[0m [36mreq[0m=[35m9d86135e[0m
[2m14:23:06[0m [[32m[1minfo     [0m] [1mrequest_finished                        [0m [36mduration[0m=[35m0.005[0m [36mmethod[0m=[35mGET[0m [36mpath[0m=[35m/api/v1/challenges/43c18929-bef4-47ef-8c37-99ede60e5024[0m [36mreq[0m=[35m9d86135e[0m [36mrequest_id[0m=[35m9d86135e-3d38-42d8-8515-18d4893b7b91[0m [36mstatus[0m=[35m200[0m
[2m14:23:11[0m [[32m[1minfo     [0m] [1mGetting challenge status: id=43c18929-bef4-47ef-8c37-99ede60e5024[0m [36mreq[0m=[35m8645762e[0m
[2m14:23:11[0m [[32m[1minfo     [0m] [1mrequest_finished                        [0m [36mduration[0m=[35m0.006[0m [36mmethod[0m=[35mGET[0m [36mpath[0m=[35m/api/v1/challenges/43c18929-bef4-47ef-8c37-99ede60e5024[0m [36mreq[0m=[35m8645762e[0m [36mrequest_id[0m=[35m8645762e-e71b-4e22-91e7-7d6793e2a9cd[0m [36mstatus[0m=[35m200[0m
[2m14:23:16[0m [[32m[1minfo     [0m] [1mGetting challenge status: id=43c18929-bef4-47ef-8c37-99ede60e5024[0m [36mreq[0m=[35m93c8cb44[0m
[2m14:23:16[0m [[32m[1minfo     [0m] [1mrequest_finished                        [0m [36mduration[0m=[35m0.004[0m [36mmethod[0m=[35mGET[0m [36mpath[0m=[35m/api/v1/challenges/43c18929-bef4-47ef-8c37-99ede60e5024[0m [36mreq[0m=[35m93c8cb44[0m [36mrequest_id[0m=[35m93c8cb44-599d-4006-9b04-2b508f5d4a1d[0m [36mstatus[0m=[35m200[0m
[2m14:23:21[0m [[32m[1minfo     [0m] [1mGetting challenge status: id=43c18929-bef4-47ef-8c37-99ede60e5024[0m [36mreq[0m=[35m902ec018[0m
[2m14:23:21[0m [[32m[1minfo     [0m] [1mrequest_finished                        [0m [36mduration[0m=[35m0.005[0m [36mmethod[0m=[35mGET[0m [36mpath[0m=[35m/api/v1/challenges/43c18929-bef4-47ef-8c37-99ede60e5024[0m [36mreq[0m=[35m902ec018[0m [36mrequest_id[0m=[35m902ec018-a3fc-4b96-8b97-1c59c7ce2ef3[0m [36mstatus[0m=[35m200[0m
[2m14:23:26[0m [[32m[1minfo     [0m] [1mGetting challenge status: id=43c18929-bef4-47ef-8c37-99ede60e5024[0m [36mreq[0m=[35mc50ad593[0m
[2m14:23:26[0m [[32m[1minfo     [0m] [1mrequest_finished                        [0m [36mduration[0m=[35m0.005[0m [36mmethod[0m=[35mGET[0m [36mpath[0m=[35m/api/v1/challenges/43c18929-bef4-47ef-8c37-99ede60e5024[0m [36mreq[0m=[35mc50ad593[0m [36mrequest_id[0m=[35mc50ad593-dc4a-49b2-8702-827eba5ac74f[0m [36mstatus[0m=[35m200[0m
[2m14:23:31[0m [[32m[1minfo     [0m] [1mGetting challenge status: id=43c18929-bef4-47ef-8c37-99ede60e5024[0m [36mreq[0m=[35md2619086[0m
[2m14:23:31[0m [[32m[1minfo     [0m] [1mrequest_finished                        [0m [36mduration[0m=[35m0.005[0m [36mmethod[0m=[35mGET[0m [36mpath[0m=[35m/api/v1/challenges/43c18929-bef4-47ef-8c37-99ede60e5024[0m [36mreq[0m=[35md2619086[0m [36mrequest_id[0m=[35md2619086-8ed3-49a0-80ba-10b77b36d2fb[0m [36mstatus[0m=[35m200[0m
[2m14:23:36[0m [[32m[1minfo     [0m] [1mGetting challenge status: id=43c18929-bef4-47ef-8c37-99ede60e5024[0m [36mreq[0m=[35me36751c1[0m
[2m14:23:36[0m [[32m[1minfo     [0m] [1mrequest_finished                        [0m [36mduration[0m=[35m0.004[0m [36mmethod[0m=[35mGET[0m [36mpath[0m=[35m/api/v1/challenges/43c18929-bef4-47ef-8c37-99ede60e5024[0m [36mreq[0m=[35me36751c1[0m [36mrequest_id[0m=[35me36751c1-b05c-4444-af4f-9477424f0ad6[0m [36mstatus[0m=[35m200[0m
[2m14:23:41[0m [[32m[1minfo     [0m] [1mGetting challenge status: id=43c18929-bef4-47ef-8c37-99ede60e5024[0m [36mreq[0m=[35m80f9e61d[0m
[2m14:23:41[0m [[32m[1minfo     [0m] [1mrequest_finished                        [0m [36mduration[0m=[35m0.007[0m [36mmethod[0m=[35mGET[0m [36mpath[0m=[35m/api/v1/challenges/43c18929-bef4-47ef-8c37-99ede60e5024[0m [36mreq[0m=[35m80f9e61d[0m [36mrequest_id[0m=[35m80f9e61d-1da7-499d-9ebb-d25cbd819687[0m [36mstatus[0m=[35m200[0m
[2m14:23:46[0m [[32m[1minfo     [0m] [1mGetting challenge status: id=43c18929-bef4-47ef-8c37-99ede60e5024[0m [36mreq[0m=[35m7181be7b[0m
[2m14:23:46[0m [[32m[1minfo     [0m] [1mrequest_finished                        [0m [36mduration[0m=[35m0.005[0m [36mmethod[0m=[35mGET[0m [36mpath[0m=[35m/api/v1/challenges/43c18929-bef4-47ef-8c37-99ede60e5024[0m [36mreq[0m=[35m7181be7b[0m [36mrequest_id[0m=[35m7181be7b-67e8-49e1-96dc-2a1affee93f0[0m [36mstatus[0m=[35m200[0m
[2m14:23:51[0m [[32m[1minfo     [0m] [1mGetting challenge status: id=43c18929-bef4-47ef-8c37-99ede60e5024[0m [36mreq[0m=[35me1983b69[0m
[2m14:23:51[0m [[32m[1minfo     [0m] [1mrequest_finished                        [0m [36mduration[0m=[35m0.006[0m [36mmethod[0m=[35mGET[0m [36mpath[0m=[35m/api/v1/challenges/43c18929-bef4-47ef-8c37-99ede60e5024[0m [36mreq[0m=[35me1983b69[0m [36mrequest_id[0m=[35me1983b69-c25f-4da6-8e4d-6bfcdadb51d7[0m [36mstatus[0m=[35m200[0m
[2m14:23:56[0m [[32m[1minfo     [0m] [1mGetting challenge status: id=43c18929-bef4-47ef-8c37-99ede60e5024[0m [36mreq[0m=[35m9f8fd628[0m
[2m14:23:56[0m [[32m[1minfo     [0m] [1mrequest_finished                        [0m [36mduration[0m=[35m0.004[0m [36mmethod[0m=[35mGET[0m [36mpath[0m=[35m/api/v1/challenges/43c18929-bef4-47ef-8c37-99ede60e5024[0m [36mreq[0m=[35m9f8fd628[0m [36mrequest_id[0m=[35m9f8fd628-4ff4-4361-b424-cb8417a10f91[0m [36mstatus[0m=[35m200[0m
[2m14:24:01[0m [[32m[1minfo     [0m] [1mGetting challenge status: id=43c18929-bef4-47ef-8c37-99ede60e5024[0m [36mreq[0m=[35m72e6c0ba[0m
[2m14:24:01[0m [[32m[1minfo     [0m] [1mrequest_finished                        [0m [36mduration[0m=[35m0.021[0m [36mmethod[0m=[35mGET[0m [36mpath[0m=[35m/api/v1/challenges/43c18929-bef4-47ef-8c37-99ede60e5024[0m [36mreq[0m=[35m72e6c0ba[0m [36mrequest_id[0m=[35m72e6c0ba-571d-4ddc-ae8a-f19002613770[0m [36mstatus[0m=[35m200[0m
[2m14:24:06[0m [[32m[1minfo     [0m] [1mGetting challenge status: id=43c18929-bef4-47ef-8c37-99ede60e5024[0m [36mreq[0m=[35m9b23ccb8[0m
[2m14:24:06[0m [[32m[1minfo     [0m] [1mrequest_finished                        [0m [36mduration[0m=[35m0.005[0m [36mmethod[0m=[35mGET[0m [36mpath[0m=[35m/api/v1/challenges/43c18929-bef4-47ef-8c37-99ede60e5024[0m [36mreq[0m=[35m9b23ccb8[0m [36mrequest_id[0m=[35m9b23ccb8-4d7a-4d8d-83de-575f370711bc[0m [36mstatus[0m=[35m200[0m
[2m14:24:11[0m [[32m[1minfo     [0m] [1mGetting challenge status: id=43c18929-bef4-47ef-8c37-99ede60e5024[0m [36mreq[0m=[35m7bf967c1[0m
[2m14:24:11[0m [[32m[1minfo     [0m] [1mrequest_finished                        [0m [36mduration[0m=[35m0.019[0m [36mmethod[0m=[35mGET[0m [36mpath[0m=[35m/api/v1/challenges/43c18929-bef4-47ef-8c37-99ede60e5024[0m [36mreq[0m=[35m7bf967c1[0m [36mrequest_id[0m=[35m7bf967c1-d932-41c3-9d5b-273aff32186a[0m [36mstatus[0m=[35m200[0m
[2m14:24:16[0m [[32m[1minfo     [0m] [1mGetting challenge status: id=43c18929-bef4-47ef-8c37-99ede60e5024[0m [36mreq[0m=[35m764389a0[0m
[2m14:24:16[0m [[32m[1minfo     [0m] [1mrequest_finished                        [0m [36mduration[0m=[35m0.006[0m [36mmethod[0m=[35mGET[0m [36mpath[0m=[35m/api/v1/challenges/43c18929-bef4-47ef-8c37-99ede60e5024[0m [36mreq[0m=[35m764389a0[0m [36mrequest_id[0m=[35m764389a0-7706-4ae7-b437-169d41e370ed[0m [36mstatus[0m=[35m200[0m
[2m14:24:21[0m [[32m[1minfo     [0m] [1mGetting challenge status: id=43c18929-bef4-47ef-8c37-99ede60e5024[0m [36mreq[0m=[35mb83ea12c[0m
[2m14:24:21[0m [[32m[1minfo     [0m] [1mrequest_finished                        [0m [36mduration[0m=[35m0.008[0m [36mmethod[0m=[35mGET[0m [36mpath[0m=[35m/api/v1/challenges/43c18929-bef4-47ef-8c37-99ede60e5024[0m [36mreq[0m=[35mb83ea12c[0m [36mrequest_id[0m=[35mb83ea12c-2bf7-4537-8938-8f28be6ae6da[0m [36mstatus[0m=[35m200[0m
[2m14:24:26[0m [[32m[1minfo     [0m] [1mGetting challenge status: id=43c18929-bef4-47ef-8c37-99ede60e5024[0m [36mreq[0m=[35meefb7170[0m
[2m14:24:26[0m [[32m[1minfo     [0m] [1mrequest_finished                        [0m [36mduration[0m=[35m0.006[0m [36mmethod[0m=[35mGET[0m [36mpath[0m=[35m/api/v1/challenges/43c18929-bef4-47ef-8c37-99ede60e5024[0m [36mreq[0m=[35meefb7170[0m [36mrequest_id[0m=[35meefb7170-abf8-49eb-beb8-185fec200096[0m [36mstatus[0m=[35m200[0m
[2m14:24:31[0m [[32m[1minfo     [0m] [1mGetting challenge status: id=43c18929-bef4-47ef-8c37-99ede60e5024[0m [36mreq[0m=[35me44f0885[0m
[2m14:24:31[0m [[32m[1minfo     [0m] [1mrequest_finished                        [0m [36mduration[0m=[35m0.012[0m [36mmethod[0m=[35mGET[0m [36mpath[0m=[35m/api/v1/challenges/43c18929-bef4-47ef-8c37-99ede60e5024[0m [36mreq[0m=[35me44f0885[0m [36mrequest_id[0m=[35me44f0885-4e78-4c7e-8d61-284e39cf776e[0m [36mstatus[0m=[35m200[0m
[2m14:24:36[0m [[32m[1minfo     [0m] [1mGetting challenge status: id=43c18929-bef4-47ef-8c37-99ede60e5024[0m [36mreq[0m=[35mab0fedb8[0m
[2m14:24:36[0m [[32m[1minfo     [0m] [1mrequest_finished                        [0m [36mduration[0m=[35m0.005[0m [36mmethod[0m=[35mGET[0m [36mpath[0m=[35m/api/v1/challenges/43c18929-bef4-47ef-8c37-99ede60e5024[0m [36mreq[0m=[35mab0fedb8[0m [36mrequest_id[0m=[35mab0fedb8-c722-44a1-98e8-dbebb757e2f1[0m [36mstatus[0m=[35m200[0m
[2m14:24:41[0m [[32m[1minfo     [0m] [1mGetting challenge status: id=43c18929-bef4-47ef-8c37-99ede60e5024[0m [36mreq[0m=[35m9e228758[0m
[2m14:24:41[0m [[32m[1minfo     [0m] [1mrequest_finished                        [0m [36mduration[0m=[35m0.006[0m [36mmethod[0m=[35mGET[0m [36mpath[0m=[35m/api/v1/challenges/43c18929-bef4-47ef-8c37-99ede60e5024[0m [36mreq[0m=[35m9e228758[0m [36mrequest_id[0m=[35m9e228758-7825-4030-b0d5-a9dbdd98be21[0m [36mstatus[0m=[35m200[0m
[2m14:24:46[0m [[32m[1minfo     [0m] [1mGetting challenge status: id=43c18929-bef4-47ef-8c37-99ede60e5024[0m [36mreq[0m=[35m157bf5c2[0m
[2m14:24:46[0m [[32m[1minfo     [0m] [1mrequest_finished                        [0m [36mduration[0m=[35m0.005[0m [36mmethod[0m=[35mGET[0m [36mpath[0m=[35m/api/v1/challenges/43c18929-bef4-47ef-8c37-99ede60e5024[0m [36mreq[0m=[35m157bf5c2[0m [36mrequest_id[0m=[35m157bf5c2-17da-465b-9545-4a779b5b8c5d[0m [36mstatus[0m=[35m200[0m
[2m14:24:51[0m [[32m[1minfo     [0m] [1mGetting challenge status: id=43c18929-bef4-47ef-8c37-99ede60e5024[0m [36mreq[0m=[35m922fe086[0m
[2m14:24:51[0m [[32m[1minfo     [0m] [1mrequest_finished                        [0m [36mduration[0m=[35m0.007[0m [36mmethod[0m=[35mGET[0m [36mpath[0m=[35m/api/v1/challenges/43c18929-bef4-47ef-8c37-99ede60e5024[0m [36mreq[0m=[35m922fe086[0m [36mrequest_id[0m=[35m922fe086-67a2-48a0-ac6b-23143b8851f4[0m [36mstatus[0m=[35m200[0m
[2m14:24:56[0m [[32m[1minfo     [0m] [1mGetting challenge status: id=43c18929-bef4-47ef-8c37-99ede60e5024[0m [36mreq[0m=[35m71a48de1[0m
[2m14:24:56[0m [[32m[1minfo     [0m] [1mrequest_finished                        [0m [36mduration[0m=[35m0.008[0m [36mmethod[0m=[35mGET[0m [36mpath[0m=[35m/api/v1/challenges/43c18929-bef4-47ef-8c37-99ede60e5024[0m [36mreq[0m=[35m71a48de1[0m [36mrequest_id[0m=[35m71a48de1-c0ae-4b56-86d6-9b5fadf5658f[0m [36mstatus[0m=[35m200[0m
[2m14:25:01[0m [[32m[1minfo     [0m] [1mGetting challenge status: id=43c18929-bef4-47ef-8c37-99ede60e5024[0m [36mreq[0m=[35m2761b2cb[0m
[2m14:25:01[0m [[32m[1minfo     [0m] [1mrequest_finished                        [0m [36mduration[0m=[35m0.015[0m [36mmethod[0m=[35mGET[0m [36mpath[0m=[35m/api/v1/challenges/43c18929-bef4-47ef-8c37-99ede60e5024[0m [36mreq[0m=[35m2761b2cb[0m [36mrequest_id[0m=[35m2761b2cb-f1d4-48b0-8014-9db4fd388d68[0m [36mstatus[0m=[35m200[0m
[2m14:25:06[0m [[32m[1minfo     [0m] [1mGetting challenge status: id=43c18929-bef4-47ef-8c37-99ede60e5024[0m [36mreq[0m=[35me11c568c[0m
[2m14:25:06[0m [[32m[1minfo     [0m] [1mrequest_finished                        [0m [36mduration[0m=[35m0.007[0m [36mmethod[0m=[35mGET[0m [36mpath[0m=[35m/api/v1/challenges/43c18929-bef4-47ef-8c37-99ede60e5024[0m [36mreq[0m=[35me11c568c[0m [36mrequest_id[0m=[35me11c568c-71b2-4a5c-98a5-cbc1415e94f0[0m [36mstatus[0m=[35m200[0m
[2m14:25:11[0m [[32m[1minfo     [0m] [1mGetting challenge status: id=43c18929-bef4-47ef-8c37-99ede60e5024[0m [36mreq[0m=[35m500e4fda[0m
[2m14:25:11[0m [[32m[1minfo     [0m] [1mrequest_finished                        [0m [36mduration[0m=[35m0.006[0m [36mmethod[0m=[35mGET[0m [36mpath[0m=[35m/api/v1/challenges/43c18929-bef4-47ef-8c37-99ede60e5024[0m [36mreq[0m=[35m500e4fda[0m [36mrequest_id[0m=[35m500e4fda-addf-4cb6-baf4-a54f37b6dd75[0m [36mstatus[0m=[35m200[0m
[2m14:25:16[0m [[32m[1minfo     [0m] [1mGetting challenge status: id=43c18929-bef4-47ef-8c37-99ede60e5024[0m [36mreq[0m=[35mfad766b6[0m
[2m14:25:16[0m [[32m[1minfo     [0m] [1mrequest_finished                        [0m [36mduration[0m=[35m0.007[0m [36mmethod[0m=[35mGET[0m [36mpath[0m=[35m/api/v1/challenges/43c18929-bef4-47ef-8c37-99ede60e5024[0m [36mreq[0m=[35mfad766b6[0m [36mrequest_id[0m=[35mfad766b6-5d31-42fd-a005-b6478fe064b3[0m [36mstatus[0m=[35m200[0m
[2m14:25:21[0m [[32m[1minfo     [0m] [1mGetting challenge status: id=43c18929-bef4-47ef-8c37-99ede60e5024[0m [36mreq[0m=[35meb3a27cf[0m
[2m14:25:21[0m [[32m[1minfo     [0m] [1mrequest_finished                        [0m [36mduration[0m=[35m0.006[0m [36mmethod[0m=[35mGET[0m [36mpath[0m=[35m/api/v1/challenges/43c18929-bef4-47ef-8c37-99ede60e5024[0m [36mreq[0m=[35meb3a27cf[0m [36mrequest_id[0m=[35meb3a27cf-3856-42fe-bcec-8d401026a28b[0m [36mstatus[0m=[35m200[0m
[2m14:25:26[0m [[32m[1minfo     [0m] [1mGetting challenge status: id=43c18929-bef4-47ef-8c37-99ede60e5024[0m [36mreq[0m=[35m60c0d9ea[0m
[2m14:25:26[0m [[32m[1minfo     [0m] [1mrequest_finished                        [0m [36mduration[0m=[35m0.006[0m [36mmethod[0m=[35mGET[0m [36mpath[0m=[35m/api/v1/challenges/43c18929-bef4-47ef-8c37-99ede60e5024[0m [36mreq[0m=[35m60c0d9ea[0m [36mrequest_id[0m=[35m60c0d9ea-3a48-4d36-a617-c1f1e706c5e1[0m [36mstatus[0m=[35m200[0m
[2m14:25:31[0m [[32m[1minfo     [0m] [1mGetting challenge status: id=43c18929-bef4-47ef-8c37-99ede60e5024[0m [36mreq[0m=[35m64551f86[0m
[2m14:25:31[0m [[32m[1minfo     [0m] [1mrequest_finished                        [0m [36mduration[0m=[35m0.012[0m [36mmethod[0m=[35mGET[0m [36mpath[0m=[35m/api/v1/challenges/43c18929-bef4-47ef-8c37-99ede60e5024[0m [36mreq[0m=[35m64551f86[0m [36mrequest_id[0m=[35m64551f86-f0fc-4bff-8d35-81ac077ffbe1[0m [36mstatus[0m=[35m200[0m
[2m14:25:36[0m [[32m[1minfo     [0m] [1mGetting challenge status: id=43c18929-bef4-47ef-8c37-99ede60e5024[0m [36mreq[0m=[35m81ce3efd[0m
[2m14:25:36[0m [[32m[1minfo     [0m] [1mrequest_finished                        [0m [36mduration[0m=[35m0.004[0m [36mmethod[0m=[35mGET[0m [36mpath[0m=[35m/api/v1/challenges/43c18929-bef4-47ef-8c37-99ede60e5024[0m [36mreq[0m=[35m81ce3efd[0m [36mrequest_id[0m=[35m81ce3efd-9ded-4c3b-a8b4-7aaa726b16db[0m [36mstatus[0m=[35m200[0m
[2m14:25:41[0m [[32m[1minfo     [0m] [1mGetting challenge status: id=43c18929-bef4-47ef-8c37-99ede60e5024[0m [36mreq[0m=[35mf19e51d3[0m
[2m14:25:41[0m [[32m[1minfo     [0m] [1mrequest_finished                        [0m [36mduration[0m=[35m0.006[0m [36mmethod[0m=[35mGET[0m [36mpath[0m=[35m/api/v1/challenges/43c18929-bef4-47ef-8c37-99ede60e5024[0m [36mreq[0m=[35mf19e51d3[0m [36mrequest_id[0m=[35mf19e51d3-5eca-494d-a5e5-30324234819c[0m [36mstatus[0m=[35m200[0m
[2m14:25:46[0m [[32m[1minfo     [0m] [1mGetting challenge status: id=43c18929-bef4-47ef-8c37-99ede60e5024[0m [36mreq[0m=[35md8612c26[0m
[2m14:25:46[0m [[32m[1minfo     [0m] [1mrequest_finished                        [0m [36mduration[0m=[35m0.005[0m [36mmethod[0m=[35mGET[0m [36mpath[0m=[35m/api/v1/challenges/43c18929-bef4-47ef-8c37-99ede60e5024[0m [36mreq[0m=[35md8612c26[0m [36mrequest_id[0m=[35md8612c26-478c-40ca-b04d-3d7d8735ac62[0m [36mstatus[0m=[35m200[0m
[2m14:25:51[0m [[32m[1minfo     [0m] [1mGetting challenge status: id=43c18929-bef4-47ef-8c37-99ede60e5024[0m [36mreq[0m=[35mea086592[0m
[2m14:25:51[0m [[32m[1minfo     [0m] [1mrequest_finished                        [0m [36mduration[0m=[35m0.005[0m [36mmethod[0m=[35mGET[0m [36mpath[0m=[35m/api/v1/challenges/43c18929-bef4-47ef-8c37-99ede60e5024[0m [36mreq[0m=[35mea086592[0m [36mrequest_id[0m=[35mea086592-c436-4981-bc32-982dd5580e40[0m [36mstatus[0m=[35m200[0m
[2m14:25:56[0m [[32m[1minfo     [0m] [1mGetting challenge status: id=43c18929-bef4-47ef-8c37-99ede60e5024[0m [36mreq[0m=[35m434e9e04[0m
[2m14:25:56[0m [[32m[1minfo     [0m] [1mrequest_finished                        [0m [36mduration[0m=[35m0.004[0m [36mmethod[0m=[35mGET[0m [36mpath[0m=[35m/api/v1/challenges/43c18929-bef4-47ef-8c37-99ede60e5024[0m [36mreq[0m=[35m434e9e04[0m [36mrequest_id[0m=[35m434e9e04-a529-49a8-a89c-09ca7ae4599a[0m [36mstatus[0m=[35m200[0m
[2m14:26:01[0m [[32m[1minfo     [0m] [1mGetting challenge status: id=43c18929-bef4-47ef-8c37-99ede60e5024[0m [36mreq[0m=[35m7de6bd21[0m
[2m14:26:01[0m [[32m[1minfo     [0m] [1mrequest_finished                        [0m [36mduration[0m=[35m0.004[0m [36mmethod[0m=[35mGET[0m [36mpath[0m=[35m/api/v1/challenges/43c18929-bef4-47ef-8c37-99ede60e5024[0m [36mreq[0m=[35m7de6bd21[0m [36mrequest_id[0m=[35m7de6bd21-26cd-40ba-b098-b7fc8b117b7d[0m [36mstatus[0m=[35m200[0m
[2m14:26:06[0m [[32m[1minfo     [0m] [1mSandbox execution complete: success=True, time=331033ms, cached=False[0m [36mreq[0m=[35m2cfc6740[0m
[2m14:26:06[0m [[32m[1minfo     [0m] [1mGetting challenge status: id=43c18929-bef4-47ef-8c37-99ede60e5024[0m [36mreq[0m=[35mc39ba59f[0m
[2m14:26:06[0m [[32m[1minfo     [0m] [1mrequest_finished                        [0m [36mduration[0m=[35m0.006[0m [36mmethod[0m=[35mGET[0m [36mpath[0m=[35m/api/v1/challenges/43c18929-bef4-47ef-8c37-99ede60e5024[0m [36mreq[0m=[35mc39ba59f[0m [36mrequest_id[0m=[35mc39ba59f-823d-4463-b273-d3214eacd063[0m [36mstatus[0m=[35m200[0m
[2m14:26:11[0m [[32m[1minfo     [0m] [1mGetting challenge status: id=43c18929-bef4-47ef-8c37-99ede60e5024[0m [36mreq[0m=[35m0d7d85a4[0m
[2m14:26:11[0m [[32m[1minfo     [0m] [1mrequest_finished                        [0m [36mduration[0m=[35m0.013[0m [36mmethod[0m=[35mGET[0m [36mpath[0m=[35m/api/v1/challenges/43c18929-bef4-47ef-8c37-99ede60e5024[0m [36mreq[0m=[35m0d7d85a4[0m [36mrequest_id[0m=[35m0d7d85a4-9e34-4a6a-bec8-cb9a70c13622[0m [36mstatus[0m=[35m200[0m
[2m14:26:12[0m [[32m[1minfo     [0m] [1mTranskription erfolgreich: 1701 Zeichen [0m [36mreq[0m=[35m2cfc6740[0m
[2m14:26:12[0m [[32m[1minfo     [0m] [1mLoading topology from database...       [0m [36mreq[0m=[35m2cfc6740[0m
[2m14:26:12[0m [[32m[1minfo     [0m] [1mMapped 13 skill entries to 13 capabilities[0m [36mreq[0m=[35m2cfc6740[0m
[2m14:26:12[0m [[32m[1minfo     [0m] [1mTopology validated: 11 agents in 5 waves[0m [36mreq[0m=[35m2cfc6740[0m
[2m14:26:12[0m [[32m[1minfo     [0m] [1mLoaded 13 skills for topology           [0m [36mreq[0m=[35m2cfc6740[0m
[2m14:26:12[0m [[32m[1minfo     [0m] [1mTopology loaded: 11 agents, 5 waves     [0m [36mreq[0m=[35m2cfc6740[0m
[2m14:26:12[0m [[32m[1minfo     [0m] [1mShared memory initialized with Qdrant   [0m [36mreq[0m=[35m2cfc6740[0m
[2m14:26:12[0m [[32m[1minfo     [0m] [1mHybridOrchestrator initialized          [0m [36mreq[0m=[35m2cfc6740[0m
[2m14:26:12[0m [[32m[1minfo     [0m] [1mStarting execution: 4c5d4dac-9b4c-4fbc-bba4-ebfdd627864a[0m [36mreq[0m=[35m2cfc6740[0m
[2m14:26:12[0m [[32m[1minfo     [0m] [1mLoading topology from database...       [0m [36mreq[0m=[35m2cfc6740[0m
[2m14:26:12[0m [[32m[1minfo     [0m] [1mMapped 13 skill entries to 13 capabilities[0m [36mreq[0m=[35m2cfc6740[0m
[2m14:26:12[0m [[32m[1minfo     [0m] [1mTopology validated: 11 agents in 5 waves[0m [36mreq[0m=[35m2cfc6740[0m
[2m14:26:12[0m [[32m[1minfo     [0m] [1mLoaded 13 skills for topology           [0m [36mreq[0m=[35m2cfc6740[0m
[2m14:26:12[0m [[32m[1minfo     [0m] [1mTopology loaded: 11 agents, 5 waves     [0m [36mreq[0m=[35m2cfc6740[0m
[2m14:26:12[0m [[32m[1minfo     [0m] [1mDocker client connected successfully    [0m [36mreq[0m=[35m2cfc6740[0m
[2m14:26:12[0m [[32m[1minfo     [0m] [1mCreated DynamicSandbox executor (Docker-based, unrestricted)[0m [36mreq[0m=[35m2cfc6740[0m
[2m14:26:12[0m [[33m[1mwarning  [0m] [1mCould not create intervention orchestrator for self-healing: create_intervention_orchestrator() got an unexpected keyword argument 'db'[0m [36mreq[0m=[35m2cfc6740[0m
[2m14:26:12[0m [[32m[1minfo     [0m] [1mExecuting wave 1/5: ['05bebe15-b46f-4b91-96e3-a50f6cf9e68d', '90c17f3b-7f91-4174-b3ac-b59a51feb378', '65ad3c5c-f66c-49a0-a7cd-4b9ebc6142b9', '073d766c-ed4f-4519-8e36-8c9631e97c67'][0m [36mreq[0m=[35m2cfc6740[0m
[2m14:26:12[0m [[32m[1minfo     [0m] [1mExecuting agent: transcript_analyzer (05bebe15-b46f-4b91-96e3-a50f6cf9e68d)[0m [36mreq[0m=[35m2cfc6740[0m
[2m14:26:12[0m [[32m[1minfo     [0m] [1mExecuting agent: product_owner (90c17f3b-7f91-4174-b3ac-b59a51feb378)[0m [36mreq[0m=[35m2cfc6740[0m
[2m14:26:12[0m [[33m[1mwarning  [0m] [1mAgent product_owner expected artifacts ['analysis_findings'] but none found in pool[0m [36mreq[0m=[35m2cfc6740[0m
[2m14:26:12[0m [[32m[1minfo     [0m] [1mExecuting agent: quality_judge (65ad3c5c-f66c-49a0-a7cd-4b9ebc6142b9)[0m [36mreq[0m=[35m2cfc6740[0m
[2m14:26:12[0m [[33m[1mwarning  [0m] [1mAgent quality_judge expected artifacts ['ab_test_samples'] but none found in pool[0m [36mreq[0m=[35m2cfc6740[0m
[2m14:26:12[0m [[32m[1minfo     [0m] [1mExecuting agent: execution_analyzer (073d766c-ed4f-4519-8e36-8c9631e97c67)[0m [36mreq[0m=[35m2cfc6740[0m
[2m14:26:12[0m [[33m[1mwarning  [0m] [1mAgent execution_analyzer expected artifacts ['execution_telemetry'] but none found in pool[0m [36mreq[0m=[35m2cfc6740[0m
[2m14:26:13[0m [[32m[1minfo     [0m] [1mshared_memory_metrics agent=transcript_analyzer facts_kept=5 facts_total=8 hypotheses=0 relations=0 approx_tokens=2389 query_chars=3075[0m [36mreq[0m=[35m2cfc6740[0m
[2m14:26:14[0m [[32m[1minfo     [0m] [1mAgent execution_analyzer returned final answer after 0 tool calls[0m [36mreq[0m=[35m2cfc6740[0m
[2m14:26:14[0m [[32m[1minfo     [0m] [1mAgent execution_analyzer completed      [0m [36mreq[0m=[35m2cfc6740[0m
[2m14:26:14[0m [[32m[1minfo     [0m] [1mAgent quality_judge returned final answer after 0 tool calls[0m [36mreq[0m=[35m2cfc6740[0m
[2m14:26:14[0m [[32m[1minfo     [0m] [1mAgent quality_judge completed           [0m [36mreq[0m=[35m2cfc6740[0m
[2m14:26:14[0m [[32m[1minfo     [0m] [1mAgent product_owner returned final answer after 0 tool calls[0m [36mreq[0m=[35m2cfc6740[0m
[2m14:26:14[0m [[32m[1minfo     [0m] [1mAgent product_owner completed           [0m [36mreq[0m=[35m2cfc6740[0m
[2m14:26:16[0m [[32m[1minfo     [0m] [1mGetting challenge status: id=43c18929-bef4-47ef-8c37-99ede60e5024[0m [36mreq[0m=[35m81b6203c[0m
[2m14:26:16[0m [[32m[1minfo     [0m] [1mrequest_finished                        [0m [36mduration[0m=[35m0.009[0m [36mmethod[0m=[35mGET[0m [36mpath[0m=[35m/api/v1/challenges/43c18929-bef4-47ef-8c37-99ede60e5024[0m [36mreq[0m=[35m81b6203c[0m [36mrequest_id[0m=[35m81b6203c-1e5c-4745-bd2e-a8cc7983d48d[0m [36mstatus[0m=[35m200[0m
[2m14:26:20[0m [[32m[1minfo     [0m] [1mAgent transcript_analyzer returned final answer after 0 tool calls[0m [36mreq[0m=[35m2cfc6740[0m
[2m14:26:20[0m [[32m[1minfo     [0m] [1mAgent transcript_analyzer completed     [0m [36mreq[0m=[35m2cfc6740[0m
[2m14:26:20[0m [[32m[1minfo     [0m] [1mWave 1 agent 'transcript_analyzer' completed: success=True, skipped=False, result_len=1939[0m [36mreq[0m=[35m2cfc6740[0m
[2m14:26:20[0m [[32m[1minfo     [0m] [1mWave 1 agent 'product_owner' completed: success=True, skipped=False, result_len=688[0m [36mreq[0m=[35m2cfc6740[0m
[2m14:26:20[0m [[32m[1minfo     [0m] [1mWave 1 agent 'quality_judge' completed: success=True, skipped=False, result_len=212[0m [36mreq[0m=[35m2cfc6740[0m
[2m14:26:20[0m [[32m[1minfo     [0m] [1mWave 1 agent 'execution_analyzer' completed: success=True, skipped=False, result_len=222[0m [36mreq[0m=[35m2cfc6740[0m
[2m14:26:20[0m [[32m[1minfo     [0m] [1mExecuting wave 2/5: ['49898ec1-10da-4a11-8457-1358d844c805', '07f8b963-9d7c-4232-ba20-52aa8d850e1d'][0m [36mreq[0m=[35m2cfc6740[0m
[2m14:26:20[0m [[32m[1minfo     [0m] [1mExecuting agent: context_retriever (49898ec1-10da-4a11-8457-1358d844c805)[0m [36mreq[0m=[35m2cfc6740[0m
[2m14:26:20[0m [[32m[1minfo     [0m] [1mExecuting agent: control_agent (07f8b963-9d7c-4232-ba20-52aa8d850e1d)[0m [36mreq[0m=[35m2cfc6740[0m
[2m14:26:21[0m [[32m[1minfo     [0m] [1mGetting challenge status: id=43c18929-bef4-47ef-8c37-99ede60e5024[0m [36mreq[0m=[35mcc6bcf3b[0m
[2m14:26:21[0m [[32m[1minfo     [0m] [1mrequest_finished                        [0m [36mduration[0m=[35m0.006[0m [36mmethod[0m=[35mGET[0m [36mpath[0m=[35m/api/v1/challenges/43c18929-bef4-47ef-8c37-99ede60e5024[0m [36mreq[0m=[35mcc6bcf3b[0m [36mrequest_id[0m=[35mcc6bcf3b-0ad6-40fc-ada9-9cc2b599c2dd[0m [36mstatus[0m=[35m200[0m
[2m14:26:22[0m [[32m[1minfo     [0m] [1mAgent control_agent returned final answer after 0 tool calls[0m [36mreq[0m=[35m2cfc6740[0m
[2m14:26:22[0m [[32m[1minfo     [0m] [1mAgent control_agent completed           [0m [36mreq[0m=[35m2cfc6740[0m
[2m14:26:23[0m [[32m[1minfo     [0m] [1mAgent context_retriever returned final answer after 0 tool calls[0m [36mreq[0m=[35m2cfc6740[0m
[2m14:26:24[0m [[32m[1minfo     [0m] [1mAgent context_retriever completed       [0m [36mreq[0m=[35m2cfc6740[0m
[2m14:26:24[0m [[32m[1minfo     [0m] [1mWave 2 agent 'context_retriever' completed: success=True, skipped=False, result_len=1411[0m [36mreq[0m=[35m2cfc6740[0m
[2m14:26:24[0m [[32m[1minfo     [0m] [1mWave 2 agent 'control_agent' completed: success=True, skipped=False, result_len=157[0m [36mreq[0m=[35m2cfc6740[0m
[2m14:26:24[0m [[32m[1minfo     [0m] [1mExecuting wave 3/5: ['f54aabd1-ca21-4768-b12e-ccf5ca95d0da', 'a676e764-25ce-41cf-95d1-b838c8e6804d', 'd01ede79-d82b-465b-ae42-d1a7a2ec4188'][0m [36mreq[0m=[35m2cfc6740[0m
[2m14:26:24[0m [[32m[1minfo     [0m] [1mExecuting agent: report_generator (f54aabd1-ca21-4768-b12e-ccf5ca95d0da)[0m [36mreq[0m=[35m2cfc6740[0m
[2m14:26:24[0m [[32m[1minfo     [0m] [1mExecuting agent: prompt_engineer (a676e764-25ce-41cf-95d1-b838c8e6804d)[0m [36mreq[0m=[35m2cfc6740[0m
[2m14:26:24[0m [[32m[1minfo     [0m] [1mExecuting agent: tool_builder (d01ede79-d82b-465b-ae42-d1a7a2ec4188)[0m [36mreq[0m=[35m2cfc6740[0m
[2m14:26:26[0m [[32m[1minfo     [0m] [1mAgent prompt_engineer returned final answer after 0 tool calls[0m [36mreq[0m=[35m2cfc6740[0m
[2m14:26:26[0m [[32m[1minfo     [0m] [1mGetting challenge status: id=43c18929-bef4-47ef-8c37-99ede60e5024[0m [36mreq[0m=[35mf2a6fc18[0m
[2m14:26:26[0m [[32m[1minfo     [0m] [1mrequest_finished                        [0m [36mduration[0m=[35m0.005[0m [36mmethod[0m=[35mGET[0m [36mpath[0m=[35m/api/v1/challenges/43c18929-bef4-47ef-8c37-99ede60e5024[0m [36mreq[0m=[35mf2a6fc18[0m [36mrequest_id[0m=[35mf2a6fc18-8b25-4e4e-9424-9047bf95229e[0m [36mstatus[0m=[35m200[0m
[2m14:26:26[0m [[32m[1minfo     [0m] [1mAgent prompt_engineer completed         [0m [36mreq[0m=[35m2cfc6740[0m
[2m14:26:27[0m [[32m[1minfo     [0m] [1mAgent report_generator returned final answer after 0 tool calls[0m [36mreq[0m=[35m2cfc6740[0m
[2m14:26:27[0m [[32m[1minfo     [0m] [1mAgent report_generator completed        [0m [36mreq[0m=[35m2cfc6740[0m
[2m14:26:28[0m [[32m[1minfo     [0m] [1mAgent tool_builder returned final answer after 0 tool calls[0m [36mreq[0m=[35m2cfc6740[0m
[2m14:26:28[0m [[32m[1minfo     [0m] [1mAgent tool_builder completed            [0m [36mreq[0m=[35m2cfc6740[0m
[2m14:26:28[0m [[32m[1minfo     [0m] [1mWave 3 agent 'report_generator' completed: success=True, skipped=False, result_len=2141[0m [36mreq[0m=[35m2cfc6740[0m
[2m14:26:28[0m [[32m[1minfo     [0m] [1mWave 3 agent 'prompt_engineer' completed: success=True, skipped=False, result_len=1958[0m [36mreq[0m=[35m2cfc6740[0m
[2m14:26:28[0m [[32m[1minfo     [0m] [1mWave 3 agent 'tool_builder' completed: success=True, skipped=False, result_len=3633[0m [36mreq[0m=[35m2cfc6740[0m
[2m14:26:28[0m [[32m[1minfo     [0m] [1mExecuting wave 4/5: ['85860279-90e3-4984-b25d-af840d3dca9b'][0m [36mreq[0m=[35m2cfc6740[0m
[2m14:26:28[0m [[32m[1minfo     [0m] [1mExecuting agent: quality_validator (85860279-90e3-4984-b25d-af840d3dca9b)[0m [36mreq[0m=[35m2cfc6740[0m
[2m14:26:29[0m [[32m[1minfo     [0m] [1mAgent quality_validator returned final answer after 0 tool calls[0m [36mreq[0m=[35m2cfc6740[0m
[2m14:26:29[0m [[32m[1minfo     [0m] [1mAgent quality_validator completed       [0m [36mreq[0m=[35m2cfc6740[0m
[2m14:26:29[0m [[32m[1minfo     [0m] [1mWave 4 agent 'quality_validator' completed: success=True, skipped=False, result_len=323[0m [36mreq[0m=[35m2cfc6740[0m
[2m14:26:29[0m [[32m[1minfo     [0m] [1mExecuting wave 5/5: ['bbd241f8-1df0-49f4-950a-dc61efa2c950'][0m [36mreq[0m=[35m2cfc6740[0m
[2m14:26:29[0m [[32m[1minfo     [0m] [1mExecuting agent: report_finalizer (bbd241f8-1df0-49f4-950a-dc61efa2c950)[0m [36mreq[0m=[35m2cfc6740[0m
[2m14:26:31[0m [[32m[1minfo     [0m] [1mGetting challenge status: id=43c18929-bef4-47ef-8c37-99ede60e5024[0m [36mreq[0m=[35m1ad01e7b[0m
[2m14:26:31[0m [[32m[1minfo     [0m] [1mrequest_finished                        [0m [36mduration[0m=[35m0.007[0m [36mmethod[0m=[35mGET[0m [36mpath[0m=[35m/api/v1/challenges/43c18929-bef4-47ef-8c37-99ede60e5024[0m [36mreq[0m=[35m1ad01e7b[0m [36mrequest_id[0m=[35m1ad01e7b-fd5d-45e1-aa6d-d7915f58c76f[0m [36mstatus[0m=[35m200[0m
[2m14:26:32[0m [[32m[1minfo     [0m] [1mAgent report_finalizer returned final answer after 0 tool calls[0m [36mreq[0m=[35m2cfc6740[0m
[2m14:26:33[0m [[32m[1minfo     [0m] [1mAgent report_finalizer completed        [0m [36mreq[0m=[35m2cfc6740[0m
[2m14:26:33[0m [[32m[1minfo     [0m] [1mWave 5 agent 'report_finalizer' completed: success=True, skipped=False, result_len=2511[0m [36mreq[0m=[35m2cfc6740[0m
[2m14:26:33[0m [[32m[1minfo     [0m] [1mArtifact pool cleared: 11 artifacts discarded[0m [36mreq[0m=[35m2cfc6740[0m
[2m14:26:33[0m [[32m[1minfo     [0m] [1mPersisted 1 facts to shared memory for execution 4c5d4dac-9b4c-4fbc-bba4-ebfdd627864a[0m [36mreq[0m=[35m2cfc6740[0m
[2m14:26:33[0m [[32m[1minfo     [0m] [1mStarting telemetry for agent=05bebe15..., execution=4c5d4dac...[0m [36mreq[0m=[35m2cfc6740[0m
[2m14:26:33[0m [[33m[1mwarning  [0m] [1mTelemetrie-Bridge fehlgeschlagen: 1 validation error for ExecutionTelemetryCreate
outcome
  Input should be 'success', 'error', 'timeout' or 'cancelled' [type=literal_error, input_value='running', input_type=str]
    For further information visit https://errors.pydantic.dev/2.11/v/literal_error[0m [36mreq[0m=[35m2cfc6740[0m
[2m14:26:33[0m [[32m[1minfo     [0m] [1mConfigured epicbox profile: image=lumari-sandbox:latest, limits={'cputime': 5, 'realtime': 10, 'memory': 128, 'processes': 1}[0m [36mreq[0m=[35m2cfc6740[0m
[2m14:26:33[0m [[32m[1minfo     [0m] [1mStarting analysis pipeline for execution_id=4c5d4dac...[0m [36mreq[0m=[35m2cfc6740[0m
[2m14:26:33[0m [[32m[1minfo     [0m] [1mExecution completed: challenge_id=43c18929-bef4-47ef-8c37-99ede60e5024, success=True[0m [36mreq[0m=[35m2cfc6740[0m
[2m14:26:33[0m [[33m[1mwarning  [0m] [1mNo telemetry found for execution 4c5d4dac-9b4c-4fbc-bba4-ebfdd627864a[0m [36mreq[0m=[35m2cfc6740[0m
[2m14:26:36[0m [[32m[1minfo     [0m] [1mGetting challenge status: id=43c18929-bef4-47ef-8c37-99ede60e5024[0m [36mreq[0m=[35m68f7ac59[0m
[2m14:26:36[0m [[32m[1minfo     [0m] [1mrequest_finished                        [0m [36mduration[0m=[35m0.01[0m [36mmethod[0m=[35mGET[0m [36mpath[0m=[35m/api/v1/challenges/43c18929-bef4-47ef-8c37-99ede60e5024[0m [36mreq[0m=[35m68f7ac59[0m [36mrequest_id[0m=[35m68f7ac59-4e27-4c05-8960-bdc03275a3de[0m [36mstatus[0m=[35m200[0m
[2m14:26:36[0m [[32m[1minfo     [0m] [1mGetting challenge results: id=43c18929-bef4-47ef-8c37-99ede60e5024[0m [36mreq[0m=[35m35f40ddc[0m
[2m14:26:36[0m [[32m[1minfo     [0m] [1mrequest_finished                        [0m [36mduration[0m=[35m0.006[0m [36mmethod[0m=[35mGET[0m [36mpath[0m=[35m/api/v1/challenges/43c18929-bef4-47ef-8c37-99ede60e5024/results[0m [36mreq[0m=[35m35f40ddc[0m [36mrequest_id[0m=[35m35f40ddc-39a7-4a4f-aaf6-97a6d7c84e02[0m [36mstatus[0m=[35m200[0m
[2m14:26:39[0m [[32m[1minfo     [0m] [1mFile upload: bauleitungssitzung_20251028.opus, size=371346, type=audio/opus[0m [36mreq[0m=[35m9bdcac68[0m
[2m14:26:39[0m [[32m[1minfo     [0m] [1mSaved binary file to: /Users/patrick/Documents/Uni/master_project/backend/app/api/v1/endpoints/../../../uploads/18b4a164-00b8-4d5c-9f08-b7ec117e94ab.opus[0m [36mreq[0m=[35m9bdcac68[0m
[2m14:26:39[0m [[32m[1minfo     [0m] [1mAudio transcription skill available: skill_audio_transcription — will transcribe in background[0m [36mreq[0m=[35m9bdcac68[0m
[2m14:26:39[0m [[32m[1minfo     [0m] [1mFile upload: bauleitungssitzung_20251028.opus -> challenge_id=969d6622-54cc-4538-a61d-2c29f64e8b4c, gaps=0, route=execute[0m [36mreq[0m=[35m9bdcac68[0m
[2m14:26:39[0m [[32m[1minfo     [0m] [1mrequest_finished                        [0m [36mduration[0m=[35m0.03[0m [36mmethod[0m=[35mPOST[0m [36mpath[0m=[35m/api/v1/challenges/upload[0m [36mreq[0m=[35m9bdcac68[0m [36mrequest_id[0m=[35m9bdcac68-67dc-4f0e-a938-0694f5c7cafe[0m [36mstatus[0m=[35m200[0m
[2m14:26:39[0m [[32m[1minfo     [0m] [1mExecuting challenge: id=969d6622-54cc-4538-a61d-2c29f64e8b4c[0m [36mreq[0m=[35m0e2ad3fc[0m
[2m14:26:39[0m [[32m[1minfo     [0m] [1mrequest_finished                        [0m [36mduration[0m=[35m0.006[0m [36mmethod[0m=[35mPOST[0m [36mpath[0m=[35m/api/v1/challenges/969d6622-54cc-4538-a61d-2c29f64e8b4c/execute[0m [36mreq[0m=[35m0e2ad3fc[0m [36mrequest_id[0m=[35m0e2ad3fc-fb5e-48e8-a055-33564b253b69[0m [36mstatus[0m=[35m200[0m
[2m14:26:39[0m [[32m[1minfo     [0m] [1mStarting background execution: challenge_id=969d6622-54cc-4538-a61d-2c29f64e8b4c[0m [36mreq[0m=[35m0e2ad3fc[0m
[2m14:26:39[0m [[32m[1minfo     [0m] [1mTranskribiere Audio vor Execution: /Users/patrick/Documents/Uni/master_project/backend/app/api/v1/endpoints/../../../uploads/18b4a164-00b8-4d5c-9f08-b7ec117e94ab.opus mit Skill skill_audio_transcription[0m [36mreq[0m=[35m0e2ad3fc[0m
[2m14:26:39[0m [[32m[1minfo     [0m] [1mStarting sandbox execution: pip=['openai-whisper'], apt=['ffmpeg'], input_files=['18b4a164-00b8-4d5c-9f08-b7ec117e94ab.opus'][0m [36mreq[0m=[35m0e2ad3fc[0m
[2m14:26:39[0m [[32m[1minfo     [0m] [1mDocker client connected successfully    [0m [36mreq[0m=[35m0e2ad3fc[0m
[2m14:26:40[0m [[32m[1minfo     [0m] [1mInstalling system packages: ffmpeg      [0m [36mreq[0m=[35m0e2ad3fc[0m
[2m14:26:44[0m [[32m[1minfo     [0m] [1mGetting challenge status: id=969d6622-54cc-4538-a61d-2c29f64e8b4c[0m [36mreq[0m=[35m3f58a816[0m
[2m14:26:44[0m [[32m[1minfo     [0m] [1mrequest_finished                        [0m [36mduration[0m=[35m0.005[0m [36mmethod[0m=[35mGET[0m [36mpath[0m=[35m/api/v1/challenges/969d6622-54cc-4538-a61d-2c29f64e8b4c[0m [36mreq[0m=[35m3f58a816[0m [36mrequest_id[0m=[35m3f58a816-ab6a-4139-8862-010505ed414d[0m [36mstatus[0m=[35m200[0m
[2m14:26:49[0m [[32m[1minfo     [0m] [1mGetting challenge status: id=969d6622-54cc-4538-a61d-2c29f64e8b4c[0m [36mreq[0m=[35m99243971[0m
[2m14:26:49[0m [[32m[1minfo     [0m] [1mrequest_finished                        [0m [36mduration[0m=[35m0.015[0m [36mmethod[0m=[35mGET[0m [36mpath[0m=[35m/api/v1/challenges/969d6622-54cc-4538-a61d-2c29f64e8b4c[0m [36mreq[0m=[35m99243971[0m [36mrequest_id[0m=[35m99243971-e0cf-4e23-a2d3-3b8b3a345521[0m [36mstatus[0m=[35m200[0m
[2m14:26:54[0m [[32m[1minfo     [0m] [1mGetting challenge status: id=969d6622-54cc-4538-a61d-2c29f64e8b4c[0m [36mreq[0m=[35m10492dee[0m
[2m14:26:54[0m [[32m[1minfo     [0m] [1mrequest_finished                        [0m [36mduration[0m=[35m0.006[0m [36mmethod[0m=[35mGET[0m [36mpath[0m=[35m/api/v1/challenges/969d6622-54cc-4538-a61d-2c29f64e8b4c[0m [36mreq[0m=[35m10492dee[0m [36mrequest_id[0m=[35m10492dee-a574-4739-8437-02972d673321[0m [36mstatus[0m=[35m200[0m
[2m14:26:59[0m [[32m[1minfo     [0m] [1mGetting challenge status: id=969d6622-54cc-4538-a61d-2c29f64e8b4c[0m [36mreq[0m=[35m26642ffd[0m
[2m14:26:59[0m [[32m[1minfo     [0m] [1mrequest_finished                        [0m [36mduration[0m=[35m0.004[0m [36mmethod[0m=[35mGET[0m [36mpath[0m=[35m/api/v1/challenges/969d6622-54cc-4538-a61d-2c29f64e8b4c[0m [36mreq[0m=[35m26642ffd[0m [36mrequest_id[0m=[35m26642ffd-3438-4814-86fe-714324cd8204[0m [36mstatus[0m=[35m200[0m
[2m14:27:04[0m [[32m[1minfo     [0m] [1mGetting challenge status: id=969d6622-54cc-4538-a61d-2c29f64e8b4c[0m [36mreq[0m=[35m74a5451e[0m
[2m14:27:04[0m [[32m[1minfo     [0m] [1mrequest_finished                        [0m [36mduration[0m=[35m0.005[0m [36mmethod[0m=[35mGET[0m [36mpath[0m=[35m/api/v1/challenges/969d6622-54cc-4538-a61d-2c29f64e8b4c[0m [36mreq[0m=[35m74a5451e[0m [36mrequest_id[0m=[35m74a5451e-9a65-4850-be00-12bc2090e817[0m [36mstatus[0m=[35m200[0m
[2m14:27:09[0m [[32m[1minfo     [0m] [1mGetting challenge status: id=969d6622-54cc-4538-a61d-2c29f64e8b4c[0m [36mreq[0m=[35m0bfdee7a[0m
[2m14:27:09[0m [[32m[1minfo     [0m] [1mrequest_finished                        [0m [36mduration[0m=[35m0.004[0m [36mmethod[0m=[35mGET[0m [36mpath[0m=[35m/api/v1/challenges/969d6622-54cc-4538-a61d-2c29f64e8b4c[0m [36mreq[0m=[35m0bfdee7a[0m [36mrequest_id[0m=[35m0bfdee7a-1cbe-433c-b859-c7a02228d373[0m [36mstatus[0m=[35m200[0m
[2m14:27:14[0m [[32m[1minfo     [0m] [1mGetting challenge status: id=969d6622-54cc-4538-a61d-2c29f64e8b4c[0m [36mreq[0m=[35m865cc738[0m
[2m14:27:14[0m [[32m[1minfo     [0m] [1mrequest_finished                        [0m [36mduration[0m=[35m0.005[0m [36mmethod[0m=[35mGET[0m [36mpath[0m=[35m/api/v1/challenges/969d6622-54cc-4538-a61d-2c29f64e8b4c[0m [36mreq[0m=[35m865cc738[0m [36mrequest_id[0m=[35m865cc738-cbd2-46d5-8de6-bc12d9d01f0f[0m [36mstatus[0m=[35m200[0m
[2m14:27:19[0m [[32m[1minfo     [0m] [1mGetting challenge status: id=969d6622-54cc-4538-a61d-2c29f64e8b4c[0m [36mreq[0m=[35m98645dde[0m
[2m14:27:19[0m [[32m[1minfo     [0m] [1mrequest_finished                        [0m [36mduration[0m=[35m0.004[0m [36mmethod[0m=[35mGET[0m [36mpath[0m=[35m/api/v1/challenges/969d6622-54cc-4538-a61d-2c29f64e8b4c[0m [36mreq[0m=[35m98645dde[0m [36mrequest_id[0m=[35m98645dde-6568-49f3-9d37-d8dd7ee7392d[0m [36mstatus[0m=[35m200[0m
[2m14:27:22[0m [[32m[1minfo     [0m] [1mSystem packages installed successfully: ffmpeg[0m [36mreq[0m=[35m0e2ad3fc[0m
[2m14:27:22[0m [[32m[1minfo     [0m] [1mInstalling pip packages: "openai-whisper"[0m [36mreq[0m=[35m0e2ad3fc[0m
[2m14:27:24[0m [[32m[1minfo     [0m] [1mGetting challenge status: id=969d6622-54cc-4538-a61d-2c29f64e8b4c[0m [36mreq[0m=[35md726c4ff[0m
[2m14:27:24[0m [[32m[1minfo     [0m] [1mrequest_finished                        [0m [36mduration[0m=[35m0.004[0m [36mmethod[0m=[35mGET[0m [36mpath[0m=[35m/api/v1/challenges/969d6622-54cc-4538-a61d-2c29f64e8b4c[0m [36mreq[0m=[35md726c4ff[0m [36mrequest_id[0m=[35md726c4ff-d667-4296-80ea-c6c794568c1f[0m [36mstatus[0m=[35m200[0m
[2m14:27:29[0m [[32m[1minfo     [0m] [1mGetting challenge status: id=969d6622-54cc-4538-a61d-2c29f64e8b4c[0m [36mreq[0m=[35md139fbb1[0m
[2m14:27:29[0m [[32m[1minfo     [0m] [1mrequest_finished                        [0m [36mduration[0m=[35m0.01[0m [36mmethod[0m=[35mGET[0m [36mpath[0m=[35m/api/v1/challenges/969d6622-54cc-4538-a61d-2c29f64e8b4c[0m [36mreq[0m=[35md139fbb1[0m [36mrequest_id[0m=[35md139fbb1-1496-4954-90d0-df860505c047[0m [36mstatus[0m=[35m200[0m
[2m14:27:34[0m [[32m[1minfo     [0m] [1mGetting challenge status: id=969d6622-54cc-4538-a61d-2c29f64e8b4c[0m [36mreq[0m=[35m4b604e81[0m
[2m14:27:34[0m [[32m[1minfo     [0m] [1mrequest_finished                        [0m [36mduration[0m=[35m0.018[0m [36mmethod[0m=[35mGET[0m [36mpath[0m=[35m/api/v1/challenges/969d6622-54cc-4538-a61d-2c29f64e8b4c[0m [36mreq[0m=[35m4b604e81[0m [36mrequest_id[0m=[35m4b604e81-7898-4cb3-a260-7166ba1deab9[0m [36mstatus[0m=[35m200[0m
[2m14:27:39[0m [[32m[1minfo     [0m] [1mGetting challenge status: id=969d6622-54cc-4538-a61d-2c29f64e8b4c[0m [36mreq[0m=[35m810128c6[0m
[2m14:27:39[0m [[32m[1minfo     [0m] [1mrequest_finished                        [0m [36mduration[0m=[35m0.018[0m [36mmethod[0m=[35mGET[0m [36mpath[0m=[35m/api/v1/challenges/969d6622-54cc-4538-a61d-2c29f64e8b4c[0m [36mreq[0m=[35m810128c6[0m [36mrequest_id[0m=[35m810128c6-15a8-4b0a-9c9f-914ce6735d0f[0m [36mstatus[0m=[35m200[0m
[2m14:27:44[0m [[32m[1minfo     [0m] [1mGetting challenge status: id=969d6622-54cc-4538-a61d-2c29f64e8b4c[0m [36mreq[0m=[35m6242a33d[0m
[2m14:27:44[0m [[32m[1minfo     [0m] [1mrequest_finished                        [0m [36mduration[0m=[35m0.005[0m [36mmethod[0m=[35mGET[0m [36mpath[0m=[35m/api/v1/challenges/969d6622-54cc-4538-a61d-2c29f64e8b4c[0m [36mreq[0m=[35m6242a33d[0m [36mrequest_id[0m=[35m6242a33d-e5a4-47d3-bd89-eb5596f282a0[0m [36mstatus[0m=[35m200[0m
[2m14:27:49[0m [[32m[1minfo     [0m] [1mGetting challenge status: id=969d6622-54cc-4538-a61d-2c29f64e8b4c[0m [36mreq[0m=[35m1df03214[0m
[2m14:27:49[0m [[32m[1minfo     [0m] [1mrequest_finished                        [0m [36mduration[0m=[35m0.004[0m [36mmethod[0m=[35mGET[0m [36mpath[0m=[35m/api/v1/challenges/969d6622-54cc-4538-a61d-2c29f64e8b4c[0m [36mreq[0m=[35m1df03214[0m [36mrequest_id[0m=[35m1df03214-3280-4fa1-bdb0-3b8441efe5a0[0m [36mstatus[0m=[35m200[0m
[2m14:27:55[0m [[32m[1minfo     [0m] [1mGetting challenge status: id=969d6622-54cc-4538-a61d-2c29f64e8b4c[0m [36mreq[0m=[35m175e232b[0m
[2m14:27:55[0m [[32m[1minfo     [0m] [1mrequest_finished                        [0m [36mduration[0m=[35m0.019[0m [36mmethod[0m=[35mGET[0m [36mpath[0m=[35m/api/v1/challenges/969d6622-54cc-4538-a61d-2c29f64e8b4c[0m [36mreq[0m=[35m175e232b[0m [36mrequest_id[0m=[35m175e232b-063a-4d01-ac8b-c24c058f8004[0m [36mstatus[0m=[35m200[0m
[2m14:28:00[0m [[32m[1minfo     [0m] [1mGetting challenge status: id=969d6622-54cc-4538-a61d-2c29f64e8b4c[0m [36mreq[0m=[35m2cc087fb[0m
[2m14:28:00[0m [[32m[1minfo     [0m] [1mrequest_finished                        [0m [36mduration[0m=[35m0.013[0m [36mmethod[0m=[35mGET[0m [36mpath[0m=[35m/api/v1/challenges/969d6622-54cc-4538-a61d-2c29f64e8b4c[0m [36mreq[0m=[35m2cc087fb[0m [36mrequest_id[0m=[35m2cc087fb-36bf-4955-928c-5b8e3ff6fa02[0m [36mstatus[0m=[35m200[0m
[2m14:28:05[0m [[32m[1minfo     [0m] [1mGetting challenge status: id=969d6622-54cc-4538-a61d-2c29f64e8b4c[0m [36mreq[0m=[35m494646af[0m
[2m14:28:05[0m [[32m[1minfo     [0m] [1mrequest_finished                        [0m [36mduration[0m=[35m0.004[0m [36mmethod[0m=[35mGET[0m [36mpath[0m=[35m/api/v1/challenges/969d6622-54cc-4538-a61d-2c29f64e8b4c[0m [36mreq[0m=[35m494646af[0m [36mrequest_id[0m=[35m494646af-7a3e-42c3-8652-e7bf772d654b[0m [36mstatus[0m=[35m200[0m
[2m14:28:10[0m [[32m[1minfo     [0m] [1mGetting challenge status: id=969d6622-54cc-4538-a61d-2c29f64e8b4c[0m [36mreq[0m=[35me0792232[0m
[2m14:28:10[0m [[32m[1minfo     [0m] [1mrequest_finished                        [0m [36mduration[0m=[35m0.011[0m [36mmethod[0m=[35mGET[0m [36mpath[0m=[35m/api/v1/challenges/969d6622-54cc-4538-a61d-2c29f64e8b4c[0m [36mreq[0m=[35me0792232[0m [36mrequest_id[0m=[35me0792232-bfaf-49fe-a75b-5979bba3e71c[0m [36mstatus[0m=[35m200[0m
[2m14:28:15[0m [[32m[1minfo     [0m] [1mGetting challenge status: id=969d6622-54cc-4538-a61d-2c29f64e8b4c[0m [36mreq[0m=[35m0d018d36[0m
[2m14:28:15[0m [[32m[1minfo     [0m] [1mrequest_finished                        [0m [36mduration[0m=[35m0.01[0m [36mmethod[0m=[35mGET[0m [36mpath[0m=[35m/api/v1/challenges/969d6622-54cc-4538-a61d-2c29f64e8b4c[0m [36mreq[0m=[35m0d018d36[0m [36mrequest_id[0m=[35m0d018d36-7d1c-4ab6-af5b-93b98000d62d[0m [36mstatus[0m=[35m200[0m
[2m14:28:20[0m [[32m[1minfo     [0m] [1mGetting challenge status: id=969d6622-54cc-4538-a61d-2c29f64e8b4c[0m [36mreq[0m=[35m39415c4e[0m
[2m14:28:20[0m [[32m[1minfo     [0m] [1mrequest_finished                        [0m [36mduration[0m=[35m0.006[0m [36mmethod[0m=[35mGET[0m [36mpath[0m=[35m/api/v1/challenges/969d6622-54cc-4538-a61d-2c29f64e8b4c[0m [36mreq[0m=[35m39415c4e[0m [36mrequest_id[0m=[35m39415c4e-1059-4454-ae51-6b382072f8b7[0m [36mstatus[0m=[35m200[0m
[2m14:28:21[0m [[32m[1minfo     [0m] [1mPip packages installed successfully     [0m [36mreq[0m=[35m0e2ad3fc[0m
[2m14:28:25[0m [[32m[1minfo     [0m] [1mGetting challenge status: id=969d6622-54cc-4538-a61d-2c29f64e8b4c[0m [36mreq[0m=[35m1ccc27d0[0m
[2m14:28:25[0m [[32m[1minfo     [0m] [1mrequest_finished                        [0m [36mduration[0m=[35m0.006[0m [36mmethod[0m=[35mGET[0m [36mpath[0m=[35m/api/v1/challenges/969d6622-54cc-4538-a61d-2c29f64e8b4c[0m [36mreq[0m=[35m1ccc27d0[0m [36mrequest_id[0m=[35m1ccc27d0-5bbc-4448-aeec-c6c9a1c7831a[0m [36mstatus[0m=[35m200[0m
[2m14:28:30[0m [[32m[1minfo     [0m] [1mGetting challenge status: id=969d6622-54cc-4538-a61d-2c29f64e8b4c[0m [36mreq[0m=[35m5a87a623[0m
[2m14:28:30[0m [[32m[1minfo     [0m] [1mrequest_finished                        [0m [36mduration[0m=[35m0.005[0m [36mmethod[0m=[35mGET[0m [36mpath[0m=[35m/api/v1/challenges/969d6622-54cc-4538-a61d-2c29f64e8b4c[0m [36mreq[0m=[35m5a87a623[0m [36mrequest_id[0m=[35m5a87a623-3f77-4191-a78b-e4ddfdbcbb16[0m [36mstatus[0m=[35m200[0m
[2m14:28:35[0m [[32m[1minfo     [0m] [1mGetting challenge status: id=969d6622-54cc-4538-a61d-2c29f64e8b4c[0m [36mreq[0m=[35m52b47ff4[0m
[2m14:28:35[0m [[32m[1minfo     [0m] [1mrequest_finished                        [0m [36mduration[0m=[35m0.008[0m [36mmethod[0m=[35mGET[0m [36mpath[0m=[35m/api/v1/challenges/969d6622-54cc-4538-a61d-2c29f64e8b4c[0m [36mreq[0m=[35m52b47ff4[0m [36mrequest_id[0m=[35m52b47ff4-a158-48c0-b195-d7c19ace440d[0m [36mstatus[0m=[35m200[0m
[2m14:28:40[0m [[32m[1minfo     [0m] [1mGetting challenge status: id=969d6622-54cc-4538-a61d-2c29f64e8b4c[0m [36mreq[0m=[35m043f0bf1[0m
[2m14:28:40[0m [[32m[1minfo     [0m] [1mrequest_finished                        [0m [36mduration[0m=[35m0.009[0m [36mmethod[0m=[35mGET[0m [36mpath[0m=[35m/api/v1/challenges/969d6622-54cc-4538-a61d-2c29f64e8b4c[0m [36mreq[0m=[35m043f0bf1[0m [36mrequest_id[0m=[35m043f0bf1-625b-4253-92b5-a77735846aca[0m [36mstatus[0m=[35m200[0m
[2m14:28:45[0m [[32m[1minfo     [0m] [1mGetting challenge status: id=969d6622-54cc-4538-a61d-2c29f64e8b4c[0m [36mreq[0m=[35m517e7e46[0m
[2m14:28:45[0m [[32m[1minfo     [0m] [1mrequest_finished                        [0m [36mduration[0m=[35m0.005[0m [36mmethod[0m=[35mGET[0m [36mpath[0m=[35m/api/v1/challenges/969d6622-54cc-4538-a61d-2c29f64e8b4c[0m [36mreq[0m=[35m517e7e46[0m [36mrequest_id[0m=[35m517e7e46-6132-4af6-a987-1acc06465649[0m [36mstatus[0m=[35m200[0m
[2m14:28:50[0m [[32m[1minfo     [0m] [1mGetting challenge status: id=969d6622-54cc-4538-a61d-2c29f64e8b4c[0m [36mreq[0m=[35ma4344b0e[0m
[2m14:28:50[0m [[32m[1minfo     [0m] [1mrequest_finished                        [0m [36mduration[0m=[35m0.005[0m [36mmethod[0m=[35mGET[0m [36mpath[0m=[35m/api/v1/challenges/969d6622-54cc-4538-a61d-2c29f64e8b4c[0m [36mreq[0m=[35ma4344b0e[0m [36mrequest_id[0m=[35ma4344b0e-06e9-4755-bd0f-69d5e593d64c[0m [36mstatus[0m=[35m200[0m
[2m14:28:55[0m [[32m[1minfo     [0m] [1mGetting challenge status: id=969d6622-54cc-4538-a61d-2c29f64e8b4c[0m [36mreq[0m=[35m7667ebec[0m
[2m14:28:55[0m [[32m[1minfo     [0m] [1mrequest_finished                        [0m [36mduration[0m=[35m0.005[0m [36mmethod[0m=[35mGET[0m [36mpath[0m=[35m/api/v1/challenges/969d6622-54cc-4538-a61d-2c29f64e8b4c[0m [36mreq[0m=[35m7667ebec[0m [36mrequest_id[0m=[35m7667ebec-ba01-4e6f-bc65-d950a1202718[0m [36mstatus[0m=[35m200[0m
[2m14:29:00[0m [[32m[1minfo     [0m] [1mGetting challenge status: id=969d6622-54cc-4538-a61d-2c29f64e8b4c[0m [36mreq[0m=[35mf039aacb[0m
[2m14:29:00[0m [[32m[1minfo     [0m] [1mrequest_finished                        [0m [36mduration[0m=[35m0.007[0m [36mmethod[0m=[35mGET[0m [36mpath[0m=[35m/api/v1/challenges/969d6622-54cc-4538-a61d-2c29f64e8b4c[0m [36mreq[0m=[35mf039aacb[0m [36mrequest_id[0m=[35mf039aacb-ae31-420d-a82f-cba096cefffd[0m [36mstatus[0m=[35m200[0m
[2m14:29:05[0m [[32m[1minfo     [0m] [1mGetting challenge status: id=969d6622-54cc-4538-a61d-2c29f64e8b4c[0m [36mreq[0m=[35m0945c80c[0m
[2m14:29:05[0m [[32m[1minfo     [0m] [1mrequest_finished                        [0m [36mduration[0m=[35m0.007[0m [36mmethod[0m=[35mGET[0m [36mpath[0m=[35m/api/v1/challenges/969d6622-54cc-4538-a61d-2c29f64e8b4c[0m [36mreq[0m=[35m0945c80c[0m [36mrequest_id[0m=[35m0945c80c-d187-4d96-b53e-d107df0d4d8a[0m [36mstatus[0m=[35m200[0m
[2m14:29:10[0m [[32m[1minfo     [0m] [1mGetting challenge status: id=969d6622-54cc-4538-a61d-2c29f64e8b4c[0m [36mreq[0m=[35m49825afc[0m
[2m14:29:10[0m [[32m[1minfo     [0m] [1mrequest_finished                        [0m [36mduration[0m=[35m0.006[0m [36mmethod[0m=[35mGET[0m [36mpath[0m=[35m/api/v1/challenges/969d6622-54cc-4538-a61d-2c29f64e8b4c[0m [36mreq[0m=[35m49825afc[0m [36mrequest_id[0m=[35m49825afc-8d2b-4660-9ef8-58b07029cbfb[0m [36mstatus[0m=[35m200[0m
[2m14:29:15[0m [[32m[1minfo     [0m] [1mGetting challenge status: id=969d6622-54cc-4538-a61d-2c29f64e8b4c[0m [36mreq[0m=[35m70f85b39[0m
[2m14:29:15[0m [[32m[1minfo     [0m] [1mrequest_finished                        [0m [36mduration[0m=[35m0.015[0m [36mmethod[0m=[35mGET[0m [36mpath[0m=[35m/api/v1/challenges/969d6622-54cc-4538-a61d-2c29f64e8b4c[0m [36mreq[0m=[35m70f85b39[0m [36mrequest_id[0m=[35m70f85b39-45f9-4171-a5c0-3e4210d6f687[0m [36mstatus[0m=[35m200[0m
[2m14:29:20[0m [[32m[1minfo     [0m] [1mGetting challenge status: id=969d6622-54cc-4538-a61d-2c29f64e8b4c[0m [36mreq[0m=[35m15615a36[0m
[2m14:29:20[0m [[32m[1minfo     [0m] [1mrequest_finished                        [0m [36mduration[0m=[35m0.005[0m [36mmethod[0m=[35mGET[0m [36mpath[0m=[35m/api/v1/challenges/969d6622-54cc-4538-a61d-2c29f64e8b4c[0m [36mreq[0m=[35m15615a36[0m [36mrequest_id[0m=[35m15615a36-0267-4d8a-8167-6d427f488f19[0m [36mstatus[0m=[35m200[0m
[2m14:29:25[0m [[32m[1minfo     [0m] [1mGetting challenge status: id=969d6622-54cc-4538-a61d-2c29f64e8b4c[0m [36mreq[0m=[35maee43385[0m
[2m14:29:25[0m [[32m[1minfo     [0m] [1mrequest_finished                        [0m [36mduration[0m=[35m0.005[0m [36mmethod[0m=[35mGET[0m [36mpath[0m=[35m/api/v1/challenges/969d6622-54cc-4538-a61d-2c29f64e8b4c[0m [36mreq[0m=[35maee43385[0m [36mrequest_id[0m=[35maee43385-14e0-4686-9978-4a89c4637418[0m [36mstatus[0m=[35m200[0m
[2m14:29:30[0m [[32m[1minfo     [0m] [1mGetting challenge status: id=969d6622-54cc-4538-a61d-2c29f64e8b4c[0m [36mreq[0m=[35mafb399f8[0m
[2m14:29:30[0m [[32m[1minfo     [0m] [1mrequest_finished                        [0m [36mduration[0m=[35m0.006[0m [36mmethod[0m=[35mGET[0m [36mpath[0m=[35m/api/v1/challenges/969d6622-54cc-4538-a61d-2c29f64e8b4c[0m [36mreq[0m=[35mafb399f8[0m [36mrequest_id[0m=[35mafb399f8-d8fa-4d99-a857-0f94876d77cf[0m [36mstatus[0m=[35m200[0m
[2m14:29:35[0m [[32m[1minfo     [0m] [1mGetting challenge status: id=969d6622-54cc-4538-a61d-2c29f64e8b4c[0m [36mreq[0m=[35mc97e90b0[0m
[2m14:29:35[0m [[32m[1minfo     [0m] [1mrequest_finished                        [0m [36mduration[0m=[35m0.007[0m [36mmethod[0m=[35mGET[0m [36mpath[0m=[35m/api/v1/challenges/969d6622-54cc-4538-a61d-2c29f64e8b4c[0m [36mreq[0m=[35mc97e90b0[0m [36mrequest_id[0m=[35mc97e90b0-e3c7-4cea-97a3-b48c24c7a77b[0m [36mstatus[0m=[35m200[0m
[2m14:29:40[0m [[32m[1minfo     [0m] [1mGetting challenge status: id=969d6622-54cc-4538-a61d-2c29f64e8b4c[0m [36mreq[0m=[35m4ea67e57[0m
[2m14:29:40[0m [[32m[1minfo     [0m] [1mrequest_finished                        [0m [36mduration[0m=[35m0.007[0m [36mmethod[0m=[35mGET[0m [36mpath[0m=[35m/api/v1/challenges/969d6622-54cc-4538-a61d-2c29f64e8b4c[0m [36mreq[0m=[35m4ea67e57[0m [36mrequest_id[0m=[35m4ea67e57-08f4-4af9-95e7-152e5f34fba4[0m [36mstatus[0m=[35m200[0m
[2m14:29:45[0m [[32m[1minfo     [0m] [1mGetting challenge status: id=969d6622-54cc-4538-a61d-2c29f64e8b4c[0m [36mreq[0m=[35md7ad6fa2[0m
[2m14:29:45[0m [[32m[1minfo     [0m] [1mrequest_finished                        [0m [36mduration[0m=[35m0.014[0m [36mmethod[0m=[35mGET[0m [36mpath[0m=[35m/api/v1/challenges/969d6622-54cc-4538-a61d-2c29f64e8b4c[0m [36mreq[0m=[35md7ad6fa2[0m [36mrequest_id[0m=[35md7ad6fa2-239c-43fb-ab39-9f54c5f513e3[0m [36mstatus[0m=[35m200[0m
[2m14:29:50[0m [[32m[1minfo     [0m] [1mGetting challenge status: id=969d6622-54cc-4538-a61d-2c29f64e8b4c[0m [36mreq[0m=[35m0f0eee5c[0m
[2m14:29:50[0m [[32m[1minfo     [0m] [1mrequest_finished                        [0m [36mduration[0m=[35m0.005[0m [36mmethod[0m=[35mGET[0m [36mpath[0m=[35m/api/v1/challenges/969d6622-54cc-4538-a61d-2c29f64e8b4c[0m [36mreq[0m=[35m0f0eee5c[0m [36mrequest_id[0m=[35m0f0eee5c-49b8-408f-bae9-ade9473c9bfc[0m [36mstatus[0m=[35m200[0m
[2m14:29:55[0m [[32m[1minfo     [0m] [1mGetting challenge status: id=969d6622-54cc-4538-a61d-2c29f64e8b4c[0m [36mreq[0m=[35mfcab9a63[0m
[2m14:29:55[0m [[32m[1minfo     [0m] [1mrequest_finished                        [0m [36mduration[0m=[35m0.003[0m [36mmethod[0m=[35mGET[0m [36mpath[0m=[35m/api/v1/challenges/969d6622-54cc-4538-a61d-2c29f64e8b4c[0m [36mreq[0m=[35mfcab9a63[0m [36mrequest_id[0m=[35mfcab9a63-7d80-47f2-88c4-b90beb361588[0m [36mstatus[0m=[35m200[0m
[2m14:30:00[0m [[32m[1minfo     [0m] [1mGetting challenge status: id=969d6622-54cc-4538-a61d-2c29f64e8b4c[0m [36mreq[0m=[35m5f02c100[0m
[2m14:30:00[0m [[32m[1minfo     [0m] [1mrequest_finished                        [0m [36mduration[0m=[35m0.005[0m [36mmethod[0m=[35mGET[0m [36mpath[0m=[35m/api/v1/challenges/969d6622-54cc-4538-a61d-2c29f64e8b4c[0m [36mreq[0m=[35m5f02c100[0m [36mrequest_id[0m=[35m5f02c100-0c1f-4c95-8058-5c378e829971[0m [36mstatus[0m=[35m200[0m
[2m14:30:05[0m [[32m[1minfo     [0m] [1mGetting challenge status: id=969d6622-54cc-4538-a61d-2c29f64e8b4c[0m [36mreq[0m=[35mf19ba1d7[0m
[2m14:30:05[0m [[32m[1minfo     [0m] [1mrequest_finished                        [0m [36mduration[0m=[35m0.008[0m [36mmethod[0m=[35mGET[0m [36mpath[0m=[35m/api/v1/challenges/969d6622-54cc-4538-a61d-2c29f64e8b4c[0m [36mreq[0m=[35mf19ba1d7[0m [36mrequest_id[0m=[35mf19ba1d7-446b-41fc-b34a-b3f50772b559[0m [36mstatus[0m=[35m200[0m
[2m14:30:10[0m [[32m[1minfo     [0m] [1mGetting challenge status: id=969d6622-54cc-4538-a61d-2c29f64e8b4c[0m [36mreq[0m=[35m712ba99c[0m
[2m14:30:10[0m [[32m[1minfo     [0m] [1mrequest_finished                        [0m [36mduration[0m=[35m0.007[0m [36mmethod[0m=[35mGET[0m [36mpath[0m=[35m/api/v1/challenges/969d6622-54cc-4538-a61d-2c29f64e8b4c[0m [36mreq[0m=[35m712ba99c[0m [36mrequest_id[0m=[35m712ba99c-5eca-4b69-996c-ebda175bd237[0m [36mstatus[0m=[35m200[0m
[2m14:30:15[0m [[32m[1minfo     [0m] [1mGetting challenge status: id=969d6622-54cc-4538-a61d-2c29f64e8b4c[0m [36mreq[0m=[35mde225bf4[0m
[2m14:30:15[0m [[32m[1minfo     [0m] [1mrequest_finished                        [0m [36mduration[0m=[35m0.01[0m [36mmethod[0m=[35mGET[0m [36mpath[0m=[35m/api/v1/challenges/969d6622-54cc-4538-a61d-2c29f64e8b4c[0m [36mreq[0m=[35mde225bf4[0m [36mrequest_id[0m=[35mde225bf4-3fe0-4aca-87a6-d10abec62e9f[0m [36mstatus[0m=[35m200[0m
[2m14:30:20[0m [[32m[1minfo     [0m] [1mGetting challenge status: id=969d6622-54cc-4538-a61d-2c29f64e8b4c[0m [36mreq[0m=[35mf532ab80[0m
[2m14:30:20[0m [[32m[1minfo     [0m] [1mrequest_finished                        [0m [36mduration[0m=[35m0.006[0m [36mmethod[0m=[35mGET[0m [36mpath[0m=[35m/api/v1/challenges/969d6622-54cc-4538-a61d-2c29f64e8b4c[0m [36mreq[0m=[35mf532ab80[0m [36mrequest_id[0m=[35mf532ab80-be7d-4e65-96ff-5fcecac4fd29[0m [36mstatus[0m=[35m200[0m
[2m14:30:25[0m [[32m[1minfo     [0m] [1mGetting challenge status: id=969d6622-54cc-4538-a61d-2c29f64e8b4c[0m [36mreq[0m=[35m081b61ff[0m
[2m14:30:25[0m [[32m[1minfo     [0m] [1mrequest_finished                        [0m [36mduration[0m=[35m0.005[0m [36mmethod[0m=[35mGET[0m [36mpath[0m=[35m/api/v1/challenges/969d6622-54cc-4538-a61d-2c29f64e8b4c[0m [36mreq[0m=[35m081b61ff[0m [36mrequest_id[0m=[35m081b61ff-3bbc-49c1-809b-af2dfc1b042d[0m [36mstatus[0m=[35m200[0m
[2m14:30:30[0m [[32m[1minfo     [0m] [1mGetting challenge status: id=969d6622-54cc-4538-a61d-2c29f64e8b4c[0m [36mreq[0m=[35mbfb8743a[0m
[2m14:30:30[0m [[32m[1minfo     [0m] [1mrequest_finished                        [0m [36mduration[0m=[35m0.005[0m [36mmethod[0m=[35mGET[0m [36mpath[0m=[35m/api/v1/challenges/969d6622-54cc-4538-a61d-2c29f64e8b4c[0m [36mreq[0m=[35mbfb8743a[0m [36mrequest_id[0m=[35mbfb8743a-a564-4778-80d9-b0751bc77b55[0m [36mstatus[0m=[35m200[0m
[2m14:30:35[0m [[32m[1minfo     [0m] [1mGetting challenge status: id=969d6622-54cc-4538-a61d-2c29f64e8b4c[0m [36mreq[0m=[35m816bfbba[0m
[2m14:30:35[0m [[32m[1minfo     [0m] [1mrequest_finished                        [0m [36mduration[0m=[35m0.007[0m [36mmethod[0m=[35mGET[0m [36mpath[0m=[35m/api/v1/challenges/969d6622-54cc-4538-a61d-2c29f64e8b4c[0m [36mreq[0m=[35m816bfbba[0m [36mrequest_id[0m=[35m816bfbba-233f-40f6-8d67-a7a99c4cc616[0m [36mstatus[0m=[35m200[0m
[2m14:30:40[0m [[32m[1minfo     [0m] [1mGetting challenge status: id=969d6622-54cc-4538-a61d-2c29f64e8b4c[0m [36mreq[0m=[35m45a763d2[0m
[2m14:30:40[0m [[32m[1minfo     [0m] [1mrequest_finished                        [0m [36mduration[0m=[35m0.006[0m [36mmethod[0m=[35mGET[0m [36mpath[0m=[35m/api/v1/challenges/969d6622-54cc-4538-a61d-2c29f64e8b4c[0m [36mreq[0m=[35m45a763d2[0m [36mrequest_id[0m=[35m45a763d2-40f1-49da-af9b-db92a3f03465[0m [36mstatus[0m=[35m200[0m
[2m14:30:45[0m [[32m[1minfo     [0m] [1mGetting challenge status: id=969d6622-54cc-4538-a61d-2c29f64e8b4c[0m [36mreq[0m=[35m87b17c5d[0m
[2m14:30:45[0m [[32m[1minfo     [0m] [1mrequest_finished                        [0m [36mduration[0m=[35m0.014[0m [36mmethod[0m=[35mGET[0m [36mpath[0m=[35m/api/v1/challenges/969d6622-54cc-4538-a61d-2c29f64e8b4c[0m [36mreq[0m=[35m87b17c5d[0m [36mrequest_id[0m=[35m87b17c5d-4193-48b8-a46a-806177ce2d61[0m [36mstatus[0m=[35m200[0m
[2m14:30:50[0m [[32m[1minfo     [0m] [1mGetting challenge status: id=969d6622-54cc-4538-a61d-2c29f64e8b4c[0m [36mreq[0m=[35m0cf6a534[0m
[2m14:30:50[0m [[32m[1minfo     [0m] [1mrequest_finished                        [0m [36mduration[0m=[35m0.014[0m [36mmethod[0m=[35mGET[0m [36mpath[0m=[35m/api/v1/challenges/969d6622-54cc-4538-a61d-2c29f64e8b4c[0m [36mreq[0m=[35m0cf6a534[0m [36mrequest_id[0m=[35m0cf6a534-09b8-44cb-9593-d5578c3afb71[0m [36mstatus[0m=[35m200[0m
[2m14:30:55[0m [[32m[1minfo     [0m] [1mGetting challenge status: id=969d6622-54cc-4538-a61d-2c29f64e8b4c[0m [36mreq[0m=[35mb4cf534e[0m
[2m14:30:55[0m [[32m[1minfo     [0m] [1mrequest_finished                        [0m [36mduration[0m=[35m0.005[0m [36mmethod[0m=[35mGET[0m [36mpath[0m=[35m/api/v1/challenges/969d6622-54cc-4538-a61d-2c29f64e8b4c[0m [36mreq[0m=[35mb4cf534e[0m [36mrequest_id[0m=[35mb4cf534e-9a1a-433b-98df-8fe5aa900374[0m [36mstatus[0m=[35m200[0m
[2m14:31:00[0m [[32m[1minfo     [0m] [1mGetting challenge status: id=969d6622-54cc-4538-a61d-2c29f64e8b4c[0m [36mreq[0m=[35mad437000[0m
[2m14:31:00[0m [[32m[1minfo     [0m] [1mrequest_finished                        [0m [36mduration[0m=[35m0.006[0m [36mmethod[0m=[35mGET[0m [36mpath[0m=[35m/api/v1/challenges/969d6622-54cc-4538-a61d-2c29f64e8b4c[0m [36mreq[0m=[35mad437000[0m [36mrequest_id[0m=[35mad437000-ba9e-40d2-bfd5-4b92275ebe3d[0m [36mstatus[0m=[35m200[0m
[2m14:31:05[0m [[32m[1minfo     [0m] [1mGetting challenge status: id=969d6622-54cc-4538-a61d-2c29f64e8b4c[0m [36mreq[0m=[35mc242ebbf[0m
[2m14:31:05[0m [[32m[1minfo     [0m] [1mrequest_finished                        [0m [36mduration[0m=[35m0.006[0m [36mmethod[0m=[35mGET[0m [36mpath[0m=[35m/api/v1/challenges/969d6622-54cc-4538-a61d-2c29f64e8b4c[0m [36mreq[0m=[35mc242ebbf[0m [36mrequest_id[0m=[35mc242ebbf-6e15-4878-94ee-292d6e1f6a37[0m [36mstatus[0m=[35m200[0m
[2m14:31:10[0m [[32m[1minfo     [0m] [1mGetting challenge status: id=969d6622-54cc-4538-a61d-2c29f64e8b4c[0m [36mreq[0m=[35ma6a9050d[0m
[2m14:31:10[0m [[32m[1minfo     [0m] [1mrequest_finished                        [0m [36mduration[0m=[35m0.008[0m [36mmethod[0m=[35mGET[0m [36mpath[0m=[35m/api/v1/challenges/969d6622-54cc-4538-a61d-2c29f64e8b4c[0m [36mreq[0m=[35ma6a9050d[0m [36mrequest_id[0m=[35ma6a9050d-642e-4dbd-92b7-87150af54690[0m [36mstatus[0m=[35m200[0m
[2m14:31:15[0m [[32m[1minfo     [0m] [1mGetting challenge status: id=969d6622-54cc-4538-a61d-2c29f64e8b4c[0m [36mreq[0m=[35mbdf1e78c[0m
[2m14:31:15[0m [[32m[1minfo     [0m] [1mrequest_finished                        [0m [36mduration[0m=[35m0.008[0m [36mmethod[0m=[35mGET[0m [36mpath[0m=[35m/api/v1/challenges/969d6622-54cc-4538-a61d-2c29f64e8b4c[0m [36mreq[0m=[35mbdf1e78c[0m [36mrequest_id[0m=[35mbdf1e78c-546e-4598-8423-8d65c074a7e5[0m [36mstatus[0m=[35m200[0m
[2m14:31:20[0m [[32m[1minfo     [0m] [1mGetting challenge status: id=969d6622-54cc-4538-a61d-2c29f64e8b4c[0m [36mreq[0m=[35mb6502924[0m
[2m14:31:20[0m [[32m[1minfo     [0m] [1mrequest_finished                        [0m [36mduration[0m=[35m0.022[0m [36mmethod[0m=[35mGET[0m [36mpath[0m=[35m/api/v1/challenges/969d6622-54cc-4538-a61d-2c29f64e8b4c[0m [36mreq[0m=[35mb6502924[0m [36mrequest_id[0m=[35mb6502924-4578-45a1-aee0-5302db7f48d7[0m [36mstatus[0m=[35m200[0m
[2m14:31:25[0m [[32m[1minfo     [0m] [1mGetting challenge status: id=969d6622-54cc-4538-a61d-2c29f64e8b4c[0m [36mreq[0m=[35me7bbd22f[0m
[2m14:31:25[0m [[32m[1minfo     [0m] [1mrequest_finished                        [0m [36mduration[0m=[35m0.006[0m [36mmethod[0m=[35mGET[0m [36mpath[0m=[35m/api/v1/challenges/969d6622-54cc-4538-a61d-2c29f64e8b4c[0m [36mreq[0m=[35me7bbd22f[0m [36mrequest_id[0m=[35me7bbd22f-1b41-4185-a7b4-e5a39b1b6612[0m [36mstatus[0m=[35m200[0m
[2m14:31:30[0m [[32m[1minfo     [0m] [1mGetting challenge status: id=969d6622-54cc-4538-a61d-2c29f64e8b4c[0m [36mreq[0m=[35mb8fd7835[0m
[2m14:31:30[0m [[32m[1minfo     [0m] [1mrequest_finished                        [0m [36mduration[0m=[35m0.007[0m [36mmethod[0m=[35mGET[0m [36mpath[0m=[35m/api/v1/challenges/969d6622-54cc-4538-a61d-2c29f64e8b4c[0m [36mreq[0m=[35mb8fd7835[0m [36mrequest_id[0m=[35mb8fd7835-14d4-4764-b4ed-3e340ba6e028[0m [36mstatus[0m=[35m200[0m
[2m14:31:35[0m [[32m[1minfo     [0m] [1mGetting challenge status: id=969d6622-54cc-4538-a61d-2c29f64e8b4c[0m [36mreq[0m=[35m7c146f48[0m
[2m14:31:35[0m [[32m[1minfo     [0m] [1mrequest_finished                        [0m [36mduration[0m=[35m0.007[0m [36mmethod[0m=[35mGET[0m [36mpath[0m=[35m/api/v1/challenges/969d6622-54cc-4538-a61d-2c29f64e8b4c[0m [36mreq[0m=[35m7c146f48[0m [36mrequest_id[0m=[35m7c146f48-cbf1-417a-b2db-17b3598b793e[0m [36mstatus[0m=[35m200[0m
[2m14:31:40[0m [[32m[1minfo     [0m] [1mGetting challenge status: id=969d6622-54cc-4538-a61d-2c29f64e8b4c[0m [36mreq[0m=[35mb9e08b6a[0m
[2m14:31:40[0m [[32m[1minfo     [0m] [1mrequest_finished                        [0m [36mduration[0m=[35m0.007[0m [36mmethod[0m=[35mGET[0m [36mpath[0m=[35m/api/v1/challenges/969d6622-54cc-4538-a61d-2c29f64e8b4c[0m [36mreq[0m=[35mb9e08b6a[0m [36mrequest_id[0m=[35mb9e08b6a-de7f-4343-b0df-c06d085d47db[0m [36mstatus[0m=[35m200[0m
[2m14:31:45[0m [[32m[1minfo     [0m] [1mGetting challenge status: id=969d6622-54cc-4538-a61d-2c29f64e8b4c[0m [36mreq[0m=[35mfc023b91[0m
[2m14:31:45[0m [[32m[1minfo     [0m] [1mrequest_finished                        [0m [36mduration[0m=[35m0.006[0m [36mmethod[0m=[35mGET[0m [36mpath[0m=[35m/api/v1/challenges/969d6622-54cc-4538-a61d-2c29f64e8b4c[0m [36mreq[0m=[35mfc023b91[0m [36mrequest_id[0m=[35mfc023b91-9bd0-4d51-8a95-aee7247dc590[0m [36mstatus[0m=[35m200[0m
[2m14:31:50[0m [[32m[1minfo     [0m] [1mGetting challenge status: id=969d6622-54cc-4538-a61d-2c29f64e8b4c[0m [36mreq[0m=[35md2738fa4[0m
[2m14:31:50[0m [[32m[1minfo     [0m] [1mrequest_finished                        [0m [36mduration[0m=[35m0.009[0m [36mmethod[0m=[35mGET[0m [36mpath[0m=[35m/api/v1/challenges/969d6622-54cc-4538-a61d-2c29f64e8b4c[0m [36mreq[0m=[35md2738fa4[0m [36mrequest_id[0m=[35md2738fa4-86b5-4b0a-b89a-dd7e6c5b1123[0m [36mstatus[0m=[35m200[0m
[2m14:31:55[0m [[32m[1minfo     [0m] [1mGetting challenge status: id=969d6622-54cc-4538-a61d-2c29f64e8b4c[0m [36mreq[0m=[35m3f7b000e[0m
[2m14:31:55[0m [[32m[1minfo     [0m] [1mrequest_finished                        [0m [36mduration[0m=[35m0.005[0m [36mmethod[0m=[35mGET[0m [36mpath[0m=[35m/api/v1/challenges/969d6622-54cc-4538-a61d-2c29f64e8b4c[0m [36mreq[0m=[35m3f7b000e[0m [36mrequest_id[0m=[35m3f7b000e-3c88-42de-be3a-fa4898100416[0m [36mstatus[0m=[35m200[0m
[2m14:32:00[0m [[32m[1minfo     [0m] [1mGetting challenge status: id=969d6622-54cc-4538-a61d-2c29f64e8b4c[0m [36mreq[0m=[35m210adafa[0m
[2m14:32:00[0m [[32m[1minfo     [0m] [1mrequest_finished                        [0m [36mduration[0m=[35m0.005[0m [36mmethod[0m=[35mGET[0m [36mpath[0m=[35m/api/v1/challenges/969d6622-54cc-4538-a61d-2c29f64e8b4c[0m [36mreq[0m=[35m210adafa[0m [36mrequest_id[0m=[35m210adafa-5dfa-4395-b537-a2cc99e19784[0m [36mstatus[0m=[35m200[0m
[2m14:32:05[0m [[32m[1minfo     [0m] [1mGetting challenge status: id=969d6622-54cc-4538-a61d-2c29f64e8b4c[0m [36mreq[0m=[35ma74108d3[0m
[2m14:32:05[0m [[32m[1minfo     [0m] [1mrequest_finished                        [0m [36mduration[0m=[35m0.004[0m [36mmethod[0m=[35mGET[0m [36mpath[0m=[35m/api/v1/challenges/969d6622-54cc-4538-a61d-2c29f64e8b4c[0m [36mreq[0m=[35ma74108d3[0m [36mrequest_id[0m=[35ma74108d3-eed7-462b-9f58-20a6e931b5d0[0m [36mstatus[0m=[35m200[0m
[2m14:32:10[0m [[32m[1minfo     [0m] [1mGetting challenge status: id=969d6622-54cc-4538-a61d-2c29f64e8b4c[0m [36mreq[0m=[35m5e8abc1a[0m
[2m14:32:10[0m [[32m[1minfo     [0m] [1mrequest_finished                        [0m [36mduration[0m=[35m0.006[0m [36mmethod[0m=[35mGET[0m [36mpath[0m=[35m/api/v1/challenges/969d6622-54cc-4538-a61d-2c29f64e8b4c[0m [36mreq[0m=[35m5e8abc1a[0m [36mrequest_id[0m=[35m5e8abc1a-f7bb-45d4-be39-b6cec6968f84[0m [36mstatus[0m=[35m200[0m
[2m14:32:15[0m [[32m[1minfo     [0m] [1mGetting challenge status: id=969d6622-54cc-4538-a61d-2c29f64e8b4c[0m [36mreq[0m=[35me8d261f9[0m
[2m14:32:15[0m [[32m[1minfo     [0m] [1mrequest_finished                        [0m [36mduration[0m=[35m0.009[0m [36mmethod[0m=[35mGET[0m [36mpath[0m=[35m/api/v1/challenges/969d6622-54cc-4538-a61d-2c29f64e8b4c[0m [36mreq[0m=[35me8d261f9[0m [36mrequest_id[0m=[35me8d261f9-8a19-4c20-bae2-9bcd8f542db5[0m [36mstatus[0m=[35m200[0m
[2m14:32:20[0m [[32m[1minfo     [0m] [1mGetting challenge status: id=969d6622-54cc-4538-a61d-2c29f64e8b4c[0m [36mreq[0m=[35mc64033f3[0m
[2m14:32:20[0m [[32m[1minfo     [0m] [1mrequest_finished                        [0m [36mduration[0m=[35m0.007[0m [36mmethod[0m=[35mGET[0m [36mpath[0m=[35m/api/v1/challenges/969d6622-54cc-4538-a61d-2c29f64e8b4c[0m [36mreq[0m=[35mc64033f3[0m [36mrequest_id[0m=[35mc64033f3-4370-46b0-98d4-08a92abddbf5[0m [36mstatus[0m=[35m200[0m
[2m14:32:25[0m [[32m[1minfo     [0m] [1mGetting challenge status: id=969d6622-54cc-4538-a61d-2c29f64e8b4c[0m [36mreq[0m=[35m647b03fe[0m
[2m14:32:25[0m [[32m[1minfo     [0m] [1mrequest_finished                        [0m [36mduration[0m=[35m0.01[0m [36mmethod[0m=[35mGET[0m [36mpath[0m=[35m/api/v1/challenges/969d6622-54cc-4538-a61d-2c29f64e8b4c[0m [36mreq[0m=[35m647b03fe[0m [36mrequest_id[0m=[35m647b03fe-f6f2-45f7-a689-910f84d87692[0m [36mstatus[0m=[35m200[0m
[2m14:32:30[0m [[32m[1minfo     [0m] [1mGetting challenge status: id=969d6622-54cc-4538-a61d-2c29f64e8b4c[0m [36mreq[0m=[35m10c194ad[0m
[2m14:32:30[0m [[32m[1minfo     [0m] [1mrequest_finished                        [0m [36mduration[0m=[35m0.005[0m [36mmethod[0m=[35mGET[0m [36mpath[0m=[35m/api/v1/challenges/969d6622-54cc-4538-a61d-2c29f64e8b4c[0m [36mreq[0m=[35m10c194ad[0m [36mrequest_id[0m=[35m10c194ad-ef98-4f04-a055-ccf798cdf59f[0m [36mstatus[0m=[35m200[0m
[2m14:32:35[0m [[32m[1minfo     [0m] [1mGetting challenge status: id=969d6622-54cc-4538-a61d-2c29f64e8b4c[0m [36mreq[0m=[35m94932c37[0m
[2m14:32:35[0m [[32m[1minfo     [0m] [1mrequest_finished                        [0m [36mduration[0m=[35m0.005[0m [36mmethod[0m=[35mGET[0m [36mpath[0m=[35m/api/v1/challenges/969d6622-54cc-4538-a61d-2c29f64e8b4c[0m [36mreq[0m=[35m94932c37[0m [36mrequest_id[0m=[35m94932c37-2ecb-4bbd-82b7-36fb81551966[0m [36mstatus[0m=[35m200[0m
[2m14:32:40[0m [[32m[1minfo     [0m] [1mGetting challenge status: id=969d6622-54cc-4538-a61d-2c29f64e8b4c[0m [36mreq[0m=[35m90ae3ef9[0m
[2m14:32:40[0m [[32m[1minfo     [0m] [1mrequest_finished                        [0m [36mduration[0m=[35m0.005[0m [36mmethod[0m=[35mGET[0m [36mpath[0m=[35m/api/v1/challenges/969d6622-54cc-4538-a61d-2c29f64e8b4c[0m [36mreq[0m=[35m90ae3ef9[0m [36mrequest_id[0m=[35m90ae3ef9-86e4-4afa-8bae-56dfed228728[0m [36mstatus[0m=[35m200[0m
[2m14:32:45[0m [[32m[1minfo     [0m] [1mGetting challenge status: id=969d6622-54cc-4538-a61d-2c29f64e8b4c[0m [36mreq[0m=[35mdac4bbae[0m
[2m14:32:45[0m [[32m[1minfo     [0m] [1mrequest_finished                        [0m [36mduration[0m=[35m0.004[0m [36mmethod[0m=[35mGET[0m [36mpath[0m=[35m/api/v1/challenges/969d6622-54cc-4538-a61d-2c29f64e8b4c[0m [36mreq[0m=[35mdac4bbae[0m [36mrequest_id[0m=[35mdac4bbae-670b-42e4-b635-5ac57ebb5062[0m [36mstatus[0m=[35m200[0m
[2m14:32:50[0m [[32m[1minfo     [0m] [1mGetting challenge status: id=969d6622-54cc-4538-a61d-2c29f64e8b4c[0m [36mreq[0m=[35m0e82ff1e[0m
[2m14:32:50[0m [[32m[1minfo     [0m] [1mrequest_finished                        [0m [36mduration[0m=[35m0.026[0m [36mmethod[0m=[35mGET[0m [36mpath[0m=[35m/api/v1/challenges/969d6622-54cc-4538-a61d-2c29f64e8b4c[0m [36mreq[0m=[35m0e82ff1e[0m [36mrequest_id[0m=[35m0e82ff1e-7494-4f43-9768-98368d16a074[0m [36mstatus[0m=[35m200[0m
[2m14:32:56[0m [[32m[1minfo     [0m] [1mGetting challenge status: id=969d6622-54cc-4538-a61d-2c29f64e8b4c[0m [36mreq[0m=[35m33491163[0m
[2m14:32:56[0m [[32m[1minfo     [0m] [1mrequest_finished                        [0m [36mduration[0m=[35m0.101[0m [36mmethod[0m=[35mGET[0m [36mpath[0m=[35m/api/v1/challenges/969d6622-54cc-4538-a61d-2c29f64e8b4c[0m [36mreq[0m=[35m33491163[0m [36mrequest_id[0m=[35m33491163-a017-4c57-9f18-02e6461e67a4[0m [36mstatus[0m=[35m200[0m
[2m14:33:01[0m [[32m[1minfo     [0m] [1mGetting challenge status: id=969d6622-54cc-4538-a61d-2c29f64e8b4c[0m [36mreq[0m=[35m04dc42ef[0m
[2m14:33:01[0m [[32m[1minfo     [0m] [1mrequest_finished                        [0m [36mduration[0m=[35m0.019[0m [36mmethod[0m=[35mGET[0m [36mpath[0m=[35m/api/v1/challenges/969d6622-54cc-4538-a61d-2c29f64e8b4c[0m [36mreq[0m=[35m04dc42ef[0m [36mrequest_id[0m=[35m04dc42ef-6c74-4e90-a845-2c7bbb630fb7[0m [36mstatus[0m=[35m200[0m
[2m14:33:06[0m [[32m[1minfo     [0m] [1mGetting challenge status: id=969d6622-54cc-4538-a61d-2c29f64e8b4c[0m [36mreq[0m=[35mb5915dd9[0m
[2m14:33:06[0m [[32m[1minfo     [0m] [1mrequest_finished                        [0m [36mduration[0m=[35m0.119[0m [36mmethod[0m=[35mGET[0m [36mpath[0m=[35m/api/v1/challenges/969d6622-54cc-4538-a61d-2c29f64e8b4c[0m [36mreq[0m=[35mb5915dd9[0m [36mrequest_id[0m=[35mb5915dd9-b1af-453c-9260-cdbf78c4ebf1[0m [36mstatus[0m=[35m200[0m
[2m14:33:11[0m [[32m[1minfo     [0m] [1mGetting challenge status: id=969d6622-54cc-4538-a61d-2c29f64e8b4c[0m [36mreq[0m=[35m129c5668[0m
[2m14:33:11[0m [[32m[1minfo     [0m] [1mrequest_finished                        [0m [36mduration[0m=[35m0.029[0m [36mmethod[0m=[35mGET[0m [36mpath[0m=[35m/api/v1/challenges/969d6622-54cc-4538-a61d-2c29f64e8b4c[0m [36mreq[0m=[35m129c5668[0m [36mrequest_id[0m=[35m129c5668-8c04-4eec-8281-c54f92be7e1b[0m [36mstatus[0m=[35m200[0m
[2m14:33:15[0m [[32m[1minfo     [0m] [1mSandbox execution complete: success=True, time=395864ms, cached=False[0m [36mreq[0m=[35m0e2ad3fc[0m
[2m14:33:16[0m [[32m[1minfo     [0m] [1mGetting challenge status: id=969d6622-54cc-4538-a61d-2c29f64e8b4c[0m [36mreq[0m=[35m8658379e[0m
[2m14:33:16[0m [[32m[1minfo     [0m] [1mrequest_finished                        [0m [36mduration[0m=[35m0.042[0m [36mmethod[0m=[35mGET[0m [36mpath[0m=[35m/api/v1/challenges/969d6622-54cc-4538-a61d-2c29f64e8b4c[0m [36mreq[0m=[35m8658379e[0m [36mrequest_id[0m=[35m8658379e-04ef-4d21-bcbf-b58e0f780e63[0m [36mstatus[0m=[35m200[0m
[2m14:33:21[0m [[32m[1minfo     [0m] [1mGetting challenge status: id=969d6622-54cc-4538-a61d-2c29f64e8b4c[0m [36mreq[0m=[35me2214e4c[0m
[2m14:33:21[0m [[32m[1minfo     [0m] [1mrequest_finished                        [0m [36mduration[0m=[35m0.006[0m [36mmethod[0m=[35mGET[0m [36mpath[0m=[35m/api/v1/challenges/969d6622-54cc-4538-a61d-2c29f64e8b4c[0m [36mreq[0m=[35me2214e4c[0m [36mrequest_id[0m=[35me2214e4c-8495-4e11-a80c-2c2989d1da77[0m [36mstatus[0m=[35m200[0m
[2m14:33:21[0m [[32m[1minfo     [0m] [1mTranskription erfolgreich: 2397 Zeichen [0m [36mreq[0m=[35m0e2ad3fc[0m
[2m14:33:21[0m [[32m[1minfo     [0m] [1mLoading topology from database...       [0m [36mreq[0m=[35m0e2ad3fc[0m
[2m14:33:21[0m [[32m[1minfo     [0m] [1mMapped 13 skill entries to 13 capabilities[0m [36mreq[0m=[35m0e2ad3fc[0m
[2m14:33:21[0m [[32m[1minfo     [0m] [1mTopology validated: 11 agents in 5 waves[0m [36mreq[0m=[35m0e2ad3fc[0m
[2m14:33:21[0m [[32m[1minfo     [0m] [1mLoaded 13 skills for topology           [0m [36mreq[0m=[35m0e2ad3fc[0m
[2m14:33:21[0m [[32m[1minfo     [0m] [1mTopology loaded: 11 agents, 5 waves     [0m [36mreq[0m=[35m0e2ad3fc[0m
[2m14:33:22[0m [[32m[1minfo     [0m] [1mShared memory initialized with Qdrant   [0m [36mreq[0m=[35m0e2ad3fc[0m
[2m14:33:22[0m [[32m[1minfo     [0m] [1mHybridOrchestrator initialized          [0m [36mreq[0m=[35m0e2ad3fc[0m
[2m14:33:22[0m [[32m[1minfo     [0m] [1mStarting execution: f60778b6-8579-4e92-abf2-0025b03e5119[0m [36mreq[0m=[35m0e2ad3fc[0m
[2m14:33:22[0m [[32m[1minfo     [0m] [1mLoading topology from database...       [0m [36mreq[0m=[35m0e2ad3fc[0m
[2m14:33:22[0m [[32m[1minfo     [0m] [1mMapped 13 skill entries to 13 capabilities[0m [36mreq[0m=[35m0e2ad3fc[0m
[2m14:33:22[0m [[32m[1minfo     [0m] [1mTopology validated: 11 agents in 5 waves[0m [36mreq[0m=[35m0e2ad3fc[0m
[2m14:33:22[0m [[32m[1minfo     [0m] [1mLoaded 13 skills for topology           [0m [36mreq[0m=[35m0e2ad3fc[0m
[2m14:33:22[0m [[32m[1minfo     [0m] [1mTopology loaded: 11 agents, 5 waves     [0m [36mreq[0m=[35m0e2ad3fc[0m
[2m14:33:22[0m [[32m[1minfo     [0m] [1mDocker client connected successfully    [0m [36mreq[0m=[35m0e2ad3fc[0m
[2m14:33:22[0m [[32m[1minfo     [0m] [1mCreated DynamicSandbox executor (Docker-based, unrestricted)[0m [36mreq[0m=[35m0e2ad3fc[0m
[2m14:33:22[0m [[33m[1mwarning  [0m] [1mCould not create intervention orchestrator for self-healing: create_intervention_orchestrator() got an unexpected keyword argument 'db'[0m [36mreq[0m=[35m0e2ad3fc[0m
[2m14:33:22[0m [[32m[1minfo     [0m] [1mExecuting wave 1/5: ['05bebe15-b46f-4b91-96e3-a50f6cf9e68d', '90c17f3b-7f91-4174-b3ac-b59a51feb378', '65ad3c5c-f66c-49a0-a7cd-4b9ebc6142b9', '073d766c-ed4f-4519-8e36-8c9631e97c67'][0m [36mreq[0m=[35m0e2ad3fc[0m
[2m14:33:22[0m [[32m[1minfo     [0m] [1mExecuting agent: transcript_analyzer (05bebe15-b46f-4b91-96e3-a50f6cf9e68d)[0m [36mreq[0m=[35m0e2ad3fc[0m
[2m14:33:22[0m [[32m[1minfo     [0m] [1mExecuting agent: product_owner (90c17f3b-7f91-4174-b3ac-b59a51feb378)[0m [36mreq[0m=[35m0e2ad3fc[0m
[2m14:33:22[0m [[33m[1mwarning  [0m] [1mAgent product_owner expected artifacts ['analysis_findings'] but none found in pool[0m [36mreq[0m=[35m0e2ad3fc[0m
[2m14:33:22[0m [[32m[1minfo     [0m] [1mExecuting agent: quality_judge (65ad3c5c-f66c-49a0-a7cd-4b9ebc6142b9)[0m [36mreq[0m=[35m0e2ad3fc[0m
[2m14:33:22[0m [[33m[1mwarning  [0m] [1mAgent quality_judge expected artifacts ['ab_test_samples'] but none found in pool[0m [36mreq[0m=[35m0e2ad3fc[0m
[2m14:33:22[0m [[32m[1minfo     [0m] [1mExecuting agent: execution_analyzer (073d766c-ed4f-4519-8e36-8c9631e97c67)[0m [36mreq[0m=[35m0e2ad3fc[0m
[2m14:33:22[0m [[33m[1mwarning  [0m] [1mAgent execution_analyzer expected artifacts ['execution_telemetry'] but none found in pool[0m [36mreq[0m=[35m0e2ad3fc[0m
[2m14:33:22[0m [[32m[1minfo     [0m] [1mshared_memory_metrics agent=transcript_analyzer facts_kept=5 facts_total=8 hypotheses=0 relations=0 approx_tokens=2389 query_chars=3075[0m [36mreq[0m=[35m0e2ad3fc[0m
[2m14:33:23[0m [[32m[1minfo     [0m] [1mAgent quality_judge returned final answer after 0 tool calls[0m [36mreq[0m=[35m0e2ad3fc[0m
[2m14:33:23[0m [[32m[1minfo     [0m] [1mAgent quality_judge completed           [0m [36mreq[0m=[35m0e2ad3fc[0m
[2m14:33:23[0m [[32m[1minfo     [0m] [1mAgent execution_analyzer returned final answer after 0 tool calls[0m [36mreq[0m=[35m0e2ad3fc[0m
[2m14:33:23[0m [[32m[1minfo     [0m] [1mAgent product_owner returned final answer after 0 tool calls[0m [36mreq[0m=[35m0e2ad3fc[0m
[2m14:33:23[0m [[32m[1minfo     [0m] [1mAgent execution_analyzer completed      [0m [36mreq[0m=[35m0e2ad3fc[0m
[2m14:33:23[0m [[32m[1minfo     [0m] [1mAgent product_owner completed           [0m [36mreq[0m=[35m0e2ad3fc[0m
[2m14:33:26[0m [[32m[1minfo     [0m] [1mGetting challenge status: id=969d6622-54cc-4538-a61d-2c29f64e8b4c[0m [36mreq[0m=[35m3f702ed8[0m
[2m14:33:26[0m [[32m[1minfo     [0m] [1mrequest_finished                        [0m [36mduration[0m=[35m0.011[0m [36mmethod[0m=[35mGET[0m [36mpath[0m=[35m/api/v1/challenges/969d6622-54cc-4538-a61d-2c29f64e8b4c[0m [36mreq[0m=[35m3f702ed8[0m [36mrequest_id[0m=[35m3f702ed8-4f8f-4b93-b3eb-14f92fb6433b[0m [36mstatus[0m=[35m200[0m
[2m14:33:29[0m [[32m[1minfo     [0m] [1mAgent transcript_analyzer returned final answer after 0 tool calls[0m [36mreq[0m=[35m0e2ad3fc[0m
[2m14:33:30[0m [[32m[1minfo     [0m] [1mAgent transcript_analyzer completed     [0m [36mreq[0m=[35m0e2ad3fc[0m
[2m14:33:30[0m [[32m[1minfo     [0m] [1mWave 1 agent 'transcript_analyzer' completed: success=True, skipped=False, result_len=2807[0m [36mreq[0m=[35m0e2ad3fc[0m
[2m14:33:30[0m [[32m[1minfo     [0m] [1mWave 1 agent 'product_owner' completed: success=True, skipped=False, result_len=472[0m [36mreq[0m=[35m0e2ad3fc[0m
[2m14:33:30[0m [[32m[1minfo     [0m] [1mWave 1 agent 'quality_judge' completed: success=True, skipped=False, result_len=159[0m [36mreq[0m=[35m0e2ad3fc[0m
[2m14:33:30[0m [[32m[1minfo     [0m] [1mWave 1 agent 'execution_analyzer' completed: success=True, skipped=False, result_len=317[0m [36mreq[0m=[35m0e2ad3fc[0m
[2m14:33:30[0m [[32m[1minfo     [0m] [1mExecuting wave 2/5: ['49898ec1-10da-4a11-8457-1358d844c805', '07f8b963-9d7c-4232-ba20-52aa8d850e1d'][0m [36mreq[0m=[35m0e2ad3fc[0m
[2m14:33:30[0m [[32m[1minfo     [0m] [1mExecuting agent: context_retriever (49898ec1-10da-4a11-8457-1358d844c805)[0m [36mreq[0m=[35m0e2ad3fc[0m
[2m14:33:30[0m [[32m[1minfo     [0m] [1mExecuting agent: control_agent (07f8b963-9d7c-4232-ba20-52aa8d850e1d)[0m [36mreq[0m=[35m0e2ad3fc[0m
[2m14:33:31[0m [[32m[1minfo     [0m] [1mAgent control_agent returned final answer after 0 tool calls[0m [36mreq[0m=[35m0e2ad3fc[0m
[2m14:33:31[0m [[32m[1minfo     [0m] [1mAgent control_agent completed           [0m [36mreq[0m=[35m0e2ad3fc[0m
[2m14:33:31[0m [[32m[1minfo     [0m] [1mGetting challenge status: id=969d6622-54cc-4538-a61d-2c29f64e8b4c[0m [36mreq[0m=[35m73569661[0m
[2m14:33:31[0m [[32m[1minfo     [0m] [1mrequest_finished                        [0m [36mduration[0m=[35m0.014[0m [36mmethod[0m=[35mGET[0m [36mpath[0m=[35m/api/v1/challenges/969d6622-54cc-4538-a61d-2c29f64e8b4c[0m [36mreq[0m=[35m73569661[0m [36mrequest_id[0m=[35m73569661-9687-4b72-9aa8-02f5c426baf2[0m [36mstatus[0m=[35m200[0m
[2m14:33:32[0m [[32m[1minfo     [0m] [1mAgent context_retriever returned final answer after 0 tool calls[0m [36mreq[0m=[35m0e2ad3fc[0m
[2m14:33:33[0m [[32m[1minfo     [0m] [1mAgent context_retriever completed       [0m [36mreq[0m=[35m0e2ad3fc[0m
[2m14:33:33[0m [[32m[1minfo     [0m] [1mWave 2 agent 'context_retriever' completed: success=True, skipped=False, result_len=1047[0m [36mreq[0m=[35m0e2ad3fc[0m
[2m14:33:33[0m [[32m[1minfo     [0m] [1mWave 2 agent 'control_agent' completed: success=True, skipped=False, result_len=142[0m [36mreq[0m=[35m0e2ad3fc[0m
[2m14:33:33[0m [[32m[1minfo     [0m] [1mExecuting wave 3/5: ['f54aabd1-ca21-4768-b12e-ccf5ca95d0da', 'a676e764-25ce-41cf-95d1-b838c8e6804d', 'd01ede79-d82b-465b-ae42-d1a7a2ec4188'][0m [36mreq[0m=[35m0e2ad3fc[0m
[2m14:33:33[0m [[32m[1minfo     [0m] [1mExecuting agent: report_generator (f54aabd1-ca21-4768-b12e-ccf5ca95d0da)[0m [36mreq[0m=[35m0e2ad3fc[0m
[2m14:33:33[0m [[32m[1minfo     [0m] [1mExecuting agent: prompt_engineer (a676e764-25ce-41cf-95d1-b838c8e6804d)[0m [36mreq[0m=[35m0e2ad3fc[0m
[2m14:33:33[0m [[32m[1minfo     [0m] [1mExecuting agent: tool_builder (d01ede79-d82b-465b-ae42-d1a7a2ec4188)[0m [36mreq[0m=[35m0e2ad3fc[0m
[2m14:33:35[0m [[32m[1minfo     [0m] [1mAgent prompt_engineer returned final answer after 0 tool calls[0m [36mreq[0m=[35m0e2ad3fc[0m
[2m14:33:36[0m [[32m[1minfo     [0m] [1mAgent prompt_engineer completed         [0m [36mreq[0m=[35m0e2ad3fc[0m
[2m14:33:36[0m [[32m[1minfo     [0m] [1mGetting challenge status: id=969d6622-54cc-4538-a61d-2c29f64e8b4c[0m [36mreq[0m=[35m258bbbcb[0m
[2m14:33:36[0m [[32m[1minfo     [0m] [1mrequest_finished                        [0m [36mduration[0m=[35m0.013[0m [36mmethod[0m=[35mGET[0m [36mpath[0m=[35m/api/v1/challenges/969d6622-54cc-4538-a61d-2c29f64e8b4c[0m [36mreq[0m=[35m258bbbcb[0m [36mrequest_id[0m=[35m258bbbcb-0fa2-4f61-9a1b-b7adb5499b2c[0m [36mstatus[0m=[35m200[0m
[2m14:33:36[0m [[32m[1minfo     [0m] [1mAgent report_generator returned final answer after 0 tool calls[0m [36mreq[0m=[35m0e2ad3fc[0m
[2m14:33:37[0m [[32m[1minfo     [0m] [1mAgent tool_builder returned final answer after 0 tool calls[0m [36mreq[0m=[35m0e2ad3fc[0m
[2m14:33:37[0m [[32m[1minfo     [0m] [1mAgent report_generator completed        [0m [36mreq[0m=[35m0e2ad3fc[0m
[2m14:33:37[0m [[32m[1minfo     [0m] [1mAgent tool_builder completed            [0m [36mreq[0m=[35m0e2ad3fc[0m
[2m14:33:37[0m [[32m[1minfo     [0m] [1mWave 3 agent 'report_generator' completed: success=True, skipped=False, result_len=2592[0m [36mreq[0m=[35m0e2ad3fc[0m
[2m14:33:37[0m [[32m[1minfo     [0m] [1mWave 3 agent 'prompt_engineer' completed: success=True, skipped=False, result_len=1741[0m [36mreq[0m=[35m0e2ad3fc[0m
[2m14:33:37[0m [[32m[1minfo     [0m] [1mWave 3 agent 'tool_builder' completed: success=True, skipped=False, result_len=3440[0m [36mreq[0m=[35m0e2ad3fc[0m
[2m14:33:37[0m [[32m[1minfo     [0m] [1mExecuting wave 4/5: ['85860279-90e3-4984-b25d-af840d3dca9b'][0m [36mreq[0m=[35m0e2ad3fc[0m
[2m14:33:37[0m [[32m[1minfo     [0m] [1mExecuting agent: quality_validator (85860279-90e3-4984-b25d-af840d3dca9b)[0m [36mreq[0m=[35m0e2ad3fc[0m
[2m14:33:39[0m [[32m[1minfo     [0m] [1mAgent quality_validator returned final answer after 0 tool calls[0m [36mreq[0m=[35m0e2ad3fc[0m
[2m14:33:39[0m [[32m[1minfo     [0m] [1mAgent quality_validator completed       [0m [36mreq[0m=[35m0e2ad3fc[0m
[2m14:33:39[0m [[32m[1minfo     [0m] [1mWave 4 agent 'quality_validator' completed: success=True, skipped=False, result_len=360[0m [36mreq[0m=[35m0e2ad3fc[0m
[2m14:33:39[0m [[32m[1minfo     [0m] [1mExecuting wave 5/5: ['bbd241f8-1df0-49f4-950a-dc61efa2c950'][0m [36mreq[0m=[35m0e2ad3fc[0m
[2m14:33:39[0m [[32m[1minfo     [0m] [1mExecuting agent: report_finalizer (bbd241f8-1df0-49f4-950a-dc61efa2c950)[0m [36mreq[0m=[35m0e2ad3fc[0m
[2m14:33:41[0m [[32m[1minfo     [0m] [1mGetting challenge status: id=969d6622-54cc-4538-a61d-2c29f64e8b4c[0m [36mreq[0m=[35m610a9307[0m
[2m14:33:41[0m [[32m[1minfo     [0m] [1mrequest_finished                        [0m [36mduration[0m=[35m0.028[0m [36mmethod[0m=[35mGET[0m [36mpath[0m=[35m/api/v1/challenges/969d6622-54cc-4538-a61d-2c29f64e8b4c[0m [36mreq[0m=[35m610a9307[0m [36mrequest_id[0m=[35m610a9307-f42f-461a-99b5-df66337af32b[0m [36mstatus[0m=[35m200[0m
[2m14:33:42[0m [[32m[1minfo     [0m] [1mAgent report_finalizer returned final answer after 0 tool calls[0m [36mreq[0m=[35m0e2ad3fc[0m
[2m14:33:43[0m [[32m[1minfo     [0m] [1mAgent report_finalizer completed        [0m [36mreq[0m=[35m0e2ad3fc[0m
[2m14:33:43[0m [[32m[1minfo     [0m] [1mWave 5 agent 'report_finalizer' completed: success=True, skipped=False, result_len=3124[0m [36mreq[0m=[35m0e2ad3fc[0m
[2m14:33:43[0m [[32m[1minfo     [0m] [1mArtifact pool cleared: 11 artifacts discarded[0m [36mreq[0m=[35m0e2ad3fc[0m
[2m14:33:43[0m [[32m[1minfo     [0m] [1mPersisted 1 facts to shared memory for execution f60778b6-8579-4e92-abf2-0025b03e5119[0m [36mreq[0m=[35m0e2ad3fc[0m
[2m14:33:43[0m [[32m[1minfo     [0m] [1mStarting telemetry for agent=05bebe15..., execution=f60778b6...[0m [36mreq[0m=[35m0e2ad3fc[0m
[2m14:33:43[0m [[33m[1mwarning  [0m] [1mTelemetrie-Bridge fehlgeschlagen: 1 validation error for ExecutionTelemetryCreate
outcome
  Input should be 'success', 'error', 'timeout' or 'cancelled' [type=literal_error, input_value='running', input_type=str]
    For further information visit https://errors.pydantic.dev/2.11/v/literal_error[0m [36mreq[0m=[35m0e2ad3fc[0m
[2m14:33:43[0m [[32m[1minfo     [0m] [1mConfigured epicbox profile: image=lumari-sandbox:latest, limits={'cputime': 5, 'realtime': 10, 'memory': 128, 'processes': 1}[0m [36mreq[0m=[35m0e2ad3fc[0m
[2m14:33:43[0m [[32m[1minfo     [0m] [1mStarting analysis pipeline for execution_id=f60778b6...[0m [36mreq[0m=[35m0e2ad3fc[0m
[2m14:33:43[0m [[33m[1mwarning  [0m] [1mNo telemetry found for execution f60778b6-8579-4e92-abf2-0025b03e5119[0m [36mreq[0m=[35m0e2ad3fc[0m
[2m14:33:43[0m [[32m[1minfo     [0m] [1mExecution completed: challenge_id=969d6622-54cc-4538-a61d-2c29f64e8b4c, success=True[0m [36mreq[0m=[35m0e2ad3fc[0m
[2m14:33:46[0m [[32m[1minfo     [0m] [1mGetting challenge status: id=969d6622-54cc-4538-a61d-2c29f64e8b4c[0m [36mreq[0m=[35ma86f8dae[0m
[2m14:33:46[0m [[32m[1minfo     [0m] [1mrequest_finished                        [0m [36mduration[0m=[35m0.009[0m [36mmethod[0m=[35mGET[0m [36mpath[0m=[35m/api/v1/challenges/969d6622-54cc-4538-a61d-2c29f64e8b4c[0m [36mreq[0m=[35ma86f8dae[0m [36mrequest_id[0m=[35ma86f8dae-282b-47cb-8080-2b0b7e95fc5f[0m [36mstatus[0m=[35m200[0m
[2m14:33:46[0m [[32m[1minfo     [0m] [1mGetting challenge results: id=969d6622-54cc-4538-a61d-2c29f64e8b4c[0m [36mreq[0m=[35m63ac414c[0m
[2m14:33:46[0m [[32m[1minfo     [0m] [1mrequest_finished                        [0m [36mduration[0m=[35m0.005[0m [36mmethod[0m=[35mGET[0m [36mpath[0m=[35m/api/v1/challenges/969d6622-54cc-4538-a61d-2c29f64e8b4c/results[0m [36mreq[0m=[35m63ac414c[0m [36mrequest_id[0m=[35m63ac414c-9823-4986-b76c-3ac9eee9a500[0m [36mstatus[0m=[35m200[0m
[2m14:33:52[0m [[32m[1minfo     [0m] [1mFile upload: telefonat_statiker_20251030.opus, size=162031, type=audio/opus[0m [36mreq[0m=[35mff7fd30d[0m
[2m14:33:52[0m [[32m[1minfo     [0m] [1mSaved binary file to: /Users/patrick/Documents/Uni/master_project/backend/app/api/v1/endpoints/../../../uploads/e1d53b81-8d5d-44b1-9f47-79e24973e93e.opus[0m [36mreq[0m=[35mff7fd30d[0m
[2m14:33:52[0m [[32m[1minfo     [0m] [1mAudio transcription skill available: skill_audio_transcription — will transcribe in background[0m [36mreq[0m=[35mff7fd30d[0m
[2m14:33:52[0m [[32m[1minfo     [0m] [1mFile upload: telefonat_statiker_20251030.opus -> challenge_id=c9bfdce8-212f-4ad1-9a99-5a4e55cec06a, gaps=0, route=execute[0m [36mreq[0m=[35mff7fd30d[0m
[2m14:33:52[0m [[32m[1minfo     [0m] [1mrequest_finished                        [0m [36mduration[0m=[35m0.065[0m [36mmethod[0m=[35mPOST[0m [36mpath[0m=[35m/api/v1/challenges/upload[0m [36mreq[0m=[35mff7fd30d[0m [36mrequest_id[0m=[35mff7fd30d-2d67-4529-977f-d6df6eac8cf6[0m [36mstatus[0m=[35m200[0m
[2m14:33:52[0m [[32m[1minfo     [0m] [1mExecuting challenge: id=c9bfdce8-212f-4ad1-9a99-5a4e55cec06a[0m [36mreq[0m=[35m15456871[0m
[2m14:33:52[0m [[32m[1minfo     [0m] [1mrequest_finished                        [0m [36mduration[0m=[35m0.009[0m [36mmethod[0m=[35mPOST[0m [36mpath[0m=[35m/api/v1/challenges/c9bfdce8-212f-4ad1-9a99-5a4e55cec06a/execute[0m [36mreq[0m=[35m15456871[0m [36mrequest_id[0m=[35m15456871-33a5-4c4d-93e7-fe446f1dbbe4[0m [36mstatus[0m=[35m200[0m
[2m14:33:52[0m [[32m[1minfo     [0m] [1mStarting background execution: challenge_id=c9bfdce8-212f-4ad1-9a99-5a4e55cec06a[0m [36mreq[0m=[35m15456871[0m
[2m14:33:52[0m [[32m[1minfo     [0m] [1mTranskribiere Audio vor Execution: /Users/patrick/Documents/Uni/master_project/backend/app/api/v1/endpoints/../../../uploads/e1d53b81-8d5d-44b1-9f47-79e24973e93e.opus mit Skill skill_audio_transcription[0m [36mreq[0m=[35m15456871[0m
[2m14:33:52[0m [[32m[1minfo     [0m] [1mStarting sandbox execution: pip=['openai-whisper'], apt=['ffmpeg'], input_files=['e1d53b81-8d5d-44b1-9f47-79e24973e93e.opus'][0m [36mreq[0m=[35m15456871[0m
[2m14:33:52[0m [[32m[1minfo     [0m] [1mDocker client connected successfully    [0m [36mreq[0m=[35m15456871[0m
[2m14:33:53[0m [[32m[1minfo     [0m] [1mInstalling system packages: ffmpeg      [0m [36mreq[0m=[35m15456871[0m
[2m14:33:57[0m [[32m[1minfo     [0m] [1mGetting challenge status: id=c9bfdce8-212f-4ad1-9a99-5a4e55cec06a[0m [36mreq[0m=[35m78abc17e[0m
[2m14:33:57[0m [[32m[1minfo     [0m] [1mrequest_finished                        [0m [36mduration[0m=[35m0.015[0m [36mmethod[0m=[35mGET[0m [36mpath[0m=[35m/api/v1/challenges/c9bfdce8-212f-4ad1-9a99-5a4e55cec06a[0m [36mreq[0m=[35m78abc17e[0m [36mrequest_id[0m=[35m78abc17e-4529-4be2-92c3-e55464e15073[0m [36mstatus[0m=[35m200[0m
[2m14:34:02[0m [[32m[1minfo     [0m] [1mGetting challenge status: id=c9bfdce8-212f-4ad1-9a99-5a4e55cec06a[0m [36mreq[0m=[35m4532118e[0m
[2m14:34:02[0m [[32m[1minfo     [0m] [1mrequest_finished                        [0m [36mduration[0m=[35m0.01[0m [36mmethod[0m=[35mGET[0m [36mpath[0m=[35m/api/v1/challenges/c9bfdce8-212f-4ad1-9a99-5a4e55cec06a[0m [36mreq[0m=[35m4532118e[0m [36mrequest_id[0m=[35m4532118e-3cde-4a05-ba83-40f0ab96b9d3[0m [36mstatus[0m=[35m200[0m
[2m14:34:07[0m [[32m[1minfo     [0m] [1mGetting challenge status: id=c9bfdce8-212f-4ad1-9a99-5a4e55cec06a[0m [36mreq[0m=[35m3609774f[0m
[2m14:34:07[0m [[32m[1minfo     [0m] [1mrequest_finished                        [0m [36mduration[0m=[35m0.032[0m [36mmethod[0m=[35mGET[0m [36mpath[0m=[35m/api/v1/challenges/c9bfdce8-212f-4ad1-9a99-5a4e55cec06a[0m [36mreq[0m=[35m3609774f[0m [36mrequest_id[0m=[35m3609774f-a3bd-464f-9565-8a6960fa8b00[0m [36mstatus[0m=[35m200[0m
[2m14:34:12[0m [[32m[1minfo     [0m] [1mGetting challenge status: id=c9bfdce8-212f-4ad1-9a99-5a4e55cec06a[0m [36mreq[0m=[35m128291ea[0m
[2m14:34:12[0m [[32m[1minfo     [0m] [1mrequest_finished                        [0m [36mduration[0m=[35m0.016[0m [36mmethod[0m=[35mGET[0m [36mpath[0m=[35m/api/v1/challenges/c9bfdce8-212f-4ad1-9a99-5a4e55cec06a[0m [36mreq[0m=[35m128291ea[0m [36mrequest_id[0m=[35m128291ea-8b46-4b1e-aed4-5b4ca3932922[0m [36mstatus[0m=[35m200[0m
[2m14:34:17[0m [[32m[1minfo     [0m] [1mGetting challenge status: id=c9bfdce8-212f-4ad1-9a99-5a4e55cec06a[0m [36mreq[0m=[35m82f86b11[0m
[2m14:34:17[0m [[32m[1minfo     [0m] [1mrequest_finished                        [0m [36mduration[0m=[35m0.006[0m [36mmethod[0m=[35mGET[0m [36mpath[0m=[35m/api/v1/challenges/c9bfdce8-212f-4ad1-9a99-5a4e55cec06a[0m [36mreq[0m=[35m82f86b11[0m [36mrequest_id[0m=[35m82f86b11-af47-4603-8f4e-ea1ace328524[0m [36mstatus[0m=[35m200[0m
[2m14:34:22[0m [[32m[1minfo     [0m] [1mGetting challenge status: id=c9bfdce8-212f-4ad1-9a99-5a4e55cec06a[0m [36mreq[0m=[35mbc876ce1[0m
[2m14:34:22[0m [[32m[1minfo     [0m] [1mrequest_finished                        [0m [36mduration[0m=[35m0.007[0m [36mmethod[0m=[35mGET[0m [36mpath[0m=[35m/api/v1/challenges/c9bfdce8-212f-4ad1-9a99-5a4e55cec06a[0m [36mreq[0m=[35mbc876ce1[0m [36mrequest_id[0m=[35mbc876ce1-e7ac-4169-be24-56da44f32e55[0m [36mstatus[0m=[35m200[0m
[2m14:34:27[0m [[32m[1minfo     [0m] [1mGetting challenge status: id=c9bfdce8-212f-4ad1-9a99-5a4e55cec06a[0m [36mreq[0m=[35mca1fa96d[0m
[2m14:34:27[0m [[32m[1minfo     [0m] [1mrequest_finished                        [0m [36mduration[0m=[35m0.008[0m [36mmethod[0m=[35mGET[0m [36mpath[0m=[35m/api/v1/challenges/c9bfdce8-212f-4ad1-9a99-5a4e55cec06a[0m [36mreq[0m=[35mca1fa96d[0m [36mrequest_id[0m=[35mca1fa96d-1ebf-4096-979b-05045be1aa36[0m [36mstatus[0m=[35m200[0m
[2m14:34:32[0m [[32m[1minfo     [0m] [1mGetting challenge status: id=c9bfdce8-212f-4ad1-9a99-5a4e55cec06a[0m [36mreq[0m=[35md505c46a[0m
[2m14:34:32[0m [[32m[1minfo     [0m] [1mrequest_finished                        [0m [36mduration[0m=[35m0.005[0m [36mmethod[0m=[35mGET[0m [36mpath[0m=[35m/api/v1/challenges/c9bfdce8-212f-4ad1-9a99-5a4e55cec06a[0m [36mreq[0m=[35md505c46a[0m [36mrequest_id[0m=[35md505c46a-283f-44e7-84b2-aaae50827720[0m [36mstatus[0m=[35m200[0m
[2m14:34:37[0m [[32m[1minfo     [0m] [1mSystem packages installed successfully: ffmpeg[0m [36mreq[0m=[35m15456871[0m
[2m14:34:37[0m [[32m[1minfo     [0m] [1mInstalling pip packages: "openai-whisper"[0m [36mreq[0m=[35m15456871[0m
[2m14:34:37[0m [[32m[1minfo     [0m] [1mGetting challenge status: id=c9bfdce8-212f-4ad1-9a99-5a4e55cec06a[0m [36mreq[0m=[35m13f3588d[0m
[2m14:34:37[0m [[32m[1minfo     [0m] [1mrequest_finished                        [0m [36mduration[0m=[35m0.006[0m [36mmethod[0m=[35mGET[0m [36mpath[0m=[35m/api/v1/challenges/c9bfdce8-212f-4ad1-9a99-5a4e55cec06a[0m [36mreq[0m=[35m13f3588d[0m [36mrequest_id[0m=[35m13f3588d-e02d-4827-b927-9d35f1f0ed1b[0m [36mstatus[0m=[35m200[0m
[2m14:34:42[0m [[32m[1minfo     [0m] [1mGetting challenge status: id=c9bfdce8-212f-4ad1-9a99-5a4e55cec06a[0m [36mreq[0m=[35maf59b720[0m
[2m14:34:42[0m [[32m[1minfo     [0m] [1mrequest_finished                        [0m [36mduration[0m=[35m0.024[0m [36mmethod[0m=[35mGET[0m [36mpath[0m=[35m/api/v1/challenges/c9bfdce8-212f-4ad1-9a99-5a4e55cec06a[0m [36mreq[0m=[35maf59b720[0m [36mrequest_id[0m=[35maf59b720-6eed-41ac-a717-a1c16247dfdc[0m [36mstatus[0m=[35m200[0m
[2m14:34:48[0m [[32m[1minfo     [0m] [1mGetting challenge status: id=c9bfdce8-212f-4ad1-9a99-5a4e55cec06a[0m [36mreq[0m=[35ma5e95662[0m
[2m14:34:48[0m [[32m[1minfo     [0m] [1mrequest_finished                        [0m [36mduration[0m=[35m0.025[0m [36mmethod[0m=[35mGET[0m [36mpath[0m=[35m/api/v1/challenges/c9bfdce8-212f-4ad1-9a99-5a4e55cec06a[0m [36mreq[0m=[35ma5e95662[0m [36mrequest_id[0m=[35ma5e95662-c729-47cd-91c0-e9c0f99da3d5[0m [36mstatus[0m=[35m200[0m
[2m14:34:53[0m [[32m[1minfo     [0m] [1mGetting challenge status: id=c9bfdce8-212f-4ad1-9a99-5a4e55cec06a[0m [36mreq[0m=[35m9601c67e[0m
[2m14:34:53[0m [[32m[1minfo     [0m] [1mrequest_finished                        [0m [36mduration[0m=[35m0.027[0m [36mmethod[0m=[35mGET[0m [36mpath[0m=[35m/api/v1/challenges/c9bfdce8-212f-4ad1-9a99-5a4e55cec06a[0m [36mreq[0m=[35m9601c67e[0m [36mrequest_id[0m=[35m9601c67e-03e6-45f3-a794-35c1782ef3a9[0m [36mstatus[0m=[35m200[0m
[2m14:34:58[0m [[32m[1minfo     [0m] [1mGetting challenge status: id=c9bfdce8-212f-4ad1-9a99-5a4e55cec06a[0m [36mreq[0m=[35mf2a0e937[0m
[2m14:34:58[0m [[32m[1minfo     [0m] [1mrequest_finished                        [0m [36mduration[0m=[35m0.024[0m [36mmethod[0m=[35mGET[0m [36mpath[0m=[35m/api/v1/challenges/c9bfdce8-212f-4ad1-9a99-5a4e55cec06a[0m [36mreq[0m=[35mf2a0e937[0m [36mrequest_id[0m=[35mf2a0e937-eeff-4cad-bcee-3247ccf6c3a1[0m [36mstatus[0m=[35m200[0m
[2m14:35:03[0m [[32m[1minfo     [0m] [1mGetting challenge status: id=c9bfdce8-212f-4ad1-9a99-5a4e55cec06a[0m [36mreq[0m=[35me034535f[0m
[2m14:35:03[0m [[32m[1minfo     [0m] [1mrequest_finished                        [0m [36mduration[0m=[35m0.005[0m [36mmethod[0m=[35mGET[0m [36mpath[0m=[35m/api/v1/challenges/c9bfdce8-212f-4ad1-9a99-5a4e55cec06a[0m [36mreq[0m=[35me034535f[0m [36mrequest_id[0m=[35me034535f-6aef-4acb-a4dd-45a201f116bd[0m [36mstatus[0m=[35m200[0m
[2m14:35:08[0m [[32m[1minfo     [0m] [1mGetting challenge status: id=c9bfdce8-212f-4ad1-9a99-5a4e55cec06a[0m [36mreq[0m=[35m30e13c51[0m
[2m14:35:08[0m [[32m[1minfo     [0m] [1mrequest_finished                        [0m [36mduration[0m=[35m0.006[0m [36mmethod[0m=[35mGET[0m [36mpath[0m=[35m/api/v1/challenges/c9bfdce8-212f-4ad1-9a99-5a4e55cec06a[0m [36mreq[0m=[35m30e13c51[0m [36mrequest_id[0m=[35m30e13c51-8147-4068-8fac-ef797090f683[0m [36mstatus[0m=[35m200[0m
[2m14:35:13[0m [[32m[1minfo     [0m] [1mGetting challenge status: id=c9bfdce8-212f-4ad1-9a99-5a4e55cec06a[0m [36mreq[0m=[35me6b381f1[0m
[2m14:35:13[0m [[32m[1minfo     [0m] [1mrequest_finished                        [0m [36mduration[0m=[35m0.011[0m [36mmethod[0m=[35mGET[0m [36mpath[0m=[35m/api/v1/challenges/c9bfdce8-212f-4ad1-9a99-5a4e55cec06a[0m [36mreq[0m=[35me6b381f1[0m [36mrequest_id[0m=[35me6b381f1-5bf8-427e-902e-0e3f577a2e22[0m [36mstatus[0m=[35m200[0m
[2m14:35:18[0m [[32m[1minfo     [0m] [1mGetting challenge status: id=c9bfdce8-212f-4ad1-9a99-5a4e55cec06a[0m [36mreq[0m=[35m5ba36510[0m
[2m14:35:18[0m [[32m[1minfo     [0m] [1mrequest_finished                        [0m [36mduration[0m=[35m0.006[0m [36mmethod[0m=[35mGET[0m [36mpath[0m=[35m/api/v1/challenges/c9bfdce8-212f-4ad1-9a99-5a4e55cec06a[0m [36mreq[0m=[35m5ba36510[0m [36mrequest_id[0m=[35m5ba36510-3418-457f-9132-d5019f4b1bbd[0m [36mstatus[0m=[35m200[0m
[2m14:35:23[0m [[32m[1minfo     [0m] [1mGetting challenge status: id=c9bfdce8-212f-4ad1-9a99-5a4e55cec06a[0m [36mreq[0m=[35mbdcf9364[0m
[2m14:35:23[0m [[32m[1minfo     [0m] [1mrequest_finished                        [0m [36mduration[0m=[35m0.007[0m [36mmethod[0m=[35mGET[0m [36mpath[0m=[35m/api/v1/challenges/c9bfdce8-212f-4ad1-9a99-5a4e55cec06a[0m [36mreq[0m=[35mbdcf9364[0m [36mrequest_id[0m=[35mbdcf9364-ac92-43bc-84aa-0ea863c5eb74[0m [36mstatus[0m=[35m200[0m
[2m14:35:28[0m [[32m[1minfo     [0m] [1mGetting challenge status: id=c9bfdce8-212f-4ad1-9a99-5a4e55cec06a[0m [36mreq[0m=[35mce27573a[0m
[2m14:35:28[0m [[32m[1minfo     [0m] [1mrequest_finished                        [0m [36mduration[0m=[35m0.004[0m [36mmethod[0m=[35mGET[0m [36mpath[0m=[35m/api/v1/challenges/c9bfdce8-212f-4ad1-9a99-5a4e55cec06a[0m [36mreq[0m=[35mce27573a[0m [36mrequest_id[0m=[35mce27573a-e785-4ccd-8429-b2156800e786[0m [36mstatus[0m=[35m200[0m
[2m14:35:33[0m [[32m[1minfo     [0m] [1mGetting challenge status: id=c9bfdce8-212f-4ad1-9a99-5a4e55cec06a[0m [36mreq[0m=[35m2e0f6532[0m
[2m14:35:33[0m [[32m[1minfo     [0m] [1mrequest_finished                        [0m [36mduration[0m=[35m0.006[0m [36mmethod[0m=[35mGET[0m [36mpath[0m=[35m/api/v1/challenges/c9bfdce8-212f-4ad1-9a99-5a4e55cec06a[0m [36mreq[0m=[35m2e0f6532[0m [36mrequest_id[0m=[35m2e0f6532-939a-4977-bb59-b3de9d846bf8[0m [36mstatus[0m=[35m200[0m
[2m14:35:38[0m [[32m[1minfo     [0m] [1mGetting challenge status: id=c9bfdce8-212f-4ad1-9a99-5a4e55cec06a[0m [36mreq[0m=[35mcc9e5cb2[0m
[2m14:35:38[0m [[32m[1minfo     [0m] [1mrequest_finished                        [0m [36mduration[0m=[35m0.006[0m [36mmethod[0m=[35mGET[0m [36mpath[0m=[35m/api/v1/challenges/c9bfdce8-212f-4ad1-9a99-5a4e55cec06a[0m [36mreq[0m=[35mcc9e5cb2[0m [36mrequest_id[0m=[35mcc9e5cb2-6a38-4db3-a154-4158e985d551[0m [36mstatus[0m=[35m200[0m
[2m14:35:40[0m [[32m[1minfo     [0m] [1mPip packages installed successfully     [0m [36mreq[0m=[35m15456871[0m
[2m14:35:43[0m [[32m[1minfo     [0m] [1mGetting challenge status: id=c9bfdce8-212f-4ad1-9a99-5a4e55cec06a[0m [36mreq[0m=[35mcb165b58[0m
[2m14:35:43[0m [[32m[1minfo     [0m] [1mrequest_finished                        [0m [36mduration[0m=[35m0.007[0m [36mmethod[0m=[35mGET[0m [36mpath[0m=[35m/api/v1/challenges/c9bfdce8-212f-4ad1-9a99-5a4e55cec06a[0m [36mreq[0m=[35mcb165b58[0m [36mrequest_id[0m=[35mcb165b58-7a6a-44b3-b29f-ade4dac9fc96[0m [36mstatus[0m=[35m200[0m
[2m14:35:48[0m [[32m[1minfo     [0m] [1mGetting challenge status: id=c9bfdce8-212f-4ad1-9a99-5a4e55cec06a[0m [36mreq[0m=[35ma394ca42[0m
[2m14:35:48[0m [[32m[1minfo     [0m] [1mrequest_finished                        [0m [36mduration[0m=[35m0.005[0m [36mmethod[0m=[35mGET[0m [36mpath[0m=[35m/api/v1/challenges/c9bfdce8-212f-4ad1-9a99-5a4e55cec06a[0m [36mreq[0m=[35ma394ca42[0m [36mrequest_id[0m=[35ma394ca42-1325-45f7-9b80-deda6f01a1ed[0m [36mstatus[0m=[35m200[0m
[2m14:35:53[0m [[32m[1minfo     [0m] [1mGetting challenge status: id=c9bfdce8-212f-4ad1-9a99-5a4e55cec06a[0m [36mreq[0m=[35m1d261fdb[0m
[2m14:35:53[0m [[32m[1minfo     [0m] [1mrequest_finished                        [0m [36mduration[0m=[35m0.005[0m [36mmethod[0m=[35mGET[0m [36mpath[0m=[35m/api/v1/challenges/c9bfdce8-212f-4ad1-9a99-5a4e55cec06a[0m [36mreq[0m=[35m1d261fdb[0m [36mrequest_id[0m=[35m1d261fdb-a8e5-4141-bcb6-3b3126789340[0m [36mstatus[0m=[35m200[0m
[2m14:35:58[0m [[32m[1minfo     [0m] [1mGetting challenge status: id=c9bfdce8-212f-4ad1-9a99-5a4e55cec06a[0m [36mreq[0m=[35m97e3ceaa[0m
[2m14:35:58[0m [[32m[1minfo     [0m] [1mrequest_finished                        [0m [36mduration[0m=[35m0.006[0m [36mmethod[0m=[35mGET[0m [36mpath[0m=[35m/api/v1/challenges/c9bfdce8-212f-4ad1-9a99-5a4e55cec06a[0m [36mreq[0m=[35m97e3ceaa[0m [36mrequest_id[0m=[35m97e3ceaa-20a2-44db-8309-11313b512e9f[0m [36mstatus[0m=[35m200[0m
[2m14:36:03[0m [[32m[1minfo     [0m] [1mGetting challenge status: id=c9bfdce8-212f-4ad1-9a99-5a4e55cec06a[0m [36mreq[0m=[35m3e62f4c9[0m
[2m14:36:03[0m [[32m[1minfo     [0m] [1mrequest_finished                        [0m [36mduration[0m=[35m0.006[0m [36mmethod[0m=[35mGET[0m [36mpath[0m=[35m/api/v1/challenges/c9bfdce8-212f-4ad1-9a99-5a4e55cec06a[0m [36mreq[0m=[35m3e62f4c9[0m [36mrequest_id[0m=[35m3e62f4c9-d2be-418c-b1d8-d808c6214595[0m [36mstatus[0m=[35m200[0m
[2m14:36:08[0m [[32m[1minfo     [0m] [1mGetting challenge status: id=c9bfdce8-212f-4ad1-9a99-5a4e55cec06a[0m [36mreq[0m=[35mb12d63ac[0m
[2m14:36:08[0m [[32m[1minfo     [0m] [1mrequest_finished                        [0m [36mduration[0m=[35m0.012[0m [36mmethod[0m=[35mGET[0m [36mpath[0m=[35m/api/v1/challenges/c9bfdce8-212f-4ad1-9a99-5a4e55cec06a[0m [36mreq[0m=[35mb12d63ac[0m [36mrequest_id[0m=[35mb12d63ac-a594-4549-85af-edbcefa25265[0m [36mstatus[0m=[35m200[0m
[2m14:36:13[0m [[32m[1minfo     [0m] [1mGetting challenge status: id=c9bfdce8-212f-4ad1-9a99-5a4e55cec06a[0m [36mreq[0m=[35mb98d51ad[0m
[2m14:36:13[0m [[32m[1minfo     [0m] [1mrequest_finished                        [0m [36mduration[0m=[35m0.023[0m [36mmethod[0m=[35mGET[0m [36mpath[0m=[35m/api/v1/challenges/c9bfdce8-212f-4ad1-9a99-5a4e55cec06a[0m [36mreq[0m=[35mb98d51ad[0m [36mrequest_id[0m=[35mb98d51ad-686c-4207-8b02-f05850f42899[0m [36mstatus[0m=[35m200[0m
[2m14:36:18[0m [[32m[1minfo     [0m] [1mGetting challenge status: id=c9bfdce8-212f-4ad1-9a99-5a4e55cec06a[0m [36mreq[0m=[35m31207209[0m
[2m14:36:18[0m [[32m[1minfo     [0m] [1mrequest_finished                        [0m [36mduration[0m=[35m0.005[0m [36mmethod[0m=[35mGET[0m [36mpath[0m=[35m/api/v1/challenges/c9bfdce8-212f-4ad1-9a99-5a4e55cec06a[0m [36mreq[0m=[35m31207209[0m [36mrequest_id[0m=[35m31207209-5b7f-4251-9c6b-697e74d422ee[0m [36mstatus[0m=[35m200[0m
[2m14:36:23[0m [[32m[1minfo     [0m] [1mGetting challenge status: id=c9bfdce8-212f-4ad1-9a99-5a4e55cec06a[0m [36mreq[0m=[35m47012b63[0m
[2m14:36:23[0m [[32m[1minfo     [0m] [1mrequest_finished                        [0m [36mduration[0m=[35m0.012[0m [36mmethod[0m=[35mGET[0m [36mpath[0m=[35m/api/v1/challenges/c9bfdce8-212f-4ad1-9a99-5a4e55cec06a[0m [36mreq[0m=[35m47012b63[0m [36mrequest_id[0m=[35m47012b63-3f29-413d-84fc-e2f132faf3b5[0m [36mstatus[0m=[35m200[0m
[2m14:36:28[0m [[32m[1minfo     [0m] [1mGetting challenge status: id=c9bfdce8-212f-4ad1-9a99-5a4e55cec06a[0m [36mreq[0m=[35mc7674874[0m
[2m14:36:28[0m [[32m[1minfo     [0m] [1mrequest_finished                        [0m [36mduration[0m=[35m0.007[0m [36mmethod[0m=[35mGET[0m [36mpath[0m=[35m/api/v1/challenges/c9bfdce8-212f-4ad1-9a99-5a4e55cec06a[0m [36mreq[0m=[35mc7674874[0m [36mrequest_id[0m=[35mc7674874-21c6-49e4-9098-dae3613992b8[0m [36mstatus[0m=[35m200[0m
[2m14:36:33[0m [[32m[1minfo     [0m] [1mGetting challenge status: id=c9bfdce8-212f-4ad1-9a99-5a4e55cec06a[0m [36mreq[0m=[35mb2952849[0m
[2m14:36:33[0m [[32m[1minfo     [0m] [1mrequest_finished                        [0m [36mduration[0m=[35m0.012[0m [36mmethod[0m=[35mGET[0m [36mpath[0m=[35m/api/v1/challenges/c9bfdce8-212f-4ad1-9a99-5a4e55cec06a[0m [36mreq[0m=[35mb2952849[0m [36mrequest_id[0m=[35mb2952849-aff7-4848-a160-8eb5d230a5a0[0m [36mstatus[0m=[35m200[0m
[2m14:36:38[0m [[32m[1minfo     [0m] [1mGetting challenge status: id=c9bfdce8-212f-4ad1-9a99-5a4e55cec06a[0m [36mreq[0m=[35md1377aa0[0m
[2m14:36:38[0m [[32m[1minfo     [0m] [1mrequest_finished                        [0m [36mduration[0m=[35m0.01[0m [36mmethod[0m=[35mGET[0m [36mpath[0m=[35m/api/v1/challenges/c9bfdce8-212f-4ad1-9a99-5a4e55cec06a[0m [36mreq[0m=[35md1377aa0[0m [36mrequest_id[0m=[35md1377aa0-72b0-4401-a071-3ba68b73959a[0m [36mstatus[0m=[35m200[0m
[2m14:36:43[0m [[32m[1minfo     [0m] [1mGetting challenge status: id=c9bfdce8-212f-4ad1-9a99-5a4e55cec06a[0m [36mreq[0m=[35md563c6ac[0m
[2m14:36:43[0m [[32m[1minfo     [0m] [1mrequest_finished                        [0m [36mduration[0m=[35m0.007[0m [36mmethod[0m=[35mGET[0m [36mpath[0m=[35m/api/v1/challenges/c9bfdce8-212f-4ad1-9a99-5a4e55cec06a[0m [36mreq[0m=[35md563c6ac[0m [36mrequest_id[0m=[35md563c6ac-8e9a-4f56-8f15-fbf18e7c2309[0m [36mstatus[0m=[35m200[0m
[2m14:36:48[0m [[32m[1minfo     [0m] [1mGetting challenge status: id=c9bfdce8-212f-4ad1-9a99-5a4e55cec06a[0m [36mreq[0m=[35m51e75749[0m
[2m14:36:48[0m [[32m[1minfo     [0m] [1mrequest_finished                        [0m [36mduration[0m=[35m0.01[0m [36mmethod[0m=[35mGET[0m [36mpath[0m=[35m/api/v1/challenges/c9bfdce8-212f-4ad1-9a99-5a4e55cec06a[0m [36mreq[0m=[35m51e75749[0m [36mrequest_id[0m=[35m51e75749-3ab7-45b7-ad04-9653a6a8bca9[0m [36mstatus[0m=[35m200[0m
[2m14:36:53[0m [[32m[1minfo     [0m] [1mGetting challenge status: id=c9bfdce8-212f-4ad1-9a99-5a4e55cec06a[0m [36mreq[0m=[35m361de48f[0m
[2m14:36:53[0m [[32m[1minfo     [0m] [1mrequest_finished                        [0m [36mduration[0m=[35m0.02[0m [36mmethod[0m=[35mGET[0m [36mpath[0m=[35m/api/v1/challenges/c9bfdce8-212f-4ad1-9a99-5a4e55cec06a[0m [36mreq[0m=[35m361de48f[0m [36mrequest_id[0m=[35m361de48f-0fb7-4d36-ac5d-563487c17052[0m [36mstatus[0m=[35m200[0m
[2m14:36:58[0m [[32m[1minfo     [0m] [1mGetting challenge status: id=c9bfdce8-212f-4ad1-9a99-5a4e55cec06a[0m [36mreq[0m=[35m20be59ce[0m
[2m14:36:58[0m [[32m[1minfo     [0m] [1mrequest_finished                        [0m [36mduration[0m=[35m0.087[0m [36mmethod[0m=[35mGET[0m [36mpath[0m=[35m/api/v1/challenges/c9bfdce8-212f-4ad1-9a99-5a4e55cec06a[0m [36mreq[0m=[35m20be59ce[0m [36mrequest_id[0m=[35m20be59ce-3978-4cb5-bc9b-3da16c9b7658[0m [36mstatus[0m=[35m200[0m
[2m14:37:03[0m [[32m[1minfo     [0m] [1mGetting challenge status: id=c9bfdce8-212f-4ad1-9a99-5a4e55cec06a[0m [36mreq[0m=[35mf4f37c10[0m
[2m14:37:03[0m [[32m[1minfo     [0m] [1mrequest_finished                        [0m [36mduration[0m=[35m0.016[0m [36mmethod[0m=[35mGET[0m [36mpath[0m=[35m/api/v1/challenges/c9bfdce8-212f-4ad1-9a99-5a4e55cec06a[0m [36mreq[0m=[35mf4f37c10[0m [36mrequest_id[0m=[35mf4f37c10-587d-477a-ac33-57aba86059da[0m [36mstatus[0m=[35m200[0m
[2m14:37:08[0m [[32m[1minfo     [0m] [1mGetting challenge status: id=c9bfdce8-212f-4ad1-9a99-5a4e55cec06a[0m [36mreq[0m=[35m9356adba[0m
[2m14:37:08[0m [[32m[1minfo     [0m] [1mrequest_finished                        [0m [36mduration[0m=[35m0.009[0m [36mmethod[0m=[35mGET[0m [36mpath[0m=[35m/api/v1/challenges/c9bfdce8-212f-4ad1-9a99-5a4e55cec06a[0m [36mreq[0m=[35m9356adba[0m [36mrequest_id[0m=[35m9356adba-9da9-45f5-ba0e-6acaba94717a[0m [36mstatus[0m=[35m200[0m
[2m14:37:13[0m [[32m[1minfo     [0m] [1mGetting challenge status: id=c9bfdce8-212f-4ad1-9a99-5a4e55cec06a[0m [36mreq[0m=[35mc463d494[0m
[2m14:37:13[0m [[32m[1minfo     [0m] [1mrequest_finished                        [0m [36mduration[0m=[35m0.01[0m [36mmethod[0m=[35mGET[0m [36mpath[0m=[35m/api/v1/challenges/c9bfdce8-212f-4ad1-9a99-5a4e55cec06a[0m [36mreq[0m=[35mc463d494[0m [36mrequest_id[0m=[35mc463d494-3e1f-42b0-8b54-0537f433a8b5[0m [36mstatus[0m=[35m200[0m
[2m14:37:18[0m [[32m[1minfo     [0m] [1mGetting challenge status: id=c9bfdce8-212f-4ad1-9a99-5a4e55cec06a[0m [36mreq[0m=[35m8d0570eb[0m
[2m14:37:18[0m [[32m[1minfo     [0m] [1mrequest_finished                        [0m [36mduration[0m=[35m0.038[0m [36mmethod[0m=[35mGET[0m [36mpath[0m=[35m/api/v1/challenges/c9bfdce8-212f-4ad1-9a99-5a4e55cec06a[0m [36mreq[0m=[35m8d0570eb[0m [36mrequest_id[0m=[35m8d0570eb-be60-4bc9-b763-de4843325dc7[0m [36mstatus[0m=[35m200[0m
[2m14:37:23[0m [[32m[1minfo     [0m] [1mGetting challenge status: id=c9bfdce8-212f-4ad1-9a99-5a4e55cec06a[0m [36mreq[0m=[35m2d05b415[0m
[2m14:37:23[0m [[32m[1minfo     [0m] [1mrequest_finished                        [0m [36mduration[0m=[35m0.012[0m [36mmethod[0m=[35mGET[0m [36mpath[0m=[35m/api/v1/challenges/c9bfdce8-212f-4ad1-9a99-5a4e55cec06a[0m [36mreq[0m=[35m2d05b415[0m [36mrequest_id[0m=[35m2d05b415-01c5-429b-b56e-e5d0600cd7b3[0m [36mstatus[0m=[35m200[0m
[2m14:37:28[0m [[32m[1minfo     [0m] [1mGetting challenge status: id=c9bfdce8-212f-4ad1-9a99-5a4e55cec06a[0m [36mreq[0m=[35meaa10bf3[0m
[2m14:37:28[0m [[32m[1minfo     [0m] [1mrequest_finished                        [0m [36mduration[0m=[35m0.007[0m [36mmethod[0m=[35mGET[0m [36mpath[0m=[35m/api/v1/challenges/c9bfdce8-212f-4ad1-9a99-5a4e55cec06a[0m [36mreq[0m=[35meaa10bf3[0m [36mrequest_id[0m=[35meaa10bf3-1a82-45dd-b72e-d363503641bf[0m [36mstatus[0m=[35m200[0m
[2m14:37:33[0m [[32m[1minfo     [0m] [1mGetting challenge status: id=c9bfdce8-212f-4ad1-9a99-5a4e55cec06a[0m [36mreq[0m=[35m0c4f66c6[0m
[2m14:37:33[0m [[32m[1minfo     [0m] [1mrequest_finished                        [0m [36mduration[0m=[35m0.005[0m [36mmethod[0m=[35mGET[0m [36mpath[0m=[35m/api/v1/challenges/c9bfdce8-212f-4ad1-9a99-5a4e55cec06a[0m [36mreq[0m=[35m0c4f66c6[0m [36mrequest_id[0m=[35m0c4f66c6-2b79-4a24-9b69-18fa0295bf1e[0m [36mstatus[0m=[35m200[0m
[2m14:37:38[0m [[32m[1minfo     [0m] [1mGetting challenge status: id=c9bfdce8-212f-4ad1-9a99-5a4e55cec06a[0m [36mreq[0m=[35m951c74dc[0m
[2m14:37:38[0m [[32m[1minfo     [0m] [1mrequest_finished                        [0m [36mduration[0m=[35m0.009[0m [36mmethod[0m=[35mGET[0m [36mpath[0m=[35m/api/v1/challenges/c9bfdce8-212f-4ad1-9a99-5a4e55cec06a[0m [36mreq[0m=[35m951c74dc[0m [36mrequest_id[0m=[35m951c74dc-4401-4a42-a1a4-53e2957424f4[0m [36mstatus[0m=[35m200[0m
[2m14:37:43[0m [[32m[1minfo     [0m] [1mGetting challenge status: id=c9bfdce8-212f-4ad1-9a99-5a4e55cec06a[0m [36mreq[0m=[35m1f8dce4a[0m
[2m14:37:43[0m [[32m[1minfo     [0m] [1mrequest_finished                        [0m [36mduration[0m=[35m0.004[0m [36mmethod[0m=[35mGET[0m [36mpath[0m=[35m/api/v1/challenges/c9bfdce8-212f-4ad1-9a99-5a4e55cec06a[0m [36mreq[0m=[35m1f8dce4a[0m [36mrequest_id[0m=[35m1f8dce4a-1080-4125-b81b-7d5bd76b5d9b[0m [36mstatus[0m=[35m200[0m
[2m14:37:48[0m [[32m[1minfo     [0m] [1mGetting challenge status: id=c9bfdce8-212f-4ad1-9a99-5a4e55cec06a[0m [36mreq[0m=[35meddc7e4b[0m
[2m14:37:48[0m [[32m[1minfo     [0m] [1mrequest_finished                        [0m [36mduration[0m=[35m0.003[0m [36mmethod[0m=[35mGET[0m [36mpath[0m=[35m/api/v1/challenges/c9bfdce8-212f-4ad1-9a99-5a4e55cec06a[0m [36mreq[0m=[35meddc7e4b[0m [36mrequest_id[0m=[35meddc7e4b-fc6b-4033-ab71-67ccdd61dce2[0m [36mstatus[0m=[35m200[0m
[2m14:37:53[0m [[32m[1minfo     [0m] [1mGetting challenge status: id=c9bfdce8-212f-4ad1-9a99-5a4e55cec06a[0m [36mreq[0m=[35m11f7b4d7[0m
[2m14:37:53[0m [[32m[1minfo     [0m] [1mrequest_finished                        [0m [36mduration[0m=[35m0.009[0m [36mmethod[0m=[35mGET[0m [36mpath[0m=[35m/api/v1/challenges/c9bfdce8-212f-4ad1-9a99-5a4e55cec06a[0m [36mreq[0m=[35m11f7b4d7[0m [36mrequest_id[0m=[35m11f7b4d7-0371-423b-9348-e7f144c8813f[0m [36mstatus[0m=[35m200[0m
[2m14:37:58[0m [[32m[1minfo     [0m] [1mGetting challenge status: id=c9bfdce8-212f-4ad1-9a99-5a4e55cec06a[0m [36mreq[0m=[35m7d4bc88f[0m
[2m14:37:58[0m [[32m[1minfo     [0m] [1mrequest_finished                        [0m [36mduration[0m=[35m0.007[0m [36mmethod[0m=[35mGET[0m [36mpath[0m=[35m/api/v1/challenges/c9bfdce8-212f-4ad1-9a99-5a4e55cec06a[0m [36mreq[0m=[35m7d4bc88f[0m [36mrequest_id[0m=[35m7d4bc88f-31e1-4b06-8bd0-70b72e458890[0m [36mstatus[0m=[35m200[0m
[2m14:38:03[0m [[32m[1minfo     [0m] [1mGetting challenge status: id=c9bfdce8-212f-4ad1-9a99-5a4e55cec06a[0m [36mreq[0m=[35m104a33ab[0m
[2m14:38:03[0m [[32m[1minfo     [0m] [1mrequest_finished                        [0m [36mduration[0m=[35m0.008[0m [36mmethod[0m=[35mGET[0m [36mpath[0m=[35m/api/v1/challenges/c9bfdce8-212f-4ad1-9a99-5a4e55cec06a[0m [36mreq[0m=[35m104a33ab[0m [36mrequest_id[0m=[35m104a33ab-10cc-450d-a671-6cd65dd82733[0m [36mstatus[0m=[35m200[0m
[2m14:38:08[0m [[32m[1minfo     [0m] [1mGetting challenge status: id=c9bfdce8-212f-4ad1-9a99-5a4e55cec06a[0m [36mreq[0m=[35mccd0a658[0m
[2m14:38:08[0m [[32m[1minfo     [0m] [1mrequest_finished                        [0m [36mduration[0m=[35m0.007[0m [36mmethod[0m=[35mGET[0m [36mpath[0m=[35m/api/v1/challenges/c9bfdce8-212f-4ad1-9a99-5a4e55cec06a[0m [36mreq[0m=[35mccd0a658[0m [36mrequest_id[0m=[35mccd0a658-79ad-4d48-a88d-38fc73025f21[0m [36mstatus[0m=[35m200[0m
[2m14:38:13[0m [[32m[1minfo     [0m] [1mGetting challenge status: id=c9bfdce8-212f-4ad1-9a99-5a4e55cec06a[0m [36mreq[0m=[35m6d6afa81[0m
[2m14:38:13[0m [[32m[1minfo     [0m] [1mrequest_finished                        [0m [36mduration[0m=[35m0.011[0m [36mmethod[0m=[35mGET[0m [36mpath[0m=[35m/api/v1/challenges/c9bfdce8-212f-4ad1-9a99-5a4e55cec06a[0m [36mreq[0m=[35m6d6afa81[0m [36mrequest_id[0m=[35m6d6afa81-50e3-45a7-bb39-0c6a8ad9ce46[0m [36mstatus[0m=[35m200[0m
[2m14:38:17[0m [[32m[1minfo     [0m] [1mSandbox execution complete: success=True, time=265218ms, cached=False[0m [36mreq[0m=[35m15456871[0m
[2m14:38:18[0m [[32m[1minfo     [0m] [1mGetting challenge status: id=c9bfdce8-212f-4ad1-9a99-5a4e55cec06a[0m [36mreq[0m=[35m32cf320e[0m
[2m14:38:18[0m [[32m[1minfo     [0m] [1mrequest_finished                        [0m [36mduration[0m=[35m0.012[0m [36mmethod[0m=[35mGET[0m [36mpath[0m=[35m/api/v1/challenges/c9bfdce8-212f-4ad1-9a99-5a4e55cec06a[0m [36mreq[0m=[35m32cf320e[0m [36mrequest_id[0m=[35m32cf320e-4717-4b4f-845e-6d439a8607d8[0m [36mstatus[0m=[35m200[0m
[2m14:38:23[0m [[32m[1minfo     [0m] [1mTranskription erfolgreich: 1087 Zeichen [0m [36mreq[0m=[35m15456871[0m
[2m14:38:23[0m [[32m[1minfo     [0m] [1mLoading topology from database...       [0m [36mreq[0m=[35m15456871[0m
[2m14:38:23[0m [[32m[1minfo     [0m] [1mGetting challenge status: id=c9bfdce8-212f-4ad1-9a99-5a4e55cec06a[0m [36mreq[0m=[35madaabaf4[0m
[2m14:38:23[0m [[32m[1minfo     [0m] [1mMapped 13 skill entries to 13 capabilities[0m [36mreq[0m=[35m15456871[0m
[2m14:38:23[0m [[32m[1minfo     [0m] [1mTopology validated: 11 agents in 5 waves[0m [36mreq[0m=[35m15456871[0m
[2m14:38:23[0m [[32m[1minfo     [0m] [1mrequest_finished                        [0m [36mduration[0m=[35m0.007[0m [36mmethod[0m=[35mGET[0m [36mpath[0m=[35m/api/v1/challenges/c9bfdce8-212f-4ad1-9a99-5a4e55cec06a[0m [36mreq[0m=[35madaabaf4[0m [36mrequest_id[0m=[35madaabaf4-066a-41dd-95a9-5ce43a7e9165[0m [36mstatus[0m=[35m200[0m
[2m14:38:23[0m [[32m[1minfo     [0m] [1mLoaded 13 skills for topology           [0m [36mreq[0m=[35m15456871[0m
[2m14:38:23[0m [[32m[1minfo     [0m] [1mTopology loaded: 11 agents, 5 waves     [0m [36mreq[0m=[35m15456871[0m
[2m14:38:24[0m [[32m[1minfo     [0m] [1mShared memory initialized with Qdrant   [0m [36mreq[0m=[35m15456871[0m
[2m14:38:24[0m [[32m[1minfo     [0m] [1mHybridOrchestrator initialized          [0m [36mreq[0m=[35m15456871[0m
[2m14:38:24[0m [[32m[1minfo     [0m] [1mStarting execution: 9c96eb38-cca8-4807-99fc-e1940e86e862[0m [36mreq[0m=[35m15456871[0m
[2m14:38:24[0m [[32m[1minfo     [0m] [1mLoading topology from database...       [0m [36mreq[0m=[35m15456871[0m
[2m14:38:24[0m [[32m[1minfo     [0m] [1mMapped 13 skill entries to 13 capabilities[0m [36mreq[0m=[35m15456871[0m
[2m14:38:24[0m [[32m[1minfo     [0m] [1mTopology validated: 11 agents in 5 waves[0m [36mreq[0m=[35m15456871[0m
[2m14:38:24[0m [[32m[1minfo     [0m] [1mLoaded 13 skills for topology           [0m [36mreq[0m=[35m15456871[0m
[2m14:38:24[0m [[32m[1minfo     [0m] [1mTopology loaded: 11 agents, 5 waves     [0m [36mreq[0m=[35m15456871[0m
[2m14:38:24[0m [[32m[1minfo     [0m] [1mDocker client connected successfully    [0m [36mreq[0m=[35m15456871[0m
[2m14:38:24[0m [[32m[1minfo     [0m] [1mCreated DynamicSandbox executor (Docker-based, unrestricted)[0m [36mreq[0m=[35m15456871[0m
[2m14:38:24[0m [[33m[1mwarning  [0m] [1mCould not create intervention orchestrator for self-healing: create_intervention_orchestrator() got an unexpected keyword argument 'db'[0m [36mreq[0m=[35m15456871[0m
[2m14:38:24[0m [[32m[1minfo     [0m] [1mExecuting wave 1/5: ['05bebe15-b46f-4b91-96e3-a50f6cf9e68d', '90c17f3b-7f91-4174-b3ac-b59a51feb378', '65ad3c5c-f66c-49a0-a7cd-4b9ebc6142b9', '073d766c-ed4f-4519-8e36-8c9631e97c67'][0m [36mreq[0m=[35m15456871[0m
[2m14:38:24[0m [[32m[1minfo     [0m] [1mExecuting agent: transcript_analyzer (05bebe15-b46f-4b91-96e3-a50f6cf9e68d)[0m [36mreq[0m=[35m15456871[0m
[2m14:38:24[0m [[32m[1minfo     [0m] [1mExecuting agent: product_owner (90c17f3b-7f91-4174-b3ac-b59a51feb378)[0m [36mreq[0m=[35m15456871[0m
[2m14:38:24[0m [[33m[1mwarning  [0m] [1mAgent product_owner expected artifacts ['analysis_findings'] but none found in pool[0m [36mreq[0m=[35m15456871[0m
[2m14:38:24[0m [[32m[1minfo     [0m] [1mExecuting agent: quality_judge (65ad3c5c-f66c-49a0-a7cd-4b9ebc6142b9)[0m [36mreq[0m=[35m15456871[0m
[2m14:38:24[0m [[33m[1mwarning  [0m] [1mAgent quality_judge expected artifacts ['ab_test_samples'] but none found in pool[0m [36mreq[0m=[35m15456871[0m
[2m14:38:24[0m [[32m[1minfo     [0m] [1mExecuting agent: execution_analyzer (073d766c-ed4f-4519-8e36-8c9631e97c67)[0m [36mreq[0m=[35m15456871[0m
[2m14:38:24[0m [[33m[1mwarning  [0m] [1mAgent execution_analyzer expected artifacts ['execution_telemetry'] but none found in pool[0m [36mreq[0m=[35m15456871[0m
[2m14:38:24[0m [[32m[1minfo     [0m] [1mshared_memory_metrics agent=transcript_analyzer facts_kept=5 facts_total=8 hypotheses=0 relations=0 approx_tokens=2389 query_chars=3075[0m [36mreq[0m=[35m15456871[0m
[2m14:38:25[0m [[32m[1minfo     [0m] [1mAgent execution_analyzer returned final answer after 0 tool calls[0m [36mreq[0m=[35m15456871[0m
[2m14:38:25[0m [[32m[1minfo     [0m] [1mAgent quality_judge returned final answer after 0 tool calls[0m [36mreq[0m=[35m15456871[0m
[2m14:38:25[0m [[32m[1minfo     [0m] [1mAgent execution_analyzer completed      [0m [36mreq[0m=[35m15456871[0m
[2m14:38:25[0m [[32m[1minfo     [0m] [1mAgent quality_judge completed           [0m [36mreq[0m=[35m15456871[0m
[2m14:38:25[0m [[32m[1minfo     [0m] [1mAgent product_owner returned final answer after 0 tool calls[0m [36mreq[0m=[35m15456871[0m
[2m14:38:25[0m [[32m[1minfo     [0m] [1mAgent product_owner completed           [0m [36mreq[0m=[35m15456871[0m
[2m14:38:28[0m [[32m[1minfo     [0m] [1mGetting challenge status: id=c9bfdce8-212f-4ad1-9a99-5a4e55cec06a[0m [36mreq[0m=[35m3ee1394d[0m
[2m14:38:28[0m [[32m[1minfo     [0m] [1mrequest_finished                        [0m [36mduration[0m=[35m0.007[0m [36mmethod[0m=[35mGET[0m [36mpath[0m=[35m/api/v1/challenges/c9bfdce8-212f-4ad1-9a99-5a4e55cec06a[0m [36mreq[0m=[35m3ee1394d[0m [36mrequest_id[0m=[35m3ee1394d-ac9b-4afb-9fec-43ab436f115d[0m [36mstatus[0m=[35m200[0m
[2m14:38:29[0m [[32m[1minfo     [0m] [1mAgent transcript_analyzer returned final answer after 0 tool calls[0m [36mreq[0m=[35m15456871[0m
[2m14:38:29[0m [[32m[1minfo     [0m] [1mAgent transcript_analyzer completed     [0m [36mreq[0m=[35m15456871[0m
[2m14:38:29[0m [[32m[1minfo     [0m] [1mWave 1 agent 'transcript_analyzer' completed: success=True, skipped=False, result_len=1514[0m [36mreq[0m=[35m15456871[0m
[2m14:38:29[0m [[32m[1minfo     [0m] [1mWave 1 agent 'product_owner' completed: success=True, skipped=False, result_len=812[0m [36mreq[0m=[35m15456871[0m
[2m14:38:29[0m [[32m[1minfo     [0m] [1mWave 1 agent 'quality_judge' completed: success=True, skipped=False, result_len=211[0m [36mreq[0m=[35m15456871[0m
[2m14:38:29[0m [[32m[1minfo     [0m] [1mWave 1 agent 'execution_analyzer' completed: success=True, skipped=False, result_len=169[0m [36mreq[0m=[35m15456871[0m
[2m14:38:29[0m [[32m[1minfo     [0m] [1mExecuting wave 2/5: ['49898ec1-10da-4a11-8457-1358d844c805', '07f8b963-9d7c-4232-ba20-52aa8d850e1d'][0m [36mreq[0m=[35m15456871[0m
[2m14:38:29[0m [[32m[1minfo     [0m] [1mExecuting agent: context_retriever (49898ec1-10da-4a11-8457-1358d844c805)[0m [36mreq[0m=[35m15456871[0m
[2m14:38:29[0m [[32m[1minfo     [0m] [1mExecuting agent: control_agent (07f8b963-9d7c-4232-ba20-52aa8d850e1d)[0m [36mreq[0m=[35m15456871[0m
[2m14:38:30[0m [[32m[1minfo     [0m] [1mAgent control_agent returned final answer after 0 tool calls[0m [36mreq[0m=[35m15456871[0m
[2m14:38:30[0m [[32m[1minfo     [0m] [1mAgent control_agent completed           [0m [36mreq[0m=[35m15456871[0m
[2m14:38:31[0m [[32m[1minfo     [0m] [1mAgent context_retriever returned final answer after 0 tool calls[0m [36mreq[0m=[35m15456871[0m
[2m14:38:31[0m [[32m[1minfo     [0m] [1mAgent context_retriever completed       [0m [36mreq[0m=[35m15456871[0m
[2m14:38:31[0m [[32m[1minfo     [0m] [1mWave 2 agent 'context_retriever' completed: success=True, skipped=False, result_len=886[0m [36mreq[0m=[35m15456871[0m
[2m14:38:31[0m [[32m[1minfo     [0m] [1mWave 2 agent 'control_agent' completed: success=True, skipped=False, result_len=157[0m [36mreq[0m=[35m15456871[0m
[2m14:38:31[0m [[32m[1minfo     [0m] [1mExecuting wave 3/5: ['f54aabd1-ca21-4768-b12e-ccf5ca95d0da', 'a676e764-25ce-41cf-95d1-b838c8e6804d', 'd01ede79-d82b-465b-ae42-d1a7a2ec4188'][0m [36mreq[0m=[35m15456871[0m
[2m14:38:31[0m [[32m[1minfo     [0m] [1mExecuting agent: report_generator (f54aabd1-ca21-4768-b12e-ccf5ca95d0da)[0m [36mreq[0m=[35m15456871[0m
[2m14:38:31[0m [[32m[1minfo     [0m] [1mExecuting agent: prompt_engineer (a676e764-25ce-41cf-95d1-b838c8e6804d)[0m [36mreq[0m=[35m15456871[0m
[2m14:38:31[0m [[32m[1minfo     [0m] [1mExecuting agent: tool_builder (d01ede79-d82b-465b-ae42-d1a7a2ec4188)[0m [36mreq[0m=[35m15456871[0m
[2m14:38:33[0m [[32m[1minfo     [0m] [1mGetting challenge status: id=c9bfdce8-212f-4ad1-9a99-5a4e55cec06a[0m [36mreq[0m=[35m15eb807d[0m
[2m14:38:33[0m [[32m[1minfo     [0m] [1mrequest_finished                        [0m [36mduration[0m=[35m0.003[0m [36mmethod[0m=[35mGET[0m [36mpath[0m=[35m/api/v1/challenges/c9bfdce8-212f-4ad1-9a99-5a4e55cec06a[0m [36mreq[0m=[35m15eb807d[0m [36mrequest_id[0m=[35m15eb807d-fa5d-41f0-b7d9-cf08391b50e0[0m [36mstatus[0m=[35m200[0m
[2m14:38:34[0m [[32m[1minfo     [0m] [1mAgent prompt_engineer returned final answer after 0 tool calls[0m [36mreq[0m=[35m15456871[0m
[2m14:38:34[0m [[32m[1minfo     [0m] [1mAgent prompt_engineer completed         [0m [36mreq[0m=[35m15456871[0m
[2m14:38:34[0m [[32m[1minfo     [0m] [1mAgent report_generator returned final answer after 0 tool calls[0m [36mreq[0m=[35m15456871[0m
[2m14:38:35[0m [[32m[1minfo     [0m] [1mAgent report_generator completed        [0m [36mreq[0m=[35m15456871[0m
[2m14:38:37[0m [[32m[1minfo     [0m] [1mAgent tool_builder returned final answer after 0 tool calls[0m [36mreq[0m=[35m15456871[0m
[2m14:38:37[0m [[32m[1minfo     [0m] [1mAgent tool_builder completed            [0m [36mreq[0m=[35m15456871[0m
[2m14:38:37[0m [[32m[1minfo     [0m] [1mWave 3 agent 'report_generator' completed: success=True, skipped=False, result_len=1697[0m [36mreq[0m=[35m15456871[0m
[2m14:38:37[0m [[32m[1minfo     [0m] [1mWave 3 agent 'prompt_engineer' completed: success=True, skipped=False, result_len=1869[0m [36mreq[0m=[35m15456871[0m
[2m14:38:37[0m [[32m[1minfo     [0m] [1mWave 3 agent 'tool_builder' completed: success=True, skipped=False, result_len=3735[0m [36mreq[0m=[35m15456871[0m
[2m14:38:37[0m [[32m[1minfo     [0m] [1mExecuting wave 4/5: ['85860279-90e3-4984-b25d-af840d3dca9b'][0m [36mreq[0m=[35m15456871[0m
[2m14:38:37[0m [[32m[1minfo     [0m] [1mExecuting agent: quality_validator (85860279-90e3-4984-b25d-af840d3dca9b)[0m [36mreq[0m=[35m15456871[0m
[2m14:38:38[0m [[32m[1minfo     [0m] [1mAgent quality_validator returned final answer after 0 tool calls[0m [36mreq[0m=[35m15456871[0m
[2m14:38:38[0m [[32m[1minfo     [0m] [1mAgent quality_validator completed       [0m [36mreq[0m=[35m15456871[0m
[2m14:38:38[0m [[32m[1minfo     [0m] [1mWave 4 agent 'quality_validator' completed: success=True, skipped=False, result_len=308[0m [36mreq[0m=[35m15456871[0m
[2m14:38:38[0m [[32m[1minfo     [0m] [1mExecuting wave 5/5: ['bbd241f8-1df0-49f4-950a-dc61efa2c950'][0m [36mreq[0m=[35m15456871[0m
[2m14:38:38[0m [[32m[1minfo     [0m] [1mExecuting agent: report_finalizer (bbd241f8-1df0-49f4-950a-dc61efa2c950)[0m [36mreq[0m=[35m15456871[0m
[2m14:38:39[0m [[32m[1minfo     [0m] [1mGetting challenge status: id=c9bfdce8-212f-4ad1-9a99-5a4e55cec06a[0m [36mreq[0m=[35medfd6aaa[0m
[2m14:38:39[0m [[32m[1minfo     [0m] [1mrequest_finished                        [0m [36mduration[0m=[35m0.01[0m [36mmethod[0m=[35mGET[0m [36mpath[0m=[35m/api/v1/challenges/c9bfdce8-212f-4ad1-9a99-5a4e55cec06a[0m [36mreq[0m=[35medfd6aaa[0m [36mrequest_id[0m=[35medfd6aaa-3f6c-4624-8061-87c2b3372d1a[0m [36mstatus[0m=[35m200[0m
[2m14:38:42[0m [[32m[1minfo     [0m] [1mAgent report_finalizer returned final answer after 0 tool calls[0m [36mreq[0m=[35m15456871[0m
[2m14:38:42[0m [[32m[1minfo     [0m] [1mAgent report_finalizer completed        [0m [36mreq[0m=[35m15456871[0m
[2m14:38:42[0m [[32m[1minfo     [0m] [1mWave 5 agent 'report_finalizer' completed: success=True, skipped=False, result_len=2233[0m [36mreq[0m=[35m15456871[0m
[2m14:38:42[0m [[32m[1minfo     [0m] [1mArtifact pool cleared: 11 artifacts discarded[0m [36mreq[0m=[35m15456871[0m
[2m14:38:42[0m [[32m[1minfo     [0m] [1mPersisted 1 facts to shared memory for execution 9c96eb38-cca8-4807-99fc-e1940e86e862[0m [36mreq[0m=[35m15456871[0m
[2m14:38:42[0m [[32m[1minfo     [0m] [1mStarting telemetry for agent=05bebe15..., execution=9c96eb38...[0m [36mreq[0m=[35m15456871[0m
[2m14:38:42[0m [[33m[1mwarning  [0m] [1mTelemetrie-Bridge fehlgeschlagen: 1 validation error for ExecutionTelemetryCreate
outcome
  Input should be 'success', 'error', 'timeout' or 'cancelled' [type=literal_error, input_value='running', input_type=str]
    For further information visit https://errors.pydantic.dev/2.11/v/literal_error[0m [36mreq[0m=[35m15456871[0m
[2m14:38:42[0m [[32m[1minfo     [0m] [1mConfigured epicbox profile: image=lumari-sandbox:latest, limits={'cputime': 5, 'realtime': 10, 'memory': 128, 'processes': 1}[0m [36mreq[0m=[35m15456871[0m
[2m14:38:42[0m [[32m[1minfo     [0m] [1mStarting analysis pipeline for execution_id=9c96eb38...[0m [36mreq[0m=[35m15456871[0m
[2m14:38:42[0m [[33m[1mwarning  [0m] [1mNo telemetry found for execution 9c96eb38-cca8-4807-99fc-e1940e86e862[0m [36mreq[0m=[35m15456871[0m
[2m14:38:42[0m [[32m[1minfo     [0m] [1mExecution completed: challenge_id=c9bfdce8-212f-4ad1-9a99-5a4e55cec06a, success=True[0m [36mreq[0m=[35m15456871[0m
[2m14:38:44[0m [[32m[1minfo     [0m] [1mGetting challenge status: id=c9bfdce8-212f-4ad1-9a99-5a4e55cec06a[0m [36mreq[0m=[35m2b38e63e[0m
[2m14:38:44[0m [[32m[1minfo     [0m] [1mrequest_finished                        [0m [36mduration[0m=[35m0.007[0m [36mmethod[0m=[35mGET[0m [36mpath[0m=[35m/api/v1/challenges/c9bfdce8-212f-4ad1-9a99-5a4e55cec06a[0m [36mreq[0m=[35m2b38e63e[0m [36mrequest_id[0m=[35m2b38e63e-da23-4b20-9fef-145b4c41eebc[0m [36mstatus[0m=[35m200[0m
[2m14:38:44[0m [[32m[1minfo     [0m] [1mGetting challenge results: id=c9bfdce8-212f-4ad1-9a99-5a4e55cec06a[0m [36mreq[0m=[35m9ce3b13f[0m
[2m14:38:44[0m [[32m[1minfo     [0m] [1mrequest_finished                        [0m [36mduration[0m=[35m0.005[0m [36mmethod[0m=[35mGET[0m [36mpath[0m=[35m/api/v1/challenges/c9bfdce8-212f-4ad1-9a99-5a4e55cec06a/results[0m [36mreq[0m=[35m9ce3b13f[0m [36mrequest_id[0m=[35m9ce3b13f-a37a-4a17-882e-75066c21039c[0m [36mstatus[0m=[35m200[0m
[2m14:38:45[0m [[32m[1minfo     [0m] [1mFile upload: sicherheitsbericht_20251105.opus, size=318785, type=audio/opus[0m [36mreq[0m=[35mbf4ffdef[0m
[2m14:38:45[0m [[32m[1minfo     [0m] [1mSaved binary file to: /Users/patrick/Documents/Uni/master_project/backend/app/api/v1/endpoints/../../../uploads/b0e9a2e6-7deb-46b0-ad81-53a0932721ba.opus[0m [36mreq[0m=[35mbf4ffdef[0m
[2m14:38:45[0m [[32m[1minfo     [0m] [1mAudio transcription skill available: skill_audio_transcription — will transcribe in background[0m [36mreq[0m=[35mbf4ffdef[0m
[2m14:38:45[0m [[32m[1minfo     [0m] [1mFile upload: sicherheitsbericht_20251105.opus -> challenge_id=7aeb3813-ead8-4f32-a250-4ffa85196595, gaps=0, route=execute[0m [36mreq[0m=[35mbf4ffdef[0m
[2m14:38:45[0m [[32m[1minfo     [0m] [1mrequest_finished                        [0m [36mduration[0m=[35m0.035[0m [36mmethod[0m=[35mPOST[0m [36mpath[0m=[35m/api/v1/challenges/upload[0m [36mreq[0m=[35mbf4ffdef[0m [36mrequest_id[0m=[35mbf4ffdef-65fd-4d67-9592-de92ac3782fa[0m [36mstatus[0m=[35m200[0m
[2m14:38:45[0m [[32m[1minfo     [0m] [1mExecuting challenge: id=7aeb3813-ead8-4f32-a250-4ffa85196595[0m [36mreq[0m=[35m7324ecb9[0m
[2m14:38:45[0m [[32m[1minfo     [0m] [1mrequest_finished                        [0m [36mduration[0m=[35m0.007[0m [36mmethod[0m=[35mPOST[0m [36mpath[0m=[35m/api/v1/challenges/7aeb3813-ead8-4f32-a250-4ffa85196595/execute[0m [36mreq[0m=[35m7324ecb9[0m [36mrequest_id[0m=[35m7324ecb9-124d-45b6-a2e5-f1b66c1ab87f[0m [36mstatus[0m=[35m200[0m
[2m14:38:45[0m [[32m[1minfo     [0m] [1mStarting background execution: challenge_id=7aeb3813-ead8-4f32-a250-4ffa85196595[0m [36mreq[0m=[35m7324ecb9[0m
[2m14:38:45[0m [[32m[1minfo     [0m] [1mTranskribiere Audio vor Execution: /Users/patrick/Documents/Uni/master_project/backend/app/api/v1/endpoints/../../../uploads/b0e9a2e6-7deb-46b0-ad81-53a0932721ba.opus mit Skill skill_audio_transcription[0m [36mreq[0m=[35m7324ecb9[0m
[2m14:38:45[0m [[32m[1minfo     [0m] [1mStarting sandbox execution: pip=['openai-whisper'], apt=['ffmpeg'], input_files=['b0e9a2e6-7deb-46b0-ad81-53a0932721ba.opus'][0m [36mreq[0m=[35m7324ecb9[0m
[2m14:38:45[0m [[32m[1minfo     [0m] [1mDocker client connected successfully    [0m [36mreq[0m=[35m7324ecb9[0m
[2m14:38:46[0m [[32m[1minfo     [0m] [1mInstalling system packages: ffmpeg      [0m [36mreq[0m=[35m7324ecb9[0m
[2m14:38:50[0m [[32m[1minfo     [0m] [1mGetting challenge status: id=7aeb3813-ead8-4f32-a250-4ffa85196595[0m [36mreq[0m=[35m01d86a8d[0m
[2m14:38:50[0m [[32m[1minfo     [0m] [1mrequest_finished                        [0m [36mduration[0m=[35m0.005[0m [36mmethod[0m=[35mGET[0m [36mpath[0m=[35m/api/v1/challenges/7aeb3813-ead8-4f32-a250-4ffa85196595[0m [36mreq[0m=[35m01d86a8d[0m [36mrequest_id[0m=[35m01d86a8d-5c16-4d7c-9e9e-e1784751a99f[0m [36mstatus[0m=[35m200[0m
[2m14:38:55[0m [[32m[1minfo     [0m] [1mGetting challenge status: id=7aeb3813-ead8-4f32-a250-4ffa85196595[0m [36mreq[0m=[35m6fefc5ed[0m
[2m14:38:55[0m [[32m[1minfo     [0m] [1mrequest_finished                        [0m [36mduration[0m=[35m0.021[0m [36mmethod[0m=[35mGET[0m [36mpath[0m=[35m/api/v1/challenges/7aeb3813-ead8-4f32-a250-4ffa85196595[0m [36mreq[0m=[35m6fefc5ed[0m [36mrequest_id[0m=[35m6fefc5ed-31f2-4ab5-83c7-5d3945149304[0m [36mstatus[0m=[35m200[0m
[2m14:39:00[0m [[32m[1minfo     [0m] [1mGetting challenge status: id=7aeb3813-ead8-4f32-a250-4ffa85196595[0m [36mreq[0m=[35m458de192[0m
[2m14:39:00[0m [[32m[1minfo     [0m] [1mrequest_finished                        [0m [36mduration[0m=[35m0.006[0m [36mmethod[0m=[35mGET[0m [36mpath[0m=[35m/api/v1/challenges/7aeb3813-ead8-4f32-a250-4ffa85196595[0m [36mreq[0m=[35m458de192[0m [36mrequest_id[0m=[35m458de192-a006-4ae9-a6c0-2d7948e16ed2[0m [36mstatus[0m=[35m200[0m
[2m14:39:05[0m [[32m[1minfo     [0m] [1mGetting challenge status: id=7aeb3813-ead8-4f32-a250-4ffa85196595[0m [36mreq[0m=[35m95efa233[0m
[2m14:39:05[0m [[32m[1minfo     [0m] [1mrequest_finished                        [0m [36mduration[0m=[35m0.006[0m [36mmethod[0m=[35mGET[0m [36mpath[0m=[35m/api/v1/challenges/7aeb3813-ead8-4f32-a250-4ffa85196595[0m [36mreq[0m=[35m95efa233[0m [36mrequest_id[0m=[35m95efa233-f60d-4312-a898-0b476841ff22[0m [36mstatus[0m=[35m200[0m
[2m14:39:10[0m [[32m[1minfo     [0m] [1mGetting challenge status: id=7aeb3813-ead8-4f32-a250-4ffa85196595[0m [36mreq[0m=[35mc9a19fb0[0m
[2m14:39:10[0m [[32m[1minfo     [0m] [1mrequest_finished                        [0m [36mduration[0m=[35m0.014[0m [36mmethod[0m=[35mGET[0m [36mpath[0m=[35m/api/v1/challenges/7aeb3813-ead8-4f32-a250-4ffa85196595[0m [36mreq[0m=[35mc9a19fb0[0m [36mrequest_id[0m=[35mc9a19fb0-a8f9-4ba1-8b2d-4fa24ba24742[0m [36mstatus[0m=[35m200[0m
[2m14:39:15[0m [[32m[1minfo     [0m] [1mGetting challenge status: id=7aeb3813-ead8-4f32-a250-4ffa85196595[0m [36mreq[0m=[35m554c3243[0m
[2m14:39:15[0m [[32m[1minfo     [0m] [1mrequest_finished                        [0m [36mduration[0m=[35m0.011[0m [36mmethod[0m=[35mGET[0m [36mpath[0m=[35m/api/v1/challenges/7aeb3813-ead8-4f32-a250-4ffa85196595[0m [36mreq[0m=[35m554c3243[0m [36mrequest_id[0m=[35m554c3243-4652-4fd8-b30b-c9949a606c53[0m [36mstatus[0m=[35m200[0m
[2m14:39:21[0m [[32m[1minfo     [0m] [1mGetting challenge status: id=7aeb3813-ead8-4f32-a250-4ffa85196595[0m [36mreq[0m=[35m45918ba1[0m
[2m14:39:21[0m [[32m[1minfo     [0m] [1mrequest_finished                        [0m [36mduration[0m=[35m0.018[0m [36mmethod[0m=[35mGET[0m [36mpath[0m=[35m/api/v1/challenges/7aeb3813-ead8-4f32-a250-4ffa85196595[0m [36mreq[0m=[35m45918ba1[0m [36mrequest_id[0m=[35m45918ba1-b2da-463d-97ea-e0991abc6595[0m [36mstatus[0m=[35m200[0m
[2m14:39:26[0m [[32m[1minfo     [0m] [1mGetting challenge status: id=7aeb3813-ead8-4f32-a250-4ffa85196595[0m [36mreq[0m=[35m01e1a5e0[0m
[2m14:39:26[0m [[32m[1minfo     [0m] [1mrequest_finished                        [0m [36mduration[0m=[35m0.012[0m [36mmethod[0m=[35mGET[0m [36mpath[0m=[35m/api/v1/challenges/7aeb3813-ead8-4f32-a250-4ffa85196595[0m [36mreq[0m=[35m01e1a5e0[0m [36mrequest_id[0m=[35m01e1a5e0-e455-441b-93c5-34e73b49a896[0m [36mstatus[0m=[35m200[0m
[2m14:39:27[0m [[32m[1minfo     [0m] [1mSystem packages installed successfully: ffmpeg[0m [36mreq[0m=[35m7324ecb9[0m
[2m14:39:27[0m [[32m[1minfo     [0m] [1mInstalling pip packages: "openai-whisper"[0m [36mreq[0m=[35m7324ecb9[0m
[2m14:39:31[0m [[32m[1minfo     [0m] [1mGetting challenge status: id=7aeb3813-ead8-4f32-a250-4ffa85196595[0m [36mreq[0m=[35m9f322637[0m
[2m14:39:31[0m [[32m[1minfo     [0m] [1mrequest_finished                        [0m [36mduration[0m=[35m0.012[0m [36mmethod[0m=[35mGET[0m [36mpath[0m=[35m/api/v1/challenges/7aeb3813-ead8-4f32-a250-4ffa85196595[0m [36mreq[0m=[35m9f322637[0m [36mrequest_id[0m=[35m9f322637-4f1b-487a-ac0e-de2a4a70117f[0m [36mstatus[0m=[35m200[0m
[2m14:39:36[0m [[32m[1minfo     [0m] [1mGetting challenge status: id=7aeb3813-ead8-4f32-a250-4ffa85196595[0m [36mreq[0m=[35m59c0ab09[0m
[2m14:39:36[0m [[32m[1minfo     [0m] [1mrequest_finished                        [0m [36mduration[0m=[35m0.012[0m [36mmethod[0m=[35mGET[0m [36mpath[0m=[35m/api/v1/challenges/7aeb3813-ead8-4f32-a250-4ffa85196595[0m [36mreq[0m=[35m59c0ab09[0m [36mrequest_id[0m=[35m59c0ab09-4fe7-4446-b6b7-310d8415dc54[0m [36mstatus[0m=[35m200[0m
[2m14:39:41[0m [[32m[1minfo     [0m] [1mGetting challenge status: id=7aeb3813-ead8-4f32-a250-4ffa85196595[0m [36mreq[0m=[35m67a383b7[0m
[2m14:39:41[0m [[32m[1minfo     [0m] [1mrequest_finished                        [0m [36mduration[0m=[35m0.028[0m [36mmethod[0m=[35mGET[0m [36mpath[0m=[35m/api/v1/challenges/7aeb3813-ead8-4f32-a250-4ffa85196595[0m [36mreq[0m=[35m67a383b7[0m [36mrequest_id[0m=[35m67a383b7-2eb9-4a18-8c48-30cfb0f13113[0m [36mstatus[0m=[35m200[0m
[2m14:39:46[0m [[32m[1minfo     [0m] [1mGetting challenge status: id=7aeb3813-ead8-4f32-a250-4ffa85196595[0m [36mreq[0m=[35mcbac7d5c[0m
[2m14:39:46[0m [[32m[1minfo     [0m] [1mrequest_finished                        [0m [36mduration[0m=[35m0.006[0m [36mmethod[0m=[35mGET[0m [36mpath[0m=[35m/api/v1/challenges/7aeb3813-ead8-4f32-a250-4ffa85196595[0m [36mreq[0m=[35mcbac7d5c[0m [36mrequest_id[0m=[35mcbac7d5c-b67f-4f29-8ac1-5be4e498ca7b[0m [36mstatus[0m=[35m200[0m
[2m14:39:51[0m [[32m[1minfo     [0m] [1mGetting challenge status: id=7aeb3813-ead8-4f32-a250-4ffa85196595[0m [36mreq[0m=[35mdc1d6629[0m
[2m14:39:51[0m [[32m[1minfo     [0m] [1mrequest_finished                        [0m [36mduration[0m=[35m0.009[0m [36mmethod[0m=[35mGET[0m [36mpath[0m=[35m/api/v1/challenges/7aeb3813-ead8-4f32-a250-4ffa85196595[0m [36mreq[0m=[35mdc1d6629[0m [36mrequest_id[0m=[35mdc1d6629-6ff3-46d4-a9f3-860690b6a429[0m [36mstatus[0m=[35m200[0m
[2m14:39:56[0m [[32m[1minfo     [0m] [1mGetting challenge status: id=7aeb3813-ead8-4f32-a250-4ffa85196595[0m [36mreq[0m=[35mbd286a64[0m
[2m14:39:56[0m [[32m[1minfo     [0m] [1mrequest_finished                        [0m [36mduration[0m=[35m0.021[0m [36mmethod[0m=[35mGET[0m [36mpath[0m=[35m/api/v1/challenges/7aeb3813-ead8-4f32-a250-4ffa85196595[0m [36mreq[0m=[35mbd286a64[0m [36mrequest_id[0m=[35mbd286a64-4286-4133-9985-aff639239cdf[0m [36mstatus[0m=[35m200[0m
[2m14:40:01[0m [[32m[1minfo     [0m] [1mGetting challenge status: id=7aeb3813-ead8-4f32-a250-4ffa85196595[0m [36mreq[0m=[35mfedf12c8[0m
[2m14:40:01[0m [[32m[1minfo     [0m] [1mrequest_finished                        [0m [36mduration[0m=[35m0.012[0m [36mmethod[0m=[35mGET[0m [36mpath[0m=[35m/api/v1/challenges/7aeb3813-ead8-4f32-a250-4ffa85196595[0m [36mreq[0m=[35mfedf12c8[0m [36mrequest_id[0m=[35mfedf12c8-a4c0-44fb-bc6a-da682c21fd97[0m [36mstatus[0m=[35m200[0m
[2m14:40:06[0m [[32m[1minfo     [0m] [1mGetting challenge status: id=7aeb3813-ead8-4f32-a250-4ffa85196595[0m [36mreq[0m=[35meb79c7c0[0m
[2m14:40:06[0m [[32m[1minfo     [0m] [1mrequest_finished                        [0m [36mduration[0m=[35m0.004[0m [36mmethod[0m=[35mGET[0m [36mpath[0m=[35m/api/v1/challenges/7aeb3813-ead8-4f32-a250-4ffa85196595[0m [36mreq[0m=[35meb79c7c0[0m [36mrequest_id[0m=[35meb79c7c0-4263-4f5e-aceb-45d70db940b7[0m [36mstatus[0m=[35m200[0m
[2m14:40:11[0m [[32m[1minfo     [0m] [1mGetting challenge status: id=7aeb3813-ead8-4f32-a250-4ffa85196595[0m [36mreq[0m=[35m9f838c94[0m
[2m14:40:11[0m [[32m[1minfo     [0m] [1mrequest_finished                        [0m [36mduration[0m=[35m0.005[0m [36mmethod[0m=[35mGET[0m [36mpath[0m=[35m/api/v1/challenges/7aeb3813-ead8-4f32-a250-4ffa85196595[0m [36mreq[0m=[35m9f838c94[0m [36mrequest_id[0m=[35m9f838c94-d88d-4322-b959-5c5679697df2[0m [36mstatus[0m=[35m200[0m
[2m14:40:16[0m [[32m[1minfo     [0m] [1mGetting challenge status: id=7aeb3813-ead8-4f32-a250-4ffa85196595[0m [36mreq[0m=[35mef099e2e[0m
[2m14:40:16[0m [[32m[1minfo     [0m] [1mrequest_finished                        [0m [36mduration[0m=[35m0.005[0m [36mmethod[0m=[35mGET[0m [36mpath[0m=[35m/api/v1/challenges/7aeb3813-ead8-4f32-a250-4ffa85196595[0m [36mreq[0m=[35mef099e2e[0m [36mrequest_id[0m=[35mef099e2e-95ca-4d6d-ade7-661186c74d5d[0m [36mstatus[0m=[35m200[0m
[2m14:40:21[0m [[32m[1minfo     [0m] [1mGetting challenge status: id=7aeb3813-ead8-4f32-a250-4ffa85196595[0m [36mreq[0m=[35mbeb814e3[0m
[2m14:40:21[0m [[32m[1minfo     [0m] [1mrequest_finished                        [0m [36mduration[0m=[35m0.004[0m [36mmethod[0m=[35mGET[0m [36mpath[0m=[35m/api/v1/challenges/7aeb3813-ead8-4f32-a250-4ffa85196595[0m [36mreq[0m=[35mbeb814e3[0m [36mrequest_id[0m=[35mbeb814e3-e061-4ca1-b9dc-75a21d2c7430[0m [36mstatus[0m=[35m200[0m
[2m14:40:22[0m [[32m[1minfo     [0m] [1mPip packages installed successfully     [0m [36mreq[0m=[35m7324ecb9[0m
[2m14:40:26[0m [[32m[1minfo     [0m] [1mGetting challenge status: id=7aeb3813-ead8-4f32-a250-4ffa85196595[0m [36mreq[0m=[35m2472ad04[0m
[2m14:40:26[0m [[32m[1minfo     [0m] [1mrequest_finished                        [0m [36mduration[0m=[35m0.006[0m [36mmethod[0m=[35mGET[0m [36mpath[0m=[35m/api/v1/challenges/7aeb3813-ead8-4f32-a250-4ffa85196595[0m [36mreq[0m=[35m2472ad04[0m [36mrequest_id[0m=[35m2472ad04-b8ec-4370-b0e1-567c6954e8e9[0m [36mstatus[0m=[35m200[0m
[2m14:40:31[0m [[32m[1minfo     [0m] [1mGetting challenge status: id=7aeb3813-ead8-4f32-a250-4ffa85196595[0m [36mreq[0m=[35ma613ef64[0m
[2m14:40:31[0m [[32m[1minfo     [0m] [1mrequest_finished                        [0m [36mduration[0m=[35m0.004[0m [36mmethod[0m=[35mGET[0m [36mpath[0m=[35m/api/v1/challenges/7aeb3813-ead8-4f32-a250-4ffa85196595[0m [36mreq[0m=[35ma613ef64[0m [36mrequest_id[0m=[35ma613ef64-eed8-40c1-a673-a4480971cdb6[0m [36mstatus[0m=[35m200[0m
[2m14:40:36[0m [[32m[1minfo     [0m] [1mGetting challenge status: id=7aeb3813-ead8-4f32-a250-4ffa85196595[0m [36mreq[0m=[35mf4b56e04[0m
[2m14:40:36[0m [[32m[1minfo     [0m] [1mrequest_finished                        [0m [36mduration[0m=[35m0.009[0m [36mmethod[0m=[35mGET[0m [36mpath[0m=[35m/api/v1/challenges/7aeb3813-ead8-4f32-a250-4ffa85196595[0m [36mreq[0m=[35mf4b56e04[0m [36mrequest_id[0m=[35mf4b56e04-a036-469b-a89c-6325406c9514[0m [36mstatus[0m=[35m200[0m
[2m14:40:41[0m [[32m[1minfo     [0m] [1mGetting challenge status: id=7aeb3813-ead8-4f32-a250-4ffa85196595[0m [36mreq[0m=[35m99b6c02d[0m
[2m14:40:41[0m [[32m[1minfo     [0m] [1mrequest_finished                        [0m [36mduration[0m=[35m0.009[0m [36mmethod[0m=[35mGET[0m [36mpath[0m=[35m/api/v1/challenges/7aeb3813-ead8-4f32-a250-4ffa85196595[0m [36mreq[0m=[35m99b6c02d[0m [36mrequest_id[0m=[35m99b6c02d-e5a7-495d-b082-146049f5ca3d[0m [36mstatus[0m=[35m200[0m
[2m14:40:46[0m [[32m[1minfo     [0m] [1mGetting challenge status: id=7aeb3813-ead8-4f32-a250-4ffa85196595[0m [36mreq[0m=[35m41edc67f[0m
[2m14:40:46[0m [[32m[1minfo     [0m] [1mrequest_finished                        [0m [36mduration[0m=[35m0.009[0m [36mmethod[0m=[35mGET[0m [36mpath[0m=[35m/api/v1/challenges/7aeb3813-ead8-4f32-a250-4ffa85196595[0m [36mreq[0m=[35m41edc67f[0m [36mrequest_id[0m=[35m41edc67f-1feb-4d06-a48b-f3812611c25c[0m [36mstatus[0m=[35m200[0m
[2m14:40:51[0m [[32m[1minfo     [0m] [1mGetting challenge status: id=7aeb3813-ead8-4f32-a250-4ffa85196595[0m [36mreq[0m=[35mb8d135ae[0m
[2m14:40:51[0m [[32m[1minfo     [0m] [1mrequest_finished                        [0m [36mduration[0m=[35m0.009[0m [36mmethod[0m=[35mGET[0m [36mpath[0m=[35m/api/v1/challenges/7aeb3813-ead8-4f32-a250-4ffa85196595[0m [36mreq[0m=[35mb8d135ae[0m [36mrequest_id[0m=[35mb8d135ae-aaf5-4583-a67d-b96ed12b75d9[0m [36mstatus[0m=[35m200[0m
[2m14:40:56[0m [[32m[1minfo     [0m] [1mGetting challenge status: id=7aeb3813-ead8-4f32-a250-4ffa85196595[0m [36mreq[0m=[35mffe83a77[0m
[2m14:40:56[0m [[32m[1minfo     [0m] [1mrequest_finished                        [0m [36mduration[0m=[35m0.006[0m [36mmethod[0m=[35mGET[0m [36mpath[0m=[35m/api/v1/challenges/7aeb3813-ead8-4f32-a250-4ffa85196595[0m [36mreq[0m=[35mffe83a77[0m [36mrequest_id[0m=[35mffe83a77-8a26-4479-9c5d-ef52da2ed62d[0m [36mstatus[0m=[35m200[0m
[2m14:41:01[0m [[32m[1minfo     [0m] [1mGetting challenge status: id=7aeb3813-ead8-4f32-a250-4ffa85196595[0m [36mreq[0m=[35m608382bb[0m
[2m14:41:01[0m [[32m[1minfo     [0m] [1mrequest_finished                        [0m [36mduration[0m=[35m0.012[0m [36mmethod[0m=[35mGET[0m [36mpath[0m=[35m/api/v1/challenges/7aeb3813-ead8-4f32-a250-4ffa85196595[0m [36mreq[0m=[35m608382bb[0m [36mrequest_id[0m=[35m608382bb-3520-471c-9f73-e67e282e363a[0m [36mstatus[0m=[35m200[0m
[2m14:41:06[0m [[32m[1minfo     [0m] [1mGetting challenge status: id=7aeb3813-ead8-4f32-a250-4ffa85196595[0m [36mreq[0m=[35m97c0aa99[0m
[2m14:41:06[0m [[32m[1minfo     [0m] [1mrequest_finished                        [0m [36mduration[0m=[35m0.012[0m [36mmethod[0m=[35mGET[0m [36mpath[0m=[35m/api/v1/challenges/7aeb3813-ead8-4f32-a250-4ffa85196595[0m [36mreq[0m=[35m97c0aa99[0m [36mrequest_id[0m=[35m97c0aa99-ec26-40b7-893d-590e75615e04[0m [36mstatus[0m=[35m200[0m
[2m14:41:11[0m [[32m[1minfo     [0m] [1mGetting challenge status: id=7aeb3813-ead8-4f32-a250-4ffa85196595[0m [36mreq[0m=[35mb19fccdf[0m
[2m14:41:11[0m [[32m[1minfo     [0m] [1mrequest_finished                        [0m [36mduration[0m=[35m0.021[0m [36mmethod[0m=[35mGET[0m [36mpath[0m=[35m/api/v1/challenges/7aeb3813-ead8-4f32-a250-4ffa85196595[0m [36mreq[0m=[35mb19fccdf[0m [36mrequest_id[0m=[35mb19fccdf-9bf7-4f15-8e59-00a6e993415f[0m [36mstatus[0m=[35m200[0m
[2m14:41:16[0m [[32m[1minfo     [0m] [1mGetting challenge status: id=7aeb3813-ead8-4f32-a250-4ffa85196595[0m [36mreq[0m=[35mad5dbc48[0m
[2m14:41:16[0m [[32m[1minfo     [0m] [1mrequest_finished                        [0m [36mduration[0m=[35m0.006[0m [36mmethod[0m=[35mGET[0m [36mpath[0m=[35m/api/v1/challenges/7aeb3813-ead8-4f32-a250-4ffa85196595[0m [36mreq[0m=[35mad5dbc48[0m [36mrequest_id[0m=[35mad5dbc48-e820-4560-8389-adfeb31c8275[0m [36mstatus[0m=[35m200[0m
[2m14:41:21[0m [[32m[1minfo     [0m] [1mGetting challenge status: id=7aeb3813-ead8-4f32-a250-4ffa85196595[0m [36mreq[0m=[35mb8f62e6f[0m
[2m14:41:21[0m [[32m[1minfo     [0m] [1mrequest_finished                        [0m [36mduration[0m=[35m0.008[0m [36mmethod[0m=[35mGET[0m [36mpath[0m=[35m/api/v1/challenges/7aeb3813-ead8-4f32-a250-4ffa85196595[0m [36mreq[0m=[35mb8f62e6f[0m [36mrequest_id[0m=[35mb8f62e6f-9084-4791-a3c8-4148ac23d86f[0m [36mstatus[0m=[35m200[0m
[2m14:41:26[0m [[32m[1minfo     [0m] [1mGetting challenge status: id=7aeb3813-ead8-4f32-a250-4ffa85196595[0m [36mreq[0m=[35m8b58e79b[0m
[2m14:41:26[0m [[32m[1minfo     [0m] [1mrequest_finished                        [0m [36mduration[0m=[35m0.006[0m [36mmethod[0m=[35mGET[0m [36mpath[0m=[35m/api/v1/challenges/7aeb3813-ead8-4f32-a250-4ffa85196595[0m [36mreq[0m=[35m8b58e79b[0m [36mrequest_id[0m=[35m8b58e79b-9d76-47b0-bc03-6b4934a2f1f8[0m [36mstatus[0m=[35m200[0m
[2m14:41:31[0m [[32m[1minfo     [0m] [1mGetting challenge status: id=7aeb3813-ead8-4f32-a250-4ffa85196595[0m [36mreq[0m=[35m39e9c445[0m
[2m14:41:31[0m [[32m[1minfo     [0m] [1mrequest_finished                        [0m [36mduration[0m=[35m0.007[0m [36mmethod[0m=[35mGET[0m [36mpath[0m=[35m/api/v1/challenges/7aeb3813-ead8-4f32-a250-4ffa85196595[0m [36mreq[0m=[35m39e9c445[0m [36mrequest_id[0m=[35m39e9c445-f950-4b75-8323-c73cb04a20de[0m [36mstatus[0m=[35m200[0m
[2m14:41:36[0m [[32m[1minfo     [0m] [1mGetting challenge status: id=7aeb3813-ead8-4f32-a250-4ffa85196595[0m [36mreq[0m=[35ma1e07a74[0m
[2m14:41:36[0m [[32m[1minfo     [0m] [1mrequest_finished                        [0m [36mduration[0m=[35m0.008[0m [36mmethod[0m=[35mGET[0m [36mpath[0m=[35m/api/v1/challenges/7aeb3813-ead8-4f32-a250-4ffa85196595[0m [36mreq[0m=[35ma1e07a74[0m [36mrequest_id[0m=[35ma1e07a74-2f43-47eb-b662-0690c72a81b8[0m [36mstatus[0m=[35m200[0m
[2m14:41:41[0m [[32m[1minfo     [0m] [1mGetting challenge status: id=7aeb3813-ead8-4f32-a250-4ffa85196595[0m [36mreq[0m=[35m5aebc145[0m
[2m14:41:41[0m [[32m[1minfo     [0m] [1mrequest_finished                        [0m [36mduration[0m=[35m0.015[0m [36mmethod[0m=[35mGET[0m [36mpath[0m=[35m/api/v1/challenges/7aeb3813-ead8-4f32-a250-4ffa85196595[0m [36mreq[0m=[35m5aebc145[0m [36mrequest_id[0m=[35m5aebc145-0f99-48fb-a8cd-f246bad19b74[0m [36mstatus[0m=[35m200[0m
[2m14:41:46[0m [[32m[1minfo     [0m] [1mGetting challenge status: id=7aeb3813-ead8-4f32-a250-4ffa85196595[0m [36mreq[0m=[35ma5096031[0m
[2m14:41:46[0m [[32m[1minfo     [0m] [1mrequest_finished                        [0m [36mduration[0m=[35m0.005[0m [36mmethod[0m=[35mGET[0m [36mpath[0m=[35m/api/v1/challenges/7aeb3813-ead8-4f32-a250-4ffa85196595[0m [36mreq[0m=[35ma5096031[0m [36mrequest_id[0m=[35ma5096031-0f98-4fea-97f4-575ed0cca661[0m [36mstatus[0m=[35m200[0m
[2m14:41:51[0m [[32m[1minfo     [0m] [1mGetting challenge status: id=7aeb3813-ead8-4f32-a250-4ffa85196595[0m [36mreq[0m=[35m269b6274[0m
[2m14:41:51[0m [[32m[1minfo     [0m] [1mrequest_finished                        [0m [36mduration[0m=[35m0.006[0m [36mmethod[0m=[35mGET[0m [36mpath[0m=[35m/api/v1/challenges/7aeb3813-ead8-4f32-a250-4ffa85196595[0m [36mreq[0m=[35m269b6274[0m [36mrequest_id[0m=[35m269b6274-ae87-4922-8361-60bbec56dd31[0m [36mstatus[0m=[35m200[0m
[2m14:41:56[0m [[32m[1minfo     [0m] [1mGetting challenge status: id=7aeb3813-ead8-4f32-a250-4ffa85196595[0m [36mreq[0m=[35mffee4f28[0m
[2m14:41:56[0m [[32m[1minfo     [0m] [1mrequest_finished                        [0m [36mduration[0m=[35m0.015[0m [36mmethod[0m=[35mGET[0m [36mpath[0m=[35m/api/v1/challenges/7aeb3813-ead8-4f32-a250-4ffa85196595[0m [36mreq[0m=[35mffee4f28[0m [36mrequest_id[0m=[35mffee4f28-674b-4ceb-93ab-0163cdef3bfe[0m [36mstatus[0m=[35m200[0m
[2m14:42:01[0m [[32m[1minfo     [0m] [1mGetting challenge status: id=7aeb3813-ead8-4f32-a250-4ffa85196595[0m [36mreq[0m=[35mcbe262a2[0m
[2m14:42:01[0m [[32m[1minfo     [0m] [1mrequest_finished                        [0m [36mduration[0m=[35m0.008[0m [36mmethod[0m=[35mGET[0m [36mpath[0m=[35m/api/v1/challenges/7aeb3813-ead8-4f32-a250-4ffa85196595[0m [36mreq[0m=[35mcbe262a2[0m [36mrequest_id[0m=[35mcbe262a2-084d-42a1-94fe-6bfde16f294e[0m [36mstatus[0m=[35m200[0m
[2m14:42:06[0m [[32m[1minfo     [0m] [1mGetting challenge status: id=7aeb3813-ead8-4f32-a250-4ffa85196595[0m [36mreq[0m=[35m91737249[0m
[2m14:42:06[0m [[32m[1minfo     [0m] [1mrequest_finished                        [0m [36mduration[0m=[35m0.019[0m [36mmethod[0m=[35mGET[0m [36mpath[0m=[35m/api/v1/challenges/7aeb3813-ead8-4f32-a250-4ffa85196595[0m [36mreq[0m=[35m91737249[0m [36mrequest_id[0m=[35m91737249-638a-4446-83ff-d13ec029e6df[0m [36mstatus[0m=[35m200[0m
[2m14:42:11[0m [[32m[1minfo     [0m] [1mGetting challenge status: id=7aeb3813-ead8-4f32-a250-4ffa85196595[0m [36mreq[0m=[35m547ebde8[0m
[2m14:42:11[0m [[32m[1minfo     [0m] [1mrequest_finished                        [0m [36mduration[0m=[35m0.022[0m [36mmethod[0m=[35mGET[0m [36mpath[0m=[35m/api/v1/challenges/7aeb3813-ead8-4f32-a250-4ffa85196595[0m [36mreq[0m=[35m547ebde8[0m [36mrequest_id[0m=[35m547ebde8-f36f-4eae-8d94-d35a9d923b00[0m [36mstatus[0m=[35m200[0m
[2m14:42:16[0m [[32m[1minfo     [0m] [1mGetting challenge status: id=7aeb3813-ead8-4f32-a250-4ffa85196595[0m [36mreq[0m=[35m8d6a2499[0m
[2m14:42:16[0m [[32m[1minfo     [0m] [1mrequest_finished                        [0m [36mduration[0m=[35m0.027[0m [36mmethod[0m=[35mGET[0m [36mpath[0m=[35m/api/v1/challenges/7aeb3813-ead8-4f32-a250-4ffa85196595[0m [36mreq[0m=[35m8d6a2499[0m [36mrequest_id[0m=[35m8d6a2499-5078-4757-b3df-aeda4247111b[0m [36mstatus[0m=[35m200[0m
[2m14:42:21[0m [[32m[1minfo     [0m] [1mGetting challenge status: id=7aeb3813-ead8-4f32-a250-4ffa85196595[0m [36mreq[0m=[35mdb9e1012[0m
[2m14:42:21[0m [[32m[1minfo     [0m] [1mrequest_finished                        [0m [36mduration[0m=[35m0.013[0m [36mmethod[0m=[35mGET[0m [36mpath[0m=[35m/api/v1/challenges/7aeb3813-ead8-4f32-a250-4ffa85196595[0m [36mreq[0m=[35mdb9e1012[0m [36mrequest_id[0m=[35mdb9e1012-49ef-4f95-8cfd-33d5cc149496[0m [36mstatus[0m=[35m200[0m
[2m14:42:26[0m [[32m[1minfo     [0m] [1mGetting challenge status: id=7aeb3813-ead8-4f32-a250-4ffa85196595[0m [36mreq[0m=[35m1265bfd3[0m
[2m14:42:26[0m [[32m[1minfo     [0m] [1mrequest_finished                        [0m [36mduration[0m=[35m0.01[0m [36mmethod[0m=[35mGET[0m [36mpath[0m=[35m/api/v1/challenges/7aeb3813-ead8-4f32-a250-4ffa85196595[0m [36mreq[0m=[35m1265bfd3[0m [36mrequest_id[0m=[35m1265bfd3-dd3c-4e28-b893-ee858ce5559b[0m [36mstatus[0m=[35m200[0m
[2m14:42:31[0m [[32m[1minfo     [0m] [1mGetting challenge status: id=7aeb3813-ead8-4f32-a250-4ffa85196595[0m [36mreq[0m=[35mf65184eb[0m
[2m14:42:31[0m [[32m[1minfo     [0m] [1mrequest_finished                        [0m [36mduration[0m=[35m0.007[0m [36mmethod[0m=[35mGET[0m [36mpath[0m=[35m/api/v1/challenges/7aeb3813-ead8-4f32-a250-4ffa85196595[0m [36mreq[0m=[35mf65184eb[0m [36mrequest_id[0m=[35mf65184eb-fd62-42c2-844c-4145e6134d9c[0m [36mstatus[0m=[35m200[0m
[2m14:42:36[0m [[32m[1minfo     [0m] [1mGetting challenge status: id=7aeb3813-ead8-4f32-a250-4ffa85196595[0m [36mreq[0m=[35m601c20a6[0m
[2m14:42:36[0m [[32m[1minfo     [0m] [1mrequest_finished                        [0m [36mduration[0m=[35m0.008[0m [36mmethod[0m=[35mGET[0m [36mpath[0m=[35m/api/v1/challenges/7aeb3813-ead8-4f32-a250-4ffa85196595[0m [36mreq[0m=[35m601c20a6[0m [36mrequest_id[0m=[35m601c20a6-f962-4bf3-b780-8c042c3b8f3f[0m [36mstatus[0m=[35m200[0m
[2m14:42:41[0m [[32m[1minfo     [0m] [1mGetting challenge status: id=7aeb3813-ead8-4f32-a250-4ffa85196595[0m [36mreq[0m=[35m97ee58eb[0m
[2m14:42:41[0m [[32m[1minfo     [0m] [1mrequest_finished                        [0m [36mduration[0m=[35m0.006[0m [36mmethod[0m=[35mGET[0m [36mpath[0m=[35m/api/v1/challenges/7aeb3813-ead8-4f32-a250-4ffa85196595[0m [36mreq[0m=[35m97ee58eb[0m [36mrequest_id[0m=[35m97ee58eb-880f-418c-8228-c92a684935f9[0m [36mstatus[0m=[35m200[0m
[2m14:42:46[0m [[32m[1minfo     [0m] [1mGetting challenge status: id=7aeb3813-ead8-4f32-a250-4ffa85196595[0m [36mreq[0m=[35m47c9c8b7[0m
[2m14:42:46[0m [[32m[1minfo     [0m] [1mrequest_finished                        [0m [36mduration[0m=[35m0.005[0m [36mmethod[0m=[35mGET[0m [36mpath[0m=[35m/api/v1/challenges/7aeb3813-ead8-4f32-a250-4ffa85196595[0m [36mreq[0m=[35m47c9c8b7[0m [36mrequest_id[0m=[35m47c9c8b7-34d5-4827-b7bb-266549e8f9d2[0m [36mstatus[0m=[35m200[0m
[2m14:42:51[0m [[32m[1minfo     [0m] [1mGetting challenge status: id=7aeb3813-ead8-4f32-a250-4ffa85196595[0m [36mreq[0m=[35mfa3dde2b[0m
[2m14:42:51[0m [[32m[1minfo     [0m] [1mrequest_finished                        [0m [36mduration[0m=[35m0.017[0m [36mmethod[0m=[35mGET[0m [36mpath[0m=[35m/api/v1/challenges/7aeb3813-ead8-4f32-a250-4ffa85196595[0m [36mreq[0m=[35mfa3dde2b[0m [36mrequest_id[0m=[35mfa3dde2b-7d70-45b2-a89a-2a9012d29355[0m [36mstatus[0m=[35m200[0m
[2m14:42:56[0m [[32m[1minfo     [0m] [1mGetting challenge status: id=7aeb3813-ead8-4f32-a250-4ffa85196595[0m [36mreq[0m=[35m0809e43a[0m
[2m14:42:56[0m [[32m[1minfo     [0m] [1mrequest_finished                        [0m [36mduration[0m=[35m0.005[0m [36mmethod[0m=[35mGET[0m [36mpath[0m=[35m/api/v1/challenges/7aeb3813-ead8-4f32-a250-4ffa85196595[0m [36mreq[0m=[35m0809e43a[0m [36mrequest_id[0m=[35m0809e43a-9ddf-40e7-8f5a-c84231d9a754[0m [36mstatus[0m=[35m200[0m
[2m14:43:01[0m [[32m[1minfo     [0m] [1mGetting challenge status: id=7aeb3813-ead8-4f32-a250-4ffa85196595[0m [36mreq[0m=[35mfae60853[0m
[2m14:43:01[0m [[32m[1minfo     [0m] [1mrequest_finished                        [0m [36mduration[0m=[35m0.008[0m [36mmethod[0m=[35mGET[0m [36mpath[0m=[35m/api/v1/challenges/7aeb3813-ead8-4f32-a250-4ffa85196595[0m [36mreq[0m=[35mfae60853[0m [36mrequest_id[0m=[35mfae60853-1ee0-4670-bcf6-eeed22145e0d[0m [36mstatus[0m=[35m200[0m
[2m14:43:06[0m [[32m[1minfo     [0m] [1mGetting challenge status: id=7aeb3813-ead8-4f32-a250-4ffa85196595[0m [36mreq[0m=[35m701caf20[0m
[2m14:43:06[0m [[32m[1minfo     [0m] [1mrequest_finished                        [0m [36mduration[0m=[35m0.004[0m [36mmethod[0m=[35mGET[0m [36mpath[0m=[35m/api/v1/challenges/7aeb3813-ead8-4f32-a250-4ffa85196595[0m [36mreq[0m=[35m701caf20[0m [36mrequest_id[0m=[35m701caf20-8d39-487d-b45b-dba5815173fb[0m [36mstatus[0m=[35m200[0m
[2m14:43:11[0m [[32m[1minfo     [0m] [1mGetting challenge status: id=7aeb3813-ead8-4f32-a250-4ffa85196595[0m [36mreq[0m=[35mc77da7f2[0m
[2m14:43:11[0m [[32m[1minfo     [0m] [1mrequest_finished                        [0m [36mduration[0m=[35m0.005[0m [36mmethod[0m=[35mGET[0m [36mpath[0m=[35m/api/v1/challenges/7aeb3813-ead8-4f32-a250-4ffa85196595[0m [36mreq[0m=[35mc77da7f2[0m [36mrequest_id[0m=[35mc77da7f2-b27e-48d8-8adc-81015bdc872a[0m [36mstatus[0m=[35m200[0m
[2m14:43:16[0m [[32m[1minfo     [0m] [1mGetting challenge status: id=7aeb3813-ead8-4f32-a250-4ffa85196595[0m [36mreq[0m=[35mff72ced1[0m
[2m14:43:16[0m [[32m[1minfo     [0m] [1mrequest_finished                        [0m [36mduration[0m=[35m0.004[0m [36mmethod[0m=[35mGET[0m [36mpath[0m=[35m/api/v1/challenges/7aeb3813-ead8-4f32-a250-4ffa85196595[0m [36mreq[0m=[35mff72ced1[0m [36mrequest_id[0m=[35mff72ced1-245d-471e-bb7e-e06235562536[0m [36mstatus[0m=[35m200[0m
[2m14:43:21[0m [[32m[1minfo     [0m] [1mGetting challenge status: id=7aeb3813-ead8-4f32-a250-4ffa85196595[0m [36mreq[0m=[35m0ca8c3e1[0m
[2m14:43:22[0m [[32m[1minfo     [0m] [1mrequest_finished                        [0m [36mduration[0m=[35m0.011[0m [36mmethod[0m=[35mGET[0m [36mpath[0m=[35m/api/v1/challenges/7aeb3813-ead8-4f32-a250-4ffa85196595[0m [36mreq[0m=[35m0ca8c3e1[0m [36mrequest_id[0m=[35m0ca8c3e1-8aaa-4bd1-aeb0-baacd277b72a[0m [36mstatus[0m=[35m200[0m
[2m14:43:27[0m [[32m[1minfo     [0m] [1mGetting challenge status: id=7aeb3813-ead8-4f32-a250-4ffa85196595[0m [36mreq[0m=[35m874e36a8[0m
[2m14:43:27[0m [[32m[1minfo     [0m] [1mrequest_finished                        [0m [36mduration[0m=[35m0.007[0m [36mmethod[0m=[35mGET[0m [36mpath[0m=[35m/api/v1/challenges/7aeb3813-ead8-4f32-a250-4ffa85196595[0m [36mreq[0m=[35m874e36a8[0m [36mrequest_id[0m=[35m874e36a8-83e0-480f-9315-d325b17a8781[0m [36mstatus[0m=[35m200[0m
[2m14:43:32[0m [[32m[1minfo     [0m] [1mGetting challenge status: id=7aeb3813-ead8-4f32-a250-4ffa85196595[0m [36mreq[0m=[35m10dbb55e[0m
[2m14:43:32[0m [[32m[1minfo     [0m] [1mrequest_finished                        [0m [36mduration[0m=[35m0.006[0m [36mmethod[0m=[35mGET[0m [36mpath[0m=[35m/api/v1/challenges/7aeb3813-ead8-4f32-a250-4ffa85196595[0m [36mreq[0m=[35m10dbb55e[0m [36mrequest_id[0m=[35m10dbb55e-a563-4f41-8d1b-23623ccb204f[0m [36mstatus[0m=[35m200[0m
[2m14:43:37[0m [[32m[1minfo     [0m] [1mGetting challenge status: id=7aeb3813-ead8-4f32-a250-4ffa85196595[0m [36mreq[0m=[35m3406e185[0m
[2m14:43:37[0m [[32m[1minfo     [0m] [1mrequest_finished                        [0m [36mduration[0m=[35m0.004[0m [36mmethod[0m=[35mGET[0m [36mpath[0m=[35m/api/v1/challenges/7aeb3813-ead8-4f32-a250-4ffa85196595[0m [36mreq[0m=[35m3406e185[0m [36mrequest_id[0m=[35m3406e185-55e9-4892-9294-172ffc6e615f[0m [36mstatus[0m=[35m200[0m
[2m14:43:42[0m [[32m[1minfo     [0m] [1mGetting challenge status: id=7aeb3813-ead8-4f32-a250-4ffa85196595[0m [36mreq[0m=[35m9d7cdd75[0m
[2m14:43:42[0m [[32m[1minfo     [0m] [1mrequest_finished                        [0m [36mduration[0m=[35m0.007[0m [36mmethod[0m=[35mGET[0m [36mpath[0m=[35m/api/v1/challenges/7aeb3813-ead8-4f32-a250-4ffa85196595[0m [36mreq[0m=[35m9d7cdd75[0m [36mrequest_id[0m=[35m9d7cdd75-5655-4db5-80f2-4006469119bd[0m [36mstatus[0m=[35m200[0m
[2m14:43:47[0m [[32m[1minfo     [0m] [1mGetting challenge status: id=7aeb3813-ead8-4f32-a250-4ffa85196595[0m [36mreq[0m=[35m6106ba91[0m
[2m14:43:47[0m [[32m[1minfo     [0m] [1mrequest_finished                        [0m [36mduration[0m=[35m0.007[0m [36mmethod[0m=[35mGET[0m [36mpath[0m=[35m/api/v1/challenges/7aeb3813-ead8-4f32-a250-4ffa85196595[0m [36mreq[0m=[35m6106ba91[0m [36mrequest_id[0m=[35m6106ba91-bafe-4bd3-8d9d-0e670102f12c[0m [36mstatus[0m=[35m200[0m
[2m14:43:52[0m [[32m[1minfo     [0m] [1mGetting challenge status: id=7aeb3813-ead8-4f32-a250-4ffa85196595[0m [36mreq[0m=[35mbcac2271[0m
[2m14:43:52[0m [[32m[1minfo     [0m] [1mrequest_finished                        [0m [36mduration[0m=[35m0.012[0m [36mmethod[0m=[35mGET[0m [36mpath[0m=[35m/api/v1/challenges/7aeb3813-ead8-4f32-a250-4ffa85196595[0m [36mreq[0m=[35mbcac2271[0m [36mrequest_id[0m=[35mbcac2271-7e74-4a68-a43d-3a07d3124092[0m [36mstatus[0m=[35m200[0m
[2m14:43:57[0m [[32m[1minfo     [0m] [1mGetting challenge status: id=7aeb3813-ead8-4f32-a250-4ffa85196595[0m [36mreq[0m=[35mf811d9d5[0m
[2m14:43:57[0m [[32m[1minfo     [0m] [1mrequest_finished                        [0m [36mduration[0m=[35m0.008[0m [36mmethod[0m=[35mGET[0m [36mpath[0m=[35m/api/v1/challenges/7aeb3813-ead8-4f32-a250-4ffa85196595[0m [36mreq[0m=[35mf811d9d5[0m [36mrequest_id[0m=[35mf811d9d5-733f-492a-8e30-c3220df2f01a[0m [36mstatus[0m=[35m200[0m
[2m14:44:02[0m [[32m[1minfo     [0m] [1mGetting challenge status: id=7aeb3813-ead8-4f32-a250-4ffa85196595[0m [36mreq[0m=[35m9faa878d[0m
[2m14:44:02[0m [[32m[1minfo     [0m] [1mrequest_finished                        [0m [36mduration[0m=[35m0.028[0m [36mmethod[0m=[35mGET[0m [36mpath[0m=[35m/api/v1/challenges/7aeb3813-ead8-4f32-a250-4ffa85196595[0m [36mreq[0m=[35m9faa878d[0m [36mrequest_id[0m=[35m9faa878d-0da5-4741-9fcb-f919c7ab7b82[0m [36mstatus[0m=[35m200[0m
[2m14:44:07[0m [[32m[1minfo     [0m] [1mGetting challenge status: id=7aeb3813-ead8-4f32-a250-4ffa85196595[0m [36mreq[0m=[35m0117d75b[0m
[2m14:44:07[0m [[32m[1minfo     [0m] [1mrequest_finished                        [0m [36mduration[0m=[35m0.007[0m [36mmethod[0m=[35mGET[0m [36mpath[0m=[35m/api/v1/challenges/7aeb3813-ead8-4f32-a250-4ffa85196595[0m [36mreq[0m=[35m0117d75b[0m [36mrequest_id[0m=[35m0117d75b-5c25-420d-987a-566dd1a415a6[0m [36mstatus[0m=[35m200[0m
[2m14:44:12[0m [[32m[1minfo     [0m] [1mGetting challenge status: id=7aeb3813-ead8-4f32-a250-4ffa85196595[0m [36mreq[0m=[35ma809e2af[0m
[2m14:44:12[0m [[32m[1minfo     [0m] [1mrequest_finished                        [0m [36mduration[0m=[35m0.014[0m [36mmethod[0m=[35mGET[0m [36mpath[0m=[35m/api/v1/challenges/7aeb3813-ead8-4f32-a250-4ffa85196595[0m [36mreq[0m=[35ma809e2af[0m [36mrequest_id[0m=[35ma809e2af-bd02-48a9-a41e-d22950f2fe1a[0m [36mstatus[0m=[35m200[0m
[2m14:44:17[0m [[32m[1minfo     [0m] [1mGetting challenge status: id=7aeb3813-ead8-4f32-a250-4ffa85196595[0m [36mreq[0m=[35m5fdcdb4f[0m
[2m14:44:17[0m [[32m[1minfo     [0m] [1mrequest_finished                        [0m [36mduration[0m=[35m0.008[0m [36mmethod[0m=[35mGET[0m [36mpath[0m=[35m/api/v1/challenges/7aeb3813-ead8-4f32-a250-4ffa85196595[0m [36mreq[0m=[35m5fdcdb4f[0m [36mrequest_id[0m=[35m5fdcdb4f-32b4-4226-b929-8bd40701ecee[0m [36mstatus[0m=[35m200[0m
[2m14:44:22[0m [[32m[1minfo     [0m] [1mGetting challenge status: id=7aeb3813-ead8-4f32-a250-4ffa85196595[0m [36mreq[0m=[35m6e23286b[0m
[2m14:44:22[0m [[32m[1minfo     [0m] [1mrequest_finished                        [0m [36mduration[0m=[35m0.008[0m [36mmethod[0m=[35mGET[0m [36mpath[0m=[35m/api/v1/challenges/7aeb3813-ead8-4f32-a250-4ffa85196595[0m [36mreq[0m=[35m6e23286b[0m [36mrequest_id[0m=[35m6e23286b-54dc-49ab-aae2-a09b9e617bf3[0m [36mstatus[0m=[35m200[0m
[2m14:44:27[0m [[32m[1minfo     [0m] [1mGetting challenge status: id=7aeb3813-ead8-4f32-a250-4ffa85196595[0m [36mreq[0m=[35md8306116[0m
[2m14:44:27[0m [[32m[1minfo     [0m] [1mrequest_finished                        [0m [36mduration[0m=[35m0.009[0m [36mmethod[0m=[35mGET[0m [36mpath[0m=[35m/api/v1/challenges/7aeb3813-ead8-4f32-a250-4ffa85196595[0m [36mreq[0m=[35md8306116[0m [36mrequest_id[0m=[35md8306116-0cb6-4e1f-b355-c4bec86f80e2[0m [36mstatus[0m=[35m200[0m
[2m14:44:32[0m [[32m[1minfo     [0m] [1mGetting challenge status: id=7aeb3813-ead8-4f32-a250-4ffa85196595[0m [36mreq[0m=[35mb7316a2a[0m
[2m14:44:32[0m [[32m[1minfo     [0m] [1mrequest_finished                        [0m [36mduration[0m=[35m0.007[0m [36mmethod[0m=[35mGET[0m [36mpath[0m=[35m/api/v1/challenges/7aeb3813-ead8-4f32-a250-4ffa85196595[0m [36mreq[0m=[35mb7316a2a[0m [36mrequest_id[0m=[35mb7316a2a-55c8-4c3d-b53e-fb9604dfeb45[0m [36mstatus[0m=[35m200[0m
[2m14:44:37[0m [[32m[1minfo     [0m] [1mGetting challenge status: id=7aeb3813-ead8-4f32-a250-4ffa85196595[0m [36mreq[0m=[35ma4d657e5[0m
[2m14:44:37[0m [[32m[1minfo     [0m] [1mrequest_finished                        [0m [36mduration[0m=[35m0.008[0m [36mmethod[0m=[35mGET[0m [36mpath[0m=[35m/api/v1/challenges/7aeb3813-ead8-4f32-a250-4ffa85196595[0m [36mreq[0m=[35ma4d657e5[0m [36mrequest_id[0m=[35ma4d657e5-ebae-4339-b4d4-3761ef20600f[0m [36mstatus[0m=[35m200[0m
[2m14:44:42[0m [[32m[1minfo     [0m] [1mGetting challenge status: id=7aeb3813-ead8-4f32-a250-4ffa85196595[0m [36mreq[0m=[35m3045f675[0m
[2m14:44:42[0m [[32m[1minfo     [0m] [1mrequest_finished                        [0m [36mduration[0m=[35m0.025[0m [36mmethod[0m=[35mGET[0m [36mpath[0m=[35m/api/v1/challenges/7aeb3813-ead8-4f32-a250-4ffa85196595[0m [36mreq[0m=[35m3045f675[0m [36mrequest_id[0m=[35m3045f675-4d34-41dd-8ed1-5f9f333bdaf5[0m [36mstatus[0m=[35m200[0m
[2m14:44:44[0m [[32m[1minfo     [0m] [1mSandbox execution complete: success=True, time=358651ms, cached=False[0m [36mreq[0m=[35m7324ecb9[0m
[2m14:44:47[0m [[32m[1minfo     [0m] [1mGetting challenge status: id=7aeb3813-ead8-4f32-a250-4ffa85196595[0m [36mreq[0m=[35m0e8b5481[0m
[2m14:44:47[0m [[32m[1minfo     [0m] [1mrequest_finished                        [0m [36mduration[0m=[35m0.017[0m [36mmethod[0m=[35mGET[0m [36mpath[0m=[35m/api/v1/challenges/7aeb3813-ead8-4f32-a250-4ffa85196595[0m [36mreq[0m=[35m0e8b5481[0m [36mrequest_id[0m=[35m0e8b5481-e6d6-4433-9fc9-2ed77f62190b[0m [36mstatus[0m=[35m200[0m
[2m14:44:50[0m [[32m[1minfo     [0m] [1mTranskription erfolgreich: 1990 Zeichen [0m [36mreq[0m=[35m7324ecb9[0m
[2m14:44:50[0m [[32m[1minfo     [0m] [1mLoading topology from database...       [0m [36mreq[0m=[35m7324ecb9[0m
[2m14:44:50[0m [[32m[1minfo     [0m] [1mMapped 13 skill entries to 13 capabilities[0m [36mreq[0m=[35m7324ecb9[0m
[2m14:44:50[0m [[32m[1minfo     [0m] [1mTopology validated: 11 agents in 5 waves[0m [36mreq[0m=[35m7324ecb9[0m
[2m14:44:50[0m [[32m[1minfo     [0m] [1mLoaded 13 skills for topology           [0m [36mreq[0m=[35m7324ecb9[0m
[2m14:44:50[0m [[32m[1minfo     [0m] [1mTopology loaded: 11 agents, 5 waves     [0m [36mreq[0m=[35m7324ecb9[0m
[2m14:44:50[0m [[32m[1minfo     [0m] [1mShared memory initialized with Qdrant   [0m [36mreq[0m=[35m7324ecb9[0m
[2m14:44:50[0m [[32m[1minfo     [0m] [1mHybridOrchestrator initialized          [0m [36mreq[0m=[35m7324ecb9[0m
[2m14:44:50[0m [[32m[1minfo     [0m] [1mStarting execution: 236ad696-ebbc-48f8-be75-2c060e276a3d[0m [36mreq[0m=[35m7324ecb9[0m
[2m14:44:50[0m [[32m[1minfo     [0m] [1mLoading topology from database...       [0m [36mreq[0m=[35m7324ecb9[0m
[2m14:44:50[0m [[32m[1minfo     [0m] [1mMapped 13 skill entries to 13 capabilities[0m [36mreq[0m=[35m7324ecb9[0m
[2m14:44:50[0m [[32m[1minfo     [0m] [1mTopology validated: 11 agents in 5 waves[0m [36mreq[0m=[35m7324ecb9[0m
[2m14:44:50[0m [[32m[1minfo     [0m] [1mLoaded 13 skills for topology           [0m [36mreq[0m=[35m7324ecb9[0m
[2m14:44:50[0m [[32m[1minfo     [0m] [1mTopology loaded: 11 agents, 5 waves     [0m [36mreq[0m=[35m7324ecb9[0m
[2m14:44:50[0m [[32m[1minfo     [0m] [1mDocker client connected successfully    [0m [36mreq[0m=[35m7324ecb9[0m
[2m14:44:50[0m [[32m[1minfo     [0m] [1mCreated DynamicSandbox executor (Docker-based, unrestricted)[0m [36mreq[0m=[35m7324ecb9[0m
[2m14:44:50[0m [[33m[1mwarning  [0m] [1mCould not create intervention orchestrator for self-healing: create_intervention_orchestrator() got an unexpected keyword argument 'db'[0m [36mreq[0m=[35m7324ecb9[0m
[2m14:44:50[0m [[32m[1minfo     [0m] [1mExecuting wave 1/5: ['05bebe15-b46f-4b91-96e3-a50f6cf9e68d', '90c17f3b-7f91-4174-b3ac-b59a51feb378', '65ad3c5c-f66c-49a0-a7cd-4b9ebc6142b9', '073d766c-ed4f-4519-8e36-8c9631e97c67'][0m [36mreq[0m=[35m7324ecb9[0m
[2m14:44:50[0m [[32m[1minfo     [0m] [1mExecuting agent: transcript_analyzer (05bebe15-b46f-4b91-96e3-a50f6cf9e68d)[0m [36mreq[0m=[35m7324ecb9[0m
[2m14:44:50[0m [[32m[1minfo     [0m] [1mExecuting agent: product_owner (90c17f3b-7f91-4174-b3ac-b59a51feb378)[0m [36mreq[0m=[35m7324ecb9[0m
[2m14:44:50[0m [[33m[1mwarning  [0m] [1mAgent product_owner expected artifacts ['analysis_findings'] but none found in pool[0m [36mreq[0m=[35m7324ecb9[0m
[2m14:44:50[0m [[32m[1minfo     [0m] [1mExecuting agent: quality_judge (65ad3c5c-f66c-49a0-a7cd-4b9ebc6142b9)[0m [36mreq[0m=[35m7324ecb9[0m
[2m14:44:50[0m [[33m[1mwarning  [0m] [1mAgent quality_judge expected artifacts ['ab_test_samples'] but none found in pool[0m [36mreq[0m=[35m7324ecb9[0m
[2m14:44:50[0m [[32m[1minfo     [0m] [1mExecuting agent: execution_analyzer (073d766c-ed4f-4519-8e36-8c9631e97c67)[0m [36mreq[0m=[35m7324ecb9[0m
[2m14:44:50[0m [[33m[1mwarning  [0m] [1mAgent execution_analyzer expected artifacts ['execution_telemetry'] but none found in pool[0m [36mreq[0m=[35m7324ecb9[0m
[2m14:44:51[0m [[32m[1minfo     [0m] [1mshared_memory_metrics agent=transcript_analyzer facts_kept=5 facts_total=8 hypotheses=0 relations=0 approx_tokens=2389 query_chars=3075[0m [36mreq[0m=[35m7324ecb9[0m
[2m14:44:51[0m [[32m[1minfo     [0m] [1mAgent quality_judge returned final answer after 0 tool calls[0m [36mreq[0m=[35m7324ecb9[0m
[2m14:44:51[0m [[32m[1minfo     [0m] [1mAgent execution_analyzer returned final answer after 0 tool calls[0m [36mreq[0m=[35m7324ecb9[0m
[2m14:44:52[0m [[32m[1minfo     [0m] [1mAgent execution_analyzer completed      [0m [36mreq[0m=[35m7324ecb9[0m
[2m14:44:52[0m [[32m[1minfo     [0m] [1mAgent quality_judge completed           [0m [36mreq[0m=[35m7324ecb9[0m
[2m14:44:52[0m [[32m[1minfo     [0m] [1mAgent product_owner returned final answer after 0 tool calls[0m [36mreq[0m=[35m7324ecb9[0m
[2m14:44:52[0m [[32m[1minfo     [0m] [1mAgent product_owner completed           [0m [36mreq[0m=[35m7324ecb9[0m
[2m14:44:52[0m [[32m[1minfo     [0m] [1mGetting challenge status: id=7aeb3813-ead8-4f32-a250-4ffa85196595[0m [36mreq[0m=[35m1e6c33f7[0m
[2m14:44:52[0m [[32m[1minfo     [0m] [1mrequest_finished                        [0m [36mduration[0m=[35m0.004[0m [36mmethod[0m=[35mGET[0m [36mpath[0m=[35m/api/v1/challenges/7aeb3813-ead8-4f32-a250-4ffa85196595[0m [36mreq[0m=[35m1e6c33f7[0m [36mrequest_id[0m=[35m1e6c33f7-2b82-46af-a525-c0d37108696b[0m [36mstatus[0m=[35m200[0m
[2m14:44:56[0m [[32m[1minfo     [0m] [1mAgent transcript_analyzer returned final answer after 0 tool calls[0m [36mreq[0m=[35m7324ecb9[0m
[2m14:44:57[0m [[32m[1minfo     [0m] [1mAgent transcript_analyzer completed     [0m [36mreq[0m=[35m7324ecb9[0m
[2m14:44:57[0m [[32m[1minfo     [0m] [1mWave 1 agent 'transcript_analyzer' completed: success=True, skipped=False, result_len=1841[0m [36mreq[0m=[35m7324ecb9[0m
[2m14:44:57[0m [[32m[1minfo     [0m] [1mWave 1 agent 'product_owner' completed: success=True, skipped=False, result_len=663[0m [36mreq[0m=[35m7324ecb9[0m
[2m14:44:57[0m [[32m[1minfo     [0m] [1mWave 1 agent 'quality_judge' completed: success=True, skipped=False, result_len=196[0m [36mreq[0m=[35m7324ecb9[0m
[2m14:44:57[0m [[32m[1minfo     [0m] [1mWave 1 agent 'execution_analyzer' completed: success=True, skipped=False, result_len=228[0m [36mreq[0m=[35m7324ecb9[0m
[2m14:44:57[0m [[32m[1minfo     [0m] [1mExecuting wave 2/5: ['49898ec1-10da-4a11-8457-1358d844c805', '07f8b963-9d7c-4232-ba20-52aa8d850e1d'][0m [36mreq[0m=[35m7324ecb9[0m
[2m14:44:57[0m [[32m[1minfo     [0m] [1mExecuting agent: context_retriever (49898ec1-10da-4a11-8457-1358d844c805)[0m [36mreq[0m=[35m7324ecb9[0m
[2m14:44:57[0m [[32m[1minfo     [0m] [1mExecuting agent: control_agent (07f8b963-9d7c-4232-ba20-52aa8d850e1d)[0m [36mreq[0m=[35m7324ecb9[0m
[2m14:44:57[0m [[32m[1minfo     [0m] [1mGetting challenge status: id=7aeb3813-ead8-4f32-a250-4ffa85196595[0m [36mreq[0m=[35md795bd09[0m
[2m14:44:57[0m [[32m[1minfo     [0m] [1mrequest_finished                        [0m [36mduration[0m=[35m0.005[0m [36mmethod[0m=[35mGET[0m [36mpath[0m=[35m/api/v1/challenges/7aeb3813-ead8-4f32-a250-4ffa85196595[0m [36mreq[0m=[35md795bd09[0m [36mrequest_id[0m=[35md795bd09-afb1-4ef1-878d-5b00adead757[0m [36mstatus[0m=[35m200[0m
[2m14:44:58[0m [[32m[1minfo     [0m] [1mAgent control_agent returned final answer after 0 tool calls[0m [36mreq[0m=[35m7324ecb9[0m
[2m14:44:58[0m [[32m[1minfo     [0m] [1mAgent control_agent completed           [0m [36mreq[0m=[35m7324ecb9[0m
[2m14:44:59[0m [[32m[1minfo     [0m] [1mAgent context_retriever returned final answer after 0 tool calls[0m [36mreq[0m=[35m7324ecb9[0m
[2m14:44:59[0m [[32m[1minfo     [0m] [1mAgent context_retriever completed       [0m [36mreq[0m=[35m7324ecb9[0m
[2m14:44:59[0m [[32m[1minfo     [0m] [1mWave 2 agent 'context_retriever' completed: success=True, skipped=False, result_len=899[0m [36mreq[0m=[35m7324ecb9[0m
[2m14:44:59[0m [[32m[1minfo     [0m] [1mWave 2 agent 'control_agent' completed: success=True, skipped=False, result_len=157[0m [36mreq[0m=[35m7324ecb9[0m
[2m14:44:59[0m [[32m[1minfo     [0m] [1mExecuting wave 3/5: ['f54aabd1-ca21-4768-b12e-ccf5ca95d0da', 'a676e764-25ce-41cf-95d1-b838c8e6804d', 'd01ede79-d82b-465b-ae42-d1a7a2ec4188'][0m [36mreq[0m=[35m7324ecb9[0m
[2m14:44:59[0m [[32m[1minfo     [0m] [1mExecuting agent: report_generator (f54aabd1-ca21-4768-b12e-ccf5ca95d0da)[0m [36mreq[0m=[35m7324ecb9[0m
[2m14:44:59[0m [[32m[1minfo     [0m] [1mExecuting agent: prompt_engineer (a676e764-25ce-41cf-95d1-b838c8e6804d)[0m [36mreq[0m=[35m7324ecb9[0m
[2m14:44:59[0m [[32m[1minfo     [0m] [1mExecuting agent: tool_builder (d01ede79-d82b-465b-ae42-d1a7a2ec4188)[0m [36mreq[0m=[35m7324ecb9[0m
[2m14:45:02[0m [[32m[1minfo     [0m] [1mGetting challenge status: id=7aeb3813-ead8-4f32-a250-4ffa85196595[0m [36mreq[0m=[35mf7302117[0m
[2m14:45:02[0m [[32m[1minfo     [0m] [1mrequest_finished                        [0m [36mduration[0m=[35m0.012[0m [36mmethod[0m=[35mGET[0m [36mpath[0m=[35m/api/v1/challenges/7aeb3813-ead8-4f32-a250-4ffa85196595[0m [36mreq[0m=[35mf7302117[0m [36mrequest_id[0m=[35mf7302117-03c6-4e80-aa97-0d6dca951fe5[0m [36mstatus[0m=[35m200[0m
[2m14:45:02[0m [[32m[1minfo     [0m] [1mAgent prompt_engineer returned final answer after 0 tool calls[0m [36mreq[0m=[35m7324ecb9[0m
[2m14:45:02[0m [[32m[1minfo     [0m] [1mAgent prompt_engineer completed         [0m [36mreq[0m=[35m7324ecb9[0m
[2m14:45:03[0m [[32m[1minfo     [0m] [1mAgent report_generator returned final answer after 0 tool calls[0m [36mreq[0m=[35m7324ecb9[0m
[2m14:45:03[0m [[32m[1minfo     [0m] [1mAgent report_generator completed        [0m [36mreq[0m=[35m7324ecb9[0m
[2m14:45:04[0m [[32m[1minfo     [0m] [1mAgent tool_builder returned final answer after 0 tool calls[0m [36mreq[0m=[35m7324ecb9[0m
[2m14:45:04[0m [[32m[1minfo     [0m] [1mAgent tool_builder completed            [0m [36mreq[0m=[35m7324ecb9[0m
[2m14:45:04[0m [[32m[1minfo     [0m] [1mWave 3 agent 'report_generator' completed: success=True, skipped=False, result_len=1984[0m [36mreq[0m=[35m7324ecb9[0m
[2m14:45:04[0m [[32m[1minfo     [0m] [1mWave 3 agent 'prompt_engineer' completed: success=True, skipped=False, result_len=1661[0m [36mreq[0m=[35m7324ecb9[0m
[2m14:45:04[0m [[32m[1minfo     [0m] [1mWave 3 agent 'tool_builder' completed: success=True, skipped=False, result_len=3467[0m [36mreq[0m=[35m7324ecb9[0m
[2m14:45:04[0m [[32m[1minfo     [0m] [1mExecuting wave 4/5: ['85860279-90e3-4984-b25d-af840d3dca9b'][0m [36mreq[0m=[35m7324ecb9[0m
[2m14:45:04[0m [[32m[1minfo     [0m] [1mExecuting agent: quality_validator (85860279-90e3-4984-b25d-af840d3dca9b)[0m [36mreq[0m=[35m7324ecb9[0m
[2m14:45:06[0m [[32m[1minfo     [0m] [1mAgent quality_validator returned final answer after 0 tool calls[0m [36mreq[0m=[35m7324ecb9[0m
[2m14:45:06[0m [[32m[1minfo     [0m] [1mAgent quality_validator completed       [0m [36mreq[0m=[35m7324ecb9[0m
[2m14:45:06[0m [[32m[1minfo     [0m] [1mWave 4 agent 'quality_validator' completed: success=True, skipped=False, result_len=214[0m [36mreq[0m=[35m7324ecb9[0m
[2m14:45:06[0m [[32m[1minfo     [0m] [1mExecuting wave 5/5: ['bbd241f8-1df0-49f4-950a-dc61efa2c950'][0m [36mreq[0m=[35m7324ecb9[0m
[2m14:45:06[0m [[32m[1minfo     [0m] [1mExecuting agent: report_finalizer (bbd241f8-1df0-49f4-950a-dc61efa2c950)[0m [36mreq[0m=[35m7324ecb9[0m
[2m14:45:07[0m [[32m[1minfo     [0m] [1mGetting challenge status: id=7aeb3813-ead8-4f32-a250-4ffa85196595[0m [36mreq[0m=[35ma69d0b59[0m
[2m14:45:07[0m [[32m[1minfo     [0m] [1mrequest_finished                        [0m [36mduration[0m=[35m0.008[0m [36mmethod[0m=[35mGET[0m [36mpath[0m=[35m/api/v1/challenges/7aeb3813-ead8-4f32-a250-4ffa85196595[0m [36mreq[0m=[35ma69d0b59[0m [36mrequest_id[0m=[35ma69d0b59-57b8-4bc0-9bf9-a8a23ecde91b[0m [36mstatus[0m=[35m200[0m
[2m14:45:08[0m [[32m[1minfo     [0m] [1mAgent report_finalizer returned final answer after 0 tool calls[0m [36mreq[0m=[35m7324ecb9[0m
[2m14:45:09[0m [[32m[1minfo     [0m] [1mAgent report_finalizer completed        [0m [36mreq[0m=[35m7324ecb9[0m
[2m14:45:09[0m [[32m[1minfo     [0m] [1mWave 5 agent 'report_finalizer' completed: success=True, skipped=False, result_len=1792[0m [36mreq[0m=[35m7324ecb9[0m
[2m14:45:09[0m [[32m[1minfo     [0m] [1mArtifact pool cleared: 11 artifacts discarded[0m [36mreq[0m=[35m7324ecb9[0m
[2m14:45:09[0m [[32m[1minfo     [0m] [1mPersisted 1 facts to shared memory for execution 236ad696-ebbc-48f8-be75-2c060e276a3d[0m [36mreq[0m=[35m7324ecb9[0m
[2m14:45:09[0m [[32m[1minfo     [0m] [1mStarting telemetry for agent=05bebe15..., execution=236ad696...[0m [36mreq[0m=[35m7324ecb9[0m
[2m14:45:09[0m [[33m[1mwarning  [0m] [1mTelemetrie-Bridge fehlgeschlagen: 1 validation error for ExecutionTelemetryCreate
outcome
  Input should be 'success', 'error', 'timeout' or 'cancelled' [type=literal_error, input_value='running', input_type=str]
    For further information visit https://errors.pydantic.dev/2.11/v/literal_error[0m [36mreq[0m=[35m7324ecb9[0m
[2m14:45:09[0m [[32m[1minfo     [0m] [1mConfigured epicbox profile: image=lumari-sandbox:latest, limits={'cputime': 5, 'realtime': 10, 'memory': 128, 'processes': 1}[0m [36mreq[0m=[35m7324ecb9[0m
[2m14:45:09[0m [[32m[1minfo     [0m] [1mStarting analysis pipeline for execution_id=236ad696...[0m [36mreq[0m=[35m7324ecb9[0m
[2m14:45:09[0m [[32m[1minfo     [0m] [1mExecution completed: challenge_id=7aeb3813-ead8-4f32-a250-4ffa85196595, success=True[0m [36mreq[0m=[35m7324ecb9[0m
[2m14:45:09[0m [[33m[1mwarning  [0m] [1mNo telemetry found for execution 236ad696-ebbc-48f8-be75-2c060e276a3d[0m [36mreq[0m=[35m7324ecb9[0m
[2m14:45:12[0m [[32m[1minfo     [0m] [1mGetting challenge status: id=7aeb3813-ead8-4f32-a250-4ffa85196595[0m [36mreq[0m=[35m537005cf[0m
[2m14:45:12[0m [[32m[1minfo     [0m] [1mrequest_finished                        [0m [36mduration[0m=[35m0.011[0m [36mmethod[0m=[35mGET[0m [36mpath[0m=[35m/api/v1/challenges/7aeb3813-ead8-4f32-a250-4ffa85196595[0m [36mreq[0m=[35m537005cf[0m [36mrequest_id[0m=[35m537005cf-c53e-4a95-b4be-3ba0394ffadf[0m [36mstatus[0m=[35m200[0m
[2m14:45:12[0m [[32m[1minfo     [0m] [1mGetting challenge results: id=7aeb3813-ead8-4f32-a250-4ffa85196595[0m [36mreq[0m=[35m04e3f023[0m
[2m14:45:12[0m [[32m[1minfo     [0m] [1mrequest_finished                        [0m [36mduration[0m=[35m0.008[0m [36mmethod[0m=[35mGET[0m [36mpath[0m=[35m/api/v1/challenges/7aeb3813-ead8-4f32-a250-4ffa85196595/results[0m [36mreq[0m=[35m04e3f023[0m [36mrequest_id[0m=[35m04e3f023-ac96-4c49-b6c6-ffb913474e1d[0m [36mstatus[0m=[35m200[0m
